LOCATION,ACCIDENT_LOCATION,IMPACT_LOCATION,ENVIRONMENT_CONDITION,LIGHT,COLLISION_TYPE,DAY_OF_WEEK,MONTH,IS_WEEKEND,STREET,LANES,CATEGORY,SUBCATEGORY,PAVEMENT_WIDTH,ROW_WIDTH,SHOULDER,FLOW_DIRECTION,SURFACE_LAYER_TYPE,OFFICIAL_ROAD_CLASSIFICATION,SPEED_LIMIT_KM,TRUCK_ACCESS,BUS_ROUTE,SERVICE_YEAR,Shape__Length
KING ST E,01-Non intersection,02-Thru lane,01-Clear,01-Daylight,MIDBLOCK,Wednesday,March,0,KING ST E,5,ROAD,MAJOR,14.0,28.0,PAVED,TwoWay,PAVED,1,50,24HR,Y,0.0,32.8214509435158
KING ST E,01-Non intersection,02-Thru lane,01-Clear,01-Daylight,MIDBLOCK,Wednesday,March,0,KING ST E,1,BULB,LOCAL,31.0,158.0,PAVED,FromTo,PAVED,6,50,NO ACCESS,N,1924.0,74.2268689204023
KING ST E,01-Non intersection,02-Thru lane,01-Clear,01-Daylight,MIDBLOCK,Wednesday,March,0,KING ST E,2,ROAD,LOCAL,10.0,86.0,PAVED,TwoWay,PAVED,6,50,NO ACCESS,N,1924.0,94.98906206244892
KING ST E,01-Non intersection,02-Thru lane,01-Clear,01-Daylight,MIDBLOCK,Wednesday,March,0,KING ST E,4,ROAD,MAJOR,7.0,371.0,PAVED,TwoWay,PAVED,0,50,24HR,Y,0.0,161.13149665432698
KING ST E,04-At/near private drive,11-Not on roadway - right side,01-Clear,01-Daylight,MIDBLOCK,Friday,July,0,KING ST E,2,ROAD,LOCAL,10.0,119.0,PAVED,TwoWay,PAVED,6,50,NO ACCESS,N,1924.0,142.18675440335699
KING ST E,04-At/near private drive,11-Not on roadway - right side,01-Clear,01-Daylight,MIDBLOCK,Friday,July,0,KING ST E,4,ROAD,MAJOR,18.0,71.0,PAVED,TwoWay,PAVED,0,50,24HR,Y,0.0,190.276546351516
KING ST E,04-At/near private drive,11-Not on roadway - right side,01-Clear,01-Daylight,MIDBLOCK,Friday,July,0,KING ST E,4,ROAD,MAJOR,18.0,288.0,PAVED,TwoWay,PAVED,1,50,24HR,Y,0.0,16.9146690877499
KING ST E,04-At/near private drive,11-Not on roadway - right side,01-Clear,01-Daylight,MIDBLOCK,Friday,July,0,KING ST E,3,ROAD,MAJOR,13.0,18.0,PAVED,TwoWay,PAVED,2,50,24HR,Y,2006.0,126.25143999202601
KING ST E,04-At/near private drive,11-Not on roadway - right side,01-Clear,01-Daylight,MIDBLOCK,Friday,July,0,KING ST E,5,ROAD,MAJOR,14.0,28.0,PAVED,TwoWay,PAVED,1,50,24HR,Y,0.0,32.8214509435158
KING ST E,04-At/near private drive,11-Not on roadway - right side,01-Clear,01-Daylight,MIDBLOCK,Friday,July,0,KING ST E,1,BULB,LOCAL,31.0,158.0,PAVED,FromTo,PAVED,6,50,NO ACCESS,N,1924.0,74.2268689204023
KING ST E,04-At/near private drive,11-Not on roadway - right side,01-Clear,01-Daylight,MIDBLOCK,Friday,July,0,KING ST E,2,ROAD,LOCAL,10.0,86.0,PAVED,TwoWay,PAVED,6,50,NO ACCESS,N,1924.0,94.98906206244892
KING ST E,04-At/near private drive,11-Not on roadway - right side,01-Clear,01-Daylight,MIDBLOCK,Friday,July,0,KING ST E,4,ROAD,MAJOR,7.0,371.0,PAVED,TwoWay,PAVED,0,50,24HR,Y,0.0,161.13149665432698
KING ST E,04-At/near private drive,02-Thru lane,01-Clear,01-Daylight,MIDBLOCK,Thursday,June,0,KING ST E,2,ROAD,LOCAL,10.0,119.0,PAVED,TwoWay,PAVED,6,50,NO ACCESS,N,1924.0,142.18675440335699
KING ST E,04-At/near private drive,02-Thru lane,01-Clear,01-Daylight,MIDBLOCK,Thursday,June,0,KING ST E,4,ROAD,MAJOR,18.0,71.0,PAVED,TwoWay,PAVED,0,50,24HR,Y,0.0,190.276546351516
KING ST E,04-At/near private drive,02-Thru lane,01-Clear,01-Daylight,MIDBLOCK,Thursday,June,0,KING ST E,4,ROAD,MAJOR,18.0,288.0,PAVED,TwoWay,PAVED,1,50,24HR,Y,0.0,16.9146690877499
KING ST E,04-At/near private drive,02-Thru lane,01-Clear,01-Daylight,MIDBLOCK,Thursday,June,0,KING ST E,3,ROAD,MAJOR,13.0,18.0,PAVED,TwoWay,PAVED,2,50,24HR,Y,2006.0,126.25143999202601
KING ST E,04-At/near private drive,02-Thru lane,01-Clear,01-Daylight,MIDBLOCK,Thursday,June,0,KING ST E,5,ROAD,MAJOR,14.0,28.0,PAVED,TwoWay,PAVED,1,50,24HR,Y,0.0,32.8214509435158
KING ST E,04-At/near private drive,02-Thru lane,01-Clear,01-Daylight,MIDBLOCK,Thursday,June,0,KING ST E,1,BULB,LOCAL,31.0,158.0,PAVED,FromTo,PAVED,6,50,NO ACCESS,N,1924.0,74.2268689204023
KING ST E,04-At/near private drive,02-Thru lane,01-Clear,01-Daylight,MIDBLOCK,Thursday,June,0,KING ST E,2,ROAD,LOCAL,10.0,86.0,PAVED,TwoWay,PAVED,6,50,NO ACCESS,N,1924.0,94.98906206244892
KING ST E,04-At/near private drive,02-Thru lane,01-Clear,01-Daylight,MIDBLOCK,Thursday,June,0,KING ST E,4,ROAD,MAJOR,7.0,371.0,PAVED,TwoWay,PAVED,0,50,24HR,Y,0.0,161.13149665432698
KING ST E,01-Non intersection,09-Right shoulder,03-Snow,01-Daylight,MIDBLOCK,Monday,February,0,KING ST E,2,ROAD,LOCAL,10.0,119.0,PAVED,TwoWay,PAVED,6,50,NO ACCESS,N,1924.0,142.18675440335699
KING ST E,01-Non intersection,09-Right shoulder,03-Snow,01-Daylight,MIDBLOCK,Monday,February,0,KING ST E,4,ROAD,MAJOR,18.0,71.0,PAVED,TwoWay,PAVED,0,50,24HR,Y,0.0,190.276546351516
KING ST E,01-Non intersection,09-Right shoulder,03-Snow,01-Daylight,MIDBLOCK,Monday,February,0,KING ST E,4,ROAD,MAJOR,18.0,288.0,PAVED,TwoWay,PAVED,1,50,24HR,Y,0.0,16.9146690877499
KING ST E,01-Non intersection,09-Right shoulder,03-Snow,01-Daylight,MIDBLOCK,Monday,February,0,KING ST E,3,ROAD,MAJOR,13.0,18.0,PAVED,TwoWay,PAVED,2,50,24HR,Y,2006.0,126.25143999202601
KING ST E,01-Non intersection,09-Right shoulder,03-Snow,01-Daylight,MIDBLOCK,Monday,February,0,KING ST E,5,ROAD,MAJOR,14.0,28.0,PAVED,TwoWay,PAVED,1,50,24HR,Y,0.0,32.8214509435158
KING ST E,01-Non intersection,09-Right shoulder,03-Snow,01-Daylight,MIDBLOCK,Monday,February,0,KING ST E,1,BULB,LOCAL,31.0,158.0,PAVED,FromTo,PAVED,6,50,NO ACCESS,N,1924.0,74.2268689204023
KING ST E,01-Non intersection,09-Right shoulder,03-Snow,01-Daylight,MIDBLOCK,Monday,February,0,KING ST E,2,ROAD,LOCAL,10.0,86.0,PAVED,TwoWay,PAVED,6,50,NO ACCESS,N,1924.0,94.98906206244892
KING ST E,01-Non intersection,09-Right shoulder,03-Snow,01-Daylight,MIDBLOCK,Monday,February,0,KING ST E,4,ROAD,MAJOR,7.0,371.0,PAVED,TwoWay,PAVED,0,50,24HR,Y,0.0,161.13149665432698
KING ST E,01-Non intersection,09-Right shoulder,01-Clear,01-Daylight,MIDBLOCK,Friday,January,0,KING ST E,2,ROAD,LOCAL,10.0,119.0,PAVED,TwoWay,PAVED,6,50,NO ACCESS,N,1924.0,142.18675440335699
KING ST E,01-Non intersection,09-Right shoulder,01-Clear,01-Daylight,MIDBLOCK,Friday,January,0,KING ST E,4,ROAD,MAJOR,18.0,71.0,PAVED,TwoWay,PAVED,0,50,24HR,Y,0.0,190.276546351516
KING ST E,01-Non intersection,09-Right shoulder,01-Clear,01-Daylight,MIDBLOCK,Friday,January,0,KING ST E,4,ROAD,MAJOR,18.0,288.0,PAVED,TwoWay,PAVED,1,50,24HR,Y,0.0,16.9146690877499
KING ST E,01-Non intersection,09-Right shoulder,01-Clear,01-Daylight,MIDBLOCK,Friday,January,0,KING ST E,3,ROAD,MAJOR,13.0,18.0,PAVED,TwoWay,PAVED,2,50,24HR,Y,2006.0,126.25143999202601
KING ST E,01-Non intersection,09-Right shoulder,01-Clear,01-Daylight,MIDBLOCK,Friday,January,0,KING ST E,5,ROAD,MAJOR,14.0,28.0,PAVED,TwoWay,PAVED,1,50,24HR,Y,0.0,32.8214509435158
KING ST E,01-Non intersection,09-Right shoulder,01-Clear,01-Daylight,MIDBLOCK,Friday,January,0,KING ST E,1,BULB,LOCAL,31.0,158.0,PAVED,FromTo,PAVED,6,50,NO ACCESS,N,1924.0,74.2268689204023
KING ST E,01-Non intersection,09-Right shoulder,01-Clear,01-Daylight,MIDBLOCK,Friday,January,0,KING ST E,2,ROAD,LOCAL,10.0,86.0,PAVED,TwoWay,PAVED,6,50,NO ACCESS,N,1924.0,94.98906206244892
KING ST E,01-Non intersection,09-Right shoulder,01-Clear,01-Daylight,MIDBLOCK,Friday,January,0,KING ST E,4,ROAD,MAJOR,7.0,371.0,PAVED,TwoWay,PAVED,0,50,24HR,Y,0.0,161.13149665432698
KING ST E,01-Non intersection,02-Thru lane,01-Clear,01-Daylight,MIDBLOCK,Friday,September,0,KING ST E,2,ROAD,LOCAL,10.0,119.0,PAVED,TwoWay,PAVED,6,50,NO ACCESS,N,1924.0,142.18675440335699
KING ST E,01-Non intersection,02-Thru lane,01-Clear,01-Daylight,MIDBLOCK,Friday,September,0,KING ST E,4,ROAD,MAJOR,18.0,71.0,PAVED,TwoWay,PAVED,0,50,24HR,Y,0.0,190.276546351516
KING ST E,01-Non intersection,02-Thru lane,01-Clear,01-Daylight,MIDBLOCK,Friday,September,0,KING ST E,4,ROAD,MAJOR,18.0,288.0,PAVED,TwoWay,PAVED,1,50,24HR,Y,0.0,16.9146690877499
KING ST E,01-Non intersection,02-Thru lane,01-Clear,01-Daylight,MIDBLOCK,Friday,September,0,KING ST E,3,ROAD,MAJOR,13.0,18.0,PAVED,TwoWay,PAVED,2,50,24HR,Y,2006.0,126.25143999202601
KING ST E,01-Non intersection,02-Thru lane,01-Clear,01-Daylight,MIDBLOCK,Friday,September,0,KING ST E,5,ROAD,MAJOR,14.0,28.0,PAVED,TwoWay,PAVED,1,50,24HR,Y,0.0,32.8214509435158
KING ST E,01-Non intersection,02-Thru lane,01-Clear,01-Daylight,MIDBLOCK,Friday,September,0,KING ST E,1,BULB,LOCAL,31.0,158.0,PAVED,FromTo,PAVED,6,50,NO ACCESS,N,1924.0,74.2268689204023
KING ST E,01-Non intersection,02-Thru lane,01-Clear,01-Daylight,MIDBLOCK,Friday,September,0,KING ST E,2,ROAD,LOCAL,10.0,86.0,PAVED,TwoWay,PAVED,6,50,NO ACCESS,N,1924.0,94.98906206244892
KING ST E,01-Non intersection,02-Thru lane,01-Clear,01-Daylight,MIDBLOCK,Friday,September,0,KING ST E,4,ROAD,MAJOR,7.0,371.0,PAVED,TwoWay,PAVED,0,50,24HR,Y,0.0,161.13149665432698
KING ST E,04-At/near private drive,02-Thru lane,01-Clear,01-Daylight,MIDBLOCK,Thursday,November,0,KING ST E,2,ROAD,LOCAL,10.0,119.0,PAVED,TwoWay,PAVED,6,50,NO ACCESS,N,1924.0,142.18675440335699
KING ST E,04-At/near private drive,02-Thru lane,01-Clear,01-Daylight,MIDBLOCK,Thursday,November,0,KING ST E,4,ROAD,MAJOR,18.0,71.0,PAVED,TwoWay,PAVED,0,50,24HR,Y,0.0,190.276546351516
KING ST E,04-At/near private drive,02-Thru lane,01-Clear,01-Daylight,MIDBLOCK,Thursday,November,0,KING ST E,4,ROAD,MAJOR,18.0,288.0,PAVED,TwoWay,PAVED,1,50,24HR,Y,0.0,16.9146690877499
KING ST E,04-At/near private drive,02-Thru lane,01-Clear,01-Daylight,MIDBLOCK,Thursday,November,0,KING ST E,3,ROAD,MAJOR,13.0,18.0,PAVED,TwoWay,PAVED,2,50,24HR,Y,2006.0,126.25143999202601
KING ST E,04-At/near private drive,02-Thru lane,01-Clear,01-Daylight,MIDBLOCK,Thursday,November,0,KING ST E,5,ROAD,MAJOR,14.0,28.0,PAVED,TwoWay,PAVED,1,50,24HR,Y,0.0,32.8214509435158
KING ST E,04-At/near private drive,02-Thru lane,01-Clear,01-Daylight,MIDBLOCK,Thursday,November,0,KING ST E,1,BULB,LOCAL,31.0,158.0,PAVED,FromTo,PAVED,6,50,NO ACCESS,N,1924.0,74.2268689204023
KING ST E,04-At/near private drive,02-Thru lane,01-Clear,01-Daylight,MIDBLOCK,Thursday,November,0,KING ST E,2,ROAD,LOCAL,10.0,86.0,PAVED,TwoWay,PAVED,6,50,NO ACCESS,N,1924.0,94.98906206244892
KING ST E,04-At/near private drive,02-Thru lane,01-Clear,01-Daylight,MIDBLOCK,Thursday,November,0,KING ST E,4,ROAD,MAJOR,7.0,371.0,PAVED,TwoWay,PAVED,0,50,24HR,Y,0.0,161.13149665432698
KING ST E,01-Non intersection,02-Thru lane,03-Snow,07-Dark,MIDBLOCK,Thursday,December,0,KING ST E,2,ROAD,LOCAL,10.0,119.0,PAVED,TwoWay,PAVED,6,50,NO ACCESS,N,1924.0,142.18675440335699
KING ST E,01-Non intersection,02-Thru lane,03-Snow,07-Dark,MIDBLOCK,Thursday,December,0,KING ST E,4,ROAD,MAJOR,18.0,71.0,PAVED,TwoWay,PAVED,0,50,24HR,Y,0.0,190.276546351516
KING ST E,01-Non intersection,02-Thru lane,03-Snow,07-Dark,MIDBLOCK,Thursday,December,0,KING ST E,4,ROAD,MAJOR,18.0,288.0,PAVED,TwoWay,PAVED,1,50,24HR,Y,0.0,16.9146690877499
KING ST E,01-Non intersection,02-Thru lane,03-Snow,07-Dark,MIDBLOCK,Thursday,December,0,KING ST E,3,ROAD,MAJOR,13.0,18.0,PAVED,TwoWay,PAVED,2,50,24HR,Y,2006.0,126.25143999202601
KING ST E,01-Non intersection,02-Thru lane,03-Snow,07-Dark,MIDBLOCK,Thursday,December,0,KING ST E,5,ROAD,MAJOR,14.0,28.0,PAVED,TwoWay,PAVED,1,50,24HR,Y,0.0,32.8214509435158
KING ST E,01-Non intersection,02-Thru lane,03-Snow,07-Dark,MIDBLOCK,Thursday,December,0,KING ST E,1,BULB,LOCAL,31.0,158.0,PAVED,FromTo,PAVED,6,50,NO ACCESS,N,1924.0,74.2268689204023
KING ST E,01-Non intersection,02-Thru lane,03-Snow,07-Dark,MIDBLOCK,Thursday,December,0,KING ST E,2,ROAD,LOCAL,10.0,86.0,PAVED,TwoWay,PAVED,6,50,NO ACCESS,N,1924.0,94.98906206244892
KING ST E,01-Non intersection,02-Thru lane,03-Snow,07-Dark,MIDBLOCK,Thursday,December,0,KING ST E,4,ROAD,MAJOR,7.0,371.0,PAVED,TwoWay,PAVED,0,50,24HR,Y,0.0,161.13149665432698
KING ST E,04-At/near private drive,02-Thru lane,01-Clear,01-Daylight,MIDBLOCK,Saturday,February,1,KING ST E,2,ROAD,LOCAL,10.0,119.0,PAVED,TwoWay,PAVED,6,50,NO ACCESS,N,1924.0,142.18675440335699
KING ST E,04-At/near private drive,02-Thru lane,01-Clear,01-Daylight,MIDBLOCK,Saturday,February,1,KING ST E,4,ROAD,MAJOR,18.0,71.0,PAVED,TwoWay,PAVED,0,50,24HR,Y,0.0,190.276546351516
KING ST E,04-At/near private drive,02-Thru lane,01-Clear,01-Daylight,MIDBLOCK,Saturday,February,1,KING ST E,4,ROAD,MAJOR,18.0,288.0,PAVED,TwoWay,PAVED,1,50,24HR,Y,0.0,16.9146690877499
KING ST E,04-At/near private drive,02-Thru lane,01-Clear,01-Daylight,MIDBLOCK,Saturday,February,1,KING ST E,3,ROAD,MAJOR,13.0,18.0,PAVED,TwoWay,PAVED,2,50,24HR,Y,2006.0,126.25143999202601
KING ST E,04-At/near private drive,02-Thru lane,01-Clear,01-Daylight,MIDBLOCK,Saturday,February,1,KING ST E,5,ROAD,MAJOR,14.0,28.0,PAVED,TwoWay,PAVED,1,50,24HR,Y,0.0,32.8214509435158
KING ST E,04-At/near private drive,02-Thru lane,01-Clear,01-Daylight,MIDBLOCK,Saturday,February,1,KING ST E,1,BULB,LOCAL,31.0,158.0,PAVED,FromTo,PAVED,6,50,NO ACCESS,N,1924.0,74.2268689204023
KING ST E,04-At/near private drive,02-Thru lane,01-Clear,01-Daylight,MIDBLOCK,Saturday,February,1,KING ST E,2,ROAD,LOCAL,10.0,86.0,PAVED,TwoWay,PAVED,6,50,NO ACCESS,N,1924.0,94.98906206244892
KING ST E,04-At/near private drive,02-Thru lane,01-Clear,01-Daylight,MIDBLOCK,Saturday,February,1,KING ST E,4,ROAD,MAJOR,7.0,371.0,PAVED,TwoWay,PAVED,0,50,24HR,Y,0.0,161.13149665432698
KING ST E,01-Non intersection,02-Thru lane,02-Rain,01-Daylight,MIDBLOCK,Thursday,April,0,KING ST E,2,ROAD,LOCAL,10.0,119.0,PAVED,TwoWay,PAVED,6,50,NO ACCESS,N,1924.0,142.18675440335699
KING ST E,01-Non intersection,02-Thru lane,02-Rain,01-Daylight,MIDBLOCK,Thursday,April,0,KING ST E,4,ROAD,MAJOR,18.0,71.0,PAVED,TwoWay,PAVED,0,50,24HR,Y,0.0,190.276546351516
KING ST E,01-Non intersection,02-Thru lane,02-Rain,01-Daylight,MIDBLOCK,Thursday,April,0,KING ST E,4,ROAD,MAJOR,18.0,288.0,PAVED,TwoWay,PAVED,1,50,24HR,Y,0.0,16.9146690877499
KING ST E,01-Non intersection,02-Thru lane,02-Rain,01-Daylight,MIDBLOCK,Thursday,April,0,KING ST E,3,ROAD,MAJOR,13.0,18.0,PAVED,TwoWay,PAVED,2,50,24HR,Y,2006.0,126.25143999202601
KING ST E,01-Non intersection,02-Thru lane,02-Rain,01-Daylight,MIDBLOCK,Thursday,April,0,KING ST E,5,ROAD,MAJOR,14.0,28.0,PAVED,TwoWay,PAVED,1,50,24HR,Y,0.0,32.8214509435158
KING ST E,01-Non intersection,02-Thru lane,02-Rain,01-Daylight,MIDBLOCK,Thursday,April,0,KING ST E,1,BULB,LOCAL,31.0,158.0,PAVED,FromTo,PAVED,6,50,NO ACCESS,N,1924.0,74.2268689204023
KING ST E,01-Non intersection,02-Thru lane,02-Rain,01-Daylight,MIDBLOCK,Thursday,April,0,KING ST E,2,ROAD,LOCAL,10.0,86.0,PAVED,TwoWay,PAVED,6,50,NO ACCESS,N,1924.0,94.98906206244892
KING ST E,01-Non intersection,02-Thru lane,02-Rain,01-Daylight,MIDBLOCK,Thursday,April,0,KING ST E,4,ROAD,MAJOR,7.0,371.0,PAVED,TwoWay,PAVED,0,50,24HR,Y,0.0,161.13149665432698
KING ST E,01-Non intersection,09-Right shoulder,01-Clear,07-Dark,MIDBLOCK,Friday,December,0,KING ST E,2,ROAD,LOCAL,10.0,119.0,PAVED,TwoWay,PAVED,6,50,NO ACCESS,N,1924.0,142.18675440335699
KING ST E,01-Non intersection,09-Right shoulder,01-Clear,07-Dark,MIDBLOCK,Friday,December,0,KING ST E,4,ROAD,MAJOR,18.0,71.0,PAVED,TwoWay,PAVED,0,50,24HR,Y,0.0,190.276546351516
KING ST E,01-Non intersection,09-Right shoulder,01-Clear,07-Dark,MIDBLOCK,Friday,December,0,KING ST E,4,ROAD,MAJOR,18.0,288.0,PAVED,TwoWay,PAVED,1,50,24HR,Y,0.0,16.9146690877499
KING ST E,01-Non intersection,09-Right shoulder,01-Clear,07-Dark,MIDBLOCK,Friday,December,0,KING ST E,3,ROAD,MAJOR,13.0,18.0,PAVED,TwoWay,PAVED,2,50,24HR,Y,2006.0,126.25143999202601
KING ST E,01-Non intersection,09-Right shoulder,01-Clear,07-Dark,MIDBLOCK,Friday,December,0,KING ST E,5,ROAD,MAJOR,14.0,28.0,PAVED,TwoWay,PAVED,1,50,24HR,Y,0.0,32.8214509435158
KING ST E,01-Non intersection,09-Right shoulder,01-Clear,07-Dark,MIDBLOCK,Friday,December,0,KING ST E,1,BULB,LOCAL,31.0,158.0,PAVED,FromTo,PAVED,6,50,NO ACCESS,N,1924.0,74.2268689204023
KING ST E,01-Non intersection,09-Right shoulder,01-Clear,07-Dark,MIDBLOCK,Friday,December,0,KING ST E,2,ROAD,LOCAL,10.0,86.0,PAVED,TwoWay,PAVED,6,50,NO ACCESS,N,1924.0,94.98906206244892
KING ST E,01-Non intersection,09-Right shoulder,01-Clear,07-Dark,MIDBLOCK,Friday,December,0,KING ST E,4,ROAD,MAJOR,7.0,371.0,PAVED,TwoWay,PAVED,0,50,24HR,Y,0.0,161.13149665432698
KING ST E,04-At/near private drive,02-Thru lane,01-Clear,01-Daylight,MIDBLOCK,Friday,March,0,KING ST E,2,ROAD,LOCAL,10.0,119.0,PAVED,TwoWay,PAVED,6,50,NO ACCESS,N,1924.0,142.18675440335699
KING ST E,04-At/near private drive,02-Thru lane,01-Clear,01-Daylight,MIDBLOCK,Friday,March,0,KING ST E,4,ROAD,MAJOR,18.0,71.0,PAVED,TwoWay,PAVED,0,50,24HR,Y,0.0,190.276546351516
KING ST E,04-At/near private drive,02-Thru lane,01-Clear,01-Daylight,MIDBLOCK,Friday,March,0,KING ST E,4,ROAD,MAJOR,18.0,288.0,PAVED,TwoWay,PAVED,1,50,24HR,Y,0.0,16.9146690877499
KING ST E,04-At/near private drive,02-Thru lane,01-Clear,01-Daylight,MIDBLOCK,Friday,March,0,KING ST E,3,ROAD,MAJOR,13.0,18.0,PAVED,TwoWay,PAVED,2,50,24HR,Y,2006.0,126.25143999202601
KING ST E,04-At/near private drive,02-Thru lane,01-Clear,01-Daylight,MIDBLOCK,Friday,March,0,KING ST E,5,ROAD,MAJOR,14.0,28.0,PAVED,TwoWay,PAVED,1,50,24HR,Y,0.0,32.8214509435158
KING ST E,04-At/near private drive,02-Thru lane,01-Clear,01-Daylight,MIDBLOCK,Friday,March,0,KING ST E,1,BULB,LOCAL,31.0,158.0,PAVED,FromTo,PAVED,6,50,NO ACCESS,N,1924.0,74.2268689204023
KING ST E,04-At/near private drive,02-Thru lane,01-Clear,01-Daylight,MIDBLOCK,Friday,March,0,KING ST E,2,ROAD,LOCAL,10.0,86.0,PAVED,TwoWay,PAVED,6,50,NO ACCESS,N,1924.0,94.98906206244892
KING ST E,04-At/near private drive,02-Thru lane,01-Clear,01-Daylight,MIDBLOCK,Friday,March,0,KING ST E,4,ROAD,MAJOR,7.0,371.0,PAVED,TwoWay,PAVED,0,50,24HR,Y,0.0,161.13149665432698
LAWRENCE AVE,04-At/near private drive,02-Thru lane,03-Snow,01-Daylight,MIDBLOCK,Tuesday,January,0,LAWRENCE AVE,2,ROAD,LOCAL,9.0,16.0,PAVED,TwoWay,PAVED,6,50,NO ACCESS,N,2005.0,197.329634687433
LAWRENCE AVE,04-At/near private drive,02-Thru lane,03-Snow,01-Daylight,MIDBLOCK,Tuesday,January,0,LAWRENCE AVE,2,ROAD,LOCAL,9.5,25.0,PAVED,TwoWay,PAVED,6,50,NO ACCESS,N,1915.0,65.0406221879735
LAWRENCE AVE,04-At/near private drive,02-Thru lane,03-Snow,01-Daylight,MIDBLOCK,Tuesday,January,0,LAWRENCE AVE,2,ROAD,LOCAL,9.0,24.0,PAVED,TwoWay,PAVED,6,50,NO ACCESS,N,1915.0,100.99160546806
LAWRENCE AVE,04-At/near private drive,02-Thru lane,03-Snow,01-Daylight,MIDBLOCK,Tuesday,January,0,LAWRENCE AVE,2,ROAD,LOCAL,9.0,25.0,PAVED,TwoWay,PAVED,6,50,NO ACCESS,N,1915.0,100.166573734338
LAWRENCE AVE,04-At/near private drive,02-Thru lane,03-Snow,07-Dark,MIDBLOCK,Thursday,February,0,LAWRENCE AVE,2,ROAD,LOCAL,9.0,16.0,PAVED,TwoWay,PAVED,6,50,NO ACCESS,N,2005.0,197.329634687433
LAWRENCE AVE,04-At/near private drive,02-Thru lane,03-Snow,07-Dark,MIDBLOCK,Thursday,February,0,LAWRENCE AVE,2,ROAD,LOCAL,9.5,25.0,PAVED,TwoWay,PAVED,6,50,NO ACCESS,N,1915.0,65.0406221879735
LAWRENCE AVE,04-At/near private drive,02-Thru lane,03-Snow,07-Dark,MIDBLOCK,Thursday,February,0,LAWRENCE AVE,2,ROAD,LOCAL,9.0,24.0,PAVED,TwoWay,PAVED,6,50,NO ACCESS,N,1915.0,100.99160546806
LAWRENCE AVE,04-At/near private drive,02-Thru lane,03-Snow,07-Dark,MIDBLOCK,Thursday,February,0,LAWRENCE AVE,2,ROAD,LOCAL,9.0,25.0,PAVED,TwoWay,PAVED,6,50,NO ACCESS,N,1915.0,100.166573734338
LAWRENCE AVE,04-At/near private drive,03-Left turn lane,01-Clear,01-Daylight,MIDBLOCK,Saturday,August,1,LAWRENCE AVE,2,ROAD,LOCAL,9.0,16.0,PAVED,TwoWay,PAVED,6,50,NO ACCESS,N,2005.0,197.329634687433
LAWRENCE AVE,04-At/near private drive,03-Left turn lane,01-Clear,01-Daylight,MIDBLOCK,Saturday,August,1,LAWRENCE AVE,2,ROAD,LOCAL,9.5,25.0,PAVED,TwoWay,PAVED,6,50,NO ACCESS,N,1915.0,65.0406221879735
LAWRENCE AVE,04-At/near private drive,03-Left turn lane,01-Clear,01-Daylight,MIDBLOCK,Saturday,August,1,LAWRENCE AVE,2,ROAD,LOCAL,9.0,24.0,PAVED,TwoWay,PAVED,6,50,NO ACCESS,N,1915.0,100.99160546806
LAWRENCE AVE,04-At/near private drive,03-Left turn lane,01-Clear,01-Daylight,MIDBLOCK,Saturday,August,1,LAWRENCE AVE,2,ROAD,LOCAL,9.0,25.0,PAVED,TwoWay,PAVED,6,50,NO ACCESS,N,1915.0,100.166573734338
LAWRENCE AVE,04-At/near private drive,02-Thru lane,01-Clear,01-Daylight,MIDBLOCK,Friday,August,0,LAWRENCE AVE,2,ROAD,LOCAL,9.0,16.0,PAVED,TwoWay,PAVED,6,50,NO ACCESS,N,2005.0,197.329634687433
LAWRENCE AVE,04-At/near private drive,02-Thru lane,01-Clear,01-Daylight,MIDBLOCK,Friday,August,0,LAWRENCE AVE,2,ROAD,LOCAL,9.5,25.0,PAVED,TwoWay,PAVED,6,50,NO ACCESS,N,1915.0,65.0406221879735
LAWRENCE AVE,04-At/near private drive,02-Thru lane,01-Clear,01-Daylight,MIDBLOCK,Friday,August,0,LAWRENCE AVE,2,ROAD,LOCAL,9.0,24.0,PAVED,TwoWay,PAVED,6,50,NO ACCESS,N,1915.0,100.99160546806
LAWRENCE AVE,04-At/near private drive,02-Thru lane,01-Clear,01-Daylight,MIDBLOCK,Friday,August,0,LAWRENCE AVE,2,ROAD,LOCAL,9.0,25.0,PAVED,TwoWay,PAVED,6,50,NO ACCESS,N,1915.0,100.166573734338
LAWRENCE AVE,04-At/near private drive,02-Thru lane,01-Clear,01-Daylight,MIDBLOCK,Saturday,July,1,LAWRENCE AVE,2,ROAD,LOCAL,9.0,16.0,PAVED,TwoWay,PAVED,6,50,NO ACCESS,N,2005.0,197.329634687433
LAWRENCE AVE,04-At/near private drive,02-Thru lane,01-Clear,01-Daylight,MIDBLOCK,Saturday,July,1,LAWRENCE AVE,2,ROAD,LOCAL,9.5,25.0,PAVED,TwoWay,PAVED,6,50,NO ACCESS,N,1915.0,65.0406221879735