LOCATION,ACCIDENT_LOCATION,IMPACT_LOCATION,ENVIRONMENT_CONDITION,LIGHT,COLLISION_TYPE,DAY_OF_WEEK,MONTH,IS_WEEKEND,STREET,LANES,CATEGORY,SUBCATEGORY,PAVEMENT_WIDTH,ROW_WIDTH,SHOULDER,FLOW_DIRECTION,SURFACE_LAYER_TYPE,OFFICIAL_ROAD_CLASSIFICATION,SPEED_LIMIT_KM,TRUCK_ACCESS,BUS_ROUTE,SERVICE_YEAR,Shape__Length
LAWRENCE AVE,04-At/near private drive,02-Thru lane,01-Clear,01-Daylight,MIDBLOCK,Saturday,July,1,LAWRENCE AVE,2,ROAD,LOCAL,9.0,24.0,PAVED,TwoWay,PAVED,6,50,NO ACCESS,N,1915.0,100.99160546806
LAWRENCE AVE,04-At/near private drive,02-Thru lane,01-Clear,01-Daylight,MIDBLOCK,Saturday,July,1,LAWRENCE AVE,2,ROAD,LOCAL,9.0,25.0,PAVED,TwoWay,PAVED,6,50,NO ACCESS,N,1915.0,100.166573734338
LAWRENCE AVE,04-At/near private drive,02-Thru lane,01-Clear,01-Daylight,MIDBLOCK,Tuesday,December,0,LAWRENCE AVE,2,ROAD,LOCAL,9.0,16.0,PAVED,TwoWay,PAVED,6,50,NO ACCESS,N,2005.0,197.329634687433
LAWRENCE AVE,04-At/near private drive,02-Thru lane,01-Clear,01-Daylight,MIDBLOCK,Tuesday,December,0,LAWRENCE AVE,2,ROAD,LOCAL,9.5,25.0,PAVED,TwoWay,PAVED,6,50,NO ACCESS,N,1915.0,65.0406221879735
LAWRENCE AVE,04-At/near private drive,02-Thru lane,01-Clear,01-Daylight,MIDBLOCK,Tuesday,December,0,LAWRENCE AVE,2,ROAD,LOCAL,9.0,24.0,PAVED,TwoWay,PAVED,6,50,NO ACCESS,N,1915.0,100.99160546806
LAWRENCE AVE,04-At/near private drive,02-Thru lane,01-Clear,01-Daylight,MIDBLOCK,Tuesday,December,0,LAWRENCE AVE,2,ROAD,LOCAL,9.0,25.0,PAVED,TwoWay,PAVED,6,50,NO ACCESS,N,1915.0,100.166573734338
LAWRENCE AVE,01-Non intersection,02-Thru lane,01-Clear,01-Daylight,MIDBLOCK,Wednesday,March,0,LAWRENCE AVE,2,ROAD,LOCAL,9.0,16.0,PAVED,TwoWay,PAVED,6,50,NO ACCESS,N,2005.0,197.329634687433
LAWRENCE AVE,01-Non intersection,02-Thru lane,01-Clear,01-Daylight,MIDBLOCK,Wednesday,March,0,LAWRENCE AVE,2,ROAD,LOCAL,9.5,25.0,PAVED,TwoWay,PAVED,6,50,NO ACCESS,N,1915.0,65.0406221879735
LAWRENCE AVE,01-Non intersection,02-Thru lane,01-Clear,01-Daylight,MIDBLOCK,Wednesday,March,0,LAWRENCE AVE,2,ROAD,LOCAL,9.0,24.0,PAVED,TwoWay,PAVED,6,50,NO ACCESS,N,1915.0,100.99160546806
LAWRENCE AVE,01-Non intersection,02-Thru lane,01-Clear,01-Daylight,MIDBLOCK,Wednesday,March,0,LAWRENCE AVE,2,ROAD,LOCAL,9.0,25.0,PAVED,TwoWay,PAVED,6,50,NO ACCESS,N,1915.0,100.166573734338
LAWRENCE AVE,04-At/near private drive,02-Thru lane,01-Clear,01-Daylight,MIDBLOCK,Friday,June,0,LAWRENCE AVE,2,ROAD,LOCAL,9.0,16.0,PAVED,TwoWay,PAVED,6,50,NO ACCESS,N,2005.0,197.329634687433
LAWRENCE AVE,04-At/near private drive,02-Thru lane,01-Clear,01-Daylight,MIDBLOCK,Friday,June,0,LAWRENCE AVE,2,ROAD,LOCAL,9.5,25.0,PAVED,TwoWay,PAVED,6,50,NO ACCESS,N,1915.0,65.0406221879735
LAWRENCE AVE,04-At/near private drive,02-Thru lane,01-Clear,01-Daylight,MIDBLOCK,Friday,June,0,LAWRENCE AVE,2,ROAD,LOCAL,9.0,24.0,PAVED,TwoWay,PAVED,6,50,NO ACCESS,N,1915.0,100.99160546806
LAWRENCE AVE,04-At/near private drive,02-Thru lane,01-Clear,01-Daylight,MIDBLOCK,Friday,June,0,LAWRENCE AVE,2,ROAD,LOCAL,9.0,25.0,PAVED,TwoWay,PAVED,6,50,NO ACCESS,N,1915.0,100.166573734338
LAWRENCE AVE,04-At/near private drive,02-Thru lane,01-Clear,01-Daylight,MIDBLOCK,Sunday,March,1,LAWRENCE AVE,2,ROAD,LOCAL,9.0,16.0,PAVED,TwoWay,PAVED,6,50,NO ACCESS,N,2005.0,197.329634687433
LAWRENCE AVE,04-At/near private drive,02-Thru lane,01-Clear,01-Daylight,MIDBLOCK,Sunday,March,1,LAWRENCE AVE,2,ROAD,LOCAL,9.5,25.0,PAVED,TwoWay,PAVED,6,50,NO ACCESS,N,1915.0,65.0406221879735
LAWRENCE AVE,04-At/near private drive,02-Thru lane,01-Clear,01-Daylight,MIDBLOCK,Sunday,March,1,LAWRENCE AVE,2,ROAD,LOCAL,9.0,24.0,PAVED,TwoWay,PAVED,6,50,NO ACCESS,N,1915.0,100.99160546806
LAWRENCE AVE,04-At/near private drive,02-Thru lane,01-Clear,01-Daylight,MIDBLOCK,Sunday,March,1,LAWRENCE AVE,2,ROAD,LOCAL,9.0,25.0,PAVED,TwoWay,PAVED,6,50,NO ACCESS,N,1915.0,100.166573734338
LAWRENCE AVE,04-At/near private drive,02-Thru lane,01-Clear,01-Daylight,MIDBLOCK,Sunday,October,1,LAWRENCE AVE,2,ROAD,LOCAL,9.0,16.0,PAVED,TwoWay,PAVED,6,50,NO ACCESS,N,2005.0,197.329634687433
LAWRENCE AVE,04-At/near private drive,02-Thru lane,01-Clear,01-Daylight,MIDBLOCK,Sunday,October,1,LAWRENCE AVE,2,ROAD,LOCAL,9.5,25.0,PAVED,TwoWay,PAVED,6,50,NO ACCESS,N,1915.0,65.0406221879735
LAWRENCE AVE,04-At/near private drive,02-Thru lane,01-Clear,01-Daylight,MIDBLOCK,Sunday,October,1,LAWRENCE AVE,2,ROAD,LOCAL,9.0,24.0,PAVED,TwoWay,PAVED,6,50,NO ACCESS,N,1915.0,100.99160546806
LAWRENCE AVE,04-At/near private drive,02-Thru lane,01-Clear,01-Daylight,MIDBLOCK,Sunday,October,1,LAWRENCE AVE,2,ROAD,LOCAL,9.0,25.0,PAVED,TwoWay,PAVED,6,50,NO ACCESS,N,1915.0,100.166573734338
LAWRENCE AVE,04-At/near private drive,02-Thru lane,01-Clear,01-Daylight,MIDBLOCK,Saturday,August,1,LAWRENCE AVE,2,ROAD,LOCAL,9.0,16.0,PAVED,TwoWay,PAVED,6,50,NO ACCESS,N,2005.0,197.329634687433
LAWRENCE AVE,04-At/near private drive,02-Thru lane,01-Clear,01-Daylight,MIDBLOCK,Saturday,August,1,LAWRENCE AVE,2,ROAD,LOCAL,9.5,25.0,PAVED,TwoWay,PAVED,6,50,NO ACCESS,N,1915.0,65.0406221879735
LAWRENCE AVE,04-At/near private drive,02-Thru lane,01-Clear,01-Daylight,MIDBLOCK,Saturday,August,1,LAWRENCE AVE,2,ROAD,LOCAL,9.0,24.0,PAVED,TwoWay,PAVED,6,50,NO ACCESS,N,1915.0,100.99160546806
LAWRENCE AVE,04-At/near private drive,02-Thru lane,01-Clear,01-Daylight,MIDBLOCK,Saturday,August,1,LAWRENCE AVE,2,ROAD,LOCAL,9.0,25.0,PAVED,TwoWay,PAVED,6,50,NO ACCESS,N,1915.0,100.166573734338
LAWRENCE AVE,04-At/near private drive,03-Left turn lane,01-Clear,01-Daylight,MIDBLOCK,Saturday,October,1,LAWRENCE AVE,2,ROAD,LOCAL,9.0,16.0,PAVED,TwoWay,PAVED,6,50,NO ACCESS,N,2005.0,197.329634687433
LAWRENCE AVE,04-At/near private drive,03-Left turn lane,01-Clear,01-Daylight,MIDBLOCK,Saturday,October,1,LAWRENCE AVE,2,ROAD,LOCAL,9.5,25.0,PAVED,TwoWay,PAVED,6,50,NO ACCESS,N,1915.0,65.0406221879735
LAWRENCE AVE,04-At/near private drive,03-Left turn lane,01-Clear,01-Daylight,MIDBLOCK,Saturday,October,1,LAWRENCE AVE,2,ROAD,LOCAL,9.0,24.0,PAVED,TwoWay,PAVED,6,50,NO ACCESS,N,1915.0,100.99160546806
LAWRENCE AVE,04-At/near private drive,03-Left turn lane,01-Clear,01-Daylight,MIDBLOCK,Saturday,October,1,LAWRENCE AVE,2,ROAD,LOCAL,9.0,25.0,PAVED,TwoWay,PAVED,6,50,NO ACCESS,N,1915.0,100.166573734338
LAWRENCE AVE,01-Non intersection,01-Within intersection,02-Rain,"08-Dark, artificial",MIDBLOCK,Friday,February,0,LAWRENCE AVE,2,ROAD,LOCAL,9.0,16.0,PAVED,TwoWay,PAVED,6,50,NO ACCESS,N,2005.0,197.329634687433
LAWRENCE AVE,01-Non intersection,01-Within intersection,02-Rain,"08-Dark, artificial",MIDBLOCK,Friday,February,0,LAWRENCE AVE,2,ROAD,LOCAL,9.5,25.0,PAVED,TwoWay,PAVED,6,50,NO ACCESS,N,1915.0,65.0406221879735
LAWRENCE AVE,01-Non intersection,01-Within intersection,02-Rain,"08-Dark, artificial",MIDBLOCK,Friday,February,0,LAWRENCE AVE,2,ROAD,LOCAL,9.0,24.0,PAVED,TwoWay,PAVED,6,50,NO ACCESS,N,1915.0,100.99160546806
LAWRENCE AVE,01-Non intersection,01-Within intersection,02-Rain,"08-Dark, artificial",MIDBLOCK,Friday,February,0,LAWRENCE AVE,2,ROAD,LOCAL,9.0,25.0,PAVED,TwoWay,PAVED,6,50,NO ACCESS,N,1915.0,100.166573734338
LAWRENCE AVE,04-At/near private drive,11-Not on roadway - right side,01-Clear,"08-Dark, artificial",MIDBLOCK,Saturday,September,1,LAWRENCE AVE,2,ROAD,LOCAL,9.0,16.0,PAVED,TwoWay,PAVED,6,50,NO ACCESS,N,2005.0,197.329634687433
LAWRENCE AVE,04-At/near private drive,11-Not on roadway - right side,01-Clear,"08-Dark, artificial",MIDBLOCK,Saturday,September,1,LAWRENCE AVE,2,ROAD,LOCAL,9.5,25.0,PAVED,TwoWay,PAVED,6,50,NO ACCESS,N,1915.0,65.0406221879735
LAWRENCE AVE,04-At/near private drive,11-Not on roadway - right side,01-Clear,"08-Dark, artificial",MIDBLOCK,Saturday,September,1,LAWRENCE AVE,2,ROAD,LOCAL,9.0,24.0,PAVED,TwoWay,PAVED,6,50,NO ACCESS,N,1915.0,100.99160546806
LAWRENCE AVE,04-At/near private drive,11-Not on roadway - right side,01-Clear,"08-Dark, artificial",MIDBLOCK,Saturday,September,1,LAWRENCE AVE,2,ROAD,LOCAL,9.0,25.0,PAVED,TwoWay,PAVED,6,50,NO ACCESS,N,1915.0,100.166573734338
LAWRENCE AVE,04-At/near private drive,02-Thru lane,01-Clear,"08-Dark, artificial",MIDBLOCK,Friday,December,0,LAWRENCE AVE,2,ROAD,LOCAL,9.0,16.0,PAVED,TwoWay,PAVED,6,50,NO ACCESS,N,2005.0,197.329634687433
LAWRENCE AVE,04-At/near private drive,02-Thru lane,01-Clear,"08-Dark, artificial",MIDBLOCK,Friday,December,0,LAWRENCE AVE,2,ROAD,LOCAL,9.5,25.0,PAVED,TwoWay,PAVED,6,50,NO ACCESS,N,1915.0,65.0406221879735
LAWRENCE AVE,04-At/near private drive,02-Thru lane,01-Clear,"08-Dark, artificial",MIDBLOCK,Friday,December,0,LAWRENCE AVE,2,ROAD,LOCAL,9.0,24.0,PAVED,TwoWay,PAVED,6,50,NO ACCESS,N,1915.0,100.99160546806
LAWRENCE AVE,04-At/near private drive,02-Thru lane,01-Clear,"08-Dark, artificial",MIDBLOCK,Friday,December,0,LAWRENCE AVE,2,ROAD,LOCAL,9.0,25.0,PAVED,TwoWay,PAVED,6,50,NO ACCESS,N,1915.0,100.166573734338
LAWRENCE AVE,04-At/near private drive,02-Thru lane,01-Clear,01-Daylight,MIDBLOCK,Monday,February,0,LAWRENCE AVE,2,ROAD,LOCAL,9.0,16.0,PAVED,TwoWay,PAVED,6,50,NO ACCESS,N,2005.0,197.329634687433
LAWRENCE AVE,04-At/near private drive,02-Thru lane,01-Clear,01-Daylight,MIDBLOCK,Monday,February,0,LAWRENCE AVE,2,ROAD,LOCAL,9.5,25.0,PAVED,TwoWay,PAVED,6,50,NO ACCESS,N,1915.0,65.0406221879735
LAWRENCE AVE,04-At/near private drive,02-Thru lane,01-Clear,01-Daylight,MIDBLOCK,Monday,February,0,LAWRENCE AVE,2,ROAD,LOCAL,9.0,24.0,PAVED,TwoWay,PAVED,6,50,NO ACCESS,N,1915.0,100.99160546806
LAWRENCE AVE,04-At/near private drive,02-Thru lane,01-Clear,01-Daylight,MIDBLOCK,Monday,February,0,LAWRENCE AVE,2,ROAD,LOCAL,9.0,25.0,PAVED,TwoWay,PAVED,6,50,NO ACCESS,N,1915.0,100.166573734338
LAWRENCE AVE,01-Non intersection,02-Thru lane,01-Clear,"08-Dark, artificial",MIDBLOCK,Friday,February,0,LAWRENCE AVE,2,ROAD,LOCAL,9.0,16.0,PAVED,TwoWay,PAVED,6,50,NO ACCESS,N,2005.0,197.329634687433
LAWRENCE AVE,01-Non intersection,02-Thru lane,01-Clear,"08-Dark, artificial",MIDBLOCK,Friday,February,0,LAWRENCE AVE,2,ROAD,LOCAL,9.5,25.0,PAVED,TwoWay,PAVED,6,50,NO ACCESS,N,1915.0,65.0406221879735
LAWRENCE AVE,01-Non intersection,02-Thru lane,01-Clear,"08-Dark, artificial",MIDBLOCK,Friday,February,0,LAWRENCE AVE,2,ROAD,LOCAL,9.0,24.0,PAVED,TwoWay,PAVED,6,50,NO ACCESS,N,1915.0,100.99160546806
LAWRENCE AVE,01-Non intersection,02-Thru lane,01-Clear,"08-Dark, artificial",MIDBLOCK,Friday,February,0,LAWRENCE AVE,2,ROAD,LOCAL,9.0,25.0,PAVED,TwoWay,PAVED,6,50,NO ACCESS,N,1915.0,100.166573734338
LAWRENCE AVE,04-At/near private drive,03-Left turn lane,01-Clear,01-Daylight,MIDBLOCK,Friday,June,0,LAWRENCE AVE,2,ROAD,LOCAL,9.0,16.0,PAVED,TwoWay,PAVED,6,50,NO ACCESS,N,2005.0,197.329634687433
LAWRENCE AVE,04-At/near private drive,03-Left turn lane,01-Clear,01-Daylight,MIDBLOCK,Friday,June,0,LAWRENCE AVE,2,ROAD,LOCAL,9.5,25.0,PAVED,TwoWay,PAVED,6,50,NO ACCESS,N,1915.0,65.0406221879735
LAWRENCE AVE,04-At/near private drive,03-Left turn lane,01-Clear,01-Daylight,MIDBLOCK,Friday,June,0,LAWRENCE AVE,2,ROAD,LOCAL,9.0,24.0,PAVED,TwoWay,PAVED,6,50,NO ACCESS,N,1915.0,100.99160546806
LAWRENCE AVE,04-At/near private drive,03-Left turn lane,01-Clear,01-Daylight,MIDBLOCK,Friday,June,0,LAWRENCE AVE,2,ROAD,LOCAL,9.0,25.0,PAVED,TwoWay,PAVED,6,50,NO ACCESS,N,1915.0,100.166573734338
LAWRENCE AVE,04-At/near private drive,02-Thru lane,01-Clear,01-Daylight,MIDBLOCK,Monday,August,0,LAWRENCE AVE,2,ROAD,LOCAL,9.0,16.0,PAVED,TwoWay,PAVED,6,50,NO ACCESS,N,2005.0,197.329634687433
LAWRENCE AVE,04-At/near private drive,02-Thru lane,01-Clear,01-Daylight,MIDBLOCK,Monday,August,0,LAWRENCE AVE,2,ROAD,LOCAL,9.5,25.0,PAVED,TwoWay,PAVED,6,50,NO ACCESS,N,1915.0,65.0406221879735
LAWRENCE AVE,04-At/near private drive,02-Thru lane,01-Clear,01-Daylight,MIDBLOCK,Monday,August,0,LAWRENCE AVE,2,ROAD,LOCAL,9.0,24.0,PAVED,TwoWay,PAVED,6,50,NO ACCESS,N,1915.0,100.99160546806
LAWRENCE AVE,04-At/near private drive,02-Thru lane,01-Clear,01-Daylight,MIDBLOCK,Monday,August,0,LAWRENCE AVE,2,ROAD,LOCAL,9.0,25.0,PAVED,TwoWay,PAVED,6,50,NO ACCESS,N,1915.0,100.166573734338
LAWRENCE AVE,01-Non intersection,02-Thru lane,01-Clear,01-Daylight,MIDBLOCK,Thursday,February,0,LAWRENCE AVE,2,ROAD,LOCAL,9.0,16.0,PAVED,TwoWay,PAVED,6,50,NO ACCESS,N,2005.0,197.329634687433
LAWRENCE AVE,01-Non intersection,02-Thru lane,01-Clear,01-Daylight,MIDBLOCK,Thursday,February,0,LAWRENCE AVE,2,ROAD,LOCAL,9.5,25.0,PAVED,TwoWay,PAVED,6,50,NO ACCESS,N,1915.0,65.0406221879735
LAWRENCE AVE,01-Non intersection,02-Thru lane,01-Clear,01-Daylight,MIDBLOCK,Thursday,February,0,LAWRENCE AVE,2,ROAD,LOCAL,9.0,24.0,PAVED,TwoWay,PAVED,6,50,NO ACCESS,N,1915.0,100.99160546806
LAWRENCE AVE,01-Non intersection,02-Thru lane,01-Clear,01-Daylight,MIDBLOCK,Thursday,February,0,LAWRENCE AVE,2,ROAD,LOCAL,9.0,25.0,PAVED,TwoWay,PAVED,6,50,NO ACCESS,N,1915.0,100.166573734338
LAWRENCE AVE,04-At/near private drive,03-Left turn lane,01-Clear,01-Daylight,MIDBLOCK,Monday,February,0,LAWRENCE AVE,2,ROAD,LOCAL,9.0,16.0,PAVED,TwoWay,PAVED,6,50,NO ACCESS,N,2005.0,197.329634687433
LAWRENCE AVE,04-At/near private drive,03-Left turn lane,01-Clear,01-Daylight,MIDBLOCK,Monday,February,0,LAWRENCE AVE,2,ROAD,LOCAL,9.5,25.0,PAVED,TwoWay,PAVED,6,50,NO ACCESS,N,1915.0,65.0406221879735
LAWRENCE AVE,04-At/near private drive,03-Left turn lane,01-Clear,01-Daylight,MIDBLOCK,Monday,February,0,LAWRENCE AVE,2,ROAD,LOCAL,9.0,24.0,PAVED,TwoWay,PAVED,6,50,NO ACCESS,N,1915.0,100.99160546806
LAWRENCE AVE,04-At/near private drive,03-Left turn lane,01-Clear,01-Daylight,MIDBLOCK,Monday,February,0,LAWRENCE AVE,2,ROAD,LOCAL,9.0,25.0,PAVED,TwoWay,PAVED,6,50,NO ACCESS,N,1915.0,100.166573734338
LAWRENCE AVE,04-At/near private drive,02-Thru lane,03-Snow,01-Daylight,MIDBLOCK,Saturday,April,1,LAWRENCE AVE,2,ROAD,LOCAL,9.0,16.0,PAVED,TwoWay,PAVED,6,50,NO ACCESS,N,2005.0,197.329634687433
LAWRENCE AVE,04-At/near private drive,02-Thru lane,03-Snow,01-Daylight,MIDBLOCK,Saturday,April,1,LAWRENCE AVE,2,ROAD,LOCAL,9.5,25.0,PAVED,TwoWay,PAVED,6,50,NO ACCESS,N,1915.0,65.0406221879735
LAWRENCE AVE,04-At/near private drive,02-Thru lane,03-Snow,01-Daylight,MIDBLOCK,Saturday,April,1,LAWRENCE AVE,2,ROAD,LOCAL,9.0,24.0,PAVED,TwoWay,PAVED,6,50,NO ACCESS,N,1915.0,100.99160546806
LAWRENCE AVE,04-At/near private drive,02-Thru lane,03-Snow,01-Daylight,MIDBLOCK,Saturday,April,1,LAWRENCE AVE,2,ROAD,LOCAL,9.0,25.0,PAVED,TwoWay,PAVED,6,50,NO ACCESS,N,1915.0,100.166573734338
LAWRENCE AVE,04-At/near private drive,02-Thru lane,03-Snow,01-Daylight,MIDBLOCK,Thursday,December,0,LAWRENCE AVE,2,ROAD,LOCAL,9.0,16.0,PAVED,TwoWay,PAVED,6,50,NO ACCESS,N,2005.0,197.329634687433
LAWRENCE AVE,04-At/near private drive,02-Thru lane,03-Snow,01-Daylight,MIDBLOCK,Thursday,December,0,LAWRENCE AVE,2,ROAD,LOCAL,9.5,25.0,PAVED,TwoWay,PAVED,6,50,NO ACCESS,N,1915.0,65.0406221879735
LAWRENCE AVE,04-At/near private drive,02-Thru lane,03-Snow,01-Daylight,MIDBLOCK,Thursday,December,0,LAWRENCE AVE,2,ROAD,LOCAL,9.0,24.0,PAVED,TwoWay,PAVED,6,50,NO ACCESS,N,1915.0,100.99160546806
LAWRENCE AVE,04-At/near private drive,02-Thru lane,03-Snow,01-Daylight,MIDBLOCK,Thursday,December,0,LAWRENCE AVE,2,ROAD,LOCAL,9.0,25.0,PAVED,TwoWay,PAVED,6,50,NO ACCESS,N,1915.0,100.166573734338
LAWRENCE AVE,01-Non intersection,02-Thru lane,01-Clear,01-Daylight,MIDBLOCK,Friday,July,0,LAWRENCE AVE,2,ROAD,LOCAL,9.0,16.0,PAVED,TwoWay,PAVED,6,50,NO ACCESS,N,2005.0,197.329634687433
LAWRENCE AVE,01-Non intersection,02-Thru lane,01-Clear,01-Daylight,MIDBLOCK,Friday,July,0,LAWRENCE AVE,2,ROAD,LOCAL,9.5,25.0,PAVED,TwoWay,PAVED,6,50,NO ACCESS,N,1915.0,65.0406221879735
LAWRENCE AVE,01-Non intersection,02-Thru lane,01-Clear,01-Daylight,MIDBLOCK,Friday,July,0,LAWRENCE AVE,2,ROAD,LOCAL,9.0,24.0,PAVED,TwoWay,PAVED,6,50,NO ACCESS,N,1915.0,100.99160546806
LAWRENCE AVE,01-Non intersection,02-Thru lane,01-Clear,01-Daylight,MIDBLOCK,Friday,July,0,LAWRENCE AVE,2,ROAD,LOCAL,9.0,25.0,PAVED,TwoWay,PAVED,6,50,NO ACCESS,N,1915.0,100.166573734338
LAWRENCE AVE,01-Non intersection,11-Not on roadway - right side,01-Clear,01-Daylight,MIDBLOCK,Tuesday,August,0,LAWRENCE AVE,2,ROAD,LOCAL,9.0,16.0,PAVED,TwoWay,PAVED,6,50,NO ACCESS,N,2005.0,197.329634687433
LAWRENCE AVE,01-Non intersection,11-Not on roadway - right side,01-Clear,01-Daylight,MIDBLOCK,Tuesday,August,0,LAWRENCE AVE,2,ROAD,LOCAL,9.5,25.0,PAVED,TwoWay,PAVED,6,50,NO ACCESS,N,1915.0,65.0406221879735
LAWRENCE AVE,01-Non intersection,11-Not on roadway - right side,01-Clear,01-Daylight,MIDBLOCK,Tuesday,August,0,LAWRENCE AVE,2,ROAD,LOCAL,9.0,24.0,PAVED,TwoWay,PAVED,6,50,NO ACCESS,N,1915.0,100.99160546806
LAWRENCE AVE,01-Non intersection,11-Not on roadway - right side,01-Clear,01-Daylight,MIDBLOCK,Tuesday,August,0,LAWRENCE AVE,2,ROAD,LOCAL,9.0,25.0,PAVED,TwoWay,PAVED,6,50,NO ACCESS,N,1915.0,100.166573734338
GAGE AVE,04-At/near private drive,02-Thru lane,01-Clear,01-Daylight,MIDBLOCK,Monday,March,0,GAGE AVE,2,ROAD,MINOR,8.0,12.0,PAVED,TwoWay,PAVED,5,50,NO ACCESS,N,1863.0,450.308633682844
GAGE AVE,04-At/near private drive,02-Thru lane,01-Clear,01-Daylight,MIDBLOCK,Monday,March,0,GAGE AVE,2,ROAD,MINOR,8.0,20.0,PAVED,TwoWay,PAVED,6,50,NO ACCESS,N,1863.0,762.578919520148
GAGE AVE,01-Non intersection,02-Thru lane,01-Clear,01-Daylight,MIDBLOCK,Sunday,May,1,GAGE AVE,2,ROAD,MINOR,8.0,12.0,PAVED,TwoWay,PAVED,5,50,NO ACCESS,N,1863.0,450.308633682844
GAGE AVE,01-Non intersection,02-Thru lane,01-Clear,01-Daylight,MIDBLOCK,Sunday,May,1,GAGE AVE,2,ROAD,MINOR,8.0,20.0,PAVED,TwoWay,PAVED,6,50,NO ACCESS,N,1863.0,762.578919520148
GAGE AVE,01-Non intersection,09-Right shoulder,01-Clear,01-Daylight,MIDBLOCK,Wednesday,August,0,GAGE AVE,2,ROAD,MINOR,8.0,12.0,PAVED,TwoWay,PAVED,5,50,NO ACCESS,N,1863.0,450.308633682844
GAGE AVE,01-Non intersection,09-Right shoulder,01-Clear,01-Daylight,MIDBLOCK,Wednesday,August,0,GAGE AVE,2,ROAD,MINOR,8.0,20.0,PAVED,TwoWay,PAVED,6,50,NO ACCESS,N,1863.0,762.578919520148
GAGE AVE,04-At/near private drive,09-Right shoulder,01-Clear,01-Daylight,MIDBLOCK,Saturday,September,1,GAGE AVE,2,ROAD,MINOR,8.0,12.0,PAVED,TwoWay,PAVED,5,50,NO ACCESS,N,1863.0,450.308633682844
GAGE AVE,04-At/near private drive,09-Right shoulder,01-Clear,01-Daylight,MIDBLOCK,Saturday,September,1,GAGE AVE,2,ROAD,MINOR,8.0,20.0,PAVED,TwoWay,PAVED,6,50,NO ACCESS,N,1863.0,762.578919520148
GAGE AVE,01-Non intersection,11-Not on roadway - right side,01-Clear,01-Daylight,MIDBLOCK,Saturday,June,1,GAGE AVE,2,ROAD,MINOR,8.0,12.0,PAVED,TwoWay,PAVED,5,50,NO ACCESS,N,1863.0,450.308633682844
GAGE AVE,01-Non intersection,11-Not on roadway - right side,01-Clear,01-Daylight,MIDBLOCK,Saturday,June,1,GAGE AVE,2,ROAD,MINOR,8.0,20.0,PAVED,TwoWay,PAVED,6,50,NO ACCESS,N,1863.0,762.578919520148
GAGE AVE,01-Non intersection,02-Thru lane,01-Clear,01-Daylight,MIDBLOCK,Friday,September,0,GAGE AVE,2,ROAD,MINOR,8.0,12.0,PAVED,TwoWay,PAVED,5,50,NO ACCESS,N,1863.0,450.308633682844
GAGE AVE,01-Non intersection,02-Thru lane,01-Clear,01-Daylight,MIDBLOCK,Friday,September,0,GAGE AVE,2,ROAD,MINOR,8.0,20.0,PAVED,TwoWay,PAVED,6,50,NO ACCESS,N,1863.0,762.578919520148
GAGE AVE,04-At/near private drive,02-Thru lane,02-Rain,01-Daylight,MIDBLOCK,Wednesday,July,0,GAGE AVE,2,ROAD,MINOR,8.0,12.0,PAVED,TwoWay,PAVED,5,50,NO ACCESS,N,1863.0,450.308633682844
GAGE AVE,04-At/near private drive,02-Thru lane,02-Rain,01-Daylight,MIDBLOCK,Wednesday,July,0,GAGE AVE,2,ROAD,MINOR,8.0,20.0,PAVED,TwoWay,PAVED,6,50,NO ACCESS,N,1863.0,762.578919520148
GAGE AVE,04-At/near private drive,02-Thru lane,01-Clear,01-Daylight,MIDBLOCK,Tuesday,October,0,GAGE AVE,2,ROAD,MINOR,8.0,12.0,PAVED,TwoWay,PAVED,5,50,NO ACCESS,N,1863.0,450.308633682844
GAGE AVE,04-At/near private drive,02-Thru lane,01-Clear,01-Daylight,MIDBLOCK,Tuesday,October,0,GAGE AVE,2,ROAD,MINOR,8.0,20.0,PAVED,TwoWay,PAVED,6,50,NO ACCESS,N,1863.0,762.578919520148
GAGE AVE,04-At/near private drive,11-Not on roadway - right side,03-Snow,01-Daylight,MIDBLOCK,Tuesday,January,0,GAGE AVE,2,ROAD,MINOR,8.0,12.0,PAVED,TwoWay,PAVED,5,50,NO ACCESS,N,1863.0,450.308633682844
GAGE AVE,04-At/near private drive,11-Not on roadway - right side,03-Snow,01-Daylight,MIDBLOCK,Tuesday,January,0,GAGE AVE,2,ROAD,MINOR,8.0,20.0,PAVED,TwoWay,PAVED,6,50,NO ACCESS,N,1863.0,762.578919520148
GAGE AVE,01-Non intersection,02-Thru lane,01-Clear,01-Daylight,MIDBLOCK,Thursday,July,0,GAGE AVE,2,ROAD,MINOR,8.0,12.0,PAVED,TwoWay,PAVED,5,50,NO ACCESS,N,1863.0,450.308633682844
GAGE AVE,01-Non intersection,02-Thru lane,01-Clear,01-Daylight,MIDBLOCK,Thursday,July,0,GAGE AVE,2,ROAD,MINOR,8.0,20.0,PAVED,TwoWay,PAVED,6,50,NO ACCESS,N,1863.0,762.578919520148
GAGE AVE,01-Non intersection,02-Thru lane,01-Clear,01-Daylight,MIDBLOCK,Monday,July,0,GAGE AVE,2,ROAD,MINOR,8.0,12.0,PAVED,TwoWay,PAVED,5,50,NO ACCESS,N,1863.0,450.308633682844
GAGE AVE,01-Non intersection,02-Thru lane,01-Clear,01-Daylight,MIDBLOCK,Monday,July,0,GAGE AVE,2,ROAD,MINOR,8.0,20.0,PAVED,TwoWay,PAVED,6,50,NO ACCESS,N,1863.0,762.578919520148