LOCATION,ACCIDENT_LOCATION,IMPACT_LOCATION,ENVIRONMENT_CONDITION,LIGHT,COLLISION_TYPE,DAY_OF_WEEK,MONTH,IS_WEEKEND,STREET,LANES,CATEGORY,SUBCATEGORY,PAVEMENT_WIDTH,ROW_WIDTH,SHOULDER,FLOW_DIRECTION,SURFACE_LAYER_TYPE,OFFICIAL_ROAD_CLASSIFICATION,SPEED_LIMIT_KM,TRUCK_ACCESS,BUS_ROUTE,SERVICE_YEAR,Shape__Length
GAGE AVE,04-At/near private drive,09-Right shoulder,01-Clear,01-Daylight,MIDBLOCK,Wednesday,August,0,GAGE AVE,2,ROAD,MINOR,8.0,12.0,PAVED,TwoWay,PAVED,5,50,NO ACCESS,N,1863.0,450.308633682844
GAGE AVE,04-At/near private drive,09-Right shoulder,01-Clear,01-Daylight,MIDBLOCK,Wednesday,August,0,GAGE AVE,2,ROAD,MINOR,8.0,20.0,PAVED,TwoWay,PAVED,6,50,NO ACCESS,N,1863.0,762.578919520148
GAGE AVE,01-Non intersection,02-Thru lane,02-Rain,01-Daylight,MIDBLOCK,Wednesday,October,0,GAGE AVE,2,ROAD,MINOR,8.0,12.0,PAVED,TwoWay,PAVED,5,50,NO ACCESS,N,1863.0,450.308633682844
GAGE AVE,01-Non intersection,02-Thru lane,02-Rain,01-Daylight,MIDBLOCK,Wednesday,October,0,GAGE AVE,2,ROAD,MINOR,8.0,20.0,PAVED,TwoWay,PAVED,6,50,NO ACCESS,N,1863.0,762.578919520148
GAGE AVE,01-Non intersection,02-Thru lane,01-Clear,01-Daylight,MIDBLOCK,Wednesday,April,0,GAGE AVE,2,ROAD,MINOR,8.0,12.0,PAVED,TwoWay,PAVED,5,50,NO ACCESS,N,1863.0,450.308633682844
GAGE AVE,01-Non intersection,02-Thru lane,01-Clear,01-Daylight,MIDBLOCK,Wednesday,April,0,GAGE AVE,2,ROAD,MINOR,8.0,20.0,PAVED,TwoWay,PAVED,6,50,NO ACCESS,N,1863.0,762.578919520148
GAGE AVE,04-At/near private drive,12-Off highway,01-Clear,"06-Dusk, artificial",MIDBLOCK,Tuesday,January,0,GAGE AVE,2,ROAD,MINOR,8.0,12.0,PAVED,TwoWay,PAVED,5,50,NO ACCESS,N,1863.0,450.308633682844
GAGE AVE,04-At/near private drive,12-Off highway,01-Clear,"06-Dusk, artificial",MIDBLOCK,Tuesday,January,0,GAGE AVE,2,ROAD,MINOR,8.0,20.0,PAVED,TwoWay,PAVED,6,50,NO ACCESS,N,1863.0,762.578919520148
GAGE AVE,01-Non intersection,02-Thru lane,01-Clear,01-Daylight,MIDBLOCK,Wednesday,December,0,GAGE AVE,2,ROAD,MINOR,8.0,12.0,PAVED,TwoWay,PAVED,5,50,NO ACCESS,N,1863.0,450.308633682844
GAGE AVE,01-Non intersection,02-Thru lane,01-Clear,01-Daylight,MIDBLOCK,Wednesday,December,0,GAGE AVE,2,ROAD,MINOR,8.0,20.0,PAVED,TwoWay,PAVED,6,50,NO ACCESS,N,1863.0,762.578919520148
GAGE AVE,01-Non intersection,02-Thru lane,01-Clear,01-Daylight,MIDBLOCK,Monday,November,0,GAGE AVE,2,ROAD,MINOR,8.0,12.0,PAVED,TwoWay,PAVED,5,50,NO ACCESS,N,1863.0,450.308633682844
GAGE AVE,01-Non intersection,02-Thru lane,01-Clear,01-Daylight,MIDBLOCK,Monday,November,0,GAGE AVE,2,ROAD,MINOR,8.0,20.0,PAVED,TwoWay,PAVED,6,50,NO ACCESS,N,1863.0,762.578919520148
GAGE AVE,01-Non intersection,09-Right shoulder,01-Clear,01-Daylight,MIDBLOCK,Thursday,February,0,GAGE AVE,2,ROAD,MINOR,8.0,12.0,PAVED,TwoWay,PAVED,5,50,NO ACCESS,N,1863.0,450.308633682844
GAGE AVE,01-Non intersection,09-Right shoulder,01-Clear,01-Daylight,MIDBLOCK,Thursday,February,0,GAGE AVE,2,ROAD,MINOR,8.0,20.0,PAVED,TwoWay,PAVED,6,50,NO ACCESS,N,1863.0,762.578919520148
GAGE AVE,04-At/near private drive,02-Thru lane,01-Clear,03-Dawn,MIDBLOCK,Tuesday,December,0,GAGE AVE,2,ROAD,MINOR,8.0,12.0,PAVED,TwoWay,PAVED,5,50,NO ACCESS,N,1863.0,450.308633682844
GAGE AVE,04-At/near private drive,02-Thru lane,01-Clear,03-Dawn,MIDBLOCK,Tuesday,December,0,GAGE AVE,2,ROAD,MINOR,8.0,20.0,PAVED,TwoWay,PAVED,6,50,NO ACCESS,N,1863.0,762.578919520148
GAGE AVE,01-Non intersection,09-Right shoulder,01-Clear,01-Daylight,MIDBLOCK,Monday,August,0,GAGE AVE,2,ROAD,MINOR,8.0,12.0,PAVED,TwoWay,PAVED,5,50,NO ACCESS,N,1863.0,450.308633682844
GAGE AVE,01-Non intersection,09-Right shoulder,01-Clear,01-Daylight,MIDBLOCK,Monday,August,0,GAGE AVE,2,ROAD,MINOR,8.0,20.0,PAVED,TwoWay,PAVED,6,50,NO ACCESS,N,1863.0,762.578919520148
CLARK AVE,04-At/near private drive,09-Right shoulder,01-Clear,07-Dark,MIDBLOCK,Saturday,February,1,CLARK AVE,2,ROAD,LOCAL,9.0,20.0,PAVED,TwoWay,PAVED,6,50,NO ACCESS,N,2008.0,408.046692595579
CLARK AVE,04-At/near private drive,09-Right shoulder,01-Clear,07-Dark,MIDBLOCK,Saturday,February,1,CLARK AVE,2,ROAD,LOCAL,9.0,20.0,PAVED,TwoWay,PAVED,6,40,NO ACCESS,N,2008.0,102.61641506154
CLARK AVE,04-At/near private drive,09-Right shoulder,01-Clear,07-Dark,MIDBLOCK,Saturday,February,1,CLARK AVE,2,ROAD,LOCAL,9.0,20.0,PAVED,TwoWay,PAVED,6,40,NO ACCESS,N,2008.0,87.51829882084101
CLARK AVE,04-At/near private drive,09-Right shoulder,01-Clear,07-Dark,MIDBLOCK,Saturday,February,1,CLARK AVE,2,ROAD,LOCAL,9.0,20.0,PAVED,TwoWay,PAVED,6,50,NO ACCESS,N,2008.0,218.991706191034
CLARK AVE,04-At/near private drive,09-Right shoulder,01-Clear,01-Daylight,MIDBLOCK,Friday,June,0,CLARK AVE,2,ROAD,LOCAL,9.0,20.0,PAVED,TwoWay,PAVED,6,50,NO ACCESS,N,2008.0,408.046692595579
CLARK AVE,04-At/near private drive,09-Right shoulder,01-Clear,01-Daylight,MIDBLOCK,Friday,June,0,CLARK AVE,2,ROAD,LOCAL,9.0,20.0,PAVED,TwoWay,PAVED,6,40,NO ACCESS,N,2008.0,102.61641506154
CLARK AVE,04-At/near private drive,09-Right shoulder,01-Clear,01-Daylight,MIDBLOCK,Friday,June,0,CLARK AVE,2,ROAD,LOCAL,9.0,20.0,PAVED,TwoWay,PAVED,6,40,NO ACCESS,N,2008.0,87.51829882084101
CLARK AVE,04-At/near private drive,09-Right shoulder,01-Clear,01-Daylight,MIDBLOCK,Friday,June,0,CLARK AVE,2,ROAD,LOCAL,9.0,20.0,PAVED,TwoWay,PAVED,6,50,NO ACCESS,N,2008.0,218.991706191034
CLARK AVE,04-At/near private drive,02-Thru lane,01-Clear,01-Daylight,MIDBLOCK,Sunday,December,1,CLARK AVE,2,ROAD,LOCAL,9.0,20.0,PAVED,TwoWay,PAVED,6,50,NO ACCESS,N,2008.0,408.046692595579
CLARK AVE,04-At/near private drive,02-Thru lane,01-Clear,01-Daylight,MIDBLOCK,Sunday,December,1,CLARK AVE,2,ROAD,LOCAL,9.0,20.0,PAVED,TwoWay,PAVED,6,40,NO ACCESS,N,2008.0,102.61641506154
CLARK AVE,04-At/near private drive,02-Thru lane,01-Clear,01-Daylight,MIDBLOCK,Sunday,December,1,CLARK AVE,2,ROAD,LOCAL,9.0,20.0,PAVED,TwoWay,PAVED,6,40,NO ACCESS,N,2008.0,87.51829882084101
CLARK AVE,04-At/near private drive,02-Thru lane,01-Clear,01-Daylight,MIDBLOCK,Sunday,December,1,CLARK AVE,2,ROAD,LOCAL,9.0,20.0,PAVED,TwoWay,PAVED,6,50,NO ACCESS,N,2008.0,218.991706191034
CLARK AVE,04-At/near private drive,02-Thru lane,03-Snow,01-Daylight,MIDBLOCK,Sunday,February,1,CLARK AVE,2,ROAD,LOCAL,9.0,20.0,PAVED,TwoWay,PAVED,6,50,NO ACCESS,N,2008.0,408.046692595579
CLARK AVE,04-At/near private drive,02-Thru lane,03-Snow,01-Daylight,MIDBLOCK,Sunday,February,1,CLARK AVE,2,ROAD,LOCAL,9.0,20.0,PAVED,TwoWay,PAVED,6,40,NO ACCESS,N,2008.0,102.61641506154
CLARK AVE,04-At/near private drive,02-Thru lane,03-Snow,01-Daylight,MIDBLOCK,Sunday,February,1,CLARK AVE,2,ROAD,LOCAL,9.0,20.0,PAVED,TwoWay,PAVED,6,40,NO ACCESS,N,2008.0,87.51829882084101
CLARK AVE,04-At/near private drive,02-Thru lane,03-Snow,01-Daylight,MIDBLOCK,Sunday,February,1,CLARK AVE,2,ROAD,LOCAL,9.0,20.0,PAVED,TwoWay,PAVED,6,50,NO ACCESS,N,2008.0,218.991706191034
CLARK AVE,01-Non intersection,02-Thru lane,02-Rain,"08-Dark, artificial",MIDBLOCK,Tuesday,November,0,CLARK AVE,2,ROAD,LOCAL,9.0,20.0,PAVED,TwoWay,PAVED,6,50,NO ACCESS,N,2008.0,408.046692595579
CLARK AVE,01-Non intersection,02-Thru lane,02-Rain,"08-Dark, artificial",MIDBLOCK,Tuesday,November,0,CLARK AVE,2,ROAD,LOCAL,9.0,20.0,PAVED,TwoWay,PAVED,6,40,NO ACCESS,N,2008.0,102.61641506154
CLARK AVE,01-Non intersection,02-Thru lane,02-Rain,"08-Dark, artificial",MIDBLOCK,Tuesday,November,0,CLARK AVE,2,ROAD,LOCAL,9.0,20.0,PAVED,TwoWay,PAVED,6,40,NO ACCESS,N,2008.0,87.51829882084101
CLARK AVE,01-Non intersection,02-Thru lane,02-Rain,"08-Dark, artificial",MIDBLOCK,Tuesday,November,0,CLARK AVE,2,ROAD,LOCAL,9.0,20.0,PAVED,TwoWay,PAVED,6,50,NO ACCESS,N,2008.0,218.991706191034
CLARK AVE,04-At/near private drive,02-Thru lane,01-Clear,01-Daylight,MIDBLOCK,Wednesday,November,0,CLARK AVE,2,ROAD,LOCAL,9.0,20.0,PAVED,TwoWay,PAVED,6,50,NO ACCESS,N,2008.0,408.046692595579
CLARK AVE,04-At/near private drive,02-Thru lane,01-Clear,01-Daylight,MIDBLOCK,Wednesday,November,0,CLARK AVE,2,ROAD,LOCAL,9.0,20.0,PAVED,TwoWay,PAVED,6,40,NO ACCESS,N,2008.0,102.61641506154
CLARK AVE,04-At/near private drive,02-Thru lane,01-Clear,01-Daylight,MIDBLOCK,Wednesday,November,0,CLARK AVE,2,ROAD,LOCAL,9.0,20.0,PAVED,TwoWay,PAVED,6,40,NO ACCESS,N,2008.0,87.51829882084101
CLARK AVE,04-At/near private drive,02-Thru lane,01-Clear,01-Daylight,MIDBLOCK,Wednesday,November,0,CLARK AVE,2,ROAD,LOCAL,9.0,20.0,PAVED,TwoWay,PAVED,6,50,NO ACCESS,N,2008.0,218.991706191034
CLARK AVE,04-At/near private drive,02-Thru lane,01-Clear,01-Daylight,MIDBLOCK,Sunday,June,1,CLARK AVE,2,ROAD,LOCAL,9.0,20.0,PAVED,TwoWay,PAVED,6,50,NO ACCESS,N,2008.0,408.046692595579
CLARK AVE,04-At/near private drive,02-Thru lane,01-Clear,01-Daylight,MIDBLOCK,Sunday,June,1,CLARK AVE,2,ROAD,LOCAL,9.0,20.0,PAVED,TwoWay,PAVED,6,40,NO ACCESS,N,2008.0,102.61641506154
CLARK AVE,04-At/near private drive,02-Thru lane,01-Clear,01-Daylight,MIDBLOCK,Sunday,June,1,CLARK AVE,2,ROAD,LOCAL,9.0,20.0,PAVED,TwoWay,PAVED,6,40,NO ACCESS,N,2008.0,87.51829882084101
CLARK AVE,04-At/near private drive,02-Thru lane,01-Clear,01-Daylight,MIDBLOCK,Sunday,June,1,CLARK AVE,2,ROAD,LOCAL,9.0,20.0,PAVED,TwoWay,PAVED,6,50,NO ACCESS,N,2008.0,218.991706191034
CLARK AVE,04-At/near private drive,09-Right shoulder,01-Clear,"06-Dusk, artificial",MIDBLOCK,Monday,August,0,CLARK AVE,2,ROAD,LOCAL,9.0,20.0,PAVED,TwoWay,PAVED,6,50,NO ACCESS,N,2008.0,408.046692595579
CLARK AVE,04-At/near private drive,09-Right shoulder,01-Clear,"06-Dusk, artificial",MIDBLOCK,Monday,August,0,CLARK AVE,2,ROAD,LOCAL,9.0,20.0,PAVED,TwoWay,PAVED,6,40,NO ACCESS,N,2008.0,102.61641506154
CLARK AVE,04-At/near private drive,09-Right shoulder,01-Clear,"06-Dusk, artificial",MIDBLOCK,Monday,August,0,CLARK AVE,2,ROAD,LOCAL,9.0,20.0,PAVED,TwoWay,PAVED,6,40,NO ACCESS,N,2008.0,87.51829882084101
CLARK AVE,04-At/near private drive,09-Right shoulder,01-Clear,"06-Dusk, artificial",MIDBLOCK,Monday,August,0,CLARK AVE,2,ROAD,LOCAL,9.0,20.0,PAVED,TwoWay,PAVED,6,50,NO ACCESS,N,2008.0,218.991706191034
KING ST W,01-Non intersection,02-Thru lane,01-Clear,07-Dark,MIDBLOCK,Sunday,May,1,KING ST W,2,ROAD,MAJOR,10.0,20.0,PAVED,TwoWay,PAVED,2,50,NO ACCESS,Y,1900.0,32.7427787150188
KING ST W,01-Non intersection,99-Other,01-Clear,01-Daylight,MIDBLOCK,Friday,December,0,KING ST W,2,ROAD,MAJOR,10.0,20.0,PAVED,TwoWay,PAVED,2,50,NO ACCESS,Y,1900.0,32.7427787150188
KING ST W,01-Non intersection,02-Thru lane,01-Clear,01-Daylight,MIDBLOCK,Monday,July,0,KING ST W,2,ROAD,MAJOR,10.0,20.0,PAVED,TwoWay,PAVED,2,50,NO ACCESS,Y,1900.0,32.7427787150188
KING ST W,01-Non intersection,02-Thru lane,01-Clear,"08-Dark, artificial",MIDBLOCK,Friday,November,0,KING ST W,2,ROAD,MAJOR,10.0,20.0,PAVED,TwoWay,PAVED,2,50,NO ACCESS,Y,1900.0,32.7427787150188
KING ST W,01-Non intersection,09-Right shoulder,01-Clear,01-Daylight,MIDBLOCK,Friday,November,0,KING ST W,2,ROAD,MAJOR,10.0,20.0,PAVED,TwoWay,PAVED,2,50,NO ACCESS,Y,1900.0,32.7427787150188
KING ST W,01-Non intersection,09-Right shoulder,01-Clear,"08-Dark, artificial",MIDBLOCK,Friday,January,0,KING ST W,2,ROAD,MAJOR,10.0,20.0,PAVED,TwoWay,PAVED,2,50,NO ACCESS,Y,1900.0,32.7427787150188
KING ST W,01-Non intersection,02-Thru lane,01-Clear,01-Daylight,MIDBLOCK,Tuesday,August,0,KING ST W,2,ROAD,MAJOR,10.0,20.0,PAVED,TwoWay,PAVED,2,50,NO ACCESS,Y,1900.0,32.7427787150188
KING ST W,01-Non intersection,02-Thru lane,01-Clear,01-Daylight,MIDBLOCK,Wednesday,August,0,KING ST W,2,ROAD,MAJOR,10.0,20.0,PAVED,TwoWay,PAVED,2,50,NO ACCESS,Y,1900.0,32.7427787150188
KING ST W,01-Non intersection,02-Thru lane,01-Clear,01-Daylight,MIDBLOCK,Thursday,May,0,KING ST W,2,ROAD,MAJOR,10.0,20.0,PAVED,TwoWay,PAVED,2,50,NO ACCESS,Y,1900.0,32.7427787150188
KING ST W,01-Non intersection,09-Right shoulder,01-Clear,01-Daylight,MIDBLOCK,Friday,August,0,KING ST W,2,ROAD,MAJOR,10.0,20.0,PAVED,TwoWay,PAVED,2,50,NO ACCESS,Y,1900.0,32.7427787150188
KING ST W,01-Non intersection,02-Thru lane,01-Clear,01-Daylight,MIDBLOCK,Wednesday,June,0,KING ST W,2,ROAD,MAJOR,10.0,20.0,PAVED,TwoWay,PAVED,2,50,NO ACCESS,Y,1900.0,32.7427787150188
KING ST W,01-Non intersection,02-Thru lane,01-Clear,01-Daylight,MIDBLOCK,Tuesday,September,0,KING ST W,2,ROAD,MAJOR,10.0,20.0,PAVED,TwoWay,PAVED,2,50,NO ACCESS,Y,1900.0,32.7427787150188
KING ST W,01-Non intersection,02-Thru lane,01-Clear,01-Daylight,MIDBLOCK,Sunday,February,1,KING ST W,2,ROAD,MAJOR,10.0,20.0,PAVED,TwoWay,PAVED,2,50,NO ACCESS,Y,1900.0,32.7427787150188
KING ST W,01-Non intersection,02-Thru lane,01-Clear,"08-Dark, artificial",MIDBLOCK,Saturday,December,1,KING ST W,2,ROAD,MAJOR,10.0,20.0,PAVED,TwoWay,PAVED,2,50,NO ACCESS,Y,1900.0,32.7427787150188
KING ST W,01-Non intersection,01-Within intersection,01-Clear,01-Daylight,MIDBLOCK,Wednesday,October,0,KING ST W,2,ROAD,MAJOR,10.0,20.0,PAVED,TwoWay,PAVED,2,50,NO ACCESS,Y,1900.0,32.7427787150188
KING ST W,01-Non intersection,02-Thru lane,01-Clear,05-Dusk,MIDBLOCK,Friday,November,0,KING ST W,2,ROAD,MAJOR,10.0,20.0,PAVED,TwoWay,PAVED,2,50,NO ACCESS,Y,1900.0,32.7427787150188
KING ST W,01-Non intersection,02-Thru lane,01-Clear,01-Daylight,MIDBLOCK,Friday,April,0,KING ST W,2,ROAD,MAJOR,10.0,20.0,PAVED,TwoWay,PAVED,2,50,NO ACCESS,Y,1900.0,32.7427787150188
KING ST W,01-Non intersection,02-Thru lane,01-Clear,01-Daylight,MIDBLOCK,Saturday,September,1,KING ST W,2,ROAD,MAJOR,10.0,20.0,PAVED,TwoWay,PAVED,2,50,NO ACCESS,Y,1900.0,32.7427787150188
KING ST W,01-Non intersection,11-Not on roadway - right side,01-Clear,01-Daylight,MIDBLOCK,Tuesday,September,0,KING ST W,2,ROAD,MAJOR,10.0,20.0,PAVED,TwoWay,PAVED,2,50,NO ACCESS,Y,1900.0,32.7427787150188
KING ST W,04-At/near private drive,02-Thru lane,01-Clear,01-Daylight,MIDBLOCK,Saturday,June,1,KING ST W,2,ROAD,MAJOR,10.0,20.0,PAVED,TwoWay,PAVED,2,50,NO ACCESS,Y,1900.0,32.7427787150188
KING ST W,01-Non intersection,02-Thru lane,02-Rain,05-Dusk,MIDBLOCK,Wednesday,January,0,KING ST W,2,ROAD,MAJOR,10.0,20.0,PAVED,TwoWay,PAVED,2,50,NO ACCESS,Y,1900.0,32.7427787150188
KING ST W,01-Non intersection,02-Thru lane,01-Clear,"06-Dusk, artificial",MIDBLOCK,Monday,November,0,KING ST W,2,ROAD,MAJOR,10.0,20.0,PAVED,TwoWay,PAVED,2,50,NO ACCESS,Y,1900.0,32.7427787150188
KING ST W,99-Other,11-Not on roadway - right side,03-Snow,01-Daylight,MIDBLOCK,Sunday,February,1,KING ST W,2,ROAD,MAJOR,10.0,20.0,PAVED,TwoWay,PAVED,2,50,NO ACCESS,Y,1900.0,32.7427787150188
KING ST W,04-At/near private drive,11-Not on roadway - right side,01-Clear,01-Daylight,MIDBLOCK,Wednesday,October,0,KING ST W,2,ROAD,MAJOR,10.0,20.0,PAVED,TwoWay,PAVED,2,50,NO ACCESS,Y,1900.0,32.7427787150188
KING ST W,04-At/near private drive,02-Thru lane,02-Rain,01-Daylight,MIDBLOCK,Friday,October,0,KING ST W,2,ROAD,MAJOR,10.0,20.0,PAVED,TwoWay,PAVED,2,50,NO ACCESS,Y,1900.0,32.7427787150188
KING ST W,04-At/near private drive,02-Thru lane,01-Clear,"08-Dark, artificial",MIDBLOCK,Saturday,December,1,KING ST W,2,ROAD,MAJOR,10.0,20.0,PAVED,TwoWay,PAVED,2,50,NO ACCESS,Y,1900.0,32.7427787150188
KING ST W,01-Non intersection,11-Not on roadway - right side,03-Snow,"08-Dark, artificial",MIDBLOCK,Friday,December,0,KING ST W,2,ROAD,MAJOR,10.0,20.0,PAVED,TwoWay,PAVED,2,50,NO ACCESS,Y,1900.0,32.7427787150188
KING ST W,98-Other,09-Right shoulder,02-Rain,01-Daylight,MIDBLOCK,Saturday,September,1,KING ST W,2,ROAD,MAJOR,10.0,20.0,PAVED,TwoWay,PAVED,2,50,NO ACCESS,Y,1900.0,32.7427787150188
KING ST W,01-Non intersection,02-Thru lane,03-Snow,"08-Dark, artificial",MIDBLOCK,Thursday,November,0,KING ST W,2,ROAD,MAJOR,10.0,20.0,PAVED,TwoWay,PAVED,2,50,NO ACCESS,Y,1900.0,32.7427787150188
KING ST W,01-Non intersection,02-Thru lane,03-Snow,01-Daylight,MIDBLOCK,Thursday,December,0,KING ST W,2,ROAD,MAJOR,10.0,20.0,PAVED,TwoWay,PAVED,2,50,NO ACCESS,Y,1900.0,32.7427787150188
KING ST W,04-At/near private drive,09-Right shoulder,01-Clear,01-Daylight,MIDBLOCK,Saturday,June,1,KING ST W,2,ROAD,MAJOR,10.0,20.0,PAVED,TwoWay,PAVED,2,50,NO ACCESS,Y,1900.0,32.7427787150188
KING ST W,01-Non intersection,02-Thru lane,01-Clear,01-Daylight,MIDBLOCK,Wednesday,February,0,KING ST W,2,ROAD,MAJOR,10.0,20.0,PAVED,TwoWay,PAVED,2,50,NO ACCESS,Y,1900.0,32.7427787150188
KING ST W,01-Non intersection,02-Thru lane,01-Clear,"08-Dark, artificial",MIDBLOCK,Sunday,February,1,KING ST W,2,ROAD,MAJOR,10.0,20.0,PAVED,TwoWay,PAVED,2,50,NO ACCESS,Y,1900.0,32.7427787150188
KING ST W,01-Non intersection,11-Not on roadway - right side,01-Clear,"08-Dark, artificial",MIDBLOCK,Saturday,April,1,KING ST W,2,ROAD,MAJOR,10.0,20.0,PAVED,TwoWay,PAVED,2,50,NO ACCESS,Y,1900.0,32.7427787150188
KING ST W,01-Non intersection,02-Thru lane,01-Clear,01-Daylight,MIDBLOCK,Thursday,March,0,KING ST W,2,ROAD,MAJOR,10.0,20.0,PAVED,TwoWay,PAVED,2,50,NO ACCESS,Y,1900.0,32.7427787150188
KING ST W,01-Non intersection,09-Right shoulder,01-Clear,07-Dark,MIDBLOCK,Friday,March,0,KING ST W,2,ROAD,MAJOR,10.0,20.0,PAVED,TwoWay,PAVED,2,50,NO ACCESS,Y,1900.0,32.7427787150188
KING ST W,01-Non intersection,02-Thru lane,01-Clear,01-Daylight,MIDBLOCK,Tuesday,July,0,KING ST W,2,ROAD,MAJOR,10.0,20.0,PAVED,TwoWay,PAVED,2,50,NO ACCESS,Y,1900.0,32.7427787150188
KING ST W,01-Non intersection,02-Thru lane,02-Rain,"08-Dark, artificial",MIDBLOCK,Friday,October,0,KING ST W,2,ROAD,MAJOR,10.0,20.0,PAVED,TwoWay,PAVED,2,50,NO ACCESS,Y,1900.0,32.7427787150188
KING ST W,01-Non intersection,02-Thru lane,01-Clear,"08-Dark, artificial",MIDBLOCK,Friday,March,0,KING ST W,2,ROAD,MAJOR,10.0,20.0,PAVED,TwoWay,PAVED,2,50,NO ACCESS,Y,1900.0,32.7427787150188
KING ST W,01-Non intersection,09-Right shoulder,01-Clear,01-Daylight,MIDBLOCK,Wednesday,August,0,KING ST W,2,ROAD,MAJOR,10.0,20.0,PAVED,TwoWay,PAVED,2,50,NO ACCESS,Y,1900.0,32.7427787150188
KING ST W,04-At/near private drive,02-Thru lane,01-Clear,01-Daylight,MIDBLOCK,Tuesday,October,0,KING ST W,2,ROAD,MAJOR,10.0,20.0,PAVED,TwoWay,PAVED,2,50,NO ACCESS,Y,1900.0,32.7427787150188
KING ST W,01-Non intersection,09-Right shoulder,01-Clear,07-Dark,MIDBLOCK,Saturday,February,1,KING ST W,2,ROAD,MAJOR,10.0,20.0,PAVED,TwoWay,PAVED,2,50,NO ACCESS,Y,1900.0,32.7427787150188
KING ST W,01-Non intersection,09-Right shoulder,01-Clear,01-Daylight,MIDBLOCK,Wednesday,February,0,KING ST W,2,ROAD,MAJOR,10.0,20.0,PAVED,TwoWay,PAVED,2,50,NO ACCESS,Y,1900.0,32.7427787150188
KING ST W,01-Non intersection,02-Thru lane,01-Clear,01-Daylight,MIDBLOCK,Tuesday,June,0,KING ST W,2,ROAD,MAJOR,10.0,20.0,PAVED,TwoWay,PAVED,2,50,NO ACCESS,Y,1900.0,32.7427787150188
KING ST W,98-Other,11-Not on roadway - right side,01-Clear,01-Daylight,MIDBLOCK,Thursday,June,0,KING ST W,2,ROAD,MAJOR,10.0,20.0,PAVED,TwoWay,PAVED,2,50,NO ACCESS,Y,1900.0,32.7427787150188
KING ST W,01-Non intersection,11-Not on roadway - right side,02-Rain,01-Daylight,MIDBLOCK,Thursday,November,0,KING ST W,2,ROAD,MAJOR,10.0,20.0,PAVED,TwoWay,PAVED,2,50,NO ACCESS,Y,1900.0,32.7427787150188
KING ST W,04-At/near private drive,02-Thru lane,01-Clear,01-Daylight,MIDBLOCK,Monday,February,0,KING ST W,2,ROAD,MAJOR,10.0,20.0,PAVED,TwoWay,PAVED,2,50,NO ACCESS,Y,1900.0,32.7427787150188
KING ST W,01-Non intersection,02-Thru lane,01-Clear,01-Daylight,MIDBLOCK,Wednesday,December,0,KING ST W,2,ROAD,MAJOR,10.0,20.0,PAVED,TwoWay,PAVED,2,50,NO ACCESS,Y,1900.0,32.7427787150188
MELROSE AVE,04-At/near private drive,02-Thru lane,01-Clear,01-Daylight,MIDBLOCK,Thursday,March,0,MELROSE AVE,2,ROAD,LOCAL,9.0,20.0,PAVED,TwoWay,PAVED,6,50,NO ACCESS,N,1952.0,128.676469488648
MELROSE AVE,04-At/near private drive,02-Thru lane,01-Clear,01-Daylight,MIDBLOCK,Thursday,March,0,MELROSE AVE,2,ROAD,LOCAL,9.0,20.0,PAVED,TwoWay,PAVED,6,50,NO ACCESS,N,1952.0,112.419483621356
MELROSE AVE,04-At/near private drive,02-Thru lane,01-Clear,01-Daylight,MIDBLOCK,Thursday,March,0,MELROSE AVE,2,ROAD,LOCAL,9.0,20.0,PAVED,TwoWay,PAVED,6,50,NO ACCESS,N,1952.0,88.8086930924662
MELROSE AVE,04-At/near private drive,02-Thru lane,01-Clear,01-Daylight,MIDBLOCK,Thursday,March,0,MELROSE AVE,2,ROAD,LOCAL,9.0,20.0,PAVED,TwoWay,PAVED,6,50,NO ACCESS,N,1935.0,200.264913736175
MELROSE AVE,04-At/near private drive,02-Thru lane,01-Clear,01-Daylight,MIDBLOCK,Thursday,March,0,MELROSE AVE,2,ROAD,LOCAL,9.0,20.0,PAVED,TwoWay,PAVED,6,50,NO ACCESS,N,1952.0,90.49031604922493
MELROSE AVE,04-At/near private drive,02-Thru lane,01-Clear,01-Daylight,MIDBLOCK,Wednesday,January,0,MELROSE AVE,2,ROAD,LOCAL,9.0,20.0,PAVED,TwoWay,PAVED,6,50,NO ACCESS,N,1952.0,128.676469488648
MELROSE AVE,04-At/near private drive,02-Thru lane,01-Clear,01-Daylight,MIDBLOCK,Wednesday,January,0,MELROSE AVE,2,ROAD,LOCAL,9.0,20.0,PAVED,TwoWay,PAVED,6,50,NO ACCESS,N,1952.0,112.419483621356
MELROSE AVE,04-At/near private drive,02-Thru lane,01-Clear,01-Daylight,MIDBLOCK,Wednesday,January,0,MELROSE AVE,2,ROAD,LOCAL,9.0,20.0,PAVED,TwoWay,PAVED,6,50,NO ACCESS,N,1952.0,88.8086930924662
MELROSE AVE,04-At/near private drive,02-Thru lane,01-Clear,01-Daylight,MIDBLOCK,Wednesday,January,0,MELROSE AVE,2,ROAD,LOCAL,9.0,20.0,PAVED,TwoWay,PAVED,6,50,NO ACCESS,N,1935.0,200.264913736175
MELROSE AVE,04-At/near private drive,02-Thru lane,01-Clear,01-Daylight,MIDBLOCK,Wednesday,January,0,MELROSE AVE,2,ROAD,LOCAL,9.0,20.0,PAVED,TwoWay,PAVED,6,50,NO ACCESS,N,1952.0,90.49031604922493