LOCATION,ACCIDENT_LOCATION,IMPACT_LOCATION,ENVIRONMENT_CONDITION,LIGHT,COLLISION_TYPE,DAY_OF_WEEK,MONTH,IS_WEEKEND,STREET,LANES,CATEGORY,SUBCATEGORY,PAVEMENT_WIDTH,ROW_WIDTH,SHOULDER,FLOW_DIRECTION,SURFACE_LAYER_TYPE,OFFICIAL_ROAD_CLASSIFICATION,SPEED_LIMIT_KM,TRUCK_ACCESS,BUS_ROUTE,SERVICE_YEAR,Shape__Length
ACTIVA AVE,04-At/near private drive,02-Thru lane,04-Freezing Rain,"04-Dawn, artificial",MIDBLOCK,Monday,February,0,ACTIVA AVE,2,ROAD,MINOR,10.0,20.0,PAVED,TwoWay,PAVED,3,50,NO ACCESS,Y,2005.0,97.0726483057522
ACTIVA AVE,04-At/near private drive,02-Thru lane,04-Freezing Rain,"04-Dawn, artificial",MIDBLOCK,Monday,February,0,ACTIVA AVE,2,ROAD,MINOR,11.0,18.0,PAVED,TwoWay,PAVED,6,50,NO ACCESS,Y,2004.0,57.7961942235328
ACTIVA AVE,04-At/near private drive,02-Thru lane,04-Freezing Rain,"04-Dawn, artificial",MIDBLOCK,Monday,February,0,ACTIVA AVE,2,ROAD,MINOR,10.0,20.0,PAVED,TwoWay,PAVED,3,50,NO ACCESS,Y,2003.0,174.964971728366
ACTIVA AVE,04-At/near private drive,02-Thru lane,04-Freezing Rain,"04-Dawn, artificial",MIDBLOCK,Monday,February,0,ACTIVA AVE,2,ROAD,MINOR,8.0,18.0,PAVED,TwoWay,PAVED,6,50,NO ACCESS,Y,2005.0,79.0156492709905
ACTIVA AVE,04-At/near private drive,02-Thru lane,04-Freezing Rain,"04-Dawn, artificial",MIDBLOCK,Monday,February,0,ACTIVA AVE,2,ROAD,MINOR,9.0,18.0,PAVED,TwoWay,PAVED,6,50,NO ACCESS,Y,2005.0,38.397927030115206
ACTIVA AVE,04-At/near private drive,02-Thru lane,01-Clear,03-Dawn,MIDBLOCK,Tuesday,May,0,ACTIVA AVE,2,ROAD,MINOR,10.0,20.0,PAVED,TwoWay,PAVED,6,50,NO ACCESS,Y,2003.0,252.387136693324
ACTIVA AVE,04-At/near private drive,02-Thru lane,01-Clear,03-Dawn,MIDBLOCK,Tuesday,May,0,ACTIVA AVE,2,ROAD,MINOR,10.0,20.0,PAVED,TwoWay,PAVED,3,50,NO ACCESS,Y,2003.0,127.343128327022
ACTIVA AVE,04-At/near private drive,02-Thru lane,01-Clear,03-Dawn,MIDBLOCK,Tuesday,May,0,ACTIVA AVE,2,ROAD,MINOR,10.0,20.0,PAVED,TwoWay,PAVED,3,50,NO ACCESS,Y,2003.0,184.55894939405601
ACTIVA AVE,04-At/near private drive,02-Thru lane,01-Clear,03-Dawn,MIDBLOCK,Tuesday,May,0,ACTIVA AVE,2,ROAD,MINOR,11.0,20.0,PAVED,TwoWay,PAVED,3,50,NO ACCESS,Y,2000.0,95.89355466991621
ACTIVA AVE,04-At/near private drive,02-Thru lane,01-Clear,03-Dawn,MIDBLOCK,Tuesday,May,0,ACTIVA AVE,2,ROAD,MINOR,11.0,20.0,PAVED,TwoWay,PAVED,3,50,NO ACCESS,Y,2003.0,77.87946174121491
ACTIVA AVE,04-At/near private drive,02-Thru lane,01-Clear,03-Dawn,MIDBLOCK,Tuesday,May,0,ACTIVA AVE,2,ROAD,MINOR,10.0,20.0,PAVED,TwoWay,PAVED,6,50,NO ACCESS,N,1999.0,255.547639266763
ACTIVA AVE,04-At/near private drive,02-Thru lane,01-Clear,03-Dawn,MIDBLOCK,Tuesday,May,0,ACTIVA AVE,2,ROAD,MINOR,11.0,20.0,PAVED,TwoWay,PAVED,6,50,NO ACCESS,Y,1997.0,95.98636853781773
ACTIVA AVE,04-At/near private drive,02-Thru lane,01-Clear,03-Dawn,MIDBLOCK,Tuesday,May,0,ACTIVA AVE,2,ROAD,MINOR,9.0,18.0,PAVED,TwoWay,PAVED,6,50,NO ACCESS,Y,2005.0,40.58824022929021
ACTIVA AVE,04-At/near private drive,02-Thru lane,01-Clear,03-Dawn,MIDBLOCK,Tuesday,May,0,ACTIVA AVE,2,ROAD,MINOR,9.0,20.0,PAVED,TwoWay,PAVED,6,50,NO ACCESS,Y,1997.0,245.1510165961729
ACTIVA AVE,04-At/near private drive,02-Thru lane,01-Clear,03-Dawn,MIDBLOCK,Tuesday,May,0,ACTIVA AVE,2,ROAD,MINOR,10.0,20.0,PAVED,TwoWay,PAVED,3,50,NO ACCESS,N,1999.0,128.931935756126
ACTIVA AVE,04-At/near private drive,02-Thru lane,01-Clear,03-Dawn,MIDBLOCK,Tuesday,May,0,ACTIVA AVE,2,ROAD,MINOR,9.0,20.0,PAVED,TwoWay,PAVED,3,40,NO ACCESS,N,2005.0,332.510558117834
ACTIVA AVE,04-At/near private drive,02-Thru lane,01-Clear,03-Dawn,MIDBLOCK,Tuesday,May,0,ACTIVA AVE,2,ROAD,MINOR,9.0,20.0,PAVED,TwoWay,PAVED,3,50,NO ACCESS,N,2005.0,79.6763209996527
ACTIVA AVE,04-At/near private drive,02-Thru lane,01-Clear,03-Dawn,MIDBLOCK,Tuesday,May,0,ACTIVA AVE,2,ROAD,MINOR,9.0,20.0,PAVED,TwoWay,PAVED,3,50,NO ACCESS,N,1999.0,73.6436497165961
ACTIVA AVE,04-At/near private drive,02-Thru lane,01-Clear,03-Dawn,MIDBLOCK,Tuesday,May,0,ACTIVA AVE,2,ROAD,MINOR,9.0,20.0,PAVED,TwoWay,PAVED,3,50,NO ACCESS,N,1999.0,89.1148694202688
ACTIVA AVE,04-At/near private drive,02-Thru lane,01-Clear,03-Dawn,MIDBLOCK,Tuesday,May,0,ACTIVA AVE,2,ROAD,MINOR,10.0,20.0,PAVED,TwoWay,PAVED,3,50,NO ACCESS,Y,2003.0,82.1933373962739
ACTIVA AVE,04-At/near private drive,02-Thru lane,01-Clear,03-Dawn,MIDBLOCK,Tuesday,May,0,ACTIVA AVE,2,ROAD,MINOR,9.0,20.0,PAVED,TwoWay,PAVED,6,50,NO ACCESS,Y,1997.0,80.610902244839
ACTIVA AVE,04-At/near private drive,02-Thru lane,01-Clear,03-Dawn,MIDBLOCK,Tuesday,May,0,ACTIVA AVE,2,ROAD,MINOR,10.0,20.0,PAVED,TwoWay,PAVED,3,50,NO ACCESS,Y,2005.0,97.0726483057522
ACTIVA AVE,04-At/near private drive,02-Thru lane,01-Clear,03-Dawn,MIDBLOCK,Tuesday,May,0,ACTIVA AVE,2,ROAD,MINOR,11.0,18.0,PAVED,TwoWay,PAVED,6,50,NO ACCESS,Y,2004.0,57.7961942235328
ACTIVA AVE,04-At/near private drive,02-Thru lane,01-Clear,03-Dawn,MIDBLOCK,Tuesday,May,0,ACTIVA AVE,2,ROAD,MINOR,10.0,20.0,PAVED,TwoWay,PAVED,3,50,NO ACCESS,Y,2003.0,174.964971728366
ACTIVA AVE,04-At/near private drive,02-Thru lane,01-Clear,03-Dawn,MIDBLOCK,Tuesday,May,0,ACTIVA AVE,2,ROAD,MINOR,8.0,18.0,PAVED,TwoWay,PAVED,6,50,NO ACCESS,Y,2005.0,79.0156492709905
ACTIVA AVE,04-At/near private drive,02-Thru lane,01-Clear,03-Dawn,MIDBLOCK,Tuesday,May,0,ACTIVA AVE,2,ROAD,MINOR,9.0,18.0,PAVED,TwoWay,PAVED,6,50,NO ACCESS,Y,2005.0,38.397927030115206
ACTIVA AVE,04-At/near private drive,02-Thru lane,01-Clear,01-Daylight,MIDBLOCK,Tuesday,September,0,ACTIVA AVE,2,ROAD,MINOR,10.0,20.0,PAVED,TwoWay,PAVED,6,50,NO ACCESS,Y,2003.0,252.387136693324
ACTIVA AVE,04-At/near private drive,02-Thru lane,01-Clear,01-Daylight,MIDBLOCK,Tuesday,September,0,ACTIVA AVE,2,ROAD,MINOR,10.0,20.0,PAVED,TwoWay,PAVED,3,50,NO ACCESS,Y,2003.0,127.343128327022
ACTIVA AVE,04-At/near private drive,02-Thru lane,01-Clear,01-Daylight,MIDBLOCK,Tuesday,September,0,ACTIVA AVE,2,ROAD,MINOR,10.0,20.0,PAVED,TwoWay,PAVED,3,50,NO ACCESS,Y,2003.0,184.55894939405601
ACTIVA AVE,04-At/near private drive,02-Thru lane,01-Clear,01-Daylight,MIDBLOCK,Tuesday,September,0,ACTIVA AVE,2,ROAD,MINOR,11.0,20.0,PAVED,TwoWay,PAVED,3,50,NO ACCESS,Y,2000.0,95.89355466991621
ACTIVA AVE,04-At/near private drive,02-Thru lane,01-Clear,01-Daylight,MIDBLOCK,Tuesday,September,0,ACTIVA AVE,2,ROAD,MINOR,11.0,20.0,PAVED,TwoWay,PAVED,3,50,NO ACCESS,Y,2003.0,77.87946174121491
ACTIVA AVE,04-At/near private drive,02-Thru lane,01-Clear,01-Daylight,MIDBLOCK,Tuesday,September,0,ACTIVA AVE,2,ROAD,MINOR,10.0,20.0,PAVED,TwoWay,PAVED,6,50,NO ACCESS,N,1999.0,255.547639266763
ACTIVA AVE,04-At/near private drive,02-Thru lane,01-Clear,01-Daylight,MIDBLOCK,Tuesday,September,0,ACTIVA AVE,2,ROAD,MINOR,11.0,20.0,PAVED,TwoWay,PAVED,6,50,NO ACCESS,Y,1997.0,95.98636853781773
ACTIVA AVE,04-At/near private drive,02-Thru lane,01-Clear,01-Daylight,MIDBLOCK,Tuesday,September,0,ACTIVA AVE,2,ROAD,MINOR,9.0,18.0,PAVED,TwoWay,PAVED,6,50,NO ACCESS,Y,2005.0,40.58824022929021
ACTIVA AVE,04-At/near private drive,02-Thru lane,01-Clear,01-Daylight,MIDBLOCK,Tuesday,September,0,ACTIVA AVE,2,ROAD,MINOR,9.0,20.0,PAVED,TwoWay,PAVED,6,50,NO ACCESS,Y,1997.0,245.1510165961729
ACTIVA AVE,04-At/near private drive,02-Thru lane,01-Clear,01-Daylight,MIDBLOCK,Tuesday,September,0,ACTIVA AVE,2,ROAD,MINOR,10.0,20.0,PAVED,TwoWay,PAVED,3,50,NO ACCESS,N,1999.0,128.931935756126
ACTIVA AVE,04-At/near private drive,02-Thru lane,01-Clear,01-Daylight,MIDBLOCK,Tuesday,September,0,ACTIVA AVE,2,ROAD,MINOR,9.0,20.0,PAVED,TwoWay,PAVED,3,40,NO ACCESS,N,2005.0,332.510558117834
ACTIVA AVE,04-At/near private drive,02-Thru lane,01-Clear,01-Daylight,MIDBLOCK,Tuesday,September,0,ACTIVA AVE,2,ROAD,MINOR,9.0,20.0,PAVED,TwoWay,PAVED,3,50,NO ACCESS,N,2005.0,79.6763209996527
ACTIVA AVE,04-At/near private drive,02-Thru lane,01-Clear,01-Daylight,MIDBLOCK,Tuesday,September,0,ACTIVA AVE,2,ROAD,MINOR,9.0,20.0,PAVED,TwoWay,PAVED,3,50,NO ACCESS,N,1999.0,73.6436497165961
ACTIVA AVE,04-At/near private drive,02-Thru lane,01-Clear,01-Daylight,MIDBLOCK,Tuesday,September,0,ACTIVA AVE,2,ROAD,MINOR,9.0,20.0,PAVED,TwoWay,PAVED,3,50,NO ACCESS,N,1999.0,89.1148694202688
ACTIVA AVE,04-At/near private drive,02-Thru lane,01-Clear,01-Daylight,MIDBLOCK,Tuesday,September,0,ACTIVA AVE,2,ROAD,MINOR,10.0,20.0,PAVED,TwoWay,PAVED,3,50,NO ACCESS,Y,2003.0,82.1933373962739
ACTIVA AVE,04-At/near private drive,02-Thru lane,01-Clear,01-Daylight,MIDBLOCK,Tuesday,September,0,ACTIVA AVE,2,ROAD,MINOR,9.0,20.0,PAVED,TwoWay,PAVED,6,50,NO ACCESS,Y,1997.0,80.610902244839
ACTIVA AVE,04-At/near private drive,02-Thru lane,01-Clear,01-Daylight,MIDBLOCK,Tuesday,September,0,ACTIVA AVE,2,ROAD,MINOR,10.0,20.0,PAVED,TwoWay,PAVED,3,50,NO ACCESS,Y,2005.0,97.0726483057522
ACTIVA AVE,04-At/near private drive,02-Thru lane,01-Clear,01-Daylight,MIDBLOCK,Tuesday,September,0,ACTIVA AVE,2,ROAD,MINOR,11.0,18.0,PAVED,TwoWay,PAVED,6,50,NO ACCESS,Y,2004.0,57.7961942235328
ACTIVA AVE,04-At/near private drive,02-Thru lane,01-Clear,01-Daylight,MIDBLOCK,Tuesday,September,0,ACTIVA AVE,2,ROAD,MINOR,10.0,20.0,PAVED,TwoWay,PAVED,3,50,NO ACCESS,Y,2003.0,174.964971728366
ACTIVA AVE,04-At/near private drive,02-Thru lane,01-Clear,01-Daylight,MIDBLOCK,Tuesday,September,0,ACTIVA AVE,2,ROAD,MINOR,8.0,18.0,PAVED,TwoWay,PAVED,6,50,NO ACCESS,Y,2005.0,79.0156492709905
ACTIVA AVE,04-At/near private drive,02-Thru lane,01-Clear,01-Daylight,MIDBLOCK,Tuesday,September,0,ACTIVA AVE,2,ROAD,MINOR,9.0,18.0,PAVED,TwoWay,PAVED,6,50,NO ACCESS,Y,2005.0,38.397927030115206
ACTIVA AVE,01-Non intersection,02-Thru lane,01-Clear,07-Dark,MIDBLOCK,Wednesday,December,0,ACTIVA AVE,2,ROAD,MINOR,10.0,20.0,PAVED,TwoWay,PAVED,6,50,NO ACCESS,Y,2003.0,252.387136693324
ACTIVA AVE,01-Non intersection,02-Thru lane,01-Clear,07-Dark,MIDBLOCK,Wednesday,December,0,ACTIVA AVE,2,ROAD,MINOR,10.0,20.0,PAVED,TwoWay,PAVED,3,50,NO ACCESS,Y,2003.0,127.343128327022
ACTIVA AVE,01-Non intersection,02-Thru lane,01-Clear,07-Dark,MIDBLOCK,Wednesday,December,0,ACTIVA AVE,2,ROAD,MINOR,10.0,20.0,PAVED,TwoWay,PAVED,3,50,NO ACCESS,Y,2003.0,184.55894939405601
ACTIVA AVE,01-Non intersection,02-Thru lane,01-Clear,07-Dark,MIDBLOCK,Wednesday,December,0,ACTIVA AVE,2,ROAD,MINOR,11.0,20.0,PAVED,TwoWay,PAVED,3,50,NO ACCESS,Y,2000.0,95.89355466991621
ACTIVA AVE,01-Non intersection,02-Thru lane,01-Clear,07-Dark,MIDBLOCK,Wednesday,December,0,ACTIVA AVE,2,ROAD,MINOR,11.0,20.0,PAVED,TwoWay,PAVED,3,50,NO ACCESS,Y,2003.0,77.87946174121491
ACTIVA AVE,01-Non intersection,02-Thru lane,01-Clear,07-Dark,MIDBLOCK,Wednesday,December,0,ACTIVA AVE,2,ROAD,MINOR,10.0,20.0,PAVED,TwoWay,PAVED,6,50,NO ACCESS,N,1999.0,255.547639266763
ACTIVA AVE,01-Non intersection,02-Thru lane,01-Clear,07-Dark,MIDBLOCK,Wednesday,December,0,ACTIVA AVE,2,ROAD,MINOR,11.0,20.0,PAVED,TwoWay,PAVED,6,50,NO ACCESS,Y,1997.0,95.98636853781773
ACTIVA AVE,01-Non intersection,02-Thru lane,01-Clear,07-Dark,MIDBLOCK,Wednesday,December,0,ACTIVA AVE,2,ROAD,MINOR,9.0,18.0,PAVED,TwoWay,PAVED,6,50,NO ACCESS,Y,2005.0,40.58824022929021
ACTIVA AVE,01-Non intersection,02-Thru lane,01-Clear,07-Dark,MIDBLOCK,Wednesday,December,0,ACTIVA AVE,2,ROAD,MINOR,9.0,20.0,PAVED,TwoWay,PAVED,6,50,NO ACCESS,Y,1997.0,245.1510165961729
ACTIVA AVE,01-Non intersection,02-Thru lane,01-Clear,07-Dark,MIDBLOCK,Wednesday,December,0,ACTIVA AVE,2,ROAD,MINOR,10.0,20.0,PAVED,TwoWay,PAVED,3,50,NO ACCESS,N,1999.0,128.931935756126
ACTIVA AVE,01-Non intersection,02-Thru lane,01-Clear,07-Dark,MIDBLOCK,Wednesday,December,0,ACTIVA AVE,2,ROAD,MINOR,9.0,20.0,PAVED,TwoWay,PAVED,3,40,NO ACCESS,N,2005.0,332.510558117834
ACTIVA AVE,01-Non intersection,02-Thru lane,01-Clear,07-Dark,MIDBLOCK,Wednesday,December,0,ACTIVA AVE,2,ROAD,MINOR,9.0,20.0,PAVED,TwoWay,PAVED,3,50,NO ACCESS,N,2005.0,79.6763209996527
ACTIVA AVE,01-Non intersection,02-Thru lane,01-Clear,07-Dark,MIDBLOCK,Wednesday,December,0,ACTIVA AVE,2,ROAD,MINOR,9.0,20.0,PAVED,TwoWay,PAVED,3,50,NO ACCESS,N,1999.0,73.6436497165961
ACTIVA AVE,01-Non intersection,02-Thru lane,01-Clear,07-Dark,MIDBLOCK,Wednesday,December,0,ACTIVA AVE,2,ROAD,MINOR,9.0,20.0,PAVED,TwoWay,PAVED,3,50,NO ACCESS,N,1999.0,89.1148694202688
ACTIVA AVE,01-Non intersection,02-Thru lane,01-Clear,07-Dark,MIDBLOCK,Wednesday,December,0,ACTIVA AVE,2,ROAD,MINOR,10.0,20.0,PAVED,TwoWay,PAVED,3,50,NO ACCESS,Y,2003.0,82.1933373962739
ACTIVA AVE,01-Non intersection,02-Thru lane,01-Clear,07-Dark,MIDBLOCK,Wednesday,December,0,ACTIVA AVE,2,ROAD,MINOR,9.0,20.0,PAVED,TwoWay,PAVED,6,50,NO ACCESS,Y,1997.0,80.610902244839
ACTIVA AVE,01-Non intersection,02-Thru lane,01-Clear,07-Dark,MIDBLOCK,Wednesday,December,0,ACTIVA AVE,2,ROAD,MINOR,10.0,20.0,PAVED,TwoWay,PAVED,3,50,NO ACCESS,Y,2005.0,97.0726483057522
ACTIVA AVE,01-Non intersection,02-Thru lane,01-Clear,07-Dark,MIDBLOCK,Wednesday,December,0,ACTIVA AVE,2,ROAD,MINOR,11.0,18.0,PAVED,TwoWay,PAVED,6,50,NO ACCESS,Y,2004.0,57.7961942235328
ACTIVA AVE,01-Non intersection,02-Thru lane,01-Clear,07-Dark,MIDBLOCK,Wednesday,December,0,ACTIVA AVE,2,ROAD,MINOR,10.0,20.0,PAVED,TwoWay,PAVED,3,50,NO ACCESS,Y,2003.0,174.964971728366
ACTIVA AVE,01-Non intersection,02-Thru lane,01-Clear,07-Dark,MIDBLOCK,Wednesday,December,0,ACTIVA AVE,2,ROAD,MINOR,8.0,18.0,PAVED,TwoWay,PAVED,6,50,NO ACCESS,Y,2005.0,79.0156492709905
ACTIVA AVE,01-Non intersection,02-Thru lane,01-Clear,07-Dark,MIDBLOCK,Wednesday,December,0,ACTIVA AVE,2,ROAD,MINOR,9.0,18.0,PAVED,TwoWay,PAVED,6,50,NO ACCESS,Y,2005.0,38.397927030115206
ACTIVA AVE,04-At/near private drive,02-Thru lane,01-Clear,07-Dark,MIDBLOCK,Wednesday,October,0,ACTIVA AVE,2,ROAD,MINOR,10.0,20.0,PAVED,TwoWay,PAVED,6,50,NO ACCESS,Y,2003.0,252.387136693324
ACTIVA AVE,04-At/near private drive,02-Thru lane,01-Clear,07-Dark,MIDBLOCK,Wednesday,October,0,ACTIVA AVE,2,ROAD,MINOR,10.0,20.0,PAVED,TwoWay,PAVED,3,50,NO ACCESS,Y,2003.0,127.343128327022
ACTIVA AVE,04-At/near private drive,02-Thru lane,01-Clear,07-Dark,MIDBLOCK,Wednesday,October,0,ACTIVA AVE,2,ROAD,MINOR,10.0,20.0,PAVED,TwoWay,PAVED,3,50,NO ACCESS,Y,2003.0,184.55894939405601
ACTIVA AVE,04-At/near private drive,02-Thru lane,01-Clear,07-Dark,MIDBLOCK,Wednesday,October,0,ACTIVA AVE,2,ROAD,MINOR,11.0,20.0,PAVED,TwoWay,PAVED,3,50,NO ACCESS,Y,2000.0,95.89355466991621
ACTIVA AVE,04-At/near private drive,02-Thru lane,01-Clear,07-Dark,MIDBLOCK,Wednesday,October,0,ACTIVA AVE,2,ROAD,MINOR,11.0,20.0,PAVED,TwoWay,PAVED,3,50,NO ACCESS,Y,2003.0,77.87946174121491
ACTIVA AVE,04-At/near private drive,02-Thru lane,01-Clear,07-Dark,MIDBLOCK,Wednesday,October,0,ACTIVA AVE,2,ROAD,MINOR,10.0,20.0,PAVED,TwoWay,PAVED,6,50,NO ACCESS,N,1999.0,255.547639266763
ACTIVA AVE,04-At/near private drive,02-Thru lane,01-Clear,07-Dark,MIDBLOCK,Wednesday,October,0,ACTIVA AVE,2,ROAD,MINOR,11.0,20.0,PAVED,TwoWay,PAVED,6,50,NO ACCESS,Y,1997.0,95.98636853781773
ACTIVA AVE,04-At/near private drive,02-Thru lane,01-Clear,07-Dark,MIDBLOCK,Wednesday,October,0,ACTIVA AVE,2,ROAD,MINOR,9.0,18.0,PAVED,TwoWay,PAVED,6,50,NO ACCESS,Y,2005.0,40.58824022929021
ACTIVA AVE,04-At/near private drive,02-Thru lane,01-Clear,07-Dark,MIDBLOCK,Wednesday,October,0,ACTIVA AVE,2,ROAD,MINOR,9.0,20.0,PAVED,TwoWay,PAVED,6,50,NO ACCESS,Y,1997.0,245.1510165961729
ACTIVA AVE,04-At/near private drive,02-Thru lane,01-Clear,07-Dark,MIDBLOCK,Wednesday,October,0,ACTIVA AVE,2,ROAD,MINOR,10.0,20.0,PAVED,TwoWay,PAVED,3,50,NO ACCESS,N,1999.0,128.931935756126
ACTIVA AVE,04-At/near private drive,02-Thru lane,01-Clear,07-Dark,MIDBLOCK,Wednesday,October,0,ACTIVA AVE,2,ROAD,MINOR,9.0,20.0,PAVED,TwoWay,PAVED,3,40,NO ACCESS,N,2005.0,332.510558117834
ACTIVA AVE,04-At/near private drive,02-Thru lane,01-Clear,07-Dark,MIDBLOCK,Wednesday,October,0,ACTIVA AVE,2,ROAD,MINOR,9.0,20.0,PAVED,TwoWay,PAVED,3,50,NO ACCESS,N,2005.0,79.6763209996527
ACTIVA AVE,04-At/near private drive,02-Thru lane,01-Clear,07-Dark,MIDBLOCK,Wednesday,October,0,ACTIVA AVE,2,ROAD,MINOR,9.0,20.0,PAVED,TwoWay,PAVED,3,50,NO ACCESS,N,1999.0,73.6436497165961
ACTIVA AVE,04-At/near private drive,02-Thru lane,01-Clear,07-Dark,MIDBLOCK,Wednesday,October,0,ACTIVA AVE,2,ROAD,MINOR,9.0,20.0,PAVED,TwoWay,PAVED,3,50,NO ACCESS,N,1999.0,89.1148694202688
ACTIVA AVE,04-At/near private drive,02-Thru lane,01-Clear,07-Dark,MIDBLOCK,Wednesday,October,0,ACTIVA AVE,2,ROAD,MINOR,10.0,20.0,PAVED,TwoWay,PAVED,3,50,NO ACCESS,Y,2003.0,82.1933373962739
ACTIVA AVE,04-At/near private drive,02-Thru lane,01-Clear,07-Dark,MIDBLOCK,Wednesday,October,0,ACTIVA AVE,2,ROAD,MINOR,9.0,20.0,PAVED,TwoWay,PAVED,6,50,NO ACCESS,Y,1997.0,80.610902244839
ACTIVA AVE,04-At/near private drive,02-Thru lane,01-Clear,07-Dark,MIDBLOCK,Wednesday,October,0,ACTIVA AVE,2,ROAD,MINOR,10.0,20.0,PAVED,TwoWay,PAVED,3,50,NO ACCESS,Y,2005.0,97.0726483057522
ACTIVA AVE,04-At/near private drive,02-Thru lane,01-Clear,07-Dark,MIDBLOCK,Wednesday,October,0,ACTIVA AVE,2,ROAD,MINOR,11.0,18.0,PAVED,TwoWay,PAVED,6,50,NO ACCESS,Y,2004.0,57.7961942235328
ACTIVA AVE,04-At/near private drive,02-Thru lane,01-Clear,07-Dark,MIDBLOCK,Wednesday,October,0,ACTIVA AVE,2,ROAD,MINOR,10.0,20.0,PAVED,TwoWay,PAVED,3,50,NO ACCESS,Y,2003.0,174.964971728366
ACTIVA AVE,04-At/near private drive,02-Thru lane,01-Clear,07-Dark,MIDBLOCK,Wednesday,October,0,ACTIVA AVE,2,ROAD,MINOR,8.0,18.0,PAVED,TwoWay,PAVED,6,50,NO ACCESS,Y,2005.0,79.0156492709905
ACTIVA AVE,04-At/near private drive,02-Thru lane,01-Clear,07-Dark,MIDBLOCK,Wednesday,October,0,ACTIVA AVE,2,ROAD,MINOR,9.0,18.0,PAVED,TwoWay,PAVED,6,50,NO ACCESS,Y,2005.0,38.397927030115206
ACTIVA AVE,01-Non intersection,02-Thru lane,01-Clear,01-Daylight,MIDBLOCK,Saturday,June,1,ACTIVA AVE,2,ROAD,MINOR,10.0,20.0,PAVED,TwoWay,PAVED,6,50,NO ACCESS,Y,2003.0,252.387136693324
ACTIVA AVE,01-Non intersection,02-Thru lane,01-Clear,01-Daylight,MIDBLOCK,Saturday,June,1,ACTIVA AVE,2,ROAD,MINOR,10.0,20.0,PAVED,TwoWay,PAVED,3,50,NO ACCESS,Y,2003.0,127.343128327022
ACTIVA AVE,01-Non intersection,02-Thru lane,01-Clear,01-Daylight,MIDBLOCK,Saturday,June,1,ACTIVA AVE,2,ROAD,MINOR,10.0,20.0,PAVED,TwoWay,PAVED,3,50,NO ACCESS,Y,2003.0,184.55894939405601
ACTIVA AVE,01-Non intersection,02-Thru lane,01-Clear,01-Daylight,MIDBLOCK,Saturday,June,1,ACTIVA AVE,2,ROAD,MINOR,11.0,20.0,PAVED,TwoWay,PAVED,3,50,NO ACCESS,Y,2000.0,95.89355466991621
ACTIVA AVE,01-Non intersection,02-Thru lane,01-Clear,01-Daylight,MIDBLOCK,Saturday,June,1,ACTIVA AVE,2,ROAD,MINOR,11.0,20.0,PAVED,TwoWay,PAVED,3,50,NO ACCESS,Y,2003.0,77.87946174121491
ACTIVA AVE,01-Non intersection,02-Thru lane,01-Clear,01-Daylight,MIDBLOCK,Saturday,June,1,ACTIVA AVE,2,ROAD,MINOR,10.0,20.0,PAVED,TwoWay,PAVED,6,50,NO ACCESS,N,1999.0,255.547639266763
ACTIVA AVE,01-Non intersection,02-Thru lane,01-Clear,01-Daylight,MIDBLOCK,Saturday,June,1,ACTIVA AVE,2,ROAD,MINOR,11.0,20.0,PAVED,TwoWay,PAVED,6,50,NO ACCESS,Y,1997.0,95.98636853781773
ACTIVA AVE,01-Non intersection,02-Thru lane,01-Clear,01-Daylight,MIDBLOCK,Saturday,June,1,ACTIVA AVE,2,ROAD,MINOR,9.0,18.0,PAVED,TwoWay,PAVED,6,50,NO ACCESS,Y,2005.0,40.58824022929021
ACTIVA AVE,01-Non intersection,02-Thru lane,01-Clear,01-Daylight,MIDBLOCK,Saturday,June,1,ACTIVA AVE,2,ROAD,MINOR,9.0,20.0,PAVED,TwoWay,PAVED,6,50,NO ACCESS,Y,1997.0,245.1510165961729
ACTIVA AVE,01-Non intersection,02-Thru lane,01-Clear,01-Daylight,MIDBLOCK,Saturday,June,1,ACTIVA AVE,2,ROAD,MINOR,10.0,20.0,PAVED,TwoWay,PAVED,3,50,NO ACCESS,N,1999.0,128.931935756126
ACTIVA AVE,01-Non intersection,02-Thru lane,01-Clear,01-Daylight,MIDBLOCK,Saturday,June,1,ACTIVA AVE,2,ROAD,MINOR,9.0,20.0,PAVED,TwoWay,PAVED,3,40,NO ACCESS,N,2005.0,332.510558117834
ACTIVA AVE,01-Non intersection,02-Thru lane,01-Clear,01-Daylight,MIDBLOCK,Saturday,June,1,ACTIVA AVE,2,ROAD,MINOR,9.0,20.0,PAVED,TwoWay,PAVED,3,50,NO ACCESS,N,2005.0,79.6763209996527
ACTIVA AVE,01-Non intersection,02-Thru lane,01-Clear,01-Daylight,MIDBLOCK,Saturday,June,1,ACTIVA AVE,2,ROAD,MINOR,9.0,20.0,PAVED,TwoWay,PAVED,3,50,NO ACCESS,N,1999.0,73.6436497165961
ACTIVA AVE,01-Non intersection,02-Thru lane,01-Clear,01-Daylight,MIDBLOCK,Saturday,June,1,ACTIVA AVE,2,ROAD,MINOR,9.0,20.0,PAVED,TwoWay,PAVED,3,50,NO ACCESS,N,1999.0,89.1148694202688
ACTIVA AVE,01-Non intersection,02-Thru lane,01-Clear,01-Daylight,MIDBLOCK,Saturday,June,1,ACTIVA AVE,2,ROAD,MINOR,10.0,20.0,PAVED,TwoWay,PAVED,3,50,NO ACCESS,Y,2003.0,82.1933373962739
ACTIVA AVE,01-Non intersection,02-Thru lane,01-Clear,01-Daylight,MIDBLOCK,Saturday,June,1,ACTIVA AVE,2,ROAD,MINOR,9.0,20.0,PAVED,TwoWay,PAVED,6,50,NO ACCESS,Y,1997.0,80.610902244839
ACTIVA AVE,01-Non intersection,02-Thru lane,01-Clear,01-Daylight,MIDBLOCK,Saturday,June,1,ACTIVA AVE,2,ROAD,MINOR,10.0,20.0,PAVED,TwoWay,PAVED,3,50,NO ACCESS,Y,2005.0,97.0726483057522
ACTIVA AVE,01-Non intersection,02-Thru lane,01-Clear,01-Daylight,MIDBLOCK,Saturday,June,1,ACTIVA AVE,2,ROAD,MINOR,11.0,18.0,PAVED,TwoWay,PAVED,6,50,NO ACCESS,Y,2004.0,57.7961942235328
ACTIVA AVE,01-Non intersection,02-Thru lane,01-Clear,01-Daylight,MIDBLOCK,Saturday,June,1,ACTIVA AVE,2,ROAD,MINOR,10.0,20.0,PAVED,TwoWay,PAVED,3,50,NO ACCESS,Y,2003.0,174.964971728366