LOCATION,ACCIDENT_LOCATION,IMPACT_LOCATION,ENVIRONMENT_CONDITION,LIGHT,COLLISION_TYPE,DAY_OF_WEEK,MONTH,IS_WEEKEND,STREET,LANES,CATEGORY,SUBCATEGORY,PAVEMENT_WIDTH,ROW_WIDTH,SHOULDER,FLOW_DIRECTION,SURFACE_LAYER_TYPE,OFFICIAL_ROAD_CLASSIFICATION,SPEED_LIMIT_KM,TRUCK_ACCESS,BUS_ROUTE,SERVICE_YEAR,Shape__Length
ACTIVA AVE,04-At/near private drive,09-Right shoulder,03-Snow,03-Dawn,MIDBLOCK,Friday,December,0,ACTIVA AVE,2,ROAD,MINOR,10.0,20.0,PAVED,TwoWay,PAVED,3,50,NO ACCESS,Y,2003.0,184.55894939405601
ACTIVA AVE,04-At/near private drive,09-Right shoulder,03-Snow,03-Dawn,MIDBLOCK,Friday,December,0,ACTIVA AVE,2,ROAD,MINOR,11.0,20.0,PAVED,TwoWay,PAVED,3,50,NO ACCESS,Y,2000.0,95.89355466991621
ACTIVA AVE,04-At/near private drive,09-Right shoulder,03-Snow,03-Dawn,MIDBLOCK,Friday,December,0,ACTIVA AVE,2,ROAD,MINOR,11.0,20.0,PAVED,TwoWay,PAVED,3,50,NO ACCESS,Y,2003.0,77.87946174121491
ACTIVA AVE,04-At/near private drive,09-Right shoulder,03-Snow,03-Dawn,MIDBLOCK,Friday,December,0,ACTIVA AVE,2,ROAD,MINOR,10.0,20.0,PAVED,TwoWay,PAVED,6,50,NO ACCESS,N,1999.0,255.547639266763
ACTIVA AVE,04-At/near private drive,09-Right shoulder,03-Snow,03-Dawn,MIDBLOCK,Friday,December,0,ACTIVA AVE,2,ROAD,MINOR,11.0,20.0,PAVED,TwoWay,PAVED,6,50,NO ACCESS,Y,1997.0,95.98636853781773
ACTIVA AVE,04-At/near private drive,09-Right shoulder,03-Snow,03-Dawn,MIDBLOCK,Friday,December,0,ACTIVA AVE,2,ROAD,MINOR,9.0,18.0,PAVED,TwoWay,PAVED,6,50,NO ACCESS,Y,2005.0,40.58824022929021
ACTIVA AVE,04-At/near private drive,09-Right shoulder,03-Snow,03-Dawn,MIDBLOCK,Friday,December,0,ACTIVA AVE,2,ROAD,MINOR,9.0,20.0,PAVED,TwoWay,PAVED,6,50,NO ACCESS,Y,1997.0,245.1510165961729
ACTIVA AVE,04-At/near private drive,09-Right shoulder,03-Snow,03-Dawn,MIDBLOCK,Friday,December,0,ACTIVA AVE,2,ROAD,MINOR,10.0,20.0,PAVED,TwoWay,PAVED,3,50,NO ACCESS,N,1999.0,128.931935756126
ACTIVA AVE,04-At/near private drive,09-Right shoulder,03-Snow,03-Dawn,MIDBLOCK,Friday,December,0,ACTIVA AVE,2,ROAD,MINOR,9.0,20.0,PAVED,TwoWay,PAVED,3,40,NO ACCESS,N,2005.0,332.510558117834
ACTIVA AVE,04-At/near private drive,09-Right shoulder,03-Snow,03-Dawn,MIDBLOCK,Friday,December,0,ACTIVA AVE,2,ROAD,MINOR,9.0,20.0,PAVED,TwoWay,PAVED,3,50,NO ACCESS,N,2005.0,79.6763209996527
ACTIVA AVE,04-At/near private drive,09-Right shoulder,03-Snow,03-Dawn,MIDBLOCK,Friday,December,0,ACTIVA AVE,2,ROAD,MINOR,9.0,20.0,PAVED,TwoWay,PAVED,3,50,NO ACCESS,N,1999.0,73.6436497165961
ACTIVA AVE,04-At/near private drive,09-Right shoulder,03-Snow,03-Dawn,MIDBLOCK,Friday,December,0,ACTIVA AVE,2,ROAD,MINOR,9.0,20.0,PAVED,TwoWay,PAVED,3,50,NO ACCESS,N,1999.0,89.1148694202688
ACTIVA AVE,04-At/near private drive,09-Right shoulder,03-Snow,03-Dawn,MIDBLOCK,Friday,December,0,ACTIVA AVE,2,ROAD,MINOR,10.0,20.0,PAVED,TwoWay,PAVED,3,50,NO ACCESS,Y,2003.0,82.1933373962739
ACTIVA AVE,04-At/near private drive,09-Right shoulder,03-Snow,03-Dawn,MIDBLOCK,Friday,December,0,ACTIVA AVE,2,ROAD,MINOR,9.0,20.0,PAVED,TwoWay,PAVED,6,50,NO ACCESS,Y,1997.0,80.610902244839
ACTIVA AVE,04-At/near private drive,09-Right shoulder,03-Snow,03-Dawn,MIDBLOCK,Friday,December,0,ACTIVA AVE,2,ROAD,MINOR,10.0,20.0,PAVED,TwoWay,PAVED,3,50,NO ACCESS,Y,2005.0,97.0726483057522
ACTIVA AVE,04-At/near private drive,09-Right shoulder,03-Snow,03-Dawn,MIDBLOCK,Friday,December,0,ACTIVA AVE,2,ROAD,MINOR,11.0,18.0,PAVED,TwoWay,PAVED,6,50,NO ACCESS,Y,2004.0,57.7961942235328
ACTIVA AVE,04-At/near private drive,09-Right shoulder,03-Snow,03-Dawn,MIDBLOCK,Friday,December,0,ACTIVA AVE,2,ROAD,MINOR,10.0,20.0,PAVED,TwoWay,PAVED,3,50,NO ACCESS,Y,2003.0,174.964971728366
ACTIVA AVE,04-At/near private drive,09-Right shoulder,03-Snow,03-Dawn,MIDBLOCK,Friday,December,0,ACTIVA AVE,2,ROAD,MINOR,8.0,18.0,PAVED,TwoWay,PAVED,6,50,NO ACCESS,Y,2005.0,79.0156492709905
ACTIVA AVE,04-At/near private drive,09-Right shoulder,03-Snow,03-Dawn,MIDBLOCK,Friday,December,0,ACTIVA AVE,2,ROAD,MINOR,9.0,18.0,PAVED,TwoWay,PAVED,6,50,NO ACCESS,Y,2005.0,38.397927030115206
ACTIVA AVE,04-At/near private drive,09-Right shoulder,01-Clear,01-Daylight,MIDBLOCK,Saturday,August,1,ACTIVA AVE,2,ROAD,MINOR,10.0,20.0,PAVED,TwoWay,PAVED,6,50,NO ACCESS,Y,2003.0,252.387136693324
ACTIVA AVE,04-At/near private drive,09-Right shoulder,01-Clear,01-Daylight,MIDBLOCK,Saturday,August,1,ACTIVA AVE,2,ROAD,MINOR,10.0,20.0,PAVED,TwoWay,PAVED,3,50,NO ACCESS,Y,2003.0,127.343128327022
ACTIVA AVE,04-At/near private drive,09-Right shoulder,01-Clear,01-Daylight,MIDBLOCK,Saturday,August,1,ACTIVA AVE,2,ROAD,MINOR,10.0,20.0,PAVED,TwoWay,PAVED,3,50,NO ACCESS,Y,2003.0,184.55894939405601
ACTIVA AVE,04-At/near private drive,09-Right shoulder,01-Clear,01-Daylight,MIDBLOCK,Saturday,August,1,ACTIVA AVE,2,ROAD,MINOR,11.0,20.0,PAVED,TwoWay,PAVED,3,50,NO ACCESS,Y,2000.0,95.89355466991621
ACTIVA AVE,04-At/near private drive,09-Right shoulder,01-Clear,01-Daylight,MIDBLOCK,Saturday,August,1,ACTIVA AVE,2,ROAD,MINOR,11.0,20.0,PAVED,TwoWay,PAVED,3,50,NO ACCESS,Y,2003.0,77.87946174121491
ACTIVA AVE,04-At/near private drive,09-Right shoulder,01-Clear,01-Daylight,MIDBLOCK,Saturday,August,1,ACTIVA AVE,2,ROAD,MINOR,10.0,20.0,PAVED,TwoWay,PAVED,6,50,NO ACCESS,N,1999.0,255.547639266763
ACTIVA AVE,04-At/near private drive,09-Right shoulder,01-Clear,01-Daylight,MIDBLOCK,Saturday,August,1,ACTIVA AVE,2,ROAD,MINOR,11.0,20.0,PAVED,TwoWay,PAVED,6,50,NO ACCESS,Y,1997.0,95.98636853781773
ACTIVA AVE,04-At/near private drive,09-Right shoulder,01-Clear,01-Daylight,MIDBLOCK,Saturday,August,1,ACTIVA AVE,2,ROAD,MINOR,9.0,18.0,PAVED,TwoWay,PAVED,6,50,NO ACCESS,Y,2005.0,40.58824022929021
ACTIVA AVE,04-At/near private drive,09-Right shoulder,01-Clear,01-Daylight,MIDBLOCK,Saturday,August,1,ACTIVA AVE,2,ROAD,MINOR,9.0,20.0,PAVED,TwoWay,PAVED,6,50,NO ACCESS,Y,1997.0,245.1510165961729
ACTIVA AVE,04-At/near private drive,09-Right shoulder,01-Clear,01-Daylight,MIDBLOCK,Saturday,August,1,ACTIVA AVE,2,ROAD,MINOR,10.0,20.0,PAVED,TwoWay,PAVED,3,50,NO ACCESS,N,1999.0,128.931935756126
ACTIVA AVE,04-At/near private drive,09-Right shoulder,01-Clear,01-Daylight,MIDBLOCK,Saturday,August,1,ACTIVA AVE,2,ROAD,MINOR,9.0,20.0,PAVED,TwoWay,PAVED,3,40,NO ACCESS,N,2005.0,332.510558117834
ACTIVA AVE,04-At/near private drive,09-Right shoulder,01-Clear,01-Daylight,MIDBLOCK,Saturday,August,1,ACTIVA AVE,2,ROAD,MINOR,9.0,20.0,PAVED,TwoWay,PAVED,3,50,NO ACCESS,N,2005.0,79.6763209996527
ACTIVA AVE,04-At/near private drive,09-Right shoulder,01-Clear,01-Daylight,MIDBLOCK,Saturday,August,1,ACTIVA AVE,2,ROAD,MINOR,9.0,20.0,PAVED,TwoWay,PAVED,3,50,NO ACCESS,N,1999.0,73.6436497165961
ACTIVA AVE,04-At/near private drive,09-Right shoulder,01-Clear,01-Daylight,MIDBLOCK,Saturday,August,1,ACTIVA AVE,2,ROAD,MINOR,9.0,20.0,PAVED,TwoWay,PAVED,3,50,NO ACCESS,N,1999.0,89.1148694202688
ACTIVA AVE,04-At/near private drive,09-Right shoulder,01-Clear,01-Daylight,MIDBLOCK,Saturday,August,1,ACTIVA AVE,2,ROAD,MINOR,10.0,20.0,PAVED,TwoWay,PAVED,3,50,NO ACCESS,Y,2003.0,82.1933373962739
ACTIVA AVE,04-At/near private drive,09-Right shoulder,01-Clear,01-Daylight,MIDBLOCK,Saturday,August,1,ACTIVA AVE,2,ROAD,MINOR,9.0,20.0,PAVED,TwoWay,PAVED,6,50,NO ACCESS,Y,1997.0,80.610902244839
ACTIVA AVE,04-At/near private drive,09-Right shoulder,01-Clear,01-Daylight,MIDBLOCK,Saturday,August,1,ACTIVA AVE,2,ROAD,MINOR,10.0,20.0,PAVED,TwoWay,PAVED,3,50,NO ACCESS,Y,2005.0,97.0726483057522
ACTIVA AVE,04-At/near private drive,09-Right shoulder,01-Clear,01-Daylight,MIDBLOCK,Saturday,August,1,ACTIVA AVE,2,ROAD,MINOR,11.0,18.0,PAVED,TwoWay,PAVED,6,50,NO ACCESS,Y,2004.0,57.7961942235328
ACTIVA AVE,04-At/near private drive,09-Right shoulder,01-Clear,01-Daylight,MIDBLOCK,Saturday,August,1,ACTIVA AVE,2,ROAD,MINOR,10.0,20.0,PAVED,TwoWay,PAVED,3,50,NO ACCESS,Y,2003.0,174.964971728366
ACTIVA AVE,04-At/near private drive,09-Right shoulder,01-Clear,01-Daylight,MIDBLOCK,Saturday,August,1,ACTIVA AVE,2,ROAD,MINOR,8.0,18.0,PAVED,TwoWay,PAVED,6,50,NO ACCESS,Y,2005.0,79.0156492709905
ACTIVA AVE,04-At/near private drive,09-Right shoulder,01-Clear,01-Daylight,MIDBLOCK,Saturday,August,1,ACTIVA AVE,2,ROAD,MINOR,9.0,18.0,PAVED,TwoWay,PAVED,6,50,NO ACCESS,Y,2005.0,38.397927030115206
PARK ST,01-Non intersection,02-Thru lane,01-Clear,01-Daylight,MIDBLOCK,Monday,May,0,PARK ST,2,ROAD,MINOR,9.0,16.0,PAVED,TwoWay,PAVED,3,50,7-7 MON-FRI,N,1855.0,105.02264843122299
PARK ST,01-Non intersection,02-Thru lane,01-Clear,01-Daylight,MIDBLOCK,Monday,May,0,PARK ST,2,ROAD,MINOR,7.0,15.0,PAVED,TwoWay,PAVED,3,50,NO ACCESS,N,2005.0,213.024865858096
PARK ST,01-Non intersection,09-Right shoulder,01-Clear,01-Daylight,MIDBLOCK,Wednesday,February,0,PARK ST,2,ROAD,MINOR,9.0,16.0,PAVED,TwoWay,PAVED,3,50,7-7 MON-FRI,N,1855.0,105.02264843122299
PARK ST,01-Non intersection,09-Right shoulder,01-Clear,01-Daylight,MIDBLOCK,Wednesday,February,0,PARK ST,2,ROAD,MINOR,7.0,15.0,PAVED,TwoWay,PAVED,3,50,NO ACCESS,N,2005.0,213.024865858096
PARK ST,04-At/near private drive,09-Right shoulder,01-Clear,01-Daylight,MIDBLOCK,Tuesday,June,0,PARK ST,2,ROAD,MINOR,9.0,16.0,PAVED,TwoWay,PAVED,3,50,7-7 MON-FRI,N,1855.0,105.02264843122299
PARK ST,04-At/near private drive,09-Right shoulder,01-Clear,01-Daylight,MIDBLOCK,Tuesday,June,0,PARK ST,2,ROAD,MINOR,7.0,15.0,PAVED,TwoWay,PAVED,3,50,NO ACCESS,N,2005.0,213.024865858096
PARK ST,04-At/near private drive,02-Thru lane,01-Clear,"08-Dark, artificial",MIDBLOCK,Thursday,December,0,PARK ST,2,ROAD,MINOR,9.0,16.0,PAVED,TwoWay,PAVED,3,50,7-7 MON-FRI,N,1855.0,105.02264843122299
PARK ST,04-At/near private drive,02-Thru lane,01-Clear,"08-Dark, artificial",MIDBLOCK,Thursday,December,0,PARK ST,2,ROAD,MINOR,7.0,15.0,PAVED,TwoWay,PAVED,3,50,NO ACCESS,N,2005.0,213.024865858096
PARK ST,04-At/near private drive,11-Not on roadway - right side,01-Clear,"08-Dark, artificial",MIDBLOCK,Tuesday,February,0,PARK ST,2,ROAD,MINOR,9.0,16.0,PAVED,TwoWay,PAVED,3,50,7-7 MON-FRI,N,1855.0,105.02264843122299
PARK ST,04-At/near private drive,11-Not on roadway - right side,01-Clear,"08-Dark, artificial",MIDBLOCK,Tuesday,February,0,PARK ST,2,ROAD,MINOR,7.0,15.0,PAVED,TwoWay,PAVED,3,50,NO ACCESS,N,2005.0,213.024865858096
PARK ST,04-At/near private drive,02-Thru lane,01-Clear,01-Daylight,MIDBLOCK,Thursday,January,0,PARK ST,2,ROAD,MINOR,9.0,16.0,PAVED,TwoWay,PAVED,3,50,7-7 MON-FRI,N,1855.0,105.02264843122299
PARK ST,04-At/near private drive,02-Thru lane,01-Clear,01-Daylight,MIDBLOCK,Thursday,January,0,PARK ST,2,ROAD,MINOR,7.0,15.0,PAVED,TwoWay,PAVED,3,50,NO ACCESS,N,2005.0,213.024865858096
PARK ST,01-Non intersection,11-Not on roadway - right side,01-Clear,"08-Dark, artificial",MIDBLOCK,Thursday,August,0,PARK ST,2,ROAD,MINOR,9.0,16.0,PAVED,TwoWay,PAVED,3,50,7-7 MON-FRI,N,1855.0,105.02264843122299
PARK ST,01-Non intersection,11-Not on roadway - right side,01-Clear,"08-Dark, artificial",MIDBLOCK,Thursday,August,0,PARK ST,2,ROAD,MINOR,7.0,15.0,PAVED,TwoWay,PAVED,3,50,NO ACCESS,N,2005.0,213.024865858096
PARK ST,06-Underpass or tunnel,02-Thru lane,02-Rain,01-Daylight,MIDBLOCK,Thursday,April,0,PARK ST,2,ROAD,MINOR,9.0,16.0,PAVED,TwoWay,PAVED,3,50,7-7 MON-FRI,N,1855.0,105.02264843122299
PARK ST,06-Underpass or tunnel,02-Thru lane,02-Rain,01-Daylight,MIDBLOCK,Thursday,April,0,PARK ST,2,ROAD,MINOR,7.0,15.0,PAVED,TwoWay,PAVED,3,50,NO ACCESS,N,2005.0,213.024865858096
PARK ST,01-Non intersection,02-Thru lane,01-Clear,01-Daylight,MIDBLOCK,Monday,July,0,PARK ST,2,ROAD,MINOR,9.0,16.0,PAVED,TwoWay,PAVED,3,50,7-7 MON-FRI,N,1855.0,105.02264843122299
PARK ST,01-Non intersection,02-Thru lane,01-Clear,01-Daylight,MIDBLOCK,Monday,July,0,PARK ST,2,ROAD,MINOR,7.0,15.0,PAVED,TwoWay,PAVED,3,50,NO ACCESS,N,2005.0,213.024865858096
PARK ST,01-Non intersection,02-Thru lane,01-Clear,01-Daylight,MIDBLOCK,Tuesday,August,0,PARK ST,2,ROAD,MINOR,9.0,16.0,PAVED,TwoWay,PAVED,3,50,7-7 MON-FRI,N,1855.0,105.02264843122299
PARK ST,01-Non intersection,02-Thru lane,01-Clear,01-Daylight,MIDBLOCK,Tuesday,August,0,PARK ST,2,ROAD,MINOR,7.0,15.0,PAVED,TwoWay,PAVED,3,50,NO ACCESS,N,2005.0,213.024865858096
PARK ST,01-Non intersection,02-Thru lane,01-Clear,01-Daylight,MIDBLOCK,Saturday,September,1,PARK ST,2,ROAD,MINOR,9.0,16.0,PAVED,TwoWay,PAVED,3,50,7-7 MON-FRI,N,1855.0,105.02264843122299
PARK ST,01-Non intersection,02-Thru lane,01-Clear,01-Daylight,MIDBLOCK,Saturday,September,1,PARK ST,2,ROAD,MINOR,7.0,15.0,PAVED,TwoWay,PAVED,3,50,NO ACCESS,N,2005.0,213.024865858096
PARK ST,04-At/near private drive,09-Right shoulder,01-Clear,01-Daylight,MIDBLOCK,Monday,July,0,PARK ST,2,ROAD,MINOR,9.0,16.0,PAVED,TwoWay,PAVED,3,50,7-7 MON-FRI,N,1855.0,105.02264843122299
PARK ST,04-At/near private drive,09-Right shoulder,01-Clear,01-Daylight,MIDBLOCK,Monday,July,0,PARK ST,2,ROAD,MINOR,7.0,15.0,PAVED,TwoWay,PAVED,3,50,NO ACCESS,N,2005.0,213.024865858096
PARK ST,01-Non intersection,02-Thru lane,01-Clear,01-Daylight,MIDBLOCK,Sunday,June,1,PARK ST,2,ROAD,MINOR,9.0,16.0,PAVED,TwoWay,PAVED,3,50,7-7 MON-FRI,N,1855.0,105.02264843122299
PARK ST,01-Non intersection,02-Thru lane,01-Clear,01-Daylight,MIDBLOCK,Sunday,June,1,PARK ST,2,ROAD,MINOR,7.0,15.0,PAVED,TwoWay,PAVED,3,50,NO ACCESS,N,2005.0,213.024865858096
PARK ST,04-At/near private drive,02-Thru lane,01-Clear,01-Daylight,MIDBLOCK,Thursday,October,0,PARK ST,2,ROAD,MINOR,9.0,16.0,PAVED,TwoWay,PAVED,3,50,7-7 MON-FRI,N,1855.0,105.02264843122299
PARK ST,04-At/near private drive,02-Thru lane,01-Clear,01-Daylight,MIDBLOCK,Thursday,October,0,PARK ST,2,ROAD,MINOR,7.0,15.0,PAVED,TwoWay,PAVED,3,50,NO ACCESS,N,2005.0,213.024865858096
PARK ST,04-At/near private drive,02-Thru lane,01-Clear,01-Daylight,MIDBLOCK,Thursday,November,0,PARK ST,2,ROAD,MINOR,9.0,16.0,PAVED,TwoWay,PAVED,3,50,7-7 MON-FRI,N,1855.0,105.02264843122299
PARK ST,04-At/near private drive,02-Thru lane,01-Clear,01-Daylight,MIDBLOCK,Thursday,November,0,PARK ST,2,ROAD,MINOR,7.0,15.0,PAVED,TwoWay,PAVED,3,50,NO ACCESS,N,2005.0,213.024865858096
PARK ST,04-At/near private drive,02-Thru lane,01-Clear,01-Daylight,MIDBLOCK,Friday,November,0,PARK ST,2,ROAD,MINOR,9.0,16.0,PAVED,TwoWay,PAVED,3,50,7-7 MON-FRI,N,1855.0,105.02264843122299
PARK ST,04-At/near private drive,02-Thru lane,01-Clear,01-Daylight,MIDBLOCK,Friday,November,0,PARK ST,2,ROAD,MINOR,7.0,15.0,PAVED,TwoWay,PAVED,3,50,NO ACCESS,N,2005.0,213.024865858096
PARK ST,04-At/near private drive,02-Thru lane,03-Snow,"08-Dark, artificial",MIDBLOCK,Monday,November,0,PARK ST,2,ROAD,MINOR,9.0,16.0,PAVED,TwoWay,PAVED,3,50,7-7 MON-FRI,N,1855.0,105.02264843122299
PARK ST,04-At/near private drive,02-Thru lane,03-Snow,"08-Dark, artificial",MIDBLOCK,Monday,November,0,PARK ST,2,ROAD,MINOR,7.0,15.0,PAVED,TwoWay,PAVED,3,50,NO ACCESS,N,2005.0,213.024865858096
PARK ST,01-Non intersection,02-Thru lane,01-Clear,01-Daylight,MIDBLOCK,Wednesday,January,0,PARK ST,2,ROAD,MINOR,9.0,16.0,PAVED,TwoWay,PAVED,3,50,7-7 MON-FRI,N,1855.0,105.02264843122299
PARK ST,01-Non intersection,02-Thru lane,01-Clear,01-Daylight,MIDBLOCK,Wednesday,January,0,PARK ST,2,ROAD,MINOR,7.0,15.0,PAVED,TwoWay,PAVED,3,50,NO ACCESS,N,2005.0,213.024865858096
PARK ST,04-At/near private drive,02-Thru lane,01-Clear,01-Daylight,MIDBLOCK,Thursday,February,0,PARK ST,2,ROAD,MINOR,9.0,16.0,PAVED,TwoWay,PAVED,3,50,7-7 MON-FRI,N,1855.0,105.02264843122299
PARK ST,04-At/near private drive,02-Thru lane,01-Clear,01-Daylight,MIDBLOCK,Thursday,February,0,PARK ST,2,ROAD,MINOR,7.0,15.0,PAVED,TwoWay,PAVED,3,50,NO ACCESS,N,2005.0,213.024865858096
PARK ST,04-At/near private drive,02-Thru lane,01-Clear,01-Daylight,MIDBLOCK,Friday,August,0,PARK ST,2,ROAD,MINOR,9.0,16.0,PAVED,TwoWay,PAVED,3,50,7-7 MON-FRI,N,1855.0,105.02264843122299
PARK ST,04-At/near private drive,02-Thru lane,01-Clear,01-Daylight,MIDBLOCK,Friday,August,0,PARK ST,2,ROAD,MINOR,7.0,15.0,PAVED,TwoWay,PAVED,3,50,NO ACCESS,N,2005.0,213.024865858096
PARK ST,06-Underpass or tunnel,02-Thru lane,01-Clear,01-Daylight,MIDBLOCK,Thursday,June,0,PARK ST,2,ROAD,MINOR,9.0,16.0,PAVED,TwoWay,PAVED,3,50,7-7 MON-FRI,N,1855.0,105.02264843122299
PARK ST,06-Underpass or tunnel,02-Thru lane,01-Clear,01-Daylight,MIDBLOCK,Thursday,June,0,PARK ST,2,ROAD,MINOR,7.0,15.0,PAVED,TwoWay,PAVED,3,50,NO ACCESS,N,2005.0,213.024865858096
PARK ST,04-At/near private drive,03-Left turn lane,01-Clear,01-Daylight,MIDBLOCK,Thursday,June,0,PARK ST,2,ROAD,MINOR,9.0,16.0,PAVED,TwoWay,PAVED,3,50,7-7 MON-FRI,N,1855.0,105.02264843122299
PARK ST,04-At/near private drive,03-Left turn lane,01-Clear,01-Daylight,MIDBLOCK,Thursday,June,0,PARK ST,2,ROAD,MINOR,7.0,15.0,PAVED,TwoWay,PAVED,3,50,NO ACCESS,N,2005.0,213.024865858096
PARK ST,01-Non intersection,02-Thru lane,02-Rain,03-Dawn,MIDBLOCK,Thursday,April,0,PARK ST,2,ROAD,MINOR,9.0,16.0,PAVED,TwoWay,PAVED,3,50,7-7 MON-FRI,N,1855.0,105.02264843122299
PARK ST,01-Non intersection,02-Thru lane,02-Rain,03-Dawn,MIDBLOCK,Thursday,April,0,PARK ST,2,ROAD,MINOR,7.0,15.0,PAVED,TwoWay,PAVED,3,50,NO ACCESS,N,2005.0,213.024865858096
PARK ST,04-At/near private drive,02-Thru lane,03-Snow,01-Daylight,MIDBLOCK,Thursday,November,0,PARK ST,2,ROAD,MINOR,9.0,16.0,PAVED,TwoWay,PAVED,3,50,7-7 MON-FRI,N,1855.0,105.02264843122299
PARK ST,04-At/near private drive,02-Thru lane,03-Snow,01-Daylight,MIDBLOCK,Thursday,November,0,PARK ST,2,ROAD,MINOR,7.0,15.0,PAVED,TwoWay,PAVED,3,50,NO ACCESS,N,2005.0,213.024865858096
PARK ST,04-At/near private drive,09-Right shoulder,01-Clear,01-Daylight,MIDBLOCK,Sunday,March,1,PARK ST,2,ROAD,MINOR,9.0,16.0,PAVED,TwoWay,PAVED,3,50,7-7 MON-FRI,N,1855.0,105.02264843122299
PARK ST,04-At/near private drive,09-Right shoulder,01-Clear,01-Daylight,MIDBLOCK,Sunday,March,1,PARK ST,2,ROAD,MINOR,7.0,15.0,PAVED,TwoWay,PAVED,3,50,NO ACCESS,N,2005.0,213.024865858096
PARK ST,01-Non intersection,02-Thru lane,01-Clear,01-Daylight,MIDBLOCK,Friday,April,0,PARK ST,2,ROAD,MINOR,9.0,16.0,PAVED,TwoWay,PAVED,3,50,7-7 MON-FRI,N,1855.0,105.02264843122299
PARK ST,01-Non intersection,02-Thru lane,01-Clear,01-Daylight,MIDBLOCK,Friday,April,0,PARK ST,2,ROAD,MINOR,7.0,15.0,PAVED,TwoWay,PAVED,3,50,NO ACCESS,N,2005.0,213.024865858096
PARK ST,01-Non intersection,11-Not on roadway - right side,01-Clear,"08-Dark, artificial",MIDBLOCK,Sunday,September,1,PARK ST,2,ROAD,MINOR,9.0,16.0,PAVED,TwoWay,PAVED,3,50,7-7 MON-FRI,N,1855.0,105.02264843122299
PARK ST,01-Non intersection,11-Not on roadway - right side,01-Clear,"08-Dark, artificial",MIDBLOCK,Sunday,September,1,PARK ST,2,ROAD,MINOR,7.0,15.0,PAVED,TwoWay,PAVED,3,50,NO ACCESS,N,2005.0,213.024865858096
PARK ST,05-At railway crossing,02-Thru lane,01-Clear,01-Daylight,MIDBLOCK,Wednesday,November,0,PARK ST,2,ROAD,MINOR,9.0,16.0,PAVED,TwoWay,PAVED,3,50,7-7 MON-FRI,N,1855.0,105.02264843122299
PARK ST,05-At railway crossing,02-Thru lane,01-Clear,01-Daylight,MIDBLOCK,Wednesday,November,0,PARK ST,2,ROAD,MINOR,7.0,15.0,PAVED,TwoWay,PAVED,3,50,NO ACCESS,N,2005.0,213.024865858096
PARK ST,06-Underpass or tunnel,02-Thru lane,01-Clear,03-Dawn,MIDBLOCK,Monday,November,0,PARK ST,2,ROAD,MINOR,9.0,16.0,PAVED,TwoWay,PAVED,3,50,7-7 MON-FRI,N,1855.0,105.02264843122299
PARK ST,06-Underpass or tunnel,02-Thru lane,01-Clear,03-Dawn,MIDBLOCK,Monday,November,0,PARK ST,2,ROAD,MINOR,7.0,15.0,PAVED,TwoWay,PAVED,3,50,NO ACCESS,N,2005.0,213.024865858096
PARK ST,01-Non intersection,02-Thru lane,01-Clear,07-Dark,MIDBLOCK,Tuesday,December,0,PARK ST,2,ROAD,MINOR,9.0,16.0,PAVED,TwoWay,PAVED,3,50,7-7 MON-FRI,N,1855.0,105.02264843122299
PARK ST,01-Non intersection,02-Thru lane,01-Clear,07-Dark,MIDBLOCK,Tuesday,December,0,PARK ST,2,ROAD,MINOR,7.0,15.0,PAVED,TwoWay,PAVED,3,50,NO ACCESS,N,2005.0,213.024865858096
PARK ST,01-Non intersection,02-Thru lane,01-Clear,01-Daylight,MIDBLOCK,Thursday,October,0,PARK ST,2,ROAD,MINOR,9.0,16.0,PAVED,TwoWay,PAVED,3,50,7-7 MON-FRI,N,1855.0,105.02264843122299
PARK ST,01-Non intersection,02-Thru lane,01-Clear,01-Daylight,MIDBLOCK,Thursday,October,0,PARK ST,2,ROAD,MINOR,7.0,15.0,PAVED,TwoWay,PAVED,3,50,NO ACCESS,N,2005.0,213.024865858096
PARK ST,07-Overpass or bridge,99-Other,01-Clear,"08-Dark, artificial",MIDBLOCK,Friday,July,0,PARK ST,2,ROAD,MINOR,9.0,16.0,PAVED,TwoWay,PAVED,3,50,7-7 MON-FRI,N,1855.0,105.02264843122299
PARK ST,07-Overpass or bridge,99-Other,01-Clear,"08-Dark, artificial",MIDBLOCK,Friday,July,0,PARK ST,2,ROAD,MINOR,7.0,15.0,PAVED,TwoWay,PAVED,3,50,NO ACCESS,N,2005.0,213.024865858096
PARK ST,04-At/near private drive,02-Thru lane,01-Clear,01-Daylight,MIDBLOCK,Wednesday,July,0,PARK ST,2,ROAD,MINOR,9.0,16.0,PAVED,TwoWay,PAVED,3,50,7-7 MON-FRI,N,1855.0,105.02264843122299
PARK ST,04-At/near private drive,02-Thru lane,01-Clear,01-Daylight,MIDBLOCK,Wednesday,July,0,PARK ST,2,ROAD,MINOR,7.0,15.0,PAVED,TwoWay,PAVED,3,50,NO ACCESS,N,2005.0,213.024865858096
PARK ST,04-At/near private drive,02-Thru lane,01-Clear,01-Daylight,MIDBLOCK,Friday,March,0,PARK ST,2,ROAD,MINOR,9.0,16.0,PAVED,TwoWay,PAVED,3,50,7-7 MON-FRI,N,1855.0,105.02264843122299
PARK ST,04-At/near private drive,02-Thru lane,01-Clear,01-Daylight,MIDBLOCK,Friday,March,0,PARK ST,2,ROAD,MINOR,7.0,15.0,PAVED,TwoWay,PAVED,3,50,NO ACCESS,N,2005.0,213.024865858096