LOCATION,ACCIDENT_LOCATION,IMPACT_LOCATION,ENVIRONMENT_CONDITION,LIGHT,COLLISION_TYPE,DAY_OF_WEEK,MONTH,IS_WEEKEND,STREET,LANES,CATEGORY,SUBCATEGORY,PAVEMENT_WIDTH,ROW_WIDTH,SHOULDER,FLOW_DIRECTION,SURFACE_LAYER_TYPE,OFFICIAL_ROAD_CLASSIFICATION,SPEED_LIMIT_KM,TRUCK_ACCESS,BUS_ROUTE,SERVICE_YEAR,Shape__Length
STRASBURG RD,04-At/near private drive,02-Thru lane,01-Clear,01-Daylight,MIDBLOCK,Monday,July,0,STRASBURG RD,4,ROAD,MAJOR,16.0,26.0,PAVED,TwoWay,PAVED,2,50,NO ACCESS,Y,2000.0,187.137067240735
STRASBURG RD,04-At/near private drive,02-Thru lane,01-Clear,01-Daylight,MIDBLOCK,Monday,July,0,STRASBURG RD,4,ROAD,MAJOR,15.0,26.0,PAVED,TwoWay,PAVED,2,50,NO ACCESS,Y,1999.0,600.509723582335
STRASBURG RD,04-At/near private drive,02-Thru lane,01-Clear,01-Daylight,MIDBLOCK,Monday,July,0,STRASBURG RD,4,ROAD,MAJOR,15.0,26.0,PAVED,TwoWay,PAVED,2,50,7-7 MON-SUN,Y,1963.0,257.43824036321
STRASBURG RD,04-At/near private drive,02-Thru lane,01-Clear,01-Daylight,MIDBLOCK,Monday,July,0,STRASBURG RD,4,ROAD,MAJOR,15.0,26.0,PAVED,TwoWay,PAVED,2,50,7-7 MON-SUN,Y,1963.0,618.364969409566
STRASBURG RD,04-At/near private drive,02-Thru lane,01-Clear,01-Daylight,MIDBLOCK,Monday,July,0,STRASBURG RD,4,ROAD,MAJOR,16.0,26.0,PAVED,TwoWay,PAVED,2,50,NO ACCESS,Y,2000.0,28.223807325122
STRASBURG RD,04-At/near private drive,02-Thru lane,01-Clear,01-Daylight,MIDBLOCK,Monday,July,0,STRASBURG RD,4,ROAD,MAJOR,16.0,26.0,PAVED,TwoWay,PAVED,2,50,NO ACCESS,Y,2000.0,188.85664793939492
STRASBURG RD,04-At/near private drive,02-Thru lane,01-Clear,01-Daylight,MIDBLOCK,Monday,July,0,STRASBURG RD,4,ROAD,MAJOR,15.0,26.0,PAVED,TwoWay,PAVED,2,50,7-7 MON-SUN,Y,1963.0,107.509835430289
STRASBURG RD,01-Non intersection,02-Thru lane,01-Clear,01-Daylight,MIDBLOCK,Tuesday,September,0,STRASBURG RD,4,ROAD,MAJOR,16.0,26.0,PAVED,TwoWay,PAVED,2,50,NO ACCESS,Y,1999.0,504.3586337469751
STRASBURG RD,01-Non intersection,02-Thru lane,01-Clear,01-Daylight,MIDBLOCK,Tuesday,September,0,STRASBURG RD,4,ROAD,MAJOR,15.0,26.0,PAVED,TwoWay,PAVED,2,50,7-7 MON-SUN,Y,1963.0,760.184033246033
STRASBURG RD,01-Non intersection,02-Thru lane,01-Clear,01-Daylight,MIDBLOCK,Tuesday,September,0,STRASBURG RD,4,ROAD,MAJOR,15.0,26.0,PAVED,TwoWay,PAVED,2,50,NO ACCESS,Y,2000.0,246.602102004982
STRASBURG RD,01-Non intersection,02-Thru lane,01-Clear,01-Daylight,MIDBLOCK,Tuesday,September,0,STRASBURG RD,4,ROAD,MAJOR,15.0,26.0,PAVED,TwoWay,PAVED,2,50,NO ACCESS,Y,1999.0,143.434891781622
STRASBURG RD,01-Non intersection,02-Thru lane,01-Clear,01-Daylight,MIDBLOCK,Tuesday,September,0,STRASBURG RD,4,ROAD,MAJOR,15.0,26.0,PAVED,TwoWay,PAVED,2,50,NO ACCESS,Y,2000.0,192.72674283060002
STRASBURG RD,01-Non intersection,02-Thru lane,01-Clear,01-Daylight,MIDBLOCK,Tuesday,September,0,STRASBURG RD,4,ROAD,MAJOR,16.0,26.0,PAVED,TwoWay,PAVED,2,50,NO ACCESS,Y,2000.0,187.137067240735
STRASBURG RD,01-Non intersection,02-Thru lane,01-Clear,01-Daylight,MIDBLOCK,Tuesday,September,0,STRASBURG RD,4,ROAD,MAJOR,15.0,26.0,PAVED,TwoWay,PAVED,2,50,NO ACCESS,Y,1999.0,600.509723582335
STRASBURG RD,01-Non intersection,02-Thru lane,01-Clear,01-Daylight,MIDBLOCK,Tuesday,September,0,STRASBURG RD,4,ROAD,MAJOR,15.0,26.0,PAVED,TwoWay,PAVED,2,50,7-7 MON-SUN,Y,1963.0,257.43824036321
STRASBURG RD,01-Non intersection,02-Thru lane,01-Clear,01-Daylight,MIDBLOCK,Tuesday,September,0,STRASBURG RD,4,ROAD,MAJOR,15.0,26.0,PAVED,TwoWay,PAVED,2,50,7-7 MON-SUN,Y,1963.0,618.364969409566
STRASBURG RD,01-Non intersection,02-Thru lane,01-Clear,01-Daylight,MIDBLOCK,Tuesday,September,0,STRASBURG RD,4,ROAD,MAJOR,16.0,26.0,PAVED,TwoWay,PAVED,2,50,NO ACCESS,Y,2000.0,28.223807325122
STRASBURG RD,01-Non intersection,02-Thru lane,01-Clear,01-Daylight,MIDBLOCK,Tuesday,September,0,STRASBURG RD,4,ROAD,MAJOR,16.0,26.0,PAVED,TwoWay,PAVED,2,50,NO ACCESS,Y,2000.0,188.85664793939492
STRASBURG RD,01-Non intersection,02-Thru lane,01-Clear,01-Daylight,MIDBLOCK,Tuesday,September,0,STRASBURG RD,4,ROAD,MAJOR,15.0,26.0,PAVED,TwoWay,PAVED,2,50,7-7 MON-SUN,Y,1963.0,107.509835430289
HARVEST CRT,04-At/near private drive,09-Right shoulder,01-Clear,07-Dark,MIDBLOCK,Thursday,December,0,HARVEST CRT,2,ROAD,LOCAL,9.0,18.0,PAVED,TwoWay,PAVED,6,50,NO ACCESS,N,1979.0,126.952077254137
HARVEST CRT,04-At/near private drive,09-Right shoulder,01-Clear,07-Dark,MIDBLOCK,Thursday,December,0,HARVEST CRT,1,BULB,LOCAL,9.0,43.0,PAVED,FromTo,PAVED,6,50,NO ACCESS,N,1979.0,81.4910408043408
HARVEST CRT,01-Non intersection,02-Thru lane,01-Clear,01-Daylight,MIDBLOCK,Thursday,December,0,HARVEST CRT,2,ROAD,LOCAL,9.0,18.0,PAVED,TwoWay,PAVED,6,50,NO ACCESS,N,1979.0,126.952077254137
HARVEST CRT,01-Non intersection,02-Thru lane,01-Clear,01-Daylight,MIDBLOCK,Thursday,December,0,HARVEST CRT,1,BULB,LOCAL,9.0,43.0,PAVED,FromTo,PAVED,6,50,NO ACCESS,N,1979.0,81.4910408043408
HARVEST CRT,01-Non intersection,02-Thru lane,01-Clear,"08-Dark, artificial",MIDBLOCK,Saturday,February,1,HARVEST CRT,2,ROAD,LOCAL,9.0,18.0,PAVED,TwoWay,PAVED,6,50,NO ACCESS,N,1979.0,126.952077254137
HARVEST CRT,01-Non intersection,02-Thru lane,01-Clear,"08-Dark, artificial",MIDBLOCK,Saturday,February,1,HARVEST CRT,1,BULB,LOCAL,9.0,43.0,PAVED,FromTo,PAVED,6,50,NO ACCESS,N,1979.0,81.4910408043408
JANSEN AVE,01-Non intersection,02-Thru lane,01-Clear,"08-Dark, artificial",MIDBLOCK,Sunday,July,1,JANSEN AVE,2,ROAD,LOCAL,9.0,20.0,PAVED,TwoWay,PAVED,6,50,NO ACCESS,N,1924.0,258.068973289038
JANSEN AVE,01-Non intersection,02-Thru lane,01-Clear,"08-Dark, artificial",MIDBLOCK,Sunday,July,1,JANSEN AVE,2,ROAD,LOCAL,9.0,20.0,PAVED,TwoWay,PAVED,6,50,NO ACCESS,N,1924.0,118.45533954913401
JANSEN AVE,01-Non intersection,02-Thru lane,01-Clear,"08-Dark, artificial",MIDBLOCK,Sunday,July,1,JANSEN AVE,2,ROAD,LOCAL,9.0,26.0,PAVED,TwoWay,PAVED,6,50,NO ACCESS,N,1924.0,67.5132345500962
JANSEN AVE,01-Non intersection,02-Thru lane,01-Clear,"08-Dark, artificial",MIDBLOCK,Sunday,July,1,JANSEN AVE,2,ROAD,LOCAL,9.0,20.0,PAVED,TwoWay,PAVED,6,50,NO ACCESS,N,1924.0,118.984246176121
JANSEN AVE,01-Non intersection,10-Not on roadway - left side,01-Clear,07-Dark,MIDBLOCK,Thursday,March,0,JANSEN AVE,2,ROAD,LOCAL,9.0,20.0,PAVED,TwoWay,PAVED,6,50,NO ACCESS,N,1924.0,258.068973289038
JANSEN AVE,01-Non intersection,10-Not on roadway - left side,01-Clear,07-Dark,MIDBLOCK,Thursday,March,0,JANSEN AVE,2,ROAD,LOCAL,9.0,20.0,PAVED,TwoWay,PAVED,6,50,NO ACCESS,N,1924.0,118.45533954913401
JANSEN AVE,01-Non intersection,10-Not on roadway - left side,01-Clear,07-Dark,MIDBLOCK,Thursday,March,0,JANSEN AVE,2,ROAD,LOCAL,9.0,26.0,PAVED,TwoWay,PAVED,6,50,NO ACCESS,N,1924.0,67.5132345500962
JANSEN AVE,01-Non intersection,10-Not on roadway - left side,01-Clear,07-Dark,MIDBLOCK,Thursday,March,0,JANSEN AVE,2,ROAD,LOCAL,9.0,20.0,PAVED,TwoWay,PAVED,6,50,NO ACCESS,N,1924.0,118.984246176121
JANSEN AVE,04-At/near private drive,02-Thru lane,01-Clear,01-Daylight,MIDBLOCK,Friday,July,0,JANSEN AVE,2,ROAD,LOCAL,9.0,20.0,PAVED,TwoWay,PAVED,6,50,NO ACCESS,N,1924.0,258.068973289038
JANSEN AVE,04-At/near private drive,02-Thru lane,01-Clear,01-Daylight,MIDBLOCK,Friday,July,0,JANSEN AVE,2,ROAD,LOCAL,9.0,20.0,PAVED,TwoWay,PAVED,6,50,NO ACCESS,N,1924.0,118.45533954913401
JANSEN AVE,04-At/near private drive,02-Thru lane,01-Clear,01-Daylight,MIDBLOCK,Friday,July,0,JANSEN AVE,2,ROAD,LOCAL,9.0,26.0,PAVED,TwoWay,PAVED,6,50,NO ACCESS,N,1924.0,67.5132345500962
JANSEN AVE,04-At/near private drive,02-Thru lane,01-Clear,01-Daylight,MIDBLOCK,Friday,July,0,JANSEN AVE,2,ROAD,LOCAL,9.0,20.0,PAVED,TwoWay,PAVED,6,50,NO ACCESS,N,1924.0,118.984246176121
JANSEN AVE,04-At/near private drive,02-Thru lane,02-Rain,01-Daylight,MIDBLOCK,Thursday,August,0,JANSEN AVE,2,ROAD,LOCAL,9.0,20.0,PAVED,TwoWay,PAVED,6,50,NO ACCESS,N,1924.0,258.068973289038
JANSEN AVE,04-At/near private drive,02-Thru lane,02-Rain,01-Daylight,MIDBLOCK,Thursday,August,0,JANSEN AVE,2,ROAD,LOCAL,9.0,20.0,PAVED,TwoWay,PAVED,6,50,NO ACCESS,N,1924.0,118.45533954913401
JANSEN AVE,04-At/near private drive,02-Thru lane,02-Rain,01-Daylight,MIDBLOCK,Thursday,August,0,JANSEN AVE,2,ROAD,LOCAL,9.0,26.0,PAVED,TwoWay,PAVED,6,50,NO ACCESS,N,1924.0,67.5132345500962
JANSEN AVE,04-At/near private drive,02-Thru lane,02-Rain,01-Daylight,MIDBLOCK,Thursday,August,0,JANSEN AVE,2,ROAD,LOCAL,9.0,20.0,PAVED,TwoWay,PAVED,6,50,NO ACCESS,N,1924.0,118.984246176121
JANSEN AVE,01-Non intersection,02-Thru lane,03-Snow,01-Daylight,MIDBLOCK,Wednesday,January,0,JANSEN AVE,2,ROAD,LOCAL,9.0,20.0,PAVED,TwoWay,PAVED,6,50,NO ACCESS,N,1924.0,258.068973289038
JANSEN AVE,01-Non intersection,02-Thru lane,03-Snow,01-Daylight,MIDBLOCK,Wednesday,January,0,JANSEN AVE,2,ROAD,LOCAL,9.0,20.0,PAVED,TwoWay,PAVED,6,50,NO ACCESS,N,1924.0,118.45533954913401
JANSEN AVE,01-Non intersection,02-Thru lane,03-Snow,01-Daylight,MIDBLOCK,Wednesday,January,0,JANSEN AVE,2,ROAD,LOCAL,9.0,26.0,PAVED,TwoWay,PAVED,6,50,NO ACCESS,N,1924.0,67.5132345500962
JANSEN AVE,01-Non intersection,02-Thru lane,03-Snow,01-Daylight,MIDBLOCK,Wednesday,January,0,JANSEN AVE,2,ROAD,LOCAL,9.0,20.0,PAVED,TwoWay,PAVED,6,50,NO ACCESS,N,1924.0,118.984246176121
JANSEN AVE,04-At/near private drive,02-Thru lane,"07-Fog, mist, smoke, dust",01-Daylight,MIDBLOCK,Tuesday,October,0,JANSEN AVE,2,ROAD,LOCAL,9.0,20.0,PAVED,TwoWay,PAVED,6,50,NO ACCESS,N,1924.0,258.068973289038
JANSEN AVE,04-At/near private drive,02-Thru lane,"07-Fog, mist, smoke, dust",01-Daylight,MIDBLOCK,Tuesday,October,0,JANSEN AVE,2,ROAD,LOCAL,9.0,20.0,PAVED,TwoWay,PAVED,6,50,NO ACCESS,N,1924.0,118.45533954913401
JANSEN AVE,04-At/near private drive,02-Thru lane,"07-Fog, mist, smoke, dust",01-Daylight,MIDBLOCK,Tuesday,October,0,JANSEN AVE,2,ROAD,LOCAL,9.0,26.0,PAVED,TwoWay,PAVED,6,50,NO ACCESS,N,1924.0,67.5132345500962
JANSEN AVE,04-At/near private drive,02-Thru lane,"07-Fog, mist, smoke, dust",01-Daylight,MIDBLOCK,Tuesday,October,0,JANSEN AVE,2,ROAD,LOCAL,9.0,20.0,PAVED,TwoWay,PAVED,6,50,NO ACCESS,N,1924.0,118.984246176121
JANSEN AVE,04-At/near private drive,02-Thru lane,01-Clear,01-Daylight,MIDBLOCK,Saturday,July,1,JANSEN AVE,2,ROAD,LOCAL,9.0,20.0,PAVED,TwoWay,PAVED,6,50,NO ACCESS,N,1924.0,258.068973289038
JANSEN AVE,04-At/near private drive,02-Thru lane,01-Clear,01-Daylight,MIDBLOCK,Saturday,July,1,JANSEN AVE,2,ROAD,LOCAL,9.0,20.0,PAVED,TwoWay,PAVED,6,50,NO ACCESS,N,1924.0,118.45533954913401
JANSEN AVE,04-At/near private drive,02-Thru lane,01-Clear,01-Daylight,MIDBLOCK,Saturday,July,1,JANSEN AVE,2,ROAD,LOCAL,9.0,26.0,PAVED,TwoWay,PAVED,6,50,NO ACCESS,N,1924.0,67.5132345500962
JANSEN AVE,04-At/near private drive,02-Thru lane,01-Clear,01-Daylight,MIDBLOCK,Saturday,July,1,JANSEN AVE,2,ROAD,LOCAL,9.0,20.0,PAVED,TwoWay,PAVED,6,50,NO ACCESS,N,1924.0,118.984246176121
WINDALE CRES,04-At/near private drive,09-Right shoulder,01-Clear,07-Dark,MIDBLOCK,Friday,August,0,WINDALE CRES,2,ROAD,LOCAL,11.0,18.0,PAVED,TwoWay,PAVED,6,50,NO ACCESS,N,2007.0,548.0223250770939
WINDALE CRES,04-At/near private drive,02-Thru lane,01-Clear,"08-Dark, artificial",MIDBLOCK,Sunday,September,1,WINDALE CRES,2,ROAD,LOCAL,11.0,18.0,PAVED,TwoWay,PAVED,6,50,NO ACCESS,N,2007.0,548.0223250770939
WINDALE CRES,04-At/near private drive,02-Thru lane,01-Clear,01-Daylight,MIDBLOCK,Wednesday,July,0,WINDALE CRES,2,ROAD,LOCAL,11.0,18.0,PAVED,TwoWay,PAVED,6,50,NO ACCESS,N,2007.0,548.0223250770939
WINDALE CRES,01-Non intersection,02-Thru lane,01-Clear,01-Daylight,MIDBLOCK,Tuesday,April,0,WINDALE CRES,2,ROAD,LOCAL,11.0,18.0,PAVED,TwoWay,PAVED,6,50,NO ACCESS,N,2007.0,548.0223250770939
WINDALE CRES,04-At/near private drive,09-Right shoulder,01-Clear,05-Dusk,MIDBLOCK,Friday,February,0,WINDALE CRES,2,ROAD,LOCAL,11.0,18.0,PAVED,TwoWay,PAVED,6,50,NO ACCESS,N,2007.0,548.0223250770939
WINDALE CRES,01-Non intersection,02-Thru lane,01-Clear,01-Daylight,MIDBLOCK,Saturday,April,1,WINDALE CRES,2,ROAD,LOCAL,11.0,18.0,PAVED,TwoWay,PAVED,6,50,NO ACCESS,N,2007.0,548.0223250770939
WINDALE CRES,01-Non intersection,02-Thru lane,01-Clear,01-Daylight,MIDBLOCK,Monday,September,0,WINDALE CRES,2,ROAD,LOCAL,11.0,18.0,PAVED,TwoWay,PAVED,6,50,NO ACCESS,N,2007.0,548.0223250770939
DOOLEY DR,04-At/near private drive,09-Right shoulder,01-Clear,07-Dark,MIDBLOCK,Thursday,September,0,DOOLEY DR,2,ROAD,LOCAL,9.0,20.0,PAVED,TwoWay,PAVED,6,50,NO ACCESS,N,1965.0,219.810059587465
DOOLEY DR,04-At/near private drive,09-Right shoulder,01-Clear,07-Dark,MIDBLOCK,Thursday,September,0,DOOLEY DR,2,ROAD,LOCAL,9.0,20.0,PAVED,TwoWay,PAVED,6,50,NO ACCESS,N,1965.0,290.799841761354
DOOLEY DR,04-At/near private drive,02-Thru lane,01-Clear,01-Daylight,MIDBLOCK,Wednesday,November,0,DOOLEY DR,2,ROAD,LOCAL,9.0,20.0,PAVED,TwoWay,PAVED,6,50,NO ACCESS,N,1965.0,219.810059587465
DOOLEY DR,04-At/near private drive,02-Thru lane,01-Clear,01-Daylight,MIDBLOCK,Wednesday,November,0,DOOLEY DR,2,ROAD,LOCAL,9.0,20.0,PAVED,TwoWay,PAVED,6,50,NO ACCESS,N,1965.0,290.799841761354
DOOLEY DR,04-At/near private drive,02-Thru lane,01-Clear,"08-Dark, artificial",MIDBLOCK,Saturday,December,1,DOOLEY DR,2,ROAD,LOCAL,9.0,20.0,PAVED,TwoWay,PAVED,6,50,NO ACCESS,N,1965.0,219.810059587465
DOOLEY DR,04-At/near private drive,02-Thru lane,01-Clear,"08-Dark, artificial",MIDBLOCK,Saturday,December,1,DOOLEY DR,2,ROAD,LOCAL,9.0,20.0,PAVED,TwoWay,PAVED,6,50,NO ACCESS,N,1965.0,290.799841761354
DOOLEY DR,04-At/near private drive,11-Not on roadway - right side,03-Snow,01-Daylight,MIDBLOCK,Sunday,February,1,DOOLEY DR,2,ROAD,LOCAL,9.0,20.0,PAVED,TwoWay,PAVED,6,50,NO ACCESS,N,1965.0,219.810059587465
DOOLEY DR,04-At/near private drive,11-Not on roadway - right side,03-Snow,01-Daylight,MIDBLOCK,Sunday,February,1,DOOLEY DR,2,ROAD,LOCAL,9.0,20.0,PAVED,TwoWay,PAVED,6,50,NO ACCESS,N,1965.0,290.799841761354
DOOLEY DR,04-At/near private drive,02-Thru lane,01-Clear,01-Daylight,MIDBLOCK,Monday,March,0,DOOLEY DR,2,ROAD,LOCAL,9.0,20.0,PAVED,TwoWay,PAVED,6,50,NO ACCESS,N,1965.0,219.810059587465
DOOLEY DR,04-At/near private drive,02-Thru lane,01-Clear,01-Daylight,MIDBLOCK,Monday,March,0,DOOLEY DR,2,ROAD,LOCAL,9.0,20.0,PAVED,TwoWay,PAVED,6,50,NO ACCESS,N,1965.0,290.799841761354
FERGUS AVE,99-Other,12-Off highway,01-Clear,07-Dark,MIDBLOCK,Sunday,July,1,FERGUS AVE,2,ROAD,LOCAL,13.0,20.0,PAVED,TwoWay,PAVED,4,50,NO ACCESS,N,1858.0,170.689256098739
FERGUS AVE,99-Other,12-Off highway,01-Clear,07-Dark,MIDBLOCK,Sunday,July,1,FERGUS AVE,2,ROAD,LOCAL,9.0,20.0,PAVED,TwoWay,PAVED,4,50,NO ACCESS,N,1947.0,197.14147016488602
FERGUS AVE,99-Other,12-Off highway,01-Clear,07-Dark,MIDBLOCK,Sunday,July,1,FERGUS AVE,2,ROAD,LOCAL,9.0,20.0,PAVED,TwoWay,PAVED,4,50,NO ACCESS,N,1952.0,89.05384425154949
FERGUS AVE,99-Other,12-Off highway,01-Clear,07-Dark,MIDBLOCK,Sunday,July,1,FERGUS AVE,2,ROAD,LOCAL,11.0,20.0,PAVED,TwoWay,PAVED,4,50,NO ACCESS,N,1858.0,162.65599600206198
FERGUS AVE,99-Other,12-Off highway,01-Clear,07-Dark,MIDBLOCK,Sunday,July,1,FERGUS AVE,2,ROAD,LOCAL,9.0,20.0,PAVED,TwoWay,PAVED,4,50,NO ACCESS,N,1952.0,139.950447399204
FERGUS AVE,99-Other,12-Off highway,01-Clear,07-Dark,MIDBLOCK,Sunday,July,1,FERGUS AVE,2,ROAD,LOCAL,9.0,20.0,PAVED,TwoWay,PAVED,4,50,NO ACCESS,N,1952.0,51.687904541787994
FERGUS AVE,01-Non intersection,02-Thru lane,01-Clear,01-Daylight,MIDBLOCK,Tuesday,February,0,FERGUS AVE,2,ROAD,LOCAL,13.0,20.0,PAVED,TwoWay,PAVED,4,50,NO ACCESS,N,1858.0,170.689256098739
FERGUS AVE,01-Non intersection,02-Thru lane,01-Clear,01-Daylight,MIDBLOCK,Tuesday,February,0,FERGUS AVE,2,ROAD,LOCAL,9.0,20.0,PAVED,TwoWay,PAVED,4,50,NO ACCESS,N,1947.0,197.14147016488602
FERGUS AVE,01-Non intersection,02-Thru lane,01-Clear,01-Daylight,MIDBLOCK,Tuesday,February,0,FERGUS AVE,2,ROAD,LOCAL,9.0,20.0,PAVED,TwoWay,PAVED,4,50,NO ACCESS,N,1952.0,89.05384425154949
FERGUS AVE,01-Non intersection,02-Thru lane,01-Clear,01-Daylight,MIDBLOCK,Tuesday,February,0,FERGUS AVE,2,ROAD,LOCAL,11.0,20.0,PAVED,TwoWay,PAVED,4,50,NO ACCESS,N,1858.0,162.65599600206198
FERGUS AVE,01-Non intersection,02-Thru lane,01-Clear,01-Daylight,MIDBLOCK,Tuesday,February,0,FERGUS AVE,2,ROAD,LOCAL,9.0,20.0,PAVED,TwoWay,PAVED,4,50,NO ACCESS,N,1952.0,139.950447399204
FERGUS AVE,01-Non intersection,02-Thru lane,01-Clear,01-Daylight,MIDBLOCK,Tuesday,February,0,FERGUS AVE,2,ROAD,LOCAL,9.0,20.0,PAVED,TwoWay,PAVED,4,50,NO ACCESS,N,1952.0,51.687904541787994
FERGUS AVE,01-Non intersection,02-Thru lane,01-Clear,07-Dark,MIDBLOCK,Thursday,August,0,FERGUS AVE,2,ROAD,LOCAL,13.0,20.0,PAVED,TwoWay,PAVED,4,50,NO ACCESS,N,1858.0,170.689256098739
FERGUS AVE,01-Non intersection,02-Thru lane,01-Clear,07-Dark,MIDBLOCK,Thursday,August,0,FERGUS AVE,2,ROAD,LOCAL,9.0,20.0,PAVED,TwoWay,PAVED,4,50,NO ACCESS,N,1947.0,197.14147016488602
FERGUS AVE,01-Non intersection,02-Thru lane,01-Clear,07-Dark,MIDBLOCK,Thursday,August,0,FERGUS AVE,2,ROAD,LOCAL,9.0,20.0,PAVED,TwoWay,PAVED,4,50,NO ACCESS,N,1952.0,89.05384425154949
FERGUS AVE,01-Non intersection,02-Thru lane,01-Clear,07-Dark,MIDBLOCK,Thursday,August,0,FERGUS AVE,2,ROAD,LOCAL,11.0,20.0,PAVED,TwoWay,PAVED,4,50,NO ACCESS,N,1858.0,162.65599600206198
FERGUS AVE,01-Non intersection,02-Thru lane,01-Clear,07-Dark,MIDBLOCK,Thursday,August,0,FERGUS AVE,2,ROAD,LOCAL,9.0,20.0,PAVED,TwoWay,PAVED,4,50,NO ACCESS,N,1952.0,139.950447399204
FERGUS AVE,01-Non intersection,02-Thru lane,01-Clear,07-Dark,MIDBLOCK,Thursday,August,0,FERGUS AVE,2,ROAD,LOCAL,9.0,20.0,PAVED,TwoWay,PAVED,4,50,NO ACCESS,N,1952.0,51.687904541787994
FERGUS AVE,01-Non intersection,11-Not on roadway - right side,01-Clear,01-Daylight,MIDBLOCK,Friday,February,0,FERGUS AVE,2,ROAD,LOCAL,13.0,20.0,PAVED,TwoWay,PAVED,4,50,NO ACCESS,N,1858.0,170.689256098739
FERGUS AVE,01-Non intersection,11-Not on roadway - right side,01-Clear,01-Daylight,MIDBLOCK,Friday,February,0,FERGUS AVE,2,ROAD,LOCAL,9.0,20.0,PAVED,TwoWay,PAVED,4,50,NO ACCESS,N,1947.0,197.14147016488602
FERGUS AVE,01-Non intersection,11-Not on roadway - right side,01-Clear,01-Daylight,MIDBLOCK,Friday,February,0,FERGUS AVE,2,ROAD,LOCAL,9.0,20.0,PAVED,TwoWay,PAVED,4,50,NO ACCESS,N,1952.0,89.05384425154949
FERGUS AVE,01-Non intersection,11-Not on roadway - right side,01-Clear,01-Daylight,MIDBLOCK,Friday,February,0,FERGUS AVE,2,ROAD,LOCAL,11.0,20.0,PAVED,TwoWay,PAVED,4,50,NO ACCESS,N,1858.0,162.65599600206198
FERGUS AVE,01-Non intersection,11-Not on roadway - right side,01-Clear,01-Daylight,MIDBLOCK,Friday,February,0,FERGUS AVE,2,ROAD,LOCAL,9.0,20.0,PAVED,TwoWay,PAVED,4,50,NO ACCESS,N,1952.0,139.950447399204
FERGUS AVE,01-Non intersection,11-Not on roadway - right side,01-Clear,01-Daylight,MIDBLOCK,Friday,February,0,FERGUS AVE,2,ROAD,LOCAL,9.0,20.0,PAVED,TwoWay,PAVED,4,50,NO ACCESS,N,1952.0,51.687904541787994
FERGUS AVE,10-Parking lot,12-Off highway,01-Clear,"08-Dark, artificial",MIDBLOCK,Monday,July,0,FERGUS AVE,2,ROAD,LOCAL,13.0,20.0,PAVED,TwoWay,PAVED,4,50,NO ACCESS,N,1858.0,170.689256098739
FERGUS AVE,10-Parking lot,12-Off highway,01-Clear,"08-Dark, artificial",MIDBLOCK,Monday,July,0,FERGUS AVE,2,ROAD,LOCAL,9.0,20.0,PAVED,TwoWay,PAVED,4,50,NO ACCESS,N,1947.0,197.14147016488602
FERGUS AVE,10-Parking lot,12-Off highway,01-Clear,"08-Dark, artificial",MIDBLOCK,Monday,July,0,FERGUS AVE,2,ROAD,LOCAL,9.0,20.0,PAVED,TwoWay,PAVED,4,50,NO ACCESS,N,1952.0,89.05384425154949
FERGUS AVE,10-Parking lot,12-Off highway,01-Clear,"08-Dark, artificial",MIDBLOCK,Monday,July,0,FERGUS AVE,2,ROAD,LOCAL,11.0,20.0,PAVED,TwoWay,PAVED,4,50,NO ACCESS,N,1858.0,162.65599600206198
FERGUS AVE,10-Parking lot,12-Off highway,01-Clear,"08-Dark, artificial",MIDBLOCK,Monday,July,0,FERGUS AVE,2,ROAD,LOCAL,9.0,20.0,PAVED,TwoWay,PAVED,4,50,NO ACCESS,N,1952.0,139.950447399204
FERGUS AVE,10-Parking lot,12-Off highway,01-Clear,"08-Dark, artificial",MIDBLOCK,Monday,July,0,FERGUS AVE,2,ROAD,LOCAL,9.0,20.0,PAVED,TwoWay,PAVED,4,50,NO ACCESS,N,1952.0,51.687904541787994
FERGUS AVE,04-At/near private drive,02-Thru lane,01-Clear,01-Daylight,MIDBLOCK,Tuesday,September,0,FERGUS AVE,2,ROAD,LOCAL,13.0,20.0,PAVED,TwoWay,PAVED,4,50,NO ACCESS,N,1858.0,170.689256098739
FERGUS AVE,04-At/near private drive,02-Thru lane,01-Clear,01-Daylight,MIDBLOCK,Tuesday,September,0,FERGUS AVE,2,ROAD,LOCAL,9.0,20.0,PAVED,TwoWay,PAVED,4,50,NO ACCESS,N,1947.0,197.14147016488602
FERGUS AVE,04-At/near private drive,02-Thru lane,01-Clear,01-Daylight,MIDBLOCK,Tuesday,September,0,FERGUS AVE,2,ROAD,LOCAL,9.0,20.0,PAVED,TwoWay,PAVED,4,50,NO ACCESS,N,1952.0,89.05384425154949
FERGUS AVE,04-At/near private drive,02-Thru lane,01-Clear,01-Daylight,MIDBLOCK,Tuesday,September,0,FERGUS AVE,2,ROAD,LOCAL,11.0,20.0,PAVED,TwoWay,PAVED,4,50,NO ACCESS,N,1858.0,162.65599600206198
FERGUS AVE,04-At/near private drive,02-Thru lane,01-Clear,01-Daylight,MIDBLOCK,Tuesday,September,0,FERGUS AVE,2,ROAD,LOCAL,9.0,20.0,PAVED,TwoWay,PAVED,4,50,NO ACCESS,N,1952.0,139.950447399204
FERGUS AVE,04-At/near private drive,02-Thru lane,01-Clear,01-Daylight,MIDBLOCK,Tuesday,September,0,FERGUS AVE,2,ROAD,LOCAL,9.0,20.0,PAVED,TwoWay,PAVED,4,50,NO ACCESS,N,1952.0,51.687904541787994