LOCATION,ACCIDENT_LOCATION,IMPACT_LOCATION,ENVIRONMENT_CONDITION,LIGHT,COLLISION_TYPE,DAY_OF_WEEK,MONTH,IS_WEEKEND,STREET,LANES,CATEGORY,SUBCATEGORY,PAVEMENT_WIDTH,ROW_WIDTH,SHOULDER,FLOW_DIRECTION,SURFACE_LAYER_TYPE,OFFICIAL_ROAD_CLASSIFICATION,SPEED_LIMIT_KM,TRUCK_ACCESS,BUS_ROUTE,SERVICE_YEAR,Shape__Length
FERGUS AVE,01-Non intersection,02-Thru lane,01-Clear,07-Dark,MIDBLOCK,Saturday,July,1,FERGUS AVE,2,ROAD,LOCAL,13.0,20.0,PAVED,TwoWay,PAVED,4,50,NO ACCESS,N,1858.0,170.689256098739
FERGUS AVE,01-Non intersection,02-Thru lane,01-Clear,07-Dark,MIDBLOCK,Saturday,July,1,FERGUS AVE,2,ROAD,LOCAL,9.0,20.0,PAVED,TwoWay,PAVED,4,50,NO ACCESS,N,1947.0,197.14147016488602
FERGUS AVE,01-Non intersection,02-Thru lane,01-Clear,07-Dark,MIDBLOCK,Saturday,July,1,FERGUS AVE,2,ROAD,LOCAL,9.0,20.0,PAVED,TwoWay,PAVED,4,50,NO ACCESS,N,1952.0,89.05384425154949
FERGUS AVE,01-Non intersection,02-Thru lane,01-Clear,07-Dark,MIDBLOCK,Saturday,July,1,FERGUS AVE,2,ROAD,LOCAL,11.0,20.0,PAVED,TwoWay,PAVED,4,50,NO ACCESS,N,1858.0,162.65599600206198
FERGUS AVE,01-Non intersection,02-Thru lane,01-Clear,07-Dark,MIDBLOCK,Saturday,July,1,FERGUS AVE,2,ROAD,LOCAL,9.0,20.0,PAVED,TwoWay,PAVED,4,50,NO ACCESS,N,1952.0,139.950447399204
FERGUS AVE,01-Non intersection,02-Thru lane,01-Clear,07-Dark,MIDBLOCK,Saturday,July,1,FERGUS AVE,2,ROAD,LOCAL,9.0,20.0,PAVED,TwoWay,PAVED,4,50,NO ACCESS,N,1952.0,51.687904541787994
FERGUS AVE,04-At/near private drive,02-Thru lane,01-Clear,05-Dusk,MIDBLOCK,Wednesday,February,0,FERGUS AVE,2,ROAD,LOCAL,13.0,20.0,PAVED,TwoWay,PAVED,4,50,NO ACCESS,N,1858.0,170.689256098739
FERGUS AVE,04-At/near private drive,02-Thru lane,01-Clear,05-Dusk,MIDBLOCK,Wednesday,February,0,FERGUS AVE,2,ROAD,LOCAL,9.0,20.0,PAVED,TwoWay,PAVED,4,50,NO ACCESS,N,1947.0,197.14147016488602
FERGUS AVE,04-At/near private drive,02-Thru lane,01-Clear,05-Dusk,MIDBLOCK,Wednesday,February,0,FERGUS AVE,2,ROAD,LOCAL,9.0,20.0,PAVED,TwoWay,PAVED,4,50,NO ACCESS,N,1952.0,89.05384425154949
FERGUS AVE,04-At/near private drive,02-Thru lane,01-Clear,05-Dusk,MIDBLOCK,Wednesday,February,0,FERGUS AVE,2,ROAD,LOCAL,11.0,20.0,PAVED,TwoWay,PAVED,4,50,NO ACCESS,N,1858.0,162.65599600206198
FERGUS AVE,04-At/near private drive,02-Thru lane,01-Clear,05-Dusk,MIDBLOCK,Wednesday,February,0,FERGUS AVE,2,ROAD,LOCAL,9.0,20.0,PAVED,TwoWay,PAVED,4,50,NO ACCESS,N,1952.0,139.950447399204
FERGUS AVE,04-At/near private drive,02-Thru lane,01-Clear,05-Dusk,MIDBLOCK,Wednesday,February,0,FERGUS AVE,2,ROAD,LOCAL,9.0,20.0,PAVED,TwoWay,PAVED,4,50,NO ACCESS,N,1952.0,51.687904541787994
FERGUS AVE,01-Non intersection,02-Thru lane,01-Clear,01-Daylight,MIDBLOCK,Tuesday,January,0,FERGUS AVE,2,ROAD,LOCAL,13.0,20.0,PAVED,TwoWay,PAVED,4,50,NO ACCESS,N,1858.0,170.689256098739
FERGUS AVE,01-Non intersection,02-Thru lane,01-Clear,01-Daylight,MIDBLOCK,Tuesday,January,0,FERGUS AVE,2,ROAD,LOCAL,9.0,20.0,PAVED,TwoWay,PAVED,4,50,NO ACCESS,N,1947.0,197.14147016488602
FERGUS AVE,01-Non intersection,02-Thru lane,01-Clear,01-Daylight,MIDBLOCK,Tuesday,January,0,FERGUS AVE,2,ROAD,LOCAL,9.0,20.0,PAVED,TwoWay,PAVED,4,50,NO ACCESS,N,1952.0,89.05384425154949
FERGUS AVE,01-Non intersection,02-Thru lane,01-Clear,01-Daylight,MIDBLOCK,Tuesday,January,0,FERGUS AVE,2,ROAD,LOCAL,11.0,20.0,PAVED,TwoWay,PAVED,4,50,NO ACCESS,N,1858.0,162.65599600206198
FERGUS AVE,01-Non intersection,02-Thru lane,01-Clear,01-Daylight,MIDBLOCK,Tuesday,January,0,FERGUS AVE,2,ROAD,LOCAL,9.0,20.0,PAVED,TwoWay,PAVED,4,50,NO ACCESS,N,1952.0,139.950447399204
FERGUS AVE,01-Non intersection,02-Thru lane,01-Clear,01-Daylight,MIDBLOCK,Tuesday,January,0,FERGUS AVE,2,ROAD,LOCAL,9.0,20.0,PAVED,TwoWay,PAVED,4,50,NO ACCESS,N,1952.0,51.687904541787994
SIMS ESTATE DR,01-Non intersection,02-Thru lane,01-Clear,07-Dark,MIDBLOCK,Sunday,September,1,SIMS ESTATE DR,2,ROAD,LOCAL,9.0,20.0,PAVED,TwoWay,PAVED,6,50,NO ACCESS,N,2006.0,174.220471236088
SIMS ESTATE DR,01-Non intersection,02-Thru lane,01-Clear,07-Dark,MIDBLOCK,Sunday,September,1,SIMS ESTATE DR,2,ROAD,MINOR,9.0,20.0,PAVED,TwoWay,PAVED,6,50,NO ACCESS,N,2006.0,191.62864729615399
SIMS ESTATE DR,01-Non intersection,02-Thru lane,01-Clear,07-Dark,MIDBLOCK,Sunday,September,1,SIMS ESTATE DR,2,ROAD,LOCAL,9.0,20.0,PAVED,TwoWay,PAVED,6,50,NO ACCESS,N,2006.0,172.444061547119
SIMS ESTATE DR,01-Non intersection,02-Thru lane,01-Clear,07-Dark,MIDBLOCK,Sunday,September,1,SIMS ESTATE DR,2,ROAD,LOCAL,9.0,20.0,PAVED,TwoWay,PAVED,6,50,NO ACCESS,N,2006.0,190.678787378087
SIMS ESTATE DR,01-Non intersection,02-Thru lane,01-Clear,07-Dark,MIDBLOCK,Sunday,September,1,SIMS ESTATE DR,2,ROAD,MINOR,9.0,20.0,PAVED,TwoWay,PAVED,6,50,NO ACCESS,N,1994.0,325.606974406432
SIMS ESTATE DR,01-Non intersection,02-Thru lane,01-Clear,07-Dark,MIDBLOCK,Sunday,September,1,SIMS ESTATE DR,2,ROAD,MINOR,9.0,20.0,PAVED,TwoWay,PAVED,6,50,NO ACCESS,N,1994.0,68.3522267278305
SIMS ESTATE DR,01-Non intersection,02-Thru lane,01-Clear,07-Dark,MIDBLOCK,Sunday,September,1,SIMS ESTATE DR,2,ROAD,LOCAL,9.0,20.0,PAVED,TwoWay,PAVED,6,50,NO ACCESS,N,2006.0,86.4052034779854
SIMS ESTATE DR,01-Non intersection,09-Right shoulder,02-Rain,01-Daylight,MIDBLOCK,Thursday,February,0,SIMS ESTATE DR,2,ROAD,LOCAL,9.0,20.0,PAVED,TwoWay,PAVED,6,50,NO ACCESS,N,2006.0,174.220471236088
SIMS ESTATE DR,01-Non intersection,09-Right shoulder,02-Rain,01-Daylight,MIDBLOCK,Thursday,February,0,SIMS ESTATE DR,2,ROAD,MINOR,9.0,20.0,PAVED,TwoWay,PAVED,6,50,NO ACCESS,N,2006.0,191.62864729615399
SIMS ESTATE DR,01-Non intersection,09-Right shoulder,02-Rain,01-Daylight,MIDBLOCK,Thursday,February,0,SIMS ESTATE DR,2,ROAD,LOCAL,9.0,20.0,PAVED,TwoWay,PAVED,6,50,NO ACCESS,N,2006.0,172.444061547119
SIMS ESTATE DR,01-Non intersection,09-Right shoulder,02-Rain,01-Daylight,MIDBLOCK,Thursday,February,0,SIMS ESTATE DR,2,ROAD,LOCAL,9.0,20.0,PAVED,TwoWay,PAVED,6,50,NO ACCESS,N,2006.0,190.678787378087
SIMS ESTATE DR,01-Non intersection,09-Right shoulder,02-Rain,01-Daylight,MIDBLOCK,Thursday,February,0,SIMS ESTATE DR,2,ROAD,MINOR,9.0,20.0,PAVED,TwoWay,PAVED,6,50,NO ACCESS,N,1994.0,325.606974406432
SIMS ESTATE DR,01-Non intersection,09-Right shoulder,02-Rain,01-Daylight,MIDBLOCK,Thursday,February,0,SIMS ESTATE DR,2,ROAD,MINOR,9.0,20.0,PAVED,TwoWay,PAVED,6,50,NO ACCESS,N,1994.0,68.3522267278305
SIMS ESTATE DR,01-Non intersection,09-Right shoulder,02-Rain,01-Daylight,MIDBLOCK,Thursday,February,0,SIMS ESTATE DR,2,ROAD,LOCAL,9.0,20.0,PAVED,TwoWay,PAVED,6,50,NO ACCESS,N,2006.0,86.4052034779854
SIMS ESTATE DR,04-At/near private drive,09-Right shoulder,02-Rain,01-Daylight,MIDBLOCK,Thursday,February,0,SIMS ESTATE DR,2,ROAD,LOCAL,9.0,20.0,PAVED,TwoWay,PAVED,6,50,NO ACCESS,N,2006.0,174.220471236088
SIMS ESTATE DR,04-At/near private drive,09-Right shoulder,02-Rain,01-Daylight,MIDBLOCK,Thursday,February,0,SIMS ESTATE DR,2,ROAD,MINOR,9.0,20.0,PAVED,TwoWay,PAVED,6,50,NO ACCESS,N,2006.0,191.62864729615399
SIMS ESTATE DR,04-At/near private drive,09-Right shoulder,02-Rain,01-Daylight,MIDBLOCK,Thursday,February,0,SIMS ESTATE DR,2,ROAD,LOCAL,9.0,20.0,PAVED,TwoWay,PAVED,6,50,NO ACCESS,N,2006.0,172.444061547119
SIMS ESTATE DR,04-At/near private drive,09-Right shoulder,02-Rain,01-Daylight,MIDBLOCK,Thursday,February,0,SIMS ESTATE DR,2,ROAD,LOCAL,9.0,20.0,PAVED,TwoWay,PAVED,6,50,NO ACCESS,N,2006.0,190.678787378087
SIMS ESTATE DR,04-At/near private drive,09-Right shoulder,02-Rain,01-Daylight,MIDBLOCK,Thursday,February,0,SIMS ESTATE DR,2,ROAD,MINOR,9.0,20.0,PAVED,TwoWay,PAVED,6,50,NO ACCESS,N,1994.0,325.606974406432
SIMS ESTATE DR,04-At/near private drive,09-Right shoulder,02-Rain,01-Daylight,MIDBLOCK,Thursday,February,0,SIMS ESTATE DR,2,ROAD,MINOR,9.0,20.0,PAVED,TwoWay,PAVED,6,50,NO ACCESS,N,1994.0,68.3522267278305
SIMS ESTATE DR,04-At/near private drive,09-Right shoulder,02-Rain,01-Daylight,MIDBLOCK,Thursday,February,0,SIMS ESTATE DR,2,ROAD,LOCAL,9.0,20.0,PAVED,TwoWay,PAVED,6,50,NO ACCESS,N,2006.0,86.4052034779854
SIMS ESTATE DR,04-At/near private drive,02-Thru lane,01-Clear,01-Daylight,MIDBLOCK,Tuesday,March,0,SIMS ESTATE DR,2,ROAD,LOCAL,9.0,20.0,PAVED,TwoWay,PAVED,6,50,NO ACCESS,N,2006.0,174.220471236088
SIMS ESTATE DR,04-At/near private drive,02-Thru lane,01-Clear,01-Daylight,MIDBLOCK,Tuesday,March,0,SIMS ESTATE DR,2,ROAD,MINOR,9.0,20.0,PAVED,TwoWay,PAVED,6,50,NO ACCESS,N,2006.0,191.62864729615399
SIMS ESTATE DR,04-At/near private drive,02-Thru lane,01-Clear,01-Daylight,MIDBLOCK,Tuesday,March,0,SIMS ESTATE DR,2,ROAD,LOCAL,9.0,20.0,PAVED,TwoWay,PAVED,6,50,NO ACCESS,N,2006.0,172.444061547119
SIMS ESTATE DR,04-At/near private drive,02-Thru lane,01-Clear,01-Daylight,MIDBLOCK,Tuesday,March,0,SIMS ESTATE DR,2,ROAD,LOCAL,9.0,20.0,PAVED,TwoWay,PAVED,6,50,NO ACCESS,N,2006.0,190.678787378087
SIMS ESTATE DR,04-At/near private drive,02-Thru lane,01-Clear,01-Daylight,MIDBLOCK,Tuesday,March,0,SIMS ESTATE DR,2,ROAD,MINOR,9.0,20.0,PAVED,TwoWay,PAVED,6,50,NO ACCESS,N,1994.0,325.606974406432
SIMS ESTATE DR,04-At/near private drive,02-Thru lane,01-Clear,01-Daylight,MIDBLOCK,Tuesday,March,0,SIMS ESTATE DR,2,ROAD,MINOR,9.0,20.0,PAVED,TwoWay,PAVED,6,50,NO ACCESS,N,1994.0,68.3522267278305
SIMS ESTATE DR,04-At/near private drive,02-Thru lane,01-Clear,01-Daylight,MIDBLOCK,Tuesday,March,0,SIMS ESTATE DR,2,ROAD,LOCAL,9.0,20.0,PAVED,TwoWay,PAVED,6,50,NO ACCESS,N,2006.0,86.4052034779854
SIMS ESTATE DR,01-Non intersection,02-Thru lane,04-Freezing Rain,"06-Dusk, artificial",MIDBLOCK,Wednesday,February,0,SIMS ESTATE DR,2,ROAD,LOCAL,9.0,20.0,PAVED,TwoWay,PAVED,6,50,NO ACCESS,N,2006.0,174.220471236088
SIMS ESTATE DR,01-Non intersection,02-Thru lane,04-Freezing Rain,"06-Dusk, artificial",MIDBLOCK,Wednesday,February,0,SIMS ESTATE DR,2,ROAD,MINOR,9.0,20.0,PAVED,TwoWay,PAVED,6,50,NO ACCESS,N,2006.0,191.62864729615399
SIMS ESTATE DR,01-Non intersection,02-Thru lane,04-Freezing Rain,"06-Dusk, artificial",MIDBLOCK,Wednesday,February,0,SIMS ESTATE DR,2,ROAD,LOCAL,9.0,20.0,PAVED,TwoWay,PAVED,6,50,NO ACCESS,N,2006.0,172.444061547119
SIMS ESTATE DR,01-Non intersection,02-Thru lane,04-Freezing Rain,"06-Dusk, artificial",MIDBLOCK,Wednesday,February,0,SIMS ESTATE DR,2,ROAD,LOCAL,9.0,20.0,PAVED,TwoWay,PAVED,6,50,NO ACCESS,N,2006.0,190.678787378087
SIMS ESTATE DR,01-Non intersection,02-Thru lane,04-Freezing Rain,"06-Dusk, artificial",MIDBLOCK,Wednesday,February,0,SIMS ESTATE DR,2,ROAD,MINOR,9.0,20.0,PAVED,TwoWay,PAVED,6,50,NO ACCESS,N,1994.0,325.606974406432
SIMS ESTATE DR,01-Non intersection,02-Thru lane,04-Freezing Rain,"06-Dusk, artificial",MIDBLOCK,Wednesday,February,0,SIMS ESTATE DR,2,ROAD,MINOR,9.0,20.0,PAVED,TwoWay,PAVED,6,50,NO ACCESS,N,1994.0,68.3522267278305
SIMS ESTATE DR,01-Non intersection,02-Thru lane,04-Freezing Rain,"06-Dusk, artificial",MIDBLOCK,Wednesday,February,0,SIMS ESTATE DR,2,ROAD,LOCAL,9.0,20.0,PAVED,TwoWay,PAVED,6,50,NO ACCESS,N,2006.0,86.4052034779854
SIMS ESTATE DR,01-Non intersection,02-Thru lane,01-Clear,01-Daylight,MIDBLOCK,Monday,February,0,SIMS ESTATE DR,2,ROAD,LOCAL,9.0,20.0,PAVED,TwoWay,PAVED,6,50,NO ACCESS,N,2006.0,174.220471236088
SIMS ESTATE DR,01-Non intersection,02-Thru lane,01-Clear,01-Daylight,MIDBLOCK,Monday,February,0,SIMS ESTATE DR,2,ROAD,MINOR,9.0,20.0,PAVED,TwoWay,PAVED,6,50,NO ACCESS,N,2006.0,191.62864729615399
SIMS ESTATE DR,01-Non intersection,02-Thru lane,01-Clear,01-Daylight,MIDBLOCK,Monday,February,0,SIMS ESTATE DR,2,ROAD,LOCAL,9.0,20.0,PAVED,TwoWay,PAVED,6,50,NO ACCESS,N,2006.0,172.444061547119
SIMS ESTATE DR,01-Non intersection,02-Thru lane,01-Clear,01-Daylight,MIDBLOCK,Monday,February,0,SIMS ESTATE DR,2,ROAD,LOCAL,9.0,20.0,PAVED,TwoWay,PAVED,6,50,NO ACCESS,N,2006.0,190.678787378087
SIMS ESTATE DR,01-Non intersection,02-Thru lane,01-Clear,01-Daylight,MIDBLOCK,Monday,February,0,SIMS ESTATE DR,2,ROAD,MINOR,9.0,20.0,PAVED,TwoWay,PAVED,6,50,NO ACCESS,N,1994.0,325.606974406432
SIMS ESTATE DR,01-Non intersection,02-Thru lane,01-Clear,01-Daylight,MIDBLOCK,Monday,February,0,SIMS ESTATE DR,2,ROAD,MINOR,9.0,20.0,PAVED,TwoWay,PAVED,6,50,NO ACCESS,N,1994.0,68.3522267278305
SIMS ESTATE DR,01-Non intersection,02-Thru lane,01-Clear,01-Daylight,MIDBLOCK,Monday,February,0,SIMS ESTATE DR,2,ROAD,LOCAL,9.0,20.0,PAVED,TwoWay,PAVED,6,50,NO ACCESS,N,2006.0,86.4052034779854
STIRLING AVE N,04-At/near private drive,09-Right shoulder,01-Clear,01-Daylight,MIDBLOCK,Tuesday,April,0,STIRLING AVE N,2,ROAD,LOCAL,7.0,15.0,PAVED,TwoWay,PAVED,6,50,NO ACCESS,N,1925.0,91.188614251674
STIRLING AVE N,04-At/near private drive,09-Right shoulder,01-Clear,01-Daylight,MIDBLOCK,Tuesday,April,0,STIRLING AVE N,2,ROAD,LOCAL,7.0,15.0,PAVED,TwoWay,PAVED,6,50,NO ACCESS,N,1929.0,100.010249036108
STIRLING AVE N,04-At/near private drive,09-Right shoulder,01-Clear,01-Daylight,MIDBLOCK,Tuesday,April,0,STIRLING AVE N,2,ROAD,LOCAL,12.0,27.0,PAVED,TwoWay,PAVED,6,50,NO ACCESS,N,1998.0,105.853059656483
STIRLING AVE N,04-At/near private drive,09-Right shoulder,01-Clear,01-Daylight,MIDBLOCK,Tuesday,April,0,STIRLING AVE N,2,ROAD,LOCAL,12.0,23.0,PAVED,TwoWay,PAVED,6,50,NO ACCESS,N,1952.0,198.508513652639
STIRLING AVE N,04-At/near private drive,09-Right shoulder,01-Clear,01-Daylight,MIDBLOCK,Tuesday,April,0,STIRLING AVE N,2,ROAD,LOCAL,8.0,20.0,PAVED,TwoWay,PAVED,6,50,NO ACCESS,N,1931.0,191.33029093392892
STIRLING AVE N,04-At/near private drive,09-Right shoulder,01-Clear,01-Daylight,MIDBLOCK,Tuesday,April,0,STIRLING AVE N,2,ROAD,LOCAL,11.0,22.0,PAVED,TwoWay,PAVED,6,50,NO ACCESS,N,1949.0,116.43686196448799
STIRLING AVE N,04-At/near private drive,09-Right shoulder,01-Clear,01-Daylight,MIDBLOCK,Tuesday,April,0,STIRLING AVE N,2,ROAD,LOCAL,16.0,26.0,PAVED,TwoWay,PAVED,6,50,NO ACCESS,N,1952.0,41.3097849310998
STIRLING AVE N,04-At/near private drive,02-Thru lane,01-Clear,01-Daylight,MIDBLOCK,Thursday,March,0,STIRLING AVE N,2,ROAD,LOCAL,7.0,15.0,PAVED,TwoWay,PAVED,6,50,NO ACCESS,N,1925.0,91.188614251674
STIRLING AVE N,04-At/near private drive,02-Thru lane,01-Clear,01-Daylight,MIDBLOCK,Thursday,March,0,STIRLING AVE N,2,ROAD,LOCAL,7.0,15.0,PAVED,TwoWay,PAVED,6,50,NO ACCESS,N,1929.0,100.010249036108
STIRLING AVE N,04-At/near private drive,02-Thru lane,01-Clear,01-Daylight,MIDBLOCK,Thursday,March,0,STIRLING AVE N,2,ROAD,LOCAL,12.0,27.0,PAVED,TwoWay,PAVED,6,50,NO ACCESS,N,1998.0,105.853059656483
STIRLING AVE N,04-At/near private drive,02-Thru lane,01-Clear,01-Daylight,MIDBLOCK,Thursday,March,0,STIRLING AVE N,2,ROAD,LOCAL,12.0,23.0,PAVED,TwoWay,PAVED,6,50,NO ACCESS,N,1952.0,198.508513652639
STIRLING AVE N,04-At/near private drive,02-Thru lane,01-Clear,01-Daylight,MIDBLOCK,Thursday,March,0,STIRLING AVE N,2,ROAD,LOCAL,8.0,20.0,PAVED,TwoWay,PAVED,6,50,NO ACCESS,N,1931.0,191.33029093392892
STIRLING AVE N,04-At/near private drive,02-Thru lane,01-Clear,01-Daylight,MIDBLOCK,Thursday,March,0,STIRLING AVE N,2,ROAD,LOCAL,11.0,22.0,PAVED,TwoWay,PAVED,6,50,NO ACCESS,N,1949.0,116.43686196448799
STIRLING AVE N,04-At/near private drive,02-Thru lane,01-Clear,01-Daylight,MIDBLOCK,Thursday,March,0,STIRLING AVE N,2,ROAD,LOCAL,16.0,26.0,PAVED,TwoWay,PAVED,6,50,NO ACCESS,N,1952.0,41.3097849310998
STIRLING AVE N,04-At/near private drive,02-Thru lane,01-Clear,01-Daylight,MIDBLOCK,Thursday,July,0,STIRLING AVE N,2,ROAD,LOCAL,7.0,15.0,PAVED,TwoWay,PAVED,6,50,NO ACCESS,N,1925.0,91.188614251674
STIRLING AVE N,04-At/near private drive,02-Thru lane,01-Clear,01-Daylight,MIDBLOCK,Thursday,July,0,STIRLING AVE N,2,ROAD,LOCAL,7.0,15.0,PAVED,TwoWay,PAVED,6,50,NO ACCESS,N,1929.0,100.010249036108
STIRLING AVE N,04-At/near private drive,02-Thru lane,01-Clear,01-Daylight,MIDBLOCK,Thursday,July,0,STIRLING AVE N,2,ROAD,LOCAL,12.0,27.0,PAVED,TwoWay,PAVED,6,50,NO ACCESS,N,1998.0,105.853059656483
STIRLING AVE N,04-At/near private drive,02-Thru lane,01-Clear,01-Daylight,MIDBLOCK,Thursday,July,0,STIRLING AVE N,2,ROAD,LOCAL,12.0,23.0,PAVED,TwoWay,PAVED,6,50,NO ACCESS,N,1952.0,198.508513652639
STIRLING AVE N,04-At/near private drive,02-Thru lane,01-Clear,01-Daylight,MIDBLOCK,Thursday,July,0,STIRLING AVE N,2,ROAD,LOCAL,8.0,20.0,PAVED,TwoWay,PAVED,6,50,NO ACCESS,N,1931.0,191.33029093392892
STIRLING AVE N,04-At/near private drive,02-Thru lane,01-Clear,01-Daylight,MIDBLOCK,Thursday,July,0,STIRLING AVE N,2,ROAD,LOCAL,11.0,22.0,PAVED,TwoWay,PAVED,6,50,NO ACCESS,N,1949.0,116.43686196448799
STIRLING AVE N,04-At/near private drive,02-Thru lane,01-Clear,01-Daylight,MIDBLOCK,Thursday,July,0,STIRLING AVE N,2,ROAD,LOCAL,16.0,26.0,PAVED,TwoWay,PAVED,6,50,NO ACCESS,N,1952.0,41.3097849310998
STIRLING AVE N,01-Non intersection,11-Not on roadway - right side,03-Snow,01-Daylight,MIDBLOCK,Sunday,February,1,STIRLING AVE N,2,ROAD,LOCAL,7.0,15.0,PAVED,TwoWay,PAVED,6,50,NO ACCESS,N,1925.0,91.188614251674
STIRLING AVE N,01-Non intersection,11-Not on roadway - right side,03-Snow,01-Daylight,MIDBLOCK,Sunday,February,1,STIRLING AVE N,2,ROAD,LOCAL,7.0,15.0,PAVED,TwoWay,PAVED,6,50,NO ACCESS,N,1929.0,100.010249036108
STIRLING AVE N,01-Non intersection,11-Not on roadway - right side,03-Snow,01-Daylight,MIDBLOCK,Sunday,February,1,STIRLING AVE N,2,ROAD,LOCAL,12.0,27.0,PAVED,TwoWay,PAVED,6,50,NO ACCESS,N,1998.0,105.853059656483
STIRLING AVE N,01-Non intersection,11-Not on roadway - right side,03-Snow,01-Daylight,MIDBLOCK,Sunday,February,1,STIRLING AVE N,2,ROAD,LOCAL,12.0,23.0,PAVED,TwoWay,PAVED,6,50,NO ACCESS,N,1952.0,198.508513652639
STIRLING AVE N,01-Non intersection,11-Not on roadway - right side,03-Snow,01-Daylight,MIDBLOCK,Sunday,February,1,STIRLING AVE N,2,ROAD,LOCAL,8.0,20.0,PAVED,TwoWay,PAVED,6,50,NO ACCESS,N,1931.0,191.33029093392892
STIRLING AVE N,01-Non intersection,11-Not on roadway - right side,03-Snow,01-Daylight,MIDBLOCK,Sunday,February,1,STIRLING AVE N,2,ROAD,LOCAL,11.0,22.0,PAVED,TwoWay,PAVED,6,50,NO ACCESS,N,1949.0,116.43686196448799
STIRLING AVE N,01-Non intersection,11-Not on roadway - right side,03-Snow,01-Daylight,MIDBLOCK,Sunday,February,1,STIRLING AVE N,2,ROAD,LOCAL,16.0,26.0,PAVED,TwoWay,PAVED,6,50,NO ACCESS,N,1952.0,41.3097849310998
STIRLING AVE N,04-At/near private drive,02-Thru lane,01-Clear,"08-Dark, artificial",MIDBLOCK,Sunday,October,1,STIRLING AVE N,2,ROAD,LOCAL,7.0,15.0,PAVED,TwoWay,PAVED,6,50,NO ACCESS,N,1925.0,91.188614251674
STIRLING AVE N,04-At/near private drive,02-Thru lane,01-Clear,"08-Dark, artificial",MIDBLOCK,Sunday,October,1,STIRLING AVE N,2,ROAD,LOCAL,7.0,15.0,PAVED,TwoWay,PAVED,6,50,NO ACCESS,N,1929.0,100.010249036108
STIRLING AVE N,04-At/near private drive,02-Thru lane,01-Clear,"08-Dark, artificial",MIDBLOCK,Sunday,October,1,STIRLING AVE N,2,ROAD,LOCAL,12.0,27.0,PAVED,TwoWay,PAVED,6,50,NO ACCESS,N,1998.0,105.853059656483
STIRLING AVE N,04-At/near private drive,02-Thru lane,01-Clear,"08-Dark, artificial",MIDBLOCK,Sunday,October,1,STIRLING AVE N,2,ROAD,LOCAL,12.0,23.0,PAVED,TwoWay,PAVED,6,50,NO ACCESS,N,1952.0,198.508513652639
STIRLING AVE N,04-At/near private drive,02-Thru lane,01-Clear,"08-Dark, artificial",MIDBLOCK,Sunday,October,1,STIRLING AVE N,2,ROAD,LOCAL,8.0,20.0,PAVED,TwoWay,PAVED,6,50,NO ACCESS,N,1931.0,191.33029093392892
STIRLING AVE N,04-At/near private drive,02-Thru lane,01-Clear,"08-Dark, artificial",MIDBLOCK,Sunday,October,1,STIRLING AVE N,2,ROAD,LOCAL,11.0,22.0,PAVED,TwoWay,PAVED,6,50,NO ACCESS,N,1949.0,116.43686196448799
STIRLING AVE N,04-At/near private drive,02-Thru lane,01-Clear,"08-Dark, artificial",MIDBLOCK,Sunday,October,1,STIRLING AVE N,2,ROAD,LOCAL,16.0,26.0,PAVED,TwoWay,PAVED,6,50,NO ACCESS,N,1952.0,41.3097849310998
STIRLING AVE N,01-Non intersection,10-Not on roadway - left side,01-Clear,01-Daylight,MIDBLOCK,Friday,November,0,STIRLING AVE N,2,ROAD,LOCAL,7.0,15.0,PAVED,TwoWay,PAVED,6,50,NO ACCESS,N,1925.0,91.188614251674
STIRLING AVE N,01-Non intersection,10-Not on roadway - left side,01-Clear,01-Daylight,MIDBLOCK,Friday,November,0,STIRLING AVE N,2,ROAD,LOCAL,7.0,15.0,PAVED,TwoWay,PAVED,6,50,NO ACCESS,N,1929.0,100.010249036108
STIRLING AVE N,01-Non intersection,10-Not on roadway - left side,01-Clear,01-Daylight,MIDBLOCK,Friday,November,0,STIRLING AVE N,2,ROAD,LOCAL,12.0,27.0,PAVED,TwoWay,PAVED,6,50,NO ACCESS,N,1998.0,105.853059656483
STIRLING AVE N,01-Non intersection,10-Not on roadway - left side,01-Clear,01-Daylight,MIDBLOCK,Friday,November,0,STIRLING AVE N,2,ROAD,LOCAL,12.0,23.0,PAVED,TwoWay,PAVED,6,50,NO ACCESS,N,1952.0,198.508513652639
STIRLING AVE N,01-Non intersection,10-Not on roadway - left side,01-Clear,01-Daylight,MIDBLOCK,Friday,November,0,STIRLING AVE N,2,ROAD,LOCAL,8.0,20.0,PAVED,TwoWay,PAVED,6,50,NO ACCESS,N,1931.0,191.33029093392892
STIRLING AVE N,01-Non intersection,10-Not on roadway - left side,01-Clear,01-Daylight,MIDBLOCK,Friday,November,0,STIRLING AVE N,2,ROAD,LOCAL,11.0,22.0,PAVED,TwoWay,PAVED,6,50,NO ACCESS,N,1949.0,116.43686196448799
STIRLING AVE N,01-Non intersection,10-Not on roadway - left side,01-Clear,01-Daylight,MIDBLOCK,Friday,November,0,STIRLING AVE N,2,ROAD,LOCAL,16.0,26.0,PAVED,TwoWay,PAVED,6,50,NO ACCESS,N,1952.0,41.3097849310998