LOCATION,ACCIDENT_LOCATION,IMPACT_LOCATION,ENVIRONMENT_CONDITION,LIGHT,COLLISION_TYPE,DAY_OF_WEEK,MONTH,IS_WEEKEND,STREET,LANES,CATEGORY,SUBCATEGORY,PAVEMENT_WIDTH,ROW_WIDTH,SHOULDER,FLOW_DIRECTION,SURFACE_LAYER_TYPE,OFFICIAL_ROAD_CLASSIFICATION,SPEED_LIMIT_KM,TRUCK_ACCESS,BUS_ROUTE,SERVICE_YEAR,Shape__Length
STIRLING AVE N,01-Non intersection,02-Thru lane,01-Clear,01-Daylight,MIDBLOCK,Tuesday,January,0,STIRLING AVE N,2,ROAD,LOCAL,7.0,15.0,PAVED,TwoWay,PAVED,6,50,NO ACCESS,N,1925.0,91.188614251674
STIRLING AVE N,01-Non intersection,02-Thru lane,01-Clear,01-Daylight,MIDBLOCK,Tuesday,January,0,STIRLING AVE N,2,ROAD,LOCAL,7.0,15.0,PAVED,TwoWay,PAVED,6,50,NO ACCESS,N,1929.0,100.010249036108
STIRLING AVE N,01-Non intersection,02-Thru lane,01-Clear,01-Daylight,MIDBLOCK,Tuesday,January,0,STIRLING AVE N,2,ROAD,LOCAL,12.0,27.0,PAVED,TwoWay,PAVED,6,50,NO ACCESS,N,1998.0,105.853059656483
STIRLING AVE N,01-Non intersection,02-Thru lane,01-Clear,01-Daylight,MIDBLOCK,Tuesday,January,0,STIRLING AVE N,2,ROAD,LOCAL,12.0,23.0,PAVED,TwoWay,PAVED,6,50,NO ACCESS,N,1952.0,198.508513652639
STIRLING AVE N,01-Non intersection,02-Thru lane,01-Clear,01-Daylight,MIDBLOCK,Tuesday,January,0,STIRLING AVE N,2,ROAD,LOCAL,8.0,20.0,PAVED,TwoWay,PAVED,6,50,NO ACCESS,N,1931.0,191.33029093392892
STIRLING AVE N,01-Non intersection,02-Thru lane,01-Clear,01-Daylight,MIDBLOCK,Tuesday,January,0,STIRLING AVE N,2,ROAD,LOCAL,11.0,22.0,PAVED,TwoWay,PAVED,6,50,NO ACCESS,N,1949.0,116.43686196448799
STIRLING AVE N,01-Non intersection,02-Thru lane,01-Clear,01-Daylight,MIDBLOCK,Tuesday,January,0,STIRLING AVE N,2,ROAD,LOCAL,16.0,26.0,PAVED,TwoWay,PAVED,6,50,NO ACCESS,N,1952.0,41.3097849310998
STIRLING AVE N,01-Non intersection,02-Thru lane,01-Clear,01-Daylight,MIDBLOCK,Wednesday,May,0,STIRLING AVE N,2,ROAD,LOCAL,7.0,15.0,PAVED,TwoWay,PAVED,6,50,NO ACCESS,N,1925.0,91.188614251674
STIRLING AVE N,01-Non intersection,02-Thru lane,01-Clear,01-Daylight,MIDBLOCK,Wednesday,May,0,STIRLING AVE N,2,ROAD,LOCAL,7.0,15.0,PAVED,TwoWay,PAVED,6,50,NO ACCESS,N,1929.0,100.010249036108
STIRLING AVE N,01-Non intersection,02-Thru lane,01-Clear,01-Daylight,MIDBLOCK,Wednesday,May,0,STIRLING AVE N,2,ROAD,LOCAL,12.0,27.0,PAVED,TwoWay,PAVED,6,50,NO ACCESS,N,1998.0,105.853059656483
STIRLING AVE N,01-Non intersection,02-Thru lane,01-Clear,01-Daylight,MIDBLOCK,Wednesday,May,0,STIRLING AVE N,2,ROAD,LOCAL,12.0,23.0,PAVED,TwoWay,PAVED,6,50,NO ACCESS,N,1952.0,198.508513652639
STIRLING AVE N,01-Non intersection,02-Thru lane,01-Clear,01-Daylight,MIDBLOCK,Wednesday,May,0,STIRLING AVE N,2,ROAD,LOCAL,8.0,20.0,PAVED,TwoWay,PAVED,6,50,NO ACCESS,N,1931.0,191.33029093392892
STIRLING AVE N,01-Non intersection,02-Thru lane,01-Clear,01-Daylight,MIDBLOCK,Wednesday,May,0,STIRLING AVE N,2,ROAD,LOCAL,11.0,22.0,PAVED,TwoWay,PAVED,6,50,NO ACCESS,N,1949.0,116.43686196448799
STIRLING AVE N,01-Non intersection,02-Thru lane,01-Clear,01-Daylight,MIDBLOCK,Wednesday,May,0,STIRLING AVE N,2,ROAD,LOCAL,16.0,26.0,PAVED,TwoWay,PAVED,6,50,NO ACCESS,N,1952.0,41.3097849310998
STIRLING AVE N,01-Non intersection,02-Thru lane,01-Clear,07-Dark,MIDBLOCK,Saturday,December,1,STIRLING AVE N,2,ROAD,LOCAL,7.0,15.0,PAVED,TwoWay,PAVED,6,50,NO ACCESS,N,1925.0,91.188614251674
STIRLING AVE N,01-Non intersection,02-Thru lane,01-Clear,07-Dark,MIDBLOCK,Saturday,December,1,STIRLING AVE N,2,ROAD,LOCAL,7.0,15.0,PAVED,TwoWay,PAVED,6,50,NO ACCESS,N,1929.0,100.010249036108
STIRLING AVE N,01-Non intersection,02-Thru lane,01-Clear,07-Dark,MIDBLOCK,Saturday,December,1,STIRLING AVE N,2,ROAD,LOCAL,12.0,27.0,PAVED,TwoWay,PAVED,6,50,NO ACCESS,N,1998.0,105.853059656483
STIRLING AVE N,01-Non intersection,02-Thru lane,01-Clear,07-Dark,MIDBLOCK,Saturday,December,1,STIRLING AVE N,2,ROAD,LOCAL,12.0,23.0,PAVED,TwoWay,PAVED,6,50,NO ACCESS,N,1952.0,198.508513652639
STIRLING AVE N,01-Non intersection,02-Thru lane,01-Clear,07-Dark,MIDBLOCK,Saturday,December,1,STIRLING AVE N,2,ROAD,LOCAL,8.0,20.0,PAVED,TwoWay,PAVED,6,50,NO ACCESS,N,1931.0,191.33029093392892
STIRLING AVE N,01-Non intersection,02-Thru lane,01-Clear,07-Dark,MIDBLOCK,Saturday,December,1,STIRLING AVE N,2,ROAD,LOCAL,11.0,22.0,PAVED,TwoWay,PAVED,6,50,NO ACCESS,N,1949.0,116.43686196448799
STIRLING AVE N,01-Non intersection,02-Thru lane,01-Clear,07-Dark,MIDBLOCK,Saturday,December,1,STIRLING AVE N,2,ROAD,LOCAL,16.0,26.0,PAVED,TwoWay,PAVED,6,50,NO ACCESS,N,1952.0,41.3097849310998
WATERLOO ST,04-At/near private drive,02-Thru lane,01-Clear,01-Daylight,MIDBLOCK,Thursday,April,0,WATERLOO ST,2,ROAD,LOCAL,7.0,14.0,PAVED,TwoWay,PAVED,6,50,NO ACCESS,N,2004.0,11.210088678417499
WATERLOO ST,04-At/near private drive,02-Thru lane,01-Clear,01-Daylight,MIDBLOCK,Thursday,April,0,WATERLOO ST,2,ROAD,LOCAL,7.0,13.0,PAVED,TwoWay,PAVED,6,50,NO ACCESS,N,2005.0,42.6614090920949
WATERLOO ST,04-At/near private drive,02-Thru lane,01-Clear,01-Daylight,MIDBLOCK,Thursday,April,0,WATERLOO ST,2,ROAD,LOCAL,7.0,13.0,PAVED,TwoWay,PAVED,6,50,NO ACCESS,N,2005.0,219.29649911319302
WATERLOO ST,04-At/near private drive,02-Thru lane,01-Clear,01-Daylight,MIDBLOCK,Thursday,April,0,WATERLOO ST,2,ROAD,LOCAL,8.0,20.0,PAVED,TwoWay,PAVED,6,50,NO ACCESS,N,2005.0,96.58905804545459
WATERLOO ST,04-At/near private drive,02-Thru lane,01-Clear,01-Daylight,MIDBLOCK,Thursday,April,0,WATERLOO ST,2,ROAD,LOCAL,16.0,20.0,PAVED,TwoWay,PAVED,6,50,NO ACCESS,N,2005.0,119.542106808271
WATERLOO ST,01-Non intersection,11-Not on roadway - right side,01-Clear,01-Daylight,MIDBLOCK,Sunday,January,1,WATERLOO ST,2,ROAD,LOCAL,7.0,14.0,PAVED,TwoWay,PAVED,6,50,NO ACCESS,N,2004.0,11.210088678417499
WATERLOO ST,01-Non intersection,11-Not on roadway - right side,01-Clear,01-Daylight,MIDBLOCK,Sunday,January,1,WATERLOO ST,2,ROAD,LOCAL,7.0,13.0,PAVED,TwoWay,PAVED,6,50,NO ACCESS,N,2005.0,42.6614090920949
WATERLOO ST,01-Non intersection,11-Not on roadway - right side,01-Clear,01-Daylight,MIDBLOCK,Sunday,January,1,WATERLOO ST,2,ROAD,LOCAL,7.0,13.0,PAVED,TwoWay,PAVED,6,50,NO ACCESS,N,2005.0,219.29649911319302
WATERLOO ST,01-Non intersection,11-Not on roadway - right side,01-Clear,01-Daylight,MIDBLOCK,Sunday,January,1,WATERLOO ST,2,ROAD,LOCAL,8.0,20.0,PAVED,TwoWay,PAVED,6,50,NO ACCESS,N,2005.0,96.58905804545459
WATERLOO ST,01-Non intersection,11-Not on roadway - right side,01-Clear,01-Daylight,MIDBLOCK,Sunday,January,1,WATERLOO ST,2,ROAD,LOCAL,16.0,20.0,PAVED,TwoWay,PAVED,6,50,NO ACCESS,N,2005.0,119.542106808271
WATERLOO ST,04-At/near private drive,02-Thru lane,01-Clear,01-Daylight,MIDBLOCK,Saturday,April,1,WATERLOO ST,2,ROAD,LOCAL,7.0,14.0,PAVED,TwoWay,PAVED,6,50,NO ACCESS,N,2004.0,11.210088678417499
WATERLOO ST,04-At/near private drive,02-Thru lane,01-Clear,01-Daylight,MIDBLOCK,Saturday,April,1,WATERLOO ST,2,ROAD,LOCAL,7.0,13.0,PAVED,TwoWay,PAVED,6,50,NO ACCESS,N,2005.0,42.6614090920949
WATERLOO ST,04-At/near private drive,02-Thru lane,01-Clear,01-Daylight,MIDBLOCK,Saturday,April,1,WATERLOO ST,2,ROAD,LOCAL,7.0,13.0,PAVED,TwoWay,PAVED,6,50,NO ACCESS,N,2005.0,219.29649911319302
WATERLOO ST,04-At/near private drive,02-Thru lane,01-Clear,01-Daylight,MIDBLOCK,Saturday,April,1,WATERLOO ST,2,ROAD,LOCAL,8.0,20.0,PAVED,TwoWay,PAVED,6,50,NO ACCESS,N,2005.0,96.58905804545459
WATERLOO ST,04-At/near private drive,02-Thru lane,01-Clear,01-Daylight,MIDBLOCK,Saturday,April,1,WATERLOO ST,2,ROAD,LOCAL,16.0,20.0,PAVED,TwoWay,PAVED,6,50,NO ACCESS,N,2005.0,119.542106808271
WATERLOO ST,04-At/near private drive,09-Right shoulder,04-Freezing Rain,07-Dark,MIDBLOCK,Saturday,December,1,WATERLOO ST,2,ROAD,LOCAL,7.0,14.0,PAVED,TwoWay,PAVED,6,50,NO ACCESS,N,2004.0,11.210088678417499
WATERLOO ST,04-At/near private drive,09-Right shoulder,04-Freezing Rain,07-Dark,MIDBLOCK,Saturday,December,1,WATERLOO ST,2,ROAD,LOCAL,7.0,13.0,PAVED,TwoWay,PAVED,6,50,NO ACCESS,N,2005.0,42.6614090920949
WATERLOO ST,04-At/near private drive,09-Right shoulder,04-Freezing Rain,07-Dark,MIDBLOCK,Saturday,December,1,WATERLOO ST,2,ROAD,LOCAL,7.0,13.0,PAVED,TwoWay,PAVED,6,50,NO ACCESS,N,2005.0,219.29649911319302
WATERLOO ST,04-At/near private drive,09-Right shoulder,04-Freezing Rain,07-Dark,MIDBLOCK,Saturday,December,1,WATERLOO ST,2,ROAD,LOCAL,8.0,20.0,PAVED,TwoWay,PAVED,6,50,NO ACCESS,N,2005.0,96.58905804545459
WATERLOO ST,04-At/near private drive,09-Right shoulder,04-Freezing Rain,07-Dark,MIDBLOCK,Saturday,December,1,WATERLOO ST,2,ROAD,LOCAL,16.0,20.0,PAVED,TwoWay,PAVED,6,50,NO ACCESS,N,2005.0,119.542106808271
WATERLOO ST,05-At railway crossing,01-Within intersection,02-Rain,01-Daylight,MIDBLOCK,Monday,March,0,WATERLOO ST,2,ROAD,LOCAL,7.0,14.0,PAVED,TwoWay,PAVED,6,50,NO ACCESS,N,2004.0,11.210088678417499
WATERLOO ST,05-At railway crossing,01-Within intersection,02-Rain,01-Daylight,MIDBLOCK,Monday,March,0,WATERLOO ST,2,ROAD,LOCAL,7.0,13.0,PAVED,TwoWay,PAVED,6,50,NO ACCESS,N,2005.0,42.6614090920949
WATERLOO ST,05-At railway crossing,01-Within intersection,02-Rain,01-Daylight,MIDBLOCK,Monday,March,0,WATERLOO ST,2,ROAD,LOCAL,7.0,13.0,PAVED,TwoWay,PAVED,6,50,NO ACCESS,N,2005.0,219.29649911319302
WATERLOO ST,05-At railway crossing,01-Within intersection,02-Rain,01-Daylight,MIDBLOCK,Monday,March,0,WATERLOO ST,2,ROAD,LOCAL,8.0,20.0,PAVED,TwoWay,PAVED,6,50,NO ACCESS,N,2005.0,96.58905804545459
WATERLOO ST,05-At railway crossing,01-Within intersection,02-Rain,01-Daylight,MIDBLOCK,Monday,March,0,WATERLOO ST,2,ROAD,LOCAL,16.0,20.0,PAVED,TwoWay,PAVED,6,50,NO ACCESS,N,2005.0,119.542106808271
WATERLOO ST,04-At/near private drive,02-Thru lane,01-Clear,"08-Dark, artificial",MIDBLOCK,Sunday,February,1,WATERLOO ST,2,ROAD,LOCAL,7.0,14.0,PAVED,TwoWay,PAVED,6,50,NO ACCESS,N,2004.0,11.210088678417499
WATERLOO ST,04-At/near private drive,02-Thru lane,01-Clear,"08-Dark, artificial",MIDBLOCK,Sunday,February,1,WATERLOO ST,2,ROAD,LOCAL,7.0,13.0,PAVED,TwoWay,PAVED,6,50,NO ACCESS,N,2005.0,42.6614090920949
WATERLOO ST,04-At/near private drive,02-Thru lane,01-Clear,"08-Dark, artificial",MIDBLOCK,Sunday,February,1,WATERLOO ST,2,ROAD,LOCAL,7.0,13.0,PAVED,TwoWay,PAVED,6,50,NO ACCESS,N,2005.0,219.29649911319302
WATERLOO ST,04-At/near private drive,02-Thru lane,01-Clear,"08-Dark, artificial",MIDBLOCK,Sunday,February,1,WATERLOO ST,2,ROAD,LOCAL,8.0,20.0,PAVED,TwoWay,PAVED,6,50,NO ACCESS,N,2005.0,96.58905804545459
WATERLOO ST,04-At/near private drive,02-Thru lane,01-Clear,"08-Dark, artificial",MIDBLOCK,Sunday,February,1,WATERLOO ST,2,ROAD,LOCAL,16.0,20.0,PAVED,TwoWay,PAVED,6,50,NO ACCESS,N,2005.0,119.542106808271
WATERLOO ST,04-At/near private drive,09-Right shoulder,01-Clear,01-Daylight,MIDBLOCK,Sunday,August,1,WATERLOO ST,2,ROAD,LOCAL,7.0,14.0,PAVED,TwoWay,PAVED,6,50,NO ACCESS,N,2004.0,11.210088678417499
WATERLOO ST,04-At/near private drive,09-Right shoulder,01-Clear,01-Daylight,MIDBLOCK,Sunday,August,1,WATERLOO ST,2,ROAD,LOCAL,7.0,13.0,PAVED,TwoWay,PAVED,6,50,NO ACCESS,N,2005.0,42.6614090920949
WATERLOO ST,04-At/near private drive,09-Right shoulder,01-Clear,01-Daylight,MIDBLOCK,Sunday,August,1,WATERLOO ST,2,ROAD,LOCAL,7.0,13.0,PAVED,TwoWay,PAVED,6,50,NO ACCESS,N,2005.0,219.29649911319302
WATERLOO ST,04-At/near private drive,09-Right shoulder,01-Clear,01-Daylight,MIDBLOCK,Sunday,August,1,WATERLOO ST,2,ROAD,LOCAL,8.0,20.0,PAVED,TwoWay,PAVED,6,50,NO ACCESS,N,2005.0,96.58905804545459
WATERLOO ST,04-At/near private drive,09-Right shoulder,01-Clear,01-Daylight,MIDBLOCK,Sunday,August,1,WATERLOO ST,2,ROAD,LOCAL,16.0,20.0,PAVED,TwoWay,PAVED,6,50,NO ACCESS,N,2005.0,119.542106808271
WATERLOO ST,04-At/near private drive,12-Off highway,01-Clear,01-Daylight,MIDBLOCK,Friday,June,0,WATERLOO ST,2,ROAD,LOCAL,7.0,14.0,PAVED,TwoWay,PAVED,6,50,NO ACCESS,N,2004.0,11.210088678417499
WATERLOO ST,04-At/near private drive,12-Off highway,01-Clear,01-Daylight,MIDBLOCK,Friday,June,0,WATERLOO ST,2,ROAD,LOCAL,7.0,13.0,PAVED,TwoWay,PAVED,6,50,NO ACCESS,N,2005.0,42.6614090920949
WATERLOO ST,04-At/near private drive,12-Off highway,01-Clear,01-Daylight,MIDBLOCK,Friday,June,0,WATERLOO ST,2,ROAD,LOCAL,7.0,13.0,PAVED,TwoWay,PAVED,6,50,NO ACCESS,N,2005.0,219.29649911319302
WATERLOO ST,04-At/near private drive,12-Off highway,01-Clear,01-Daylight,MIDBLOCK,Friday,June,0,WATERLOO ST,2,ROAD,LOCAL,8.0,20.0,PAVED,TwoWay,PAVED,6,50,NO ACCESS,N,2005.0,96.58905804545459
WATERLOO ST,04-At/near private drive,12-Off highway,01-Clear,01-Daylight,MIDBLOCK,Friday,June,0,WATERLOO ST,2,ROAD,LOCAL,16.0,20.0,PAVED,TwoWay,PAVED,6,50,NO ACCESS,N,2005.0,119.542106808271
WATERLOO ST,01-Non intersection,02-Thru lane,02-Rain,07-Dark,MIDBLOCK,Wednesday,October,0,WATERLOO ST,2,ROAD,LOCAL,7.0,14.0,PAVED,TwoWay,PAVED,6,50,NO ACCESS,N,2004.0,11.210088678417499
WATERLOO ST,01-Non intersection,02-Thru lane,02-Rain,07-Dark,MIDBLOCK,Wednesday,October,0,WATERLOO ST,2,ROAD,LOCAL,7.0,13.0,PAVED,TwoWay,PAVED,6,50,NO ACCESS,N,2005.0,42.6614090920949
WATERLOO ST,01-Non intersection,02-Thru lane,02-Rain,07-Dark,MIDBLOCK,Wednesday,October,0,WATERLOO ST,2,ROAD,LOCAL,7.0,13.0,PAVED,TwoWay,PAVED,6,50,NO ACCESS,N,2005.0,219.29649911319302
WATERLOO ST,01-Non intersection,02-Thru lane,02-Rain,07-Dark,MIDBLOCK,Wednesday,October,0,WATERLOO ST,2,ROAD,LOCAL,8.0,20.0,PAVED,TwoWay,PAVED,6,50,NO ACCESS,N,2005.0,96.58905804545459
WATERLOO ST,01-Non intersection,02-Thru lane,02-Rain,07-Dark,MIDBLOCK,Wednesday,October,0,WATERLOO ST,2,ROAD,LOCAL,16.0,20.0,PAVED,TwoWay,PAVED,6,50,NO ACCESS,N,2005.0,119.542106808271
WATERLOO ST,01-Non intersection,09-Right shoulder,01-Clear,"08-Dark, artificial",MIDBLOCK,Thursday,February,0,WATERLOO ST,2,ROAD,LOCAL,7.0,14.0,PAVED,TwoWay,PAVED,6,50,NO ACCESS,N,2004.0,11.210088678417499
WATERLOO ST,01-Non intersection,09-Right shoulder,01-Clear,"08-Dark, artificial",MIDBLOCK,Thursday,February,0,WATERLOO ST,2,ROAD,LOCAL,7.0,13.0,PAVED,TwoWay,PAVED,6,50,NO ACCESS,N,2005.0,42.6614090920949
WATERLOO ST,01-Non intersection,09-Right shoulder,01-Clear,"08-Dark, artificial",MIDBLOCK,Thursday,February,0,WATERLOO ST,2,ROAD,LOCAL,7.0,13.0,PAVED,TwoWay,PAVED,6,50,NO ACCESS,N,2005.0,219.29649911319302
WATERLOO ST,01-Non intersection,09-Right shoulder,01-Clear,"08-Dark, artificial",MIDBLOCK,Thursday,February,0,WATERLOO ST,2,ROAD,LOCAL,8.0,20.0,PAVED,TwoWay,PAVED,6,50,NO ACCESS,N,2005.0,96.58905804545459
WATERLOO ST,01-Non intersection,09-Right shoulder,01-Clear,"08-Dark, artificial",MIDBLOCK,Thursday,February,0,WATERLOO ST,2,ROAD,LOCAL,16.0,20.0,PAVED,TwoWay,PAVED,6,50,NO ACCESS,N,2005.0,119.542106808271
WATERLOO ST,01-Non intersection,09-Right shoulder,01-Clear,01-Daylight,MIDBLOCK,Thursday,July,0,WATERLOO ST,2,ROAD,LOCAL,7.0,14.0,PAVED,TwoWay,PAVED,6,50,NO ACCESS,N,2004.0,11.210088678417499
WATERLOO ST,01-Non intersection,09-Right shoulder,01-Clear,01-Daylight,MIDBLOCK,Thursday,July,0,WATERLOO ST,2,ROAD,LOCAL,7.0,13.0,PAVED,TwoWay,PAVED,6,50,NO ACCESS,N,2005.0,42.6614090920949
WATERLOO ST,01-Non intersection,09-Right shoulder,01-Clear,01-Daylight,MIDBLOCK,Thursday,July,0,WATERLOO ST,2,ROAD,LOCAL,7.0,13.0,PAVED,TwoWay,PAVED,6,50,NO ACCESS,N,2005.0,219.29649911319302
WATERLOO ST,01-Non intersection,09-Right shoulder,01-Clear,01-Daylight,MIDBLOCK,Thursday,July,0,WATERLOO ST,2,ROAD,LOCAL,8.0,20.0,PAVED,TwoWay,PAVED,6,50,NO ACCESS,N,2005.0,96.58905804545459
WATERLOO ST,01-Non intersection,09-Right shoulder,01-Clear,01-Daylight,MIDBLOCK,Thursday,July,0,WATERLOO ST,2,ROAD,LOCAL,16.0,20.0,PAVED,TwoWay,PAVED,6,50,NO ACCESS,N,2005.0,119.542106808271
WILSON AVE,01-Non intersection,02-Thru lane,01-Clear,01-Daylight,MIDBLOCK,Saturday,April,1,WILSON AVE,2,ROAD,LOCAL,8.0,12.0,PAVED,TwoWay,PAVED,7,40,NO ACCESS,N,1971.0,53.006932954404895
WILSON AVE,01-Non intersection,02-Thru lane,01-Clear,01-Daylight,MIDBLOCK,Saturday,April,1,WILSON AVE,2,ROAD,LOCAL,12.0,20.0,PAVED,TwoWay,PAVED,6,50,NO ACCESS,Y,1953.0,61.094761382671614
WILSON AVE,01-Non intersection,02-Thru lane,01-Clear,01-Daylight,MIDBLOCK,Saturday,April,1,WILSON AVE,2,ROAD,LOCAL,9.0,20.0,PAVED,TwoWay,PAVED,6,50,NO ACCESS,N,1870.0,174.892916918531
WILSON AVE,01-Non intersection,02-Thru lane,01-Clear,01-Daylight,MIDBLOCK,Saturday,April,1,WILSON AVE,2,ROAD,LOCAL,7.0,17.0,PAVED,TwoWay,PAVED,6,50,NO ACCESS,N,1870.0,396.399306707324
WILSON AVE,01-Non intersection,02-Thru lane,01-Clear,01-Daylight,MIDBLOCK,Saturday,April,1,WILSON AVE,2,ROAD,LOCAL,12.0,20.0,PAVED,TwoWay,PAVED,6,50,NO ACCESS,N,2003.0,244.72054877014702
WILSON AVE,01-Non intersection,02-Thru lane,01-Clear,01-Daylight,MIDBLOCK,Saturday,April,1,WILSON AVE,3,ROAD,LOCAL,12.0,20.0,PAVED,TwoWay,PAVED,6,50,NO ACCESS,Y,1953.0,37.3124030725804
WILSON AVE,01-Non intersection,02-Thru lane,01-Clear,01-Daylight,MIDBLOCK,Saturday,April,1,WILSON AVE,3,ROAD,LOCAL,12.0,20.0,PAVED,TwoWay,PAVED,6,40,NO ACCESS,Y,1953.0,227.251099713358
WILSON AVE,04-At/near private drive,02-Thru lane,01-Clear,01-Daylight,MIDBLOCK,Wednesday,August,0,WILSON AVE,2,ROAD,LOCAL,8.0,12.0,PAVED,TwoWay,PAVED,7,40,NO ACCESS,N,1971.0,53.006932954404895
WILSON AVE,04-At/near private drive,02-Thru lane,01-Clear,01-Daylight,MIDBLOCK,Wednesday,August,0,WILSON AVE,2,ROAD,LOCAL,12.0,20.0,PAVED,TwoWay,PAVED,6,50,NO ACCESS,Y,1953.0,61.094761382671614
WILSON AVE,04-At/near private drive,02-Thru lane,01-Clear,01-Daylight,MIDBLOCK,Wednesday,August,0,WILSON AVE,2,ROAD,LOCAL,9.0,20.0,PAVED,TwoWay,PAVED,6,50,NO ACCESS,N,1870.0,174.892916918531
WILSON AVE,04-At/near private drive,02-Thru lane,01-Clear,01-Daylight,MIDBLOCK,Wednesday,August,0,WILSON AVE,2,ROAD,LOCAL,7.0,17.0,PAVED,TwoWay,PAVED,6,50,NO ACCESS,N,1870.0,396.399306707324
WILSON AVE,04-At/near private drive,02-Thru lane,01-Clear,01-Daylight,MIDBLOCK,Wednesday,August,0,WILSON AVE,2,ROAD,LOCAL,12.0,20.0,PAVED,TwoWay,PAVED,6,50,NO ACCESS,N,2003.0,244.72054877014702
WILSON AVE,04-At/near private drive,02-Thru lane,01-Clear,01-Daylight,MIDBLOCK,Wednesday,August,0,WILSON AVE,3,ROAD,LOCAL,12.0,20.0,PAVED,TwoWay,PAVED,6,50,NO ACCESS,Y,1953.0,37.3124030725804
WILSON AVE,04-At/near private drive,02-Thru lane,01-Clear,01-Daylight,MIDBLOCK,Wednesday,August,0,WILSON AVE,3,ROAD,LOCAL,12.0,20.0,PAVED,TwoWay,PAVED,6,40,NO ACCESS,Y,1953.0,227.251099713358
WILSON AVE,04-At/near private drive,02-Thru lane,01-Clear,01-Daylight,MIDBLOCK,Sunday,April,1,WILSON AVE,2,ROAD,LOCAL,8.0,12.0,PAVED,TwoWay,PAVED,7,40,NO ACCESS,N,1971.0,53.006932954404895
WILSON AVE,04-At/near private drive,02-Thru lane,01-Clear,01-Daylight,MIDBLOCK,Sunday,April,1,WILSON AVE,2,ROAD,LOCAL,12.0,20.0,PAVED,TwoWay,PAVED,6,50,NO ACCESS,Y,1953.0,61.094761382671614
WILSON AVE,04-At/near private drive,02-Thru lane,01-Clear,01-Daylight,MIDBLOCK,Sunday,April,1,WILSON AVE,2,ROAD,LOCAL,9.0,20.0,PAVED,TwoWay,PAVED,6,50,NO ACCESS,N,1870.0,174.892916918531
WILSON AVE,04-At/near private drive,02-Thru lane,01-Clear,01-Daylight,MIDBLOCK,Sunday,April,1,WILSON AVE,2,ROAD,LOCAL,7.0,17.0,PAVED,TwoWay,PAVED,6,50,NO ACCESS,N,1870.0,396.399306707324
WILSON AVE,04-At/near private drive,02-Thru lane,01-Clear,01-Daylight,MIDBLOCK,Sunday,April,1,WILSON AVE,2,ROAD,LOCAL,12.0,20.0,PAVED,TwoWay,PAVED,6,50,NO ACCESS,N,2003.0,244.72054877014702
WILSON AVE,04-At/near private drive,02-Thru lane,01-Clear,01-Daylight,MIDBLOCK,Sunday,April,1,WILSON AVE,3,ROAD,LOCAL,12.0,20.0,PAVED,TwoWay,PAVED,6,50,NO ACCESS,Y,1953.0,37.3124030725804
WILSON AVE,04-At/near private drive,02-Thru lane,01-Clear,01-Daylight,MIDBLOCK,Sunday,April,1,WILSON AVE,3,ROAD,LOCAL,12.0,20.0,PAVED,TwoWay,PAVED,6,40,NO ACCESS,Y,1953.0,227.251099713358
WILSON AVE,04-At/near private drive,02-Thru lane,01-Clear,07-Dark,MIDBLOCK,Tuesday,November,0,WILSON AVE,2,ROAD,LOCAL,8.0,12.0,PAVED,TwoWay,PAVED,7,40,NO ACCESS,N,1971.0,53.006932954404895
WILSON AVE,04-At/near private drive,02-Thru lane,01-Clear,07-Dark,MIDBLOCK,Tuesday,November,0,WILSON AVE,2,ROAD,LOCAL,12.0,20.0,PAVED,TwoWay,PAVED,6,50,NO ACCESS,Y,1953.0,61.094761382671614
WILSON AVE,04-At/near private drive,02-Thru lane,01-Clear,07-Dark,MIDBLOCK,Tuesday,November,0,WILSON AVE,2,ROAD,LOCAL,9.0,20.0,PAVED,TwoWay,PAVED,6,50,NO ACCESS,N,1870.0,174.892916918531
WILSON AVE,04-At/near private drive,02-Thru lane,01-Clear,07-Dark,MIDBLOCK,Tuesday,November,0,WILSON AVE,2,ROAD,LOCAL,7.0,17.0,PAVED,TwoWay,PAVED,6,50,NO ACCESS,N,1870.0,396.399306707324
WILSON AVE,04-At/near private drive,02-Thru lane,01-Clear,07-Dark,MIDBLOCK,Tuesday,November,0,WILSON AVE,2,ROAD,LOCAL,12.0,20.0,PAVED,TwoWay,PAVED,6,50,NO ACCESS,N,2003.0,244.72054877014702
WILSON AVE,04-At/near private drive,02-Thru lane,01-Clear,07-Dark,MIDBLOCK,Tuesday,November,0,WILSON AVE,3,ROAD,LOCAL,12.0,20.0,PAVED,TwoWay,PAVED,6,50,NO ACCESS,Y,1953.0,37.3124030725804
WILSON AVE,04-At/near private drive,02-Thru lane,01-Clear,07-Dark,MIDBLOCK,Tuesday,November,0,WILSON AVE,3,ROAD,LOCAL,12.0,20.0,PAVED,TwoWay,PAVED,6,40,NO ACCESS,Y,1953.0,227.251099713358
WILSON AVE,04-At/near private drive,02-Thru lane,03-Snow,01-Daylight,MIDBLOCK,Tuesday,December,0,WILSON AVE,2,ROAD,LOCAL,8.0,12.0,PAVED,TwoWay,PAVED,7,40,NO ACCESS,N,1971.0,53.006932954404895