LOCATION,ACCIDENT_LOCATION,IMPACT_LOCATION,ENVIRONMENT_CONDITION,LIGHT,COLLISION_TYPE,DAY_OF_WEEK,MONTH,IS_WEEKEND,STREET,LANES,CATEGORY,SUBCATEGORY,PAVEMENT_WIDTH,ROW_WIDTH,SHOULDER,FLOW_DIRECTION,SURFACE_LAYER_TYPE,OFFICIAL_ROAD_CLASSIFICATION,SPEED_LIMIT_KM,TRUCK_ACCESS,BUS_ROUTE,SERVICE_YEAR,Shape__Length
WILSON AVE,04-At/near private drive,02-Thru lane,01-Clear,01-Daylight,MIDBLOCK,Saturday,December,1,WILSON AVE,3,ROAD,LOCAL,12.0,20.0,PAVED,TwoWay,PAVED,6,50,NO ACCESS,Y,1953.0,37.3124030725804
WILSON AVE,04-At/near private drive,02-Thru lane,01-Clear,01-Daylight,MIDBLOCK,Saturday,December,1,WILSON AVE,3,ROAD,LOCAL,12.0,20.0,PAVED,TwoWay,PAVED,6,40,NO ACCESS,Y,1953.0,227.251099713358
WILSON AVE,04-At/near private drive,02-Thru lane,02-Rain,01-Daylight,MIDBLOCK,Thursday,September,0,WILSON AVE,2,ROAD,LOCAL,8.0,12.0,PAVED,TwoWay,PAVED,7,40,NO ACCESS,N,1971.0,53.006932954404895
WILSON AVE,04-At/near private drive,02-Thru lane,02-Rain,01-Daylight,MIDBLOCK,Thursday,September,0,WILSON AVE,2,ROAD,LOCAL,12.0,20.0,PAVED,TwoWay,PAVED,6,50,NO ACCESS,Y,1953.0,61.094761382671614
WILSON AVE,04-At/near private drive,02-Thru lane,02-Rain,01-Daylight,MIDBLOCK,Thursday,September,0,WILSON AVE,2,ROAD,LOCAL,9.0,20.0,PAVED,TwoWay,PAVED,6,50,NO ACCESS,N,1870.0,174.892916918531
WILSON AVE,04-At/near private drive,02-Thru lane,02-Rain,01-Daylight,MIDBLOCK,Thursday,September,0,WILSON AVE,2,ROAD,LOCAL,7.0,17.0,PAVED,TwoWay,PAVED,6,50,NO ACCESS,N,1870.0,396.399306707324
WILSON AVE,04-At/near private drive,02-Thru lane,02-Rain,01-Daylight,MIDBLOCK,Thursday,September,0,WILSON AVE,2,ROAD,LOCAL,12.0,20.0,PAVED,TwoWay,PAVED,6,50,NO ACCESS,N,2003.0,244.72054877014702
WILSON AVE,04-At/near private drive,02-Thru lane,02-Rain,01-Daylight,MIDBLOCK,Thursday,September,0,WILSON AVE,3,ROAD,LOCAL,12.0,20.0,PAVED,TwoWay,PAVED,6,50,NO ACCESS,Y,1953.0,37.3124030725804
WILSON AVE,04-At/near private drive,02-Thru lane,02-Rain,01-Daylight,MIDBLOCK,Thursday,September,0,WILSON AVE,3,ROAD,LOCAL,12.0,20.0,PAVED,TwoWay,PAVED,6,40,NO ACCESS,Y,1953.0,227.251099713358
WILSON AVE,01-Non intersection,11-Not on roadway - right side,01-Clear,"08-Dark, artificial",MIDBLOCK,Tuesday,December,0,WILSON AVE,2,ROAD,LOCAL,8.0,12.0,PAVED,TwoWay,PAVED,7,40,NO ACCESS,N,1971.0,53.006932954404895
WILSON AVE,01-Non intersection,11-Not on roadway - right side,01-Clear,"08-Dark, artificial",MIDBLOCK,Tuesday,December,0,WILSON AVE,2,ROAD,LOCAL,12.0,20.0,PAVED,TwoWay,PAVED,6,50,NO ACCESS,Y,1953.0,61.094761382671614
WILSON AVE,01-Non intersection,11-Not on roadway - right side,01-Clear,"08-Dark, artificial",MIDBLOCK,Tuesday,December,0,WILSON AVE,2,ROAD,LOCAL,9.0,20.0,PAVED,TwoWay,PAVED,6,50,NO ACCESS,N,1870.0,174.892916918531
WILSON AVE,01-Non intersection,11-Not on roadway - right side,01-Clear,"08-Dark, artificial",MIDBLOCK,Tuesday,December,0,WILSON AVE,2,ROAD,LOCAL,7.0,17.0,PAVED,TwoWay,PAVED,6,50,NO ACCESS,N,1870.0,396.399306707324
WILSON AVE,01-Non intersection,11-Not on roadway - right side,01-Clear,"08-Dark, artificial",MIDBLOCK,Tuesday,December,0,WILSON AVE,2,ROAD,LOCAL,12.0,20.0,PAVED,TwoWay,PAVED,6,50,NO ACCESS,N,2003.0,244.72054877014702
WILSON AVE,01-Non intersection,11-Not on roadway - right side,01-Clear,"08-Dark, artificial",MIDBLOCK,Tuesday,December,0,WILSON AVE,3,ROAD,LOCAL,12.0,20.0,PAVED,TwoWay,PAVED,6,50,NO ACCESS,Y,1953.0,37.3124030725804
WILSON AVE,01-Non intersection,11-Not on roadway - right side,01-Clear,"08-Dark, artificial",MIDBLOCK,Tuesday,December,0,WILSON AVE,3,ROAD,LOCAL,12.0,20.0,PAVED,TwoWay,PAVED,6,40,NO ACCESS,Y,1953.0,227.251099713358
WILSON AVE,10-Parking lot,12-Off highway,01-Clear,01-Daylight,MIDBLOCK,Friday,February,0,WILSON AVE,2,ROAD,LOCAL,8.0,12.0,PAVED,TwoWay,PAVED,7,40,NO ACCESS,N,1971.0,53.006932954404895
WILSON AVE,10-Parking lot,12-Off highway,01-Clear,01-Daylight,MIDBLOCK,Friday,February,0,WILSON AVE,2,ROAD,LOCAL,12.0,20.0,PAVED,TwoWay,PAVED,6,50,NO ACCESS,Y,1953.0,61.094761382671614
WILSON AVE,10-Parking lot,12-Off highway,01-Clear,01-Daylight,MIDBLOCK,Friday,February,0,WILSON AVE,2,ROAD,LOCAL,9.0,20.0,PAVED,TwoWay,PAVED,6,50,NO ACCESS,N,1870.0,174.892916918531
WILSON AVE,10-Parking lot,12-Off highway,01-Clear,01-Daylight,MIDBLOCK,Friday,February,0,WILSON AVE,2,ROAD,LOCAL,7.0,17.0,PAVED,TwoWay,PAVED,6,50,NO ACCESS,N,1870.0,396.399306707324
WILSON AVE,10-Parking lot,12-Off highway,01-Clear,01-Daylight,MIDBLOCK,Friday,February,0,WILSON AVE,2,ROAD,LOCAL,12.0,20.0,PAVED,TwoWay,PAVED,6,50,NO ACCESS,N,2003.0,244.72054877014702
WILSON AVE,10-Parking lot,12-Off highway,01-Clear,01-Daylight,MIDBLOCK,Friday,February,0,WILSON AVE,3,ROAD,LOCAL,12.0,20.0,PAVED,TwoWay,PAVED,6,50,NO ACCESS,Y,1953.0,37.3124030725804
WILSON AVE,10-Parking lot,12-Off highway,01-Clear,01-Daylight,MIDBLOCK,Friday,February,0,WILSON AVE,3,ROAD,LOCAL,12.0,20.0,PAVED,TwoWay,PAVED,6,40,NO ACCESS,Y,1953.0,227.251099713358
WILSON AVE,10-Parking lot,12-Off highway,01-Clear,05-Dusk,MIDBLOCK,Sunday,September,1,WILSON AVE,2,ROAD,LOCAL,8.0,12.0,PAVED,TwoWay,PAVED,7,40,NO ACCESS,N,1971.0,53.006932954404895
WILSON AVE,10-Parking lot,12-Off highway,01-Clear,05-Dusk,MIDBLOCK,Sunday,September,1,WILSON AVE,2,ROAD,LOCAL,12.0,20.0,PAVED,TwoWay,PAVED,6,50,NO ACCESS,Y,1953.0,61.094761382671614
WILSON AVE,10-Parking lot,12-Off highway,01-Clear,05-Dusk,MIDBLOCK,Sunday,September,1,WILSON AVE,2,ROAD,LOCAL,9.0,20.0,PAVED,TwoWay,PAVED,6,50,NO ACCESS,N,1870.0,174.892916918531
WILSON AVE,10-Parking lot,12-Off highway,01-Clear,05-Dusk,MIDBLOCK,Sunday,September,1,WILSON AVE,2,ROAD,LOCAL,7.0,17.0,PAVED,TwoWay,PAVED,6,50,NO ACCESS,N,1870.0,396.399306707324
WILSON AVE,10-Parking lot,12-Off highway,01-Clear,05-Dusk,MIDBLOCK,Sunday,September,1,WILSON AVE,2,ROAD,LOCAL,12.0,20.0,PAVED,TwoWay,PAVED,6,50,NO ACCESS,N,2003.0,244.72054877014702
WILSON AVE,10-Parking lot,12-Off highway,01-Clear,05-Dusk,MIDBLOCK,Sunday,September,1,WILSON AVE,3,ROAD,LOCAL,12.0,20.0,PAVED,TwoWay,PAVED,6,50,NO ACCESS,Y,1953.0,37.3124030725804
WILSON AVE,10-Parking lot,12-Off highway,01-Clear,05-Dusk,MIDBLOCK,Sunday,September,1,WILSON AVE,3,ROAD,LOCAL,12.0,20.0,PAVED,TwoWay,PAVED,6,40,NO ACCESS,Y,1953.0,227.251099713358
WILSON AVE,02-Intersection related,02-Thru lane,01-Clear,01-Daylight,MIDBLOCK,Friday,February,0,WILSON AVE,2,ROAD,LOCAL,8.0,12.0,PAVED,TwoWay,PAVED,7,40,NO ACCESS,N,1971.0,53.006932954404895
WILSON AVE,02-Intersection related,02-Thru lane,01-Clear,01-Daylight,MIDBLOCK,Friday,February,0,WILSON AVE,2,ROAD,LOCAL,12.0,20.0,PAVED,TwoWay,PAVED,6,50,NO ACCESS,Y,1953.0,61.094761382671614
WILSON AVE,02-Intersection related,02-Thru lane,01-Clear,01-Daylight,MIDBLOCK,Friday,February,0,WILSON AVE,2,ROAD,LOCAL,9.0,20.0,PAVED,TwoWay,PAVED,6,50,NO ACCESS,N,1870.0,174.892916918531
WILSON AVE,02-Intersection related,02-Thru lane,01-Clear,01-Daylight,MIDBLOCK,Friday,February,0,WILSON AVE,2,ROAD,LOCAL,7.0,17.0,PAVED,TwoWay,PAVED,6,50,NO ACCESS,N,1870.0,396.399306707324
WILSON AVE,02-Intersection related,02-Thru lane,01-Clear,01-Daylight,MIDBLOCK,Friday,February,0,WILSON AVE,2,ROAD,LOCAL,12.0,20.0,PAVED,TwoWay,PAVED,6,50,NO ACCESS,N,2003.0,244.72054877014702
WILSON AVE,02-Intersection related,02-Thru lane,01-Clear,01-Daylight,MIDBLOCK,Friday,February,0,WILSON AVE,3,ROAD,LOCAL,12.0,20.0,PAVED,TwoWay,PAVED,6,50,NO ACCESS,Y,1953.0,37.3124030725804
WILSON AVE,02-Intersection related,02-Thru lane,01-Clear,01-Daylight,MIDBLOCK,Friday,February,0,WILSON AVE,3,ROAD,LOCAL,12.0,20.0,PAVED,TwoWay,PAVED,6,40,NO ACCESS,Y,1953.0,227.251099713358
WILSON AVE,04-At/near private drive,02-Thru lane,01-Clear,01-Daylight,MIDBLOCK,Tuesday,October,0,WILSON AVE,2,ROAD,LOCAL,8.0,12.0,PAVED,TwoWay,PAVED,7,40,NO ACCESS,N,1971.0,53.006932954404895
WILSON AVE,04-At/near private drive,02-Thru lane,01-Clear,01-Daylight,MIDBLOCK,Tuesday,October,0,WILSON AVE,2,ROAD,LOCAL,12.0,20.0,PAVED,TwoWay,PAVED,6,50,NO ACCESS,Y,1953.0,61.094761382671614
WILSON AVE,04-At/near private drive,02-Thru lane,01-Clear,01-Daylight,MIDBLOCK,Tuesday,October,0,WILSON AVE,2,ROAD,LOCAL,9.0,20.0,PAVED,TwoWay,PAVED,6,50,NO ACCESS,N,1870.0,174.892916918531
WILSON AVE,04-At/near private drive,02-Thru lane,01-Clear,01-Daylight,MIDBLOCK,Tuesday,October,0,WILSON AVE,2,ROAD,LOCAL,7.0,17.0,PAVED,TwoWay,PAVED,6,50,NO ACCESS,N,1870.0,396.399306707324
WILSON AVE,04-At/near private drive,02-Thru lane,01-Clear,01-Daylight,MIDBLOCK,Tuesday,October,0,WILSON AVE,2,ROAD,LOCAL,12.0,20.0,PAVED,TwoWay,PAVED,6,50,NO ACCESS,N,2003.0,244.72054877014702
WILSON AVE,04-At/near private drive,02-Thru lane,01-Clear,01-Daylight,MIDBLOCK,Tuesday,October,0,WILSON AVE,3,ROAD,LOCAL,12.0,20.0,PAVED,TwoWay,PAVED,6,50,NO ACCESS,Y,1953.0,37.3124030725804
WILSON AVE,04-At/near private drive,02-Thru lane,01-Clear,01-Daylight,MIDBLOCK,Tuesday,October,0,WILSON AVE,3,ROAD,LOCAL,12.0,20.0,PAVED,TwoWay,PAVED,6,40,NO ACCESS,Y,1953.0,227.251099713358
WILSON AVE,04-At/near private drive,02-Thru lane,03-Snow,07-Dark,MIDBLOCK,Monday,January,0,WILSON AVE,2,ROAD,LOCAL,8.0,12.0,PAVED,TwoWay,PAVED,7,40,NO ACCESS,N,1971.0,53.006932954404895
WILSON AVE,04-At/near private drive,02-Thru lane,03-Snow,07-Dark,MIDBLOCK,Monday,January,0,WILSON AVE,2,ROAD,LOCAL,12.0,20.0,PAVED,TwoWay,PAVED,6,50,NO ACCESS,Y,1953.0,61.094761382671614
WILSON AVE,04-At/near private drive,02-Thru lane,03-Snow,07-Dark,MIDBLOCK,Monday,January,0,WILSON AVE,2,ROAD,LOCAL,9.0,20.0,PAVED,TwoWay,PAVED,6,50,NO ACCESS,N,1870.0,174.892916918531
WILSON AVE,04-At/near private drive,02-Thru lane,03-Snow,07-Dark,MIDBLOCK,Monday,January,0,WILSON AVE,2,ROAD,LOCAL,7.0,17.0,PAVED,TwoWay,PAVED,6,50,NO ACCESS,N,1870.0,396.399306707324
WILSON AVE,04-At/near private drive,02-Thru lane,03-Snow,07-Dark,MIDBLOCK,Monday,January,0,WILSON AVE,2,ROAD,LOCAL,12.0,20.0,PAVED,TwoWay,PAVED,6,50,NO ACCESS,N,2003.0,244.72054877014702
WILSON AVE,04-At/near private drive,02-Thru lane,03-Snow,07-Dark,MIDBLOCK,Monday,January,0,WILSON AVE,3,ROAD,LOCAL,12.0,20.0,PAVED,TwoWay,PAVED,6,50,NO ACCESS,Y,1953.0,37.3124030725804
WILSON AVE,04-At/near private drive,02-Thru lane,03-Snow,07-Dark,MIDBLOCK,Monday,January,0,WILSON AVE,3,ROAD,LOCAL,12.0,20.0,PAVED,TwoWay,PAVED,6,40,NO ACCESS,Y,1953.0,227.251099713358
WILSON AVE,04-At/near private drive,04-Right turn lane,02-Rain,01-Daylight,MIDBLOCK,Monday,July,0,WILSON AVE,2,ROAD,LOCAL,8.0,12.0,PAVED,TwoWay,PAVED,7,40,NO ACCESS,N,1971.0,53.006932954404895
WILSON AVE,04-At/near private drive,04-Right turn lane,02-Rain,01-Daylight,MIDBLOCK,Monday,July,0,WILSON AVE,2,ROAD,LOCAL,12.0,20.0,PAVED,TwoWay,PAVED,6,50,NO ACCESS,Y,1953.0,61.094761382671614
WILSON AVE,04-At/near private drive,04-Right turn lane,02-Rain,01-Daylight,MIDBLOCK,Monday,July,0,WILSON AVE,2,ROAD,LOCAL,9.0,20.0,PAVED,TwoWay,PAVED,6,50,NO ACCESS,N,1870.0,174.892916918531
WILSON AVE,04-At/near private drive,04-Right turn lane,02-Rain,01-Daylight,MIDBLOCK,Monday,July,0,WILSON AVE,2,ROAD,LOCAL,7.0,17.0,PAVED,TwoWay,PAVED,6,50,NO ACCESS,N,1870.0,396.399306707324
WILSON AVE,04-At/near private drive,04-Right turn lane,02-Rain,01-Daylight,MIDBLOCK,Monday,July,0,WILSON AVE,2,ROAD,LOCAL,12.0,20.0,PAVED,TwoWay,PAVED,6,50,NO ACCESS,N,2003.0,244.72054877014702
WILSON AVE,04-At/near private drive,04-Right turn lane,02-Rain,01-Daylight,MIDBLOCK,Monday,July,0,WILSON AVE,3,ROAD,LOCAL,12.0,20.0,PAVED,TwoWay,PAVED,6,50,NO ACCESS,Y,1953.0,37.3124030725804
WILSON AVE,04-At/near private drive,04-Right turn lane,02-Rain,01-Daylight,MIDBLOCK,Monday,July,0,WILSON AVE,3,ROAD,LOCAL,12.0,20.0,PAVED,TwoWay,PAVED,6,40,NO ACCESS,Y,1953.0,227.251099713358
WILSON AVE,01-Non intersection,02-Thru lane,01-Clear,01-Daylight,MIDBLOCK,Monday,March,0,WILSON AVE,2,ROAD,LOCAL,8.0,12.0,PAVED,TwoWay,PAVED,7,40,NO ACCESS,N,1971.0,53.006932954404895
WILSON AVE,01-Non intersection,02-Thru lane,01-Clear,01-Daylight,MIDBLOCK,Monday,March,0,WILSON AVE,2,ROAD,LOCAL,12.0,20.0,PAVED,TwoWay,PAVED,6,50,NO ACCESS,Y,1953.0,61.094761382671614
WILSON AVE,01-Non intersection,02-Thru lane,01-Clear,01-Daylight,MIDBLOCK,Monday,March,0,WILSON AVE,2,ROAD,LOCAL,9.0,20.0,PAVED,TwoWay,PAVED,6,50,NO ACCESS,N,1870.0,174.892916918531
WILSON AVE,01-Non intersection,02-Thru lane,01-Clear,01-Daylight,MIDBLOCK,Monday,March,0,WILSON AVE,2,ROAD,LOCAL,7.0,17.0,PAVED,TwoWay,PAVED,6,50,NO ACCESS,N,1870.0,396.399306707324
WILSON AVE,01-Non intersection,02-Thru lane,01-Clear,01-Daylight,MIDBLOCK,Monday,March,0,WILSON AVE,2,ROAD,LOCAL,12.0,20.0,PAVED,TwoWay,PAVED,6,50,NO ACCESS,N,2003.0,244.72054877014702
WILSON AVE,01-Non intersection,02-Thru lane,01-Clear,01-Daylight,MIDBLOCK,Monday,March,0,WILSON AVE,3,ROAD,LOCAL,12.0,20.0,PAVED,TwoWay,PAVED,6,50,NO ACCESS,Y,1953.0,37.3124030725804
WILSON AVE,01-Non intersection,02-Thru lane,01-Clear,01-Daylight,MIDBLOCK,Monday,March,0,WILSON AVE,3,ROAD,LOCAL,12.0,20.0,PAVED,TwoWay,PAVED,6,40,NO ACCESS,Y,1953.0,227.251099713358
WILSON AVE,04-At/near private drive,02-Thru lane,01-Clear,01-Daylight,MIDBLOCK,Wednesday,April,0,WILSON AVE,2,ROAD,LOCAL,8.0,12.0,PAVED,TwoWay,PAVED,7,40,NO ACCESS,N,1971.0,53.006932954404895
WILSON AVE,04-At/near private drive,02-Thru lane,01-Clear,01-Daylight,MIDBLOCK,Wednesday,April,0,WILSON AVE,2,ROAD,LOCAL,12.0,20.0,PAVED,TwoWay,PAVED,6,50,NO ACCESS,Y,1953.0,61.094761382671614
WILSON AVE,04-At/near private drive,02-Thru lane,01-Clear,01-Daylight,MIDBLOCK,Wednesday,April,0,WILSON AVE,2,ROAD,LOCAL,9.0,20.0,PAVED,TwoWay,PAVED,6,50,NO ACCESS,N,1870.0,174.892916918531
WILSON AVE,04-At/near private drive,02-Thru lane,01-Clear,01-Daylight,MIDBLOCK,Wednesday,April,0,WILSON AVE,2,ROAD,LOCAL,7.0,17.0,PAVED,TwoWay,PAVED,6,50,NO ACCESS,N,1870.0,396.399306707324
WILSON AVE,04-At/near private drive,02-Thru lane,01-Clear,01-Daylight,MIDBLOCK,Wednesday,April,0,WILSON AVE,2,ROAD,LOCAL,12.0,20.0,PAVED,TwoWay,PAVED,6,50,NO ACCESS,N,2003.0,244.72054877014702
WILSON AVE,04-At/near private drive,02-Thru lane,01-Clear,01-Daylight,MIDBLOCK,Wednesday,April,0,WILSON AVE,3,ROAD,LOCAL,12.0,20.0,PAVED,TwoWay,PAVED,6,50,NO ACCESS,Y,1953.0,37.3124030725804
WILSON AVE,04-At/near private drive,02-Thru lane,01-Clear,01-Daylight,MIDBLOCK,Wednesday,April,0,WILSON AVE,3,ROAD,LOCAL,12.0,20.0,PAVED,TwoWay,PAVED,6,40,NO ACCESS,Y,1953.0,227.251099713358
WILSON AVE,01-Non intersection,99-Other,01-Clear,05-Dusk,MIDBLOCK,Monday,July,0,WILSON AVE,2,ROAD,LOCAL,8.0,12.0,PAVED,TwoWay,PAVED,7,40,NO ACCESS,N,1971.0,53.006932954404895
WILSON AVE,01-Non intersection,99-Other,01-Clear,05-Dusk,MIDBLOCK,Monday,July,0,WILSON AVE,2,ROAD,LOCAL,12.0,20.0,PAVED,TwoWay,PAVED,6,50,NO ACCESS,Y,1953.0,61.094761382671614
WILSON AVE,01-Non intersection,99-Other,01-Clear,05-Dusk,MIDBLOCK,Monday,July,0,WILSON AVE,2,ROAD,LOCAL,9.0,20.0,PAVED,TwoWay,PAVED,6,50,NO ACCESS,N,1870.0,174.892916918531
WILSON AVE,01-Non intersection,99-Other,01-Clear,05-Dusk,MIDBLOCK,Monday,July,0,WILSON AVE,2,ROAD,LOCAL,7.0,17.0,PAVED,TwoWay,PAVED,6,50,NO ACCESS,N,1870.0,396.399306707324
WILSON AVE,01-Non intersection,99-Other,01-Clear,05-Dusk,MIDBLOCK,Monday,July,0,WILSON AVE,2,ROAD,LOCAL,12.0,20.0,PAVED,TwoWay,PAVED,6,50,NO ACCESS,N,2003.0,244.72054877014702
WILSON AVE,01-Non intersection,99-Other,01-Clear,05-Dusk,MIDBLOCK,Monday,July,0,WILSON AVE,3,ROAD,LOCAL,12.0,20.0,PAVED,TwoWay,PAVED,6,50,NO ACCESS,Y,1953.0,37.3124030725804
WILSON AVE,01-Non intersection,99-Other,01-Clear,05-Dusk,MIDBLOCK,Monday,July,0,WILSON AVE,3,ROAD,LOCAL,12.0,20.0,PAVED,TwoWay,PAVED,6,40,NO ACCESS,Y,1953.0,227.251099713358
WILSON AVE,01-Non intersection,02-Thru lane,01-Clear,01-Daylight,MIDBLOCK,Thursday,January,0,WILSON AVE,2,ROAD,LOCAL,8.0,12.0,PAVED,TwoWay,PAVED,7,40,NO ACCESS,N,1971.0,53.006932954404895
WILSON AVE,01-Non intersection,02-Thru lane,01-Clear,01-Daylight,MIDBLOCK,Thursday,January,0,WILSON AVE,2,ROAD,LOCAL,12.0,20.0,PAVED,TwoWay,PAVED,6,50,NO ACCESS,Y,1953.0,61.094761382671614
WILSON AVE,01-Non intersection,02-Thru lane,01-Clear,01-Daylight,MIDBLOCK,Thursday,January,0,WILSON AVE,2,ROAD,LOCAL,9.0,20.0,PAVED,TwoWay,PAVED,6,50,NO ACCESS,N,1870.0,174.892916918531
WILSON AVE,01-Non intersection,02-Thru lane,01-Clear,01-Daylight,MIDBLOCK,Thursday,January,0,WILSON AVE,2,ROAD,LOCAL,7.0,17.0,PAVED,TwoWay,PAVED,6,50,NO ACCESS,N,1870.0,396.399306707324
WILSON AVE,01-Non intersection,02-Thru lane,01-Clear,01-Daylight,MIDBLOCK,Thursday,January,0,WILSON AVE,2,ROAD,LOCAL,12.0,20.0,PAVED,TwoWay,PAVED,6,50,NO ACCESS,N,2003.0,244.72054877014702
WILSON AVE,01-Non intersection,02-Thru lane,01-Clear,01-Daylight,MIDBLOCK,Thursday,January,0,WILSON AVE,3,ROAD,LOCAL,12.0,20.0,PAVED,TwoWay,PAVED,6,50,NO ACCESS,Y,1953.0,37.3124030725804
WILSON AVE,01-Non intersection,02-Thru lane,01-Clear,01-Daylight,MIDBLOCK,Thursday,January,0,WILSON AVE,3,ROAD,LOCAL,12.0,20.0,PAVED,TwoWay,PAVED,6,40,NO ACCESS,Y,1953.0,227.251099713358
WILSON AVE,04-At/near private drive,02-Thru lane,01-Clear,01-Daylight,MIDBLOCK,Friday,July,0,WILSON AVE,2,ROAD,LOCAL,8.0,12.0,PAVED,TwoWay,PAVED,7,40,NO ACCESS,N,1971.0,53.006932954404895
WILSON AVE,04-At/near private drive,02-Thru lane,01-Clear,01-Daylight,MIDBLOCK,Friday,July,0,WILSON AVE,2,ROAD,LOCAL,12.0,20.0,PAVED,TwoWay,PAVED,6,50,NO ACCESS,Y,1953.0,61.094761382671614
WILSON AVE,04-At/near private drive,02-Thru lane,01-Clear,01-Daylight,MIDBLOCK,Friday,July,0,WILSON AVE,2,ROAD,LOCAL,9.0,20.0,PAVED,TwoWay,PAVED,6,50,NO ACCESS,N,1870.0,174.892916918531
WILSON AVE,04-At/near private drive,02-Thru lane,01-Clear,01-Daylight,MIDBLOCK,Friday,July,0,WILSON AVE,2,ROAD,LOCAL,7.0,17.0,PAVED,TwoWay,PAVED,6,50,NO ACCESS,N,1870.0,396.399306707324
WILSON AVE,04-At/near private drive,02-Thru lane,01-Clear,01-Daylight,MIDBLOCK,Friday,July,0,WILSON AVE,2,ROAD,LOCAL,12.0,20.0,PAVED,TwoWay,PAVED,6,50,NO ACCESS,N,2003.0,244.72054877014702
WILSON AVE,04-At/near private drive,02-Thru lane,01-Clear,01-Daylight,MIDBLOCK,Friday,July,0,WILSON AVE,3,ROAD,LOCAL,12.0,20.0,PAVED,TwoWay,PAVED,6,50,NO ACCESS,Y,1953.0,37.3124030725804
WILSON AVE,04-At/near private drive,02-Thru lane,01-Clear,01-Daylight,MIDBLOCK,Friday,July,0,WILSON AVE,3,ROAD,LOCAL,12.0,20.0,PAVED,TwoWay,PAVED,6,40,NO ACCESS,Y,1953.0,227.251099713358
WILSON AVE,04-At/near private drive,02-Thru lane,01-Clear,01-Daylight,MIDBLOCK,Friday,August,0,WILSON AVE,2,ROAD,LOCAL,8.0,12.0,PAVED,TwoWay,PAVED,7,40,NO ACCESS,N,1971.0,53.006932954404895
WILSON AVE,04-At/near private drive,02-Thru lane,01-Clear,01-Daylight,MIDBLOCK,Friday,August,0,WILSON AVE,2,ROAD,LOCAL,12.0,20.0,PAVED,TwoWay,PAVED,6,50,NO ACCESS,Y,1953.0,61.094761382671614
WILSON AVE,04-At/near private drive,02-Thru lane,01-Clear,01-Daylight,MIDBLOCK,Friday,August,0,WILSON AVE,2,ROAD,LOCAL,9.0,20.0,PAVED,TwoWay,PAVED,6,50,NO ACCESS,N,1870.0,174.892916918531
WILSON AVE,04-At/near private drive,02-Thru lane,01-Clear,01-Daylight,MIDBLOCK,Friday,August,0,WILSON AVE,2,ROAD,LOCAL,7.0,17.0,PAVED,TwoWay,PAVED,6,50,NO ACCESS,N,1870.0,396.399306707324
WILSON AVE,04-At/near private drive,02-Thru lane,01-Clear,01-Daylight,MIDBLOCK,Friday,August,0,WILSON AVE,2,ROAD,LOCAL,12.0,20.0,PAVED,TwoWay,PAVED,6,50,NO ACCESS,N,2003.0,244.72054877014702
WILSON AVE,04-At/near private drive,02-Thru lane,01-Clear,01-Daylight,MIDBLOCK,Friday,August,0,WILSON AVE,3,ROAD,LOCAL,12.0,20.0,PAVED,TwoWay,PAVED,6,50,NO ACCESS,Y,1953.0,37.3124030725804
WILSON AVE,04-At/near private drive,02-Thru lane,01-Clear,01-Daylight,MIDBLOCK,Friday,August,0,WILSON AVE,3,ROAD,LOCAL,12.0,20.0,PAVED,TwoWay,PAVED,6,40,NO ACCESS,Y,1953.0,227.251099713358
WILSON AVE,04-At/near private drive,02-Thru lane,01-Clear,01-Daylight,MIDBLOCK,Wednesday,December,0,WILSON AVE,2,ROAD,LOCAL,8.0,12.0,PAVED,TwoWay,PAVED,7,40,NO ACCESS,N,1971.0,53.006932954404895
WILSON AVE,04-At/near private drive,02-Thru lane,01-Clear,01-Daylight,MIDBLOCK,Wednesday,December,0,WILSON AVE,2,ROAD,LOCAL,12.0,20.0,PAVED,TwoWay,PAVED,6,50,NO ACCESS,Y,1953.0,61.094761382671614
WILSON AVE,04-At/near private drive,02-Thru lane,01-Clear,01-Daylight,MIDBLOCK,Wednesday,December,0,WILSON AVE,2,ROAD,LOCAL,9.0,20.0,PAVED,TwoWay,PAVED,6,50,NO ACCESS,N,1870.0,174.892916918531
WILSON AVE,04-At/near private drive,02-Thru lane,01-Clear,01-Daylight,MIDBLOCK,Wednesday,December,0,WILSON AVE,2,ROAD,LOCAL,7.0,17.0,PAVED,TwoWay,PAVED,6,50,NO ACCESS,N,1870.0,396.399306707324
WILSON AVE,04-At/near private drive,02-Thru lane,01-Clear,01-Daylight,MIDBLOCK,Wednesday,December,0,WILSON AVE,2,ROAD,LOCAL,12.0,20.0,PAVED,TwoWay,PAVED,6,50,NO ACCESS,N,2003.0,244.72054877014702
WILSON AVE,04-At/near private drive,02-Thru lane,01-Clear,01-Daylight,MIDBLOCK,Wednesday,December,0,WILSON AVE,3,ROAD,LOCAL,12.0,20.0,PAVED,TwoWay,PAVED,6,50,NO ACCESS,Y,1953.0,37.3124030725804
WILSON AVE,04-At/near private drive,02-Thru lane,01-Clear,01-Daylight,MIDBLOCK,Wednesday,December,0,WILSON AVE,3,ROAD,LOCAL,12.0,20.0,PAVED,TwoWay,PAVED,6,40,NO ACCESS,Y,1953.0,227.251099713358
WILSON AVE,04-At/near private drive,02-Thru lane,"07-Fog, mist, smoke, dust",07-Dark,MIDBLOCK,Tuesday,December,0,WILSON AVE,2,ROAD,LOCAL,8.0,12.0,PAVED,TwoWay,PAVED,7,40,NO ACCESS,N,1971.0,53.006932954404895