LOCATION,ACCIDENT_LOCATION,IMPACT_LOCATION,ENVIRONMENT_CONDITION,LIGHT,COLLISION_TYPE,DAY_OF_WEEK,MONTH,IS_WEEKEND,STREET,LANES,CATEGORY,SUBCATEGORY,PAVEMENT_WIDTH,ROW_WIDTH,SHOULDER,FLOW_DIRECTION,SURFACE_LAYER_TYPE,OFFICIAL_ROAD_CLASSIFICATION,SPEED_LIMIT_KM,TRUCK_ACCESS,BUS_ROUTE,SERVICE_YEAR,Shape__Length
WILSON AVE,01-Non intersection,12-Off highway,01-Clear,07-Dark,MIDBLOCK,Thursday,September,0,WILSON AVE,2,ROAD,LOCAL,8.0,12.0,PAVED,TwoWay,PAVED,7,40,NO ACCESS,N,1971.0,53.006932954404895
WILSON AVE,01-Non intersection,12-Off highway,01-Clear,07-Dark,MIDBLOCK,Thursday,September,0,WILSON AVE,2,ROAD,LOCAL,12.0,20.0,PAVED,TwoWay,PAVED,6,50,NO ACCESS,Y,1953.0,61.094761382671614
WILSON AVE,01-Non intersection,12-Off highway,01-Clear,07-Dark,MIDBLOCK,Thursday,September,0,WILSON AVE,2,ROAD,LOCAL,9.0,20.0,PAVED,TwoWay,PAVED,6,50,NO ACCESS,N,1870.0,174.892916918531
WILSON AVE,01-Non intersection,12-Off highway,01-Clear,07-Dark,MIDBLOCK,Thursday,September,0,WILSON AVE,2,ROAD,LOCAL,7.0,17.0,PAVED,TwoWay,PAVED,6,50,NO ACCESS,N,1870.0,396.399306707324
WILSON AVE,01-Non intersection,12-Off highway,01-Clear,07-Dark,MIDBLOCK,Thursday,September,0,WILSON AVE,2,ROAD,LOCAL,12.0,20.0,PAVED,TwoWay,PAVED,6,50,NO ACCESS,N,2003.0,244.72054877014702
WILSON AVE,01-Non intersection,12-Off highway,01-Clear,07-Dark,MIDBLOCK,Thursday,September,0,WILSON AVE,3,ROAD,LOCAL,12.0,20.0,PAVED,TwoWay,PAVED,6,50,NO ACCESS,Y,1953.0,37.3124030725804
WILSON AVE,01-Non intersection,12-Off highway,01-Clear,07-Dark,MIDBLOCK,Thursday,September,0,WILSON AVE,3,ROAD,LOCAL,12.0,20.0,PAVED,TwoWay,PAVED,6,40,NO ACCESS,Y,1953.0,227.251099713358
WILSON AVE,04-At/near private drive,12-Off highway,01-Clear,01-Daylight,MIDBLOCK,Monday,March,0,WILSON AVE,2,ROAD,LOCAL,8.0,12.0,PAVED,TwoWay,PAVED,7,40,NO ACCESS,N,1971.0,53.006932954404895
WILSON AVE,04-At/near private drive,12-Off highway,01-Clear,01-Daylight,MIDBLOCK,Monday,March,0,WILSON AVE,2,ROAD,LOCAL,12.0,20.0,PAVED,TwoWay,PAVED,6,50,NO ACCESS,Y,1953.0,61.094761382671614
WILSON AVE,04-At/near private drive,12-Off highway,01-Clear,01-Daylight,MIDBLOCK,Monday,March,0,WILSON AVE,2,ROAD,LOCAL,9.0,20.0,PAVED,TwoWay,PAVED,6,50,NO ACCESS,N,1870.0,174.892916918531
WILSON AVE,04-At/near private drive,12-Off highway,01-Clear,01-Daylight,MIDBLOCK,Monday,March,0,WILSON AVE,2,ROAD,LOCAL,7.0,17.0,PAVED,TwoWay,PAVED,6,50,NO ACCESS,N,1870.0,396.399306707324
WILSON AVE,04-At/near private drive,12-Off highway,01-Clear,01-Daylight,MIDBLOCK,Monday,March,0,WILSON AVE,2,ROAD,LOCAL,12.0,20.0,PAVED,TwoWay,PAVED,6,50,NO ACCESS,N,2003.0,244.72054877014702
WILSON AVE,04-At/near private drive,12-Off highway,01-Clear,01-Daylight,MIDBLOCK,Monday,March,0,WILSON AVE,3,ROAD,LOCAL,12.0,20.0,PAVED,TwoWay,PAVED,6,50,NO ACCESS,Y,1953.0,37.3124030725804
WILSON AVE,04-At/near private drive,12-Off highway,01-Clear,01-Daylight,MIDBLOCK,Monday,March,0,WILSON AVE,3,ROAD,LOCAL,12.0,20.0,PAVED,TwoWay,PAVED,6,40,NO ACCESS,Y,1953.0,227.251099713358
WILSON AVE,04-At/near private drive,02-Thru lane,01-Clear,01-Daylight,MIDBLOCK,Sunday,May,1,WILSON AVE,2,ROAD,LOCAL,8.0,12.0,PAVED,TwoWay,PAVED,7,40,NO ACCESS,N,1971.0,53.006932954404895
WILSON AVE,04-At/near private drive,02-Thru lane,01-Clear,01-Daylight,MIDBLOCK,Sunday,May,1,WILSON AVE,2,ROAD,LOCAL,12.0,20.0,PAVED,TwoWay,PAVED,6,50,NO ACCESS,Y,1953.0,61.094761382671614
WILSON AVE,04-At/near private drive,02-Thru lane,01-Clear,01-Daylight,MIDBLOCK,Sunday,May,1,WILSON AVE,2,ROAD,LOCAL,9.0,20.0,PAVED,TwoWay,PAVED,6,50,NO ACCESS,N,1870.0,174.892916918531
WILSON AVE,04-At/near private drive,02-Thru lane,01-Clear,01-Daylight,MIDBLOCK,Sunday,May,1,WILSON AVE,2,ROAD,LOCAL,7.0,17.0,PAVED,TwoWay,PAVED,6,50,NO ACCESS,N,1870.0,396.399306707324
WILSON AVE,04-At/near private drive,02-Thru lane,01-Clear,01-Daylight,MIDBLOCK,Sunday,May,1,WILSON AVE,2,ROAD,LOCAL,12.0,20.0,PAVED,TwoWay,PAVED,6,50,NO ACCESS,N,2003.0,244.72054877014702
WILSON AVE,04-At/near private drive,02-Thru lane,01-Clear,01-Daylight,MIDBLOCK,Sunday,May,1,WILSON AVE,3,ROAD,LOCAL,12.0,20.0,PAVED,TwoWay,PAVED,6,50,NO ACCESS,Y,1953.0,37.3124030725804
WILSON AVE,04-At/near private drive,02-Thru lane,01-Clear,01-Daylight,MIDBLOCK,Sunday,May,1,WILSON AVE,3,ROAD,LOCAL,12.0,20.0,PAVED,TwoWay,PAVED,6,40,NO ACCESS,Y,1953.0,227.251099713358
WILSON AVE,04-At/near private drive,02-Thru lane,01-Clear,01-Daylight,MIDBLOCK,Wednesday,February,0,WILSON AVE,2,ROAD,LOCAL,8.0,12.0,PAVED,TwoWay,PAVED,7,40,NO ACCESS,N,1971.0,53.006932954404895
WILSON AVE,04-At/near private drive,02-Thru lane,01-Clear,01-Daylight,MIDBLOCK,Wednesday,February,0,WILSON AVE,2,ROAD,LOCAL,12.0,20.0,PAVED,TwoWay,PAVED,6,50,NO ACCESS,Y,1953.0,61.094761382671614
WILSON AVE,04-At/near private drive,02-Thru lane,01-Clear,01-Daylight,MIDBLOCK,Wednesday,February,0,WILSON AVE,2,ROAD,LOCAL,9.0,20.0,PAVED,TwoWay,PAVED,6,50,NO ACCESS,N,1870.0,174.892916918531
WILSON AVE,04-At/near private drive,02-Thru lane,01-Clear,01-Daylight,MIDBLOCK,Wednesday,February,0,WILSON AVE,2,ROAD,LOCAL,7.0,17.0,PAVED,TwoWay,PAVED,6,50,NO ACCESS,N,1870.0,396.399306707324
WILSON AVE,04-At/near private drive,02-Thru lane,01-Clear,01-Daylight,MIDBLOCK,Wednesday,February,0,WILSON AVE,2,ROAD,LOCAL,12.0,20.0,PAVED,TwoWay,PAVED,6,50,NO ACCESS,N,2003.0,244.72054877014702
WILSON AVE,04-At/near private drive,02-Thru lane,01-Clear,01-Daylight,MIDBLOCK,Wednesday,February,0,WILSON AVE,3,ROAD,LOCAL,12.0,20.0,PAVED,TwoWay,PAVED,6,50,NO ACCESS,Y,1953.0,37.3124030725804
WILSON AVE,04-At/near private drive,02-Thru lane,01-Clear,01-Daylight,MIDBLOCK,Wednesday,February,0,WILSON AVE,3,ROAD,LOCAL,12.0,20.0,PAVED,TwoWay,PAVED,6,40,NO ACCESS,Y,1953.0,227.251099713358
WILSON AVE,01-Non intersection,02-Thru lane,01-Clear,01-Daylight,MIDBLOCK,Tuesday,March,0,WILSON AVE,2,ROAD,LOCAL,8.0,12.0,PAVED,TwoWay,PAVED,7,40,NO ACCESS,N,1971.0,53.006932954404895
WILSON AVE,01-Non intersection,02-Thru lane,01-Clear,01-Daylight,MIDBLOCK,Tuesday,March,0,WILSON AVE,2,ROAD,LOCAL,12.0,20.0,PAVED,TwoWay,PAVED,6,50,NO ACCESS,Y,1953.0,61.094761382671614
WILSON AVE,01-Non intersection,02-Thru lane,01-Clear,01-Daylight,MIDBLOCK,Tuesday,March,0,WILSON AVE,2,ROAD,LOCAL,9.0,20.0,PAVED,TwoWay,PAVED,6,50,NO ACCESS,N,1870.0,174.892916918531
WILSON AVE,01-Non intersection,02-Thru lane,01-Clear,01-Daylight,MIDBLOCK,Tuesday,March,0,WILSON AVE,2,ROAD,LOCAL,7.0,17.0,PAVED,TwoWay,PAVED,6,50,NO ACCESS,N,1870.0,396.399306707324
WILSON AVE,01-Non intersection,02-Thru lane,01-Clear,01-Daylight,MIDBLOCK,Tuesday,March,0,WILSON AVE,2,ROAD,LOCAL,12.0,20.0,PAVED,TwoWay,PAVED,6,50,NO ACCESS,N,2003.0,244.72054877014702
WILSON AVE,01-Non intersection,02-Thru lane,01-Clear,01-Daylight,MIDBLOCK,Tuesday,March,0,WILSON AVE,3,ROAD,LOCAL,12.0,20.0,PAVED,TwoWay,PAVED,6,50,NO ACCESS,Y,1953.0,37.3124030725804
WILSON AVE,01-Non intersection,02-Thru lane,01-Clear,01-Daylight,MIDBLOCK,Tuesday,March,0,WILSON AVE,3,ROAD,LOCAL,12.0,20.0,PAVED,TwoWay,PAVED,6,40,NO ACCESS,Y,1953.0,227.251099713358
WILSON AVE,01-Non intersection,02-Thru lane,02-Rain,07-Dark,MIDBLOCK,Monday,April,0,WILSON AVE,2,ROAD,LOCAL,8.0,12.0,PAVED,TwoWay,PAVED,7,40,NO ACCESS,N,1971.0,53.006932954404895
WILSON AVE,01-Non intersection,02-Thru lane,02-Rain,07-Dark,MIDBLOCK,Monday,April,0,WILSON AVE,2,ROAD,LOCAL,12.0,20.0,PAVED,TwoWay,PAVED,6,50,NO ACCESS,Y,1953.0,61.094761382671614
WILSON AVE,01-Non intersection,02-Thru lane,02-Rain,07-Dark,MIDBLOCK,Monday,April,0,WILSON AVE,2,ROAD,LOCAL,9.0,20.0,PAVED,TwoWay,PAVED,6,50,NO ACCESS,N,1870.0,174.892916918531
WILSON AVE,01-Non intersection,02-Thru lane,02-Rain,07-Dark,MIDBLOCK,Monday,April,0,WILSON AVE,2,ROAD,LOCAL,7.0,17.0,PAVED,TwoWay,PAVED,6,50,NO ACCESS,N,1870.0,396.399306707324
WILSON AVE,01-Non intersection,02-Thru lane,02-Rain,07-Dark,MIDBLOCK,Monday,April,0,WILSON AVE,2,ROAD,LOCAL,12.0,20.0,PAVED,TwoWay,PAVED,6,50,NO ACCESS,N,2003.0,244.72054877014702
WILSON AVE,01-Non intersection,02-Thru lane,02-Rain,07-Dark,MIDBLOCK,Monday,April,0,WILSON AVE,3,ROAD,LOCAL,12.0,20.0,PAVED,TwoWay,PAVED,6,50,NO ACCESS,Y,1953.0,37.3124030725804
WILSON AVE,01-Non intersection,02-Thru lane,02-Rain,07-Dark,MIDBLOCK,Monday,April,0,WILSON AVE,3,ROAD,LOCAL,12.0,20.0,PAVED,TwoWay,PAVED,6,40,NO ACCESS,Y,1953.0,227.251099713358
WILSON AVE,01-Non intersection,11-Not on roadway - right side,"07-Fog, mist, smoke, dust","08-Dark, artificial",MIDBLOCK,Monday,January,0,WILSON AVE,2,ROAD,LOCAL,8.0,12.0,PAVED,TwoWay,PAVED,7,40,NO ACCESS,N,1971.0,53.006932954404895
WILSON AVE,01-Non intersection,11-Not on roadway - right side,"07-Fog, mist, smoke, dust","08-Dark, artificial",MIDBLOCK,Monday,January,0,WILSON AVE,2,ROAD,LOCAL,12.0,20.0,PAVED,TwoWay,PAVED,6,50,NO ACCESS,Y,1953.0,61.094761382671614
WILSON AVE,01-Non intersection,11-Not on roadway - right side,"07-Fog, mist, smoke, dust","08-Dark, artificial",MIDBLOCK,Monday,January,0,WILSON AVE,2,ROAD,LOCAL,9.0,20.0,PAVED,TwoWay,PAVED,6,50,NO ACCESS,N,1870.0,174.892916918531
WILSON AVE,01-Non intersection,11-Not on roadway - right side,"07-Fog, mist, smoke, dust","08-Dark, artificial",MIDBLOCK,Monday,January,0,WILSON AVE,2,ROAD,LOCAL,7.0,17.0,PAVED,TwoWay,PAVED,6,50,NO ACCESS,N,1870.0,396.399306707324
WILSON AVE,01-Non intersection,11-Not on roadway - right side,"07-Fog, mist, smoke, dust","08-Dark, artificial",MIDBLOCK,Monday,January,0,WILSON AVE,2,ROAD,LOCAL,12.0,20.0,PAVED,TwoWay,PAVED,6,50,NO ACCESS,N,2003.0,244.72054877014702
WILSON AVE,01-Non intersection,11-Not on roadway - right side,"07-Fog, mist, smoke, dust","08-Dark, artificial",MIDBLOCK,Monday,January,0,WILSON AVE,3,ROAD,LOCAL,12.0,20.0,PAVED,TwoWay,PAVED,6,50,NO ACCESS,Y,1953.0,37.3124030725804
WILSON AVE,01-Non intersection,11-Not on roadway - right side,"07-Fog, mist, smoke, dust","08-Dark, artificial",MIDBLOCK,Monday,January,0,WILSON AVE,3,ROAD,LOCAL,12.0,20.0,PAVED,TwoWay,PAVED,6,40,NO ACCESS,Y,1953.0,227.251099713358
WILSON AVE,04-At/near private drive,12-Off highway,01-Clear,01-Daylight,MIDBLOCK,Thursday,February,0,WILSON AVE,2,ROAD,LOCAL,8.0,12.0,PAVED,TwoWay,PAVED,7,40,NO ACCESS,N,1971.0,53.006932954404895
WILSON AVE,04-At/near private drive,12-Off highway,01-Clear,01-Daylight,MIDBLOCK,Thursday,February,0,WILSON AVE,2,ROAD,LOCAL,12.0,20.0,PAVED,TwoWay,PAVED,6,50,NO ACCESS,Y,1953.0,61.094761382671614
WILSON AVE,04-At/near private drive,12-Off highway,01-Clear,01-Daylight,MIDBLOCK,Thursday,February,0,WILSON AVE,2,ROAD,LOCAL,9.0,20.0,PAVED,TwoWay,PAVED,6,50,NO ACCESS,N,1870.0,174.892916918531
WILSON AVE,04-At/near private drive,12-Off highway,01-Clear,01-Daylight,MIDBLOCK,Thursday,February,0,WILSON AVE,2,ROAD,LOCAL,7.0,17.0,PAVED,TwoWay,PAVED,6,50,NO ACCESS,N,1870.0,396.399306707324
WILSON AVE,04-At/near private drive,12-Off highway,01-Clear,01-Daylight,MIDBLOCK,Thursday,February,0,WILSON AVE,2,ROAD,LOCAL,12.0,20.0,PAVED,TwoWay,PAVED,6,50,NO ACCESS,N,2003.0,244.72054877014702
WILSON AVE,04-At/near private drive,12-Off highway,01-Clear,01-Daylight,MIDBLOCK,Thursday,February,0,WILSON AVE,3,ROAD,LOCAL,12.0,20.0,PAVED,TwoWay,PAVED,6,50,NO ACCESS,Y,1953.0,37.3124030725804
WILSON AVE,04-At/near private drive,12-Off highway,01-Clear,01-Daylight,MIDBLOCK,Thursday,February,0,WILSON AVE,3,ROAD,LOCAL,12.0,20.0,PAVED,TwoWay,PAVED,6,40,NO ACCESS,Y,1953.0,227.251099713358
WILSON AVE,01-Non intersection,11-Not on roadway - right side,01-Clear,07-Dark,MIDBLOCK,Wednesday,August,0,WILSON AVE,2,ROAD,LOCAL,8.0,12.0,PAVED,TwoWay,PAVED,7,40,NO ACCESS,N,1971.0,53.006932954404895
WILSON AVE,01-Non intersection,11-Not on roadway - right side,01-Clear,07-Dark,MIDBLOCK,Wednesday,August,0,WILSON AVE,2,ROAD,LOCAL,12.0,20.0,PAVED,TwoWay,PAVED,6,50,NO ACCESS,Y,1953.0,61.094761382671614
WILSON AVE,01-Non intersection,11-Not on roadway - right side,01-Clear,07-Dark,MIDBLOCK,Wednesday,August,0,WILSON AVE,2,ROAD,LOCAL,9.0,20.0,PAVED,TwoWay,PAVED,6,50,NO ACCESS,N,1870.0,174.892916918531
WILSON AVE,01-Non intersection,11-Not on roadway - right side,01-Clear,07-Dark,MIDBLOCK,Wednesday,August,0,WILSON AVE,2,ROAD,LOCAL,7.0,17.0,PAVED,TwoWay,PAVED,6,50,NO ACCESS,N,1870.0,396.399306707324
WILSON AVE,01-Non intersection,11-Not on roadway - right side,01-Clear,07-Dark,MIDBLOCK,Wednesday,August,0,WILSON AVE,2,ROAD,LOCAL,12.0,20.0,PAVED,TwoWay,PAVED,6,50,NO ACCESS,N,2003.0,244.72054877014702
WILSON AVE,01-Non intersection,11-Not on roadway - right side,01-Clear,07-Dark,MIDBLOCK,Wednesday,August,0,WILSON AVE,3,ROAD,LOCAL,12.0,20.0,PAVED,TwoWay,PAVED,6,50,NO ACCESS,Y,1953.0,37.3124030725804
WILSON AVE,01-Non intersection,11-Not on roadway - right side,01-Clear,07-Dark,MIDBLOCK,Wednesday,August,0,WILSON AVE,3,ROAD,LOCAL,12.0,20.0,PAVED,TwoWay,PAVED,6,40,NO ACCESS,Y,1953.0,227.251099713358
WILSON AVE,01-Non intersection,02-Thru lane,01-Clear,01-Daylight,MIDBLOCK,Wednesday,September,0,WILSON AVE,2,ROAD,LOCAL,8.0,12.0,PAVED,TwoWay,PAVED,7,40,NO ACCESS,N,1971.0,53.006932954404895
WILSON AVE,01-Non intersection,02-Thru lane,01-Clear,01-Daylight,MIDBLOCK,Wednesday,September,0,WILSON AVE,2,ROAD,LOCAL,12.0,20.0,PAVED,TwoWay,PAVED,6,50,NO ACCESS,Y,1953.0,61.094761382671614
WILSON AVE,01-Non intersection,02-Thru lane,01-Clear,01-Daylight,MIDBLOCK,Wednesday,September,0,WILSON AVE,2,ROAD,LOCAL,9.0,20.0,PAVED,TwoWay,PAVED,6,50,NO ACCESS,N,1870.0,174.892916918531
WILSON AVE,01-Non intersection,02-Thru lane,01-Clear,01-Daylight,MIDBLOCK,Wednesday,September,0,WILSON AVE,2,ROAD,LOCAL,7.0,17.0,PAVED,TwoWay,PAVED,6,50,NO ACCESS,N,1870.0,396.399306707324
WILSON AVE,01-Non intersection,02-Thru lane,01-Clear,01-Daylight,MIDBLOCK,Wednesday,September,0,WILSON AVE,2,ROAD,LOCAL,12.0,20.0,PAVED,TwoWay,PAVED,6,50,NO ACCESS,N,2003.0,244.72054877014702
WILSON AVE,01-Non intersection,02-Thru lane,01-Clear,01-Daylight,MIDBLOCK,Wednesday,September,0,WILSON AVE,3,ROAD,LOCAL,12.0,20.0,PAVED,TwoWay,PAVED,6,50,NO ACCESS,Y,1953.0,37.3124030725804
WILSON AVE,01-Non intersection,02-Thru lane,01-Clear,01-Daylight,MIDBLOCK,Wednesday,September,0,WILSON AVE,3,ROAD,LOCAL,12.0,20.0,PAVED,TwoWay,PAVED,6,40,NO ACCESS,Y,1953.0,227.251099713358
BONIFACE AVE,04-At/near private drive,02-Thru lane,01-Clear,01-Daylight,MIDBLOCK,Saturday,January,1,BONIFACE AVE,2,ROAD,LOCAL,9.0,20.0,PAVED,TwoWay,PAVED,6,50,NO ACCESS,N,1955.0,283.270446128699
BONIFACE AVE,04-At/near private drive,02-Thru lane,01-Clear,01-Daylight,MIDBLOCK,Saturday,January,1,BONIFACE AVE,2,ROAD,LOCAL,9.0,20.0,PAVED,TwoWay,PAVED,6,50,NO ACCESS,N,1955.0,448.00544831403704
BONIFACE AVE,04-At/near private drive,02-Thru lane,01-Clear,01-Daylight,MIDBLOCK,Tuesday,March,0,BONIFACE AVE,2,ROAD,LOCAL,9.0,20.0,PAVED,TwoWay,PAVED,6,50,NO ACCESS,N,1955.0,283.270446128699
BONIFACE AVE,04-At/near private drive,02-Thru lane,01-Clear,01-Daylight,MIDBLOCK,Tuesday,March,0,BONIFACE AVE,2,ROAD,LOCAL,9.0,20.0,PAVED,TwoWay,PAVED,6,50,NO ACCESS,N,1955.0,448.00544831403704
BONIFACE AVE,01-Non intersection,02-Thru lane,04-Freezing Rain,01-Daylight,MIDBLOCK,Monday,February,0,BONIFACE AVE,2,ROAD,LOCAL,9.0,20.0,PAVED,TwoWay,PAVED,6,50,NO ACCESS,N,1955.0,283.270446128699
BONIFACE AVE,01-Non intersection,02-Thru lane,04-Freezing Rain,01-Daylight,MIDBLOCK,Monday,February,0,BONIFACE AVE,2,ROAD,LOCAL,9.0,20.0,PAVED,TwoWay,PAVED,6,50,NO ACCESS,N,1955.0,448.00544831403704
BONIFACE AVE,99-Other,12-Off highway,01-Clear,01-Daylight,MIDBLOCK,Saturday,July,1,BONIFACE AVE,2,ROAD,LOCAL,9.0,20.0,PAVED,TwoWay,PAVED,6,50,NO ACCESS,N,1955.0,283.270446128699
BONIFACE AVE,99-Other,12-Off highway,01-Clear,01-Daylight,MIDBLOCK,Saturday,July,1,BONIFACE AVE,2,ROAD,LOCAL,9.0,20.0,PAVED,TwoWay,PAVED,6,50,NO ACCESS,N,1955.0,448.00544831403704
UNION ST,04-At/near private drive,09-Right shoulder,01-Clear,01-Daylight,MIDBLOCK,Monday,December,0,UNION ST,2,ROAD,MINOR,11.0,20.0,PAVED,TwoWay,PAVED,4,50,NO ACCESS,Y,1931.0,8.983400000259278
UNION ST,04-At/near private drive,09-Right shoulder,01-Clear,01-Daylight,MIDBLOCK,Monday,December,0,UNION ST,3,ROAD,MINOR,12.0,23.0,PAVED,TwoWay,PAVED,4,50,NO ACCESS,Y,2002.0,141.676718265196
UNION ST,04-At/near private drive,09-Right shoulder,01-Clear,01-Daylight,MIDBLOCK,Monday,December,0,UNION ST,2,ROAD,MINOR,10.0,20.0,PAVED,TwoWay,PAVED,3,50,NO ACCESS,N,1947.0,183.25118465629902
UNION ST,04-At/near private drive,09-Right shoulder,01-Clear,01-Daylight,MIDBLOCK,Monday,December,0,UNION ST,2,ROAD,MINOR,9.0,20.0,PAVED,TwoWay,PAVED,3,50,NO ACCESS,Y,1947.0,105.274799967347
UNION ST,04-At/near private drive,09-Right shoulder,01-Clear,01-Daylight,MIDBLOCK,Monday,December,0,UNION ST,3,ROAD,MINOR,11.0,26.0,PAVED,TwoWay,PAVED,4,50,NO ACCESS,N,2002.0,87.7628229249922
UNION ST,04-At/near private drive,09-Right shoulder,01-Clear,01-Daylight,MIDBLOCK,Monday,December,0,UNION ST,3,ROAD,MINOR,11.0,26.0,PAVED,TwoWay,PAVED,4,50,NO ACCESS,Y,2002.0,303.13455673453
UNION ST,04-At/near private drive,09-Right shoulder,01-Clear,01-Daylight,MIDBLOCK,Monday,December,0,UNION ST,3,ROAD,MINOR,12.0,24.0,PAVED,TwoWay,PAVED,4,50,NO ACCESS,Y,2002.0,90.33179658604507
UNION ST,04-At/near private drive,09-Right shoulder,01-Clear,01-Daylight,MIDBLOCK,Monday,December,0,UNION ST,3,ROAD,MINOR,11.0,26.0,PAVED,TwoWay,PAVED,4,50,NO ACCESS,Y,2002.0,95.5475865374648
UNION ST,04-At/near private drive,09-Right shoulder,01-Clear,01-Daylight,MIDBLOCK,Monday,December,0,UNION ST,2,ROAD,MINOR,10.0,20.0,PAVED,TwoWay,PAVED,3,50,NO ACCESS,Y,1947.0,74.41349507310571
UNION ST,04-At/near private drive,09-Right shoulder,01-Clear,01-Daylight,MIDBLOCK,Monday,December,0,UNION ST,3,ROAD,MINOR,11.0,26.0,PAVED,TwoWay,PAVED,4,50,NO ACCESS,N,2002.0,51.12534945954221
UNION ST,04-At/near private drive,09-Right shoulder,01-Clear,01-Daylight,MIDBLOCK,Monday,December,0,UNION ST,2,ROAD,MINOR,9.0,23.0,PAVED,TwoWay,PAVED,4,50,NO ACCESS,N,1861.0,532.522119536286
UNION ST,04-At/near private drive,09-Right shoulder,01-Clear,01-Daylight,MIDBLOCK,Monday,December,0,UNION ST,3,ROAD,MINOR,11.0,23.0,PAVED,TwoWay,PAVED,4,50,NO ACCESS,Y,2002.0,102.737015772976
UNION ST,01-Non intersection,02-Thru lane,01-Clear,01-Daylight,MIDBLOCK,Tuesday,May,0,UNION ST,2,ROAD,MINOR,11.0,20.0,PAVED,TwoWay,PAVED,4,50,NO ACCESS,Y,1931.0,8.983400000259278
UNION ST,01-Non intersection,02-Thru lane,01-Clear,01-Daylight,MIDBLOCK,Tuesday,May,0,UNION ST,3,ROAD,MINOR,12.0,23.0,PAVED,TwoWay,PAVED,4,50,NO ACCESS,Y,2002.0,141.676718265196
UNION ST,01-Non intersection,02-Thru lane,01-Clear,01-Daylight,MIDBLOCK,Tuesday,May,0,UNION ST,2,ROAD,MINOR,10.0,20.0,PAVED,TwoWay,PAVED,3,50,NO ACCESS,N,1947.0,183.25118465629902
UNION ST,01-Non intersection,02-Thru lane,01-Clear,01-Daylight,MIDBLOCK,Tuesday,May,0,UNION ST,2,ROAD,MINOR,9.0,20.0,PAVED,TwoWay,PAVED,3,50,NO ACCESS,Y,1947.0,105.274799967347
UNION ST,01-Non intersection,02-Thru lane,01-Clear,01-Daylight,MIDBLOCK,Tuesday,May,0,UNION ST,3,ROAD,MINOR,11.0,26.0,PAVED,TwoWay,PAVED,4,50,NO ACCESS,N,2002.0,87.7628229249922
UNION ST,01-Non intersection,02-Thru lane,01-Clear,01-Daylight,MIDBLOCK,Tuesday,May,0,UNION ST,3,ROAD,MINOR,11.0,26.0,PAVED,TwoWay,PAVED,4,50,NO ACCESS,Y,2002.0,303.13455673453
UNION ST,01-Non intersection,02-Thru lane,01-Clear,01-Daylight,MIDBLOCK,Tuesday,May,0,UNION ST,3,ROAD,MINOR,12.0,24.0,PAVED,TwoWay,PAVED,4,50,NO ACCESS,Y,2002.0,90.33179658604507
UNION ST,01-Non intersection,02-Thru lane,01-Clear,01-Daylight,MIDBLOCK,Tuesday,May,0,UNION ST,3,ROAD,MINOR,11.0,26.0,PAVED,TwoWay,PAVED,4,50,NO ACCESS,Y,2002.0,95.5475865374648
UNION ST,01-Non intersection,02-Thru lane,01-Clear,01-Daylight,MIDBLOCK,Tuesday,May,0,UNION ST,2,ROAD,MINOR,10.0,20.0,PAVED,TwoWay,PAVED,3,50,NO ACCESS,Y,1947.0,74.41349507310571
UNION ST,01-Non intersection,02-Thru lane,01-Clear,01-Daylight,MIDBLOCK,Tuesday,May,0,UNION ST,3,ROAD,MINOR,11.0,26.0,PAVED,TwoWay,PAVED,4,50,NO ACCESS,N,2002.0,51.12534945954221
UNION ST,01-Non intersection,02-Thru lane,01-Clear,01-Daylight,MIDBLOCK,Tuesday,May,0,UNION ST,2,ROAD,MINOR,9.0,23.0,PAVED,TwoWay,PAVED,4,50,NO ACCESS,N,1861.0,532.522119536286
UNION ST,01-Non intersection,02-Thru lane,01-Clear,01-Daylight,MIDBLOCK,Tuesday,May,0,UNION ST,3,ROAD,MINOR,11.0,23.0,PAVED,TwoWay,PAVED,4,50,NO ACCESS,Y,2002.0,102.737015772976
UNION ST,01-Non intersection,02-Thru lane,03-Snow,"08-Dark, artificial",MIDBLOCK,Tuesday,February,0,UNION ST,2,ROAD,MINOR,11.0,20.0,PAVED,TwoWay,PAVED,4,50,NO ACCESS,Y,1931.0,8.983400000259278
UNION ST,01-Non intersection,02-Thru lane,03-Snow,"08-Dark, artificial",MIDBLOCK,Tuesday,February,0,UNION ST,3,ROAD,MINOR,12.0,23.0,PAVED,TwoWay,PAVED,4,50,NO ACCESS,Y,2002.0,141.676718265196
UNION ST,01-Non intersection,02-Thru lane,03-Snow,"08-Dark, artificial",MIDBLOCK,Tuesday,February,0,UNION ST,2,ROAD,MINOR,10.0,20.0,PAVED,TwoWay,PAVED,3,50,NO ACCESS,N,1947.0,183.25118465629902
UNION ST,01-Non intersection,02-Thru lane,03-Snow,"08-Dark, artificial",MIDBLOCK,Tuesday,February,0,UNION ST,2,ROAD,MINOR,9.0,20.0,PAVED,TwoWay,PAVED,3,50,NO ACCESS,Y,1947.0,105.274799967347