LOCATION,ACCIDENT_LOCATION,IMPACT_LOCATION,ENVIRONMENT_CONDITION,LIGHT,COLLISION_TYPE,DAY_OF_WEEK,MONTH,IS_WEEKEND,STREET,LANES,CATEGORY,SUBCATEGORY,PAVEMENT_WIDTH,ROW_WIDTH,SHOULDER,FLOW_DIRECTION,SURFACE_LAYER_TYPE,OFFICIAL_ROAD_CLASSIFICATION,SPEED_LIMIT_KM,TRUCK_ACCESS,BUS_ROUTE,SERVICE_YEAR,Shape__Length
UNION ST,01-Non intersection,02-Thru lane,03-Snow,"08-Dark, artificial",MIDBLOCK,Tuesday,February,0,UNION ST,3,ROAD,MINOR,11.0,26.0,PAVED,TwoWay,PAVED,4,50,NO ACCESS,N,2002.0,87.7628229249922
UNION ST,01-Non intersection,02-Thru lane,03-Snow,"08-Dark, artificial",MIDBLOCK,Tuesday,February,0,UNION ST,3,ROAD,MINOR,11.0,26.0,PAVED,TwoWay,PAVED,4,50,NO ACCESS,Y,2002.0,303.13455673453
UNION ST,01-Non intersection,02-Thru lane,03-Snow,"08-Dark, artificial",MIDBLOCK,Tuesday,February,0,UNION ST,3,ROAD,MINOR,12.0,24.0,PAVED,TwoWay,PAVED,4,50,NO ACCESS,Y,2002.0,90.33179658604507
UNION ST,01-Non intersection,02-Thru lane,03-Snow,"08-Dark, artificial",MIDBLOCK,Tuesday,February,0,UNION ST,3,ROAD,MINOR,11.0,26.0,PAVED,TwoWay,PAVED,4,50,NO ACCESS,Y,2002.0,95.5475865374648
UNION ST,01-Non intersection,02-Thru lane,03-Snow,"08-Dark, artificial",MIDBLOCK,Tuesday,February,0,UNION ST,2,ROAD,MINOR,10.0,20.0,PAVED,TwoWay,PAVED,3,50,NO ACCESS,Y,1947.0,74.41349507310571
UNION ST,01-Non intersection,02-Thru lane,03-Snow,"08-Dark, artificial",MIDBLOCK,Tuesday,February,0,UNION ST,3,ROAD,MINOR,11.0,26.0,PAVED,TwoWay,PAVED,4,50,NO ACCESS,N,2002.0,51.12534945954221
UNION ST,01-Non intersection,02-Thru lane,03-Snow,"08-Dark, artificial",MIDBLOCK,Tuesday,February,0,UNION ST,2,ROAD,MINOR,9.0,23.0,PAVED,TwoWay,PAVED,4,50,NO ACCESS,N,1861.0,532.522119536286
UNION ST,01-Non intersection,02-Thru lane,03-Snow,"08-Dark, artificial",MIDBLOCK,Tuesday,February,0,UNION ST,3,ROAD,MINOR,11.0,23.0,PAVED,TwoWay,PAVED,4,50,NO ACCESS,Y,2002.0,102.737015772976
UNION ST,01-Non intersection,12-Off highway,02-Rain,07-Dark,MIDBLOCK,Tuesday,December,0,UNION ST,2,ROAD,MINOR,11.0,20.0,PAVED,TwoWay,PAVED,4,50,NO ACCESS,Y,1931.0,8.983400000259278
UNION ST,01-Non intersection,12-Off highway,02-Rain,07-Dark,MIDBLOCK,Tuesday,December,0,UNION ST,3,ROAD,MINOR,12.0,23.0,PAVED,TwoWay,PAVED,4,50,NO ACCESS,Y,2002.0,141.676718265196
UNION ST,01-Non intersection,12-Off highway,02-Rain,07-Dark,MIDBLOCK,Tuesday,December,0,UNION ST,2,ROAD,MINOR,10.0,20.0,PAVED,TwoWay,PAVED,3,50,NO ACCESS,N,1947.0,183.25118465629902
UNION ST,01-Non intersection,12-Off highway,02-Rain,07-Dark,MIDBLOCK,Tuesday,December,0,UNION ST,2,ROAD,MINOR,9.0,20.0,PAVED,TwoWay,PAVED,3,50,NO ACCESS,Y,1947.0,105.274799967347
UNION ST,01-Non intersection,12-Off highway,02-Rain,07-Dark,MIDBLOCK,Tuesday,December,0,UNION ST,3,ROAD,MINOR,11.0,26.0,PAVED,TwoWay,PAVED,4,50,NO ACCESS,N,2002.0,87.7628229249922
UNION ST,01-Non intersection,12-Off highway,02-Rain,07-Dark,MIDBLOCK,Tuesday,December,0,UNION ST,3,ROAD,MINOR,11.0,26.0,PAVED,TwoWay,PAVED,4,50,NO ACCESS,Y,2002.0,303.13455673453
UNION ST,01-Non intersection,12-Off highway,02-Rain,07-Dark,MIDBLOCK,Tuesday,December,0,UNION ST,3,ROAD,MINOR,12.0,24.0,PAVED,TwoWay,PAVED,4,50,NO ACCESS,Y,2002.0,90.33179658604507
UNION ST,01-Non intersection,12-Off highway,02-Rain,07-Dark,MIDBLOCK,Tuesday,December,0,UNION ST,3,ROAD,MINOR,11.0,26.0,PAVED,TwoWay,PAVED,4,50,NO ACCESS,Y,2002.0,95.5475865374648
UNION ST,01-Non intersection,12-Off highway,02-Rain,07-Dark,MIDBLOCK,Tuesday,December,0,UNION ST,2,ROAD,MINOR,10.0,20.0,PAVED,TwoWay,PAVED,3,50,NO ACCESS,Y,1947.0,74.41349507310571
UNION ST,01-Non intersection,12-Off highway,02-Rain,07-Dark,MIDBLOCK,Tuesday,December,0,UNION ST,3,ROAD,MINOR,11.0,26.0,PAVED,TwoWay,PAVED,4,50,NO ACCESS,N,2002.0,51.12534945954221
UNION ST,01-Non intersection,12-Off highway,02-Rain,07-Dark,MIDBLOCK,Tuesday,December,0,UNION ST,2,ROAD,MINOR,9.0,23.0,PAVED,TwoWay,PAVED,4,50,NO ACCESS,N,1861.0,532.522119536286
UNION ST,01-Non intersection,12-Off highway,02-Rain,07-Dark,MIDBLOCK,Tuesday,December,0,UNION ST,3,ROAD,MINOR,11.0,23.0,PAVED,TwoWay,PAVED,4,50,NO ACCESS,Y,2002.0,102.737015772976
UNION ST,01-Non intersection,02-Thru lane,03-Snow,07-Dark,MIDBLOCK,Monday,November,0,UNION ST,2,ROAD,MINOR,11.0,20.0,PAVED,TwoWay,PAVED,4,50,NO ACCESS,Y,1931.0,8.983400000259278
UNION ST,01-Non intersection,02-Thru lane,03-Snow,07-Dark,MIDBLOCK,Monday,November,0,UNION ST,3,ROAD,MINOR,12.0,23.0,PAVED,TwoWay,PAVED,4,50,NO ACCESS,Y,2002.0,141.676718265196
UNION ST,01-Non intersection,02-Thru lane,03-Snow,07-Dark,MIDBLOCK,Monday,November,0,UNION ST,2,ROAD,MINOR,10.0,20.0,PAVED,TwoWay,PAVED,3,50,NO ACCESS,N,1947.0,183.25118465629902
UNION ST,01-Non intersection,02-Thru lane,03-Snow,07-Dark,MIDBLOCK,Monday,November,0,UNION ST,2,ROAD,MINOR,9.0,20.0,PAVED,TwoWay,PAVED,3,50,NO ACCESS,Y,1947.0,105.274799967347
UNION ST,01-Non intersection,02-Thru lane,03-Snow,07-Dark,MIDBLOCK,Monday,November,0,UNION ST,3,ROAD,MINOR,11.0,26.0,PAVED,TwoWay,PAVED,4,50,NO ACCESS,N,2002.0,87.7628229249922
UNION ST,01-Non intersection,02-Thru lane,03-Snow,07-Dark,MIDBLOCK,Monday,November,0,UNION ST,3,ROAD,MINOR,11.0,26.0,PAVED,TwoWay,PAVED,4,50,NO ACCESS,Y,2002.0,303.13455673453
UNION ST,01-Non intersection,02-Thru lane,03-Snow,07-Dark,MIDBLOCK,Monday,November,0,UNION ST,3,ROAD,MINOR,12.0,24.0,PAVED,TwoWay,PAVED,4,50,NO ACCESS,Y,2002.0,90.33179658604507
UNION ST,01-Non intersection,02-Thru lane,03-Snow,07-Dark,MIDBLOCK,Monday,November,0,UNION ST,3,ROAD,MINOR,11.0,26.0,PAVED,TwoWay,PAVED,4,50,NO ACCESS,Y,2002.0,95.5475865374648
UNION ST,01-Non intersection,02-Thru lane,03-Snow,07-Dark,MIDBLOCK,Monday,November,0,UNION ST,2,ROAD,MINOR,10.0,20.0,PAVED,TwoWay,PAVED,3,50,NO ACCESS,Y,1947.0,74.41349507310571
UNION ST,01-Non intersection,02-Thru lane,03-Snow,07-Dark,MIDBLOCK,Monday,November,0,UNION ST,3,ROAD,MINOR,11.0,26.0,PAVED,TwoWay,PAVED,4,50,NO ACCESS,N,2002.0,51.12534945954221
UNION ST,01-Non intersection,02-Thru lane,03-Snow,07-Dark,MIDBLOCK,Monday,November,0,UNION ST,2,ROAD,MINOR,9.0,23.0,PAVED,TwoWay,PAVED,4,50,NO ACCESS,N,1861.0,532.522119536286
UNION ST,01-Non intersection,02-Thru lane,03-Snow,07-Dark,MIDBLOCK,Monday,November,0,UNION ST,3,ROAD,MINOR,11.0,23.0,PAVED,TwoWay,PAVED,4,50,NO ACCESS,Y,2002.0,102.737015772976
UNION ST,01-Non intersection,11-Not on roadway - right side,03-Snow,01-Daylight,MIDBLOCK,Tuesday,January,0,UNION ST,2,ROAD,MINOR,11.0,20.0,PAVED,TwoWay,PAVED,4,50,NO ACCESS,Y,1931.0,8.983400000259278
UNION ST,01-Non intersection,11-Not on roadway - right side,03-Snow,01-Daylight,MIDBLOCK,Tuesday,January,0,UNION ST,3,ROAD,MINOR,12.0,23.0,PAVED,TwoWay,PAVED,4,50,NO ACCESS,Y,2002.0,141.676718265196
UNION ST,01-Non intersection,11-Not on roadway - right side,03-Snow,01-Daylight,MIDBLOCK,Tuesday,January,0,UNION ST,2,ROAD,MINOR,10.0,20.0,PAVED,TwoWay,PAVED,3,50,NO ACCESS,N,1947.0,183.25118465629902
UNION ST,01-Non intersection,11-Not on roadway - right side,03-Snow,01-Daylight,MIDBLOCK,Tuesday,January,0,UNION ST,2,ROAD,MINOR,9.0,20.0,PAVED,TwoWay,PAVED,3,50,NO ACCESS,Y,1947.0,105.274799967347
UNION ST,01-Non intersection,11-Not on roadway - right side,03-Snow,01-Daylight,MIDBLOCK,Tuesday,January,0,UNION ST,3,ROAD,MINOR,11.0,26.0,PAVED,TwoWay,PAVED,4,50,NO ACCESS,N,2002.0,87.7628229249922
UNION ST,01-Non intersection,11-Not on roadway - right side,03-Snow,01-Daylight,MIDBLOCK,Tuesday,January,0,UNION ST,3,ROAD,MINOR,11.0,26.0,PAVED,TwoWay,PAVED,4,50,NO ACCESS,Y,2002.0,303.13455673453
UNION ST,01-Non intersection,11-Not on roadway - right side,03-Snow,01-Daylight,MIDBLOCK,Tuesday,January,0,UNION ST,3,ROAD,MINOR,12.0,24.0,PAVED,TwoWay,PAVED,4,50,NO ACCESS,Y,2002.0,90.33179658604507
UNION ST,01-Non intersection,11-Not on roadway - right side,03-Snow,01-Daylight,MIDBLOCK,Tuesday,January,0,UNION ST,3,ROAD,MINOR,11.0,26.0,PAVED,TwoWay,PAVED,4,50,NO ACCESS,Y,2002.0,95.5475865374648
UNION ST,01-Non intersection,11-Not on roadway - right side,03-Snow,01-Daylight,MIDBLOCK,Tuesday,January,0,UNION ST,2,ROAD,MINOR,10.0,20.0,PAVED,TwoWay,PAVED,3,50,NO ACCESS,Y,1947.0,74.41349507310571
UNION ST,01-Non intersection,11-Not on roadway - right side,03-Snow,01-Daylight,MIDBLOCK,Tuesday,January,0,UNION ST,3,ROAD,MINOR,11.0,26.0,PAVED,TwoWay,PAVED,4,50,NO ACCESS,N,2002.0,51.12534945954221
UNION ST,01-Non intersection,11-Not on roadway - right side,03-Snow,01-Daylight,MIDBLOCK,Tuesday,January,0,UNION ST,2,ROAD,MINOR,9.0,23.0,PAVED,TwoWay,PAVED,4,50,NO ACCESS,N,1861.0,532.522119536286
UNION ST,01-Non intersection,11-Not on roadway - right side,03-Snow,01-Daylight,MIDBLOCK,Tuesday,January,0,UNION ST,3,ROAD,MINOR,11.0,23.0,PAVED,TwoWay,PAVED,4,50,NO ACCESS,Y,2002.0,102.737015772976
UNION ST,01-Non intersection,12-Off highway,03-Snow,01-Daylight,MIDBLOCK,Sunday,December,1,UNION ST,2,ROAD,MINOR,11.0,20.0,PAVED,TwoWay,PAVED,4,50,NO ACCESS,Y,1931.0,8.983400000259278
UNION ST,01-Non intersection,12-Off highway,03-Snow,01-Daylight,MIDBLOCK,Sunday,December,1,UNION ST,3,ROAD,MINOR,12.0,23.0,PAVED,TwoWay,PAVED,4,50,NO ACCESS,Y,2002.0,141.676718265196
UNION ST,01-Non intersection,12-Off highway,03-Snow,01-Daylight,MIDBLOCK,Sunday,December,1,UNION ST,2,ROAD,MINOR,10.0,20.0,PAVED,TwoWay,PAVED,3,50,NO ACCESS,N,1947.0,183.25118465629902
UNION ST,01-Non intersection,12-Off highway,03-Snow,01-Daylight,MIDBLOCK,Sunday,December,1,UNION ST,2,ROAD,MINOR,9.0,20.0,PAVED,TwoWay,PAVED,3,50,NO ACCESS,Y,1947.0,105.274799967347
UNION ST,01-Non intersection,12-Off highway,03-Snow,01-Daylight,MIDBLOCK,Sunday,December,1,UNION ST,3,ROAD,MINOR,11.0,26.0,PAVED,TwoWay,PAVED,4,50,NO ACCESS,N,2002.0,87.7628229249922
UNION ST,01-Non intersection,12-Off highway,03-Snow,01-Daylight,MIDBLOCK,Sunday,December,1,UNION ST,3,ROAD,MINOR,11.0,26.0,PAVED,TwoWay,PAVED,4,50,NO ACCESS,Y,2002.0,303.13455673453
UNION ST,01-Non intersection,12-Off highway,03-Snow,01-Daylight,MIDBLOCK,Sunday,December,1,UNION ST,3,ROAD,MINOR,12.0,24.0,PAVED,TwoWay,PAVED,4,50,NO ACCESS,Y,2002.0,90.33179658604507
UNION ST,01-Non intersection,12-Off highway,03-Snow,01-Daylight,MIDBLOCK,Sunday,December,1,UNION ST,3,ROAD,MINOR,11.0,26.0,PAVED,TwoWay,PAVED,4,50,NO ACCESS,Y,2002.0,95.5475865374648
UNION ST,01-Non intersection,12-Off highway,03-Snow,01-Daylight,MIDBLOCK,Sunday,December,1,UNION ST,2,ROAD,MINOR,10.0,20.0,PAVED,TwoWay,PAVED,3,50,NO ACCESS,Y,1947.0,74.41349507310571
UNION ST,01-Non intersection,12-Off highway,03-Snow,01-Daylight,MIDBLOCK,Sunday,December,1,UNION ST,3,ROAD,MINOR,11.0,26.0,PAVED,TwoWay,PAVED,4,50,NO ACCESS,N,2002.0,51.12534945954221
UNION ST,01-Non intersection,12-Off highway,03-Snow,01-Daylight,MIDBLOCK,Sunday,December,1,UNION ST,2,ROAD,MINOR,9.0,23.0,PAVED,TwoWay,PAVED,4,50,NO ACCESS,N,1861.0,532.522119536286
UNION ST,01-Non intersection,12-Off highway,03-Snow,01-Daylight,MIDBLOCK,Sunday,December,1,UNION ST,3,ROAD,MINOR,11.0,23.0,PAVED,TwoWay,PAVED,4,50,NO ACCESS,Y,2002.0,102.737015772976
UNION ST,01-Non intersection,02-Thru lane,01-Clear,01-Daylight,MIDBLOCK,Wednesday,February,0,UNION ST,2,ROAD,MINOR,11.0,20.0,PAVED,TwoWay,PAVED,4,50,NO ACCESS,Y,1931.0,8.983400000259278
UNION ST,01-Non intersection,02-Thru lane,01-Clear,01-Daylight,MIDBLOCK,Wednesday,February,0,UNION ST,3,ROAD,MINOR,12.0,23.0,PAVED,TwoWay,PAVED,4,50,NO ACCESS,Y,2002.0,141.676718265196
UNION ST,01-Non intersection,02-Thru lane,01-Clear,01-Daylight,MIDBLOCK,Wednesday,February,0,UNION ST,2,ROAD,MINOR,10.0,20.0,PAVED,TwoWay,PAVED,3,50,NO ACCESS,N,1947.0,183.25118465629902
UNION ST,01-Non intersection,02-Thru lane,01-Clear,01-Daylight,MIDBLOCK,Wednesday,February,0,UNION ST,2,ROAD,MINOR,9.0,20.0,PAVED,TwoWay,PAVED,3,50,NO ACCESS,Y,1947.0,105.274799967347
UNION ST,01-Non intersection,02-Thru lane,01-Clear,01-Daylight,MIDBLOCK,Wednesday,February,0,UNION ST,3,ROAD,MINOR,11.0,26.0,PAVED,TwoWay,PAVED,4,50,NO ACCESS,N,2002.0,87.7628229249922
UNION ST,01-Non intersection,02-Thru lane,01-Clear,01-Daylight,MIDBLOCK,Wednesday,February,0,UNION ST,3,ROAD,MINOR,11.0,26.0,PAVED,TwoWay,PAVED,4,50,NO ACCESS,Y,2002.0,303.13455673453
UNION ST,01-Non intersection,02-Thru lane,01-Clear,01-Daylight,MIDBLOCK,Wednesday,February,0,UNION ST,3,ROAD,MINOR,12.0,24.0,PAVED,TwoWay,PAVED,4,50,NO ACCESS,Y,2002.0,90.33179658604507
UNION ST,01-Non intersection,02-Thru lane,01-Clear,01-Daylight,MIDBLOCK,Wednesday,February,0,UNION ST,3,ROAD,MINOR,11.0,26.0,PAVED,TwoWay,PAVED,4,50,NO ACCESS,Y,2002.0,95.5475865374648
UNION ST,01-Non intersection,02-Thru lane,01-Clear,01-Daylight,MIDBLOCK,Wednesday,February,0,UNION ST,2,ROAD,MINOR,10.0,20.0,PAVED,TwoWay,PAVED,3,50,NO ACCESS,Y,1947.0,74.41349507310571
UNION ST,01-Non intersection,02-Thru lane,01-Clear,01-Daylight,MIDBLOCK,Wednesday,February,0,UNION ST,3,ROAD,MINOR,11.0,26.0,PAVED,TwoWay,PAVED,4,50,NO ACCESS,N,2002.0,51.12534945954221
UNION ST,01-Non intersection,02-Thru lane,01-Clear,01-Daylight,MIDBLOCK,Wednesday,February,0,UNION ST,2,ROAD,MINOR,9.0,23.0,PAVED,TwoWay,PAVED,4,50,NO ACCESS,N,1861.0,532.522119536286
UNION ST,01-Non intersection,02-Thru lane,01-Clear,01-Daylight,MIDBLOCK,Wednesday,February,0,UNION ST,3,ROAD,MINOR,11.0,23.0,PAVED,TwoWay,PAVED,4,50,NO ACCESS,Y,2002.0,102.737015772976
UNION ST,01-Non intersection,02-Thru lane,04-Freezing Rain,07-Dark,MIDBLOCK,Thursday,December,0,UNION ST,2,ROAD,MINOR,11.0,20.0,PAVED,TwoWay,PAVED,4,50,NO ACCESS,Y,1931.0,8.983400000259278
UNION ST,01-Non intersection,02-Thru lane,04-Freezing Rain,07-Dark,MIDBLOCK,Thursday,December,0,UNION ST,3,ROAD,MINOR,12.0,23.0,PAVED,TwoWay,PAVED,4,50,NO ACCESS,Y,2002.0,141.676718265196
UNION ST,01-Non intersection,02-Thru lane,04-Freezing Rain,07-Dark,MIDBLOCK,Thursday,December,0,UNION ST,2,ROAD,MINOR,10.0,20.0,PAVED,TwoWay,PAVED,3,50,NO ACCESS,N,1947.0,183.25118465629902
UNION ST,01-Non intersection,02-Thru lane,04-Freezing Rain,07-Dark,MIDBLOCK,Thursday,December,0,UNION ST,2,ROAD,MINOR,9.0,20.0,PAVED,TwoWay,PAVED,3,50,NO ACCESS,Y,1947.0,105.274799967347
UNION ST,01-Non intersection,02-Thru lane,04-Freezing Rain,07-Dark,MIDBLOCK,Thursday,December,0,UNION ST,3,ROAD,MINOR,11.0,26.0,PAVED,TwoWay,PAVED,4,50,NO ACCESS,N,2002.0,87.7628229249922
UNION ST,01-Non intersection,02-Thru lane,04-Freezing Rain,07-Dark,MIDBLOCK,Thursday,December,0,UNION ST,3,ROAD,MINOR,11.0,26.0,PAVED,TwoWay,PAVED,4,50,NO ACCESS,Y,2002.0,303.13455673453
UNION ST,01-Non intersection,02-Thru lane,04-Freezing Rain,07-Dark,MIDBLOCK,Thursday,December,0,UNION ST,3,ROAD,MINOR,12.0,24.0,PAVED,TwoWay,PAVED,4,50,NO ACCESS,Y,2002.0,90.33179658604507
UNION ST,01-Non intersection,02-Thru lane,04-Freezing Rain,07-Dark,MIDBLOCK,Thursday,December,0,UNION ST,3,ROAD,MINOR,11.0,26.0,PAVED,TwoWay,PAVED,4,50,NO ACCESS,Y,2002.0,95.5475865374648
UNION ST,01-Non intersection,02-Thru lane,04-Freezing Rain,07-Dark,MIDBLOCK,Thursday,December,0,UNION ST,2,ROAD,MINOR,10.0,20.0,PAVED,TwoWay,PAVED,3,50,NO ACCESS,Y,1947.0,74.41349507310571
UNION ST,01-Non intersection,02-Thru lane,04-Freezing Rain,07-Dark,MIDBLOCK,Thursday,December,0,UNION ST,3,ROAD,MINOR,11.0,26.0,PAVED,TwoWay,PAVED,4,50,NO ACCESS,N,2002.0,51.12534945954221
UNION ST,01-Non intersection,02-Thru lane,04-Freezing Rain,07-Dark,MIDBLOCK,Thursday,December,0,UNION ST,2,ROAD,MINOR,9.0,23.0,PAVED,TwoWay,PAVED,4,50,NO ACCESS,N,1861.0,532.522119536286
UNION ST,01-Non intersection,02-Thru lane,04-Freezing Rain,07-Dark,MIDBLOCK,Thursday,December,0,UNION ST,3,ROAD,MINOR,11.0,23.0,PAVED,TwoWay,PAVED,4,50,NO ACCESS,Y,2002.0,102.737015772976
UNION ST,04-At/near private drive,02-Thru lane,01-Clear,01-Daylight,MIDBLOCK,Monday,October,0,UNION ST,2,ROAD,MINOR,11.0,20.0,PAVED,TwoWay,PAVED,4,50,NO ACCESS,Y,1931.0,8.983400000259278
UNION ST,04-At/near private drive,02-Thru lane,01-Clear,01-Daylight,MIDBLOCK,Monday,October,0,UNION ST,3,ROAD,MINOR,12.0,23.0,PAVED,TwoWay,PAVED,4,50,NO ACCESS,Y,2002.0,141.676718265196
UNION ST,04-At/near private drive,02-Thru lane,01-Clear,01-Daylight,MIDBLOCK,Monday,October,0,UNION ST,2,ROAD,MINOR,10.0,20.0,PAVED,TwoWay,PAVED,3,50,NO ACCESS,N,1947.0,183.25118465629902
UNION ST,04-At/near private drive,02-Thru lane,01-Clear,01-Daylight,MIDBLOCK,Monday,October,0,UNION ST,2,ROAD,MINOR,9.0,20.0,PAVED,TwoWay,PAVED,3,50,NO ACCESS,Y,1947.0,105.274799967347
UNION ST,04-At/near private drive,02-Thru lane,01-Clear,01-Daylight,MIDBLOCK,Monday,October,0,UNION ST,3,ROAD,MINOR,11.0,26.0,PAVED,TwoWay,PAVED,4,50,NO ACCESS,N,2002.0,87.7628229249922
UNION ST,04-At/near private drive,02-Thru lane,01-Clear,01-Daylight,MIDBLOCK,Monday,October,0,UNION ST,3,ROAD,MINOR,11.0,26.0,PAVED,TwoWay,PAVED,4,50,NO ACCESS,Y,2002.0,303.13455673453
UNION ST,04-At/near private drive,02-Thru lane,01-Clear,01-Daylight,MIDBLOCK,Monday,October,0,UNION ST,3,ROAD,MINOR,12.0,24.0,PAVED,TwoWay,PAVED,4,50,NO ACCESS,Y,2002.0,90.33179658604507
UNION ST,04-At/near private drive,02-Thru lane,01-Clear,01-Daylight,MIDBLOCK,Monday,October,0,UNION ST,3,ROAD,MINOR,11.0,26.0,PAVED,TwoWay,PAVED,4,50,NO ACCESS,Y,2002.0,95.5475865374648
UNION ST,04-At/near private drive,02-Thru lane,01-Clear,01-Daylight,MIDBLOCK,Monday,October,0,UNION ST,2,ROAD,MINOR,10.0,20.0,PAVED,TwoWay,PAVED,3,50,NO ACCESS,Y,1947.0,74.41349507310571
UNION ST,04-At/near private drive,02-Thru lane,01-Clear,01-Daylight,MIDBLOCK,Monday,October,0,UNION ST,3,ROAD,MINOR,11.0,26.0,PAVED,TwoWay,PAVED,4,50,NO ACCESS,N,2002.0,51.12534945954221
UNION ST,04-At/near private drive,02-Thru lane,01-Clear,01-Daylight,MIDBLOCK,Monday,October,0,UNION ST,2,ROAD,MINOR,9.0,23.0,PAVED,TwoWay,PAVED,4,50,NO ACCESS,N,1861.0,532.522119536286
UNION ST,04-At/near private drive,02-Thru lane,01-Clear,01-Daylight,MIDBLOCK,Monday,October,0,UNION ST,3,ROAD,MINOR,11.0,23.0,PAVED,TwoWay,PAVED,4,50,NO ACCESS,Y,2002.0,102.737015772976
UNION ST,04-At/near private drive,02-Thru lane,03-Snow,"08-Dark, artificial",MIDBLOCK,Friday,December,0,UNION ST,2,ROAD,MINOR,11.0,20.0,PAVED,TwoWay,PAVED,4,50,NO ACCESS,Y,1931.0,8.983400000259278
UNION ST,04-At/near private drive,02-Thru lane,03-Snow,"08-Dark, artificial",MIDBLOCK,Friday,December,0,UNION ST,3,ROAD,MINOR,12.0,23.0,PAVED,TwoWay,PAVED,4,50,NO ACCESS,Y,2002.0,141.676718265196
UNION ST,04-At/near private drive,02-Thru lane,03-Snow,"08-Dark, artificial",MIDBLOCK,Friday,December,0,UNION ST,2,ROAD,MINOR,10.0,20.0,PAVED,TwoWay,PAVED,3,50,NO ACCESS,N,1947.0,183.25118465629902
UNION ST,04-At/near private drive,02-Thru lane,03-Snow,"08-Dark, artificial",MIDBLOCK,Friday,December,0,UNION ST,2,ROAD,MINOR,9.0,20.0,PAVED,TwoWay,PAVED,3,50,NO ACCESS,Y,1947.0,105.274799967347
UNION ST,04-At/near private drive,02-Thru lane,03-Snow,"08-Dark, artificial",MIDBLOCK,Friday,December,0,UNION ST,3,ROAD,MINOR,11.0,26.0,PAVED,TwoWay,PAVED,4,50,NO ACCESS,N,2002.0,87.7628229249922
UNION ST,04-At/near private drive,02-Thru lane,03-Snow,"08-Dark, artificial",MIDBLOCK,Friday,December,0,UNION ST,3,ROAD,MINOR,11.0,26.0,PAVED,TwoWay,PAVED,4,50,NO ACCESS,Y,2002.0,303.13455673453
UNION ST,04-At/near private drive,02-Thru lane,03-Snow,"08-Dark, artificial",MIDBLOCK,Friday,December,0,UNION ST,3,ROAD,MINOR,12.0,24.0,PAVED,TwoWay,PAVED,4,50,NO ACCESS,Y,2002.0,90.33179658604507
UNION ST,04-At/near private drive,02-Thru lane,03-Snow,"08-Dark, artificial",MIDBLOCK,Friday,December,0,UNION ST,3,ROAD,MINOR,11.0,26.0,PAVED,TwoWay,PAVED,4,50,NO ACCESS,Y,2002.0,95.5475865374648
UNION ST,04-At/near private drive,02-Thru lane,03-Snow,"08-Dark, artificial",MIDBLOCK,Friday,December,0,UNION ST,2,ROAD,MINOR,10.0,20.0,PAVED,TwoWay,PAVED,3,50,NO ACCESS,Y,1947.0,74.41349507310571
UNION ST,04-At/near private drive,02-Thru lane,03-Snow,"08-Dark, artificial",MIDBLOCK,Friday,December,0,UNION ST,3,ROAD,MINOR,11.0,26.0,PAVED,TwoWay,PAVED,4,50,NO ACCESS,N,2002.0,51.12534945954221
UNION ST,04-At/near private drive,02-Thru lane,03-Snow,"08-Dark, artificial",MIDBLOCK,Friday,December,0,UNION ST,2,ROAD,MINOR,9.0,23.0,PAVED,TwoWay,PAVED,4,50,NO ACCESS,N,1861.0,532.522119536286
UNION ST,04-At/near private drive,02-Thru lane,03-Snow,"08-Dark, artificial",MIDBLOCK,Friday,December,0,UNION ST,3,ROAD,MINOR,11.0,23.0,PAVED,TwoWay,PAVED,4,50,NO ACCESS,Y,2002.0,102.737015772976
UNION ST,01-Non intersection,02-Thru lane,02-Rain,"06-Dusk, artificial",MIDBLOCK,Tuesday,January,0,UNION ST,2,ROAD,MINOR,11.0,20.0,PAVED,TwoWay,PAVED,4,50,NO ACCESS,Y,1931.0,8.983400000259278
UNION ST,01-Non intersection,02-Thru lane,02-Rain,"06-Dusk, artificial",MIDBLOCK,Tuesday,January,0,UNION ST,3,ROAD,MINOR,12.0,23.0,PAVED,TwoWay,PAVED,4,50,NO ACCESS,Y,2002.0,141.676718265196
UNION ST,01-Non intersection,02-Thru lane,02-Rain,"06-Dusk, artificial",MIDBLOCK,Tuesday,January,0,UNION ST,2,ROAD,MINOR,10.0,20.0,PAVED,TwoWay,PAVED,3,50,NO ACCESS,N,1947.0,183.25118465629902
UNION ST,01-Non intersection,02-Thru lane,02-Rain,"06-Dusk, artificial",MIDBLOCK,Tuesday,January,0,UNION ST,2,ROAD,MINOR,9.0,20.0,PAVED,TwoWay,PAVED,3,50,NO ACCESS,Y,1947.0,105.274799967347
UNION ST,01-Non intersection,02-Thru lane,02-Rain,"06-Dusk, artificial",MIDBLOCK,Tuesday,January,0,UNION ST,3,ROAD,MINOR,11.0,26.0,PAVED,TwoWay,PAVED,4,50,NO ACCESS,N,2002.0,87.7628229249922