LOCATION,ACCIDENT_LOCATION,IMPACT_LOCATION,ENVIRONMENT_CONDITION,LIGHT,COLLISION_TYPE,DAY_OF_WEEK,MONTH,IS_WEEKEND,STREET,LANES,CATEGORY,SUBCATEGORY,PAVEMENT_WIDTH,ROW_WIDTH,SHOULDER,FLOW_DIRECTION,SURFACE_LAYER_TYPE,OFFICIAL_ROAD_CLASSIFICATION,SPEED_LIMIT_KM,TRUCK_ACCESS,BUS_ROUTE,SERVICE_YEAR,Shape__Length
UNION ST,01-Non intersection,02-Thru lane,02-Rain,"06-Dusk, artificial",MIDBLOCK,Tuesday,January,0,UNION ST,3,ROAD,MINOR,11.0,26.0,PAVED,TwoWay,PAVED,4,50,NO ACCESS,Y,2002.0,303.13455673453
UNION ST,01-Non intersection,02-Thru lane,02-Rain,"06-Dusk, artificial",MIDBLOCK,Tuesday,January,0,UNION ST,3,ROAD,MINOR,12.0,24.0,PAVED,TwoWay,PAVED,4,50,NO ACCESS,Y,2002.0,90.33179658604507
UNION ST,01-Non intersection,02-Thru lane,02-Rain,"06-Dusk, artificial",MIDBLOCK,Tuesday,January,0,UNION ST,3,ROAD,MINOR,11.0,26.0,PAVED,TwoWay,PAVED,4,50,NO ACCESS,Y,2002.0,95.5475865374648
UNION ST,01-Non intersection,02-Thru lane,02-Rain,"06-Dusk, artificial",MIDBLOCK,Tuesday,January,0,UNION ST,2,ROAD,MINOR,10.0,20.0,PAVED,TwoWay,PAVED,3,50,NO ACCESS,Y,1947.0,74.41349507310571
UNION ST,01-Non intersection,02-Thru lane,02-Rain,"06-Dusk, artificial",MIDBLOCK,Tuesday,January,0,UNION ST,3,ROAD,MINOR,11.0,26.0,PAVED,TwoWay,PAVED,4,50,NO ACCESS,N,2002.0,51.12534945954221
UNION ST,01-Non intersection,02-Thru lane,02-Rain,"06-Dusk, artificial",MIDBLOCK,Tuesday,January,0,UNION ST,2,ROAD,MINOR,9.0,23.0,PAVED,TwoWay,PAVED,4,50,NO ACCESS,N,1861.0,532.522119536286
UNION ST,01-Non intersection,02-Thru lane,02-Rain,"06-Dusk, artificial",MIDBLOCK,Tuesday,January,0,UNION ST,3,ROAD,MINOR,11.0,23.0,PAVED,TwoWay,PAVED,4,50,NO ACCESS,Y,2002.0,102.737015772976
BINGEMANS CENTRE DR,04-At/near private drive,02-Thru lane,01-Clear,01-Daylight,MIDBLOCK,Sunday,May,1,BINGEMANS CENTRE DR,4,ROAD,MAJOR,20.0,30.0,PAVED,TwoWay,PAVED,6,50,24HR,N,1983.0,960.7029094591901
BINGEMANS CENTRE DR,04-At/near private drive,02-Thru lane,01-Clear,01-Daylight,MIDBLOCK,Sunday,May,1,BINGEMANS CENTRE DR,2,ROAD,MAJOR,25.0,30.0,PAVED,TwoWay,PAVED,6,50,24HR,N,1983.0,216.757895871533
BINGEMANS CENTRE DR,04-At/near private drive,02-Thru lane,01-Clear,01-Daylight,MIDBLOCK,Friday,November,0,BINGEMANS CENTRE DR,4,ROAD,MAJOR,20.0,30.0,PAVED,TwoWay,PAVED,6,50,24HR,N,1983.0,960.7029094591901
BINGEMANS CENTRE DR,04-At/near private drive,02-Thru lane,01-Clear,01-Daylight,MIDBLOCK,Friday,November,0,BINGEMANS CENTRE DR,2,ROAD,MAJOR,25.0,30.0,PAVED,TwoWay,PAVED,6,50,24HR,N,1983.0,216.757895871533
BINGEMANS CENTRE DR,01-Non intersection,02-Thru lane,01-Clear,07-Dark,MIDBLOCK,Wednesday,July,0,BINGEMANS CENTRE DR,4,ROAD,MAJOR,20.0,30.0,PAVED,TwoWay,PAVED,6,50,24HR,N,1983.0,960.7029094591901
BINGEMANS CENTRE DR,01-Non intersection,02-Thru lane,01-Clear,07-Dark,MIDBLOCK,Wednesday,July,0,BINGEMANS CENTRE DR,2,ROAD,MAJOR,25.0,30.0,PAVED,TwoWay,PAVED,6,50,24HR,N,1983.0,216.757895871533
BINGEMANS CENTRE DR,04-At/near private drive,02-Thru lane,01-Clear,01-Daylight,MIDBLOCK,Thursday,August,0,BINGEMANS CENTRE DR,4,ROAD,MAJOR,20.0,30.0,PAVED,TwoWay,PAVED,6,50,24HR,N,1983.0,960.7029094591901
BINGEMANS CENTRE DR,04-At/near private drive,02-Thru lane,01-Clear,01-Daylight,MIDBLOCK,Thursday,August,0,BINGEMANS CENTRE DR,2,ROAD,MAJOR,25.0,30.0,PAVED,TwoWay,PAVED,6,50,24HR,N,1983.0,216.757895871533
BINGEMANS CENTRE DR,01-Non intersection,02-Thru lane,01-Clear,01-Daylight,MIDBLOCK,Saturday,July,1,BINGEMANS CENTRE DR,4,ROAD,MAJOR,20.0,30.0,PAVED,TwoWay,PAVED,6,50,24HR,N,1983.0,960.7029094591901
BINGEMANS CENTRE DR,01-Non intersection,02-Thru lane,01-Clear,01-Daylight,MIDBLOCK,Saturday,July,1,BINGEMANS CENTRE DR,2,ROAD,MAJOR,25.0,30.0,PAVED,TwoWay,PAVED,6,50,24HR,N,1983.0,216.757895871533
BINGEMANS CENTRE DR,05-At railway crossing,02-Thru lane,05-Drifting Snow,01-Daylight,MIDBLOCK,Friday,November,0,BINGEMANS CENTRE DR,4,ROAD,MAJOR,20.0,30.0,PAVED,TwoWay,PAVED,6,50,24HR,N,1983.0,960.7029094591901
BINGEMANS CENTRE DR,05-At railway crossing,02-Thru lane,05-Drifting Snow,01-Daylight,MIDBLOCK,Friday,November,0,BINGEMANS CENTRE DR,2,ROAD,MAJOR,25.0,30.0,PAVED,TwoWay,PAVED,6,50,24HR,N,1983.0,216.757895871533
BINGEMANS CENTRE DR,01-Non intersection,02-Thru lane,05-Drifting Snow,01-Daylight,MIDBLOCK,Monday,December,0,BINGEMANS CENTRE DR,4,ROAD,MAJOR,20.0,30.0,PAVED,TwoWay,PAVED,6,50,24HR,N,1983.0,960.7029094591901
BINGEMANS CENTRE DR,01-Non intersection,02-Thru lane,05-Drifting Snow,01-Daylight,MIDBLOCK,Monday,December,0,BINGEMANS CENTRE DR,2,ROAD,MAJOR,25.0,30.0,PAVED,TwoWay,PAVED,6,50,24HR,N,1983.0,216.757895871533
BINGEMANS CENTRE DR,05-At railway crossing,02-Thru lane,03-Snow,01-Daylight,MIDBLOCK,Saturday,February,1,BINGEMANS CENTRE DR,4,ROAD,MAJOR,20.0,30.0,PAVED,TwoWay,PAVED,6,50,24HR,N,1983.0,960.7029094591901
BINGEMANS CENTRE DR,05-At railway crossing,02-Thru lane,03-Snow,01-Daylight,MIDBLOCK,Saturday,February,1,BINGEMANS CENTRE DR,2,ROAD,MAJOR,25.0,30.0,PAVED,TwoWay,PAVED,6,50,24HR,N,1983.0,216.757895871533
BINGEMANS CENTRE DR,04-At/near private drive,02-Thru lane,01-Clear,01-Daylight,MIDBLOCK,Saturday,January,1,BINGEMANS CENTRE DR,4,ROAD,MAJOR,20.0,30.0,PAVED,TwoWay,PAVED,6,50,24HR,N,1983.0,960.7029094591901
BINGEMANS CENTRE DR,04-At/near private drive,02-Thru lane,01-Clear,01-Daylight,MIDBLOCK,Saturday,January,1,BINGEMANS CENTRE DR,2,ROAD,MAJOR,25.0,30.0,PAVED,TwoWay,PAVED,6,50,24HR,N,1983.0,216.757895871533
BINGEMANS CENTRE DR,04-At/near private drive,11-Not on roadway - right side,01-Clear,07-Dark,MIDBLOCK,Saturday,October,1,BINGEMANS CENTRE DR,4,ROAD,MAJOR,20.0,30.0,PAVED,TwoWay,PAVED,6,50,24HR,N,1983.0,960.7029094591901
BINGEMANS CENTRE DR,04-At/near private drive,11-Not on roadway - right side,01-Clear,07-Dark,MIDBLOCK,Saturday,October,1,BINGEMANS CENTRE DR,2,ROAD,MAJOR,25.0,30.0,PAVED,TwoWay,PAVED,6,50,24HR,N,1983.0,216.757895871533
BINGEMANS CENTRE DR,04-At/near private drive,02-Thru lane,01-Clear,01-Daylight,MIDBLOCK,Thursday,June,0,BINGEMANS CENTRE DR,4,ROAD,MAJOR,20.0,30.0,PAVED,TwoWay,PAVED,6,50,24HR,N,1983.0,960.7029094591901
BINGEMANS CENTRE DR,04-At/near private drive,02-Thru lane,01-Clear,01-Daylight,MIDBLOCK,Thursday,June,0,BINGEMANS CENTRE DR,2,ROAD,MAJOR,25.0,30.0,PAVED,TwoWay,PAVED,6,50,24HR,N,1983.0,216.757895871533
BINGEMANS CENTRE DR,01-Non intersection,02-Thru lane,01-Clear,01-Daylight,MIDBLOCK,Tuesday,October,0,BINGEMANS CENTRE DR,4,ROAD,MAJOR,20.0,30.0,PAVED,TwoWay,PAVED,6,50,24HR,N,1983.0,960.7029094591901
BINGEMANS CENTRE DR,01-Non intersection,02-Thru lane,01-Clear,01-Daylight,MIDBLOCK,Tuesday,October,0,BINGEMANS CENTRE DR,2,ROAD,MAJOR,25.0,30.0,PAVED,TwoWay,PAVED,6,50,24HR,N,1983.0,216.757895871533
BINGEMANS CENTRE DR,01-Non intersection,10-Not on roadway - left side,01-Clear,"06-Dusk, artificial",MIDBLOCK,Tuesday,January,0,BINGEMANS CENTRE DR,4,ROAD,MAJOR,20.0,30.0,PAVED,TwoWay,PAVED,6,50,24HR,N,1983.0,960.7029094591901
BINGEMANS CENTRE DR,01-Non intersection,10-Not on roadway - left side,01-Clear,"06-Dusk, artificial",MIDBLOCK,Tuesday,January,0,BINGEMANS CENTRE DR,2,ROAD,MAJOR,25.0,30.0,PAVED,TwoWay,PAVED,6,50,24HR,N,1983.0,216.757895871533
BINGEMANS CENTRE DR,04-At/near private drive,02-Thru lane,01-Clear,05-Dusk,MIDBLOCK,Thursday,November,0,BINGEMANS CENTRE DR,4,ROAD,MAJOR,20.0,30.0,PAVED,TwoWay,PAVED,6,50,24HR,N,1983.0,960.7029094591901
BINGEMANS CENTRE DR,04-At/near private drive,02-Thru lane,01-Clear,05-Dusk,MIDBLOCK,Thursday,November,0,BINGEMANS CENTRE DR,2,ROAD,MAJOR,25.0,30.0,PAVED,TwoWay,PAVED,6,50,24HR,N,1983.0,216.757895871533
BINGEMANS CENTRE DR,04-At/near private drive,02-Thru lane,01-Clear,07-Dark,MIDBLOCK,Tuesday,February,0,BINGEMANS CENTRE DR,4,ROAD,MAJOR,20.0,30.0,PAVED,TwoWay,PAVED,6,50,24HR,N,1983.0,960.7029094591901
BINGEMANS CENTRE DR,04-At/near private drive,02-Thru lane,01-Clear,07-Dark,MIDBLOCK,Tuesday,February,0,BINGEMANS CENTRE DR,2,ROAD,MAJOR,25.0,30.0,PAVED,TwoWay,PAVED,6,50,24HR,N,1983.0,216.757895871533
BINGEMANS CENTRE DR,99-Other,12-Off highway,02-Rain,01-Daylight,MIDBLOCK,Saturday,October,1,BINGEMANS CENTRE DR,4,ROAD,MAJOR,20.0,30.0,PAVED,TwoWay,PAVED,6,50,24HR,N,1983.0,960.7029094591901
BINGEMANS CENTRE DR,99-Other,12-Off highway,02-Rain,01-Daylight,MIDBLOCK,Saturday,October,1,BINGEMANS CENTRE DR,2,ROAD,MAJOR,25.0,30.0,PAVED,TwoWay,PAVED,6,50,24HR,N,1983.0,216.757895871533
BINGEMANS CENTRE DR,01-Non intersection,11-Not on roadway - right side,01-Clear,"08-Dark, artificial",MIDBLOCK,Friday,September,0,BINGEMANS CENTRE DR,4,ROAD,MAJOR,20.0,30.0,PAVED,TwoWay,PAVED,6,50,24HR,N,1983.0,960.7029094591901
BINGEMANS CENTRE DR,01-Non intersection,11-Not on roadway - right side,01-Clear,"08-Dark, artificial",MIDBLOCK,Friday,September,0,BINGEMANS CENTRE DR,2,ROAD,MAJOR,25.0,30.0,PAVED,TwoWay,PAVED,6,50,24HR,N,1983.0,216.757895871533
BINGEMANS CENTRE DR,04-At/near private drive,02-Thru lane,01-Clear,01-Daylight,MIDBLOCK,Friday,June,0,BINGEMANS CENTRE DR,4,ROAD,MAJOR,20.0,30.0,PAVED,TwoWay,PAVED,6,50,24HR,N,1983.0,960.7029094591901
BINGEMANS CENTRE DR,04-At/near private drive,02-Thru lane,01-Clear,01-Daylight,MIDBLOCK,Friday,June,0,BINGEMANS CENTRE DR,2,ROAD,MAJOR,25.0,30.0,PAVED,TwoWay,PAVED,6,50,24HR,N,1983.0,216.757895871533
BINGEMANS CENTRE DR,01-Non intersection,11-Not on roadway - right side,01-Clear,01-Daylight,MIDBLOCK,Tuesday,April,0,BINGEMANS CENTRE DR,4,ROAD,MAJOR,20.0,30.0,PAVED,TwoWay,PAVED,6,50,24HR,N,1983.0,960.7029094591901
BINGEMANS CENTRE DR,01-Non intersection,11-Not on roadway - right side,01-Clear,01-Daylight,MIDBLOCK,Tuesday,April,0,BINGEMANS CENTRE DR,2,ROAD,MAJOR,25.0,30.0,PAVED,TwoWay,PAVED,6,50,24HR,N,1983.0,216.757895871533
BINGEMANS CENTRE DR,01-Non intersection,02-Thru lane,03-Snow,05-Dusk,MIDBLOCK,Monday,March,0,BINGEMANS CENTRE DR,4,ROAD,MAJOR,20.0,30.0,PAVED,TwoWay,PAVED,6,50,24HR,N,1983.0,960.7029094591901
BINGEMANS CENTRE DR,01-Non intersection,02-Thru lane,03-Snow,05-Dusk,MIDBLOCK,Monday,March,0,BINGEMANS CENTRE DR,2,ROAD,MAJOR,25.0,30.0,PAVED,TwoWay,PAVED,6,50,24HR,N,1983.0,216.757895871533
BINGEMANS CENTRE DR,01-Non intersection,12-Off highway,01-Clear,"08-Dark, artificial",MIDBLOCK,Saturday,June,1,BINGEMANS CENTRE DR,4,ROAD,MAJOR,20.0,30.0,PAVED,TwoWay,PAVED,6,50,24HR,N,1983.0,960.7029094591901
BINGEMANS CENTRE DR,01-Non intersection,12-Off highway,01-Clear,"08-Dark, artificial",MIDBLOCK,Saturday,June,1,BINGEMANS CENTRE DR,2,ROAD,MAJOR,25.0,30.0,PAVED,TwoWay,PAVED,6,50,24HR,N,1983.0,216.757895871533
BINGEMANS CENTRE DR,01-Non intersection,02-Thru lane,01-Clear,01-Daylight,MIDBLOCK,Tuesday,January,0,BINGEMANS CENTRE DR,4,ROAD,MAJOR,20.0,30.0,PAVED,TwoWay,PAVED,6,50,24HR,N,1983.0,960.7029094591901
BINGEMANS CENTRE DR,01-Non intersection,02-Thru lane,01-Clear,01-Daylight,MIDBLOCK,Tuesday,January,0,BINGEMANS CENTRE DR,2,ROAD,MAJOR,25.0,30.0,PAVED,TwoWay,PAVED,6,50,24HR,N,1983.0,216.757895871533
BINGEMANS CENTRE DR,04-At/near private drive,02-Thru lane,01-Clear,01-Daylight,MIDBLOCK,Thursday,November,0,BINGEMANS CENTRE DR,4,ROAD,MAJOR,20.0,30.0,PAVED,TwoWay,PAVED,6,50,24HR,N,1983.0,960.7029094591901
BINGEMANS CENTRE DR,04-At/near private drive,02-Thru lane,01-Clear,01-Daylight,MIDBLOCK,Thursday,November,0,BINGEMANS CENTRE DR,2,ROAD,MAJOR,25.0,30.0,PAVED,TwoWay,PAVED,6,50,24HR,N,1983.0,216.757895871533
MOOREGATE CRES,04-At/near private drive,02-Thru lane,01-Clear,01-Daylight,MIDBLOCK,Tuesday,April,0,MOOREGATE CRES,2,ROAD,LOCAL,9.0,20.0,PAVED,TwoWay,PAVED,6,50,NO ACCESS,N,2001.0,595.249897860669
MOOREGATE CRES,04-At/near private drive,02-Thru lane,01-Clear,01-Daylight,MIDBLOCK,Thursday,November,0,MOOREGATE CRES,2,ROAD,LOCAL,9.0,20.0,PAVED,TwoWay,PAVED,6,50,NO ACCESS,N,2001.0,595.249897860669
MOOREGATE CRES,01-Non intersection,12-Off highway,03-Snow,"08-Dark, artificial",MIDBLOCK,Friday,November,0,MOOREGATE CRES,2,ROAD,LOCAL,9.0,20.0,PAVED,TwoWay,PAVED,6,50,NO ACCESS,N,2001.0,595.249897860669
MOOREGATE CRES,01-Non intersection,02-Thru lane,01-Clear,01-Daylight,MIDBLOCK,Friday,August,0,MOOREGATE CRES,2,ROAD,LOCAL,9.0,20.0,PAVED,TwoWay,PAVED,6,50,NO ACCESS,N,2001.0,595.249897860669
MOOREGATE CRES,01-Non intersection,02-Thru lane,01-Clear,"08-Dark, artificial",MIDBLOCK,Friday,July,0,MOOREGATE CRES,2,ROAD,LOCAL,9.0,20.0,PAVED,TwoWay,PAVED,6,50,NO ACCESS,N,2001.0,595.249897860669
MOOREGATE CRES,04-At/near private drive,02-Thru lane,01-Clear,"08-Dark, artificial",MIDBLOCK,Monday,April,0,MOOREGATE CRES,2,ROAD,LOCAL,9.0,20.0,PAVED,TwoWay,PAVED,6,50,NO ACCESS,N,2001.0,595.249897860669
MOOREGATE CRES,01-Non intersection,02-Thru lane,01-Clear,"08-Dark, artificial",MIDBLOCK,Monday,January,0,MOOREGATE CRES,2,ROAD,LOCAL,9.0,20.0,PAVED,TwoWay,PAVED,6,50,NO ACCESS,N,2001.0,595.249897860669
MOOREGATE CRES,01-Non intersection,11-Not on roadway - right side,01-Clear,01-Daylight,MIDBLOCK,Thursday,July,0,MOOREGATE CRES,2,ROAD,LOCAL,9.0,20.0,PAVED,TwoWay,PAVED,6,50,NO ACCESS,N,2001.0,595.249897860669
MOOREGATE CRES,01-Non intersection,02-Thru lane,01-Clear,01-Daylight,MIDBLOCK,Saturday,March,1,MOOREGATE CRES,2,ROAD,LOCAL,9.0,20.0,PAVED,TwoWay,PAVED,6,50,NO ACCESS,N,2001.0,595.249897860669
MOOREGATE CRES,01-Non intersection,02-Thru lane,01-Clear,01-Daylight,MIDBLOCK,Saturday,June,1,MOOREGATE CRES,2,ROAD,LOCAL,9.0,20.0,PAVED,TwoWay,PAVED,6,50,NO ACCESS,N,2001.0,595.249897860669
MOOREGATE CRES,04-At/near private drive,02-Thru lane,01-Clear,07-Dark,MIDBLOCK,Tuesday,April,0,MOOREGATE CRES,2,ROAD,LOCAL,9.0,20.0,PAVED,TwoWay,PAVED,6,50,NO ACCESS,N,2001.0,595.249897860669
MOOREGATE CRES,04-At/near private drive,02-Thru lane,01-Clear,01-Daylight,MIDBLOCK,Friday,July,0,MOOREGATE CRES,2,ROAD,LOCAL,9.0,20.0,PAVED,TwoWay,PAVED,6,50,NO ACCESS,N,2001.0,595.249897860669
MOOREGATE CRES,01-Non intersection,09-Right shoulder,02-Rain,01-Daylight,MIDBLOCK,Friday,April,0,MOOREGATE CRES,2,ROAD,LOCAL,9.0,20.0,PAVED,TwoWay,PAVED,6,50,NO ACCESS,N,2001.0,595.249897860669
MOOREGATE CRES,01-Non intersection,02-Thru lane,01-Clear,"08-Dark, artificial",MIDBLOCK,Monday,December,0,MOOREGATE CRES,2,ROAD,LOCAL,9.0,20.0,PAVED,TwoWay,PAVED,6,50,NO ACCESS,N,2001.0,595.249897860669
MOOREGATE CRES,01-Non intersection,02-Thru lane,01-Clear,01-Daylight,MIDBLOCK,Sunday,August,1,MOOREGATE CRES,2,ROAD,LOCAL,9.0,20.0,PAVED,TwoWay,PAVED,6,50,NO ACCESS,N,2001.0,595.249897860669
MOOREGATE CRES,01-Non intersection,02-Thru lane,01-Clear,01-Daylight,MIDBLOCK,Thursday,April,0,MOOREGATE CRES,2,ROAD,LOCAL,9.0,20.0,PAVED,TwoWay,PAVED,6,50,NO ACCESS,N,2001.0,595.249897860669
MOOREGATE CRES,01-Non intersection,02-Thru lane,01-Clear,"08-Dark, artificial",MIDBLOCK,Friday,September,0,MOOREGATE CRES,2,ROAD,LOCAL,9.0,20.0,PAVED,TwoWay,PAVED,6,50,NO ACCESS,N,2001.0,595.249897860669
MOOREGATE CRES,04-At/near private drive,02-Thru lane,01-Clear,01-Daylight,MIDBLOCK,Saturday,August,1,MOOREGATE CRES,2,ROAD,LOCAL,9.0,20.0,PAVED,TwoWay,PAVED,6,50,NO ACCESS,N,2001.0,595.249897860669
MOOREGATE CRES,04-At/near private drive,02-Thru lane,01-Clear,01-Daylight,MIDBLOCK,Monday,March,0,MOOREGATE CRES,2,ROAD,LOCAL,9.0,20.0,PAVED,TwoWay,PAVED,6,50,NO ACCESS,N,2001.0,595.249897860669
MOOREGATE CRES,01-Non intersection,02-Thru lane,03-Snow,01-Daylight,MIDBLOCK,Friday,November,0,MOOREGATE CRES,2,ROAD,LOCAL,9.0,20.0,PAVED,TwoWay,PAVED,6,50,NO ACCESS,N,2001.0,595.249897860669
MOOREGATE CRES,01-Non intersection,02-Thru lane,01-Clear,"08-Dark, artificial",MIDBLOCK,Wednesday,April,0,MOOREGATE CRES,2,ROAD,LOCAL,9.0,20.0,PAVED,TwoWay,PAVED,6,50,NO ACCESS,N,2001.0,595.249897860669
MOOREGATE CRES,04-At/near private drive,02-Thru lane,01-Clear,01-Daylight,MIDBLOCK,Tuesday,December,0,MOOREGATE CRES,2,ROAD,LOCAL,9.0,20.0,PAVED,TwoWay,PAVED,6,50,NO ACCESS,N,2001.0,595.249897860669
PINNACLE DR,04-At/near private drive,11-Not on roadway - right side,01-Clear,"08-Dark, artificial",MIDBLOCK,Sunday,February,1,PINNACLE DR,2,ROAD,MINOR,9.0,21.0,PAVED,TwoWay,PAVED,4,50,NO ACCESS,Y,2004.0,311.160256602954
PINNACLE DR,04-At/near private drive,11-Not on roadway - right side,01-Clear,"08-Dark, artificial",MIDBLOCK,Sunday,February,1,PINNACLE DR,2,ROAD,LOCAL,9.0,23.0,PAVED,TwoWay,PAVED,6,50,NO ACCESS,N,1822.0,290.3972507186
PINNACLE DR,04-At/near private drive,11-Not on roadway - right side,01-Clear,"08-Dark, artificial",MIDBLOCK,Sunday,February,1,PINNACLE DR,2,ROAD,MINOR,10.0,21.0,PAVED,TwoWay,PAVED,3,50,NO ACCESS,N,2004.0,240.78843641085092
PINNACLE DR,04-At/near private drive,11-Not on roadway - right side,01-Clear,"08-Dark, artificial",MIDBLOCK,Sunday,February,1,PINNACLE DR,2,ROAD,LOCAL,8.0,10.0,PAVED,TwoWay,PAVED,6,50,NO ACCESS,N,1961.0,752.010860003723
PINNACLE DR,04-At/near private drive,11-Not on roadway - right side,01-Clear,"08-Dark, artificial",MIDBLOCK,Sunday,February,1,PINNACLE DR,2,ROAD,MINOR,10.0,20.0,PAVED,TwoWay,PAVED,4,50,NO ACCESS,Y,2004.0,138.399501141489
PINNACLE DR,01-Non intersection,11-Not on roadway - right side,01-Clear,01-Daylight,MIDBLOCK,Friday,March,0,PINNACLE DR,2,ROAD,MINOR,9.0,21.0,PAVED,TwoWay,PAVED,4,50,NO ACCESS,Y,2004.0,311.160256602954
PINNACLE DR,01-Non intersection,11-Not on roadway - right side,01-Clear,01-Daylight,MIDBLOCK,Friday,March,0,PINNACLE DR,2,ROAD,LOCAL,9.0,23.0,PAVED,TwoWay,PAVED,6,50,NO ACCESS,N,1822.0,290.3972507186
PINNACLE DR,01-Non intersection,11-Not on roadway - right side,01-Clear,01-Daylight,MIDBLOCK,Friday,March,0,PINNACLE DR,2,ROAD,MINOR,10.0,21.0,PAVED,TwoWay,PAVED,3,50,NO ACCESS,N,2004.0,240.78843641085092
PINNACLE DR,01-Non intersection,11-Not on roadway - right side,01-Clear,01-Daylight,MIDBLOCK,Friday,March,0,PINNACLE DR,2,ROAD,LOCAL,8.0,10.0,PAVED,TwoWay,PAVED,6,50,NO ACCESS,N,1961.0,752.010860003723
PINNACLE DR,01-Non intersection,11-Not on roadway - right side,01-Clear,01-Daylight,MIDBLOCK,Friday,March,0,PINNACLE DR,2,ROAD,MINOR,10.0,20.0,PAVED,TwoWay,PAVED,4,50,NO ACCESS,Y,2004.0,138.399501141489
PINNACLE DR,01-Non intersection,11-Not on roadway - right side,01-Clear,"08-Dark, artificial",MIDBLOCK,Friday,February,0,PINNACLE DR,2,ROAD,MINOR,9.0,21.0,PAVED,TwoWay,PAVED,4,50,NO ACCESS,Y,2004.0,311.160256602954
PINNACLE DR,01-Non intersection,11-Not on roadway - right side,01-Clear,"08-Dark, artificial",MIDBLOCK,Friday,February,0,PINNACLE DR,2,ROAD,LOCAL,9.0,23.0,PAVED,TwoWay,PAVED,6,50,NO ACCESS,N,1822.0,290.3972507186
PINNACLE DR,01-Non intersection,11-Not on roadway - right side,01-Clear,"08-Dark, artificial",MIDBLOCK,Friday,February,0,PINNACLE DR,2,ROAD,MINOR,10.0,21.0,PAVED,TwoWay,PAVED,3,50,NO ACCESS,N,2004.0,240.78843641085092
PINNACLE DR,01-Non intersection,11-Not on roadway - right side,01-Clear,"08-Dark, artificial",MIDBLOCK,Friday,February,0,PINNACLE DR,2,ROAD,LOCAL,8.0,10.0,PAVED,TwoWay,PAVED,6,50,NO ACCESS,N,1961.0,752.010860003723
PINNACLE DR,01-Non intersection,11-Not on roadway - right side,01-Clear,"08-Dark, artificial",MIDBLOCK,Friday,February,0,PINNACLE DR,2,ROAD,MINOR,10.0,20.0,PAVED,TwoWay,PAVED,4,50,NO ACCESS,Y,2004.0,138.399501141489
PINNACLE DR,01-Non intersection,10-Not on roadway - left side,02-Rain,07-Dark,MIDBLOCK,Monday,May,0,PINNACLE DR,2,ROAD,MINOR,9.0,21.0,PAVED,TwoWay,PAVED,4,50,NO ACCESS,Y,2004.0,311.160256602954
PINNACLE DR,01-Non intersection,10-Not on roadway - left side,02-Rain,07-Dark,MIDBLOCK,Monday,May,0,PINNACLE DR,2,ROAD,LOCAL,9.0,23.0,PAVED,TwoWay,PAVED,6,50,NO ACCESS,N,1822.0,290.3972507186
PINNACLE DR,01-Non intersection,10-Not on roadway - left side,02-Rain,07-Dark,MIDBLOCK,Monday,May,0,PINNACLE DR,2,ROAD,MINOR,10.0,21.0,PAVED,TwoWay,PAVED,3,50,NO ACCESS,N,2004.0,240.78843641085092
PINNACLE DR,01-Non intersection,10-Not on roadway - left side,02-Rain,07-Dark,MIDBLOCK,Monday,May,0,PINNACLE DR,2,ROAD,LOCAL,8.0,10.0,PAVED,TwoWay,PAVED,6,50,NO ACCESS,N,1961.0,752.010860003723
PINNACLE DR,01-Non intersection,10-Not on roadway - left side,02-Rain,07-Dark,MIDBLOCK,Monday,May,0,PINNACLE DR,2,ROAD,MINOR,10.0,20.0,PAVED,TwoWay,PAVED,4,50,NO ACCESS,Y,2004.0,138.399501141489
PINNACLE DR,04-At/near private drive,02-Thru lane,01-Clear,"08-Dark, artificial",MIDBLOCK,Sunday,June,1,PINNACLE DR,2,ROAD,MINOR,9.0,21.0,PAVED,TwoWay,PAVED,4,50,NO ACCESS,Y,2004.0,311.160256602954
PINNACLE DR,04-At/near private drive,02-Thru lane,01-Clear,"08-Dark, artificial",MIDBLOCK,Sunday,June,1,PINNACLE DR,2,ROAD,LOCAL,9.0,23.0,PAVED,TwoWay,PAVED,6,50,NO ACCESS,N,1822.0,290.3972507186
PINNACLE DR,04-At/near private drive,02-Thru lane,01-Clear,"08-Dark, artificial",MIDBLOCK,Sunday,June,1,PINNACLE DR,2,ROAD,MINOR,10.0,21.0,PAVED,TwoWay,PAVED,3,50,NO ACCESS,N,2004.0,240.78843641085092
PINNACLE DR,04-At/near private drive,02-Thru lane,01-Clear,"08-Dark, artificial",MIDBLOCK,Sunday,June,1,PINNACLE DR,2,ROAD,LOCAL,8.0,10.0,PAVED,TwoWay,PAVED,6,50,NO ACCESS,N,1961.0,752.010860003723
PINNACLE DR,04-At/near private drive,02-Thru lane,01-Clear,"08-Dark, artificial",MIDBLOCK,Sunday,June,1,PINNACLE DR,2,ROAD,MINOR,10.0,20.0,PAVED,TwoWay,PAVED,4,50,NO ACCESS,Y,2004.0,138.399501141489