LOCATION,ACCIDENT_LOCATION,IMPACT_LOCATION,ENVIRONMENT_CONDITION,LIGHT,COLLISION_TYPE,DAY_OF_WEEK,MONTH,IS_WEEKEND,STREET,LANES,CATEGORY,SUBCATEGORY,PAVEMENT_WIDTH,ROW_WIDTH,SHOULDER,FLOW_DIRECTION,SURFACE_LAYER_TYPE,OFFICIAL_ROAD_CLASSIFICATION,SPEED_LIMIT_KM,TRUCK_ACCESS,BUS_ROUTE,SERVICE_YEAR,Shape__Length
PINNACLE DR,04-At/near private drive,12-Off highway,01-Clear,"08-Dark, artificial",MIDBLOCK,Friday,March,0,PINNACLE DR,2,ROAD,MINOR,9.0,21.0,PAVED,TwoWay,PAVED,4,50,NO ACCESS,Y,2004.0,311.160256602954
PINNACLE DR,04-At/near private drive,12-Off highway,01-Clear,"08-Dark, artificial",MIDBLOCK,Friday,March,0,PINNACLE DR,2,ROAD,LOCAL,9.0,23.0,PAVED,TwoWay,PAVED,6,50,NO ACCESS,N,1822.0,290.3972507186
PINNACLE DR,04-At/near private drive,12-Off highway,01-Clear,"08-Dark, artificial",MIDBLOCK,Friday,March,0,PINNACLE DR,2,ROAD,MINOR,10.0,21.0,PAVED,TwoWay,PAVED,3,50,NO ACCESS,N,2004.0,240.78843641085092
PINNACLE DR,04-At/near private drive,12-Off highway,01-Clear,"08-Dark, artificial",MIDBLOCK,Friday,March,0,PINNACLE DR,2,ROAD,LOCAL,8.0,10.0,PAVED,TwoWay,PAVED,6,50,NO ACCESS,N,1961.0,752.010860003723
PINNACLE DR,04-At/near private drive,12-Off highway,01-Clear,"08-Dark, artificial",MIDBLOCK,Friday,March,0,PINNACLE DR,2,ROAD,MINOR,10.0,20.0,PAVED,TwoWay,PAVED,4,50,NO ACCESS,Y,2004.0,138.399501141489
PINNACLE DR,04-At/near private drive,12-Off highway,01-Clear,07-Dark,MIDBLOCK,Monday,November,0,PINNACLE DR,2,ROAD,MINOR,9.0,21.0,PAVED,TwoWay,PAVED,4,50,NO ACCESS,Y,2004.0,311.160256602954
PINNACLE DR,04-At/near private drive,12-Off highway,01-Clear,07-Dark,MIDBLOCK,Monday,November,0,PINNACLE DR,2,ROAD,LOCAL,9.0,23.0,PAVED,TwoWay,PAVED,6,50,NO ACCESS,N,1822.0,290.3972507186
PINNACLE DR,04-At/near private drive,12-Off highway,01-Clear,07-Dark,MIDBLOCK,Monday,November,0,PINNACLE DR,2,ROAD,MINOR,10.0,21.0,PAVED,TwoWay,PAVED,3,50,NO ACCESS,N,2004.0,240.78843641085092
PINNACLE DR,04-At/near private drive,12-Off highway,01-Clear,07-Dark,MIDBLOCK,Monday,November,0,PINNACLE DR,2,ROAD,LOCAL,8.0,10.0,PAVED,TwoWay,PAVED,6,50,NO ACCESS,N,1961.0,752.010860003723
PINNACLE DR,04-At/near private drive,12-Off highway,01-Clear,07-Dark,MIDBLOCK,Monday,November,0,PINNACLE DR,2,ROAD,MINOR,10.0,20.0,PAVED,TwoWay,PAVED,4,50,NO ACCESS,Y,2004.0,138.399501141489
PINNACLE DR,04-At/near private drive,11-Not on roadway - right side,01-Clear,"04-Dawn, artificial",MIDBLOCK,Sunday,June,1,PINNACLE DR,2,ROAD,MINOR,9.0,21.0,PAVED,TwoWay,PAVED,4,50,NO ACCESS,Y,2004.0,311.160256602954
PINNACLE DR,04-At/near private drive,11-Not on roadway - right side,01-Clear,"04-Dawn, artificial",MIDBLOCK,Sunday,June,1,PINNACLE DR,2,ROAD,LOCAL,9.0,23.0,PAVED,TwoWay,PAVED,6,50,NO ACCESS,N,1822.0,290.3972507186
PINNACLE DR,04-At/near private drive,11-Not on roadway - right side,01-Clear,"04-Dawn, artificial",MIDBLOCK,Sunday,June,1,PINNACLE DR,2,ROAD,MINOR,10.0,21.0,PAVED,TwoWay,PAVED,3,50,NO ACCESS,N,2004.0,240.78843641085092
PINNACLE DR,04-At/near private drive,11-Not on roadway - right side,01-Clear,"04-Dawn, artificial",MIDBLOCK,Sunday,June,1,PINNACLE DR,2,ROAD,LOCAL,8.0,10.0,PAVED,TwoWay,PAVED,6,50,NO ACCESS,N,1961.0,752.010860003723
PINNACLE DR,04-At/near private drive,11-Not on roadway - right side,01-Clear,"04-Dawn, artificial",MIDBLOCK,Sunday,June,1,PINNACLE DR,2,ROAD,MINOR,10.0,20.0,PAVED,TwoWay,PAVED,4,50,NO ACCESS,Y,2004.0,138.399501141489
PINNACLE DR,01-Non intersection,02-Thru lane,01-Clear,"08-Dark, artificial",MIDBLOCK,Wednesday,March,0,PINNACLE DR,2,ROAD,MINOR,9.0,21.0,PAVED,TwoWay,PAVED,4,50,NO ACCESS,Y,2004.0,311.160256602954
PINNACLE DR,01-Non intersection,02-Thru lane,01-Clear,"08-Dark, artificial",MIDBLOCK,Wednesday,March,0,PINNACLE DR,2,ROAD,LOCAL,9.0,23.0,PAVED,TwoWay,PAVED,6,50,NO ACCESS,N,1822.0,290.3972507186
PINNACLE DR,01-Non intersection,02-Thru lane,01-Clear,"08-Dark, artificial",MIDBLOCK,Wednesday,March,0,PINNACLE DR,2,ROAD,MINOR,10.0,21.0,PAVED,TwoWay,PAVED,3,50,NO ACCESS,N,2004.0,240.78843641085092
PINNACLE DR,01-Non intersection,02-Thru lane,01-Clear,"08-Dark, artificial",MIDBLOCK,Wednesday,March,0,PINNACLE DR,2,ROAD,LOCAL,8.0,10.0,PAVED,TwoWay,PAVED,6,50,NO ACCESS,N,1961.0,752.010860003723
PINNACLE DR,01-Non intersection,02-Thru lane,01-Clear,"08-Dark, artificial",MIDBLOCK,Wednesday,March,0,PINNACLE DR,2,ROAD,MINOR,10.0,20.0,PAVED,TwoWay,PAVED,4,50,NO ACCESS,Y,2004.0,138.399501141489
PINNACLE DR,04-At/near private drive,02-Thru lane,01-Clear,01-Daylight,MIDBLOCK,Wednesday,December,0,PINNACLE DR,2,ROAD,MINOR,9.0,21.0,PAVED,TwoWay,PAVED,4,50,NO ACCESS,Y,2004.0,311.160256602954
PINNACLE DR,04-At/near private drive,02-Thru lane,01-Clear,01-Daylight,MIDBLOCK,Wednesday,December,0,PINNACLE DR,2,ROAD,LOCAL,9.0,23.0,PAVED,TwoWay,PAVED,6,50,NO ACCESS,N,1822.0,290.3972507186
PINNACLE DR,04-At/near private drive,02-Thru lane,01-Clear,01-Daylight,MIDBLOCK,Wednesday,December,0,PINNACLE DR,2,ROAD,MINOR,10.0,21.0,PAVED,TwoWay,PAVED,3,50,NO ACCESS,N,2004.0,240.78843641085092
PINNACLE DR,04-At/near private drive,02-Thru lane,01-Clear,01-Daylight,MIDBLOCK,Wednesday,December,0,PINNACLE DR,2,ROAD,LOCAL,8.0,10.0,PAVED,TwoWay,PAVED,6,50,NO ACCESS,N,1961.0,752.010860003723
PINNACLE DR,04-At/near private drive,02-Thru lane,01-Clear,01-Daylight,MIDBLOCK,Wednesday,December,0,PINNACLE DR,2,ROAD,MINOR,10.0,20.0,PAVED,TwoWay,PAVED,4,50,NO ACCESS,Y,2004.0,138.399501141489
PINNACLE DR,01-Non intersection,09-Right shoulder,01-Clear,01-Daylight,MIDBLOCK,Wednesday,October,0,PINNACLE DR,2,ROAD,MINOR,9.0,21.0,PAVED,TwoWay,PAVED,4,50,NO ACCESS,Y,2004.0,311.160256602954
PINNACLE DR,01-Non intersection,09-Right shoulder,01-Clear,01-Daylight,MIDBLOCK,Wednesday,October,0,PINNACLE DR,2,ROAD,LOCAL,9.0,23.0,PAVED,TwoWay,PAVED,6,50,NO ACCESS,N,1822.0,290.3972507186
PINNACLE DR,01-Non intersection,09-Right shoulder,01-Clear,01-Daylight,MIDBLOCK,Wednesday,October,0,PINNACLE DR,2,ROAD,MINOR,10.0,21.0,PAVED,TwoWay,PAVED,3,50,NO ACCESS,N,2004.0,240.78843641085092
PINNACLE DR,01-Non intersection,09-Right shoulder,01-Clear,01-Daylight,MIDBLOCK,Wednesday,October,0,PINNACLE DR,2,ROAD,LOCAL,8.0,10.0,PAVED,TwoWay,PAVED,6,50,NO ACCESS,N,1961.0,752.010860003723
PINNACLE DR,01-Non intersection,09-Right shoulder,01-Clear,01-Daylight,MIDBLOCK,Wednesday,October,0,PINNACLE DR,2,ROAD,MINOR,10.0,20.0,PAVED,TwoWay,PAVED,4,50,NO ACCESS,Y,2004.0,138.399501141489
PINNACLE DR,10-Parking lot,12-Off highway,01-Clear,01-Daylight,MIDBLOCK,Thursday,May,0,PINNACLE DR,2,ROAD,MINOR,9.0,21.0,PAVED,TwoWay,PAVED,4,50,NO ACCESS,Y,2004.0,311.160256602954
PINNACLE DR,10-Parking lot,12-Off highway,01-Clear,01-Daylight,MIDBLOCK,Thursday,May,0,PINNACLE DR,2,ROAD,LOCAL,9.0,23.0,PAVED,TwoWay,PAVED,6,50,NO ACCESS,N,1822.0,290.3972507186
PINNACLE DR,10-Parking lot,12-Off highway,01-Clear,01-Daylight,MIDBLOCK,Thursday,May,0,PINNACLE DR,2,ROAD,MINOR,10.0,21.0,PAVED,TwoWay,PAVED,3,50,NO ACCESS,N,2004.0,240.78843641085092
PINNACLE DR,10-Parking lot,12-Off highway,01-Clear,01-Daylight,MIDBLOCK,Thursday,May,0,PINNACLE DR,2,ROAD,LOCAL,8.0,10.0,PAVED,TwoWay,PAVED,6,50,NO ACCESS,N,1961.0,752.010860003723
PINNACLE DR,10-Parking lot,12-Off highway,01-Clear,01-Daylight,MIDBLOCK,Thursday,May,0,PINNACLE DR,2,ROAD,MINOR,10.0,20.0,PAVED,TwoWay,PAVED,4,50,NO ACCESS,Y,2004.0,138.399501141489
PINNACLE DR,01-Non intersection,02-Thru lane,04-Freezing Rain,03-Dawn,MIDBLOCK,Friday,February,0,PINNACLE DR,2,ROAD,MINOR,9.0,21.0,PAVED,TwoWay,PAVED,4,50,NO ACCESS,Y,2004.0,311.160256602954
PINNACLE DR,01-Non intersection,02-Thru lane,04-Freezing Rain,03-Dawn,MIDBLOCK,Friday,February,0,PINNACLE DR,2,ROAD,LOCAL,9.0,23.0,PAVED,TwoWay,PAVED,6,50,NO ACCESS,N,1822.0,290.3972507186
PINNACLE DR,01-Non intersection,02-Thru lane,04-Freezing Rain,03-Dawn,MIDBLOCK,Friday,February,0,PINNACLE DR,2,ROAD,MINOR,10.0,21.0,PAVED,TwoWay,PAVED,3,50,NO ACCESS,N,2004.0,240.78843641085092
PINNACLE DR,01-Non intersection,02-Thru lane,04-Freezing Rain,03-Dawn,MIDBLOCK,Friday,February,0,PINNACLE DR,2,ROAD,LOCAL,8.0,10.0,PAVED,TwoWay,PAVED,6,50,NO ACCESS,N,1961.0,752.010860003723
PINNACLE DR,01-Non intersection,02-Thru lane,04-Freezing Rain,03-Dawn,MIDBLOCK,Friday,February,0,PINNACLE DR,2,ROAD,MINOR,10.0,20.0,PAVED,TwoWay,PAVED,4,50,NO ACCESS,Y,2004.0,138.399501141489
PINNACLE DR,01-Non intersection,11-Not on roadway - right side,01-Clear,01-Daylight,MIDBLOCK,Sunday,May,1,PINNACLE DR,2,ROAD,MINOR,9.0,21.0,PAVED,TwoWay,PAVED,4,50,NO ACCESS,Y,2004.0,311.160256602954
PINNACLE DR,01-Non intersection,11-Not on roadway - right side,01-Clear,01-Daylight,MIDBLOCK,Sunday,May,1,PINNACLE DR,2,ROAD,LOCAL,9.0,23.0,PAVED,TwoWay,PAVED,6,50,NO ACCESS,N,1822.0,290.3972507186
PINNACLE DR,01-Non intersection,11-Not on roadway - right side,01-Clear,01-Daylight,MIDBLOCK,Sunday,May,1,PINNACLE DR,2,ROAD,MINOR,10.0,21.0,PAVED,TwoWay,PAVED,3,50,NO ACCESS,N,2004.0,240.78843641085092
PINNACLE DR,01-Non intersection,11-Not on roadway - right side,01-Clear,01-Daylight,MIDBLOCK,Sunday,May,1,PINNACLE DR,2,ROAD,LOCAL,8.0,10.0,PAVED,TwoWay,PAVED,6,50,NO ACCESS,N,1961.0,752.010860003723
PINNACLE DR,01-Non intersection,11-Not on roadway - right side,01-Clear,01-Daylight,MIDBLOCK,Sunday,May,1,PINNACLE DR,2,ROAD,MINOR,10.0,20.0,PAVED,TwoWay,PAVED,4,50,NO ACCESS,Y,2004.0,138.399501141489
PINNACLE DR,99-Other,12-Off highway,01-Clear,01-Daylight,MIDBLOCK,Monday,January,0,PINNACLE DR,2,ROAD,MINOR,9.0,21.0,PAVED,TwoWay,PAVED,4,50,NO ACCESS,Y,2004.0,311.160256602954
PINNACLE DR,99-Other,12-Off highway,01-Clear,01-Daylight,MIDBLOCK,Monday,January,0,PINNACLE DR,2,ROAD,LOCAL,9.0,23.0,PAVED,TwoWay,PAVED,6,50,NO ACCESS,N,1822.0,290.3972507186
PINNACLE DR,99-Other,12-Off highway,01-Clear,01-Daylight,MIDBLOCK,Monday,January,0,PINNACLE DR,2,ROAD,MINOR,10.0,21.0,PAVED,TwoWay,PAVED,3,50,NO ACCESS,N,2004.0,240.78843641085092
PINNACLE DR,99-Other,12-Off highway,01-Clear,01-Daylight,MIDBLOCK,Monday,January,0,PINNACLE DR,2,ROAD,LOCAL,8.0,10.0,PAVED,TwoWay,PAVED,6,50,NO ACCESS,N,1961.0,752.010860003723
PINNACLE DR,99-Other,12-Off highway,01-Clear,01-Daylight,MIDBLOCK,Monday,January,0,PINNACLE DR,2,ROAD,MINOR,10.0,20.0,PAVED,TwoWay,PAVED,4,50,NO ACCESS,Y,2004.0,138.399501141489
DOON SOUTH DR,04-At/near private drive,09-Right shoulder,01-Clear,01-Daylight,MIDBLOCK,Sunday,May,1,DOON SOUTH DR,1,ROUNDABOUT,MINOR,10.0,25.0,PAVED,FromTo,PAVED,6,50,NO ACCESS,N,2002.0,19.8144339811378
DOON SOUTH DR,04-At/near private drive,09-Right shoulder,01-Clear,01-Daylight,MIDBLOCK,Sunday,May,1,DOON SOUTH DR,2,ROAD,MINOR,9.0,18.0,PAVED,TwoWay,PAVED,6,50,NO ACCESS,N,2000.0,350.77262575143
DOON SOUTH DR,04-At/near private drive,09-Right shoulder,01-Clear,01-Daylight,MIDBLOCK,Sunday,May,1,DOON SOUTH DR,2,ROAD,MINOR,10.0,26.0,PAVED,TwoWay,PAVED,6,50,NO ACCESS,N,2002.0,132.970771185054
DOON SOUTH DR,04-At/near private drive,09-Right shoulder,01-Clear,01-Daylight,MIDBLOCK,Sunday,May,1,DOON SOUTH DR,2,ROAD,MINOR,10.0,20.0,PAVED,TwoWay,PAVED,6,50,NO ACCESS,N,2000.0,201.751011291983
DOON SOUTH DR,04-At/near private drive,09-Right shoulder,01-Clear,01-Daylight,MIDBLOCK,Sunday,May,1,DOON SOUTH DR,2,ROAD,MINOR,9.0,20.0,PAVED,TwoWay,PAVED,6,50,NO ACCESS,N,2003.0,480.695738179508
DOON SOUTH DR,04-At/near private drive,09-Right shoulder,01-Clear,01-Daylight,MIDBLOCK,Sunday,May,1,DOON SOUTH DR,3,ROAD,MINOR,15.0,30.0,PAVED,TwoWay,PAVED,3,50,NO ACCESS,N,1989.0,176.734786884627
DOON SOUTH DR,04-At/near private drive,09-Right shoulder,01-Clear,01-Daylight,MIDBLOCK,Sunday,May,1,DOON SOUTH DR,1,ROUNDABOUT,MINOR,9.0,16.0,PAVED,FromTo,PAVED,6,50,NO ACCESS,N,2002.0,21.904870193843106
DOON SOUTH DR,04-At/near private drive,09-Right shoulder,01-Clear,01-Daylight,MIDBLOCK,Sunday,May,1,DOON SOUTH DR,1,ROUNDABOUT,MINOR,10.0,26.0,PAVED,FromTo,PAVED,6,50,NO ACCESS,N,2002.0,19.091853183150803
DOON SOUTH DR,04-At/near private drive,09-Right shoulder,01-Clear,01-Daylight,MIDBLOCK,Sunday,May,1,DOON SOUTH DR,1,ROUNDABOUT,MINOR,10.0,25.0,PAVED,FromTo,PAVED,6,50,NO ACCESS,N,2002.0,24.6680236369448
DOON SOUTH DR,04-At/near private drive,09-Right shoulder,01-Clear,01-Daylight,MIDBLOCK,Sunday,May,1,DOON SOUTH DR,2,ROAD,MINOR,10.0,25.0,PAVED,TwoWay,PAVED,6,50,NO ACCESS,N,2002.0,136.883704934019
DOON SOUTH DR,04-At/near private drive,09-Right shoulder,01-Clear,01-Daylight,MIDBLOCK,Sunday,May,1,DOON SOUTH DR,2,ROAD,MINOR,10.0,20.0,PAVED,TwoWay,PAVED,6,50,NO ACCESS,N,2005.0,89.2650180604632
DOON SOUTH DR,04-At/near private drive,09-Right shoulder,01-Clear,01-Daylight,MIDBLOCK,Sunday,May,1,DOON SOUTH DR,2,ROAD,MINOR,10.0,20.0,PAVED,TwoWay,PAVED,6,50,NO ACCESS,N,2005.0,92.87907117581172
DOON SOUTH DR,04-At/near private drive,09-Right shoulder,01-Clear,01-Daylight,MIDBLOCK,Sunday,May,1,DOON SOUTH DR,2,ROAD,MINOR,10.0,20.0,PAVED,TwoWay,PAVED,6,50,NO ACCESS,N,2003.0,106.996941801034
DOON SOUTH DR,04-At/near private drive,09-Right shoulder,01-Clear,01-Daylight,MIDBLOCK,Sunday,May,1,DOON SOUTH DR,2,ROAD,MINOR,10.0,20.0,PAVED,TwoWay,PAVED,6,50,NO ACCESS,N,2004.0,89.7031996093466
DOON SOUTH DR,01-Non intersection,02-Thru lane,01-Clear,01-Daylight,MIDBLOCK,Monday,January,0,DOON SOUTH DR,1,ROUNDABOUT,MINOR,10.0,25.0,PAVED,FromTo,PAVED,6,50,NO ACCESS,N,2002.0,19.8144339811378
DOON SOUTH DR,01-Non intersection,02-Thru lane,01-Clear,01-Daylight,MIDBLOCK,Monday,January,0,DOON SOUTH DR,2,ROAD,MINOR,9.0,18.0,PAVED,TwoWay,PAVED,6,50,NO ACCESS,N,2000.0,350.77262575143
DOON SOUTH DR,01-Non intersection,02-Thru lane,01-Clear,01-Daylight,MIDBLOCK,Monday,January,0,DOON SOUTH DR,2,ROAD,MINOR,10.0,26.0,PAVED,TwoWay,PAVED,6,50,NO ACCESS,N,2002.0,132.970771185054
DOON SOUTH DR,01-Non intersection,02-Thru lane,01-Clear,01-Daylight,MIDBLOCK,Monday,January,0,DOON SOUTH DR,2,ROAD,MINOR,10.0,20.0,PAVED,TwoWay,PAVED,6,50,NO ACCESS,N,2000.0,201.751011291983
DOON SOUTH DR,01-Non intersection,02-Thru lane,01-Clear,01-Daylight,MIDBLOCK,Monday,January,0,DOON SOUTH DR,2,ROAD,MINOR,9.0,20.0,PAVED,TwoWay,PAVED,6,50,NO ACCESS,N,2003.0,480.695738179508
DOON SOUTH DR,01-Non intersection,02-Thru lane,01-Clear,01-Daylight,MIDBLOCK,Monday,January,0,DOON SOUTH DR,3,ROAD,MINOR,15.0,30.0,PAVED,TwoWay,PAVED,3,50,NO ACCESS,N,1989.0,176.734786884627
DOON SOUTH DR,01-Non intersection,02-Thru lane,01-Clear,01-Daylight,MIDBLOCK,Monday,January,0,DOON SOUTH DR,1,ROUNDABOUT,MINOR,9.0,16.0,PAVED,FromTo,PAVED,6,50,NO ACCESS,N,2002.0,21.904870193843106
DOON SOUTH DR,01-Non intersection,02-Thru lane,01-Clear,01-Daylight,MIDBLOCK,Monday,January,0,DOON SOUTH DR,1,ROUNDABOUT,MINOR,10.0,26.0,PAVED,FromTo,PAVED,6,50,NO ACCESS,N,2002.0,19.091853183150803
DOON SOUTH DR,01-Non intersection,02-Thru lane,01-Clear,01-Daylight,MIDBLOCK,Monday,January,0,DOON SOUTH DR,1,ROUNDABOUT,MINOR,10.0,25.0,PAVED,FromTo,PAVED,6,50,NO ACCESS,N,2002.0,24.6680236369448
DOON SOUTH DR,01-Non intersection,02-Thru lane,01-Clear,01-Daylight,MIDBLOCK,Monday,January,0,DOON SOUTH DR,2,ROAD,MINOR,10.0,25.0,PAVED,TwoWay,PAVED,6,50,NO ACCESS,N,2002.0,136.883704934019
DOON SOUTH DR,01-Non intersection,02-Thru lane,01-Clear,01-Daylight,MIDBLOCK,Monday,January,0,DOON SOUTH DR,2,ROAD,MINOR,10.0,20.0,PAVED,TwoWay,PAVED,6,50,NO ACCESS,N,2005.0,89.2650180604632
DOON SOUTH DR,01-Non intersection,02-Thru lane,01-Clear,01-Daylight,MIDBLOCK,Monday,January,0,DOON SOUTH DR,2,ROAD,MINOR,10.0,20.0,PAVED,TwoWay,PAVED,6,50,NO ACCESS,N,2005.0,92.87907117581172
DOON SOUTH DR,01-Non intersection,02-Thru lane,01-Clear,01-Daylight,MIDBLOCK,Monday,January,0,DOON SOUTH DR,2,ROAD,MINOR,10.0,20.0,PAVED,TwoWay,PAVED,6,50,NO ACCESS,N,2003.0,106.996941801034
DOON SOUTH DR,01-Non intersection,02-Thru lane,01-Clear,01-Daylight,MIDBLOCK,Monday,January,0,DOON SOUTH DR,2,ROAD,MINOR,10.0,20.0,PAVED,TwoWay,PAVED,6,50,NO ACCESS,N,2004.0,89.7031996093466
DOON SOUTH DR,04-At/near private drive,99-Other,02-Rain,07-Dark,MIDBLOCK,Thursday,March,0,DOON SOUTH DR,1,ROUNDABOUT,MINOR,10.0,25.0,PAVED,FromTo,PAVED,6,50,NO ACCESS,N,2002.0,19.8144339811378
DOON SOUTH DR,04-At/near private drive,99-Other,02-Rain,07-Dark,MIDBLOCK,Thursday,March,0,DOON SOUTH DR,2,ROAD,MINOR,9.0,18.0,PAVED,TwoWay,PAVED,6,50,NO ACCESS,N,2000.0,350.77262575143
DOON SOUTH DR,04-At/near private drive,99-Other,02-Rain,07-Dark,MIDBLOCK,Thursday,March,0,DOON SOUTH DR,2,ROAD,MINOR,10.0,26.0,PAVED,TwoWay,PAVED,6,50,NO ACCESS,N,2002.0,132.970771185054
DOON SOUTH DR,04-At/near private drive,99-Other,02-Rain,07-Dark,MIDBLOCK,Thursday,March,0,DOON SOUTH DR,2,ROAD,MINOR,10.0,20.0,PAVED,TwoWay,PAVED,6,50,NO ACCESS,N,2000.0,201.751011291983
DOON SOUTH DR,04-At/near private drive,99-Other,02-Rain,07-Dark,MIDBLOCK,Thursday,March,0,DOON SOUTH DR,2,ROAD,MINOR,9.0,20.0,PAVED,TwoWay,PAVED,6,50,NO ACCESS,N,2003.0,480.695738179508
DOON SOUTH DR,04-At/near private drive,99-Other,02-Rain,07-Dark,MIDBLOCK,Thursday,March,0,DOON SOUTH DR,3,ROAD,MINOR,15.0,30.0,PAVED,TwoWay,PAVED,3,50,NO ACCESS,N,1989.0,176.734786884627
DOON SOUTH DR,04-At/near private drive,99-Other,02-Rain,07-Dark,MIDBLOCK,Thursday,March,0,DOON SOUTH DR,1,ROUNDABOUT,MINOR,9.0,16.0,PAVED,FromTo,PAVED,6,50,NO ACCESS,N,2002.0,21.904870193843106
DOON SOUTH DR,04-At/near private drive,99-Other,02-Rain,07-Dark,MIDBLOCK,Thursday,March,0,DOON SOUTH DR,1,ROUNDABOUT,MINOR,10.0,26.0,PAVED,FromTo,PAVED,6,50,NO ACCESS,N,2002.0,19.091853183150803
DOON SOUTH DR,04-At/near private drive,99-Other,02-Rain,07-Dark,MIDBLOCK,Thursday,March,0,DOON SOUTH DR,1,ROUNDABOUT,MINOR,10.0,25.0,PAVED,FromTo,PAVED,6,50,NO ACCESS,N,2002.0,24.6680236369448
DOON SOUTH DR,04-At/near private drive,99-Other,02-Rain,07-Dark,MIDBLOCK,Thursday,March,0,DOON SOUTH DR,2,ROAD,MINOR,10.0,25.0,PAVED,TwoWay,PAVED,6,50,NO ACCESS,N,2002.0,136.883704934019
DOON SOUTH DR,04-At/near private drive,99-Other,02-Rain,07-Dark,MIDBLOCK,Thursday,March,0,DOON SOUTH DR,2,ROAD,MINOR,10.0,20.0,PAVED,TwoWay,PAVED,6,50,NO ACCESS,N,2005.0,89.2650180604632
DOON SOUTH DR,04-At/near private drive,99-Other,02-Rain,07-Dark,MIDBLOCK,Thursday,March,0,DOON SOUTH DR,2,ROAD,MINOR,10.0,20.0,PAVED,TwoWay,PAVED,6,50,NO ACCESS,N,2005.0,92.87907117581172
DOON SOUTH DR,04-At/near private drive,99-Other,02-Rain,07-Dark,MIDBLOCK,Thursday,March,0,DOON SOUTH DR,2,ROAD,MINOR,10.0,20.0,PAVED,TwoWay,PAVED,6,50,NO ACCESS,N,2003.0,106.996941801034
DOON SOUTH DR,04-At/near private drive,99-Other,02-Rain,07-Dark,MIDBLOCK,Thursday,March,0,DOON SOUTH DR,2,ROAD,MINOR,10.0,20.0,PAVED,TwoWay,PAVED,6,50,NO ACCESS,N,2004.0,89.7031996093466
DOON SOUTH DR,04-At/near private drive,02-Thru lane,03-Snow,01-Daylight,MIDBLOCK,Saturday,January,1,DOON SOUTH DR,1,ROUNDABOUT,MINOR,10.0,25.0,PAVED,FromTo,PAVED,6,50,NO ACCESS,N,2002.0,19.8144339811378
DOON SOUTH DR,04-At/near private drive,02-Thru lane,03-Snow,01-Daylight,MIDBLOCK,Saturday,January,1,DOON SOUTH DR,2,ROAD,MINOR,9.0,18.0,PAVED,TwoWay,PAVED,6,50,NO ACCESS,N,2000.0,350.77262575143
DOON SOUTH DR,04-At/near private drive,02-Thru lane,03-Snow,01-Daylight,MIDBLOCK,Saturday,January,1,DOON SOUTH DR,2,ROAD,MINOR,10.0,26.0,PAVED,TwoWay,PAVED,6,50,NO ACCESS,N,2002.0,132.970771185054
DOON SOUTH DR,04-At/near private drive,02-Thru lane,03-Snow,01-Daylight,MIDBLOCK,Saturday,January,1,DOON SOUTH DR,2,ROAD,MINOR,10.0,20.0,PAVED,TwoWay,PAVED,6,50,NO ACCESS,N,2000.0,201.751011291983
DOON SOUTH DR,04-At/near private drive,02-Thru lane,03-Snow,01-Daylight,MIDBLOCK,Saturday,January,1,DOON SOUTH DR,2,ROAD,MINOR,9.0,20.0,PAVED,TwoWay,PAVED,6,50,NO ACCESS,N,2003.0,480.695738179508
DOON SOUTH DR,04-At/near private drive,02-Thru lane,03-Snow,01-Daylight,MIDBLOCK,Saturday,January,1,DOON SOUTH DR,3,ROAD,MINOR,15.0,30.0,PAVED,TwoWay,PAVED,3,50,NO ACCESS,N,1989.0,176.734786884627
DOON SOUTH DR,04-At/near private drive,02-Thru lane,03-Snow,01-Daylight,MIDBLOCK,Saturday,January,1,DOON SOUTH DR,1,ROUNDABOUT,MINOR,9.0,16.0,PAVED,FromTo,PAVED,6,50,NO ACCESS,N,2002.0,21.904870193843106
DOON SOUTH DR,04-At/near private drive,02-Thru lane,03-Snow,01-Daylight,MIDBLOCK,Saturday,January,1,DOON SOUTH DR,1,ROUNDABOUT,MINOR,10.0,26.0,PAVED,FromTo,PAVED,6,50,NO ACCESS,N,2002.0,19.091853183150803
DOON SOUTH DR,04-At/near private drive,02-Thru lane,03-Snow,01-Daylight,MIDBLOCK,Saturday,January,1,DOON SOUTH DR,1,ROUNDABOUT,MINOR,10.0,25.0,PAVED,FromTo,PAVED,6,50,NO ACCESS,N,2002.0,24.6680236369448
DOON SOUTH DR,04-At/near private drive,02-Thru lane,03-Snow,01-Daylight,MIDBLOCK,Saturday,January,1,DOON SOUTH DR,2,ROAD,MINOR,10.0,25.0,PAVED,TwoWay,PAVED,6,50,NO ACCESS,N,2002.0,136.883704934019
DOON SOUTH DR,04-At/near private drive,02-Thru lane,03-Snow,01-Daylight,MIDBLOCK,Saturday,January,1,DOON SOUTH DR,2,ROAD,MINOR,10.0,20.0,PAVED,TwoWay,PAVED,6,50,NO ACCESS,N,2005.0,89.2650180604632
DOON SOUTH DR,04-At/near private drive,02-Thru lane,03-Snow,01-Daylight,MIDBLOCK,Saturday,January,1,DOON SOUTH DR,2,ROAD,MINOR,10.0,20.0,PAVED,TwoWay,PAVED,6,50,NO ACCESS,N,2005.0,92.87907117581172