LOCATION,ACCIDENT_LOCATION,IMPACT_LOCATION,ENVIRONMENT_CONDITION,LIGHT,COLLISION_TYPE,DAY_OF_WEEK,MONTH,IS_WEEKEND,STREET,LANES,CATEGORY,SUBCATEGORY,PAVEMENT_WIDTH,ROW_WIDTH,SHOULDER,FLOW_DIRECTION,SURFACE_LAYER_TYPE,OFFICIAL_ROAD_CLASSIFICATION,SPEED_LIMIT_KM,TRUCK_ACCESS,BUS_ROUTE,SERVICE_YEAR,Shape__Length
STIRLING AVE S,04-At/near private drive,10-Not on roadway - left side,01-Clear,01-Daylight,MIDBLOCK,Friday,October,0,STIRLING AVE S,2,ROAD,LOCAL,11.0,23.0,PAVED,TwoWay,PAVED,6,50,NO ACCESS,Y,1945.0,247.685499410779
STIRLING AVE S,04-At/near private drive,10-Not on roadway - left side,01-Clear,01-Daylight,MIDBLOCK,Friday,October,0,STIRLING AVE S,2,ROAD,LOCAL,10.0,18.0,PAVED,TwoWay,PAVED,6,50,NO ACCESS,Y,1870.0,164.84163609568
STIRLING AVE S,04-At/near private drive,10-Not on roadway - left side,01-Clear,01-Daylight,MIDBLOCK,Friday,October,0,STIRLING AVE S,2,ROAD,MINOR,11.0,22.0,PAVED,TwoWay,PAVED,3,50,NO ACCESS,Y,1861.0,188.873667173279
STIRLING AVE S,04-At/near private drive,10-Not on roadway - left side,01-Clear,01-Daylight,MIDBLOCK,Friday,October,0,STIRLING AVE S,2,ROAD,MINOR,10.0,20.0,PAVED,TwoWay,PAVED,3,50,NO ACCESS,Y,1861.0,295.393322862408
STIRLING AVE S,04-At/near private drive,10-Not on roadway - left side,01-Clear,01-Daylight,MIDBLOCK,Friday,October,0,STIRLING AVE S,1,ROAD,MINOR,14.0,47.0,PAVED,FromTo,PAVED,6,50,24HR,N,1861.0,116.214635437009
STIRLING AVE S,04-At/near private drive,10-Not on roadway - left side,01-Clear,01-Daylight,MIDBLOCK,Friday,October,0,STIRLING AVE S,2,ROAD,MINOR,10.0,20.0,PAVED,TwoWay,PAVED,3,50,NO ACCESS,Y,1925.0,65.37554583038239
STIRLING AVE S,01-Non intersection,02-Thru lane,01-Clear,01-Daylight,MIDBLOCK,Monday,November,0,STIRLING AVE S,2,ROAD,LOCAL,11.0,23.0,PAVED,TwoWay,PAVED,6,50,NO ACCESS,Y,1945.0,247.685499410779
STIRLING AVE S,01-Non intersection,02-Thru lane,01-Clear,01-Daylight,MIDBLOCK,Monday,November,0,STIRLING AVE S,2,ROAD,LOCAL,10.0,18.0,PAVED,TwoWay,PAVED,6,50,NO ACCESS,Y,1870.0,164.84163609568
STIRLING AVE S,01-Non intersection,02-Thru lane,01-Clear,01-Daylight,MIDBLOCK,Monday,November,0,STIRLING AVE S,2,ROAD,MINOR,11.0,22.0,PAVED,TwoWay,PAVED,3,50,NO ACCESS,Y,1861.0,188.873667173279
STIRLING AVE S,01-Non intersection,02-Thru lane,01-Clear,01-Daylight,MIDBLOCK,Monday,November,0,STIRLING AVE S,2,ROAD,MINOR,10.0,20.0,PAVED,TwoWay,PAVED,3,50,NO ACCESS,Y,1861.0,295.393322862408
STIRLING AVE S,01-Non intersection,02-Thru lane,01-Clear,01-Daylight,MIDBLOCK,Monday,November,0,STIRLING AVE S,1,ROAD,MINOR,14.0,47.0,PAVED,FromTo,PAVED,6,50,24HR,N,1861.0,116.214635437009
STIRLING AVE S,01-Non intersection,02-Thru lane,01-Clear,01-Daylight,MIDBLOCK,Monday,November,0,STIRLING AVE S,2,ROAD,MINOR,10.0,20.0,PAVED,TwoWay,PAVED,3,50,NO ACCESS,Y,1925.0,65.37554583038239
STIRLING AVE S,04-At/near private drive,02-Thru lane,01-Clear,01-Daylight,MIDBLOCK,Saturday,September,1,STIRLING AVE S,2,ROAD,LOCAL,11.0,23.0,PAVED,TwoWay,PAVED,6,50,NO ACCESS,Y,1945.0,247.685499410779
STIRLING AVE S,04-At/near private drive,02-Thru lane,01-Clear,01-Daylight,MIDBLOCK,Saturday,September,1,STIRLING AVE S,2,ROAD,LOCAL,10.0,18.0,PAVED,TwoWay,PAVED,6,50,NO ACCESS,Y,1870.0,164.84163609568
STIRLING AVE S,04-At/near private drive,02-Thru lane,01-Clear,01-Daylight,MIDBLOCK,Saturday,September,1,STIRLING AVE S,2,ROAD,MINOR,11.0,22.0,PAVED,TwoWay,PAVED,3,50,NO ACCESS,Y,1861.0,188.873667173279
STIRLING AVE S,04-At/near private drive,02-Thru lane,01-Clear,01-Daylight,MIDBLOCK,Saturday,September,1,STIRLING AVE S,2,ROAD,MINOR,10.0,20.0,PAVED,TwoWay,PAVED,3,50,NO ACCESS,Y,1861.0,295.393322862408
STIRLING AVE S,04-At/near private drive,02-Thru lane,01-Clear,01-Daylight,MIDBLOCK,Saturday,September,1,STIRLING AVE S,1,ROAD,MINOR,14.0,47.0,PAVED,FromTo,PAVED,6,50,24HR,N,1861.0,116.214635437009
STIRLING AVE S,04-At/near private drive,02-Thru lane,01-Clear,01-Daylight,MIDBLOCK,Saturday,September,1,STIRLING AVE S,2,ROAD,MINOR,10.0,20.0,PAVED,TwoWay,PAVED,3,50,NO ACCESS,Y,1925.0,65.37554583038239
STIRLING AVE S,01-Non intersection,11-Not on roadway - right side,01-Clear,"08-Dark, artificial",MIDBLOCK,Thursday,December,0,STIRLING AVE S,2,ROAD,LOCAL,11.0,23.0,PAVED,TwoWay,PAVED,6,50,NO ACCESS,Y,1945.0,247.685499410779
STIRLING AVE S,01-Non intersection,11-Not on roadway - right side,01-Clear,"08-Dark, artificial",MIDBLOCK,Thursday,December,0,STIRLING AVE S,2,ROAD,LOCAL,10.0,18.0,PAVED,TwoWay,PAVED,6,50,NO ACCESS,Y,1870.0,164.84163609568
STIRLING AVE S,01-Non intersection,11-Not on roadway - right side,01-Clear,"08-Dark, artificial",MIDBLOCK,Thursday,December,0,STIRLING AVE S,2,ROAD,MINOR,11.0,22.0,PAVED,TwoWay,PAVED,3,50,NO ACCESS,Y,1861.0,188.873667173279
STIRLING AVE S,01-Non intersection,11-Not on roadway - right side,01-Clear,"08-Dark, artificial",MIDBLOCK,Thursday,December,0,STIRLING AVE S,2,ROAD,MINOR,10.0,20.0,PAVED,TwoWay,PAVED,3,50,NO ACCESS,Y,1861.0,295.393322862408
STIRLING AVE S,01-Non intersection,11-Not on roadway - right side,01-Clear,"08-Dark, artificial",MIDBLOCK,Thursday,December,0,STIRLING AVE S,1,ROAD,MINOR,14.0,47.0,PAVED,FromTo,PAVED,6,50,24HR,N,1861.0,116.214635437009
STIRLING AVE S,01-Non intersection,11-Not on roadway - right side,01-Clear,"08-Dark, artificial",MIDBLOCK,Thursday,December,0,STIRLING AVE S,2,ROAD,MINOR,10.0,20.0,PAVED,TwoWay,PAVED,3,50,NO ACCESS,Y,1925.0,65.37554583038239
STIRLING AVE S,01-Non intersection,02-Thru lane,01-Clear,"08-Dark, artificial",MIDBLOCK,Saturday,November,1,STIRLING AVE S,2,ROAD,LOCAL,11.0,23.0,PAVED,TwoWay,PAVED,6,50,NO ACCESS,Y,1945.0,247.685499410779
STIRLING AVE S,01-Non intersection,02-Thru lane,01-Clear,"08-Dark, artificial",MIDBLOCK,Saturday,November,1,STIRLING AVE S,2,ROAD,LOCAL,10.0,18.0,PAVED,TwoWay,PAVED,6,50,NO ACCESS,Y,1870.0,164.84163609568
STIRLING AVE S,01-Non intersection,02-Thru lane,01-Clear,"08-Dark, artificial",MIDBLOCK,Saturday,November,1,STIRLING AVE S,2,ROAD,MINOR,11.0,22.0,PAVED,TwoWay,PAVED,3,50,NO ACCESS,Y,1861.0,188.873667173279
STIRLING AVE S,01-Non intersection,02-Thru lane,01-Clear,"08-Dark, artificial",MIDBLOCK,Saturday,November,1,STIRLING AVE S,2,ROAD,MINOR,10.0,20.0,PAVED,TwoWay,PAVED,3,50,NO ACCESS,Y,1861.0,295.393322862408
STIRLING AVE S,01-Non intersection,02-Thru lane,01-Clear,"08-Dark, artificial",MIDBLOCK,Saturday,November,1,STIRLING AVE S,1,ROAD,MINOR,14.0,47.0,PAVED,FromTo,PAVED,6,50,24HR,N,1861.0,116.214635437009
STIRLING AVE S,01-Non intersection,02-Thru lane,01-Clear,"08-Dark, artificial",MIDBLOCK,Saturday,November,1,STIRLING AVE S,2,ROAD,MINOR,10.0,20.0,PAVED,TwoWay,PAVED,3,50,NO ACCESS,Y,1925.0,65.37554583038239
STIRLING AVE S,01-Non intersection,11-Not on roadway - right side,02-Rain,"08-Dark, artificial",MIDBLOCK,Friday,August,0,STIRLING AVE S,2,ROAD,LOCAL,11.0,23.0,PAVED,TwoWay,PAVED,6,50,NO ACCESS,Y,1945.0,247.685499410779
STIRLING AVE S,01-Non intersection,11-Not on roadway - right side,02-Rain,"08-Dark, artificial",MIDBLOCK,Friday,August,0,STIRLING AVE S,2,ROAD,LOCAL,10.0,18.0,PAVED,TwoWay,PAVED,6,50,NO ACCESS,Y,1870.0,164.84163609568
STIRLING AVE S,01-Non intersection,11-Not on roadway - right side,02-Rain,"08-Dark, artificial",MIDBLOCK,Friday,August,0,STIRLING AVE S,2,ROAD,MINOR,11.0,22.0,PAVED,TwoWay,PAVED,3,50,NO ACCESS,Y,1861.0,188.873667173279
STIRLING AVE S,01-Non intersection,11-Not on roadway - right side,02-Rain,"08-Dark, artificial",MIDBLOCK,Friday,August,0,STIRLING AVE S,2,ROAD,MINOR,10.0,20.0,PAVED,TwoWay,PAVED,3,50,NO ACCESS,Y,1861.0,295.393322862408
STIRLING AVE S,01-Non intersection,11-Not on roadway - right side,02-Rain,"08-Dark, artificial",MIDBLOCK,Friday,August,0,STIRLING AVE S,1,ROAD,MINOR,14.0,47.0,PAVED,FromTo,PAVED,6,50,24HR,N,1861.0,116.214635437009
STIRLING AVE S,01-Non intersection,11-Not on roadway - right side,02-Rain,"08-Dark, artificial",MIDBLOCK,Friday,August,0,STIRLING AVE S,2,ROAD,MINOR,10.0,20.0,PAVED,TwoWay,PAVED,3,50,NO ACCESS,Y,1925.0,65.37554583038239
STIRLING AVE S,04-At/near private drive,02-Thru lane,01-Clear,01-Daylight,MIDBLOCK,Monday,February,0,STIRLING AVE S,2,ROAD,LOCAL,11.0,23.0,PAVED,TwoWay,PAVED,6,50,NO ACCESS,Y,1945.0,247.685499410779
STIRLING AVE S,04-At/near private drive,02-Thru lane,01-Clear,01-Daylight,MIDBLOCK,Monday,February,0,STIRLING AVE S,2,ROAD,LOCAL,10.0,18.0,PAVED,TwoWay,PAVED,6,50,NO ACCESS,Y,1870.0,164.84163609568
STIRLING AVE S,04-At/near private drive,02-Thru lane,01-Clear,01-Daylight,MIDBLOCK,Monday,February,0,STIRLING AVE S,2,ROAD,MINOR,11.0,22.0,PAVED,TwoWay,PAVED,3,50,NO ACCESS,Y,1861.0,188.873667173279
STIRLING AVE S,04-At/near private drive,02-Thru lane,01-Clear,01-Daylight,MIDBLOCK,Monday,February,0,STIRLING AVE S,2,ROAD,MINOR,10.0,20.0,PAVED,TwoWay,PAVED,3,50,NO ACCESS,Y,1861.0,295.393322862408
STIRLING AVE S,04-At/near private drive,02-Thru lane,01-Clear,01-Daylight,MIDBLOCK,Monday,February,0,STIRLING AVE S,1,ROAD,MINOR,14.0,47.0,PAVED,FromTo,PAVED,6,50,24HR,N,1861.0,116.214635437009
STIRLING AVE S,04-At/near private drive,02-Thru lane,01-Clear,01-Daylight,MIDBLOCK,Monday,February,0,STIRLING AVE S,2,ROAD,MINOR,10.0,20.0,PAVED,TwoWay,PAVED,3,50,NO ACCESS,Y,1925.0,65.37554583038239
STIRLING AVE S,01-Non intersection,02-Thru lane,01-Clear,01-Daylight,MIDBLOCK,Tuesday,May,0,STIRLING AVE S,2,ROAD,LOCAL,11.0,23.0,PAVED,TwoWay,PAVED,6,50,NO ACCESS,Y,1945.0,247.685499410779
STIRLING AVE S,01-Non intersection,02-Thru lane,01-Clear,01-Daylight,MIDBLOCK,Tuesday,May,0,STIRLING AVE S,2,ROAD,LOCAL,10.0,18.0,PAVED,TwoWay,PAVED,6,50,NO ACCESS,Y,1870.0,164.84163609568
STIRLING AVE S,01-Non intersection,02-Thru lane,01-Clear,01-Daylight,MIDBLOCK,Tuesday,May,0,STIRLING AVE S,2,ROAD,MINOR,11.0,22.0,PAVED,TwoWay,PAVED,3,50,NO ACCESS,Y,1861.0,188.873667173279
STIRLING AVE S,01-Non intersection,02-Thru lane,01-Clear,01-Daylight,MIDBLOCK,Tuesday,May,0,STIRLING AVE S,2,ROAD,MINOR,10.0,20.0,PAVED,TwoWay,PAVED,3,50,NO ACCESS,Y,1861.0,295.393322862408
STIRLING AVE S,01-Non intersection,02-Thru lane,01-Clear,01-Daylight,MIDBLOCK,Tuesday,May,0,STIRLING AVE S,1,ROAD,MINOR,14.0,47.0,PAVED,FromTo,PAVED,6,50,24HR,N,1861.0,116.214635437009
STIRLING AVE S,01-Non intersection,02-Thru lane,01-Clear,01-Daylight,MIDBLOCK,Tuesday,May,0,STIRLING AVE S,2,ROAD,MINOR,10.0,20.0,PAVED,TwoWay,PAVED,3,50,NO ACCESS,Y,1925.0,65.37554583038239
STIRLING AVE S,04-At/near private drive,02-Thru lane,01-Clear,01-Daylight,MIDBLOCK,Friday,December,0,STIRLING AVE S,2,ROAD,LOCAL,11.0,23.0,PAVED,TwoWay,PAVED,6,50,NO ACCESS,Y,1945.0,247.685499410779
STIRLING AVE S,04-At/near private drive,02-Thru lane,01-Clear,01-Daylight,MIDBLOCK,Friday,December,0,STIRLING AVE S,2,ROAD,LOCAL,10.0,18.0,PAVED,TwoWay,PAVED,6,50,NO ACCESS,Y,1870.0,164.84163609568
STIRLING AVE S,04-At/near private drive,02-Thru lane,01-Clear,01-Daylight,MIDBLOCK,Friday,December,0,STIRLING AVE S,2,ROAD,MINOR,11.0,22.0,PAVED,TwoWay,PAVED,3,50,NO ACCESS,Y,1861.0,188.873667173279
STIRLING AVE S,04-At/near private drive,02-Thru lane,01-Clear,01-Daylight,MIDBLOCK,Friday,December,0,STIRLING AVE S,2,ROAD,MINOR,10.0,20.0,PAVED,TwoWay,PAVED,3,50,NO ACCESS,Y,1861.0,295.393322862408
STIRLING AVE S,04-At/near private drive,02-Thru lane,01-Clear,01-Daylight,MIDBLOCK,Friday,December,0,STIRLING AVE S,1,ROAD,MINOR,14.0,47.0,PAVED,FromTo,PAVED,6,50,24HR,N,1861.0,116.214635437009
STIRLING AVE S,04-At/near private drive,02-Thru lane,01-Clear,01-Daylight,MIDBLOCK,Friday,December,0,STIRLING AVE S,2,ROAD,MINOR,10.0,20.0,PAVED,TwoWay,PAVED,3,50,NO ACCESS,Y,1925.0,65.37554583038239
STIRLING AVE S,01-Non intersection,02-Thru lane,01-Clear,01-Daylight,MIDBLOCK,Thursday,March,0,STIRLING AVE S,2,ROAD,LOCAL,11.0,23.0,PAVED,TwoWay,PAVED,6,50,NO ACCESS,Y,1945.0,247.685499410779
STIRLING AVE S,01-Non intersection,02-Thru lane,01-Clear,01-Daylight,MIDBLOCK,Thursday,March,0,STIRLING AVE S,2,ROAD,LOCAL,10.0,18.0,PAVED,TwoWay,PAVED,6,50,NO ACCESS,Y,1870.0,164.84163609568
STIRLING AVE S,01-Non intersection,02-Thru lane,01-Clear,01-Daylight,MIDBLOCK,Thursday,March,0,STIRLING AVE S,2,ROAD,MINOR,11.0,22.0,PAVED,TwoWay,PAVED,3,50,NO ACCESS,Y,1861.0,188.873667173279
STIRLING AVE S,01-Non intersection,02-Thru lane,01-Clear,01-Daylight,MIDBLOCK,Thursday,March,0,STIRLING AVE S,2,ROAD,MINOR,10.0,20.0,PAVED,TwoWay,PAVED,3,50,NO ACCESS,Y,1861.0,295.393322862408
STIRLING AVE S,01-Non intersection,02-Thru lane,01-Clear,01-Daylight,MIDBLOCK,Thursday,March,0,STIRLING AVE S,1,ROAD,MINOR,14.0,47.0,PAVED,FromTo,PAVED,6,50,24HR,N,1861.0,116.214635437009
STIRLING AVE S,01-Non intersection,02-Thru lane,01-Clear,01-Daylight,MIDBLOCK,Thursday,March,0,STIRLING AVE S,2,ROAD,MINOR,10.0,20.0,PAVED,TwoWay,PAVED,3,50,NO ACCESS,Y,1925.0,65.37554583038239
STIRLING AVE S,01-Non intersection,02-Thru lane,02-Rain,01-Daylight,MIDBLOCK,Friday,November,0,STIRLING AVE S,2,ROAD,LOCAL,11.0,23.0,PAVED,TwoWay,PAVED,6,50,NO ACCESS,Y,1945.0,247.685499410779
STIRLING AVE S,01-Non intersection,02-Thru lane,02-Rain,01-Daylight,MIDBLOCK,Friday,November,0,STIRLING AVE S,2,ROAD,LOCAL,10.0,18.0,PAVED,TwoWay,PAVED,6,50,NO ACCESS,Y,1870.0,164.84163609568
STIRLING AVE S,01-Non intersection,02-Thru lane,02-Rain,01-Daylight,MIDBLOCK,Friday,November,0,STIRLING AVE S,2,ROAD,MINOR,11.0,22.0,PAVED,TwoWay,PAVED,3,50,NO ACCESS,Y,1861.0,188.873667173279
STIRLING AVE S,01-Non intersection,02-Thru lane,02-Rain,01-Daylight,MIDBLOCK,Friday,November,0,STIRLING AVE S,2,ROAD,MINOR,10.0,20.0,PAVED,TwoWay,PAVED,3,50,NO ACCESS,Y,1861.0,295.393322862408
STIRLING AVE S,01-Non intersection,02-Thru lane,02-Rain,01-Daylight,MIDBLOCK,Friday,November,0,STIRLING AVE S,1,ROAD,MINOR,14.0,47.0,PAVED,FromTo,PAVED,6,50,24HR,N,1861.0,116.214635437009
STIRLING AVE S,01-Non intersection,02-Thru lane,02-Rain,01-Daylight,MIDBLOCK,Friday,November,0,STIRLING AVE S,2,ROAD,MINOR,10.0,20.0,PAVED,TwoWay,PAVED,3,50,NO ACCESS,Y,1925.0,65.37554583038239
STIRLING AVE S,01-Non intersection,10-Not on roadway - left side,03-Snow,"08-Dark, artificial",MIDBLOCK,Thursday,December,0,STIRLING AVE S,2,ROAD,LOCAL,11.0,23.0,PAVED,TwoWay,PAVED,6,50,NO ACCESS,Y,1945.0,247.685499410779
STIRLING AVE S,01-Non intersection,10-Not on roadway - left side,03-Snow,"08-Dark, artificial",MIDBLOCK,Thursday,December,0,STIRLING AVE S,2,ROAD,LOCAL,10.0,18.0,PAVED,TwoWay,PAVED,6,50,NO ACCESS,Y,1870.0,164.84163609568
STIRLING AVE S,01-Non intersection,10-Not on roadway - left side,03-Snow,"08-Dark, artificial",MIDBLOCK,Thursday,December,0,STIRLING AVE S,2,ROAD,MINOR,11.0,22.0,PAVED,TwoWay,PAVED,3,50,NO ACCESS,Y,1861.0,188.873667173279
STIRLING AVE S,01-Non intersection,10-Not on roadway - left side,03-Snow,"08-Dark, artificial",MIDBLOCK,Thursday,December,0,STIRLING AVE S,2,ROAD,MINOR,10.0,20.0,PAVED,TwoWay,PAVED,3,50,NO ACCESS,Y,1861.0,295.393322862408
STIRLING AVE S,01-Non intersection,10-Not on roadway - left side,03-Snow,"08-Dark, artificial",MIDBLOCK,Thursday,December,0,STIRLING AVE S,1,ROAD,MINOR,14.0,47.0,PAVED,FromTo,PAVED,6,50,24HR,N,1861.0,116.214635437009
STIRLING AVE S,01-Non intersection,10-Not on roadway - left side,03-Snow,"08-Dark, artificial",MIDBLOCK,Thursday,December,0,STIRLING AVE S,2,ROAD,MINOR,10.0,20.0,PAVED,TwoWay,PAVED,3,50,NO ACCESS,Y,1925.0,65.37554583038239
STIRLING AVE S,01-Non intersection,02-Thru lane,01-Clear,07-Dark,MIDBLOCK,Friday,November,0,STIRLING AVE S,2,ROAD,LOCAL,11.0,23.0,PAVED,TwoWay,PAVED,6,50,NO ACCESS,Y,1945.0,247.685499410779
STIRLING AVE S,01-Non intersection,02-Thru lane,01-Clear,07-Dark,MIDBLOCK,Friday,November,0,STIRLING AVE S,2,ROAD,LOCAL,10.0,18.0,PAVED,TwoWay,PAVED,6,50,NO ACCESS,Y,1870.0,164.84163609568
STIRLING AVE S,01-Non intersection,02-Thru lane,01-Clear,07-Dark,MIDBLOCK,Friday,November,0,STIRLING AVE S,2,ROAD,MINOR,11.0,22.0,PAVED,TwoWay,PAVED,3,50,NO ACCESS,Y,1861.0,188.873667173279
STIRLING AVE S,01-Non intersection,02-Thru lane,01-Clear,07-Dark,MIDBLOCK,Friday,November,0,STIRLING AVE S,2,ROAD,MINOR,10.0,20.0,PAVED,TwoWay,PAVED,3,50,NO ACCESS,Y,1861.0,295.393322862408
STIRLING AVE S,01-Non intersection,02-Thru lane,01-Clear,07-Dark,MIDBLOCK,Friday,November,0,STIRLING AVE S,1,ROAD,MINOR,14.0,47.0,PAVED,FromTo,PAVED,6,50,24HR,N,1861.0,116.214635437009
STIRLING AVE S,01-Non intersection,02-Thru lane,01-Clear,07-Dark,MIDBLOCK,Friday,November,0,STIRLING AVE S,2,ROAD,MINOR,10.0,20.0,PAVED,TwoWay,PAVED,3,50,NO ACCESS,Y,1925.0,65.37554583038239
STIRLING AVE S,04-At/near private drive,09-Right shoulder,01-Clear,01-Daylight,MIDBLOCK,Sunday,March,1,STIRLING AVE S,2,ROAD,LOCAL,11.0,23.0,PAVED,TwoWay,PAVED,6,50,NO ACCESS,Y,1945.0,247.685499410779
STIRLING AVE S,04-At/near private drive,09-Right shoulder,01-Clear,01-Daylight,MIDBLOCK,Sunday,March,1,STIRLING AVE S,2,ROAD,LOCAL,10.0,18.0,PAVED,TwoWay,PAVED,6,50,NO ACCESS,Y,1870.0,164.84163609568
STIRLING AVE S,04-At/near private drive,09-Right shoulder,01-Clear,01-Daylight,MIDBLOCK,Sunday,March,1,STIRLING AVE S,2,ROAD,MINOR,11.0,22.0,PAVED,TwoWay,PAVED,3,50,NO ACCESS,Y,1861.0,188.873667173279
STIRLING AVE S,04-At/near private drive,09-Right shoulder,01-Clear,01-Daylight,MIDBLOCK,Sunday,March,1,STIRLING AVE S,2,ROAD,MINOR,10.0,20.0,PAVED,TwoWay,PAVED,3,50,NO ACCESS,Y,1861.0,295.393322862408
STIRLING AVE S,04-At/near private drive,09-Right shoulder,01-Clear,01-Daylight,MIDBLOCK,Sunday,March,1,STIRLING AVE S,1,ROAD,MINOR,14.0,47.0,PAVED,FromTo,PAVED,6,50,24HR,N,1861.0,116.214635437009
STIRLING AVE S,04-At/near private drive,09-Right shoulder,01-Clear,01-Daylight,MIDBLOCK,Sunday,March,1,STIRLING AVE S,2,ROAD,MINOR,10.0,20.0,PAVED,TwoWay,PAVED,3,50,NO ACCESS,Y,1925.0,65.37554583038239
STIRLING AVE S,04-At/near private drive,02-Thru lane,02-Rain,01-Daylight,MIDBLOCK,Thursday,May,0,STIRLING AVE S,2,ROAD,LOCAL,11.0,23.0,PAVED,TwoWay,PAVED,6,50,NO ACCESS,Y,1945.0,247.685499410779
STIRLING AVE S,04-At/near private drive,02-Thru lane,02-Rain,01-Daylight,MIDBLOCK,Thursday,May,0,STIRLING AVE S,2,ROAD,LOCAL,10.0,18.0,PAVED,TwoWay,PAVED,6,50,NO ACCESS,Y,1870.0,164.84163609568
STIRLING AVE S,04-At/near private drive,02-Thru lane,02-Rain,01-Daylight,MIDBLOCK,Thursday,May,0,STIRLING AVE S,2,ROAD,MINOR,11.0,22.0,PAVED,TwoWay,PAVED,3,50,NO ACCESS,Y,1861.0,188.873667173279
STIRLING AVE S,04-At/near private drive,02-Thru lane,02-Rain,01-Daylight,MIDBLOCK,Thursday,May,0,STIRLING AVE S,2,ROAD,MINOR,10.0,20.0,PAVED,TwoWay,PAVED,3,50,NO ACCESS,Y,1861.0,295.393322862408
STIRLING AVE S,04-At/near private drive,02-Thru lane,02-Rain,01-Daylight,MIDBLOCK,Thursday,May,0,STIRLING AVE S,1,ROAD,MINOR,14.0,47.0,PAVED,FromTo,PAVED,6,50,24HR,N,1861.0,116.214635437009
STIRLING AVE S,04-At/near private drive,02-Thru lane,02-Rain,01-Daylight,MIDBLOCK,Thursday,May,0,STIRLING AVE S,2,ROAD,MINOR,10.0,20.0,PAVED,TwoWay,PAVED,3,50,NO ACCESS,Y,1925.0,65.37554583038239
STIRLING AVE S,01-Non intersection,02-Thru lane,01-Clear,01-Daylight,MIDBLOCK,Tuesday,August,0,STIRLING AVE S,2,ROAD,LOCAL,11.0,23.0,PAVED,TwoWay,PAVED,6,50,NO ACCESS,Y,1945.0,247.685499410779
STIRLING AVE S,01-Non intersection,02-Thru lane,01-Clear,01-Daylight,MIDBLOCK,Tuesday,August,0,STIRLING AVE S,2,ROAD,LOCAL,10.0,18.0,PAVED,TwoWay,PAVED,6,50,NO ACCESS,Y,1870.0,164.84163609568
STIRLING AVE S,01-Non intersection,02-Thru lane,01-Clear,01-Daylight,MIDBLOCK,Tuesday,August,0,STIRLING AVE S,2,ROAD,MINOR,11.0,22.0,PAVED,TwoWay,PAVED,3,50,NO ACCESS,Y,1861.0,188.873667173279
STIRLING AVE S,01-Non intersection,02-Thru lane,01-Clear,01-Daylight,MIDBLOCK,Tuesday,August,0,STIRLING AVE S,2,ROAD,MINOR,10.0,20.0,PAVED,TwoWay,PAVED,3,50,NO ACCESS,Y,1861.0,295.393322862408
STIRLING AVE S,01-Non intersection,02-Thru lane,01-Clear,01-Daylight,MIDBLOCK,Tuesday,August,0,STIRLING AVE S,1,ROAD,MINOR,14.0,47.0,PAVED,FromTo,PAVED,6,50,24HR,N,1861.0,116.214635437009
STIRLING AVE S,01-Non intersection,02-Thru lane,01-Clear,01-Daylight,MIDBLOCK,Tuesday,August,0,STIRLING AVE S,2,ROAD,MINOR,10.0,20.0,PAVED,TwoWay,PAVED,3,50,NO ACCESS,Y,1925.0,65.37554583038239
STIRLING AVE S,04-At/near private drive,02-Thru lane,01-Clear,01-Daylight,MIDBLOCK,Monday,June,0,STIRLING AVE S,2,ROAD,LOCAL,11.0,23.0,PAVED,TwoWay,PAVED,6,50,NO ACCESS,Y,1945.0,247.685499410779
STIRLING AVE S,04-At/near private drive,02-Thru lane,01-Clear,01-Daylight,MIDBLOCK,Monday,June,0,STIRLING AVE S,2,ROAD,LOCAL,10.0,18.0,PAVED,TwoWay,PAVED,6,50,NO ACCESS,Y,1870.0,164.84163609568
STIRLING AVE S,04-At/near private drive,02-Thru lane,01-Clear,01-Daylight,MIDBLOCK,Monday,June,0,STIRLING AVE S,2,ROAD,MINOR,11.0,22.0,PAVED,TwoWay,PAVED,3,50,NO ACCESS,Y,1861.0,188.873667173279
STIRLING AVE S,04-At/near private drive,02-Thru lane,01-Clear,01-Daylight,MIDBLOCK,Monday,June,0,STIRLING AVE S,2,ROAD,MINOR,10.0,20.0,PAVED,TwoWay,PAVED,3,50,NO ACCESS,Y,1861.0,295.393322862408
STIRLING AVE S,04-At/near private drive,02-Thru lane,01-Clear,01-Daylight,MIDBLOCK,Monday,June,0,STIRLING AVE S,1,ROAD,MINOR,14.0,47.0,PAVED,FromTo,PAVED,6,50,24HR,N,1861.0,116.214635437009