LOCATION,ACCIDENT_LOCATION,IMPACT_LOCATION,ENVIRONMENT_CONDITION,LIGHT,COLLISION_TYPE,DAY_OF_WEEK,MONTH,IS_WEEKEND,STREET,LANES,CATEGORY,SUBCATEGORY,PAVEMENT_WIDTH,ROW_WIDTH,SHOULDER,FLOW_DIRECTION,SURFACE_LAYER_TYPE,OFFICIAL_ROAD_CLASSIFICATION,SPEED_LIMIT_KM,TRUCK_ACCESS,BUS_ROUTE,SERVICE_YEAR,Shape__Length
STIRLING AVE S,01-Non intersection,02-Thru lane,01-Clear,01-Daylight,MIDBLOCK,Monday,June,0,STIRLING AVE S,2,ROAD,LOCAL,11.0,23.0,PAVED,TwoWay,PAVED,6,50,NO ACCESS,Y,1945.0,247.685499410779
STIRLING AVE S,01-Non intersection,02-Thru lane,01-Clear,01-Daylight,MIDBLOCK,Monday,June,0,STIRLING AVE S,2,ROAD,LOCAL,10.0,18.0,PAVED,TwoWay,PAVED,6,50,NO ACCESS,Y,1870.0,164.84163609568
STIRLING AVE S,01-Non intersection,02-Thru lane,01-Clear,01-Daylight,MIDBLOCK,Monday,June,0,STIRLING AVE S,2,ROAD,MINOR,11.0,22.0,PAVED,TwoWay,PAVED,3,50,NO ACCESS,Y,1861.0,188.873667173279
STIRLING AVE S,01-Non intersection,02-Thru lane,01-Clear,01-Daylight,MIDBLOCK,Monday,June,0,STIRLING AVE S,2,ROAD,MINOR,10.0,20.0,PAVED,TwoWay,PAVED,3,50,NO ACCESS,Y,1861.0,295.393322862408
STIRLING AVE S,01-Non intersection,02-Thru lane,01-Clear,01-Daylight,MIDBLOCK,Monday,June,0,STIRLING AVE S,1,ROAD,MINOR,14.0,47.0,PAVED,FromTo,PAVED,6,50,24HR,N,1861.0,116.214635437009
STIRLING AVE S,01-Non intersection,02-Thru lane,01-Clear,01-Daylight,MIDBLOCK,Monday,June,0,STIRLING AVE S,2,ROAD,MINOR,10.0,20.0,PAVED,TwoWay,PAVED,3,50,NO ACCESS,Y,1925.0,65.37554583038239
HOMEWOOD AVE,04-At/near private drive,09-Right shoulder,01-Clear,"08-Dark, artificial",MIDBLOCK,Tuesday,October,0,HOMEWOOD AVE,2,ROAD,LOCAL,7.0,18.0,PAVED,TwoWay,PAVED,6,50,NO ACCESS,N,2006.0,580.5065881857711
HOMEWOOD AVE,04-At/near private drive,02-Thru lane,01-Clear,01-Daylight,MIDBLOCK,Monday,August,0,HOMEWOOD AVE,2,ROAD,LOCAL,7.0,18.0,PAVED,TwoWay,PAVED,6,50,NO ACCESS,N,2006.0,580.5065881857711
HOMEWOOD AVE,04-At/near private drive,02-Thru lane,01-Clear,01-Daylight,MIDBLOCK,Wednesday,June,0,HOMEWOOD AVE,2,ROAD,LOCAL,7.0,18.0,PAVED,TwoWay,PAVED,6,50,NO ACCESS,N,2006.0,580.5065881857711
HOMEWOOD AVE,01-Non intersection,02-Thru lane,01-Clear,01-Daylight,MIDBLOCK,Thursday,August,0,HOMEWOOD AVE,2,ROAD,LOCAL,7.0,18.0,PAVED,TwoWay,PAVED,6,50,NO ACCESS,N,2006.0,580.5065881857711
HOMEWOOD AVE,04-At/near private drive,09-Right shoulder,01-Clear,01-Daylight,MIDBLOCK,Friday,March,0,HOMEWOOD AVE,2,ROAD,LOCAL,7.0,18.0,PAVED,TwoWay,PAVED,6,50,NO ACCESS,N,2006.0,580.5065881857711
HOMEWOOD AVE,04-At/near private drive,11-Not on roadway - right side,01-Clear,01-Daylight,MIDBLOCK,Friday,April,0,HOMEWOOD AVE,2,ROAD,LOCAL,7.0,18.0,PAVED,TwoWay,PAVED,6,50,NO ACCESS,N,2006.0,580.5065881857711
HOMEWOOD AVE,01-Non intersection,02-Thru lane,01-Clear,"08-Dark, artificial",MIDBLOCK,Tuesday,March,0,HOMEWOOD AVE,2,ROAD,LOCAL,7.0,18.0,PAVED,TwoWay,PAVED,6,50,NO ACCESS,N,2006.0,580.5065881857711
HOMEWOOD AVE,01-Non intersection,02-Thru lane,01-Clear,"08-Dark, artificial",MIDBLOCK,Saturday,April,1,HOMEWOOD AVE,2,ROAD,LOCAL,7.0,18.0,PAVED,TwoWay,PAVED,6,50,NO ACCESS,N,2006.0,580.5065881857711
OBERMEYER DR,01-Non intersection,09-Right shoulder,01-Clear,"08-Dark, artificial",MIDBLOCK,Friday,January,0,OBERMEYER DR,2,ROAD,LOCAL,9.0,18.0,PAVED,TwoWay,PAVED,6,50,NO ACCESS,N,1969.0,326.684280361498
OBERMEYER DR,04-At/near private drive,02-Thru lane,03-Snow,01-Daylight,MIDBLOCK,Thursday,January,0,OBERMEYER DR,2,ROAD,LOCAL,9.0,18.0,PAVED,TwoWay,PAVED,6,50,NO ACCESS,N,1969.0,326.684280361498
OBERMEYER DR,04-At/near private drive,02-Thru lane,01-Clear,"08-Dark, artificial",MIDBLOCK,Sunday,June,1,OBERMEYER DR,2,ROAD,LOCAL,9.0,18.0,PAVED,TwoWay,PAVED,6,50,NO ACCESS,N,1969.0,326.684280361498
OBERMEYER DR,04-At/near private drive,02-Thru lane,02-Rain,"08-Dark, artificial",MIDBLOCK,Sunday,September,1,OBERMEYER DR,2,ROAD,LOCAL,9.0,18.0,PAVED,TwoWay,PAVED,6,50,NO ACCESS,N,1969.0,326.684280361498
OBERMEYER DR,01-Non intersection,02-Thru lane,01-Clear,07-Dark,MIDBLOCK,Sunday,March,1,OBERMEYER DR,2,ROAD,LOCAL,9.0,18.0,PAVED,TwoWay,PAVED,6,50,NO ACCESS,N,1969.0,326.684280361498
OBERMEYER DR,04-At/near private drive,02-Thru lane,01-Clear,01-Daylight,MIDBLOCK,Wednesday,February,0,OBERMEYER DR,2,ROAD,LOCAL,9.0,18.0,PAVED,TwoWay,PAVED,6,50,NO ACCESS,N,1969.0,326.684280361498
OBERMEYER DR,04-At/near private drive,02-Thru lane,01-Clear,01-Daylight,MIDBLOCK,Sunday,July,1,OBERMEYER DR,2,ROAD,LOCAL,9.0,18.0,PAVED,TwoWay,PAVED,6,50,NO ACCESS,N,1969.0,326.684280361498
OBERMEYER DR,04-At/near private drive,02-Thru lane,01-Clear,01-Daylight,MIDBLOCK,Sunday,August,1,OBERMEYER DR,2,ROAD,LOCAL,9.0,18.0,PAVED,TwoWay,PAVED,6,50,NO ACCESS,N,1969.0,326.684280361498
OBERMEYER DR,99-Other,12-Off highway,01-Clear,01-Daylight,MIDBLOCK,Saturday,September,1,OBERMEYER DR,2,ROAD,LOCAL,9.0,18.0,PAVED,TwoWay,PAVED,6,50,NO ACCESS,N,1969.0,326.684280361498
OBERMEYER DR,04-At/near private drive,02-Thru lane,01-Clear,03-Dawn,MIDBLOCK,Tuesday,November,0,OBERMEYER DR,2,ROAD,LOCAL,9.0,18.0,PAVED,TwoWay,PAVED,6,50,NO ACCESS,N,1969.0,326.684280361498
OBERMEYER DR,04-At/near private drive,02-Thru lane,02-Rain,"08-Dark, artificial",MIDBLOCK,Thursday,January,0,OBERMEYER DR,2,ROAD,LOCAL,9.0,18.0,PAVED,TwoWay,PAVED,6,50,NO ACCESS,N,1969.0,326.684280361498
MAX BECKER DR,04-At/near private drive,09-Right shoulder,01-Clear,01-Daylight,MIDBLOCK,Sunday,April,1,MAX BECKER DR,2,ROAD,LOCAL,10.0,20.0,PAVED,TwoWay,PAVED,6,50,NO ACCESS,N,2000.0,156.10904496809601
MAX BECKER DR,04-At/near private drive,09-Right shoulder,01-Clear,01-Daylight,MIDBLOCK,Sunday,April,1,MAX BECKER DR,2,ROAD,LOCAL,10.0,20.0,PAVED,TwoWay,PAVED,6,50,NO ACCESS,N,2000.0,263.290555348654
MAX BECKER DR,04-At/near private drive,09-Right shoulder,01-Clear,01-Daylight,MIDBLOCK,Sunday,April,1,MAX BECKER DR,2,ROAD,MINOR,10.0,20.0,PAVED,TwoWay,PAVED,6,50,NO ACCESS,Y,2003.0,156.84165639041902
MAX BECKER DR,04-At/near private drive,09-Right shoulder,01-Clear,01-Daylight,MIDBLOCK,Sunday,April,1,MAX BECKER DR,2,ROAD,MINOR,10.0,20.0,PAVED,TwoWay,PAVED,6,50,NO ACCESS,Y,2000.0,54.3532001650765
MAX BECKER DR,04-At/near private drive,09-Right shoulder,01-Clear,01-Daylight,MIDBLOCK,Sunday,April,1,MAX BECKER DR,2,ROAD,MINOR,10.0,20.0,PAVED,TwoWay,PAVED,6,50,NO ACCESS,Y,2003.0,196.9416606004169
MAX BECKER DR,04-At/near private drive,09-Right shoulder,01-Clear,01-Daylight,MIDBLOCK,Sunday,April,1,MAX BECKER DR,2,ROAD,MINOR,10.0,28.0,PAVED,TwoWay,PAVED,6,50,NO ACCESS,Y,2003.0,137.692057377771
MAX BECKER DR,04-At/near private drive,09-Right shoulder,01-Clear,01-Daylight,MIDBLOCK,Sunday,April,1,MAX BECKER DR,2,ROAD,MINOR,11.0,20.0,PAVED,TwoWay,PAVED,6,50,NO ACCESS,Y,2000.0,76.23271177684009
MAX BECKER DR,04-At/near private drive,09-Right shoulder,01-Clear,01-Daylight,MIDBLOCK,Sunday,April,1,MAX BECKER DR,2,ROAD,MINOR,10.0,28.0,PAVED,TwoWay,PAVED,6,50,NO ACCESS,Y,2003.0,149.76602004775899
MAX BECKER DR,04-At/near private drive,09-Right shoulder,01-Clear,07-Dark,MIDBLOCK,Thursday,April,0,MAX BECKER DR,2,ROAD,LOCAL,10.0,20.0,PAVED,TwoWay,PAVED,6,50,NO ACCESS,N,2000.0,156.10904496809601
MAX BECKER DR,04-At/near private drive,09-Right shoulder,01-Clear,07-Dark,MIDBLOCK,Thursday,April,0,MAX BECKER DR,2,ROAD,LOCAL,10.0,20.0,PAVED,TwoWay,PAVED,6,50,NO ACCESS,N,2000.0,263.290555348654
MAX BECKER DR,04-At/near private drive,09-Right shoulder,01-Clear,07-Dark,MIDBLOCK,Thursday,April,0,MAX BECKER DR,2,ROAD,MINOR,10.0,20.0,PAVED,TwoWay,PAVED,6,50,NO ACCESS,Y,2003.0,156.84165639041902
MAX BECKER DR,04-At/near private drive,09-Right shoulder,01-Clear,07-Dark,MIDBLOCK,Thursday,April,0,MAX BECKER DR,2,ROAD,MINOR,10.0,20.0,PAVED,TwoWay,PAVED,6,50,NO ACCESS,Y,2000.0,54.3532001650765
MAX BECKER DR,04-At/near private drive,09-Right shoulder,01-Clear,07-Dark,MIDBLOCK,Thursday,April,0,MAX BECKER DR,2,ROAD,MINOR,10.0,20.0,PAVED,TwoWay,PAVED,6,50,NO ACCESS,Y,2003.0,196.9416606004169
MAX BECKER DR,04-At/near private drive,09-Right shoulder,01-Clear,07-Dark,MIDBLOCK,Thursday,April,0,MAX BECKER DR,2,ROAD,MINOR,10.0,28.0,PAVED,TwoWay,PAVED,6,50,NO ACCESS,Y,2003.0,137.692057377771
MAX BECKER DR,04-At/near private drive,09-Right shoulder,01-Clear,07-Dark,MIDBLOCK,Thursday,April,0,MAX BECKER DR,2,ROAD,MINOR,11.0,20.0,PAVED,TwoWay,PAVED,6,50,NO ACCESS,Y,2000.0,76.23271177684009
MAX BECKER DR,04-At/near private drive,09-Right shoulder,01-Clear,07-Dark,MIDBLOCK,Thursday,April,0,MAX BECKER DR,2,ROAD,MINOR,10.0,28.0,PAVED,TwoWay,PAVED,6,50,NO ACCESS,Y,2003.0,149.76602004775899
MAX BECKER DR,01-Non intersection,02-Thru lane,02-Rain,07-Dark,MIDBLOCK,Monday,December,0,MAX BECKER DR,2,ROAD,LOCAL,10.0,20.0,PAVED,TwoWay,PAVED,6,50,NO ACCESS,N,2000.0,156.10904496809601
MAX BECKER DR,01-Non intersection,02-Thru lane,02-Rain,07-Dark,MIDBLOCK,Monday,December,0,MAX BECKER DR,2,ROAD,LOCAL,10.0,20.0,PAVED,TwoWay,PAVED,6,50,NO ACCESS,N,2000.0,263.290555348654
MAX BECKER DR,01-Non intersection,02-Thru lane,02-Rain,07-Dark,MIDBLOCK,Monday,December,0,MAX BECKER DR,2,ROAD,MINOR,10.0,20.0,PAVED,TwoWay,PAVED,6,50,NO ACCESS,Y,2003.0,156.84165639041902
MAX BECKER DR,01-Non intersection,02-Thru lane,02-Rain,07-Dark,MIDBLOCK,Monday,December,0,MAX BECKER DR,2,ROAD,MINOR,10.0,20.0,PAVED,TwoWay,PAVED,6,50,NO ACCESS,Y,2000.0,54.3532001650765
MAX BECKER DR,01-Non intersection,02-Thru lane,02-Rain,07-Dark,MIDBLOCK,Monday,December,0,MAX BECKER DR,2,ROAD,MINOR,10.0,20.0,PAVED,TwoWay,PAVED,6,50,NO ACCESS,Y,2003.0,196.9416606004169
MAX BECKER DR,01-Non intersection,02-Thru lane,02-Rain,07-Dark,MIDBLOCK,Monday,December,0,MAX BECKER DR,2,ROAD,MINOR,10.0,28.0,PAVED,TwoWay,PAVED,6,50,NO ACCESS,Y,2003.0,137.692057377771
MAX BECKER DR,01-Non intersection,02-Thru lane,02-Rain,07-Dark,MIDBLOCK,Monday,December,0,MAX BECKER DR,2,ROAD,MINOR,11.0,20.0,PAVED,TwoWay,PAVED,6,50,NO ACCESS,Y,2000.0,76.23271177684009
MAX BECKER DR,01-Non intersection,02-Thru lane,02-Rain,07-Dark,MIDBLOCK,Monday,December,0,MAX BECKER DR,2,ROAD,MINOR,10.0,28.0,PAVED,TwoWay,PAVED,6,50,NO ACCESS,Y,2003.0,149.76602004775899
MAX BECKER DR,04-At/near private drive,02-Thru lane,03-Snow,01-Daylight,MIDBLOCK,Wednesday,February,0,MAX BECKER DR,2,ROAD,LOCAL,10.0,20.0,PAVED,TwoWay,PAVED,6,50,NO ACCESS,N,2000.0,156.10904496809601
MAX BECKER DR,04-At/near private drive,02-Thru lane,03-Snow,01-Daylight,MIDBLOCK,Wednesday,February,0,MAX BECKER DR,2,ROAD,LOCAL,10.0,20.0,PAVED,TwoWay,PAVED,6,50,NO ACCESS,N,2000.0,263.290555348654
MAX BECKER DR,04-At/near private drive,02-Thru lane,03-Snow,01-Daylight,MIDBLOCK,Wednesday,February,0,MAX BECKER DR,2,ROAD,MINOR,10.0,20.0,PAVED,TwoWay,PAVED,6,50,NO ACCESS,Y,2003.0,156.84165639041902
MAX BECKER DR,04-At/near private drive,02-Thru lane,03-Snow,01-Daylight,MIDBLOCK,Wednesday,February,0,MAX BECKER DR,2,ROAD,MINOR,10.0,20.0,PAVED,TwoWay,PAVED,6,50,NO ACCESS,Y,2000.0,54.3532001650765
MAX BECKER DR,04-At/near private drive,02-Thru lane,03-Snow,01-Daylight,MIDBLOCK,Wednesday,February,0,MAX BECKER DR,2,ROAD,MINOR,10.0,20.0,PAVED,TwoWay,PAVED,6,50,NO ACCESS,Y,2003.0,196.9416606004169
MAX BECKER DR,04-At/near private drive,02-Thru lane,03-Snow,01-Daylight,MIDBLOCK,Wednesday,February,0,MAX BECKER DR,2,ROAD,MINOR,10.0,28.0,PAVED,TwoWay,PAVED,6,50,NO ACCESS,Y,2003.0,137.692057377771
MAX BECKER DR,04-At/near private drive,02-Thru lane,03-Snow,01-Daylight,MIDBLOCK,Wednesday,February,0,MAX BECKER DR,2,ROAD,MINOR,11.0,20.0,PAVED,TwoWay,PAVED,6,50,NO ACCESS,Y,2000.0,76.23271177684009
MAX BECKER DR,04-At/near private drive,02-Thru lane,03-Snow,01-Daylight,MIDBLOCK,Wednesday,February,0,MAX BECKER DR,2,ROAD,MINOR,10.0,28.0,PAVED,TwoWay,PAVED,6,50,NO ACCESS,Y,2003.0,149.76602004775899
MAX BECKER DR,01-Non intersection,02-Thru lane,01-Clear,01-Daylight,MIDBLOCK,Saturday,September,1,MAX BECKER DR,2,ROAD,LOCAL,10.0,20.0,PAVED,TwoWay,PAVED,6,50,NO ACCESS,N,2000.0,156.10904496809601
MAX BECKER DR,01-Non intersection,02-Thru lane,01-Clear,01-Daylight,MIDBLOCK,Saturday,September,1,MAX BECKER DR,2,ROAD,LOCAL,10.0,20.0,PAVED,TwoWay,PAVED,6,50,NO ACCESS,N,2000.0,263.290555348654
MAX BECKER DR,01-Non intersection,02-Thru lane,01-Clear,01-Daylight,MIDBLOCK,Saturday,September,1,MAX BECKER DR,2,ROAD,MINOR,10.0,20.0,PAVED,TwoWay,PAVED,6,50,NO ACCESS,Y,2003.0,156.84165639041902
MAX BECKER DR,01-Non intersection,02-Thru lane,01-Clear,01-Daylight,MIDBLOCK,Saturday,September,1,MAX BECKER DR,2,ROAD,MINOR,10.0,20.0,PAVED,TwoWay,PAVED,6,50,NO ACCESS,Y,2000.0,54.3532001650765
MAX BECKER DR,01-Non intersection,02-Thru lane,01-Clear,01-Daylight,MIDBLOCK,Saturday,September,1,MAX BECKER DR,2,ROAD,MINOR,10.0,20.0,PAVED,TwoWay,PAVED,6,50,NO ACCESS,Y,2003.0,196.9416606004169
MAX BECKER DR,01-Non intersection,02-Thru lane,01-Clear,01-Daylight,MIDBLOCK,Saturday,September,1,MAX BECKER DR,2,ROAD,MINOR,10.0,28.0,PAVED,TwoWay,PAVED,6,50,NO ACCESS,Y,2003.0,137.692057377771
MAX BECKER DR,01-Non intersection,02-Thru lane,01-Clear,01-Daylight,MIDBLOCK,Saturday,September,1,MAX BECKER DR,2,ROAD,MINOR,11.0,20.0,PAVED,TwoWay,PAVED,6,50,NO ACCESS,Y,2000.0,76.23271177684009
MAX BECKER DR,01-Non intersection,02-Thru lane,01-Clear,01-Daylight,MIDBLOCK,Saturday,September,1,MAX BECKER DR,2,ROAD,MINOR,10.0,28.0,PAVED,TwoWay,PAVED,6,50,NO ACCESS,Y,2003.0,149.76602004775899
MAX BECKER DR,04-At/near private drive,02-Thru lane,01-Clear,01-Daylight,MIDBLOCK,Sunday,October,1,MAX BECKER DR,2,ROAD,LOCAL,10.0,20.0,PAVED,TwoWay,PAVED,6,50,NO ACCESS,N,2000.0,156.10904496809601
MAX BECKER DR,04-At/near private drive,02-Thru lane,01-Clear,01-Daylight,MIDBLOCK,Sunday,October,1,MAX BECKER DR,2,ROAD,LOCAL,10.0,20.0,PAVED,TwoWay,PAVED,6,50,NO ACCESS,N,2000.0,263.290555348654
MAX BECKER DR,04-At/near private drive,02-Thru lane,01-Clear,01-Daylight,MIDBLOCK,Sunday,October,1,MAX BECKER DR,2,ROAD,MINOR,10.0,20.0,PAVED,TwoWay,PAVED,6,50,NO ACCESS,Y,2003.0,156.84165639041902
MAX BECKER DR,04-At/near private drive,02-Thru lane,01-Clear,01-Daylight,MIDBLOCK,Sunday,October,1,MAX BECKER DR,2,ROAD,MINOR,10.0,20.0,PAVED,TwoWay,PAVED,6,50,NO ACCESS,Y,2000.0,54.3532001650765
MAX BECKER DR,04-At/near private drive,02-Thru lane,01-Clear,01-Daylight,MIDBLOCK,Sunday,October,1,MAX BECKER DR,2,ROAD,MINOR,10.0,20.0,PAVED,TwoWay,PAVED,6,50,NO ACCESS,Y,2003.0,196.9416606004169
MAX BECKER DR,04-At/near private drive,02-Thru lane,01-Clear,01-Daylight,MIDBLOCK,Sunday,October,1,MAX BECKER DR,2,ROAD,MINOR,10.0,28.0,PAVED,TwoWay,PAVED,6,50,NO ACCESS,Y,2003.0,137.692057377771
MAX BECKER DR,04-At/near private drive,02-Thru lane,01-Clear,01-Daylight,MIDBLOCK,Sunday,October,1,MAX BECKER DR,2,ROAD,MINOR,11.0,20.0,PAVED,TwoWay,PAVED,6,50,NO ACCESS,Y,2000.0,76.23271177684009
MAX BECKER DR,04-At/near private drive,02-Thru lane,01-Clear,01-Daylight,MIDBLOCK,Sunday,October,1,MAX BECKER DR,2,ROAD,MINOR,10.0,28.0,PAVED,TwoWay,PAVED,6,50,NO ACCESS,Y,2003.0,149.76602004775899
MAX BECKER DR,01-Non intersection,02-Thru lane,01-Clear,07-Dark,MIDBLOCK,Saturday,October,1,MAX BECKER DR,2,ROAD,LOCAL,10.0,20.0,PAVED,TwoWay,PAVED,6,50,NO ACCESS,N,2000.0,156.10904496809601
MAX BECKER DR,01-Non intersection,02-Thru lane,01-Clear,07-Dark,MIDBLOCK,Saturday,October,1,MAX BECKER DR,2,ROAD,LOCAL,10.0,20.0,PAVED,TwoWay,PAVED,6,50,NO ACCESS,N,2000.0,263.290555348654
MAX BECKER DR,01-Non intersection,02-Thru lane,01-Clear,07-Dark,MIDBLOCK,Saturday,October,1,MAX BECKER DR,2,ROAD,MINOR,10.0,20.0,PAVED,TwoWay,PAVED,6,50,NO ACCESS,Y,2003.0,156.84165639041902
MAX BECKER DR,01-Non intersection,02-Thru lane,01-Clear,07-Dark,MIDBLOCK,Saturday,October,1,MAX BECKER DR,2,ROAD,MINOR,10.0,20.0,PAVED,TwoWay,PAVED,6,50,NO ACCESS,Y,2000.0,54.3532001650765
MAX BECKER DR,01-Non intersection,02-Thru lane,01-Clear,07-Dark,MIDBLOCK,Saturday,October,1,MAX BECKER DR,2,ROAD,MINOR,10.0,20.0,PAVED,TwoWay,PAVED,6,50,NO ACCESS,Y,2003.0,196.9416606004169
MAX BECKER DR,01-Non intersection,02-Thru lane,01-Clear,07-Dark,MIDBLOCK,Saturday,October,1,MAX BECKER DR,2,ROAD,MINOR,10.0,28.0,PAVED,TwoWay,PAVED,6,50,NO ACCESS,Y,2003.0,137.692057377771
MAX BECKER DR,01-Non intersection,02-Thru lane,01-Clear,07-Dark,MIDBLOCK,Saturday,October,1,MAX BECKER DR,2,ROAD,MINOR,11.0,20.0,PAVED,TwoWay,PAVED,6,50,NO ACCESS,Y,2000.0,76.23271177684009
MAX BECKER DR,01-Non intersection,02-Thru lane,01-Clear,07-Dark,MIDBLOCK,Saturday,October,1,MAX BECKER DR,2,ROAD,MINOR,10.0,28.0,PAVED,TwoWay,PAVED,6,50,NO ACCESS,Y,2003.0,149.76602004775899
MAX BECKER DR,04-At/near private drive,02-Thru lane,01-Clear,01-Daylight,MIDBLOCK,Wednesday,February,0,MAX BECKER DR,2,ROAD,LOCAL,10.0,20.0,PAVED,TwoWay,PAVED,6,50,NO ACCESS,N,2000.0,156.10904496809601
MAX BECKER DR,04-At/near private drive,02-Thru lane,01-Clear,01-Daylight,MIDBLOCK,Wednesday,February,0,MAX BECKER DR,2,ROAD,LOCAL,10.0,20.0,PAVED,TwoWay,PAVED,6,50,NO ACCESS,N,2000.0,263.290555348654
MAX BECKER DR,04-At/near private drive,02-Thru lane,01-Clear,01-Daylight,MIDBLOCK,Wednesday,February,0,MAX BECKER DR,2,ROAD,MINOR,10.0,20.0,PAVED,TwoWay,PAVED,6,50,NO ACCESS,Y,2003.0,156.84165639041902
MAX BECKER DR,04-At/near private drive,02-Thru lane,01-Clear,01-Daylight,MIDBLOCK,Wednesday,February,0,MAX BECKER DR,2,ROAD,MINOR,10.0,20.0,PAVED,TwoWay,PAVED,6,50,NO ACCESS,Y,2000.0,54.3532001650765
MAX BECKER DR,04-At/near private drive,02-Thru lane,01-Clear,01-Daylight,MIDBLOCK,Wednesday,February,0,MAX BECKER DR,2,ROAD,MINOR,10.0,20.0,PAVED,TwoWay,PAVED,6,50,NO ACCESS,Y,2003.0,196.9416606004169
MAX BECKER DR,04-At/near private drive,02-Thru lane,01-Clear,01-Daylight,MIDBLOCK,Wednesday,February,0,MAX BECKER DR,2,ROAD,MINOR,10.0,28.0,PAVED,TwoWay,PAVED,6,50,NO ACCESS,Y,2003.0,137.692057377771
MAX BECKER DR,04-At/near private drive,02-Thru lane,01-Clear,01-Daylight,MIDBLOCK,Wednesday,February,0,MAX BECKER DR,2,ROAD,MINOR,11.0,20.0,PAVED,TwoWay,PAVED,6,50,NO ACCESS,Y,2000.0,76.23271177684009
MAX BECKER DR,04-At/near private drive,02-Thru lane,01-Clear,01-Daylight,MIDBLOCK,Wednesday,February,0,MAX BECKER DR,2,ROAD,MINOR,10.0,28.0,PAVED,TwoWay,PAVED,6,50,NO ACCESS,Y,2003.0,149.76602004775899
MAX BECKER DR,04-At/near private drive,99-Other,01-Clear,05-Dusk,MIDBLOCK,Monday,February,0,MAX BECKER DR,2,ROAD,LOCAL,10.0,20.0,PAVED,TwoWay,PAVED,6,50,NO ACCESS,N,2000.0,156.10904496809601
MAX BECKER DR,04-At/near private drive,99-Other,01-Clear,05-Dusk,MIDBLOCK,Monday,February,0,MAX BECKER DR,2,ROAD,LOCAL,10.0,20.0,PAVED,TwoWay,PAVED,6,50,NO ACCESS,N,2000.0,263.290555348654
MAX BECKER DR,04-At/near private drive,99-Other,01-Clear,05-Dusk,MIDBLOCK,Monday,February,0,MAX BECKER DR,2,ROAD,MINOR,10.0,20.0,PAVED,TwoWay,PAVED,6,50,NO ACCESS,Y,2003.0,156.84165639041902
MAX BECKER DR,04-At/near private drive,99-Other,01-Clear,05-Dusk,MIDBLOCK,Monday,February,0,MAX BECKER DR,2,ROAD,MINOR,10.0,20.0,PAVED,TwoWay,PAVED,6,50,NO ACCESS,Y,2000.0,54.3532001650765
MAX BECKER DR,04-At/near private drive,99-Other,01-Clear,05-Dusk,MIDBLOCK,Monday,February,0,MAX BECKER DR,2,ROAD,MINOR,10.0,20.0,PAVED,TwoWay,PAVED,6,50,NO ACCESS,Y,2003.0,196.9416606004169
MAX BECKER DR,04-At/near private drive,99-Other,01-Clear,05-Dusk,MIDBLOCK,Monday,February,0,MAX BECKER DR,2,ROAD,MINOR,10.0,28.0,PAVED,TwoWay,PAVED,6,50,NO ACCESS,Y,2003.0,137.692057377771
MAX BECKER DR,04-At/near private drive,99-Other,01-Clear,05-Dusk,MIDBLOCK,Monday,February,0,MAX BECKER DR,2,ROAD,MINOR,11.0,20.0,PAVED,TwoWay,PAVED,6,50,NO ACCESS,Y,2000.0,76.23271177684009
MAX BECKER DR,04-At/near private drive,99-Other,01-Clear,05-Dusk,MIDBLOCK,Monday,February,0,MAX BECKER DR,2,ROAD,MINOR,10.0,28.0,PAVED,TwoWay,PAVED,6,50,NO ACCESS,Y,2003.0,149.76602004775899
MAX BECKER DR,01-Non intersection,02-Thru lane,01-Clear,01-Daylight,MIDBLOCK,Monday,January,0,MAX BECKER DR,2,ROAD,LOCAL,10.0,20.0,PAVED,TwoWay,PAVED,6,50,NO ACCESS,N,2000.0,156.10904496809601
MAX BECKER DR,01-Non intersection,02-Thru lane,01-Clear,01-Daylight,MIDBLOCK,Monday,January,0,MAX BECKER DR,2,ROAD,LOCAL,10.0,20.0,PAVED,TwoWay,PAVED,6,50,NO ACCESS,N,2000.0,263.290555348654
MAX BECKER DR,01-Non intersection,02-Thru lane,01-Clear,01-Daylight,MIDBLOCK,Monday,January,0,MAX BECKER DR,2,ROAD,MINOR,10.0,20.0,PAVED,TwoWay,PAVED,6,50,NO ACCESS,Y,2003.0,156.84165639041902
MAX BECKER DR,01-Non intersection,02-Thru lane,01-Clear,01-Daylight,MIDBLOCK,Monday,January,0,MAX BECKER DR,2,ROAD,MINOR,10.0,20.0,PAVED,TwoWay,PAVED,6,50,NO ACCESS,Y,2000.0,54.3532001650765
MAX BECKER DR,01-Non intersection,02-Thru lane,01-Clear,01-Daylight,MIDBLOCK,Monday,January,0,MAX BECKER DR,2,ROAD,MINOR,10.0,20.0,PAVED,TwoWay,PAVED,6,50,NO ACCESS,Y,2003.0,196.9416606004169
MAX BECKER DR,01-Non intersection,02-Thru lane,01-Clear,01-Daylight,MIDBLOCK,Monday,January,0,MAX BECKER DR,2,ROAD,MINOR,10.0,28.0,PAVED,TwoWay,PAVED,6,50,NO ACCESS,Y,2003.0,137.692057377771
MAX BECKER DR,01-Non intersection,02-Thru lane,01-Clear,01-Daylight,MIDBLOCK,Monday,January,0,MAX BECKER DR,2,ROAD,MINOR,11.0,20.0,PAVED,TwoWay,PAVED,6,50,NO ACCESS,Y,2000.0,76.23271177684009