LOCATION,ACCIDENT_LOCATION,IMPACT_LOCATION,ENVIRONMENT_CONDITION,LIGHT,COLLISION_TYPE,DAY_OF_WEEK,MONTH,IS_WEEKEND,STREET,LANES,CATEGORY,SUBCATEGORY,PAVEMENT_WIDTH,ROW_WIDTH,SHOULDER,FLOW_DIRECTION,SURFACE_LAYER_TYPE,OFFICIAL_ROAD_CLASSIFICATION,SPEED_LIMIT_KM,TRUCK_ACCESS,BUS_ROUTE,SERVICE_YEAR,Shape__Length
MAX BECKER DR,01-Non intersection,02-Thru lane,01-Clear,01-Daylight,MIDBLOCK,Monday,January,0,MAX BECKER DR,2,ROAD,MINOR,10.0,28.0,PAVED,TwoWay,PAVED,6,50,NO ACCESS,Y,2003.0,149.76602004775899
MAX BECKER DR,01-Non intersection,02-Thru lane,01-Clear,01-Daylight,MIDBLOCK,Monday,June,0,MAX BECKER DR,2,ROAD,LOCAL,10.0,20.0,PAVED,TwoWay,PAVED,6,50,NO ACCESS,N,2000.0,156.10904496809601
MAX BECKER DR,01-Non intersection,02-Thru lane,01-Clear,01-Daylight,MIDBLOCK,Monday,June,0,MAX BECKER DR,2,ROAD,LOCAL,10.0,20.0,PAVED,TwoWay,PAVED,6,50,NO ACCESS,N,2000.0,263.290555348654
MAX BECKER DR,01-Non intersection,02-Thru lane,01-Clear,01-Daylight,MIDBLOCK,Monday,June,0,MAX BECKER DR,2,ROAD,MINOR,10.0,20.0,PAVED,TwoWay,PAVED,6,50,NO ACCESS,Y,2003.0,156.84165639041902
MAX BECKER DR,01-Non intersection,02-Thru lane,01-Clear,01-Daylight,MIDBLOCK,Monday,June,0,MAX BECKER DR,2,ROAD,MINOR,10.0,20.0,PAVED,TwoWay,PAVED,6,50,NO ACCESS,Y,2000.0,54.3532001650765
MAX BECKER DR,01-Non intersection,02-Thru lane,01-Clear,01-Daylight,MIDBLOCK,Monday,June,0,MAX BECKER DR,2,ROAD,MINOR,10.0,20.0,PAVED,TwoWay,PAVED,6,50,NO ACCESS,Y,2003.0,196.9416606004169
MAX BECKER DR,01-Non intersection,02-Thru lane,01-Clear,01-Daylight,MIDBLOCK,Monday,June,0,MAX BECKER DR,2,ROAD,MINOR,10.0,28.0,PAVED,TwoWay,PAVED,6,50,NO ACCESS,Y,2003.0,137.692057377771
MAX BECKER DR,01-Non intersection,02-Thru lane,01-Clear,01-Daylight,MIDBLOCK,Monday,June,0,MAX BECKER DR,2,ROAD,MINOR,11.0,20.0,PAVED,TwoWay,PAVED,6,50,NO ACCESS,Y,2000.0,76.23271177684009
MAX BECKER DR,01-Non intersection,02-Thru lane,01-Clear,01-Daylight,MIDBLOCK,Monday,June,0,MAX BECKER DR,2,ROAD,MINOR,10.0,28.0,PAVED,TwoWay,PAVED,6,50,NO ACCESS,Y,2003.0,149.76602004775899
MAX BECKER DR,04-At/near private drive,02-Thru lane,01-Clear,01-Daylight,MIDBLOCK,Saturday,May,1,MAX BECKER DR,2,ROAD,LOCAL,10.0,20.0,PAVED,TwoWay,PAVED,6,50,NO ACCESS,N,2000.0,156.10904496809601
MAX BECKER DR,04-At/near private drive,02-Thru lane,01-Clear,01-Daylight,MIDBLOCK,Saturday,May,1,MAX BECKER DR,2,ROAD,LOCAL,10.0,20.0,PAVED,TwoWay,PAVED,6,50,NO ACCESS,N,2000.0,263.290555348654
MAX BECKER DR,04-At/near private drive,02-Thru lane,01-Clear,01-Daylight,MIDBLOCK,Saturday,May,1,MAX BECKER DR,2,ROAD,MINOR,10.0,20.0,PAVED,TwoWay,PAVED,6,50,NO ACCESS,Y,2003.0,156.84165639041902
MAX BECKER DR,04-At/near private drive,02-Thru lane,01-Clear,01-Daylight,MIDBLOCK,Saturday,May,1,MAX BECKER DR,2,ROAD,MINOR,10.0,20.0,PAVED,TwoWay,PAVED,6,50,NO ACCESS,Y,2000.0,54.3532001650765
MAX BECKER DR,04-At/near private drive,02-Thru lane,01-Clear,01-Daylight,MIDBLOCK,Saturday,May,1,MAX BECKER DR,2,ROAD,MINOR,10.0,20.0,PAVED,TwoWay,PAVED,6,50,NO ACCESS,Y,2003.0,196.9416606004169
MAX BECKER DR,04-At/near private drive,02-Thru lane,01-Clear,01-Daylight,MIDBLOCK,Saturday,May,1,MAX BECKER DR,2,ROAD,MINOR,10.0,28.0,PAVED,TwoWay,PAVED,6,50,NO ACCESS,Y,2003.0,137.692057377771
MAX BECKER DR,04-At/near private drive,02-Thru lane,01-Clear,01-Daylight,MIDBLOCK,Saturday,May,1,MAX BECKER DR,2,ROAD,MINOR,11.0,20.0,PAVED,TwoWay,PAVED,6,50,NO ACCESS,Y,2000.0,76.23271177684009
MAX BECKER DR,04-At/near private drive,02-Thru lane,01-Clear,01-Daylight,MIDBLOCK,Saturday,May,1,MAX BECKER DR,2,ROAD,MINOR,10.0,28.0,PAVED,TwoWay,PAVED,6,50,NO ACCESS,Y,2003.0,149.76602004775899
MAX BECKER DR,01-Non intersection,02-Thru lane,01-Clear,01-Daylight,MIDBLOCK,Saturday,July,1,MAX BECKER DR,2,ROAD,LOCAL,10.0,20.0,PAVED,TwoWay,PAVED,6,50,NO ACCESS,N,2000.0,156.10904496809601
MAX BECKER DR,01-Non intersection,02-Thru lane,01-Clear,01-Daylight,MIDBLOCK,Saturday,July,1,MAX BECKER DR,2,ROAD,LOCAL,10.0,20.0,PAVED,TwoWay,PAVED,6,50,NO ACCESS,N,2000.0,263.290555348654
MAX BECKER DR,01-Non intersection,02-Thru lane,01-Clear,01-Daylight,MIDBLOCK,Saturday,July,1,MAX BECKER DR,2,ROAD,MINOR,10.0,20.0,PAVED,TwoWay,PAVED,6,50,NO ACCESS,Y,2003.0,156.84165639041902
MAX BECKER DR,01-Non intersection,02-Thru lane,01-Clear,01-Daylight,MIDBLOCK,Saturday,July,1,MAX BECKER DR,2,ROAD,MINOR,10.0,20.0,PAVED,TwoWay,PAVED,6,50,NO ACCESS,Y,2000.0,54.3532001650765
MAX BECKER DR,01-Non intersection,02-Thru lane,01-Clear,01-Daylight,MIDBLOCK,Saturday,July,1,MAX BECKER DR,2,ROAD,MINOR,10.0,20.0,PAVED,TwoWay,PAVED,6,50,NO ACCESS,Y,2003.0,196.9416606004169
MAX BECKER DR,01-Non intersection,02-Thru lane,01-Clear,01-Daylight,MIDBLOCK,Saturday,July,1,MAX BECKER DR,2,ROAD,MINOR,10.0,28.0,PAVED,TwoWay,PAVED,6,50,NO ACCESS,Y,2003.0,137.692057377771
MAX BECKER DR,01-Non intersection,02-Thru lane,01-Clear,01-Daylight,MIDBLOCK,Saturday,July,1,MAX BECKER DR,2,ROAD,MINOR,11.0,20.0,PAVED,TwoWay,PAVED,6,50,NO ACCESS,Y,2000.0,76.23271177684009
MAX BECKER DR,01-Non intersection,02-Thru lane,01-Clear,01-Daylight,MIDBLOCK,Saturday,July,1,MAX BECKER DR,2,ROAD,MINOR,10.0,28.0,PAVED,TwoWay,PAVED,6,50,NO ACCESS,Y,2003.0,149.76602004775899
MAX BECKER DR,01-Non intersection,07-Passing lane,02-Rain,01-Daylight,MIDBLOCK,Thursday,October,0,MAX BECKER DR,2,ROAD,LOCAL,10.0,20.0,PAVED,TwoWay,PAVED,6,50,NO ACCESS,N,2000.0,156.10904496809601
MAX BECKER DR,01-Non intersection,07-Passing lane,02-Rain,01-Daylight,MIDBLOCK,Thursday,October,0,MAX BECKER DR,2,ROAD,LOCAL,10.0,20.0,PAVED,TwoWay,PAVED,6,50,NO ACCESS,N,2000.0,263.290555348654
MAX BECKER DR,01-Non intersection,07-Passing lane,02-Rain,01-Daylight,MIDBLOCK,Thursday,October,0,MAX BECKER DR,2,ROAD,MINOR,10.0,20.0,PAVED,TwoWay,PAVED,6,50,NO ACCESS,Y,2003.0,156.84165639041902
MAX BECKER DR,01-Non intersection,07-Passing lane,02-Rain,01-Daylight,MIDBLOCK,Thursday,October,0,MAX BECKER DR,2,ROAD,MINOR,10.0,20.0,PAVED,TwoWay,PAVED,6,50,NO ACCESS,Y,2000.0,54.3532001650765
MAX BECKER DR,01-Non intersection,07-Passing lane,02-Rain,01-Daylight,MIDBLOCK,Thursday,October,0,MAX BECKER DR,2,ROAD,MINOR,10.0,20.0,PAVED,TwoWay,PAVED,6,50,NO ACCESS,Y,2003.0,196.9416606004169
MAX BECKER DR,01-Non intersection,07-Passing lane,02-Rain,01-Daylight,MIDBLOCK,Thursday,October,0,MAX BECKER DR,2,ROAD,MINOR,10.0,28.0,PAVED,TwoWay,PAVED,6,50,NO ACCESS,Y,2003.0,137.692057377771
MAX BECKER DR,01-Non intersection,07-Passing lane,02-Rain,01-Daylight,MIDBLOCK,Thursday,October,0,MAX BECKER DR,2,ROAD,MINOR,11.0,20.0,PAVED,TwoWay,PAVED,6,50,NO ACCESS,Y,2000.0,76.23271177684009
MAX BECKER DR,01-Non intersection,07-Passing lane,02-Rain,01-Daylight,MIDBLOCK,Thursday,October,0,MAX BECKER DR,2,ROAD,MINOR,10.0,28.0,PAVED,TwoWay,PAVED,6,50,NO ACCESS,Y,2003.0,149.76602004775899
MAX BECKER DR,01-Non intersection,02-Thru lane,01-Clear,07-Dark,MIDBLOCK,Saturday,September,1,MAX BECKER DR,2,ROAD,LOCAL,10.0,20.0,PAVED,TwoWay,PAVED,6,50,NO ACCESS,N,2000.0,156.10904496809601
MAX BECKER DR,01-Non intersection,02-Thru lane,01-Clear,07-Dark,MIDBLOCK,Saturday,September,1,MAX BECKER DR,2,ROAD,LOCAL,10.0,20.0,PAVED,TwoWay,PAVED,6,50,NO ACCESS,N,2000.0,263.290555348654
MAX BECKER DR,01-Non intersection,02-Thru lane,01-Clear,07-Dark,MIDBLOCK,Saturday,September,1,MAX BECKER DR,2,ROAD,MINOR,10.0,20.0,PAVED,TwoWay,PAVED,6,50,NO ACCESS,Y,2003.0,156.84165639041902
MAX BECKER DR,01-Non intersection,02-Thru lane,01-Clear,07-Dark,MIDBLOCK,Saturday,September,1,MAX BECKER DR,2,ROAD,MINOR,10.0,20.0,PAVED,TwoWay,PAVED,6,50,NO ACCESS,Y,2000.0,54.3532001650765
MAX BECKER DR,01-Non intersection,02-Thru lane,01-Clear,07-Dark,MIDBLOCK,Saturday,September,1,MAX BECKER DR,2,ROAD,MINOR,10.0,20.0,PAVED,TwoWay,PAVED,6,50,NO ACCESS,Y,2003.0,196.9416606004169
MAX BECKER DR,01-Non intersection,02-Thru lane,01-Clear,07-Dark,MIDBLOCK,Saturday,September,1,MAX BECKER DR,2,ROAD,MINOR,10.0,28.0,PAVED,TwoWay,PAVED,6,50,NO ACCESS,Y,2003.0,137.692057377771
MAX BECKER DR,01-Non intersection,02-Thru lane,01-Clear,07-Dark,MIDBLOCK,Saturday,September,1,MAX BECKER DR,2,ROAD,MINOR,11.0,20.0,PAVED,TwoWay,PAVED,6,50,NO ACCESS,Y,2000.0,76.23271177684009
MAX BECKER DR,01-Non intersection,02-Thru lane,01-Clear,07-Dark,MIDBLOCK,Saturday,September,1,MAX BECKER DR,2,ROAD,MINOR,10.0,28.0,PAVED,TwoWay,PAVED,6,50,NO ACCESS,Y,2003.0,149.76602004775899
MAX BECKER DR,04-At/near private drive,02-Thru lane,01-Clear,01-Daylight,MIDBLOCK,Tuesday,June,0,MAX BECKER DR,2,ROAD,LOCAL,10.0,20.0,PAVED,TwoWay,PAVED,6,50,NO ACCESS,N,2000.0,156.10904496809601
MAX BECKER DR,04-At/near private drive,02-Thru lane,01-Clear,01-Daylight,MIDBLOCK,Tuesday,June,0,MAX BECKER DR,2,ROAD,LOCAL,10.0,20.0,PAVED,TwoWay,PAVED,6,50,NO ACCESS,N,2000.0,263.290555348654
MAX BECKER DR,04-At/near private drive,02-Thru lane,01-Clear,01-Daylight,MIDBLOCK,Tuesday,June,0,MAX BECKER DR,2,ROAD,MINOR,10.0,20.0,PAVED,TwoWay,PAVED,6,50,NO ACCESS,Y,2003.0,156.84165639041902
MAX BECKER DR,04-At/near private drive,02-Thru lane,01-Clear,01-Daylight,MIDBLOCK,Tuesday,June,0,MAX BECKER DR,2,ROAD,MINOR,10.0,20.0,PAVED,TwoWay,PAVED,6,50,NO ACCESS,Y,2000.0,54.3532001650765
MAX BECKER DR,04-At/near private drive,02-Thru lane,01-Clear,01-Daylight,MIDBLOCK,Tuesday,June,0,MAX BECKER DR,2,ROAD,MINOR,10.0,20.0,PAVED,TwoWay,PAVED,6,50,NO ACCESS,Y,2003.0,196.9416606004169
MAX BECKER DR,04-At/near private drive,02-Thru lane,01-Clear,01-Daylight,MIDBLOCK,Tuesday,June,0,MAX BECKER DR,2,ROAD,MINOR,10.0,28.0,PAVED,TwoWay,PAVED,6,50,NO ACCESS,Y,2003.0,137.692057377771
MAX BECKER DR,04-At/near private drive,02-Thru lane,01-Clear,01-Daylight,MIDBLOCK,Tuesday,June,0,MAX BECKER DR,2,ROAD,MINOR,11.0,20.0,PAVED,TwoWay,PAVED,6,50,NO ACCESS,Y,2000.0,76.23271177684009
MAX BECKER DR,04-At/near private drive,02-Thru lane,01-Clear,01-Daylight,MIDBLOCK,Tuesday,June,0,MAX BECKER DR,2,ROAD,MINOR,10.0,28.0,PAVED,TwoWay,PAVED,6,50,NO ACCESS,Y,2003.0,149.76602004775899
MAX BECKER DR,01-Non intersection,02-Thru lane,99-Other,01-Daylight,MIDBLOCK,Saturday,August,1,MAX BECKER DR,2,ROAD,LOCAL,10.0,20.0,PAVED,TwoWay,PAVED,6,50,NO ACCESS,N,2000.0,156.10904496809601
MAX BECKER DR,01-Non intersection,02-Thru lane,99-Other,01-Daylight,MIDBLOCK,Saturday,August,1,MAX BECKER DR,2,ROAD,LOCAL,10.0,20.0,PAVED,TwoWay,PAVED,6,50,NO ACCESS,N,2000.0,263.290555348654
MAX BECKER DR,01-Non intersection,02-Thru lane,99-Other,01-Daylight,MIDBLOCK,Saturday,August,1,MAX BECKER DR,2,ROAD,MINOR,10.0,20.0,PAVED,TwoWay,PAVED,6,50,NO ACCESS,Y,2003.0,156.84165639041902
MAX BECKER DR,01-Non intersection,02-Thru lane,99-Other,01-Daylight,MIDBLOCK,Saturday,August,1,MAX BECKER DR,2,ROAD,MINOR,10.0,20.0,PAVED,TwoWay,PAVED,6,50,NO ACCESS,Y,2000.0,54.3532001650765
MAX BECKER DR,01-Non intersection,02-Thru lane,99-Other,01-Daylight,MIDBLOCK,Saturday,August,1,MAX BECKER DR,2,ROAD,MINOR,10.0,20.0,PAVED,TwoWay,PAVED,6,50,NO ACCESS,Y,2003.0,196.9416606004169
MAX BECKER DR,01-Non intersection,02-Thru lane,99-Other,01-Daylight,MIDBLOCK,Saturday,August,1,MAX BECKER DR,2,ROAD,MINOR,10.0,28.0,PAVED,TwoWay,PAVED,6,50,NO ACCESS,Y,2003.0,137.692057377771
MAX BECKER DR,01-Non intersection,02-Thru lane,99-Other,01-Daylight,MIDBLOCK,Saturday,August,1,MAX BECKER DR,2,ROAD,MINOR,11.0,20.0,PAVED,TwoWay,PAVED,6,50,NO ACCESS,Y,2000.0,76.23271177684009
MAX BECKER DR,01-Non intersection,02-Thru lane,99-Other,01-Daylight,MIDBLOCK,Saturday,August,1,MAX BECKER DR,2,ROAD,MINOR,10.0,28.0,PAVED,TwoWay,PAVED,6,50,NO ACCESS,Y,2003.0,149.76602004775899
MAX BECKER DR,01-Non intersection,03-Left turn lane,01-Clear,07-Dark,MIDBLOCK,Wednesday,December,0,MAX BECKER DR,2,ROAD,LOCAL,10.0,20.0,PAVED,TwoWay,PAVED,6,50,NO ACCESS,N,2000.0,156.10904496809601
MAX BECKER DR,01-Non intersection,03-Left turn lane,01-Clear,07-Dark,MIDBLOCK,Wednesday,December,0,MAX BECKER DR,2,ROAD,LOCAL,10.0,20.0,PAVED,TwoWay,PAVED,6,50,NO ACCESS,N,2000.0,263.290555348654
MAX BECKER DR,01-Non intersection,03-Left turn lane,01-Clear,07-Dark,MIDBLOCK,Wednesday,December,0,MAX BECKER DR,2,ROAD,MINOR,10.0,20.0,PAVED,TwoWay,PAVED,6,50,NO ACCESS,Y,2003.0,156.84165639041902
MAX BECKER DR,01-Non intersection,03-Left turn lane,01-Clear,07-Dark,MIDBLOCK,Wednesday,December,0,MAX BECKER DR,2,ROAD,MINOR,10.0,20.0,PAVED,TwoWay,PAVED,6,50,NO ACCESS,Y,2000.0,54.3532001650765
MAX BECKER DR,01-Non intersection,03-Left turn lane,01-Clear,07-Dark,MIDBLOCK,Wednesday,December,0,MAX BECKER DR,2,ROAD,MINOR,10.0,20.0,PAVED,TwoWay,PAVED,6,50,NO ACCESS,Y,2003.0,196.9416606004169
MAX BECKER DR,01-Non intersection,03-Left turn lane,01-Clear,07-Dark,MIDBLOCK,Wednesday,December,0,MAX BECKER DR,2,ROAD,MINOR,10.0,28.0,PAVED,TwoWay,PAVED,6,50,NO ACCESS,Y,2003.0,137.692057377771
MAX BECKER DR,01-Non intersection,03-Left turn lane,01-Clear,07-Dark,MIDBLOCK,Wednesday,December,0,MAX BECKER DR,2,ROAD,MINOR,11.0,20.0,PAVED,TwoWay,PAVED,6,50,NO ACCESS,Y,2000.0,76.23271177684009
MAX BECKER DR,01-Non intersection,03-Left turn lane,01-Clear,07-Dark,MIDBLOCK,Wednesday,December,0,MAX BECKER DR,2,ROAD,MINOR,10.0,28.0,PAVED,TwoWay,PAVED,6,50,NO ACCESS,Y,2003.0,149.76602004775899
MAX BECKER DR,04-At/near private drive,99-Other,01-Clear,01-Daylight,MIDBLOCK,Friday,September,0,MAX BECKER DR,2,ROAD,LOCAL,10.0,20.0,PAVED,TwoWay,PAVED,6,50,NO ACCESS,N,2000.0,156.10904496809601
MAX BECKER DR,04-At/near private drive,99-Other,01-Clear,01-Daylight,MIDBLOCK,Friday,September,0,MAX BECKER DR,2,ROAD,LOCAL,10.0,20.0,PAVED,TwoWay,PAVED,6,50,NO ACCESS,N,2000.0,263.290555348654
MAX BECKER DR,04-At/near private drive,99-Other,01-Clear,01-Daylight,MIDBLOCK,Friday,September,0,MAX BECKER DR,2,ROAD,MINOR,10.0,20.0,PAVED,TwoWay,PAVED,6,50,NO ACCESS,Y,2003.0,156.84165639041902
MAX BECKER DR,04-At/near private drive,99-Other,01-Clear,01-Daylight,MIDBLOCK,Friday,September,0,MAX BECKER DR,2,ROAD,MINOR,10.0,20.0,PAVED,TwoWay,PAVED,6,50,NO ACCESS,Y,2000.0,54.3532001650765
MAX BECKER DR,04-At/near private drive,99-Other,01-Clear,01-Daylight,MIDBLOCK,Friday,September,0,MAX BECKER DR,2,ROAD,MINOR,10.0,20.0,PAVED,TwoWay,PAVED,6,50,NO ACCESS,Y,2003.0,196.9416606004169
MAX BECKER DR,04-At/near private drive,99-Other,01-Clear,01-Daylight,MIDBLOCK,Friday,September,0,MAX BECKER DR,2,ROAD,MINOR,10.0,28.0,PAVED,TwoWay,PAVED,6,50,NO ACCESS,Y,2003.0,137.692057377771
MAX BECKER DR,04-At/near private drive,99-Other,01-Clear,01-Daylight,MIDBLOCK,Friday,September,0,MAX BECKER DR,2,ROAD,MINOR,11.0,20.0,PAVED,TwoWay,PAVED,6,50,NO ACCESS,Y,2000.0,76.23271177684009
MAX BECKER DR,04-At/near private drive,99-Other,01-Clear,01-Daylight,MIDBLOCK,Friday,September,0,MAX BECKER DR,2,ROAD,MINOR,10.0,28.0,PAVED,TwoWay,PAVED,6,50,NO ACCESS,Y,2003.0,149.76602004775899
MAX BECKER DR,01-Non intersection,02-Thru lane,01-Clear,01-Daylight,MIDBLOCK,Saturday,February,1,MAX BECKER DR,2,ROAD,LOCAL,10.0,20.0,PAVED,TwoWay,PAVED,6,50,NO ACCESS,N,2000.0,156.10904496809601
MAX BECKER DR,01-Non intersection,02-Thru lane,01-Clear,01-Daylight,MIDBLOCK,Saturday,February,1,MAX BECKER DR,2,ROAD,LOCAL,10.0,20.0,PAVED,TwoWay,PAVED,6,50,NO ACCESS,N,2000.0,263.290555348654
MAX BECKER DR,01-Non intersection,02-Thru lane,01-Clear,01-Daylight,MIDBLOCK,Saturday,February,1,MAX BECKER DR,2,ROAD,MINOR,10.0,20.0,PAVED,TwoWay,PAVED,6,50,NO ACCESS,Y,2003.0,156.84165639041902
MAX BECKER DR,01-Non intersection,02-Thru lane,01-Clear,01-Daylight,MIDBLOCK,Saturday,February,1,MAX BECKER DR,2,ROAD,MINOR,10.0,20.0,PAVED,TwoWay,PAVED,6,50,NO ACCESS,Y,2000.0,54.3532001650765
MAX BECKER DR,01-Non intersection,02-Thru lane,01-Clear,01-Daylight,MIDBLOCK,Saturday,February,1,MAX BECKER DR,2,ROAD,MINOR,10.0,20.0,PAVED,TwoWay,PAVED,6,50,NO ACCESS,Y,2003.0,196.9416606004169
MAX BECKER DR,01-Non intersection,02-Thru lane,01-Clear,01-Daylight,MIDBLOCK,Saturday,February,1,MAX BECKER DR,2,ROAD,MINOR,10.0,28.0,PAVED,TwoWay,PAVED,6,50,NO ACCESS,Y,2003.0,137.692057377771
MAX BECKER DR,01-Non intersection,02-Thru lane,01-Clear,01-Daylight,MIDBLOCK,Saturday,February,1,MAX BECKER DR,2,ROAD,MINOR,11.0,20.0,PAVED,TwoWay,PAVED,6,50,NO ACCESS,Y,2000.0,76.23271177684009
MAX BECKER DR,01-Non intersection,02-Thru lane,01-Clear,01-Daylight,MIDBLOCK,Saturday,February,1,MAX BECKER DR,2,ROAD,MINOR,10.0,28.0,PAVED,TwoWay,PAVED,6,50,NO ACCESS,Y,2003.0,149.76602004775899
MAX BECKER DR,01-Non intersection,11-Not on roadway - right side,01-Clear,"08-Dark, artificial",MIDBLOCK,Monday,March,0,MAX BECKER DR,2,ROAD,LOCAL,10.0,20.0,PAVED,TwoWay,PAVED,6,50,NO ACCESS,N,2000.0,156.10904496809601
MAX BECKER DR,01-Non intersection,11-Not on roadway - right side,01-Clear,"08-Dark, artificial",MIDBLOCK,Monday,March,0,MAX BECKER DR,2,ROAD,LOCAL,10.0,20.0,PAVED,TwoWay,PAVED,6,50,NO ACCESS,N,2000.0,263.290555348654
MAX BECKER DR,01-Non intersection,11-Not on roadway - right side,01-Clear,"08-Dark, artificial",MIDBLOCK,Monday,March,0,MAX BECKER DR,2,ROAD,MINOR,10.0,20.0,PAVED,TwoWay,PAVED,6,50,NO ACCESS,Y,2003.0,156.84165639041902
MAX BECKER DR,01-Non intersection,11-Not on roadway - right side,01-Clear,"08-Dark, artificial",MIDBLOCK,Monday,March,0,MAX BECKER DR,2,ROAD,MINOR,10.0,20.0,PAVED,TwoWay,PAVED,6,50,NO ACCESS,Y,2000.0,54.3532001650765
MAX BECKER DR,01-Non intersection,11-Not on roadway - right side,01-Clear,"08-Dark, artificial",MIDBLOCK,Monday,March,0,MAX BECKER DR,2,ROAD,MINOR,10.0,20.0,PAVED,TwoWay,PAVED,6,50,NO ACCESS,Y,2003.0,196.9416606004169
MAX BECKER DR,01-Non intersection,11-Not on roadway - right side,01-Clear,"08-Dark, artificial",MIDBLOCK,Monday,March,0,MAX BECKER DR,2,ROAD,MINOR,10.0,28.0,PAVED,TwoWay,PAVED,6,50,NO ACCESS,Y,2003.0,137.692057377771
MAX BECKER DR,01-Non intersection,11-Not on roadway - right side,01-Clear,"08-Dark, artificial",MIDBLOCK,Monday,March,0,MAX BECKER DR,2,ROAD,MINOR,11.0,20.0,PAVED,TwoWay,PAVED,6,50,NO ACCESS,Y,2000.0,76.23271177684009
MAX BECKER DR,01-Non intersection,11-Not on roadway - right side,01-Clear,"08-Dark, artificial",MIDBLOCK,Monday,March,0,MAX BECKER DR,2,ROAD,MINOR,10.0,28.0,PAVED,TwoWay,PAVED,6,50,NO ACCESS,Y,2003.0,149.76602004775899
MAX BECKER DR,01-Non intersection,10-Not on roadway - left side,03-Snow,"08-Dark, artificial",MIDBLOCK,Friday,November,0,MAX BECKER DR,2,ROAD,LOCAL,10.0,20.0,PAVED,TwoWay,PAVED,6,50,NO ACCESS,N,2000.0,156.10904496809601
MAX BECKER DR,01-Non intersection,10-Not on roadway - left side,03-Snow,"08-Dark, artificial",MIDBLOCK,Friday,November,0,MAX BECKER DR,2,ROAD,LOCAL,10.0,20.0,PAVED,TwoWay,PAVED,6,50,NO ACCESS,N,2000.0,263.290555348654
MAX BECKER DR,01-Non intersection,10-Not on roadway - left side,03-Snow,"08-Dark, artificial",MIDBLOCK,Friday,November,0,MAX BECKER DR,2,ROAD,MINOR,10.0,20.0,PAVED,TwoWay,PAVED,6,50,NO ACCESS,Y,2003.0,156.84165639041902
MAX BECKER DR,01-Non intersection,10-Not on roadway - left side,03-Snow,"08-Dark, artificial",MIDBLOCK,Friday,November,0,MAX BECKER DR,2,ROAD,MINOR,10.0,20.0,PAVED,TwoWay,PAVED,6,50,NO ACCESS,Y,2000.0,54.3532001650765
MAX BECKER DR,01-Non intersection,10-Not on roadway - left side,03-Snow,"08-Dark, artificial",MIDBLOCK,Friday,November,0,MAX BECKER DR,2,ROAD,MINOR,10.0,20.0,PAVED,TwoWay,PAVED,6,50,NO ACCESS,Y,2003.0,196.9416606004169
MAX BECKER DR,01-Non intersection,10-Not on roadway - left side,03-Snow,"08-Dark, artificial",MIDBLOCK,Friday,November,0,MAX BECKER DR,2,ROAD,MINOR,10.0,28.0,PAVED,TwoWay,PAVED,6,50,NO ACCESS,Y,2003.0,137.692057377771
MAX BECKER DR,01-Non intersection,10-Not on roadway - left side,03-Snow,"08-Dark, artificial",MIDBLOCK,Friday,November,0,MAX BECKER DR,2,ROAD,MINOR,11.0,20.0,PAVED,TwoWay,PAVED,6,50,NO ACCESS,Y,2000.0,76.23271177684009
MAX BECKER DR,01-Non intersection,10-Not on roadway - left side,03-Snow,"08-Dark, artificial",MIDBLOCK,Friday,November,0,MAX BECKER DR,2,ROAD,MINOR,10.0,28.0,PAVED,TwoWay,PAVED,6,50,NO ACCESS,Y,2003.0,149.76602004775899
MAX BECKER DR,01-Non intersection,02-Thru lane,03-Snow,01-Daylight,MIDBLOCK,Saturday,February,1,MAX BECKER DR,2,ROAD,LOCAL,10.0,20.0,PAVED,TwoWay,PAVED,6,50,NO ACCESS,N,2000.0,156.10904496809601
MAX BECKER DR,01-Non intersection,02-Thru lane,03-Snow,01-Daylight,MIDBLOCK,Saturday,February,1,MAX BECKER DR,2,ROAD,LOCAL,10.0,20.0,PAVED,TwoWay,PAVED,6,50,NO ACCESS,N,2000.0,263.290555348654
MAX BECKER DR,01-Non intersection,02-Thru lane,03-Snow,01-Daylight,MIDBLOCK,Saturday,February,1,MAX BECKER DR,2,ROAD,MINOR,10.0,20.0,PAVED,TwoWay,PAVED,6,50,NO ACCESS,Y,2003.0,156.84165639041902
MAX BECKER DR,01-Non intersection,02-Thru lane,03-Snow,01-Daylight,MIDBLOCK,Saturday,February,1,MAX BECKER DR,2,ROAD,MINOR,10.0,20.0,PAVED,TwoWay,PAVED,6,50,NO ACCESS,Y,2000.0,54.3532001650765
MAX BECKER DR,01-Non intersection,02-Thru lane,03-Snow,01-Daylight,MIDBLOCK,Saturday,February,1,MAX BECKER DR,2,ROAD,MINOR,10.0,20.0,PAVED,TwoWay,PAVED,6,50,NO ACCESS,Y,2003.0,196.9416606004169
MAX BECKER DR,01-Non intersection,02-Thru lane,03-Snow,01-Daylight,MIDBLOCK,Saturday,February,1,MAX BECKER DR,2,ROAD,MINOR,10.0,28.0,PAVED,TwoWay,PAVED,6,50,NO ACCESS,Y,2003.0,137.692057377771