LOCATION,ACCIDENT_LOCATION,IMPACT_LOCATION,ENVIRONMENT_CONDITION,LIGHT,COLLISION_TYPE,DAY_OF_WEEK,MONTH,IS_WEEKEND,STREET,LANES,CATEGORY,SUBCATEGORY,PAVEMENT_WIDTH,ROW_WIDTH,SHOULDER,FLOW_DIRECTION,SURFACE_LAYER_TYPE,OFFICIAL_ROAD_CLASSIFICATION,SPEED_LIMIT_KM,TRUCK_ACCESS,BUS_ROUTE,SERVICE_YEAR,Shape__Length
MAX BECKER DR,01-Non intersection,02-Thru lane,03-Snow,01-Daylight,MIDBLOCK,Saturday,February,1,MAX BECKER DR,2,ROAD,MINOR,11.0,20.0,PAVED,TwoWay,PAVED,6,50,NO ACCESS,Y,2000.0,76.23271177684009
MAX BECKER DR,01-Non intersection,02-Thru lane,03-Snow,01-Daylight,MIDBLOCK,Saturday,February,1,MAX BECKER DR,2,ROAD,MINOR,10.0,28.0,PAVED,TwoWay,PAVED,6,50,NO ACCESS,Y,2003.0,149.76602004775899
MAX BECKER DR,04-At/near private drive,09-Right shoulder,01-Clear,01-Daylight,MIDBLOCK,Friday,April,0,MAX BECKER DR,2,ROAD,LOCAL,10.0,20.0,PAVED,TwoWay,PAVED,6,50,NO ACCESS,N,2000.0,156.10904496809601
MAX BECKER DR,04-At/near private drive,09-Right shoulder,01-Clear,01-Daylight,MIDBLOCK,Friday,April,0,MAX BECKER DR,2,ROAD,LOCAL,10.0,20.0,PAVED,TwoWay,PAVED,6,50,NO ACCESS,N,2000.0,263.290555348654
MAX BECKER DR,04-At/near private drive,09-Right shoulder,01-Clear,01-Daylight,MIDBLOCK,Friday,April,0,MAX BECKER DR,2,ROAD,MINOR,10.0,20.0,PAVED,TwoWay,PAVED,6,50,NO ACCESS,Y,2003.0,156.84165639041902
MAX BECKER DR,04-At/near private drive,09-Right shoulder,01-Clear,01-Daylight,MIDBLOCK,Friday,April,0,MAX BECKER DR,2,ROAD,MINOR,10.0,20.0,PAVED,TwoWay,PAVED,6,50,NO ACCESS,Y,2000.0,54.3532001650765
MAX BECKER DR,04-At/near private drive,09-Right shoulder,01-Clear,01-Daylight,MIDBLOCK,Friday,April,0,MAX BECKER DR,2,ROAD,MINOR,10.0,20.0,PAVED,TwoWay,PAVED,6,50,NO ACCESS,Y,2003.0,196.9416606004169
MAX BECKER DR,04-At/near private drive,09-Right shoulder,01-Clear,01-Daylight,MIDBLOCK,Friday,April,0,MAX BECKER DR,2,ROAD,MINOR,10.0,28.0,PAVED,TwoWay,PAVED,6,50,NO ACCESS,Y,2003.0,137.692057377771
MAX BECKER DR,04-At/near private drive,09-Right shoulder,01-Clear,01-Daylight,MIDBLOCK,Friday,April,0,MAX BECKER DR,2,ROAD,MINOR,11.0,20.0,PAVED,TwoWay,PAVED,6,50,NO ACCESS,Y,2000.0,76.23271177684009
MAX BECKER DR,04-At/near private drive,09-Right shoulder,01-Clear,01-Daylight,MIDBLOCK,Friday,April,0,MAX BECKER DR,2,ROAD,MINOR,10.0,28.0,PAVED,TwoWay,PAVED,6,50,NO ACCESS,Y,2003.0,149.76602004775899
MAX BECKER DR,04-At/near private drive,02-Thru lane,02-Rain,01-Daylight,MIDBLOCK,Thursday,March,0,MAX BECKER DR,2,ROAD,LOCAL,10.0,20.0,PAVED,TwoWay,PAVED,6,50,NO ACCESS,N,2000.0,156.10904496809601
MAX BECKER DR,04-At/near private drive,02-Thru lane,02-Rain,01-Daylight,MIDBLOCK,Thursday,March,0,MAX BECKER DR,2,ROAD,LOCAL,10.0,20.0,PAVED,TwoWay,PAVED,6,50,NO ACCESS,N,2000.0,263.290555348654
MAX BECKER DR,04-At/near private drive,02-Thru lane,02-Rain,01-Daylight,MIDBLOCK,Thursday,March,0,MAX BECKER DR,2,ROAD,MINOR,10.0,20.0,PAVED,TwoWay,PAVED,6,50,NO ACCESS,Y,2003.0,156.84165639041902
MAX BECKER DR,04-At/near private drive,02-Thru lane,02-Rain,01-Daylight,MIDBLOCK,Thursday,March,0,MAX BECKER DR,2,ROAD,MINOR,10.0,20.0,PAVED,TwoWay,PAVED,6,50,NO ACCESS,Y,2000.0,54.3532001650765
MAX BECKER DR,04-At/near private drive,02-Thru lane,02-Rain,01-Daylight,MIDBLOCK,Thursday,March,0,MAX BECKER DR,2,ROAD,MINOR,10.0,20.0,PAVED,TwoWay,PAVED,6,50,NO ACCESS,Y,2003.0,196.9416606004169
MAX BECKER DR,04-At/near private drive,02-Thru lane,02-Rain,01-Daylight,MIDBLOCK,Thursday,March,0,MAX BECKER DR,2,ROAD,MINOR,10.0,28.0,PAVED,TwoWay,PAVED,6,50,NO ACCESS,Y,2003.0,137.692057377771
MAX BECKER DR,04-At/near private drive,02-Thru lane,02-Rain,01-Daylight,MIDBLOCK,Thursday,March,0,MAX BECKER DR,2,ROAD,MINOR,11.0,20.0,PAVED,TwoWay,PAVED,6,50,NO ACCESS,Y,2000.0,76.23271177684009
MAX BECKER DR,04-At/near private drive,02-Thru lane,02-Rain,01-Daylight,MIDBLOCK,Thursday,March,0,MAX BECKER DR,2,ROAD,MINOR,10.0,28.0,PAVED,TwoWay,PAVED,6,50,NO ACCESS,Y,2003.0,149.76602004775899
MAX BECKER DR,04-At/near private drive,02-Thru lane,01-Clear,01-Daylight,MIDBLOCK,Friday,May,0,MAX BECKER DR,2,ROAD,LOCAL,10.0,20.0,PAVED,TwoWay,PAVED,6,50,NO ACCESS,N,2000.0,156.10904496809601
MAX BECKER DR,04-At/near private drive,02-Thru lane,01-Clear,01-Daylight,MIDBLOCK,Friday,May,0,MAX BECKER DR,2,ROAD,LOCAL,10.0,20.0,PAVED,TwoWay,PAVED,6,50,NO ACCESS,N,2000.0,263.290555348654
MAX BECKER DR,04-At/near private drive,02-Thru lane,01-Clear,01-Daylight,MIDBLOCK,Friday,May,0,MAX BECKER DR,2,ROAD,MINOR,10.0,20.0,PAVED,TwoWay,PAVED,6,50,NO ACCESS,Y,2003.0,156.84165639041902
MAX BECKER DR,04-At/near private drive,02-Thru lane,01-Clear,01-Daylight,MIDBLOCK,Friday,May,0,MAX BECKER DR,2,ROAD,MINOR,10.0,20.0,PAVED,TwoWay,PAVED,6,50,NO ACCESS,Y,2000.0,54.3532001650765
MAX BECKER DR,04-At/near private drive,02-Thru lane,01-Clear,01-Daylight,MIDBLOCK,Friday,May,0,MAX BECKER DR,2,ROAD,MINOR,10.0,20.0,PAVED,TwoWay,PAVED,6,50,NO ACCESS,Y,2003.0,196.9416606004169
MAX BECKER DR,04-At/near private drive,02-Thru lane,01-Clear,01-Daylight,MIDBLOCK,Friday,May,0,MAX BECKER DR,2,ROAD,MINOR,10.0,28.0,PAVED,TwoWay,PAVED,6,50,NO ACCESS,Y,2003.0,137.692057377771
MAX BECKER DR,04-At/near private drive,02-Thru lane,01-Clear,01-Daylight,MIDBLOCK,Friday,May,0,MAX BECKER DR,2,ROAD,MINOR,11.0,20.0,PAVED,TwoWay,PAVED,6,50,NO ACCESS,Y,2000.0,76.23271177684009
MAX BECKER DR,04-At/near private drive,02-Thru lane,01-Clear,01-Daylight,MIDBLOCK,Friday,May,0,MAX BECKER DR,2,ROAD,MINOR,10.0,28.0,PAVED,TwoWay,PAVED,6,50,NO ACCESS,Y,2003.0,149.76602004775899
MAX BECKER DR,01-Non intersection,02-Thru lane,03-Snow,01-Daylight,MIDBLOCK,Friday,February,0,MAX BECKER DR,2,ROAD,LOCAL,10.0,20.0,PAVED,TwoWay,PAVED,6,50,NO ACCESS,N,2000.0,156.10904496809601
MAX BECKER DR,01-Non intersection,02-Thru lane,03-Snow,01-Daylight,MIDBLOCK,Friday,February,0,MAX BECKER DR,2,ROAD,LOCAL,10.0,20.0,PAVED,TwoWay,PAVED,6,50,NO ACCESS,N,2000.0,263.290555348654
MAX BECKER DR,01-Non intersection,02-Thru lane,03-Snow,01-Daylight,MIDBLOCK,Friday,February,0,MAX BECKER DR,2,ROAD,MINOR,10.0,20.0,PAVED,TwoWay,PAVED,6,50,NO ACCESS,Y,2003.0,156.84165639041902
MAX BECKER DR,01-Non intersection,02-Thru lane,03-Snow,01-Daylight,MIDBLOCK,Friday,February,0,MAX BECKER DR,2,ROAD,MINOR,10.0,20.0,PAVED,TwoWay,PAVED,6,50,NO ACCESS,Y,2000.0,54.3532001650765
MAX BECKER DR,01-Non intersection,02-Thru lane,03-Snow,01-Daylight,MIDBLOCK,Friday,February,0,MAX BECKER DR,2,ROAD,MINOR,10.0,20.0,PAVED,TwoWay,PAVED,6,50,NO ACCESS,Y,2003.0,196.9416606004169
MAX BECKER DR,01-Non intersection,02-Thru lane,03-Snow,01-Daylight,MIDBLOCK,Friday,February,0,MAX BECKER DR,2,ROAD,MINOR,10.0,28.0,PAVED,TwoWay,PAVED,6,50,NO ACCESS,Y,2003.0,137.692057377771
MAX BECKER DR,01-Non intersection,02-Thru lane,03-Snow,01-Daylight,MIDBLOCK,Friday,February,0,MAX BECKER DR,2,ROAD,MINOR,11.0,20.0,PAVED,TwoWay,PAVED,6,50,NO ACCESS,Y,2000.0,76.23271177684009
MAX BECKER DR,01-Non intersection,02-Thru lane,03-Snow,01-Daylight,MIDBLOCK,Friday,February,0,MAX BECKER DR,2,ROAD,MINOR,10.0,28.0,PAVED,TwoWay,PAVED,6,50,NO ACCESS,Y,2003.0,149.76602004775899
MAX BECKER DR,04-At/near private drive,02-Thru lane,01-Clear,01-Daylight,MIDBLOCK,Wednesday,October,0,MAX BECKER DR,2,ROAD,LOCAL,10.0,20.0,PAVED,TwoWay,PAVED,6,50,NO ACCESS,N,2000.0,156.10904496809601
MAX BECKER DR,04-At/near private drive,02-Thru lane,01-Clear,01-Daylight,MIDBLOCK,Wednesday,October,0,MAX BECKER DR,2,ROAD,LOCAL,10.0,20.0,PAVED,TwoWay,PAVED,6,50,NO ACCESS,N,2000.0,263.290555348654
MAX BECKER DR,04-At/near private drive,02-Thru lane,01-Clear,01-Daylight,MIDBLOCK,Wednesday,October,0,MAX BECKER DR,2,ROAD,MINOR,10.0,20.0,PAVED,TwoWay,PAVED,6,50,NO ACCESS,Y,2003.0,156.84165639041902
MAX BECKER DR,04-At/near private drive,02-Thru lane,01-Clear,01-Daylight,MIDBLOCK,Wednesday,October,0,MAX BECKER DR,2,ROAD,MINOR,10.0,20.0,PAVED,TwoWay,PAVED,6,50,NO ACCESS,Y,2000.0,54.3532001650765
MAX BECKER DR,04-At/near private drive,02-Thru lane,01-Clear,01-Daylight,MIDBLOCK,Wednesday,October,0,MAX BECKER DR,2,ROAD,MINOR,10.0,20.0,PAVED,TwoWay,PAVED,6,50,NO ACCESS,Y,2003.0,196.9416606004169
MAX BECKER DR,04-At/near private drive,02-Thru lane,01-Clear,01-Daylight,MIDBLOCK,Wednesday,October,0,MAX BECKER DR,2,ROAD,MINOR,10.0,28.0,PAVED,TwoWay,PAVED,6,50,NO ACCESS,Y,2003.0,137.692057377771
MAX BECKER DR,04-At/near private drive,02-Thru lane,01-Clear,01-Daylight,MIDBLOCK,Wednesday,October,0,MAX BECKER DR,2,ROAD,MINOR,11.0,20.0,PAVED,TwoWay,PAVED,6,50,NO ACCESS,Y,2000.0,76.23271177684009
MAX BECKER DR,04-At/near private drive,02-Thru lane,01-Clear,01-Daylight,MIDBLOCK,Wednesday,October,0,MAX BECKER DR,2,ROAD,MINOR,10.0,28.0,PAVED,TwoWay,PAVED,6,50,NO ACCESS,Y,2003.0,149.76602004775899
MAX BECKER DR,01-Non intersection,02-Thru lane,03-Snow,07-Dark,MIDBLOCK,Friday,December,0,MAX BECKER DR,2,ROAD,LOCAL,10.0,20.0,PAVED,TwoWay,PAVED,6,50,NO ACCESS,N,2000.0,156.10904496809601
MAX BECKER DR,01-Non intersection,02-Thru lane,03-Snow,07-Dark,MIDBLOCK,Friday,December,0,MAX BECKER DR,2,ROAD,LOCAL,10.0,20.0,PAVED,TwoWay,PAVED,6,50,NO ACCESS,N,2000.0,263.290555348654
MAX BECKER DR,01-Non intersection,02-Thru lane,03-Snow,07-Dark,MIDBLOCK,Friday,December,0,MAX BECKER DR,2,ROAD,MINOR,10.0,20.0,PAVED,TwoWay,PAVED,6,50,NO ACCESS,Y,2003.0,156.84165639041902
MAX BECKER DR,01-Non intersection,02-Thru lane,03-Snow,07-Dark,MIDBLOCK,Friday,December,0,MAX BECKER DR,2,ROAD,MINOR,10.0,20.0,PAVED,TwoWay,PAVED,6,50,NO ACCESS,Y,2000.0,54.3532001650765
MAX BECKER DR,01-Non intersection,02-Thru lane,03-Snow,07-Dark,MIDBLOCK,Friday,December,0,MAX BECKER DR,2,ROAD,MINOR,10.0,20.0,PAVED,TwoWay,PAVED,6,50,NO ACCESS,Y,2003.0,196.9416606004169
MAX BECKER DR,01-Non intersection,02-Thru lane,03-Snow,07-Dark,MIDBLOCK,Friday,December,0,MAX BECKER DR,2,ROAD,MINOR,10.0,28.0,PAVED,TwoWay,PAVED,6,50,NO ACCESS,Y,2003.0,137.692057377771
MAX BECKER DR,01-Non intersection,02-Thru lane,03-Snow,07-Dark,MIDBLOCK,Friday,December,0,MAX BECKER DR,2,ROAD,MINOR,11.0,20.0,PAVED,TwoWay,PAVED,6,50,NO ACCESS,Y,2000.0,76.23271177684009
MAX BECKER DR,01-Non intersection,02-Thru lane,03-Snow,07-Dark,MIDBLOCK,Friday,December,0,MAX BECKER DR,2,ROAD,MINOR,10.0,28.0,PAVED,TwoWay,PAVED,6,50,NO ACCESS,Y,2003.0,149.76602004775899
MAX BECKER DR,04-At/near private drive,02-Thru lane,01-Clear,01-Daylight,MIDBLOCK,Monday,November,0,MAX BECKER DR,2,ROAD,LOCAL,10.0,20.0,PAVED,TwoWay,PAVED,6,50,NO ACCESS,N,2000.0,156.10904496809601
MAX BECKER DR,04-At/near private drive,02-Thru lane,01-Clear,01-Daylight,MIDBLOCK,Monday,November,0,MAX BECKER DR,2,ROAD,LOCAL,10.0,20.0,PAVED,TwoWay,PAVED,6,50,NO ACCESS,N,2000.0,263.290555348654
MAX BECKER DR,04-At/near private drive,02-Thru lane,01-Clear,01-Daylight,MIDBLOCK,Monday,November,0,MAX BECKER DR,2,ROAD,MINOR,10.0,20.0,PAVED,TwoWay,PAVED,6,50,NO ACCESS,Y,2003.0,156.84165639041902
MAX BECKER DR,04-At/near private drive,02-Thru lane,01-Clear,01-Daylight,MIDBLOCK,Monday,November,0,MAX BECKER DR,2,ROAD,MINOR,10.0,20.0,PAVED,TwoWay,PAVED,6,50,NO ACCESS,Y,2000.0,54.3532001650765
MAX BECKER DR,04-At/near private drive,02-Thru lane,01-Clear,01-Daylight,MIDBLOCK,Monday,November,0,MAX BECKER DR,2,ROAD,MINOR,10.0,20.0,PAVED,TwoWay,PAVED,6,50,NO ACCESS,Y,2003.0,196.9416606004169
MAX BECKER DR,04-At/near private drive,02-Thru lane,01-Clear,01-Daylight,MIDBLOCK,Monday,November,0,MAX BECKER DR,2,ROAD,MINOR,10.0,28.0,PAVED,TwoWay,PAVED,6,50,NO ACCESS,Y,2003.0,137.692057377771
MAX BECKER DR,04-At/near private drive,02-Thru lane,01-Clear,01-Daylight,MIDBLOCK,Monday,November,0,MAX BECKER DR,2,ROAD,MINOR,11.0,20.0,PAVED,TwoWay,PAVED,6,50,NO ACCESS,Y,2000.0,76.23271177684009
MAX BECKER DR,04-At/near private drive,02-Thru lane,01-Clear,01-Daylight,MIDBLOCK,Monday,November,0,MAX BECKER DR,2,ROAD,MINOR,10.0,28.0,PAVED,TwoWay,PAVED,6,50,NO ACCESS,Y,2003.0,149.76602004775899
MAX BECKER DR,04-At/near private drive,12-Off highway,01-Clear,"08-Dark, artificial",MIDBLOCK,Thursday,December,0,MAX BECKER DR,2,ROAD,LOCAL,10.0,20.0,PAVED,TwoWay,PAVED,6,50,NO ACCESS,N,2000.0,156.10904496809601
MAX BECKER DR,04-At/near private drive,12-Off highway,01-Clear,"08-Dark, artificial",MIDBLOCK,Thursday,December,0,MAX BECKER DR,2,ROAD,LOCAL,10.0,20.0,PAVED,TwoWay,PAVED,6,50,NO ACCESS,N,2000.0,263.290555348654
MAX BECKER DR,04-At/near private drive,12-Off highway,01-Clear,"08-Dark, artificial",MIDBLOCK,Thursday,December,0,MAX BECKER DR,2,ROAD,MINOR,10.0,20.0,PAVED,TwoWay,PAVED,6,50,NO ACCESS,Y,2003.0,156.84165639041902
MAX BECKER DR,04-At/near private drive,12-Off highway,01-Clear,"08-Dark, artificial",MIDBLOCK,Thursday,December,0,MAX BECKER DR,2,ROAD,MINOR,10.0,20.0,PAVED,TwoWay,PAVED,6,50,NO ACCESS,Y,2000.0,54.3532001650765
MAX BECKER DR,04-At/near private drive,12-Off highway,01-Clear,"08-Dark, artificial",MIDBLOCK,Thursday,December,0,MAX BECKER DR,2,ROAD,MINOR,10.0,20.0,PAVED,TwoWay,PAVED,6,50,NO ACCESS,Y,2003.0,196.9416606004169
MAX BECKER DR,04-At/near private drive,12-Off highway,01-Clear,"08-Dark, artificial",MIDBLOCK,Thursday,December,0,MAX BECKER DR,2,ROAD,MINOR,10.0,28.0,PAVED,TwoWay,PAVED,6,50,NO ACCESS,Y,2003.0,137.692057377771
MAX BECKER DR,04-At/near private drive,12-Off highway,01-Clear,"08-Dark, artificial",MIDBLOCK,Thursday,December,0,MAX BECKER DR,2,ROAD,MINOR,11.0,20.0,PAVED,TwoWay,PAVED,6,50,NO ACCESS,Y,2000.0,76.23271177684009
MAX BECKER DR,04-At/near private drive,12-Off highway,01-Clear,"08-Dark, artificial",MIDBLOCK,Thursday,December,0,MAX BECKER DR,2,ROAD,MINOR,10.0,28.0,PAVED,TwoWay,PAVED,6,50,NO ACCESS,Y,2003.0,149.76602004775899
CHOPIN DR,04-At/near private drive,02-Thru lane,02-Rain,"08-Dark, artificial",MIDBLOCK,Saturday,October,1,CHOPIN DR,2,ROAD,MINOR,9.0,20.0,PAVED,TwoWay,PAVED,4,50,NO ACCESS,Y,2001.0,91.0203378708337
CHOPIN DR,04-At/near private drive,02-Thru lane,02-Rain,"08-Dark, artificial",MIDBLOCK,Saturday,October,1,CHOPIN DR,2,ROAD,MINOR,9.0,20.0,PAVED,TwoWay,PAVED,4,40,NO ACCESS,Y,2001.0,409.9297117323349
CHOPIN DR,04-At/near private drive,09-Right shoulder,01-Clear,01-Daylight,MIDBLOCK,Friday,October,0,CHOPIN DR,2,ROAD,MINOR,9.0,20.0,PAVED,TwoWay,PAVED,4,50,NO ACCESS,Y,2001.0,91.0203378708337
CHOPIN DR,04-At/near private drive,09-Right shoulder,01-Clear,01-Daylight,MIDBLOCK,Friday,October,0,CHOPIN DR,2,ROAD,MINOR,9.0,20.0,PAVED,TwoWay,PAVED,4,40,NO ACCESS,Y,2001.0,409.9297117323349
CHOPIN DR,01-Non intersection,09-Right shoulder,01-Clear,01-Daylight,MIDBLOCK,Wednesday,May,0,CHOPIN DR,2,ROAD,MINOR,9.0,20.0,PAVED,TwoWay,PAVED,4,50,NO ACCESS,Y,2001.0,91.0203378708337
CHOPIN DR,01-Non intersection,09-Right shoulder,01-Clear,01-Daylight,MIDBLOCK,Wednesday,May,0,CHOPIN DR,2,ROAD,MINOR,9.0,20.0,PAVED,TwoWay,PAVED,4,40,NO ACCESS,Y,2001.0,409.9297117323349
CHOPIN DR,01-Non intersection,02-Thru lane,02-Rain,01-Daylight,MIDBLOCK,Saturday,March,1,CHOPIN DR,2,ROAD,MINOR,9.0,20.0,PAVED,TwoWay,PAVED,4,50,NO ACCESS,Y,2001.0,91.0203378708337
CHOPIN DR,01-Non intersection,02-Thru lane,02-Rain,01-Daylight,MIDBLOCK,Saturday,March,1,CHOPIN DR,2,ROAD,MINOR,9.0,20.0,PAVED,TwoWay,PAVED,4,40,NO ACCESS,Y,2001.0,409.9297117323349
CHOPIN DR,01-Non intersection,02-Thru lane,01-Clear,01-Daylight,MIDBLOCK,Wednesday,March,0,CHOPIN DR,2,ROAD,MINOR,9.0,20.0,PAVED,TwoWay,PAVED,4,50,NO ACCESS,Y,2001.0,91.0203378708337
CHOPIN DR,01-Non intersection,02-Thru lane,01-Clear,01-Daylight,MIDBLOCK,Wednesday,March,0,CHOPIN DR,2,ROAD,MINOR,9.0,20.0,PAVED,TwoWay,PAVED,4,40,NO ACCESS,Y,2001.0,409.9297117323349
CHOPIN DR,01-Non intersection,02-Thru lane,01-Clear,01-Daylight,MIDBLOCK,Sunday,May,1,CHOPIN DR,2,ROAD,MINOR,9.0,20.0,PAVED,TwoWay,PAVED,4,50,NO ACCESS,Y,2001.0,91.0203378708337
CHOPIN DR,01-Non intersection,02-Thru lane,01-Clear,01-Daylight,MIDBLOCK,Sunday,May,1,CHOPIN DR,2,ROAD,MINOR,9.0,20.0,PAVED,TwoWay,PAVED,4,40,NO ACCESS,Y,2001.0,409.9297117323349
CHOPIN DR,01-Non intersection,09-Right shoulder,01-Clear,01-Daylight,MIDBLOCK,Tuesday,March,0,CHOPIN DR,2,ROAD,MINOR,9.0,20.0,PAVED,TwoWay,PAVED,4,50,NO ACCESS,Y,2001.0,91.0203378708337
CHOPIN DR,01-Non intersection,09-Right shoulder,01-Clear,01-Daylight,MIDBLOCK,Tuesday,March,0,CHOPIN DR,2,ROAD,MINOR,9.0,20.0,PAVED,TwoWay,PAVED,4,40,NO ACCESS,Y,2001.0,409.9297117323349
CHOPIN DR,01-Non intersection,02-Thru lane,01-Clear,01-Daylight,MIDBLOCK,Monday,August,0,CHOPIN DR,2,ROAD,MINOR,9.0,20.0,PAVED,TwoWay,PAVED,4,50,NO ACCESS,Y,2001.0,91.0203378708337
CHOPIN DR,01-Non intersection,02-Thru lane,01-Clear,01-Daylight,MIDBLOCK,Monday,August,0,CHOPIN DR,2,ROAD,MINOR,9.0,20.0,PAVED,TwoWay,PAVED,4,40,NO ACCESS,Y,2001.0,409.9297117323349
CHOPIN DR,01-Non intersection,02-Thru lane,01-Clear,01-Daylight,MIDBLOCK,Friday,July,0,CHOPIN DR,2,ROAD,MINOR,9.0,20.0,PAVED,TwoWay,PAVED,4,50,NO ACCESS,Y,2001.0,91.0203378708337
CHOPIN DR,01-Non intersection,02-Thru lane,01-Clear,01-Daylight,MIDBLOCK,Friday,July,0,CHOPIN DR,2,ROAD,MINOR,9.0,20.0,PAVED,TwoWay,PAVED,4,40,NO ACCESS,Y,2001.0,409.9297117323349
CHOPIN DR,04-At/near private drive,02-Thru lane,03-Snow,"08-Dark, artificial",MIDBLOCK,Thursday,February,0,CHOPIN DR,2,ROAD,MINOR,9.0,20.0,PAVED,TwoWay,PAVED,4,50,NO ACCESS,Y,2001.0,91.0203378708337
CHOPIN DR,04-At/near private drive,02-Thru lane,03-Snow,"08-Dark, artificial",MIDBLOCK,Thursday,February,0,CHOPIN DR,2,ROAD,MINOR,9.0,20.0,PAVED,TwoWay,PAVED,4,40,NO ACCESS,Y,2001.0,409.9297117323349
CHAPEL ST,04-At/near private drive,10-Not on roadway - left side,01-Clear,03-Dawn,MIDBLOCK,Wednesday,June,0,CHAPEL ST,2,ROAD,LOCAL,9.0,20.0,PAVED,TwoWay,PAVED,6,50,NO ACCESS,N,1997.0,93.865643714651
CHAPEL ST,04-At/near private drive,10-Not on roadway - left side,01-Clear,03-Dawn,MIDBLOCK,Wednesday,June,0,CHAPEL ST,2,ROAD,LOCAL,7.0,20.0,PAVED,TwoWay,PAVED,6,50,NO ACCESS,N,1997.0,298.49222250439203
CHAPEL ST,04-At/near private drive,10-Not on roadway - left side,01-Clear,03-Dawn,MIDBLOCK,Wednesday,June,0,CHAPEL ST,2,ROAD,LOCAL,7.0,20.0,PAVED,TwoWay,PAVED,6,50,NO ACCESS,N,1997.0,101.45209853661999
CHAPEL ST,04-At/near private drive,10-Not on roadway - left side,01-Clear,03-Dawn,MIDBLOCK,Wednesday,June,0,CHAPEL ST,2,ROAD,LOCAL,7.0,20.0,PAVED,TwoWay,PAVED,6,50,NO ACCESS,N,1997.0,99.89316528249228
CHAPEL ST,04-At/near private drive,10-Not on roadway - left side,01-Clear,03-Dawn,MIDBLOCK,Wednesday,June,0,CHAPEL ST,2,ROAD,LOCAL,7.0,20.0,PAVED,TwoWay,PAVED,6,50,NO ACCESS,N,1997.0,95.45951236045471
CHAPEL ST,04-At/near private drive,10-Not on roadway - left side,01-Clear,03-Dawn,MIDBLOCK,Wednesday,June,0,CHAPEL ST,2,ROAD,LOCAL,9.0,20.0,PAVED,TwoWay,PAVED,6,50,NO ACCESS,N,1952.0,101.953783822747
CHAPEL ST,04-At/near private drive,10-Not on roadway - left side,01-Clear,03-Dawn,MIDBLOCK,Wednesday,June,0,CHAPEL ST,2,ROAD,LOCAL,9.0,20.0,PAVED,TwoWay,PAVED,6,50,NO ACCESS,N,1952.0,151.759882658645
CHAPEL ST,01-Non intersection,11-Not on roadway - right side,03-Snow,01-Daylight,MIDBLOCK,Friday,November,0,CHAPEL ST,2,ROAD,LOCAL,9.0,20.0,PAVED,TwoWay,PAVED,6,50,NO ACCESS,N,1997.0,93.865643714651
CHAPEL ST,01-Non intersection,11-Not on roadway - right side,03-Snow,01-Daylight,MIDBLOCK,Friday,November,0,CHAPEL ST,2,ROAD,LOCAL,7.0,20.0,PAVED,TwoWay,PAVED,6,50,NO ACCESS,N,1997.0,298.49222250439203
CHAPEL ST,01-Non intersection,11-Not on roadway - right side,03-Snow,01-Daylight,MIDBLOCK,Friday,November,0,CHAPEL ST,2,ROAD,LOCAL,7.0,20.0,PAVED,TwoWay,PAVED,6,50,NO ACCESS,N,1997.0,101.45209853661999
CHAPEL ST,01-Non intersection,11-Not on roadway - right side,03-Snow,01-Daylight,MIDBLOCK,Friday,November,0,CHAPEL ST,2,ROAD,LOCAL,7.0,20.0,PAVED,TwoWay,PAVED,6,50,NO ACCESS,N,1997.0,99.89316528249228
CHAPEL ST,01-Non intersection,11-Not on roadway - right side,03-Snow,01-Daylight,MIDBLOCK,Friday,November,0,CHAPEL ST,2,ROAD,LOCAL,7.0,20.0,PAVED,TwoWay,PAVED,6,50,NO ACCESS,N,1997.0,95.45951236045471
CHAPEL ST,01-Non intersection,11-Not on roadway - right side,03-Snow,01-Daylight,MIDBLOCK,Friday,November,0,CHAPEL ST,2,ROAD,LOCAL,9.0,20.0,PAVED,TwoWay,PAVED,6,50,NO ACCESS,N,1952.0,101.953783822747
CHAPEL ST,01-Non intersection,11-Not on roadway - right side,03-Snow,01-Daylight,MIDBLOCK,Friday,November,0,CHAPEL ST,2,ROAD,LOCAL,9.0,20.0,PAVED,TwoWay,PAVED,6,50,NO ACCESS,N,1952.0,151.759882658645
CHAPEL ST,04-At/near private drive,09-Right shoulder,01-Clear,01-Daylight,MIDBLOCK,Monday,October,0,CHAPEL ST,2,ROAD,LOCAL,9.0,20.0,PAVED,TwoWay,PAVED,6,50,NO ACCESS,N,1997.0,93.865643714651
CHAPEL ST,04-At/near private drive,09-Right shoulder,01-Clear,01-Daylight,MIDBLOCK,Monday,October,0,CHAPEL ST,2,ROAD,LOCAL,7.0,20.0,PAVED,TwoWay,PAVED,6,50,NO ACCESS,N,1997.0,298.49222250439203
CHAPEL ST,04-At/near private drive,09-Right shoulder,01-Clear,01-Daylight,MIDBLOCK,Monday,October,0,CHAPEL ST,2,ROAD,LOCAL,7.0,20.0,PAVED,TwoWay,PAVED,6,50,NO ACCESS,N,1997.0,101.45209853661999
CHAPEL ST,04-At/near private drive,09-Right shoulder,01-Clear,01-Daylight,MIDBLOCK,Monday,October,0,CHAPEL ST,2,ROAD,LOCAL,7.0,20.0,PAVED,TwoWay,PAVED,6,50,NO ACCESS,N,1997.0,99.89316528249228