LOCATION,ACCIDENT_LOCATION,IMPACT_LOCATION,ENVIRONMENT_CONDITION,LIGHT,COLLISION_TYPE,DAY_OF_WEEK,MONTH,IS_WEEKEND,STREET,LANES,CATEGORY,SUBCATEGORY,PAVEMENT_WIDTH,ROW_WIDTH,SHOULDER,FLOW_DIRECTION,SURFACE_LAYER_TYPE,OFFICIAL_ROAD_CLASSIFICATION,SPEED_LIMIT_KM,TRUCK_ACCESS,BUS_ROUTE,SERVICE_YEAR,Shape__Length
CHAPEL ST,04-At/near private drive,09-Right shoulder,01-Clear,01-Daylight,MIDBLOCK,Monday,October,0,CHAPEL ST,2,ROAD,LOCAL,7.0,20.0,PAVED,TwoWay,PAVED,6,50,NO ACCESS,N,1997.0,95.45951236045471
CHAPEL ST,04-At/near private drive,09-Right shoulder,01-Clear,01-Daylight,MIDBLOCK,Monday,October,0,CHAPEL ST,2,ROAD,LOCAL,9.0,20.0,PAVED,TwoWay,PAVED,6,50,NO ACCESS,N,1952.0,101.953783822747
CHAPEL ST,04-At/near private drive,09-Right shoulder,01-Clear,01-Daylight,MIDBLOCK,Monday,October,0,CHAPEL ST,2,ROAD,LOCAL,9.0,20.0,PAVED,TwoWay,PAVED,6,50,NO ACCESS,N,1952.0,151.759882658645
TRAYNOR AVE,04-At/near private drive,02-Thru lane,01-Clear,01-Daylight,MIDBLOCK,Sunday,May,1,TRAYNOR AVE,2,ROAD,LOCAL,9.0,20.0,PAVED,TwoWay,PAVED,6,50,NO ACCESS,Y,1958.0,271.920997065387
TRAYNOR AVE,04-At/near private drive,02-Thru lane,01-Clear,01-Daylight,MIDBLOCK,Sunday,May,1,TRAYNOR AVE,2,ROAD,MINOR,9.0,20.0,PAVED,TwoWay,PAVED,4,50,NO ACCESS,Y,1998.0,74.1772676659116
TRAYNOR AVE,04-At/near private drive,02-Thru lane,01-Clear,01-Daylight,MIDBLOCK,Sunday,May,1,TRAYNOR AVE,2,ROAD,MINOR,9.0,20.0,PAVED,TwoWay,PAVED,4,50,NO ACCESS,Y,2000.0,90.6284858970257
TRAYNOR AVE,04-At/near private drive,02-Thru lane,01-Clear,01-Daylight,MIDBLOCK,Sunday,May,1,TRAYNOR AVE,2,ROAD,LOCAL,9.0,20.0,PAVED,TwoWay,PAVED,6,50,NO ACCESS,Y,2003.0,140.669623309918
TRAYNOR AVE,04-At/near private drive,02-Thru lane,01-Clear,01-Daylight,MIDBLOCK,Sunday,May,1,TRAYNOR AVE,2,ROAD,MINOR,11.0,20.0,PAVED,TwoWay,PAVED,4,50,NO ACCESS,Y,1998.0,228.23795648974
TRAYNOR AVE,04-At/near private drive,02-Thru lane,01-Clear,01-Daylight,MIDBLOCK,Sunday,May,1,TRAYNOR AVE,2,ROAD,MINOR,9.0,20.0,PAVED,TwoWay,PAVED,4,50,NO ACCESS,Y,2000.0,248.115416921164
TRAYNOR AVE,04-At/near private drive,02-Thru lane,01-Clear,01-Daylight,MIDBLOCK,Sunday,May,1,TRAYNOR AVE,2,ROAD,MINOR,9.0,20.0,PAVED,TwoWay,PAVED,4,50,NO ACCESS,Y,2000.0,141.151549646044
TRAYNOR AVE,04-At/near private drive,02-Thru lane,01-Clear,01-Daylight,MIDBLOCK,Sunday,May,1,TRAYNOR AVE,2,ROAD,LOCAL,9.0,20.0,PAVED,TwoWay,PAVED,6,50,NO ACCESS,Y,2003.0,100.791807328522
TRAYNOR AVE,01-Non intersection,02-Thru lane,01-Clear,"08-Dark, artificial",MIDBLOCK,Thursday,December,0,TRAYNOR AVE,2,ROAD,LOCAL,9.0,20.0,PAVED,TwoWay,PAVED,6,50,NO ACCESS,Y,1958.0,271.920997065387
TRAYNOR AVE,01-Non intersection,02-Thru lane,01-Clear,"08-Dark, artificial",MIDBLOCK,Thursday,December,0,TRAYNOR AVE,2,ROAD,MINOR,9.0,20.0,PAVED,TwoWay,PAVED,4,50,NO ACCESS,Y,1998.0,74.1772676659116
TRAYNOR AVE,01-Non intersection,02-Thru lane,01-Clear,"08-Dark, artificial",MIDBLOCK,Thursday,December,0,TRAYNOR AVE,2,ROAD,MINOR,9.0,20.0,PAVED,TwoWay,PAVED,4,50,NO ACCESS,Y,2000.0,90.6284858970257
TRAYNOR AVE,01-Non intersection,02-Thru lane,01-Clear,"08-Dark, artificial",MIDBLOCK,Thursday,December,0,TRAYNOR AVE,2,ROAD,LOCAL,9.0,20.0,PAVED,TwoWay,PAVED,6,50,NO ACCESS,Y,2003.0,140.669623309918
TRAYNOR AVE,01-Non intersection,02-Thru lane,01-Clear,"08-Dark, artificial",MIDBLOCK,Thursday,December,0,TRAYNOR AVE,2,ROAD,MINOR,11.0,20.0,PAVED,TwoWay,PAVED,4,50,NO ACCESS,Y,1998.0,228.23795648974
TRAYNOR AVE,01-Non intersection,02-Thru lane,01-Clear,"08-Dark, artificial",MIDBLOCK,Thursday,December,0,TRAYNOR AVE,2,ROAD,MINOR,9.0,20.0,PAVED,TwoWay,PAVED,4,50,NO ACCESS,Y,2000.0,248.115416921164
TRAYNOR AVE,01-Non intersection,02-Thru lane,01-Clear,"08-Dark, artificial",MIDBLOCK,Thursday,December,0,TRAYNOR AVE,2,ROAD,MINOR,9.0,20.0,PAVED,TwoWay,PAVED,4,50,NO ACCESS,Y,2000.0,141.151549646044
TRAYNOR AVE,01-Non intersection,02-Thru lane,01-Clear,"08-Dark, artificial",MIDBLOCK,Thursday,December,0,TRAYNOR AVE,2,ROAD,LOCAL,9.0,20.0,PAVED,TwoWay,PAVED,6,50,NO ACCESS,Y,2003.0,100.791807328522
TRAYNOR AVE,01-Non intersection,08-Left shoulder,02-Rain,01-Daylight,MIDBLOCK,Friday,October,0,TRAYNOR AVE,2,ROAD,LOCAL,9.0,20.0,PAVED,TwoWay,PAVED,6,50,NO ACCESS,Y,1958.0,271.920997065387
TRAYNOR AVE,01-Non intersection,08-Left shoulder,02-Rain,01-Daylight,MIDBLOCK,Friday,October,0,TRAYNOR AVE,2,ROAD,MINOR,9.0,20.0,PAVED,TwoWay,PAVED,4,50,NO ACCESS,Y,1998.0,74.1772676659116
TRAYNOR AVE,01-Non intersection,08-Left shoulder,02-Rain,01-Daylight,MIDBLOCK,Friday,October,0,TRAYNOR AVE,2,ROAD,MINOR,9.0,20.0,PAVED,TwoWay,PAVED,4,50,NO ACCESS,Y,2000.0,90.6284858970257
TRAYNOR AVE,01-Non intersection,08-Left shoulder,02-Rain,01-Daylight,MIDBLOCK,Friday,October,0,TRAYNOR AVE,2,ROAD,LOCAL,9.0,20.0,PAVED,TwoWay,PAVED,6,50,NO ACCESS,Y,2003.0,140.669623309918
TRAYNOR AVE,01-Non intersection,08-Left shoulder,02-Rain,01-Daylight,MIDBLOCK,Friday,October,0,TRAYNOR AVE,2,ROAD,MINOR,11.0,20.0,PAVED,TwoWay,PAVED,4,50,NO ACCESS,Y,1998.0,228.23795648974
TRAYNOR AVE,01-Non intersection,08-Left shoulder,02-Rain,01-Daylight,MIDBLOCK,Friday,October,0,TRAYNOR AVE,2,ROAD,MINOR,9.0,20.0,PAVED,TwoWay,PAVED,4,50,NO ACCESS,Y,2000.0,248.115416921164
TRAYNOR AVE,01-Non intersection,08-Left shoulder,02-Rain,01-Daylight,MIDBLOCK,Friday,October,0,TRAYNOR AVE,2,ROAD,MINOR,9.0,20.0,PAVED,TwoWay,PAVED,4,50,NO ACCESS,Y,2000.0,141.151549646044
TRAYNOR AVE,01-Non intersection,08-Left shoulder,02-Rain,01-Daylight,MIDBLOCK,Friday,October,0,TRAYNOR AVE,2,ROAD,LOCAL,9.0,20.0,PAVED,TwoWay,PAVED,6,50,NO ACCESS,Y,2003.0,100.791807328522
TRAYNOR AVE,04-At/near private drive,02-Thru lane,01-Clear,"08-Dark, artificial",MIDBLOCK,Thursday,December,0,TRAYNOR AVE,2,ROAD,LOCAL,9.0,20.0,PAVED,TwoWay,PAVED,6,50,NO ACCESS,Y,1958.0,271.920997065387
TRAYNOR AVE,04-At/near private drive,02-Thru lane,01-Clear,"08-Dark, artificial",MIDBLOCK,Thursday,December,0,TRAYNOR AVE,2,ROAD,MINOR,9.0,20.0,PAVED,TwoWay,PAVED,4,50,NO ACCESS,Y,1998.0,74.1772676659116
TRAYNOR AVE,04-At/near private drive,02-Thru lane,01-Clear,"08-Dark, artificial",MIDBLOCK,Thursday,December,0,TRAYNOR AVE,2,ROAD,MINOR,9.0,20.0,PAVED,TwoWay,PAVED,4,50,NO ACCESS,Y,2000.0,90.6284858970257
TRAYNOR AVE,04-At/near private drive,02-Thru lane,01-Clear,"08-Dark, artificial",MIDBLOCK,Thursday,December,0,TRAYNOR AVE,2,ROAD,LOCAL,9.0,20.0,PAVED,TwoWay,PAVED,6,50,NO ACCESS,Y,2003.0,140.669623309918
TRAYNOR AVE,04-At/near private drive,02-Thru lane,01-Clear,"08-Dark, artificial",MIDBLOCK,Thursday,December,0,TRAYNOR AVE,2,ROAD,MINOR,11.0,20.0,PAVED,TwoWay,PAVED,4,50,NO ACCESS,Y,1998.0,228.23795648974
TRAYNOR AVE,04-At/near private drive,02-Thru lane,01-Clear,"08-Dark, artificial",MIDBLOCK,Thursday,December,0,TRAYNOR AVE,2,ROAD,MINOR,9.0,20.0,PAVED,TwoWay,PAVED,4,50,NO ACCESS,Y,2000.0,248.115416921164
TRAYNOR AVE,04-At/near private drive,02-Thru lane,01-Clear,"08-Dark, artificial",MIDBLOCK,Thursday,December,0,TRAYNOR AVE,2,ROAD,MINOR,9.0,20.0,PAVED,TwoWay,PAVED,4,50,NO ACCESS,Y,2000.0,141.151549646044
TRAYNOR AVE,04-At/near private drive,02-Thru lane,01-Clear,"08-Dark, artificial",MIDBLOCK,Thursday,December,0,TRAYNOR AVE,2,ROAD,LOCAL,9.0,20.0,PAVED,TwoWay,PAVED,6,50,NO ACCESS,Y,2003.0,100.791807328522
TRAYNOR AVE,01-Non intersection,02-Thru lane,01-Clear,"08-Dark, artificial",MIDBLOCK,Tuesday,August,0,TRAYNOR AVE,2,ROAD,LOCAL,9.0,20.0,PAVED,TwoWay,PAVED,6,50,NO ACCESS,Y,1958.0,271.920997065387
TRAYNOR AVE,01-Non intersection,02-Thru lane,01-Clear,"08-Dark, artificial",MIDBLOCK,Tuesday,August,0,TRAYNOR AVE,2,ROAD,MINOR,9.0,20.0,PAVED,TwoWay,PAVED,4,50,NO ACCESS,Y,1998.0,74.1772676659116
TRAYNOR AVE,01-Non intersection,02-Thru lane,01-Clear,"08-Dark, artificial",MIDBLOCK,Tuesday,August,0,TRAYNOR AVE,2,ROAD,MINOR,9.0,20.0,PAVED,TwoWay,PAVED,4,50,NO ACCESS,Y,2000.0,90.6284858970257
TRAYNOR AVE,01-Non intersection,02-Thru lane,01-Clear,"08-Dark, artificial",MIDBLOCK,Tuesday,August,0,TRAYNOR AVE,2,ROAD,LOCAL,9.0,20.0,PAVED,TwoWay,PAVED,6,50,NO ACCESS,Y,2003.0,140.669623309918
TRAYNOR AVE,01-Non intersection,02-Thru lane,01-Clear,"08-Dark, artificial",MIDBLOCK,Tuesday,August,0,TRAYNOR AVE,2,ROAD,MINOR,11.0,20.0,PAVED,TwoWay,PAVED,4,50,NO ACCESS,Y,1998.0,228.23795648974
TRAYNOR AVE,01-Non intersection,02-Thru lane,01-Clear,"08-Dark, artificial",MIDBLOCK,Tuesday,August,0,TRAYNOR AVE,2,ROAD,MINOR,9.0,20.0,PAVED,TwoWay,PAVED,4,50,NO ACCESS,Y,2000.0,248.115416921164
TRAYNOR AVE,01-Non intersection,02-Thru lane,01-Clear,"08-Dark, artificial",MIDBLOCK,Tuesday,August,0,TRAYNOR AVE,2,ROAD,MINOR,9.0,20.0,PAVED,TwoWay,PAVED,4,50,NO ACCESS,Y,2000.0,141.151549646044
TRAYNOR AVE,01-Non intersection,02-Thru lane,01-Clear,"08-Dark, artificial",MIDBLOCK,Tuesday,August,0,TRAYNOR AVE,2,ROAD,LOCAL,9.0,20.0,PAVED,TwoWay,PAVED,6,50,NO ACCESS,Y,2003.0,100.791807328522
TRAYNOR AVE,04-At/near private drive,02-Thru lane,01-Clear,01-Daylight,MIDBLOCK,Friday,September,0,TRAYNOR AVE,2,ROAD,LOCAL,9.0,20.0,PAVED,TwoWay,PAVED,6,50,NO ACCESS,Y,1958.0,271.920997065387
TRAYNOR AVE,04-At/near private drive,02-Thru lane,01-Clear,01-Daylight,MIDBLOCK,Friday,September,0,TRAYNOR AVE,2,ROAD,MINOR,9.0,20.0,PAVED,TwoWay,PAVED,4,50,NO ACCESS,Y,1998.0,74.1772676659116
TRAYNOR AVE,04-At/near private drive,02-Thru lane,01-Clear,01-Daylight,MIDBLOCK,Friday,September,0,TRAYNOR AVE,2,ROAD,MINOR,9.0,20.0,PAVED,TwoWay,PAVED,4,50,NO ACCESS,Y,2000.0,90.6284858970257
TRAYNOR AVE,04-At/near private drive,02-Thru lane,01-Clear,01-Daylight,MIDBLOCK,Friday,September,0,TRAYNOR AVE,2,ROAD,LOCAL,9.0,20.0,PAVED,TwoWay,PAVED,6,50,NO ACCESS,Y,2003.0,140.669623309918
TRAYNOR AVE,04-At/near private drive,02-Thru lane,01-Clear,01-Daylight,MIDBLOCK,Friday,September,0,TRAYNOR AVE,2,ROAD,MINOR,11.0,20.0,PAVED,TwoWay,PAVED,4,50,NO ACCESS,Y,1998.0,228.23795648974
TRAYNOR AVE,04-At/near private drive,02-Thru lane,01-Clear,01-Daylight,MIDBLOCK,Friday,September,0,TRAYNOR AVE,2,ROAD,MINOR,9.0,20.0,PAVED,TwoWay,PAVED,4,50,NO ACCESS,Y,2000.0,248.115416921164
TRAYNOR AVE,04-At/near private drive,02-Thru lane,01-Clear,01-Daylight,MIDBLOCK,Friday,September,0,TRAYNOR AVE,2,ROAD,MINOR,9.0,20.0,PAVED,TwoWay,PAVED,4,50,NO ACCESS,Y,2000.0,141.151549646044
TRAYNOR AVE,04-At/near private drive,02-Thru lane,01-Clear,01-Daylight,MIDBLOCK,Friday,September,0,TRAYNOR AVE,2,ROAD,LOCAL,9.0,20.0,PAVED,TwoWay,PAVED,6,50,NO ACCESS,Y,2003.0,100.791807328522
TRAYNOR AVE,01-Non intersection,11-Not on roadway - right side,"07-Fog, mist, smoke, dust",01-Daylight,MIDBLOCK,Sunday,October,1,TRAYNOR AVE,2,ROAD,LOCAL,9.0,20.0,PAVED,TwoWay,PAVED,6,50,NO ACCESS,Y,1958.0,271.920997065387
TRAYNOR AVE,01-Non intersection,11-Not on roadway - right side,"07-Fog, mist, smoke, dust",01-Daylight,MIDBLOCK,Sunday,October,1,TRAYNOR AVE,2,ROAD,MINOR,9.0,20.0,PAVED,TwoWay,PAVED,4,50,NO ACCESS,Y,1998.0,74.1772676659116
TRAYNOR AVE,01-Non intersection,11-Not on roadway - right side,"07-Fog, mist, smoke, dust",01-Daylight,MIDBLOCK,Sunday,October,1,TRAYNOR AVE,2,ROAD,MINOR,9.0,20.0,PAVED,TwoWay,PAVED,4,50,NO ACCESS,Y,2000.0,90.6284858970257
TRAYNOR AVE,01-Non intersection,11-Not on roadway - right side,"07-Fog, mist, smoke, dust",01-Daylight,MIDBLOCK,Sunday,October,1,TRAYNOR AVE,2,ROAD,LOCAL,9.0,20.0,PAVED,TwoWay,PAVED,6,50,NO ACCESS,Y,2003.0,140.669623309918
TRAYNOR AVE,01-Non intersection,11-Not on roadway - right side,"07-Fog, mist, smoke, dust",01-Daylight,MIDBLOCK,Sunday,October,1,TRAYNOR AVE,2,ROAD,MINOR,11.0,20.0,PAVED,TwoWay,PAVED,4,50,NO ACCESS,Y,1998.0,228.23795648974
TRAYNOR AVE,01-Non intersection,11-Not on roadway - right side,"07-Fog, mist, smoke, dust",01-Daylight,MIDBLOCK,Sunday,October,1,TRAYNOR AVE,2,ROAD,MINOR,9.0,20.0,PAVED,TwoWay,PAVED,4,50,NO ACCESS,Y,2000.0,248.115416921164
TRAYNOR AVE,01-Non intersection,11-Not on roadway - right side,"07-Fog, mist, smoke, dust",01-Daylight,MIDBLOCK,Sunday,October,1,TRAYNOR AVE,2,ROAD,MINOR,9.0,20.0,PAVED,TwoWay,PAVED,4,50,NO ACCESS,Y,2000.0,141.151549646044
TRAYNOR AVE,01-Non intersection,11-Not on roadway - right side,"07-Fog, mist, smoke, dust",01-Daylight,MIDBLOCK,Sunday,October,1,TRAYNOR AVE,2,ROAD,LOCAL,9.0,20.0,PAVED,TwoWay,PAVED,6,50,NO ACCESS,Y,2003.0,100.791807328522
TRAYNOR AVE,04-At/near private drive,09-Right shoulder,01-Clear,01-Daylight,MIDBLOCK,Wednesday,June,0,TRAYNOR AVE,2,ROAD,LOCAL,9.0,20.0,PAVED,TwoWay,PAVED,6,50,NO ACCESS,Y,1958.0,271.920997065387
TRAYNOR AVE,04-At/near private drive,09-Right shoulder,01-Clear,01-Daylight,MIDBLOCK,Wednesday,June,0,TRAYNOR AVE,2,ROAD,MINOR,9.0,20.0,PAVED,TwoWay,PAVED,4,50,NO ACCESS,Y,1998.0,74.1772676659116
TRAYNOR AVE,04-At/near private drive,09-Right shoulder,01-Clear,01-Daylight,MIDBLOCK,Wednesday,June,0,TRAYNOR AVE,2,ROAD,MINOR,9.0,20.0,PAVED,TwoWay,PAVED,4,50,NO ACCESS,Y,2000.0,90.6284858970257
TRAYNOR AVE,04-At/near private drive,09-Right shoulder,01-Clear,01-Daylight,MIDBLOCK,Wednesday,June,0,TRAYNOR AVE,2,ROAD,LOCAL,9.0,20.0,PAVED,TwoWay,PAVED,6,50,NO ACCESS,Y,2003.0,140.669623309918
TRAYNOR AVE,04-At/near private drive,09-Right shoulder,01-Clear,01-Daylight,MIDBLOCK,Wednesday,June,0,TRAYNOR AVE,2,ROAD,MINOR,11.0,20.0,PAVED,TwoWay,PAVED,4,50,NO ACCESS,Y,1998.0,228.23795648974
TRAYNOR AVE,04-At/near private drive,09-Right shoulder,01-Clear,01-Daylight,MIDBLOCK,Wednesday,June,0,TRAYNOR AVE,2,ROAD,MINOR,9.0,20.0,PAVED,TwoWay,PAVED,4,50,NO ACCESS,Y,2000.0,248.115416921164
TRAYNOR AVE,04-At/near private drive,09-Right shoulder,01-Clear,01-Daylight,MIDBLOCK,Wednesday,June,0,TRAYNOR AVE,2,ROAD,MINOR,9.0,20.0,PAVED,TwoWay,PAVED,4,50,NO ACCESS,Y,2000.0,141.151549646044
TRAYNOR AVE,04-At/near private drive,09-Right shoulder,01-Clear,01-Daylight,MIDBLOCK,Wednesday,June,0,TRAYNOR AVE,2,ROAD,LOCAL,9.0,20.0,PAVED,TwoWay,PAVED,6,50,NO ACCESS,Y,2003.0,100.791807328522
TRAYNOR AVE,01-Non intersection,02-Thru lane,01-Clear,"08-Dark, artificial",MIDBLOCK,Wednesday,August,0,TRAYNOR AVE,2,ROAD,LOCAL,9.0,20.0,PAVED,TwoWay,PAVED,6,50,NO ACCESS,Y,1958.0,271.920997065387
TRAYNOR AVE,01-Non intersection,02-Thru lane,01-Clear,"08-Dark, artificial",MIDBLOCK,Wednesday,August,0,TRAYNOR AVE,2,ROAD,MINOR,9.0,20.0,PAVED,TwoWay,PAVED,4,50,NO ACCESS,Y,1998.0,74.1772676659116
TRAYNOR AVE,01-Non intersection,02-Thru lane,01-Clear,"08-Dark, artificial",MIDBLOCK,Wednesday,August,0,TRAYNOR AVE,2,ROAD,MINOR,9.0,20.0,PAVED,TwoWay,PAVED,4,50,NO ACCESS,Y,2000.0,90.6284858970257
TRAYNOR AVE,01-Non intersection,02-Thru lane,01-Clear,"08-Dark, artificial",MIDBLOCK,Wednesday,August,0,TRAYNOR AVE,2,ROAD,LOCAL,9.0,20.0,PAVED,TwoWay,PAVED,6,50,NO ACCESS,Y,2003.0,140.669623309918
TRAYNOR AVE,01-Non intersection,02-Thru lane,01-Clear,"08-Dark, artificial",MIDBLOCK,Wednesday,August,0,TRAYNOR AVE,2,ROAD,MINOR,11.0,20.0,PAVED,TwoWay,PAVED,4,50,NO ACCESS,Y,1998.0,228.23795648974
TRAYNOR AVE,01-Non intersection,02-Thru lane,01-Clear,"08-Dark, artificial",MIDBLOCK,Wednesday,August,0,TRAYNOR AVE,2,ROAD,MINOR,9.0,20.0,PAVED,TwoWay,PAVED,4,50,NO ACCESS,Y,2000.0,248.115416921164
TRAYNOR AVE,01-Non intersection,02-Thru lane,01-Clear,"08-Dark, artificial",MIDBLOCK,Wednesday,August,0,TRAYNOR AVE,2,ROAD,MINOR,9.0,20.0,PAVED,TwoWay,PAVED,4,50,NO ACCESS,Y,2000.0,141.151549646044
TRAYNOR AVE,01-Non intersection,02-Thru lane,01-Clear,"08-Dark, artificial",MIDBLOCK,Wednesday,August,0,TRAYNOR AVE,2,ROAD,LOCAL,9.0,20.0,PAVED,TwoWay,PAVED,6,50,NO ACCESS,Y,2003.0,100.791807328522
TRAYNOR AVE,04-At/near private drive,02-Thru lane,01-Clear,01-Daylight,MIDBLOCK,Sunday,July,1,TRAYNOR AVE,2,ROAD,LOCAL,9.0,20.0,PAVED,TwoWay,PAVED,6,50,NO ACCESS,Y,1958.0,271.920997065387
TRAYNOR AVE,04-At/near private drive,02-Thru lane,01-Clear,01-Daylight,MIDBLOCK,Sunday,July,1,TRAYNOR AVE,2,ROAD,MINOR,9.0,20.0,PAVED,TwoWay,PAVED,4,50,NO ACCESS,Y,1998.0,74.1772676659116
TRAYNOR AVE,04-At/near private drive,02-Thru lane,01-Clear,01-Daylight,MIDBLOCK,Sunday,July,1,TRAYNOR AVE,2,ROAD,MINOR,9.0,20.0,PAVED,TwoWay,PAVED,4,50,NO ACCESS,Y,2000.0,90.6284858970257
TRAYNOR AVE,04-At/near private drive,02-Thru lane,01-Clear,01-Daylight,MIDBLOCK,Sunday,July,1,TRAYNOR AVE,2,ROAD,LOCAL,9.0,20.0,PAVED,TwoWay,PAVED,6,50,NO ACCESS,Y,2003.0,140.669623309918
TRAYNOR AVE,04-At/near private drive,02-Thru lane,01-Clear,01-Daylight,MIDBLOCK,Sunday,July,1,TRAYNOR AVE,2,ROAD,MINOR,11.0,20.0,PAVED,TwoWay,PAVED,4,50,NO ACCESS,Y,1998.0,228.23795648974
TRAYNOR AVE,04-At/near private drive,02-Thru lane,01-Clear,01-Daylight,MIDBLOCK,Sunday,July,1,TRAYNOR AVE,2,ROAD,MINOR,9.0,20.0,PAVED,TwoWay,PAVED,4,50,NO ACCESS,Y,2000.0,248.115416921164
TRAYNOR AVE,04-At/near private drive,02-Thru lane,01-Clear,01-Daylight,MIDBLOCK,Sunday,July,1,TRAYNOR AVE,2,ROAD,MINOR,9.0,20.0,PAVED,TwoWay,PAVED,4,50,NO ACCESS,Y,2000.0,141.151549646044
TRAYNOR AVE,04-At/near private drive,02-Thru lane,01-Clear,01-Daylight,MIDBLOCK,Sunday,July,1,TRAYNOR AVE,2,ROAD,LOCAL,9.0,20.0,PAVED,TwoWay,PAVED,6,50,NO ACCESS,Y,2003.0,100.791807328522
TRAYNOR AVE,04-At/near private drive,09-Right shoulder,01-Clear,07-Dark,MIDBLOCK,Wednesday,April,0,TRAYNOR AVE,2,ROAD,LOCAL,9.0,20.0,PAVED,TwoWay,PAVED,6,50,NO ACCESS,Y,1958.0,271.920997065387
TRAYNOR AVE,04-At/near private drive,09-Right shoulder,01-Clear,07-Dark,MIDBLOCK,Wednesday,April,0,TRAYNOR AVE,2,ROAD,MINOR,9.0,20.0,PAVED,TwoWay,PAVED,4,50,NO ACCESS,Y,1998.0,74.1772676659116
TRAYNOR AVE,04-At/near private drive,09-Right shoulder,01-Clear,07-Dark,MIDBLOCK,Wednesday,April,0,TRAYNOR AVE,2,ROAD,MINOR,9.0,20.0,PAVED,TwoWay,PAVED,4,50,NO ACCESS,Y,2000.0,90.6284858970257
TRAYNOR AVE,04-At/near private drive,09-Right shoulder,01-Clear,07-Dark,MIDBLOCK,Wednesday,April,0,TRAYNOR AVE,2,ROAD,LOCAL,9.0,20.0,PAVED,TwoWay,PAVED,6,50,NO ACCESS,Y,2003.0,140.669623309918
TRAYNOR AVE,04-At/near private drive,09-Right shoulder,01-Clear,07-Dark,MIDBLOCK,Wednesday,April,0,TRAYNOR AVE,2,ROAD,MINOR,11.0,20.0,PAVED,TwoWay,PAVED,4,50,NO ACCESS,Y,1998.0,228.23795648974
TRAYNOR AVE,04-At/near private drive,09-Right shoulder,01-Clear,07-Dark,MIDBLOCK,Wednesday,April,0,TRAYNOR AVE,2,ROAD,MINOR,9.0,20.0,PAVED,TwoWay,PAVED,4,50,NO ACCESS,Y,2000.0,248.115416921164
TRAYNOR AVE,04-At/near private drive,09-Right shoulder,01-Clear,07-Dark,MIDBLOCK,Wednesday,April,0,TRAYNOR AVE,2,ROAD,MINOR,9.0,20.0,PAVED,TwoWay,PAVED,4,50,NO ACCESS,Y,2000.0,141.151549646044
TRAYNOR AVE,04-At/near private drive,09-Right shoulder,01-Clear,07-Dark,MIDBLOCK,Wednesday,April,0,TRAYNOR AVE,2,ROAD,LOCAL,9.0,20.0,PAVED,TwoWay,PAVED,6,50,NO ACCESS,Y,2003.0,100.791807328522
TRAYNOR AVE,04-At/near private drive,02-Thru lane,01-Clear,01-Daylight,MIDBLOCK,Friday,January,0,TRAYNOR AVE,2,ROAD,LOCAL,9.0,20.0,PAVED,TwoWay,PAVED,6,50,NO ACCESS,Y,1958.0,271.920997065387
TRAYNOR AVE,04-At/near private drive,02-Thru lane,01-Clear,01-Daylight,MIDBLOCK,Friday,January,0,TRAYNOR AVE,2,ROAD,MINOR,9.0,20.0,PAVED,TwoWay,PAVED,4,50,NO ACCESS,Y,1998.0,74.1772676659116
TRAYNOR AVE,04-At/near private drive,02-Thru lane,01-Clear,01-Daylight,MIDBLOCK,Friday,January,0,TRAYNOR AVE,2,ROAD,MINOR,9.0,20.0,PAVED,TwoWay,PAVED,4,50,NO ACCESS,Y,2000.0,90.6284858970257
TRAYNOR AVE,04-At/near private drive,02-Thru lane,01-Clear,01-Daylight,MIDBLOCK,Friday,January,0,TRAYNOR AVE,2,ROAD,LOCAL,9.0,20.0,PAVED,TwoWay,PAVED,6,50,NO ACCESS,Y,2003.0,140.669623309918
TRAYNOR AVE,04-At/near private drive,02-Thru lane,01-Clear,01-Daylight,MIDBLOCK,Friday,January,0,TRAYNOR AVE,2,ROAD,MINOR,11.0,20.0,PAVED,TwoWay,PAVED,4,50,NO ACCESS,Y,1998.0,228.23795648974
TRAYNOR AVE,04-At/near private drive,02-Thru lane,01-Clear,01-Daylight,MIDBLOCK,Friday,January,0,TRAYNOR AVE,2,ROAD,MINOR,9.0,20.0,PAVED,TwoWay,PAVED,4,50,NO ACCESS,Y,2000.0,248.115416921164
TRAYNOR AVE,04-At/near private drive,02-Thru lane,01-Clear,01-Daylight,MIDBLOCK,Friday,January,0,TRAYNOR AVE,2,ROAD,MINOR,9.0,20.0,PAVED,TwoWay,PAVED,4,50,NO ACCESS,Y,2000.0,141.151549646044
TRAYNOR AVE,04-At/near private drive,02-Thru lane,01-Clear,01-Daylight,MIDBLOCK,Friday,January,0,TRAYNOR AVE,2,ROAD,LOCAL,9.0,20.0,PAVED,TwoWay,PAVED,6,50,NO ACCESS,Y,2003.0,100.791807328522
TRAYNOR AVE,04-At/near private drive,02-Thru lane,01-Clear,01-Daylight,MIDBLOCK,Monday,May,0,TRAYNOR AVE,2,ROAD,LOCAL,9.0,20.0,PAVED,TwoWay,PAVED,6,50,NO ACCESS,Y,1958.0,271.920997065387
TRAYNOR AVE,04-At/near private drive,02-Thru lane,01-Clear,01-Daylight,MIDBLOCK,Monday,May,0,TRAYNOR AVE,2,ROAD,MINOR,9.0,20.0,PAVED,TwoWay,PAVED,4,50,NO ACCESS,Y,1998.0,74.1772676659116
TRAYNOR AVE,04-At/near private drive,02-Thru lane,01-Clear,01-Daylight,MIDBLOCK,Monday,May,0,TRAYNOR AVE,2,ROAD,MINOR,9.0,20.0,PAVED,TwoWay,PAVED,4,50,NO ACCESS,Y,2000.0,90.6284858970257
TRAYNOR AVE,04-At/near private drive,02-Thru lane,01-Clear,01-Daylight,MIDBLOCK,Monday,May,0,TRAYNOR AVE,2,ROAD,LOCAL,9.0,20.0,PAVED,TwoWay,PAVED,6,50,NO ACCESS,Y,2003.0,140.669623309918
TRAYNOR AVE,04-At/near private drive,02-Thru lane,01-Clear,01-Daylight,MIDBLOCK,Monday,May,0,TRAYNOR AVE,2,ROAD,MINOR,11.0,20.0,PAVED,TwoWay,PAVED,4,50,NO ACCESS,Y,1998.0,228.23795648974