LOCATION,ACCIDENT_LOCATION,IMPACT_LOCATION,ENVIRONMENT_CONDITION,LIGHT,COLLISION_TYPE,DAY_OF_WEEK,MONTH,IS_WEEKEND,STREET,LANES,CATEGORY,SUBCATEGORY,PAVEMENT_WIDTH,ROW_WIDTH,SHOULDER,FLOW_DIRECTION,SURFACE_LAYER_TYPE,OFFICIAL_ROAD_CLASSIFICATION,SPEED_LIMIT_KM,TRUCK_ACCESS,BUS_ROUTE,SERVICE_YEAR,Shape__Length
TRAYNOR AVE,04-At/near private drive,02-Thru lane,01-Clear,01-Daylight,MIDBLOCK,Monday,May,0,TRAYNOR AVE,2,ROAD,MINOR,9.0,20.0,PAVED,TwoWay,PAVED,4,50,NO ACCESS,Y,2000.0,248.115416921164
TRAYNOR AVE,04-At/near private drive,02-Thru lane,01-Clear,01-Daylight,MIDBLOCK,Monday,May,0,TRAYNOR AVE,2,ROAD,MINOR,9.0,20.0,PAVED,TwoWay,PAVED,4,50,NO ACCESS,Y,2000.0,141.151549646044
TRAYNOR AVE,04-At/near private drive,02-Thru lane,01-Clear,01-Daylight,MIDBLOCK,Monday,May,0,TRAYNOR AVE,2,ROAD,LOCAL,9.0,20.0,PAVED,TwoWay,PAVED,6,50,NO ACCESS,Y,2003.0,100.791807328522
TRAYNOR AVE,01-Non intersection,12-Off highway,02-Rain,"08-Dark, artificial",MIDBLOCK,Monday,August,0,TRAYNOR AVE,2,ROAD,LOCAL,9.0,20.0,PAVED,TwoWay,PAVED,6,50,NO ACCESS,Y,1958.0,271.920997065387
TRAYNOR AVE,01-Non intersection,12-Off highway,02-Rain,"08-Dark, artificial",MIDBLOCK,Monday,August,0,TRAYNOR AVE,2,ROAD,MINOR,9.0,20.0,PAVED,TwoWay,PAVED,4,50,NO ACCESS,Y,1998.0,74.1772676659116
TRAYNOR AVE,01-Non intersection,12-Off highway,02-Rain,"08-Dark, artificial",MIDBLOCK,Monday,August,0,TRAYNOR AVE,2,ROAD,MINOR,9.0,20.0,PAVED,TwoWay,PAVED,4,50,NO ACCESS,Y,2000.0,90.6284858970257
TRAYNOR AVE,01-Non intersection,12-Off highway,02-Rain,"08-Dark, artificial",MIDBLOCK,Monday,August,0,TRAYNOR AVE,2,ROAD,LOCAL,9.0,20.0,PAVED,TwoWay,PAVED,6,50,NO ACCESS,Y,2003.0,140.669623309918
TRAYNOR AVE,01-Non intersection,12-Off highway,02-Rain,"08-Dark, artificial",MIDBLOCK,Monday,August,0,TRAYNOR AVE,2,ROAD,MINOR,11.0,20.0,PAVED,TwoWay,PAVED,4,50,NO ACCESS,Y,1998.0,228.23795648974
TRAYNOR AVE,01-Non intersection,12-Off highway,02-Rain,"08-Dark, artificial",MIDBLOCK,Monday,August,0,TRAYNOR AVE,2,ROAD,MINOR,9.0,20.0,PAVED,TwoWay,PAVED,4,50,NO ACCESS,Y,2000.0,248.115416921164
TRAYNOR AVE,01-Non intersection,12-Off highway,02-Rain,"08-Dark, artificial",MIDBLOCK,Monday,August,0,TRAYNOR AVE,2,ROAD,MINOR,9.0,20.0,PAVED,TwoWay,PAVED,4,50,NO ACCESS,Y,2000.0,141.151549646044
TRAYNOR AVE,01-Non intersection,12-Off highway,02-Rain,"08-Dark, artificial",MIDBLOCK,Monday,August,0,TRAYNOR AVE,2,ROAD,LOCAL,9.0,20.0,PAVED,TwoWay,PAVED,6,50,NO ACCESS,Y,2003.0,100.791807328522
TRAYNOR AVE,04-At/near private drive,02-Thru lane,01-Clear,01-Daylight,MIDBLOCK,Saturday,November,1,TRAYNOR AVE,2,ROAD,LOCAL,9.0,20.0,PAVED,TwoWay,PAVED,6,50,NO ACCESS,Y,1958.0,271.920997065387
TRAYNOR AVE,04-At/near private drive,02-Thru lane,01-Clear,01-Daylight,MIDBLOCK,Saturday,November,1,TRAYNOR AVE,2,ROAD,MINOR,9.0,20.0,PAVED,TwoWay,PAVED,4,50,NO ACCESS,Y,1998.0,74.1772676659116
TRAYNOR AVE,04-At/near private drive,02-Thru lane,01-Clear,01-Daylight,MIDBLOCK,Saturday,November,1,TRAYNOR AVE,2,ROAD,MINOR,9.0,20.0,PAVED,TwoWay,PAVED,4,50,NO ACCESS,Y,2000.0,90.6284858970257
TRAYNOR AVE,04-At/near private drive,02-Thru lane,01-Clear,01-Daylight,MIDBLOCK,Saturday,November,1,TRAYNOR AVE,2,ROAD,LOCAL,9.0,20.0,PAVED,TwoWay,PAVED,6,50,NO ACCESS,Y,2003.0,140.669623309918
TRAYNOR AVE,04-At/near private drive,02-Thru lane,01-Clear,01-Daylight,MIDBLOCK,Saturday,November,1,TRAYNOR AVE,2,ROAD,MINOR,11.0,20.0,PAVED,TwoWay,PAVED,4,50,NO ACCESS,Y,1998.0,228.23795648974
TRAYNOR AVE,04-At/near private drive,02-Thru lane,01-Clear,01-Daylight,MIDBLOCK,Saturday,November,1,TRAYNOR AVE,2,ROAD,MINOR,9.0,20.0,PAVED,TwoWay,PAVED,4,50,NO ACCESS,Y,2000.0,248.115416921164
TRAYNOR AVE,04-At/near private drive,02-Thru lane,01-Clear,01-Daylight,MIDBLOCK,Saturday,November,1,TRAYNOR AVE,2,ROAD,MINOR,9.0,20.0,PAVED,TwoWay,PAVED,4,50,NO ACCESS,Y,2000.0,141.151549646044
TRAYNOR AVE,04-At/near private drive,02-Thru lane,01-Clear,01-Daylight,MIDBLOCK,Saturday,November,1,TRAYNOR AVE,2,ROAD,LOCAL,9.0,20.0,PAVED,TwoWay,PAVED,6,50,NO ACCESS,Y,2003.0,100.791807328522
TRAYNOR AVE,04-At/near private drive,02-Thru lane,01-Clear,01-Daylight,MIDBLOCK,Saturday,May,1,TRAYNOR AVE,2,ROAD,LOCAL,9.0,20.0,PAVED,TwoWay,PAVED,6,50,NO ACCESS,Y,1958.0,271.920997065387
TRAYNOR AVE,04-At/near private drive,02-Thru lane,01-Clear,01-Daylight,MIDBLOCK,Saturday,May,1,TRAYNOR AVE,2,ROAD,MINOR,9.0,20.0,PAVED,TwoWay,PAVED,4,50,NO ACCESS,Y,1998.0,74.1772676659116
TRAYNOR AVE,04-At/near private drive,02-Thru lane,01-Clear,01-Daylight,MIDBLOCK,Saturday,May,1,TRAYNOR AVE,2,ROAD,MINOR,9.0,20.0,PAVED,TwoWay,PAVED,4,50,NO ACCESS,Y,2000.0,90.6284858970257
TRAYNOR AVE,04-At/near private drive,02-Thru lane,01-Clear,01-Daylight,MIDBLOCK,Saturday,May,1,TRAYNOR AVE,2,ROAD,LOCAL,9.0,20.0,PAVED,TwoWay,PAVED,6,50,NO ACCESS,Y,2003.0,140.669623309918
TRAYNOR AVE,04-At/near private drive,02-Thru lane,01-Clear,01-Daylight,MIDBLOCK,Saturday,May,1,TRAYNOR AVE,2,ROAD,MINOR,11.0,20.0,PAVED,TwoWay,PAVED,4,50,NO ACCESS,Y,1998.0,228.23795648974
TRAYNOR AVE,04-At/near private drive,02-Thru lane,01-Clear,01-Daylight,MIDBLOCK,Saturday,May,1,TRAYNOR AVE,2,ROAD,MINOR,9.0,20.0,PAVED,TwoWay,PAVED,4,50,NO ACCESS,Y,2000.0,248.115416921164
TRAYNOR AVE,04-At/near private drive,02-Thru lane,01-Clear,01-Daylight,MIDBLOCK,Saturday,May,1,TRAYNOR AVE,2,ROAD,MINOR,9.0,20.0,PAVED,TwoWay,PAVED,4,50,NO ACCESS,Y,2000.0,141.151549646044
TRAYNOR AVE,04-At/near private drive,02-Thru lane,01-Clear,01-Daylight,MIDBLOCK,Saturday,May,1,TRAYNOR AVE,2,ROAD,LOCAL,9.0,20.0,PAVED,TwoWay,PAVED,6,50,NO ACCESS,Y,2003.0,100.791807328522
TRAYNOR AVE,04-At/near private drive,02-Thru lane,01-Clear,01-Daylight,MIDBLOCK,Thursday,August,0,TRAYNOR AVE,2,ROAD,LOCAL,9.0,20.0,PAVED,TwoWay,PAVED,6,50,NO ACCESS,Y,1958.0,271.920997065387
TRAYNOR AVE,04-At/near private drive,02-Thru lane,01-Clear,01-Daylight,MIDBLOCK,Thursday,August,0,TRAYNOR AVE,2,ROAD,MINOR,9.0,20.0,PAVED,TwoWay,PAVED,4,50,NO ACCESS,Y,1998.0,74.1772676659116
TRAYNOR AVE,04-At/near private drive,02-Thru lane,01-Clear,01-Daylight,MIDBLOCK,Thursday,August,0,TRAYNOR AVE,2,ROAD,MINOR,9.0,20.0,PAVED,TwoWay,PAVED,4,50,NO ACCESS,Y,2000.0,90.6284858970257
TRAYNOR AVE,04-At/near private drive,02-Thru lane,01-Clear,01-Daylight,MIDBLOCK,Thursday,August,0,TRAYNOR AVE,2,ROAD,LOCAL,9.0,20.0,PAVED,TwoWay,PAVED,6,50,NO ACCESS,Y,2003.0,140.669623309918
TRAYNOR AVE,04-At/near private drive,02-Thru lane,01-Clear,01-Daylight,MIDBLOCK,Thursday,August,0,TRAYNOR AVE,2,ROAD,MINOR,11.0,20.0,PAVED,TwoWay,PAVED,4,50,NO ACCESS,Y,1998.0,228.23795648974
TRAYNOR AVE,04-At/near private drive,02-Thru lane,01-Clear,01-Daylight,MIDBLOCK,Thursday,August,0,TRAYNOR AVE,2,ROAD,MINOR,9.0,20.0,PAVED,TwoWay,PAVED,4,50,NO ACCESS,Y,2000.0,248.115416921164
TRAYNOR AVE,04-At/near private drive,02-Thru lane,01-Clear,01-Daylight,MIDBLOCK,Thursday,August,0,TRAYNOR AVE,2,ROAD,MINOR,9.0,20.0,PAVED,TwoWay,PAVED,4,50,NO ACCESS,Y,2000.0,141.151549646044
TRAYNOR AVE,04-At/near private drive,02-Thru lane,01-Clear,01-Daylight,MIDBLOCK,Thursday,August,0,TRAYNOR AVE,2,ROAD,LOCAL,9.0,20.0,PAVED,TwoWay,PAVED,6,50,NO ACCESS,Y,2003.0,100.791807328522
TRAYNOR AVE,01-Non intersection,02-Thru lane,01-Clear,01-Daylight,MIDBLOCK,Monday,February,0,TRAYNOR AVE,2,ROAD,LOCAL,9.0,20.0,PAVED,TwoWay,PAVED,6,50,NO ACCESS,Y,1958.0,271.920997065387
TRAYNOR AVE,01-Non intersection,02-Thru lane,01-Clear,01-Daylight,MIDBLOCK,Monday,February,0,TRAYNOR AVE,2,ROAD,MINOR,9.0,20.0,PAVED,TwoWay,PAVED,4,50,NO ACCESS,Y,1998.0,74.1772676659116
TRAYNOR AVE,01-Non intersection,02-Thru lane,01-Clear,01-Daylight,MIDBLOCK,Monday,February,0,TRAYNOR AVE,2,ROAD,MINOR,9.0,20.0,PAVED,TwoWay,PAVED,4,50,NO ACCESS,Y,2000.0,90.6284858970257
TRAYNOR AVE,01-Non intersection,02-Thru lane,01-Clear,01-Daylight,MIDBLOCK,Monday,February,0,TRAYNOR AVE,2,ROAD,LOCAL,9.0,20.0,PAVED,TwoWay,PAVED,6,50,NO ACCESS,Y,2003.0,140.669623309918
TRAYNOR AVE,01-Non intersection,02-Thru lane,01-Clear,01-Daylight,MIDBLOCK,Monday,February,0,TRAYNOR AVE,2,ROAD,MINOR,11.0,20.0,PAVED,TwoWay,PAVED,4,50,NO ACCESS,Y,1998.0,228.23795648974
TRAYNOR AVE,01-Non intersection,02-Thru lane,01-Clear,01-Daylight,MIDBLOCK,Monday,February,0,TRAYNOR AVE,2,ROAD,MINOR,9.0,20.0,PAVED,TwoWay,PAVED,4,50,NO ACCESS,Y,2000.0,248.115416921164
TRAYNOR AVE,01-Non intersection,02-Thru lane,01-Clear,01-Daylight,MIDBLOCK,Monday,February,0,TRAYNOR AVE,2,ROAD,MINOR,9.0,20.0,PAVED,TwoWay,PAVED,4,50,NO ACCESS,Y,2000.0,141.151549646044
TRAYNOR AVE,01-Non intersection,02-Thru lane,01-Clear,01-Daylight,MIDBLOCK,Monday,February,0,TRAYNOR AVE,2,ROAD,LOCAL,9.0,20.0,PAVED,TwoWay,PAVED,6,50,NO ACCESS,Y,2003.0,100.791807328522
TRAYNOR AVE,04-At/near private drive,02-Thru lane,01-Clear,01-Daylight,MIDBLOCK,Friday,June,0,TRAYNOR AVE,2,ROAD,LOCAL,9.0,20.0,PAVED,TwoWay,PAVED,6,50,NO ACCESS,Y,1958.0,271.920997065387
TRAYNOR AVE,04-At/near private drive,02-Thru lane,01-Clear,01-Daylight,MIDBLOCK,Friday,June,0,TRAYNOR AVE,2,ROAD,MINOR,9.0,20.0,PAVED,TwoWay,PAVED,4,50,NO ACCESS,Y,1998.0,74.1772676659116
TRAYNOR AVE,04-At/near private drive,02-Thru lane,01-Clear,01-Daylight,MIDBLOCK,Friday,June,0,TRAYNOR AVE,2,ROAD,MINOR,9.0,20.0,PAVED,TwoWay,PAVED,4,50,NO ACCESS,Y,2000.0,90.6284858970257
TRAYNOR AVE,04-At/near private drive,02-Thru lane,01-Clear,01-Daylight,MIDBLOCK,Friday,June,0,TRAYNOR AVE,2,ROAD,LOCAL,9.0,20.0,PAVED,TwoWay,PAVED,6,50,NO ACCESS,Y,2003.0,140.669623309918
TRAYNOR AVE,04-At/near private drive,02-Thru lane,01-Clear,01-Daylight,MIDBLOCK,Friday,June,0,TRAYNOR AVE,2,ROAD,MINOR,11.0,20.0,PAVED,TwoWay,PAVED,4,50,NO ACCESS,Y,1998.0,228.23795648974
TRAYNOR AVE,04-At/near private drive,02-Thru lane,01-Clear,01-Daylight,MIDBLOCK,Friday,June,0,TRAYNOR AVE,2,ROAD,MINOR,9.0,20.0,PAVED,TwoWay,PAVED,4,50,NO ACCESS,Y,2000.0,248.115416921164
TRAYNOR AVE,04-At/near private drive,02-Thru lane,01-Clear,01-Daylight,MIDBLOCK,Friday,June,0,TRAYNOR AVE,2,ROAD,MINOR,9.0,20.0,PAVED,TwoWay,PAVED,4,50,NO ACCESS,Y,2000.0,141.151549646044
TRAYNOR AVE,04-At/near private drive,02-Thru lane,01-Clear,01-Daylight,MIDBLOCK,Friday,June,0,TRAYNOR AVE,2,ROAD,LOCAL,9.0,20.0,PAVED,TwoWay,PAVED,6,50,NO ACCESS,Y,2003.0,100.791807328522
SNOWDROP CRES,04-At/near private drive,09-Right shoulder,01-Clear,01-Daylight,MIDBLOCK,Sunday,January,1,SNOWDROP CRES,2,ROAD,LOCAL,9.0,20.0,PAVED,TwoWay,PAVED,6,50,NO ACCESS,N,2003.0,72.53740377389171
SNOWDROP CRES,04-At/near private drive,09-Right shoulder,01-Clear,01-Daylight,MIDBLOCK,Sunday,January,1,SNOWDROP CRES,2,ROAD,LOCAL,9.0,20.0,PAVED,TwoWay,PAVED,6,50,NO ACCESS,N,2003.0,67.5433780368901
SNOWDROP CRES,04-At/near private drive,09-Right shoulder,01-Clear,01-Daylight,MIDBLOCK,Sunday,January,1,SNOWDROP CRES,2,ROAD,LOCAL,11.0,20.0,PAVED,TwoWay,PAVED,6,50,NO ACCESS,N,2003.0,161.806980241563
SNOWDROP CRES,04-At/near private drive,09-Right shoulder,01-Clear,01-Daylight,MIDBLOCK,Sunday,January,1,SNOWDROP CRES,2,ROAD,LOCAL,9.0,20.0,PAVED,TwoWay,PAVED,6,50,NO ACCESS,N,2003.0,206.942772066041
SNOWDROP CRES,04-At/near private drive,09-Right shoulder,01-Clear,01-Daylight,MIDBLOCK,Sunday,January,1,SNOWDROP CRES,2,ROAD,LOCAL,9.0,20.0,PAVED,TwoWay,PAVED,6,50,NO ACCESS,N,2003.0,100.88850475214501
SNOWDROP CRES,04-At/near private drive,09-Right shoulder,01-Clear,01-Daylight,MIDBLOCK,Sunday,January,1,SNOWDROP CRES,2,ROAD,LOCAL,10.0,20.0,PAVED,TwoWay,PAVED,6,50,NO ACCESS,N,2003.0,77.89443449552391
SNOWDROP CRES,04-At/near private drive,02-Thru lane,01-Clear,07-Dark,MIDBLOCK,Sunday,July,1,SNOWDROP CRES,2,ROAD,LOCAL,9.0,20.0,PAVED,TwoWay,PAVED,6,50,NO ACCESS,N,2003.0,72.53740377389171
SNOWDROP CRES,04-At/near private drive,02-Thru lane,01-Clear,07-Dark,MIDBLOCK,Sunday,July,1,SNOWDROP CRES,2,ROAD,LOCAL,9.0,20.0,PAVED,TwoWay,PAVED,6,50,NO ACCESS,N,2003.0,67.5433780368901
SNOWDROP CRES,04-At/near private drive,02-Thru lane,01-Clear,07-Dark,MIDBLOCK,Sunday,July,1,SNOWDROP CRES,2,ROAD,LOCAL,11.0,20.0,PAVED,TwoWay,PAVED,6,50,NO ACCESS,N,2003.0,161.806980241563
SNOWDROP CRES,04-At/near private drive,02-Thru lane,01-Clear,07-Dark,MIDBLOCK,Sunday,July,1,SNOWDROP CRES,2,ROAD,LOCAL,9.0,20.0,PAVED,TwoWay,PAVED,6,50,NO ACCESS,N,2003.0,206.942772066041
SNOWDROP CRES,04-At/near private drive,02-Thru lane,01-Clear,07-Dark,MIDBLOCK,Sunday,July,1,SNOWDROP CRES,2,ROAD,LOCAL,9.0,20.0,PAVED,TwoWay,PAVED,6,50,NO ACCESS,N,2003.0,100.88850475214501
SNOWDROP CRES,04-At/near private drive,02-Thru lane,01-Clear,07-Dark,MIDBLOCK,Sunday,July,1,SNOWDROP CRES,2,ROAD,LOCAL,10.0,20.0,PAVED,TwoWay,PAVED,6,50,NO ACCESS,N,2003.0,77.89443449552391
SNOWDROP CRES,04-At/near private drive,02-Thru lane,02-Rain,"08-Dark, artificial",MIDBLOCK,Monday,July,0,SNOWDROP CRES,2,ROAD,LOCAL,9.0,20.0,PAVED,TwoWay,PAVED,6,50,NO ACCESS,N,2003.0,72.53740377389171
SNOWDROP CRES,04-At/near private drive,02-Thru lane,02-Rain,"08-Dark, artificial",MIDBLOCK,Monday,July,0,SNOWDROP CRES,2,ROAD,LOCAL,9.0,20.0,PAVED,TwoWay,PAVED,6,50,NO ACCESS,N,2003.0,67.5433780368901
SNOWDROP CRES,04-At/near private drive,02-Thru lane,02-Rain,"08-Dark, artificial",MIDBLOCK,Monday,July,0,SNOWDROP CRES,2,ROAD,LOCAL,11.0,20.0,PAVED,TwoWay,PAVED,6,50,NO ACCESS,N,2003.0,161.806980241563
SNOWDROP CRES,04-At/near private drive,02-Thru lane,02-Rain,"08-Dark, artificial",MIDBLOCK,Monday,July,0,SNOWDROP CRES,2,ROAD,LOCAL,9.0,20.0,PAVED,TwoWay,PAVED,6,50,NO ACCESS,N,2003.0,206.942772066041
SNOWDROP CRES,04-At/near private drive,02-Thru lane,02-Rain,"08-Dark, artificial",MIDBLOCK,Monday,July,0,SNOWDROP CRES,2,ROAD,LOCAL,9.0,20.0,PAVED,TwoWay,PAVED,6,50,NO ACCESS,N,2003.0,100.88850475214501
SNOWDROP CRES,04-At/near private drive,02-Thru lane,02-Rain,"08-Dark, artificial",MIDBLOCK,Monday,July,0,SNOWDROP CRES,2,ROAD,LOCAL,10.0,20.0,PAVED,TwoWay,PAVED,6,50,NO ACCESS,N,2003.0,77.89443449552391
SNOWDROP CRES,04-At/near private drive,02-Thru lane,01-Clear,07-Dark,MIDBLOCK,Saturday,January,1,SNOWDROP CRES,2,ROAD,LOCAL,9.0,20.0,PAVED,TwoWay,PAVED,6,50,NO ACCESS,N,2003.0,72.53740377389171
SNOWDROP CRES,04-At/near private drive,02-Thru lane,01-Clear,07-Dark,MIDBLOCK,Saturday,January,1,SNOWDROP CRES,2,ROAD,LOCAL,9.0,20.0,PAVED,TwoWay,PAVED,6,50,NO ACCESS,N,2003.0,67.5433780368901
SNOWDROP CRES,04-At/near private drive,02-Thru lane,01-Clear,07-Dark,MIDBLOCK,Saturday,January,1,SNOWDROP CRES,2,ROAD,LOCAL,11.0,20.0,PAVED,TwoWay,PAVED,6,50,NO ACCESS,N,2003.0,161.806980241563
SNOWDROP CRES,04-At/near private drive,02-Thru lane,01-Clear,07-Dark,MIDBLOCK,Saturday,January,1,SNOWDROP CRES,2,ROAD,LOCAL,9.0,20.0,PAVED,TwoWay,PAVED,6,50,NO ACCESS,N,2003.0,206.942772066041
SNOWDROP CRES,04-At/near private drive,02-Thru lane,01-Clear,07-Dark,MIDBLOCK,Saturday,January,1,SNOWDROP CRES,2,ROAD,LOCAL,9.0,20.0,PAVED,TwoWay,PAVED,6,50,NO ACCESS,N,2003.0,100.88850475214501
SNOWDROP CRES,04-At/near private drive,02-Thru lane,01-Clear,07-Dark,MIDBLOCK,Saturday,January,1,SNOWDROP CRES,2,ROAD,LOCAL,10.0,20.0,PAVED,TwoWay,PAVED,6,50,NO ACCESS,N,2003.0,77.89443449552391
SHELLEY DR,01-Non intersection,02-Thru lane,01-Clear,01-Daylight,MIDBLOCK,Monday,August,0,SHELLEY DR,2,ROAD,LOCAL,10.0,20.0,PAVED,TwoWay,PAVED,4,50,NO ACCESS,N,2005.0,59.0727543769844
SHELLEY DR,01-Non intersection,02-Thru lane,01-Clear,01-Daylight,MIDBLOCK,Monday,August,0,SHELLEY DR,2,ROAD,LOCAL,9.0,20.0,PAVED,TwoWay,PAVED,6,50,NO ACCESS,N,1955.0,731.240440104036
SHELLEY DR,01-Non intersection,02-Thru lane,01-Clear,01-Daylight,MIDBLOCK,Monday,August,0,SHELLEY DR,2,ROAD,LOCAL,10.0,20.0,PAVED,TwoWay,PAVED,6,50,NO ACCESS,N,1955.0,42.22372655666889
SHELLEY DR,01-Non intersection,02-Thru lane,01-Clear,01-Daylight,MIDBLOCK,Monday,August,0,SHELLEY DR,2,ROAD,LOCAL,10.0,20.0,PAVED,TwoWay,PAVED,4,50,NO ACCESS,N,2005.0,290.214365284292
SHELLEY DR,04-At/near private drive,02-Thru lane,01-Clear,01-Daylight,MIDBLOCK,Saturday,November,1,SHELLEY DR,2,ROAD,LOCAL,10.0,20.0,PAVED,TwoWay,PAVED,4,50,NO ACCESS,N,2005.0,59.0727543769844
SHELLEY DR,04-At/near private drive,02-Thru lane,01-Clear,01-Daylight,MIDBLOCK,Saturday,November,1,SHELLEY DR,2,ROAD,LOCAL,9.0,20.0,PAVED,TwoWay,PAVED,6,50,NO ACCESS,N,1955.0,731.240440104036
SHELLEY DR,04-At/near private drive,02-Thru lane,01-Clear,01-Daylight,MIDBLOCK,Saturday,November,1,SHELLEY DR,2,ROAD,LOCAL,10.0,20.0,PAVED,TwoWay,PAVED,6,50,NO ACCESS,N,1955.0,42.22372655666889
SHELLEY DR,04-At/near private drive,02-Thru lane,01-Clear,01-Daylight,MIDBLOCK,Saturday,November,1,SHELLEY DR,2,ROAD,LOCAL,10.0,20.0,PAVED,TwoWay,PAVED,4,50,NO ACCESS,N,2005.0,290.214365284292
SHELLEY DR,04-At/near private drive,11-Not on roadway - right side,01-Clear,01-Daylight,MIDBLOCK,Thursday,April,0,SHELLEY DR,2,ROAD,LOCAL,10.0,20.0,PAVED,TwoWay,PAVED,4,50,NO ACCESS,N,2005.0,59.0727543769844
SHELLEY DR,04-At/near private drive,11-Not on roadway - right side,01-Clear,01-Daylight,MIDBLOCK,Thursday,April,0,SHELLEY DR,2,ROAD,LOCAL,9.0,20.0,PAVED,TwoWay,PAVED,6,50,NO ACCESS,N,1955.0,731.240440104036
SHELLEY DR,04-At/near private drive,11-Not on roadway - right side,01-Clear,01-Daylight,MIDBLOCK,Thursday,April,0,SHELLEY DR,2,ROAD,LOCAL,10.0,20.0,PAVED,TwoWay,PAVED,6,50,NO ACCESS,N,1955.0,42.22372655666889
SHELLEY DR,04-At/near private drive,11-Not on roadway - right side,01-Clear,01-Daylight,MIDBLOCK,Thursday,April,0,SHELLEY DR,2,ROAD,LOCAL,10.0,20.0,PAVED,TwoWay,PAVED,4,50,NO ACCESS,N,2005.0,290.214365284292
SHELLEY DR,04-At/near private drive,11-Not on roadway - right side,01-Clear,01-Daylight,MIDBLOCK,Sunday,December,1,SHELLEY DR,2,ROAD,LOCAL,10.0,20.0,PAVED,TwoWay,PAVED,4,50,NO ACCESS,N,2005.0,59.0727543769844
SHELLEY DR,04-At/near private drive,11-Not on roadway - right side,01-Clear,01-Daylight,MIDBLOCK,Sunday,December,1,SHELLEY DR,2,ROAD,LOCAL,9.0,20.0,PAVED,TwoWay,PAVED,6,50,NO ACCESS,N,1955.0,731.240440104036
SHELLEY DR,04-At/near private drive,11-Not on roadway - right side,01-Clear,01-Daylight,MIDBLOCK,Sunday,December,1,SHELLEY DR,2,ROAD,LOCAL,10.0,20.0,PAVED,TwoWay,PAVED,6,50,NO ACCESS,N,1955.0,42.22372655666889
SHELLEY DR,04-At/near private drive,11-Not on roadway - right side,01-Clear,01-Daylight,MIDBLOCK,Sunday,December,1,SHELLEY DR,2,ROAD,LOCAL,10.0,20.0,PAVED,TwoWay,PAVED,4,50,NO ACCESS,N,2005.0,290.214365284292
SHELLEY DR,04-At/near private drive,02-Thru lane,01-Clear,01-Daylight,MIDBLOCK,Monday,May,0,SHELLEY DR,2,ROAD,LOCAL,10.0,20.0,PAVED,TwoWay,PAVED,4,50,NO ACCESS,N,2005.0,59.0727543769844
SHELLEY DR,04-At/near private drive,02-Thru lane,01-Clear,01-Daylight,MIDBLOCK,Monday,May,0,SHELLEY DR,2,ROAD,LOCAL,9.0,20.0,PAVED,TwoWay,PAVED,6,50,NO ACCESS,N,1955.0,731.240440104036
SHELLEY DR,04-At/near private drive,02-Thru lane,01-Clear,01-Daylight,MIDBLOCK,Monday,May,0,SHELLEY DR,2,ROAD,LOCAL,10.0,20.0,PAVED,TwoWay,PAVED,6,50,NO ACCESS,N,1955.0,42.22372655666889
SHELLEY DR,04-At/near private drive,02-Thru lane,01-Clear,01-Daylight,MIDBLOCK,Monday,May,0,SHELLEY DR,2,ROAD,LOCAL,10.0,20.0,PAVED,TwoWay,PAVED,4,50,NO ACCESS,N,2005.0,290.214365284292
SHELLEY DR,04-At/near private drive,11-Not on roadway - right side,02-Rain,01-Daylight,MIDBLOCK,Wednesday,October,0,SHELLEY DR,2,ROAD,LOCAL,10.0,20.0,PAVED,TwoWay,PAVED,4,50,NO ACCESS,N,2005.0,59.0727543769844
SHELLEY DR,04-At/near private drive,11-Not on roadway - right side,02-Rain,01-Daylight,MIDBLOCK,Wednesday,October,0,SHELLEY DR,2,ROAD,LOCAL,9.0,20.0,PAVED,TwoWay,PAVED,6,50,NO ACCESS,N,1955.0,731.240440104036
SHELLEY DR,04-At/near private drive,11-Not on roadway - right side,02-Rain,01-Daylight,MIDBLOCK,Wednesday,October,0,SHELLEY DR,2,ROAD,LOCAL,10.0,20.0,PAVED,TwoWay,PAVED,6,50,NO ACCESS,N,1955.0,42.22372655666889
SHELLEY DR,04-At/near private drive,11-Not on roadway - right side,02-Rain,01-Daylight,MIDBLOCK,Wednesday,October,0,SHELLEY DR,2,ROAD,LOCAL,10.0,20.0,PAVED,TwoWay,PAVED,4,50,NO ACCESS,N,2005.0,290.214365284292
KARN ST,04-At/near private drive,02-Thru lane,01-Clear,01-Daylight,MIDBLOCK,Saturday,July,1,KARN ST,2,ROAD,LOCAL,9.0,15.0,PAVED,TwoWay,PAVED,6,50,NO ACCESS,N,2007.0,114.373243829362
KARN ST,04-At/near private drive,02-Thru lane,01-Clear,01-Daylight,MIDBLOCK,Saturday,July,1,KARN ST,2,ROAD,LOCAL,9.0,15.0,PAVED,TwoWay,PAVED,6,50,NO ACCESS,N,2007.0,206.416730562242
KARN ST,04-At/near private drive,02-Thru lane,01-Clear,01-Daylight,MIDBLOCK,Saturday,July,1,KARN ST,2,ROAD,LOCAL,8.0,20.0,PAVED,TwoWay,PAVED,6,50,NO ACCESS,N,1863.0,124.206875017925
KARN ST,04-At/near private drive,02-Thru lane,01-Clear,01-Daylight,MIDBLOCK,Saturday,July,1,KARN ST,2,ROAD,LOCAL,9.0,20.0,PAVED,TwoWay,PAVED,6,50,NO ACCESS,N,1863.0,132.41152809127502
KARN ST,04-At/near private drive,02-Thru lane,01-Clear,01-Daylight,MIDBLOCK,Saturday,July,1,KARN ST,2,ROAD,LOCAL,9.0,20.0,PAVED,TwoWay,PAVED,6,50,NO ACCESS,N,1965.0,260.034809974222
KARN ST,04-At/near private drive,02-Thru lane,01-Clear,07-Dark,MIDBLOCK,Friday,October,0,KARN ST,2,ROAD,LOCAL,9.0,15.0,PAVED,TwoWay,PAVED,6,50,NO ACCESS,N,2007.0,114.373243829362
KARN ST,04-At/near private drive,02-Thru lane,01-Clear,07-Dark,MIDBLOCK,Friday,October,0,KARN ST,2,ROAD,LOCAL,9.0,15.0,PAVED,TwoWay,PAVED,6,50,NO ACCESS,N,2007.0,206.416730562242