LOCATION,ACCIDENT_LOCATION,IMPACT_LOCATION,ENVIRONMENT_CONDITION,LIGHT,COLLISION_TYPE,DAY_OF_WEEK,MONTH,IS_WEEKEND,STREET,LANES,CATEGORY,SUBCATEGORY,PAVEMENT_WIDTH,ROW_WIDTH,SHOULDER,FLOW_DIRECTION,SURFACE_LAYER_TYPE,OFFICIAL_ROAD_CLASSIFICATION,SPEED_LIMIT_KM,TRUCK_ACCESS,BUS_ROUTE,SERVICE_YEAR,Shape__Length
PATRICIA AVE,01-Non intersection,02-Thru lane,01-Clear,07-Dark,MIDBLOCK,Saturday,October,1,PATRICIA AVE,2,ROAD,LOCAL,9.0,20.0,PAVED,TwoWay,PAVED,6,50,NO ACCESS,N,2002.0,240.612177144469
PATRICIA AVE,01-Non intersection,02-Thru lane,01-Clear,07-Dark,MIDBLOCK,Saturday,October,1,PATRICIA AVE,2,ROAD,LOCAL,9.0,19.0,PAVED,TwoWay,PAVED,6,40,NO ACCESS,N,2006.0,253.239043426769
PATRICIA AVE,01-Non intersection,02-Thru lane,01-Clear,07-Dark,MIDBLOCK,Saturday,October,1,PATRICIA AVE,2,ROAD,LOCAL,9.0,20.0,PAVED,TwoWay,PAVED,6,50,NO ACCESS,N,2002.0,87.3722921714003
PATRICIA AVE,01-Non intersection,02-Thru lane,01-Clear,07-Dark,MIDBLOCK,Saturday,October,1,PATRICIA AVE,2,ROAD,LOCAL,8.0,20.0,PAVED,TwoWay,PAVED,6,50,NO ACCESS,N,1915.0,68.679627335975
PATRICIA AVE,04-At/near private drive,02-Thru lane,01-Clear,01-Daylight,MIDBLOCK,Thursday,June,0,PATRICIA AVE,2,ROAD,LOCAL,9.0,20.0,PAVED,TwoWay,PAVED,6,50,NO ACCESS,N,2002.0,93.0449935891761
PATRICIA AVE,04-At/near private drive,02-Thru lane,01-Clear,01-Daylight,MIDBLOCK,Thursday,June,0,PATRICIA AVE,2,ROAD,LOCAL,9.0,20.0,PAVED,TwoWay,PAVED,6,50,NO ACCESS,N,1915.0,100.482047962116
PATRICIA AVE,04-At/near private drive,02-Thru lane,01-Clear,01-Daylight,MIDBLOCK,Thursday,June,0,PATRICIA AVE,2,ROAD,LOCAL,9.0,18.0,PAVED,TwoWay,PAVED,6,50,NO ACCESS,N,2006.0,89.3442758830566
PATRICIA AVE,04-At/near private drive,02-Thru lane,01-Clear,01-Daylight,MIDBLOCK,Thursday,June,0,PATRICIA AVE,2,ROAD,LOCAL,9.0,20.0,PAVED,TwoWay,PAVED,6,50,NO ACCESS,N,2002.0,92.97954182015907
PATRICIA AVE,04-At/near private drive,02-Thru lane,01-Clear,01-Daylight,MIDBLOCK,Thursday,June,0,PATRICIA AVE,2,ROAD,LOCAL,9.0,20.0,PAVED,TwoWay,PAVED,6,50,NO ACCESS,N,2002.0,240.612177144469
PATRICIA AVE,04-At/near private drive,02-Thru lane,01-Clear,01-Daylight,MIDBLOCK,Thursday,June,0,PATRICIA AVE,2,ROAD,LOCAL,9.0,19.0,PAVED,TwoWay,PAVED,6,40,NO ACCESS,N,2006.0,253.239043426769
PATRICIA AVE,04-At/near private drive,02-Thru lane,01-Clear,01-Daylight,MIDBLOCK,Thursday,June,0,PATRICIA AVE,2,ROAD,LOCAL,9.0,20.0,PAVED,TwoWay,PAVED,6,50,NO ACCESS,N,2002.0,87.3722921714003
PATRICIA AVE,04-At/near private drive,02-Thru lane,01-Clear,01-Daylight,MIDBLOCK,Thursday,June,0,PATRICIA AVE,2,ROAD,LOCAL,8.0,20.0,PAVED,TwoWay,PAVED,6,50,NO ACCESS,N,1915.0,68.679627335975
PATRICIA AVE,01-Non intersection,02-Thru lane,02-Rain,01-Daylight,MIDBLOCK,Tuesday,January,0,PATRICIA AVE,2,ROAD,LOCAL,9.0,20.0,PAVED,TwoWay,PAVED,6,50,NO ACCESS,N,2002.0,93.0449935891761
PATRICIA AVE,01-Non intersection,02-Thru lane,02-Rain,01-Daylight,MIDBLOCK,Tuesday,January,0,PATRICIA AVE,2,ROAD,LOCAL,9.0,20.0,PAVED,TwoWay,PAVED,6,50,NO ACCESS,N,1915.0,100.482047962116
PATRICIA AVE,01-Non intersection,02-Thru lane,02-Rain,01-Daylight,MIDBLOCK,Tuesday,January,0,PATRICIA AVE,2,ROAD,LOCAL,9.0,18.0,PAVED,TwoWay,PAVED,6,50,NO ACCESS,N,2006.0,89.3442758830566
PATRICIA AVE,01-Non intersection,02-Thru lane,02-Rain,01-Daylight,MIDBLOCK,Tuesday,January,0,PATRICIA AVE,2,ROAD,LOCAL,9.0,20.0,PAVED,TwoWay,PAVED,6,50,NO ACCESS,N,2002.0,92.97954182015907
PATRICIA AVE,01-Non intersection,02-Thru lane,02-Rain,01-Daylight,MIDBLOCK,Tuesday,January,0,PATRICIA AVE,2,ROAD,LOCAL,9.0,20.0,PAVED,TwoWay,PAVED,6,50,NO ACCESS,N,2002.0,240.612177144469
PATRICIA AVE,01-Non intersection,02-Thru lane,02-Rain,01-Daylight,MIDBLOCK,Tuesday,January,0,PATRICIA AVE,2,ROAD,LOCAL,9.0,19.0,PAVED,TwoWay,PAVED,6,40,NO ACCESS,N,2006.0,253.239043426769
PATRICIA AVE,01-Non intersection,02-Thru lane,02-Rain,01-Daylight,MIDBLOCK,Tuesday,January,0,PATRICIA AVE,2,ROAD,LOCAL,9.0,20.0,PAVED,TwoWay,PAVED,6,50,NO ACCESS,N,2002.0,87.3722921714003
PATRICIA AVE,01-Non intersection,02-Thru lane,02-Rain,01-Daylight,MIDBLOCK,Tuesday,January,0,PATRICIA AVE,2,ROAD,LOCAL,8.0,20.0,PAVED,TwoWay,PAVED,6,50,NO ACCESS,N,1915.0,68.679627335975
PATRICIA AVE,01-Non intersection,02-Thru lane,02-Rain,01-Daylight,MIDBLOCK,Monday,January,0,PATRICIA AVE,2,ROAD,LOCAL,9.0,20.0,PAVED,TwoWay,PAVED,6,50,NO ACCESS,N,2002.0,93.0449935891761
PATRICIA AVE,01-Non intersection,02-Thru lane,02-Rain,01-Daylight,MIDBLOCK,Monday,January,0,PATRICIA AVE,2,ROAD,LOCAL,9.0,20.0,PAVED,TwoWay,PAVED,6,50,NO ACCESS,N,1915.0,100.482047962116
PATRICIA AVE,01-Non intersection,02-Thru lane,02-Rain,01-Daylight,MIDBLOCK,Monday,January,0,PATRICIA AVE,2,ROAD,LOCAL,9.0,18.0,PAVED,TwoWay,PAVED,6,50,NO ACCESS,N,2006.0,89.3442758830566
PATRICIA AVE,01-Non intersection,02-Thru lane,02-Rain,01-Daylight,MIDBLOCK,Monday,January,0,PATRICIA AVE,2,ROAD,LOCAL,9.0,20.0,PAVED,TwoWay,PAVED,6,50,NO ACCESS,N,2002.0,92.97954182015907
PATRICIA AVE,01-Non intersection,02-Thru lane,02-Rain,01-Daylight,MIDBLOCK,Monday,January,0,PATRICIA AVE,2,ROAD,LOCAL,9.0,20.0,PAVED,TwoWay,PAVED,6,50,NO ACCESS,N,2002.0,240.612177144469
PATRICIA AVE,01-Non intersection,02-Thru lane,02-Rain,01-Daylight,MIDBLOCK,Monday,January,0,PATRICIA AVE,2,ROAD,LOCAL,9.0,19.0,PAVED,TwoWay,PAVED,6,40,NO ACCESS,N,2006.0,253.239043426769
PATRICIA AVE,01-Non intersection,02-Thru lane,02-Rain,01-Daylight,MIDBLOCK,Monday,January,0,PATRICIA AVE,2,ROAD,LOCAL,9.0,20.0,PAVED,TwoWay,PAVED,6,50,NO ACCESS,N,2002.0,87.3722921714003
PATRICIA AVE,01-Non intersection,02-Thru lane,02-Rain,01-Daylight,MIDBLOCK,Monday,January,0,PATRICIA AVE,2,ROAD,LOCAL,8.0,20.0,PAVED,TwoWay,PAVED,6,50,NO ACCESS,N,1915.0,68.679627335975
CHERRY HILL DR,04-At/near private drive,09-Right shoulder,01-Clear,01-Daylight,MIDBLOCK,Friday,June,0,CHERRY HILL DR,2,ROAD,LOCAL,9.0,20.0,PAVED,TwoWay,PAVED,6,50,NO ACCESS,N,2003.0,113.69006993328199
CHERRY HILL DR,04-At/near private drive,09-Right shoulder,01-Clear,01-Daylight,MIDBLOCK,Friday,June,0,CHERRY HILL DR,2,ROAD,LOCAL,9.0,20.0,PAVED,TwoWay,PAVED,6,50,NO ACCESS,N,2004.0,350.627240547928
CHERRY HILL DR,04-At/near private drive,02-Thru lane,01-Clear,01-Daylight,MIDBLOCK,Sunday,March,1,CHERRY HILL DR,2,ROAD,LOCAL,9.0,20.0,PAVED,TwoWay,PAVED,6,50,NO ACCESS,N,2003.0,113.69006993328199
CHERRY HILL DR,04-At/near private drive,02-Thru lane,01-Clear,01-Daylight,MIDBLOCK,Sunday,March,1,CHERRY HILL DR,2,ROAD,LOCAL,9.0,20.0,PAVED,TwoWay,PAVED,6,50,NO ACCESS,N,2004.0,350.627240547928
CHERRY HILL DR,04-At/near private drive,02-Thru lane,01-Clear,01-Daylight,MIDBLOCK,Thursday,June,0,CHERRY HILL DR,2,ROAD,LOCAL,9.0,20.0,PAVED,TwoWay,PAVED,6,50,NO ACCESS,N,2003.0,113.69006993328199
CHERRY HILL DR,04-At/near private drive,02-Thru lane,01-Clear,01-Daylight,MIDBLOCK,Thursday,June,0,CHERRY HILL DR,2,ROAD,LOCAL,9.0,20.0,PAVED,TwoWay,PAVED,6,50,NO ACCESS,N,2004.0,350.627240547928
CHERRY HILL DR,04-At/near private drive,02-Thru lane,01-Clear,01-Daylight,MIDBLOCK,Thursday,February,0,CHERRY HILL DR,2,ROAD,LOCAL,9.0,20.0,PAVED,TwoWay,PAVED,6,50,NO ACCESS,N,2003.0,113.69006993328199
CHERRY HILL DR,04-At/near private drive,02-Thru lane,01-Clear,01-Daylight,MIDBLOCK,Thursday,February,0,CHERRY HILL DR,2,ROAD,LOCAL,9.0,20.0,PAVED,TwoWay,PAVED,6,50,NO ACCESS,N,2004.0,350.627240547928
CHERRY HILL DR,04-At/near private drive,02-Thru lane,02-Rain,01-Daylight,MIDBLOCK,Monday,June,0,CHERRY HILL DR,2,ROAD,LOCAL,9.0,20.0,PAVED,TwoWay,PAVED,6,50,NO ACCESS,N,2003.0,113.69006993328199
CHERRY HILL DR,04-At/near private drive,02-Thru lane,02-Rain,01-Daylight,MIDBLOCK,Monday,June,0,CHERRY HILL DR,2,ROAD,LOCAL,9.0,20.0,PAVED,TwoWay,PAVED,6,50,NO ACCESS,N,2004.0,350.627240547928
MILL ST,01-Non intersection,10-Not on roadway - left side,03-Snow,01-Daylight,MIDBLOCK,Monday,January,0,MILL ST,2,ROAD,MINOR,8.0,12.0,PAVED,TwoWay,PAVED,2,50,NO ACCESS,N,2000.0,212.400813233781
MILL ST,01-Non intersection,10-Not on roadway - left side,03-Snow,01-Daylight,MIDBLOCK,Monday,January,0,MILL ST,2,ROAD,MINOR,8.0,20.0,PAVED,TwoWay,PAVED,2,50,NO ACCESS,N,2000.0,150.668151932247
MILL ST,01-Non intersection,10-Not on roadway - left side,03-Snow,01-Daylight,MIDBLOCK,Monday,January,0,MILL ST,2,ROAD,MINOR,11.0,20.0,PAVED,TwoWay,PAVED,2,50,NO ACCESS,Y,1855.0,396.585677746484
MILL ST,01-Non intersection,10-Not on roadway - left side,03-Snow,01-Daylight,MIDBLOCK,Monday,January,0,MILL ST,2,ROAD,MINOR,11.0,20.0,PAVED,TwoWay,PAVED,2,50,NO ACCESS,Y,1900.0,174.072705514008
MILL ST,01-Non intersection,10-Not on roadway - left side,03-Snow,01-Daylight,MIDBLOCK,Monday,January,0,MILL ST,2,ROAD,MINOR,7.0,16.0,PAVED,TwoWay,PAVED,2,50,NO ACCESS,N,1900.0,56.7034708983865
MILL ST,01-Non intersection,10-Not on roadway - left side,03-Snow,01-Daylight,MIDBLOCK,Monday,January,0,MILL ST,2,ROAD,MINOR,7.0,12.0,PAVED,TwoWay,PAVED,2,50,NO ACCESS,Y,1875.0,582.642903242452
MILL ST,01-Non intersection,10-Not on roadway - left side,03-Snow,01-Daylight,MIDBLOCK,Monday,January,0,MILL ST,2,ROAD,MINOR,7.0,12.0,PAVED,TwoWay,PAVED,2,50,NO ACCESS,Y,1890.0,113.137196235231
MILL ST,01-Non intersection,10-Not on roadway - left side,03-Snow,01-Daylight,MIDBLOCK,Monday,January,0,MILL ST,2,ROAD,MINOR,11.0,16.0,PAVED,TwoWay,PAVED,2,50,NO ACCESS,Y,1865.0,289.73821182708696
MILL ST,04-At/near private drive,02-Thru lane,01-Clear,01-Daylight,MIDBLOCK,Monday,October,0,MILL ST,2,ROAD,MINOR,8.0,12.0,PAVED,TwoWay,PAVED,2,50,NO ACCESS,N,2000.0,212.400813233781
MILL ST,04-At/near private drive,02-Thru lane,01-Clear,01-Daylight,MIDBLOCK,Monday,October,0,MILL ST,2,ROAD,MINOR,8.0,20.0,PAVED,TwoWay,PAVED,2,50,NO ACCESS,N,2000.0,150.668151932247
MILL ST,04-At/near private drive,02-Thru lane,01-Clear,01-Daylight,MIDBLOCK,Monday,October,0,MILL ST,2,ROAD,MINOR,11.0,20.0,PAVED,TwoWay,PAVED,2,50,NO ACCESS,Y,1855.0,396.585677746484
MILL ST,04-At/near private drive,02-Thru lane,01-Clear,01-Daylight,MIDBLOCK,Monday,October,0,MILL ST,2,ROAD,MINOR,11.0,20.0,PAVED,TwoWay,PAVED,2,50,NO ACCESS,Y,1900.0,174.072705514008
MILL ST,04-At/near private drive,02-Thru lane,01-Clear,01-Daylight,MIDBLOCK,Monday,October,0,MILL ST,2,ROAD,MINOR,7.0,16.0,PAVED,TwoWay,PAVED,2,50,NO ACCESS,N,1900.0,56.7034708983865
MILL ST,04-At/near private drive,02-Thru lane,01-Clear,01-Daylight,MIDBLOCK,Monday,October,0,MILL ST,2,ROAD,MINOR,7.0,12.0,PAVED,TwoWay,PAVED,2,50,NO ACCESS,Y,1875.0,582.642903242452
MILL ST,04-At/near private drive,02-Thru lane,01-Clear,01-Daylight,MIDBLOCK,Monday,October,0,MILL ST,2,ROAD,MINOR,7.0,12.0,PAVED,TwoWay,PAVED,2,50,NO ACCESS,Y,1890.0,113.137196235231
MILL ST,04-At/near private drive,02-Thru lane,01-Clear,01-Daylight,MIDBLOCK,Monday,October,0,MILL ST,2,ROAD,MINOR,11.0,16.0,PAVED,TwoWay,PAVED,2,50,NO ACCESS,Y,1865.0,289.73821182708696
MILL ST,01-Non intersection,11-Not on roadway - right side,01-Clear,01-Daylight,MIDBLOCK,Sunday,March,1,MILL ST,2,ROAD,MINOR,8.0,12.0,PAVED,TwoWay,PAVED,2,50,NO ACCESS,N,2000.0,212.400813233781
MILL ST,01-Non intersection,11-Not on roadway - right side,01-Clear,01-Daylight,MIDBLOCK,Sunday,March,1,MILL ST,2,ROAD,MINOR,8.0,20.0,PAVED,TwoWay,PAVED,2,50,NO ACCESS,N,2000.0,150.668151932247
MILL ST,01-Non intersection,11-Not on roadway - right side,01-Clear,01-Daylight,MIDBLOCK,Sunday,March,1,MILL ST,2,ROAD,MINOR,11.0,20.0,PAVED,TwoWay,PAVED,2,50,NO ACCESS,Y,1855.0,396.585677746484
MILL ST,01-Non intersection,11-Not on roadway - right side,01-Clear,01-Daylight,MIDBLOCK,Sunday,March,1,MILL ST,2,ROAD,MINOR,11.0,20.0,PAVED,TwoWay,PAVED,2,50,NO ACCESS,Y,1900.0,174.072705514008
MILL ST,01-Non intersection,11-Not on roadway - right side,01-Clear,01-Daylight,MIDBLOCK,Sunday,March,1,MILL ST,2,ROAD,MINOR,7.0,16.0,PAVED,TwoWay,PAVED,2,50,NO ACCESS,N,1900.0,56.7034708983865
MILL ST,01-Non intersection,11-Not on roadway - right side,01-Clear,01-Daylight,MIDBLOCK,Sunday,March,1,MILL ST,2,ROAD,MINOR,7.0,12.0,PAVED,TwoWay,PAVED,2,50,NO ACCESS,Y,1875.0,582.642903242452
MILL ST,01-Non intersection,11-Not on roadway - right side,01-Clear,01-Daylight,MIDBLOCK,Sunday,March,1,MILL ST,2,ROAD,MINOR,7.0,12.0,PAVED,TwoWay,PAVED,2,50,NO ACCESS,Y,1890.0,113.137196235231
MILL ST,01-Non intersection,11-Not on roadway - right side,01-Clear,01-Daylight,MIDBLOCK,Sunday,March,1,MILL ST,2,ROAD,MINOR,11.0,16.0,PAVED,TwoWay,PAVED,2,50,NO ACCESS,Y,1865.0,289.73821182708696
MILL ST,01-Non intersection,02-Thru lane,01-Clear,01-Daylight,MIDBLOCK,Tuesday,March,0,MILL ST,2,ROAD,MINOR,8.0,12.0,PAVED,TwoWay,PAVED,2,50,NO ACCESS,N,2000.0,212.400813233781
MILL ST,01-Non intersection,02-Thru lane,01-Clear,01-Daylight,MIDBLOCK,Tuesday,March,0,MILL ST,2,ROAD,MINOR,8.0,20.0,PAVED,TwoWay,PAVED,2,50,NO ACCESS,N,2000.0,150.668151932247
MILL ST,01-Non intersection,02-Thru lane,01-Clear,01-Daylight,MIDBLOCK,Tuesday,March,0,MILL ST,2,ROAD,MINOR,11.0,20.0,PAVED,TwoWay,PAVED,2,50,NO ACCESS,Y,1855.0,396.585677746484
MILL ST,01-Non intersection,02-Thru lane,01-Clear,01-Daylight,MIDBLOCK,Tuesday,March,0,MILL ST,2,ROAD,MINOR,11.0,20.0,PAVED,TwoWay,PAVED,2,50,NO ACCESS,Y,1900.0,174.072705514008
MILL ST,01-Non intersection,02-Thru lane,01-Clear,01-Daylight,MIDBLOCK,Tuesday,March,0,MILL ST,2,ROAD,MINOR,7.0,16.0,PAVED,TwoWay,PAVED,2,50,NO ACCESS,N,1900.0,56.7034708983865
MILL ST,01-Non intersection,02-Thru lane,01-Clear,01-Daylight,MIDBLOCK,Tuesday,March,0,MILL ST,2,ROAD,MINOR,7.0,12.0,PAVED,TwoWay,PAVED,2,50,NO ACCESS,Y,1875.0,582.642903242452
MILL ST,01-Non intersection,02-Thru lane,01-Clear,01-Daylight,MIDBLOCK,Tuesday,March,0,MILL ST,2,ROAD,MINOR,7.0,12.0,PAVED,TwoWay,PAVED,2,50,NO ACCESS,Y,1890.0,113.137196235231
MILL ST,01-Non intersection,02-Thru lane,01-Clear,01-Daylight,MIDBLOCK,Tuesday,March,0,MILL ST,2,ROAD,MINOR,11.0,16.0,PAVED,TwoWay,PAVED,2,50,NO ACCESS,Y,1865.0,289.73821182708696
MILL ST,04-At/near private drive,11-Not on roadway - right side,01-Clear,01-Daylight,MIDBLOCK,Friday,January,0,MILL ST,2,ROAD,MINOR,8.0,12.0,PAVED,TwoWay,PAVED,2,50,NO ACCESS,N,2000.0,212.400813233781
MILL ST,04-At/near private drive,11-Not on roadway - right side,01-Clear,01-Daylight,MIDBLOCK,Friday,January,0,MILL ST,2,ROAD,MINOR,8.0,20.0,PAVED,TwoWay,PAVED,2,50,NO ACCESS,N,2000.0,150.668151932247
MILL ST,04-At/near private drive,11-Not on roadway - right side,01-Clear,01-Daylight,MIDBLOCK,Friday,January,0,MILL ST,2,ROAD,MINOR,11.0,20.0,PAVED,TwoWay,PAVED,2,50,NO ACCESS,Y,1855.0,396.585677746484
MILL ST,04-At/near private drive,11-Not on roadway - right side,01-Clear,01-Daylight,MIDBLOCK,Friday,January,0,MILL ST,2,ROAD,MINOR,11.0,20.0,PAVED,TwoWay,PAVED,2,50,NO ACCESS,Y,1900.0,174.072705514008
MILL ST,04-At/near private drive,11-Not on roadway - right side,01-Clear,01-Daylight,MIDBLOCK,Friday,January,0,MILL ST,2,ROAD,MINOR,7.0,16.0,PAVED,TwoWay,PAVED,2,50,NO ACCESS,N,1900.0,56.7034708983865
MILL ST,04-At/near private drive,11-Not on roadway - right side,01-Clear,01-Daylight,MIDBLOCK,Friday,January,0,MILL ST,2,ROAD,MINOR,7.0,12.0,PAVED,TwoWay,PAVED,2,50,NO ACCESS,Y,1875.0,582.642903242452
MILL ST,04-At/near private drive,11-Not on roadway - right side,01-Clear,01-Daylight,MIDBLOCK,Friday,January,0,MILL ST,2,ROAD,MINOR,7.0,12.0,PAVED,TwoWay,PAVED,2,50,NO ACCESS,Y,1890.0,113.137196235231
MILL ST,04-At/near private drive,11-Not on roadway - right side,01-Clear,01-Daylight,MIDBLOCK,Friday,January,0,MILL ST,2,ROAD,MINOR,11.0,16.0,PAVED,TwoWay,PAVED,2,50,NO ACCESS,Y,1865.0,289.73821182708696
MILL ST,04-At/near private drive,09-Right shoulder,01-Clear,99-Other,MIDBLOCK,Friday,July,0,MILL ST,2,ROAD,MINOR,8.0,12.0,PAVED,TwoWay,PAVED,2,50,NO ACCESS,N,2000.0,212.400813233781
MILL ST,04-At/near private drive,09-Right shoulder,01-Clear,99-Other,MIDBLOCK,Friday,July,0,MILL ST,2,ROAD,MINOR,8.0,20.0,PAVED,TwoWay,PAVED,2,50,NO ACCESS,N,2000.0,150.668151932247
MILL ST,04-At/near private drive,09-Right shoulder,01-Clear,99-Other,MIDBLOCK,Friday,July,0,MILL ST,2,ROAD,MINOR,11.0,20.0,PAVED,TwoWay,PAVED,2,50,NO ACCESS,Y,1855.0,396.585677746484
MILL ST,04-At/near private drive,09-Right shoulder,01-Clear,99-Other,MIDBLOCK,Friday,July,0,MILL ST,2,ROAD,MINOR,11.0,20.0,PAVED,TwoWay,PAVED,2,50,NO ACCESS,Y,1900.0,174.072705514008
MILL ST,04-At/near private drive,09-Right shoulder,01-Clear,99-Other,MIDBLOCK,Friday,July,0,MILL ST,2,ROAD,MINOR,7.0,16.0,PAVED,TwoWay,PAVED,2,50,NO ACCESS,N,1900.0,56.7034708983865
MILL ST,04-At/near private drive,09-Right shoulder,01-Clear,99-Other,MIDBLOCK,Friday,July,0,MILL ST,2,ROAD,MINOR,7.0,12.0,PAVED,TwoWay,PAVED,2,50,NO ACCESS,Y,1875.0,582.642903242452
MILL ST,04-At/near private drive,09-Right shoulder,01-Clear,99-Other,MIDBLOCK,Friday,July,0,MILL ST,2,ROAD,MINOR,7.0,12.0,PAVED,TwoWay,PAVED,2,50,NO ACCESS,Y,1890.0,113.137196235231
MILL ST,04-At/near private drive,09-Right shoulder,01-Clear,99-Other,MIDBLOCK,Friday,July,0,MILL ST,2,ROAD,MINOR,11.0,16.0,PAVED,TwoWay,PAVED,2,50,NO ACCESS,Y,1865.0,289.73821182708696
MILL ST,04-At/near private drive,02-Thru lane,01-Clear,"06-Dusk, artificial",MIDBLOCK,Wednesday,January,0,MILL ST,2,ROAD,MINOR,8.0,12.0,PAVED,TwoWay,PAVED,2,50,NO ACCESS,N,2000.0,212.400813233781
MILL ST,04-At/near private drive,02-Thru lane,01-Clear,"06-Dusk, artificial",MIDBLOCK,Wednesday,January,0,MILL ST,2,ROAD,MINOR,8.0,20.0,PAVED,TwoWay,PAVED,2,50,NO ACCESS,N,2000.0,150.668151932247
MILL ST,04-At/near private drive,02-Thru lane,01-Clear,"06-Dusk, artificial",MIDBLOCK,Wednesday,January,0,MILL ST,2,ROAD,MINOR,11.0,20.0,PAVED,TwoWay,PAVED,2,50,NO ACCESS,Y,1855.0,396.585677746484
MILL ST,04-At/near private drive,02-Thru lane,01-Clear,"06-Dusk, artificial",MIDBLOCK,Wednesday,January,0,MILL ST,2,ROAD,MINOR,11.0,20.0,PAVED,TwoWay,PAVED,2,50,NO ACCESS,Y,1900.0,174.072705514008
MILL ST,04-At/near private drive,02-Thru lane,01-Clear,"06-Dusk, artificial",MIDBLOCK,Wednesday,January,0,MILL ST,2,ROAD,MINOR,7.0,16.0,PAVED,TwoWay,PAVED,2,50,NO ACCESS,N,1900.0,56.7034708983865
MILL ST,04-At/near private drive,02-Thru lane,01-Clear,"06-Dusk, artificial",MIDBLOCK,Wednesday,January,0,MILL ST,2,ROAD,MINOR,7.0,12.0,PAVED,TwoWay,PAVED,2,50,NO ACCESS,Y,1875.0,582.642903242452
MILL ST,04-At/near private drive,02-Thru lane,01-Clear,"06-Dusk, artificial",MIDBLOCK,Wednesday,January,0,MILL ST,2,ROAD,MINOR,7.0,12.0,PAVED,TwoWay,PAVED,2,50,NO ACCESS,Y,1890.0,113.137196235231
MILL ST,04-At/near private drive,02-Thru lane,01-Clear,"06-Dusk, artificial",MIDBLOCK,Wednesday,January,0,MILL ST,2,ROAD,MINOR,11.0,16.0,PAVED,TwoWay,PAVED,2,50,NO ACCESS,Y,1865.0,289.73821182708696
MILL ST,04-At/near private drive,02-Thru lane,01-Clear,01-Daylight,MIDBLOCK,Thursday,July,0,MILL ST,2,ROAD,MINOR,8.0,12.0,PAVED,TwoWay,PAVED,2,50,NO ACCESS,N,2000.0,212.400813233781
MILL ST,04-At/near private drive,02-Thru lane,01-Clear,01-Daylight,MIDBLOCK,Thursday,July,0,MILL ST,2,ROAD,MINOR,8.0,20.0,PAVED,TwoWay,PAVED,2,50,NO ACCESS,N,2000.0,150.668151932247
MILL ST,04-At/near private drive,02-Thru lane,01-Clear,01-Daylight,MIDBLOCK,Thursday,July,0,MILL ST,2,ROAD,MINOR,11.0,20.0,PAVED,TwoWay,PAVED,2,50,NO ACCESS,Y,1855.0,396.585677746484
MILL ST,04-At/near private drive,02-Thru lane,01-Clear,01-Daylight,MIDBLOCK,Thursday,July,0,MILL ST,2,ROAD,MINOR,11.0,20.0,PAVED,TwoWay,PAVED,2,50,NO ACCESS,Y,1900.0,174.072705514008
MILL ST,04-At/near private drive,02-Thru lane,01-Clear,01-Daylight,MIDBLOCK,Thursday,July,0,MILL ST,2,ROAD,MINOR,7.0,16.0,PAVED,TwoWay,PAVED,2,50,NO ACCESS,N,1900.0,56.7034708983865
MILL ST,04-At/near private drive,02-Thru lane,01-Clear,01-Daylight,MIDBLOCK,Thursday,July,0,MILL ST,2,ROAD,MINOR,7.0,12.0,PAVED,TwoWay,PAVED,2,50,NO ACCESS,Y,1875.0,582.642903242452
MILL ST,04-At/near private drive,02-Thru lane,01-Clear,01-Daylight,MIDBLOCK,Thursday,July,0,MILL ST,2,ROAD,MINOR,7.0,12.0,PAVED,TwoWay,PAVED,2,50,NO ACCESS,Y,1890.0,113.137196235231
MILL ST,04-At/near private drive,02-Thru lane,01-Clear,01-Daylight,MIDBLOCK,Thursday,July,0,MILL ST,2,ROAD,MINOR,11.0,16.0,PAVED,TwoWay,PAVED,2,50,NO ACCESS,Y,1865.0,289.73821182708696
MILL ST,04-At/near private drive,02-Thru lane,01-Clear,01-Daylight,MIDBLOCK,Tuesday,May,0,MILL ST,2,ROAD,MINOR,8.0,12.0,PAVED,TwoWay,PAVED,2,50,NO ACCESS,N,2000.0,212.400813233781
MILL ST,04-At/near private drive,02-Thru lane,01-Clear,01-Daylight,MIDBLOCK,Tuesday,May,0,MILL ST,2,ROAD,MINOR,8.0,20.0,PAVED,TwoWay,PAVED,2,50,NO ACCESS,N,2000.0,150.668151932247
MILL ST,04-At/near private drive,02-Thru lane,01-Clear,01-Daylight,MIDBLOCK,Tuesday,May,0,MILL ST,2,ROAD,MINOR,11.0,20.0,PAVED,TwoWay,PAVED,2,50,NO ACCESS,Y,1855.0,396.585677746484
MILL ST,04-At/near private drive,02-Thru lane,01-Clear,01-Daylight,MIDBLOCK,Tuesday,May,0,MILL ST,2,ROAD,MINOR,11.0,20.0,PAVED,TwoWay,PAVED,2,50,NO ACCESS,Y,1900.0,174.072705514008
MILL ST,04-At/near private drive,02-Thru lane,01-Clear,01-Daylight,MIDBLOCK,Tuesday,May,0,MILL ST,2,ROAD,MINOR,7.0,16.0,PAVED,TwoWay,PAVED,2,50,NO ACCESS,N,1900.0,56.7034708983865