LOCATION,ACCIDENT_LOCATION,IMPACT_LOCATION,ENVIRONMENT_CONDITION,LIGHT,COLLISION_TYPE,DAY_OF_WEEK,MONTH,IS_WEEKEND,STREET,LANES,CATEGORY,SUBCATEGORY,PAVEMENT_WIDTH,ROW_WIDTH,SHOULDER,FLOW_DIRECTION,SURFACE_LAYER_TYPE,OFFICIAL_ROAD_CLASSIFICATION,SPEED_LIMIT_KM,TRUCK_ACCESS,BUS_ROUTE,SERVICE_YEAR,Shape__Length
MILL ST,04-At/near private drive,02-Thru lane,01-Clear,01-Daylight,MIDBLOCK,Tuesday,May,0,MILL ST,2,ROAD,MINOR,7.0,12.0,PAVED,TwoWay,PAVED,2,50,NO ACCESS,Y,1875.0,582.642903242452
MILL ST,04-At/near private drive,02-Thru lane,01-Clear,01-Daylight,MIDBLOCK,Tuesday,May,0,MILL ST,2,ROAD,MINOR,7.0,12.0,PAVED,TwoWay,PAVED,2,50,NO ACCESS,Y,1890.0,113.137196235231
MILL ST,04-At/near private drive,02-Thru lane,01-Clear,01-Daylight,MIDBLOCK,Tuesday,May,0,MILL ST,2,ROAD,MINOR,11.0,16.0,PAVED,TwoWay,PAVED,2,50,NO ACCESS,Y,1865.0,289.73821182708696
MILL ST,04-At/near private drive,02-Thru lane,05-Drifting Snow,"06-Dusk, artificial",MIDBLOCK,Friday,February,0,MILL ST,2,ROAD,MINOR,8.0,12.0,PAVED,TwoWay,PAVED,2,50,NO ACCESS,N,2000.0,212.400813233781
MILL ST,04-At/near private drive,02-Thru lane,05-Drifting Snow,"06-Dusk, artificial",MIDBLOCK,Friday,February,0,MILL ST,2,ROAD,MINOR,8.0,20.0,PAVED,TwoWay,PAVED,2,50,NO ACCESS,N,2000.0,150.668151932247
MILL ST,04-At/near private drive,02-Thru lane,05-Drifting Snow,"06-Dusk, artificial",MIDBLOCK,Friday,February,0,MILL ST,2,ROAD,MINOR,11.0,20.0,PAVED,TwoWay,PAVED,2,50,NO ACCESS,Y,1855.0,396.585677746484
MILL ST,04-At/near private drive,02-Thru lane,05-Drifting Snow,"06-Dusk, artificial",MIDBLOCK,Friday,February,0,MILL ST,2,ROAD,MINOR,11.0,20.0,PAVED,TwoWay,PAVED,2,50,NO ACCESS,Y,1900.0,174.072705514008
MILL ST,04-At/near private drive,02-Thru lane,05-Drifting Snow,"06-Dusk, artificial",MIDBLOCK,Friday,February,0,MILL ST,2,ROAD,MINOR,7.0,16.0,PAVED,TwoWay,PAVED,2,50,NO ACCESS,N,1900.0,56.7034708983865
MILL ST,04-At/near private drive,02-Thru lane,05-Drifting Snow,"06-Dusk, artificial",MIDBLOCK,Friday,February,0,MILL ST,2,ROAD,MINOR,7.0,12.0,PAVED,TwoWay,PAVED,2,50,NO ACCESS,Y,1875.0,582.642903242452
MILL ST,04-At/near private drive,02-Thru lane,05-Drifting Snow,"06-Dusk, artificial",MIDBLOCK,Friday,February,0,MILL ST,2,ROAD,MINOR,7.0,12.0,PAVED,TwoWay,PAVED,2,50,NO ACCESS,Y,1890.0,113.137196235231
MILL ST,04-At/near private drive,02-Thru lane,05-Drifting Snow,"06-Dusk, artificial",MIDBLOCK,Friday,February,0,MILL ST,2,ROAD,MINOR,11.0,16.0,PAVED,TwoWay,PAVED,2,50,NO ACCESS,Y,1865.0,289.73821182708696
MILL ST,04-At/near private drive,02-Thru lane,01-Clear,01-Daylight,MIDBLOCK,Sunday,April,1,MILL ST,2,ROAD,MINOR,8.0,12.0,PAVED,TwoWay,PAVED,2,50,NO ACCESS,N,2000.0,212.400813233781
MILL ST,04-At/near private drive,02-Thru lane,01-Clear,01-Daylight,MIDBLOCK,Sunday,April,1,MILL ST,2,ROAD,MINOR,8.0,20.0,PAVED,TwoWay,PAVED,2,50,NO ACCESS,N,2000.0,150.668151932247
MILL ST,04-At/near private drive,02-Thru lane,01-Clear,01-Daylight,MIDBLOCK,Sunday,April,1,MILL ST,2,ROAD,MINOR,11.0,20.0,PAVED,TwoWay,PAVED,2,50,NO ACCESS,Y,1855.0,396.585677746484
MILL ST,04-At/near private drive,02-Thru lane,01-Clear,01-Daylight,MIDBLOCK,Sunday,April,1,MILL ST,2,ROAD,MINOR,11.0,20.0,PAVED,TwoWay,PAVED,2,50,NO ACCESS,Y,1900.0,174.072705514008
MILL ST,04-At/near private drive,02-Thru lane,01-Clear,01-Daylight,MIDBLOCK,Sunday,April,1,MILL ST,2,ROAD,MINOR,7.0,16.0,PAVED,TwoWay,PAVED,2,50,NO ACCESS,N,1900.0,56.7034708983865
MILL ST,04-At/near private drive,02-Thru lane,01-Clear,01-Daylight,MIDBLOCK,Sunday,April,1,MILL ST,2,ROAD,MINOR,7.0,12.0,PAVED,TwoWay,PAVED,2,50,NO ACCESS,Y,1875.0,582.642903242452
MILL ST,04-At/near private drive,02-Thru lane,01-Clear,01-Daylight,MIDBLOCK,Sunday,April,1,MILL ST,2,ROAD,MINOR,7.0,12.0,PAVED,TwoWay,PAVED,2,50,NO ACCESS,Y,1890.0,113.137196235231
MILL ST,04-At/near private drive,02-Thru lane,01-Clear,01-Daylight,MIDBLOCK,Sunday,April,1,MILL ST,2,ROAD,MINOR,11.0,16.0,PAVED,TwoWay,PAVED,2,50,NO ACCESS,Y,1865.0,289.73821182708696
MILL ST,04-At/near private drive,02-Thru lane,01-Clear,01-Daylight,MIDBLOCK,Saturday,May,1,MILL ST,2,ROAD,MINOR,8.0,12.0,PAVED,TwoWay,PAVED,2,50,NO ACCESS,N,2000.0,212.400813233781
MILL ST,04-At/near private drive,02-Thru lane,01-Clear,01-Daylight,MIDBLOCK,Saturday,May,1,MILL ST,2,ROAD,MINOR,8.0,20.0,PAVED,TwoWay,PAVED,2,50,NO ACCESS,N,2000.0,150.668151932247
MILL ST,04-At/near private drive,02-Thru lane,01-Clear,01-Daylight,MIDBLOCK,Saturday,May,1,MILL ST,2,ROAD,MINOR,11.0,20.0,PAVED,TwoWay,PAVED,2,50,NO ACCESS,Y,1855.0,396.585677746484
MILL ST,04-At/near private drive,02-Thru lane,01-Clear,01-Daylight,MIDBLOCK,Saturday,May,1,MILL ST,2,ROAD,MINOR,11.0,20.0,PAVED,TwoWay,PAVED,2,50,NO ACCESS,Y,1900.0,174.072705514008
MILL ST,04-At/near private drive,02-Thru lane,01-Clear,01-Daylight,MIDBLOCK,Saturday,May,1,MILL ST,2,ROAD,MINOR,7.0,16.0,PAVED,TwoWay,PAVED,2,50,NO ACCESS,N,1900.0,56.7034708983865
MILL ST,04-At/near private drive,02-Thru lane,01-Clear,01-Daylight,MIDBLOCK,Saturday,May,1,MILL ST,2,ROAD,MINOR,7.0,12.0,PAVED,TwoWay,PAVED,2,50,NO ACCESS,Y,1875.0,582.642903242452
MILL ST,04-At/near private drive,02-Thru lane,01-Clear,01-Daylight,MIDBLOCK,Saturday,May,1,MILL ST,2,ROAD,MINOR,7.0,12.0,PAVED,TwoWay,PAVED,2,50,NO ACCESS,Y,1890.0,113.137196235231
MILL ST,04-At/near private drive,02-Thru lane,01-Clear,01-Daylight,MIDBLOCK,Saturday,May,1,MILL ST,2,ROAD,MINOR,11.0,16.0,PAVED,TwoWay,PAVED,2,50,NO ACCESS,Y,1865.0,289.73821182708696
MILL ST,04-At/near private drive,02-Thru lane,01-Clear,"08-Dark, artificial",MIDBLOCK,Sunday,March,1,MILL ST,2,ROAD,MINOR,8.0,12.0,PAVED,TwoWay,PAVED,2,50,NO ACCESS,N,2000.0,212.400813233781
MILL ST,04-At/near private drive,02-Thru lane,01-Clear,"08-Dark, artificial",MIDBLOCK,Sunday,March,1,MILL ST,2,ROAD,MINOR,8.0,20.0,PAVED,TwoWay,PAVED,2,50,NO ACCESS,N,2000.0,150.668151932247
MILL ST,04-At/near private drive,02-Thru lane,01-Clear,"08-Dark, artificial",MIDBLOCK,Sunday,March,1,MILL ST,2,ROAD,MINOR,11.0,20.0,PAVED,TwoWay,PAVED,2,50,NO ACCESS,Y,1855.0,396.585677746484
MILL ST,04-At/near private drive,02-Thru lane,01-Clear,"08-Dark, artificial",MIDBLOCK,Sunday,March,1,MILL ST,2,ROAD,MINOR,11.0,20.0,PAVED,TwoWay,PAVED,2,50,NO ACCESS,Y,1900.0,174.072705514008
MILL ST,04-At/near private drive,02-Thru lane,01-Clear,"08-Dark, artificial",MIDBLOCK,Sunday,March,1,MILL ST,2,ROAD,MINOR,7.0,16.0,PAVED,TwoWay,PAVED,2,50,NO ACCESS,N,1900.0,56.7034708983865
MILL ST,04-At/near private drive,02-Thru lane,01-Clear,"08-Dark, artificial",MIDBLOCK,Sunday,March,1,MILL ST,2,ROAD,MINOR,7.0,12.0,PAVED,TwoWay,PAVED,2,50,NO ACCESS,Y,1875.0,582.642903242452
MILL ST,04-At/near private drive,02-Thru lane,01-Clear,"08-Dark, artificial",MIDBLOCK,Sunday,March,1,MILL ST,2,ROAD,MINOR,7.0,12.0,PAVED,TwoWay,PAVED,2,50,NO ACCESS,Y,1890.0,113.137196235231
MILL ST,04-At/near private drive,02-Thru lane,01-Clear,"08-Dark, artificial",MIDBLOCK,Sunday,March,1,MILL ST,2,ROAD,MINOR,11.0,16.0,PAVED,TwoWay,PAVED,2,50,NO ACCESS,Y,1865.0,289.73821182708696
MILL ST,04-At/near private drive,02-Thru lane,01-Clear,01-Daylight,MIDBLOCK,Sunday,January,1,MILL ST,2,ROAD,MINOR,8.0,12.0,PAVED,TwoWay,PAVED,2,50,NO ACCESS,N,2000.0,212.400813233781
MILL ST,04-At/near private drive,02-Thru lane,01-Clear,01-Daylight,MIDBLOCK,Sunday,January,1,MILL ST,2,ROAD,MINOR,8.0,20.0,PAVED,TwoWay,PAVED,2,50,NO ACCESS,N,2000.0,150.668151932247
MILL ST,04-At/near private drive,02-Thru lane,01-Clear,01-Daylight,MIDBLOCK,Sunday,January,1,MILL ST,2,ROAD,MINOR,11.0,20.0,PAVED,TwoWay,PAVED,2,50,NO ACCESS,Y,1855.0,396.585677746484
MILL ST,04-At/near private drive,02-Thru lane,01-Clear,01-Daylight,MIDBLOCK,Sunday,January,1,MILL ST,2,ROAD,MINOR,11.0,20.0,PAVED,TwoWay,PAVED,2,50,NO ACCESS,Y,1900.0,174.072705514008
MILL ST,04-At/near private drive,02-Thru lane,01-Clear,01-Daylight,MIDBLOCK,Sunday,January,1,MILL ST,2,ROAD,MINOR,7.0,16.0,PAVED,TwoWay,PAVED,2,50,NO ACCESS,N,1900.0,56.7034708983865
MILL ST,04-At/near private drive,02-Thru lane,01-Clear,01-Daylight,MIDBLOCK,Sunday,January,1,MILL ST,2,ROAD,MINOR,7.0,12.0,PAVED,TwoWay,PAVED,2,50,NO ACCESS,Y,1875.0,582.642903242452
MILL ST,04-At/near private drive,02-Thru lane,01-Clear,01-Daylight,MIDBLOCK,Sunday,January,1,MILL ST,2,ROAD,MINOR,7.0,12.0,PAVED,TwoWay,PAVED,2,50,NO ACCESS,Y,1890.0,113.137196235231
MILL ST,04-At/near private drive,02-Thru lane,01-Clear,01-Daylight,MIDBLOCK,Sunday,January,1,MILL ST,2,ROAD,MINOR,11.0,16.0,PAVED,TwoWay,PAVED,2,50,NO ACCESS,Y,1865.0,289.73821182708696
MILL ST,01-Non intersection,02-Thru lane,04-Freezing Rain,01-Daylight,MIDBLOCK,Friday,January,0,MILL ST,2,ROAD,MINOR,8.0,12.0,PAVED,TwoWay,PAVED,2,50,NO ACCESS,N,2000.0,212.400813233781
MILL ST,01-Non intersection,02-Thru lane,04-Freezing Rain,01-Daylight,MIDBLOCK,Friday,January,0,MILL ST,2,ROAD,MINOR,8.0,20.0,PAVED,TwoWay,PAVED,2,50,NO ACCESS,N,2000.0,150.668151932247
MILL ST,01-Non intersection,02-Thru lane,04-Freezing Rain,01-Daylight,MIDBLOCK,Friday,January,0,MILL ST,2,ROAD,MINOR,11.0,20.0,PAVED,TwoWay,PAVED,2,50,NO ACCESS,Y,1855.0,396.585677746484
MILL ST,01-Non intersection,02-Thru lane,04-Freezing Rain,01-Daylight,MIDBLOCK,Friday,January,0,MILL ST,2,ROAD,MINOR,11.0,20.0,PAVED,TwoWay,PAVED,2,50,NO ACCESS,Y,1900.0,174.072705514008
MILL ST,01-Non intersection,02-Thru lane,04-Freezing Rain,01-Daylight,MIDBLOCK,Friday,January,0,MILL ST,2,ROAD,MINOR,7.0,16.0,PAVED,TwoWay,PAVED,2,50,NO ACCESS,N,1900.0,56.7034708983865
MILL ST,01-Non intersection,02-Thru lane,04-Freezing Rain,01-Daylight,MIDBLOCK,Friday,January,0,MILL ST,2,ROAD,MINOR,7.0,12.0,PAVED,TwoWay,PAVED,2,50,NO ACCESS,Y,1875.0,582.642903242452
MILL ST,01-Non intersection,02-Thru lane,04-Freezing Rain,01-Daylight,MIDBLOCK,Friday,January,0,MILL ST,2,ROAD,MINOR,7.0,12.0,PAVED,TwoWay,PAVED,2,50,NO ACCESS,Y,1890.0,113.137196235231
MILL ST,01-Non intersection,02-Thru lane,04-Freezing Rain,01-Daylight,MIDBLOCK,Friday,January,0,MILL ST,2,ROAD,MINOR,11.0,16.0,PAVED,TwoWay,PAVED,2,50,NO ACCESS,Y,1865.0,289.73821182708696
MILL ST,01-Non intersection,02-Thru lane,01-Clear,01-Daylight,MIDBLOCK,Sunday,January,1,MILL ST,2,ROAD,MINOR,8.0,12.0,PAVED,TwoWay,PAVED,2,50,NO ACCESS,N,2000.0,212.400813233781
MILL ST,01-Non intersection,02-Thru lane,01-Clear,01-Daylight,MIDBLOCK,Sunday,January,1,MILL ST,2,ROAD,MINOR,8.0,20.0,PAVED,TwoWay,PAVED,2,50,NO ACCESS,N,2000.0,150.668151932247
MILL ST,01-Non intersection,02-Thru lane,01-Clear,01-Daylight,MIDBLOCK,Sunday,January,1,MILL ST,2,ROAD,MINOR,11.0,20.0,PAVED,TwoWay,PAVED,2,50,NO ACCESS,Y,1855.0,396.585677746484
MILL ST,01-Non intersection,02-Thru lane,01-Clear,01-Daylight,MIDBLOCK,Sunday,January,1,MILL ST,2,ROAD,MINOR,11.0,20.0,PAVED,TwoWay,PAVED,2,50,NO ACCESS,Y,1900.0,174.072705514008
MILL ST,01-Non intersection,02-Thru lane,01-Clear,01-Daylight,MIDBLOCK,Sunday,January,1,MILL ST,2,ROAD,MINOR,7.0,16.0,PAVED,TwoWay,PAVED,2,50,NO ACCESS,N,1900.0,56.7034708983865
MILL ST,01-Non intersection,02-Thru lane,01-Clear,01-Daylight,MIDBLOCK,Sunday,January,1,MILL ST,2,ROAD,MINOR,7.0,12.0,PAVED,TwoWay,PAVED,2,50,NO ACCESS,Y,1875.0,582.642903242452
MILL ST,01-Non intersection,02-Thru lane,01-Clear,01-Daylight,MIDBLOCK,Sunday,January,1,MILL ST,2,ROAD,MINOR,7.0,12.0,PAVED,TwoWay,PAVED,2,50,NO ACCESS,Y,1890.0,113.137196235231
MILL ST,01-Non intersection,02-Thru lane,01-Clear,01-Daylight,MIDBLOCK,Sunday,January,1,MILL ST,2,ROAD,MINOR,11.0,16.0,PAVED,TwoWay,PAVED,2,50,NO ACCESS,Y,1865.0,289.73821182708696
MILL ST,04-At/near private drive,12-Off highway,03-Snow,"08-Dark, artificial",MIDBLOCK,Friday,December,0,MILL ST,2,ROAD,MINOR,8.0,12.0,PAVED,TwoWay,PAVED,2,50,NO ACCESS,N,2000.0,212.400813233781
MILL ST,04-At/near private drive,12-Off highway,03-Snow,"08-Dark, artificial",MIDBLOCK,Friday,December,0,MILL ST,2,ROAD,MINOR,8.0,20.0,PAVED,TwoWay,PAVED,2,50,NO ACCESS,N,2000.0,150.668151932247
MILL ST,04-At/near private drive,12-Off highway,03-Snow,"08-Dark, artificial",MIDBLOCK,Friday,December,0,MILL ST,2,ROAD,MINOR,11.0,20.0,PAVED,TwoWay,PAVED,2,50,NO ACCESS,Y,1855.0,396.585677746484
MILL ST,04-At/near private drive,12-Off highway,03-Snow,"08-Dark, artificial",MIDBLOCK,Friday,December,0,MILL ST,2,ROAD,MINOR,11.0,20.0,PAVED,TwoWay,PAVED,2,50,NO ACCESS,Y,1900.0,174.072705514008
MILL ST,04-At/near private drive,12-Off highway,03-Snow,"08-Dark, artificial",MIDBLOCK,Friday,December,0,MILL ST,2,ROAD,MINOR,7.0,16.0,PAVED,TwoWay,PAVED,2,50,NO ACCESS,N,1900.0,56.7034708983865
MILL ST,04-At/near private drive,12-Off highway,03-Snow,"08-Dark, artificial",MIDBLOCK,Friday,December,0,MILL ST,2,ROAD,MINOR,7.0,12.0,PAVED,TwoWay,PAVED,2,50,NO ACCESS,Y,1875.0,582.642903242452
MILL ST,04-At/near private drive,12-Off highway,03-Snow,"08-Dark, artificial",MIDBLOCK,Friday,December,0,MILL ST,2,ROAD,MINOR,7.0,12.0,PAVED,TwoWay,PAVED,2,50,NO ACCESS,Y,1890.0,113.137196235231
MILL ST,04-At/near private drive,12-Off highway,03-Snow,"08-Dark, artificial",MIDBLOCK,Friday,December,0,MILL ST,2,ROAD,MINOR,11.0,16.0,PAVED,TwoWay,PAVED,2,50,NO ACCESS,Y,1865.0,289.73821182708696
MILL ST,04-At/near private drive,11-Not on roadway - right side,01-Clear,"08-Dark, artificial",MIDBLOCK,Sunday,January,1,MILL ST,2,ROAD,MINOR,8.0,12.0,PAVED,TwoWay,PAVED,2,50,NO ACCESS,N,2000.0,212.400813233781
MILL ST,04-At/near private drive,11-Not on roadway - right side,01-Clear,"08-Dark, artificial",MIDBLOCK,Sunday,January,1,MILL ST,2,ROAD,MINOR,8.0,20.0,PAVED,TwoWay,PAVED,2,50,NO ACCESS,N,2000.0,150.668151932247
MILL ST,04-At/near private drive,11-Not on roadway - right side,01-Clear,"08-Dark, artificial",MIDBLOCK,Sunday,January,1,MILL ST,2,ROAD,MINOR,11.0,20.0,PAVED,TwoWay,PAVED,2,50,NO ACCESS,Y,1855.0,396.585677746484
MILL ST,04-At/near private drive,11-Not on roadway - right side,01-Clear,"08-Dark, artificial",MIDBLOCK,Sunday,January,1,MILL ST,2,ROAD,MINOR,11.0,20.0,PAVED,TwoWay,PAVED,2,50,NO ACCESS,Y,1900.0,174.072705514008
MILL ST,04-At/near private drive,11-Not on roadway - right side,01-Clear,"08-Dark, artificial",MIDBLOCK,Sunday,January,1,MILL ST,2,ROAD,MINOR,7.0,16.0,PAVED,TwoWay,PAVED,2,50,NO ACCESS,N,1900.0,56.7034708983865
MILL ST,04-At/near private drive,11-Not on roadway - right side,01-Clear,"08-Dark, artificial",MIDBLOCK,Sunday,January,1,MILL ST,2,ROAD,MINOR,7.0,12.0,PAVED,TwoWay,PAVED,2,50,NO ACCESS,Y,1875.0,582.642903242452
MILL ST,04-At/near private drive,11-Not on roadway - right side,01-Clear,"08-Dark, artificial",MIDBLOCK,Sunday,January,1,MILL ST,2,ROAD,MINOR,7.0,12.0,PAVED,TwoWay,PAVED,2,50,NO ACCESS,Y,1890.0,113.137196235231
MILL ST,04-At/near private drive,11-Not on roadway - right side,01-Clear,"08-Dark, artificial",MIDBLOCK,Sunday,January,1,MILL ST,2,ROAD,MINOR,11.0,16.0,PAVED,TwoWay,PAVED,2,50,NO ACCESS,Y,1865.0,289.73821182708696
MILL ST,04-At/near private drive,02-Thru lane,01-Clear,01-Daylight,MIDBLOCK,Saturday,August,1,MILL ST,2,ROAD,MINOR,8.0,12.0,PAVED,TwoWay,PAVED,2,50,NO ACCESS,N,2000.0,212.400813233781
MILL ST,04-At/near private drive,02-Thru lane,01-Clear,01-Daylight,MIDBLOCK,Saturday,August,1,MILL ST,2,ROAD,MINOR,8.0,20.0,PAVED,TwoWay,PAVED,2,50,NO ACCESS,N,2000.0,150.668151932247
MILL ST,04-At/near private drive,02-Thru lane,01-Clear,01-Daylight,MIDBLOCK,Saturday,August,1,MILL ST,2,ROAD,MINOR,11.0,20.0,PAVED,TwoWay,PAVED,2,50,NO ACCESS,Y,1855.0,396.585677746484
MILL ST,04-At/near private drive,02-Thru lane,01-Clear,01-Daylight,MIDBLOCK,Saturday,August,1,MILL ST,2,ROAD,MINOR,11.0,20.0,PAVED,TwoWay,PAVED,2,50,NO ACCESS,Y,1900.0,174.072705514008
MILL ST,04-At/near private drive,02-Thru lane,01-Clear,01-Daylight,MIDBLOCK,Saturday,August,1,MILL ST,2,ROAD,MINOR,7.0,16.0,PAVED,TwoWay,PAVED,2,50,NO ACCESS,N,1900.0,56.7034708983865
MILL ST,04-At/near private drive,02-Thru lane,01-Clear,01-Daylight,MIDBLOCK,Saturday,August,1,MILL ST,2,ROAD,MINOR,7.0,12.0,PAVED,TwoWay,PAVED,2,50,NO ACCESS,Y,1875.0,582.642903242452
MILL ST,04-At/near private drive,02-Thru lane,01-Clear,01-Daylight,MIDBLOCK,Saturday,August,1,MILL ST,2,ROAD,MINOR,7.0,12.0,PAVED,TwoWay,PAVED,2,50,NO ACCESS,Y,1890.0,113.137196235231
MILL ST,04-At/near private drive,02-Thru lane,01-Clear,01-Daylight,MIDBLOCK,Saturday,August,1,MILL ST,2,ROAD,MINOR,11.0,16.0,PAVED,TwoWay,PAVED,2,50,NO ACCESS,Y,1865.0,289.73821182708696
MILL ST,04-At/near private drive,02-Thru lane,01-Clear,01-Daylight,MIDBLOCK,Tuesday,June,0,MILL ST,2,ROAD,MINOR,8.0,12.0,PAVED,TwoWay,PAVED,2,50,NO ACCESS,N,2000.0,212.400813233781
MILL ST,04-At/near private drive,02-Thru lane,01-Clear,01-Daylight,MIDBLOCK,Tuesday,June,0,MILL ST,2,ROAD,MINOR,8.0,20.0,PAVED,TwoWay,PAVED,2,50,NO ACCESS,N,2000.0,150.668151932247
MILL ST,04-At/near private drive,02-Thru lane,01-Clear,01-Daylight,MIDBLOCK,Tuesday,June,0,MILL ST,2,ROAD,MINOR,11.0,20.0,PAVED,TwoWay,PAVED,2,50,NO ACCESS,Y,1855.0,396.585677746484
MILL ST,04-At/near private drive,02-Thru lane,01-Clear,01-Daylight,MIDBLOCK,Tuesday,June,0,MILL ST,2,ROAD,MINOR,11.0,20.0,PAVED,TwoWay,PAVED,2,50,NO ACCESS,Y,1900.0,174.072705514008
MILL ST,04-At/near private drive,02-Thru lane,01-Clear,01-Daylight,MIDBLOCK,Tuesday,June,0,MILL ST,2,ROAD,MINOR,7.0,16.0,PAVED,TwoWay,PAVED,2,50,NO ACCESS,N,1900.0,56.7034708983865
MILL ST,04-At/near private drive,02-Thru lane,01-Clear,01-Daylight,MIDBLOCK,Tuesday,June,0,MILL ST,2,ROAD,MINOR,7.0,12.0,PAVED,TwoWay,PAVED,2,50,NO ACCESS,Y,1875.0,582.642903242452
MILL ST,04-At/near private drive,02-Thru lane,01-Clear,01-Daylight,MIDBLOCK,Tuesday,June,0,MILL ST,2,ROAD,MINOR,7.0,12.0,PAVED,TwoWay,PAVED,2,50,NO ACCESS,Y,1890.0,113.137196235231
MILL ST,04-At/near private drive,02-Thru lane,01-Clear,01-Daylight,MIDBLOCK,Tuesday,June,0,MILL ST,2,ROAD,MINOR,11.0,16.0,PAVED,TwoWay,PAVED,2,50,NO ACCESS,Y,1865.0,289.73821182708696
MILL ST,04-At/near private drive,02-Thru lane,01-Clear,01-Daylight,MIDBLOCK,Wednesday,January,0,MILL ST,2,ROAD,MINOR,8.0,12.0,PAVED,TwoWay,PAVED,2,50,NO ACCESS,N,2000.0,212.400813233781
MILL ST,04-At/near private drive,02-Thru lane,01-Clear,01-Daylight,MIDBLOCK,Wednesday,January,0,MILL ST,2,ROAD,MINOR,8.0,20.0,PAVED,TwoWay,PAVED,2,50,NO ACCESS,N,2000.0,150.668151932247
MILL ST,04-At/near private drive,02-Thru lane,01-Clear,01-Daylight,MIDBLOCK,Wednesday,January,0,MILL ST,2,ROAD,MINOR,11.0,20.0,PAVED,TwoWay,PAVED,2,50,NO ACCESS,Y,1855.0,396.585677746484
MILL ST,04-At/near private drive,02-Thru lane,01-Clear,01-Daylight,MIDBLOCK,Wednesday,January,0,MILL ST,2,ROAD,MINOR,11.0,20.0,PAVED,TwoWay,PAVED,2,50,NO ACCESS,Y,1900.0,174.072705514008
MILL ST,04-At/near private drive,02-Thru lane,01-Clear,01-Daylight,MIDBLOCK,Wednesday,January,0,MILL ST,2,ROAD,MINOR,7.0,16.0,PAVED,TwoWay,PAVED,2,50,NO ACCESS,N,1900.0,56.7034708983865
MILL ST,04-At/near private drive,02-Thru lane,01-Clear,01-Daylight,MIDBLOCK,Wednesday,January,0,MILL ST,2,ROAD,MINOR,7.0,12.0,PAVED,TwoWay,PAVED,2,50,NO ACCESS,Y,1875.0,582.642903242452
MILL ST,04-At/near private drive,02-Thru lane,01-Clear,01-Daylight,MIDBLOCK,Wednesday,January,0,MILL ST,2,ROAD,MINOR,7.0,12.0,PAVED,TwoWay,PAVED,2,50,NO ACCESS,Y,1890.0,113.137196235231
MILL ST,04-At/near private drive,02-Thru lane,01-Clear,01-Daylight,MIDBLOCK,Wednesday,January,0,MILL ST,2,ROAD,MINOR,11.0,16.0,PAVED,TwoWay,PAVED,2,50,NO ACCESS,Y,1865.0,289.73821182708696
MILL ST,01-Non intersection,11-Not on roadway - right side,01-Clear,"08-Dark, artificial",MIDBLOCK,Sunday,February,1,MILL ST,2,ROAD,MINOR,8.0,12.0,PAVED,TwoWay,PAVED,2,50,NO ACCESS,N,2000.0,212.400813233781
MILL ST,01-Non intersection,11-Not on roadway - right side,01-Clear,"08-Dark, artificial",MIDBLOCK,Sunday,February,1,MILL ST,2,ROAD,MINOR,8.0,20.0,PAVED,TwoWay,PAVED,2,50,NO ACCESS,N,2000.0,150.668151932247
MILL ST,01-Non intersection,11-Not on roadway - right side,01-Clear,"08-Dark, artificial",MIDBLOCK,Sunday,February,1,MILL ST,2,ROAD,MINOR,11.0,20.0,PAVED,TwoWay,PAVED,2,50,NO ACCESS,Y,1855.0,396.585677746484
MILL ST,01-Non intersection,11-Not on roadway - right side,01-Clear,"08-Dark, artificial",MIDBLOCK,Sunday,February,1,MILL ST,2,ROAD,MINOR,11.0,20.0,PAVED,TwoWay,PAVED,2,50,NO ACCESS,Y,1900.0,174.072705514008
MILL ST,01-Non intersection,11-Not on roadway - right side,01-Clear,"08-Dark, artificial",MIDBLOCK,Sunday,February,1,MILL ST,2,ROAD,MINOR,7.0,16.0,PAVED,TwoWay,PAVED,2,50,NO ACCESS,N,1900.0,56.7034708983865
MILL ST,01-Non intersection,11-Not on roadway - right side,01-Clear,"08-Dark, artificial",MIDBLOCK,Sunday,February,1,MILL ST,2,ROAD,MINOR,7.0,12.0,PAVED,TwoWay,PAVED,2,50,NO ACCESS,Y,1875.0,582.642903242452
MILL ST,01-Non intersection,11-Not on roadway - right side,01-Clear,"08-Dark, artificial",MIDBLOCK,Sunday,February,1,MILL ST,2,ROAD,MINOR,7.0,12.0,PAVED,TwoWay,PAVED,2,50,NO ACCESS,Y,1890.0,113.137196235231
MILL ST,01-Non intersection,11-Not on roadway - right side,01-Clear,"08-Dark, artificial",MIDBLOCK,Sunday,February,1,MILL ST,2,ROAD,MINOR,11.0,16.0,PAVED,TwoWay,PAVED,2,50,NO ACCESS,Y,1865.0,289.73821182708696