LOCATION,ACCIDENT_LOCATION,IMPACT_LOCATION,ENVIRONMENT_CONDITION,LIGHT,COLLISION_TYPE,DAY_OF_WEEK,MONTH,IS_WEEKEND,STREET,LANES,CATEGORY,SUBCATEGORY,PAVEMENT_WIDTH,ROW_WIDTH,SHOULDER,FLOW_DIRECTION,SURFACE_LAYER_TYPE,OFFICIAL_ROAD_CLASSIFICATION,SPEED_LIMIT_KM,TRUCK_ACCESS,BUS_ROUTE,SERVICE_YEAR,Shape__Length
MILL ST,05-At railway crossing,02-Thru lane,01-Clear,01-Daylight,MIDBLOCK,Sunday,May,1,MILL ST,2,ROAD,MINOR,11.0,20.0,PAVED,TwoWay,PAVED,2,50,NO ACCESS,Y,1855.0,396.585677746484
MILL ST,05-At railway crossing,02-Thru lane,01-Clear,01-Daylight,MIDBLOCK,Sunday,May,1,MILL ST,2,ROAD,MINOR,11.0,20.0,PAVED,TwoWay,PAVED,2,50,NO ACCESS,Y,1900.0,174.072705514008
MILL ST,05-At railway crossing,02-Thru lane,01-Clear,01-Daylight,MIDBLOCK,Sunday,May,1,MILL ST,2,ROAD,MINOR,7.0,16.0,PAVED,TwoWay,PAVED,2,50,NO ACCESS,N,1900.0,56.7034708983865
MILL ST,05-At railway crossing,02-Thru lane,01-Clear,01-Daylight,MIDBLOCK,Sunday,May,1,MILL ST,2,ROAD,MINOR,7.0,12.0,PAVED,TwoWay,PAVED,2,50,NO ACCESS,Y,1875.0,582.642903242452
MILL ST,05-At railway crossing,02-Thru lane,01-Clear,01-Daylight,MIDBLOCK,Sunday,May,1,MILL ST,2,ROAD,MINOR,7.0,12.0,PAVED,TwoWay,PAVED,2,50,NO ACCESS,Y,1890.0,113.137196235231
MILL ST,05-At railway crossing,02-Thru lane,01-Clear,01-Daylight,MIDBLOCK,Sunday,May,1,MILL ST,2,ROAD,MINOR,11.0,16.0,PAVED,TwoWay,PAVED,2,50,NO ACCESS,Y,1865.0,289.73821182708696
MILL ST,04-At/near private drive,09-Right shoulder,01-Clear,01-Daylight,MIDBLOCK,Tuesday,September,0,MILL ST,2,ROAD,MINOR,8.0,12.0,PAVED,TwoWay,PAVED,2,50,NO ACCESS,N,2000.0,212.400813233781
MILL ST,04-At/near private drive,09-Right shoulder,01-Clear,01-Daylight,MIDBLOCK,Tuesday,September,0,MILL ST,2,ROAD,MINOR,8.0,20.0,PAVED,TwoWay,PAVED,2,50,NO ACCESS,N,2000.0,150.668151932247
MILL ST,04-At/near private drive,09-Right shoulder,01-Clear,01-Daylight,MIDBLOCK,Tuesday,September,0,MILL ST,2,ROAD,MINOR,11.0,20.0,PAVED,TwoWay,PAVED,2,50,NO ACCESS,Y,1855.0,396.585677746484
MILL ST,04-At/near private drive,09-Right shoulder,01-Clear,01-Daylight,MIDBLOCK,Tuesday,September,0,MILL ST,2,ROAD,MINOR,11.0,20.0,PAVED,TwoWay,PAVED,2,50,NO ACCESS,Y,1900.0,174.072705514008
MILL ST,04-At/near private drive,09-Right shoulder,01-Clear,01-Daylight,MIDBLOCK,Tuesday,September,0,MILL ST,2,ROAD,MINOR,7.0,16.0,PAVED,TwoWay,PAVED,2,50,NO ACCESS,N,1900.0,56.7034708983865
MILL ST,04-At/near private drive,09-Right shoulder,01-Clear,01-Daylight,MIDBLOCK,Tuesday,September,0,MILL ST,2,ROAD,MINOR,7.0,12.0,PAVED,TwoWay,PAVED,2,50,NO ACCESS,Y,1875.0,582.642903242452
MILL ST,04-At/near private drive,09-Right shoulder,01-Clear,01-Daylight,MIDBLOCK,Tuesday,September,0,MILL ST,2,ROAD,MINOR,7.0,12.0,PAVED,TwoWay,PAVED,2,50,NO ACCESS,Y,1890.0,113.137196235231
MILL ST,04-At/near private drive,09-Right shoulder,01-Clear,01-Daylight,MIDBLOCK,Tuesday,September,0,MILL ST,2,ROAD,MINOR,11.0,16.0,PAVED,TwoWay,PAVED,2,50,NO ACCESS,Y,1865.0,289.73821182708696
MILL ST,04-At/near private drive,02-Thru lane,01-Clear,01-Daylight,MIDBLOCK,Wednesday,December,0,MILL ST,2,ROAD,MINOR,8.0,12.0,PAVED,TwoWay,PAVED,2,50,NO ACCESS,N,2000.0,212.400813233781
MILL ST,04-At/near private drive,02-Thru lane,01-Clear,01-Daylight,MIDBLOCK,Wednesday,December,0,MILL ST,2,ROAD,MINOR,8.0,20.0,PAVED,TwoWay,PAVED,2,50,NO ACCESS,N,2000.0,150.668151932247
MILL ST,04-At/near private drive,02-Thru lane,01-Clear,01-Daylight,MIDBLOCK,Wednesday,December,0,MILL ST,2,ROAD,MINOR,11.0,20.0,PAVED,TwoWay,PAVED,2,50,NO ACCESS,Y,1855.0,396.585677746484
MILL ST,04-At/near private drive,02-Thru lane,01-Clear,01-Daylight,MIDBLOCK,Wednesday,December,0,MILL ST,2,ROAD,MINOR,11.0,20.0,PAVED,TwoWay,PAVED,2,50,NO ACCESS,Y,1900.0,174.072705514008
MILL ST,04-At/near private drive,02-Thru lane,01-Clear,01-Daylight,MIDBLOCK,Wednesday,December,0,MILL ST,2,ROAD,MINOR,7.0,16.0,PAVED,TwoWay,PAVED,2,50,NO ACCESS,N,1900.0,56.7034708983865
MILL ST,04-At/near private drive,02-Thru lane,01-Clear,01-Daylight,MIDBLOCK,Wednesday,December,0,MILL ST,2,ROAD,MINOR,7.0,12.0,PAVED,TwoWay,PAVED,2,50,NO ACCESS,Y,1875.0,582.642903242452
MILL ST,04-At/near private drive,02-Thru lane,01-Clear,01-Daylight,MIDBLOCK,Wednesday,December,0,MILL ST,2,ROAD,MINOR,7.0,12.0,PAVED,TwoWay,PAVED,2,50,NO ACCESS,Y,1890.0,113.137196235231
MILL ST,04-At/near private drive,02-Thru lane,01-Clear,01-Daylight,MIDBLOCK,Wednesday,December,0,MILL ST,2,ROAD,MINOR,11.0,16.0,PAVED,TwoWay,PAVED,2,50,NO ACCESS,Y,1865.0,289.73821182708696
MILL ST,04-At/near private drive,02-Thru lane,01-Clear,01-Daylight,MIDBLOCK,Monday,July,0,MILL ST,2,ROAD,MINOR,8.0,12.0,PAVED,TwoWay,PAVED,2,50,NO ACCESS,N,2000.0,212.400813233781
MILL ST,04-At/near private drive,02-Thru lane,01-Clear,01-Daylight,MIDBLOCK,Monday,July,0,MILL ST,2,ROAD,MINOR,8.0,20.0,PAVED,TwoWay,PAVED,2,50,NO ACCESS,N,2000.0,150.668151932247
MILL ST,04-At/near private drive,02-Thru lane,01-Clear,01-Daylight,MIDBLOCK,Monday,July,0,MILL ST,2,ROAD,MINOR,11.0,20.0,PAVED,TwoWay,PAVED,2,50,NO ACCESS,Y,1855.0,396.585677746484
MILL ST,04-At/near private drive,02-Thru lane,01-Clear,01-Daylight,MIDBLOCK,Monday,July,0,MILL ST,2,ROAD,MINOR,11.0,20.0,PAVED,TwoWay,PAVED,2,50,NO ACCESS,Y,1900.0,174.072705514008
MILL ST,04-At/near private drive,02-Thru lane,01-Clear,01-Daylight,MIDBLOCK,Monday,July,0,MILL ST,2,ROAD,MINOR,7.0,16.0,PAVED,TwoWay,PAVED,2,50,NO ACCESS,N,1900.0,56.7034708983865
MILL ST,04-At/near private drive,02-Thru lane,01-Clear,01-Daylight,MIDBLOCK,Monday,July,0,MILL ST,2,ROAD,MINOR,7.0,12.0,PAVED,TwoWay,PAVED,2,50,NO ACCESS,Y,1875.0,582.642903242452
MILL ST,04-At/near private drive,02-Thru lane,01-Clear,01-Daylight,MIDBLOCK,Monday,July,0,MILL ST,2,ROAD,MINOR,7.0,12.0,PAVED,TwoWay,PAVED,2,50,NO ACCESS,Y,1890.0,113.137196235231
MILL ST,04-At/near private drive,02-Thru lane,01-Clear,01-Daylight,MIDBLOCK,Monday,July,0,MILL ST,2,ROAD,MINOR,11.0,16.0,PAVED,TwoWay,PAVED,2,50,NO ACCESS,Y,1865.0,289.73821182708696
MILL ST,99-Other,12-Off highway,01-Clear,07-Dark,MIDBLOCK,Thursday,April,0,MILL ST,2,ROAD,MINOR,8.0,12.0,PAVED,TwoWay,PAVED,2,50,NO ACCESS,N,2000.0,212.400813233781
MILL ST,99-Other,12-Off highway,01-Clear,07-Dark,MIDBLOCK,Thursday,April,0,MILL ST,2,ROAD,MINOR,8.0,20.0,PAVED,TwoWay,PAVED,2,50,NO ACCESS,N,2000.0,150.668151932247
MILL ST,99-Other,12-Off highway,01-Clear,07-Dark,MIDBLOCK,Thursday,April,0,MILL ST,2,ROAD,MINOR,11.0,20.0,PAVED,TwoWay,PAVED,2,50,NO ACCESS,Y,1855.0,396.585677746484
MILL ST,99-Other,12-Off highway,01-Clear,07-Dark,MIDBLOCK,Thursday,April,0,MILL ST,2,ROAD,MINOR,11.0,20.0,PAVED,TwoWay,PAVED,2,50,NO ACCESS,Y,1900.0,174.072705514008
MILL ST,99-Other,12-Off highway,01-Clear,07-Dark,MIDBLOCK,Thursday,April,0,MILL ST,2,ROAD,MINOR,7.0,16.0,PAVED,TwoWay,PAVED,2,50,NO ACCESS,N,1900.0,56.7034708983865
MILL ST,99-Other,12-Off highway,01-Clear,07-Dark,MIDBLOCK,Thursday,April,0,MILL ST,2,ROAD,MINOR,7.0,12.0,PAVED,TwoWay,PAVED,2,50,NO ACCESS,Y,1875.0,582.642903242452
MILL ST,99-Other,12-Off highway,01-Clear,07-Dark,MIDBLOCK,Thursday,April,0,MILL ST,2,ROAD,MINOR,7.0,12.0,PAVED,TwoWay,PAVED,2,50,NO ACCESS,Y,1890.0,113.137196235231
MILL ST,99-Other,12-Off highway,01-Clear,07-Dark,MIDBLOCK,Thursday,April,0,MILL ST,2,ROAD,MINOR,11.0,16.0,PAVED,TwoWay,PAVED,2,50,NO ACCESS,Y,1865.0,289.73821182708696
MILL ST,99-Other,12-Off highway,01-Clear,01-Daylight,MIDBLOCK,Sunday,September,1,MILL ST,2,ROAD,MINOR,8.0,12.0,PAVED,TwoWay,PAVED,2,50,NO ACCESS,N,2000.0,212.400813233781
MILL ST,99-Other,12-Off highway,01-Clear,01-Daylight,MIDBLOCK,Sunday,September,1,MILL ST,2,ROAD,MINOR,8.0,20.0,PAVED,TwoWay,PAVED,2,50,NO ACCESS,N,2000.0,150.668151932247
MILL ST,99-Other,12-Off highway,01-Clear,01-Daylight,MIDBLOCK,Sunday,September,1,MILL ST,2,ROAD,MINOR,11.0,20.0,PAVED,TwoWay,PAVED,2,50,NO ACCESS,Y,1855.0,396.585677746484
MILL ST,99-Other,12-Off highway,01-Clear,01-Daylight,MIDBLOCK,Sunday,September,1,MILL ST,2,ROAD,MINOR,11.0,20.0,PAVED,TwoWay,PAVED,2,50,NO ACCESS,Y,1900.0,174.072705514008
MILL ST,99-Other,12-Off highway,01-Clear,01-Daylight,MIDBLOCK,Sunday,September,1,MILL ST,2,ROAD,MINOR,7.0,16.0,PAVED,TwoWay,PAVED,2,50,NO ACCESS,N,1900.0,56.7034708983865
MILL ST,99-Other,12-Off highway,01-Clear,01-Daylight,MIDBLOCK,Sunday,September,1,MILL ST,2,ROAD,MINOR,7.0,12.0,PAVED,TwoWay,PAVED,2,50,NO ACCESS,Y,1875.0,582.642903242452
MILL ST,99-Other,12-Off highway,01-Clear,01-Daylight,MIDBLOCK,Sunday,September,1,MILL ST,2,ROAD,MINOR,7.0,12.0,PAVED,TwoWay,PAVED,2,50,NO ACCESS,Y,1890.0,113.137196235231
MILL ST,99-Other,12-Off highway,01-Clear,01-Daylight,MIDBLOCK,Sunday,September,1,MILL ST,2,ROAD,MINOR,11.0,16.0,PAVED,TwoWay,PAVED,2,50,NO ACCESS,Y,1865.0,289.73821182708696
MILL ST,01-Non intersection,02-Thru lane,01-Clear,01-Daylight,MIDBLOCK,Thursday,May,0,MILL ST,2,ROAD,MINOR,8.0,12.0,PAVED,TwoWay,PAVED,2,50,NO ACCESS,N,2000.0,212.400813233781
MILL ST,01-Non intersection,02-Thru lane,01-Clear,01-Daylight,MIDBLOCK,Thursday,May,0,MILL ST,2,ROAD,MINOR,8.0,20.0,PAVED,TwoWay,PAVED,2,50,NO ACCESS,N,2000.0,150.668151932247
MILL ST,01-Non intersection,02-Thru lane,01-Clear,01-Daylight,MIDBLOCK,Thursday,May,0,MILL ST,2,ROAD,MINOR,11.0,20.0,PAVED,TwoWay,PAVED,2,50,NO ACCESS,Y,1855.0,396.585677746484
MILL ST,01-Non intersection,02-Thru lane,01-Clear,01-Daylight,MIDBLOCK,Thursday,May,0,MILL ST,2,ROAD,MINOR,11.0,20.0,PAVED,TwoWay,PAVED,2,50,NO ACCESS,Y,1900.0,174.072705514008
MILL ST,01-Non intersection,02-Thru lane,01-Clear,01-Daylight,MIDBLOCK,Thursday,May,0,MILL ST,2,ROAD,MINOR,7.0,16.0,PAVED,TwoWay,PAVED,2,50,NO ACCESS,N,1900.0,56.7034708983865
MILL ST,01-Non intersection,02-Thru lane,01-Clear,01-Daylight,MIDBLOCK,Thursday,May,0,MILL ST,2,ROAD,MINOR,7.0,12.0,PAVED,TwoWay,PAVED,2,50,NO ACCESS,Y,1875.0,582.642903242452
MILL ST,01-Non intersection,02-Thru lane,01-Clear,01-Daylight,MIDBLOCK,Thursday,May,0,MILL ST,2,ROAD,MINOR,7.0,12.0,PAVED,TwoWay,PAVED,2,50,NO ACCESS,Y,1890.0,113.137196235231
MILL ST,01-Non intersection,02-Thru lane,01-Clear,01-Daylight,MIDBLOCK,Thursday,May,0,MILL ST,2,ROAD,MINOR,11.0,16.0,PAVED,TwoWay,PAVED,2,50,NO ACCESS,Y,1865.0,289.73821182708696
MILL ST,01-Non intersection,02-Thru lane,01-Clear,01-Daylight,MIDBLOCK,Thursday,April,0,MILL ST,2,ROAD,MINOR,8.0,12.0,PAVED,TwoWay,PAVED,2,50,NO ACCESS,N,2000.0,212.400813233781
MILL ST,01-Non intersection,02-Thru lane,01-Clear,01-Daylight,MIDBLOCK,Thursday,April,0,MILL ST,2,ROAD,MINOR,8.0,20.0,PAVED,TwoWay,PAVED,2,50,NO ACCESS,N,2000.0,150.668151932247
MILL ST,01-Non intersection,02-Thru lane,01-Clear,01-Daylight,MIDBLOCK,Thursday,April,0,MILL ST,2,ROAD,MINOR,11.0,20.0,PAVED,TwoWay,PAVED,2,50,NO ACCESS,Y,1855.0,396.585677746484
MILL ST,01-Non intersection,02-Thru lane,01-Clear,01-Daylight,MIDBLOCK,Thursday,April,0,MILL ST,2,ROAD,MINOR,11.0,20.0,PAVED,TwoWay,PAVED,2,50,NO ACCESS,Y,1900.0,174.072705514008
MILL ST,01-Non intersection,02-Thru lane,01-Clear,01-Daylight,MIDBLOCK,Thursday,April,0,MILL ST,2,ROAD,MINOR,7.0,16.0,PAVED,TwoWay,PAVED,2,50,NO ACCESS,N,1900.0,56.7034708983865
MILL ST,01-Non intersection,02-Thru lane,01-Clear,01-Daylight,MIDBLOCK,Thursday,April,0,MILL ST,2,ROAD,MINOR,7.0,12.0,PAVED,TwoWay,PAVED,2,50,NO ACCESS,Y,1875.0,582.642903242452
MILL ST,01-Non intersection,02-Thru lane,01-Clear,01-Daylight,MIDBLOCK,Thursday,April,0,MILL ST,2,ROAD,MINOR,7.0,12.0,PAVED,TwoWay,PAVED,2,50,NO ACCESS,Y,1890.0,113.137196235231
MILL ST,01-Non intersection,02-Thru lane,01-Clear,01-Daylight,MIDBLOCK,Thursday,April,0,MILL ST,2,ROAD,MINOR,11.0,16.0,PAVED,TwoWay,PAVED,2,50,NO ACCESS,Y,1865.0,289.73821182708696
MILL ST,04-At/near private drive,02-Thru lane,01-Clear,01-Daylight,MIDBLOCK,Monday,May,0,MILL ST,2,ROAD,MINOR,8.0,12.0,PAVED,TwoWay,PAVED,2,50,NO ACCESS,N,2000.0,212.400813233781
MILL ST,04-At/near private drive,02-Thru lane,01-Clear,01-Daylight,MIDBLOCK,Monday,May,0,MILL ST,2,ROAD,MINOR,8.0,20.0,PAVED,TwoWay,PAVED,2,50,NO ACCESS,N,2000.0,150.668151932247
MILL ST,04-At/near private drive,02-Thru lane,01-Clear,01-Daylight,MIDBLOCK,Monday,May,0,MILL ST,2,ROAD,MINOR,11.0,20.0,PAVED,TwoWay,PAVED,2,50,NO ACCESS,Y,1855.0,396.585677746484
MILL ST,04-At/near private drive,02-Thru lane,01-Clear,01-Daylight,MIDBLOCK,Monday,May,0,MILL ST,2,ROAD,MINOR,11.0,20.0,PAVED,TwoWay,PAVED,2,50,NO ACCESS,Y,1900.0,174.072705514008
MILL ST,04-At/near private drive,02-Thru lane,01-Clear,01-Daylight,MIDBLOCK,Monday,May,0,MILL ST,2,ROAD,MINOR,7.0,16.0,PAVED,TwoWay,PAVED,2,50,NO ACCESS,N,1900.0,56.7034708983865
MILL ST,04-At/near private drive,02-Thru lane,01-Clear,01-Daylight,MIDBLOCK,Monday,May,0,MILL ST,2,ROAD,MINOR,7.0,12.0,PAVED,TwoWay,PAVED,2,50,NO ACCESS,Y,1875.0,582.642903242452
MILL ST,04-At/near private drive,02-Thru lane,01-Clear,01-Daylight,MIDBLOCK,Monday,May,0,MILL ST,2,ROAD,MINOR,7.0,12.0,PAVED,TwoWay,PAVED,2,50,NO ACCESS,Y,1890.0,113.137196235231
MILL ST,04-At/near private drive,02-Thru lane,01-Clear,01-Daylight,MIDBLOCK,Monday,May,0,MILL ST,2,ROAD,MINOR,11.0,16.0,PAVED,TwoWay,PAVED,2,50,NO ACCESS,Y,1865.0,289.73821182708696
DAVID BERGEY DR,04-At/near private drive,09-Right shoulder,01-Clear,07-Dark,MIDBLOCK,Monday,October,0,DAVID BERGEY DR,2,ROAD,MINOR,10.0,20.0,PAVED,TwoWay,PAVED,3,50,NO ACCESS,Y,1999.0,562.686110873916
DAVID BERGEY DR,04-At/near private drive,09-Right shoulder,01-Clear,07-Dark,MIDBLOCK,Monday,October,0,DAVID BERGEY DR,2,ROAD,MINOR,10.0,20.0,PAVED,TwoWay,PAVED,3,50,NO ACCESS,Y,1999.0,81.25966830116779
DAVID BERGEY DR,04-At/near private drive,09-Right shoulder,01-Clear,07-Dark,MIDBLOCK,Monday,October,0,DAVID BERGEY DR,2,ROAD,MINOR,10.0,20.0,PAVED,TwoWay,PAVED,3,50,NO ACCESS,Y,1999.0,78.7756137368891
DAVID BERGEY DR,04-At/near private drive,02-Thru lane,01-Clear,01-Daylight,MIDBLOCK,Saturday,July,1,DAVID BERGEY DR,2,ROAD,MINOR,10.0,20.0,PAVED,TwoWay,PAVED,3,50,NO ACCESS,Y,1999.0,562.686110873916
DAVID BERGEY DR,04-At/near private drive,02-Thru lane,01-Clear,01-Daylight,MIDBLOCK,Saturday,July,1,DAVID BERGEY DR,2,ROAD,MINOR,10.0,20.0,PAVED,TwoWay,PAVED,3,50,NO ACCESS,Y,1999.0,81.25966830116779
DAVID BERGEY DR,04-At/near private drive,02-Thru lane,01-Clear,01-Daylight,MIDBLOCK,Saturday,July,1,DAVID BERGEY DR,2,ROAD,MINOR,10.0,20.0,PAVED,TwoWay,PAVED,3,50,NO ACCESS,Y,1999.0,78.7756137368891
DAVID BERGEY DR,04-At/near private drive,02-Thru lane,01-Clear,01-Daylight,MIDBLOCK,Monday,June,0,DAVID BERGEY DR,2,ROAD,MINOR,10.0,20.0,PAVED,TwoWay,PAVED,3,50,NO ACCESS,Y,1999.0,562.686110873916
DAVID BERGEY DR,04-At/near private drive,02-Thru lane,01-Clear,01-Daylight,MIDBLOCK,Monday,June,0,DAVID BERGEY DR,2,ROAD,MINOR,10.0,20.0,PAVED,TwoWay,PAVED,3,50,NO ACCESS,Y,1999.0,81.25966830116779
DAVID BERGEY DR,04-At/near private drive,02-Thru lane,01-Clear,01-Daylight,MIDBLOCK,Monday,June,0,DAVID BERGEY DR,2,ROAD,MINOR,10.0,20.0,PAVED,TwoWay,PAVED,3,50,NO ACCESS,Y,1999.0,78.7756137368891
DAVID BERGEY DR,04-At/near private drive,02-Thru lane,01-Clear,01-Daylight,MIDBLOCK,Tuesday,April,0,DAVID BERGEY DR,2,ROAD,MINOR,10.0,20.0,PAVED,TwoWay,PAVED,3,50,NO ACCESS,Y,1999.0,562.686110873916
DAVID BERGEY DR,04-At/near private drive,02-Thru lane,01-Clear,01-Daylight,MIDBLOCK,Tuesday,April,0,DAVID BERGEY DR,2,ROAD,MINOR,10.0,20.0,PAVED,TwoWay,PAVED,3,50,NO ACCESS,Y,1999.0,81.25966830116779
DAVID BERGEY DR,04-At/near private drive,02-Thru lane,01-Clear,01-Daylight,MIDBLOCK,Tuesday,April,0,DAVID BERGEY DR,2,ROAD,MINOR,10.0,20.0,PAVED,TwoWay,PAVED,3,50,NO ACCESS,Y,1999.0,78.7756137368891
DAVID BERGEY DR,01-Non intersection,02-Thru lane,02-Rain,"08-Dark, artificial",MIDBLOCK,Monday,January,0,DAVID BERGEY DR,2,ROAD,MINOR,10.0,20.0,PAVED,TwoWay,PAVED,3,50,NO ACCESS,Y,1999.0,562.686110873916
DAVID BERGEY DR,01-Non intersection,02-Thru lane,02-Rain,"08-Dark, artificial",MIDBLOCK,Monday,January,0,DAVID BERGEY DR,2,ROAD,MINOR,10.0,20.0,PAVED,TwoWay,PAVED,3,50,NO ACCESS,Y,1999.0,81.25966830116779
DAVID BERGEY DR,01-Non intersection,02-Thru lane,02-Rain,"08-Dark, artificial",MIDBLOCK,Monday,January,0,DAVID BERGEY DR,2,ROAD,MINOR,10.0,20.0,PAVED,TwoWay,PAVED,3,50,NO ACCESS,Y,1999.0,78.7756137368891
DAVID BERGEY DR,01-Non intersection,02-Thru lane,02-Rain,03-Dawn,MIDBLOCK,Wednesday,November,0,DAVID BERGEY DR,2,ROAD,MINOR,10.0,20.0,PAVED,TwoWay,PAVED,3,50,NO ACCESS,Y,1999.0,562.686110873916
DAVID BERGEY DR,01-Non intersection,02-Thru lane,02-Rain,03-Dawn,MIDBLOCK,Wednesday,November,0,DAVID BERGEY DR,2,ROAD,MINOR,10.0,20.0,PAVED,TwoWay,PAVED,3,50,NO ACCESS,Y,1999.0,81.25966830116779
DAVID BERGEY DR,01-Non intersection,02-Thru lane,02-Rain,03-Dawn,MIDBLOCK,Wednesday,November,0,DAVID BERGEY DR,2,ROAD,MINOR,10.0,20.0,PAVED,TwoWay,PAVED,3,50,NO ACCESS,Y,1999.0,78.7756137368891
DAVID BERGEY DR,01-Non intersection,02-Thru lane,02-Rain,01-Daylight,MIDBLOCK,Saturday,January,1,DAVID BERGEY DR,2,ROAD,MINOR,10.0,20.0,PAVED,TwoWay,PAVED,3,50,NO ACCESS,Y,1999.0,562.686110873916
DAVID BERGEY DR,01-Non intersection,02-Thru lane,02-Rain,01-Daylight,MIDBLOCK,Saturday,January,1,DAVID BERGEY DR,2,ROAD,MINOR,10.0,20.0,PAVED,TwoWay,PAVED,3,50,NO ACCESS,Y,1999.0,81.25966830116779
DAVID BERGEY DR,01-Non intersection,02-Thru lane,02-Rain,01-Daylight,MIDBLOCK,Saturday,January,1,DAVID BERGEY DR,2,ROAD,MINOR,10.0,20.0,PAVED,TwoWay,PAVED,3,50,NO ACCESS,Y,1999.0,78.7756137368891
DAVID BERGEY DR,04-At/near private drive,08-Left shoulder,01-Clear,"08-Dark, artificial",MIDBLOCK,Thursday,July,0,DAVID BERGEY DR,2,ROAD,MINOR,10.0,20.0,PAVED,TwoWay,PAVED,3,50,NO ACCESS,Y,1999.0,562.686110873916
DAVID BERGEY DR,04-At/near private drive,08-Left shoulder,01-Clear,"08-Dark, artificial",MIDBLOCK,Thursday,July,0,DAVID BERGEY DR,2,ROAD,MINOR,10.0,20.0,PAVED,TwoWay,PAVED,3,50,NO ACCESS,Y,1999.0,81.25966830116779
DAVID BERGEY DR,04-At/near private drive,08-Left shoulder,01-Clear,"08-Dark, artificial",MIDBLOCK,Thursday,July,0,DAVID BERGEY DR,2,ROAD,MINOR,10.0,20.0,PAVED,TwoWay,PAVED,3,50,NO ACCESS,Y,1999.0,78.7756137368891
DAVID BERGEY DR,04-At/near private drive,02-Thru lane,01-Clear,01-Daylight,MIDBLOCK,Sunday,March,1,DAVID BERGEY DR,2,ROAD,MINOR,10.0,20.0,PAVED,TwoWay,PAVED,3,50,NO ACCESS,Y,1999.0,562.686110873916
DAVID BERGEY DR,04-At/near private drive,02-Thru lane,01-Clear,01-Daylight,MIDBLOCK,Sunday,March,1,DAVID BERGEY DR,2,ROAD,MINOR,10.0,20.0,PAVED,TwoWay,PAVED,3,50,NO ACCESS,Y,1999.0,81.25966830116779
DAVID BERGEY DR,04-At/near private drive,02-Thru lane,01-Clear,01-Daylight,MIDBLOCK,Sunday,March,1,DAVID BERGEY DR,2,ROAD,MINOR,10.0,20.0,PAVED,TwoWay,PAVED,3,50,NO ACCESS,Y,1999.0,78.7756137368891
DAVID BERGEY DR,99-Other,99-Other,01-Clear,"08-Dark, artificial",MIDBLOCK,Tuesday,November,0,DAVID BERGEY DR,2,ROAD,MINOR,10.0,20.0,PAVED,TwoWay,PAVED,3,50,NO ACCESS,Y,1999.0,562.686110873916
DAVID BERGEY DR,99-Other,99-Other,01-Clear,"08-Dark, artificial",MIDBLOCK,Tuesday,November,0,DAVID BERGEY DR,2,ROAD,MINOR,10.0,20.0,PAVED,TwoWay,PAVED,3,50,NO ACCESS,Y,1999.0,81.25966830116779
DAVID BERGEY DR,99-Other,99-Other,01-Clear,"08-Dark, artificial",MIDBLOCK,Tuesday,November,0,DAVID BERGEY DR,2,ROAD,MINOR,10.0,20.0,PAVED,TwoWay,PAVED,3,50,NO ACCESS,Y,1999.0,78.7756137368891
DAVID BERGEY DR,01-Non intersection,02-Thru lane,01-Clear,07-Dark,MIDBLOCK,Monday,November,0,DAVID BERGEY DR,2,ROAD,MINOR,10.0,20.0,PAVED,TwoWay,PAVED,3,50,NO ACCESS,Y,1999.0,562.686110873916
DAVID BERGEY DR,01-Non intersection,02-Thru lane,01-Clear,07-Dark,MIDBLOCK,Monday,November,0,DAVID BERGEY DR,2,ROAD,MINOR,10.0,20.0,PAVED,TwoWay,PAVED,3,50,NO ACCESS,Y,1999.0,81.25966830116779
DAVID BERGEY DR,01-Non intersection,02-Thru lane,01-Clear,07-Dark,MIDBLOCK,Monday,November,0,DAVID BERGEY DR,2,ROAD,MINOR,10.0,20.0,PAVED,TwoWay,PAVED,3,50,NO ACCESS,Y,1999.0,78.7756137368891
DAVID BERGEY DR,01-Non intersection,02-Thru lane,01-Clear,01-Daylight,MIDBLOCK,Wednesday,April,0,DAVID BERGEY DR,2,ROAD,MINOR,10.0,20.0,PAVED,TwoWay,PAVED,3,50,NO ACCESS,Y,1999.0,562.686110873916
DAVID BERGEY DR,01-Non intersection,02-Thru lane,01-Clear,01-Daylight,MIDBLOCK,Wednesday,April,0,DAVID BERGEY DR,2,ROAD,MINOR,10.0,20.0,PAVED,TwoWay,PAVED,3,50,NO ACCESS,Y,1999.0,81.25966830116779
DAVID BERGEY DR,01-Non intersection,02-Thru lane,01-Clear,01-Daylight,MIDBLOCK,Wednesday,April,0,DAVID BERGEY DR,2,ROAD,MINOR,10.0,20.0,PAVED,TwoWay,PAVED,3,50,NO ACCESS,Y,1999.0,78.7756137368891
DAVID BERGEY DR,01-Non intersection,02-Thru lane,01-Clear,01-Daylight,MIDBLOCK,Sunday,May,1,DAVID BERGEY DR,2,ROAD,MINOR,10.0,20.0,PAVED,TwoWay,PAVED,3,50,NO ACCESS,Y,1999.0,562.686110873916
DAVID BERGEY DR,01-Non intersection,02-Thru lane,01-Clear,01-Daylight,MIDBLOCK,Sunday,May,1,DAVID BERGEY DR,2,ROAD,MINOR,10.0,20.0,PAVED,TwoWay,PAVED,3,50,NO ACCESS,Y,1999.0,81.25966830116779
DAVID BERGEY DR,01-Non intersection,02-Thru lane,01-Clear,01-Daylight,MIDBLOCK,Sunday,May,1,DAVID BERGEY DR,2,ROAD,MINOR,10.0,20.0,PAVED,TwoWay,PAVED,3,50,NO ACCESS,Y,1999.0,78.7756137368891
STONYBROOK DR,04-At/near private drive,09-Right shoulder,01-Clear,01-Daylight,MIDBLOCK,Friday,March,0,STONYBROOK DR,2,ROAD,LOCAL,9.0,20.0,PAVED,TwoWay,PAVED,6,50,NO ACCESS,N,2003.0,136.384099581111