LOCATION,ACCIDENT_LOCATION,IMPACT_LOCATION,ENVIRONMENT_CONDITION,LIGHT,COLLISION_TYPE,DAY_OF_WEEK,MONTH,IS_WEEKEND,STREET,LANES,CATEGORY,SUBCATEGORY,PAVEMENT_WIDTH,ROW_WIDTH,SHOULDER,FLOW_DIRECTION,SURFACE_LAYER_TYPE,OFFICIAL_ROAD_CLASSIFICATION,SPEED_LIMIT_KM,TRUCK_ACCESS,BUS_ROUTE,SERVICE_YEAR,Shape__Length
STONYBROOK DR,04-At/near private drive,09-Right shoulder,01-Clear,01-Daylight,MIDBLOCK,Friday,March,0,STONYBROOK DR,2,ROAD,LOCAL,9.0,21.0,PAVED,TwoWay,PAVED,6,50,NO ACCESS,N,2003.0,329.468754730391
STONYBROOK DR,04-At/near private drive,09-Right shoulder,01-Clear,01-Daylight,MIDBLOCK,Friday,March,0,STONYBROOK DR,2,ROAD,LOCAL,9.0,21.0,PAVED,TwoWay,PAVED,6,50,NO ACCESS,N,2003.0,72.73260905492359
STONYBROOK DR,01-Non intersection,02-Thru lane,01-Clear,07-Dark,MIDBLOCK,Thursday,October,0,STONYBROOK DR,2,ROAD,LOCAL,9.0,20.0,PAVED,TwoWay,PAVED,6,50,NO ACCESS,N,2003.0,136.384099581111
STONYBROOK DR,01-Non intersection,02-Thru lane,01-Clear,07-Dark,MIDBLOCK,Thursday,October,0,STONYBROOK DR,2,ROAD,LOCAL,9.0,21.0,PAVED,TwoWay,PAVED,6,50,NO ACCESS,N,2003.0,329.468754730391
STONYBROOK DR,01-Non intersection,02-Thru lane,01-Clear,07-Dark,MIDBLOCK,Thursday,October,0,STONYBROOK DR,2,ROAD,LOCAL,9.0,21.0,PAVED,TwoWay,PAVED,6,50,NO ACCESS,N,2003.0,72.73260905492359
STONYBROOK DR,04-At/near private drive,02-Thru lane,01-Clear,01-Daylight,MIDBLOCK,Monday,January,0,STONYBROOK DR,2,ROAD,LOCAL,9.0,20.0,PAVED,TwoWay,PAVED,6,50,NO ACCESS,N,2003.0,136.384099581111
STONYBROOK DR,04-At/near private drive,02-Thru lane,01-Clear,01-Daylight,MIDBLOCK,Monday,January,0,STONYBROOK DR,2,ROAD,LOCAL,9.0,21.0,PAVED,TwoWay,PAVED,6,50,NO ACCESS,N,2003.0,329.468754730391
STONYBROOK DR,04-At/near private drive,02-Thru lane,01-Clear,01-Daylight,MIDBLOCK,Monday,January,0,STONYBROOK DR,2,ROAD,LOCAL,9.0,21.0,PAVED,TwoWay,PAVED,6,50,NO ACCESS,N,2003.0,72.73260905492359
STONYBROOK DR,01-Non intersection,11-Not on roadway - right side,01-Clear,01-Daylight,MIDBLOCK,Tuesday,November,0,STONYBROOK DR,2,ROAD,LOCAL,9.0,20.0,PAVED,TwoWay,PAVED,6,50,NO ACCESS,N,2003.0,136.384099581111
STONYBROOK DR,01-Non intersection,11-Not on roadway - right side,01-Clear,01-Daylight,MIDBLOCK,Tuesday,November,0,STONYBROOK DR,2,ROAD,LOCAL,9.0,21.0,PAVED,TwoWay,PAVED,6,50,NO ACCESS,N,2003.0,329.468754730391
STONYBROOK DR,01-Non intersection,11-Not on roadway - right side,01-Clear,01-Daylight,MIDBLOCK,Tuesday,November,0,STONYBROOK DR,2,ROAD,LOCAL,9.0,21.0,PAVED,TwoWay,PAVED,6,50,NO ACCESS,N,2003.0,72.73260905492359
STONYBROOK DR,01-Non intersection,02-Thru lane,01-Clear,01-Daylight,MIDBLOCK,Thursday,September,0,STONYBROOK DR,2,ROAD,LOCAL,9.0,20.0,PAVED,TwoWay,PAVED,6,50,NO ACCESS,N,2003.0,136.384099581111
STONYBROOK DR,01-Non intersection,02-Thru lane,01-Clear,01-Daylight,MIDBLOCK,Thursday,September,0,STONYBROOK DR,2,ROAD,LOCAL,9.0,21.0,PAVED,TwoWay,PAVED,6,50,NO ACCESS,N,2003.0,329.468754730391
STONYBROOK DR,01-Non intersection,02-Thru lane,01-Clear,01-Daylight,MIDBLOCK,Thursday,September,0,STONYBROOK DR,2,ROAD,LOCAL,9.0,21.0,PAVED,TwoWay,PAVED,6,50,NO ACCESS,N,2003.0,72.73260905492359
STONYBROOK DR,04-At/near private drive,02-Thru lane,06-Strong wind,01-Daylight,MIDBLOCK,Thursday,March,0,STONYBROOK DR,2,ROAD,LOCAL,9.0,20.0,PAVED,TwoWay,PAVED,6,50,NO ACCESS,N,2003.0,136.384099581111
STONYBROOK DR,04-At/near private drive,02-Thru lane,06-Strong wind,01-Daylight,MIDBLOCK,Thursday,March,0,STONYBROOK DR,2,ROAD,LOCAL,9.0,21.0,PAVED,TwoWay,PAVED,6,50,NO ACCESS,N,2003.0,329.468754730391
STONYBROOK DR,04-At/near private drive,02-Thru lane,06-Strong wind,01-Daylight,MIDBLOCK,Thursday,March,0,STONYBROOK DR,2,ROAD,LOCAL,9.0,21.0,PAVED,TwoWay,PAVED,6,50,NO ACCESS,N,2003.0,72.73260905492359
STONYBROOK DR,04-At/near private drive,02-Thru lane,01-Clear,07-Dark,MIDBLOCK,Friday,November,0,STONYBROOK DR,2,ROAD,LOCAL,9.0,20.0,PAVED,TwoWay,PAVED,6,50,NO ACCESS,N,2003.0,136.384099581111
STONYBROOK DR,04-At/near private drive,02-Thru lane,01-Clear,07-Dark,MIDBLOCK,Friday,November,0,STONYBROOK DR,2,ROAD,LOCAL,9.0,21.0,PAVED,TwoWay,PAVED,6,50,NO ACCESS,N,2003.0,329.468754730391
STONYBROOK DR,04-At/near private drive,02-Thru lane,01-Clear,07-Dark,MIDBLOCK,Friday,November,0,STONYBROOK DR,2,ROAD,LOCAL,9.0,21.0,PAVED,TwoWay,PAVED,6,50,NO ACCESS,N,2003.0,72.73260905492359
FIFTH AVE,04-At/near private drive,02-Thru lane,01-Clear,01-Daylight,MIDBLOCK,Tuesday,March,0,FIFTH AVE,2,ROAD,LOCAL,10.0,20.0,PAVED,TwoWay,PAVED,6,50,NO ACCESS,N,1949.0,71.3721407993532
FIFTH AVE,04-At/near private drive,02-Thru lane,01-Clear,01-Daylight,MIDBLOCK,Tuesday,March,0,FIFTH AVE,2,ROAD,LOCAL,9.0,20.0,PAVED,TwoWay,PAVED,6,50,NO ACCESS,N,1914.0,414.924066653358
FIFTH AVE,04-At/near private drive,02-Thru lane,01-Clear,01-Daylight,MIDBLOCK,Tuesday,March,0,FIFTH AVE,2,ROAD,LOCAL,10.0,20.0,PAVED,TwoWay,PAVED,6,50,NO ACCESS,N,1949.0,271.03209038772
FIFTH AVE,01-Non intersection,02-Thru lane,"07-Fog, mist, smoke, dust","08-Dark, artificial",MIDBLOCK,Saturday,November,1,FIFTH AVE,2,ROAD,LOCAL,10.0,20.0,PAVED,TwoWay,PAVED,6,50,NO ACCESS,N,1949.0,71.3721407993532
FIFTH AVE,01-Non intersection,02-Thru lane,"07-Fog, mist, smoke, dust","08-Dark, artificial",MIDBLOCK,Saturday,November,1,FIFTH AVE,2,ROAD,LOCAL,9.0,20.0,PAVED,TwoWay,PAVED,6,50,NO ACCESS,N,1914.0,414.924066653358
FIFTH AVE,01-Non intersection,02-Thru lane,"07-Fog, mist, smoke, dust","08-Dark, artificial",MIDBLOCK,Saturday,November,1,FIFTH AVE,2,ROAD,LOCAL,10.0,20.0,PAVED,TwoWay,PAVED,6,50,NO ACCESS,N,1949.0,271.03209038772
FIFTH AVE,01-Non intersection,02-Thru lane,01-Clear,01-Daylight,MIDBLOCK,Tuesday,September,0,FIFTH AVE,2,ROAD,LOCAL,10.0,20.0,PAVED,TwoWay,PAVED,6,50,NO ACCESS,N,1949.0,71.3721407993532
FIFTH AVE,01-Non intersection,02-Thru lane,01-Clear,01-Daylight,MIDBLOCK,Tuesday,September,0,FIFTH AVE,2,ROAD,LOCAL,9.0,20.0,PAVED,TwoWay,PAVED,6,50,NO ACCESS,N,1914.0,414.924066653358
FIFTH AVE,01-Non intersection,02-Thru lane,01-Clear,01-Daylight,MIDBLOCK,Tuesday,September,0,FIFTH AVE,2,ROAD,LOCAL,10.0,20.0,PAVED,TwoWay,PAVED,6,50,NO ACCESS,N,1949.0,271.03209038772
FIFTH AVE,04-At/near private drive,02-Thru lane,01-Clear,01-Daylight,MIDBLOCK,Monday,February,0,FIFTH AVE,2,ROAD,LOCAL,10.0,20.0,PAVED,TwoWay,PAVED,6,50,NO ACCESS,N,1949.0,71.3721407993532
FIFTH AVE,04-At/near private drive,02-Thru lane,01-Clear,01-Daylight,MIDBLOCK,Monday,February,0,FIFTH AVE,2,ROAD,LOCAL,9.0,20.0,PAVED,TwoWay,PAVED,6,50,NO ACCESS,N,1914.0,414.924066653358
FIFTH AVE,04-At/near private drive,02-Thru lane,01-Clear,01-Daylight,MIDBLOCK,Monday,February,0,FIFTH AVE,2,ROAD,LOCAL,10.0,20.0,PAVED,TwoWay,PAVED,6,50,NO ACCESS,N,1949.0,271.03209038772
FIFTH AVE,01-Non intersection,02-Thru lane,01-Clear,"08-Dark, artificial",MIDBLOCK,Friday,March,0,FIFTH AVE,2,ROAD,LOCAL,10.0,20.0,PAVED,TwoWay,PAVED,6,50,NO ACCESS,N,1949.0,71.3721407993532
FIFTH AVE,01-Non intersection,02-Thru lane,01-Clear,"08-Dark, artificial",MIDBLOCK,Friday,March,0,FIFTH AVE,2,ROAD,LOCAL,9.0,20.0,PAVED,TwoWay,PAVED,6,50,NO ACCESS,N,1914.0,414.924066653358
FIFTH AVE,01-Non intersection,02-Thru lane,01-Clear,"08-Dark, artificial",MIDBLOCK,Friday,March,0,FIFTH AVE,2,ROAD,LOCAL,10.0,20.0,PAVED,TwoWay,PAVED,6,50,NO ACCESS,N,1949.0,271.03209038772
FIFTH AVE,01-Non intersection,02-Thru lane,01-Clear,"08-Dark, artificial",MIDBLOCK,Friday,December,0,FIFTH AVE,2,ROAD,LOCAL,10.0,20.0,PAVED,TwoWay,PAVED,6,50,NO ACCESS,N,1949.0,71.3721407993532
FIFTH AVE,01-Non intersection,02-Thru lane,01-Clear,"08-Dark, artificial",MIDBLOCK,Friday,December,0,FIFTH AVE,2,ROAD,LOCAL,9.0,20.0,PAVED,TwoWay,PAVED,6,50,NO ACCESS,N,1914.0,414.924066653358
FIFTH AVE,01-Non intersection,02-Thru lane,01-Clear,"08-Dark, artificial",MIDBLOCK,Friday,December,0,FIFTH AVE,2,ROAD,LOCAL,10.0,20.0,PAVED,TwoWay,PAVED,6,50,NO ACCESS,N,1949.0,271.03209038772
FIFTH AVE,01-Non intersection,11-Not on roadway - right side,01-Clear,"08-Dark, artificial",MIDBLOCK,Monday,December,0,FIFTH AVE,2,ROAD,LOCAL,10.0,20.0,PAVED,TwoWay,PAVED,6,50,NO ACCESS,N,1949.0,71.3721407993532
FIFTH AVE,01-Non intersection,11-Not on roadway - right side,01-Clear,"08-Dark, artificial",MIDBLOCK,Monday,December,0,FIFTH AVE,2,ROAD,LOCAL,9.0,20.0,PAVED,TwoWay,PAVED,6,50,NO ACCESS,N,1914.0,414.924066653358
FIFTH AVE,01-Non intersection,11-Not on roadway - right side,01-Clear,"08-Dark, artificial",MIDBLOCK,Monday,December,0,FIFTH AVE,2,ROAD,LOCAL,10.0,20.0,PAVED,TwoWay,PAVED,6,50,NO ACCESS,N,1949.0,271.03209038772
FIFTH AVE,04-At/near private drive,09-Right shoulder,01-Clear,01-Daylight,MIDBLOCK,Friday,June,0,FIFTH AVE,2,ROAD,LOCAL,10.0,20.0,PAVED,TwoWay,PAVED,6,50,NO ACCESS,N,1949.0,71.3721407993532
FIFTH AVE,04-At/near private drive,09-Right shoulder,01-Clear,01-Daylight,MIDBLOCK,Friday,June,0,FIFTH AVE,2,ROAD,LOCAL,9.0,20.0,PAVED,TwoWay,PAVED,6,50,NO ACCESS,N,1914.0,414.924066653358
FIFTH AVE,04-At/near private drive,09-Right shoulder,01-Clear,01-Daylight,MIDBLOCK,Friday,June,0,FIFTH AVE,2,ROAD,LOCAL,10.0,20.0,PAVED,TwoWay,PAVED,6,50,NO ACCESS,N,1949.0,271.03209038772
FIFTH AVE,04-At/near private drive,02-Thru lane,01-Clear,01-Daylight,MIDBLOCK,Thursday,May,0,FIFTH AVE,2,ROAD,LOCAL,10.0,20.0,PAVED,TwoWay,PAVED,6,50,NO ACCESS,N,1949.0,71.3721407993532
FIFTH AVE,04-At/near private drive,02-Thru lane,01-Clear,01-Daylight,MIDBLOCK,Thursday,May,0,FIFTH AVE,2,ROAD,LOCAL,9.0,20.0,PAVED,TwoWay,PAVED,6,50,NO ACCESS,N,1914.0,414.924066653358
FIFTH AVE,04-At/near private drive,02-Thru lane,01-Clear,01-Daylight,MIDBLOCK,Thursday,May,0,FIFTH AVE,2,ROAD,LOCAL,10.0,20.0,PAVED,TwoWay,PAVED,6,50,NO ACCESS,N,1949.0,271.03209038772
FIFTH AVE,01-Non intersection,02-Thru lane,01-Clear,01-Daylight,MIDBLOCK,Wednesday,October,0,FIFTH AVE,2,ROAD,LOCAL,10.0,20.0,PAVED,TwoWay,PAVED,6,50,NO ACCESS,N,1949.0,71.3721407993532
FIFTH AVE,01-Non intersection,02-Thru lane,01-Clear,01-Daylight,MIDBLOCK,Wednesday,October,0,FIFTH AVE,2,ROAD,LOCAL,9.0,20.0,PAVED,TwoWay,PAVED,6,50,NO ACCESS,N,1914.0,414.924066653358
FIFTH AVE,01-Non intersection,02-Thru lane,01-Clear,01-Daylight,MIDBLOCK,Wednesday,October,0,FIFTH AVE,2,ROAD,LOCAL,10.0,20.0,PAVED,TwoWay,PAVED,6,50,NO ACCESS,N,1949.0,271.03209038772
FIFTH AVE,01-Non intersection,12-Off highway,01-Clear,"08-Dark, artificial",MIDBLOCK,Wednesday,November,0,FIFTH AVE,2,ROAD,LOCAL,10.0,20.0,PAVED,TwoWay,PAVED,6,50,NO ACCESS,N,1949.0,71.3721407993532
FIFTH AVE,01-Non intersection,12-Off highway,01-Clear,"08-Dark, artificial",MIDBLOCK,Wednesday,November,0,FIFTH AVE,2,ROAD,LOCAL,9.0,20.0,PAVED,TwoWay,PAVED,6,50,NO ACCESS,N,1914.0,414.924066653358
FIFTH AVE,01-Non intersection,12-Off highway,01-Clear,"08-Dark, artificial",MIDBLOCK,Wednesday,November,0,FIFTH AVE,2,ROAD,LOCAL,10.0,20.0,PAVED,TwoWay,PAVED,6,50,NO ACCESS,N,1949.0,271.03209038772
FIFTH AVE,01-Non intersection,02-Thru lane,01-Clear,01-Daylight,MIDBLOCK,Friday,June,0,FIFTH AVE,2,ROAD,LOCAL,10.0,20.0,PAVED,TwoWay,PAVED,6,50,NO ACCESS,N,1949.0,71.3721407993532
FIFTH AVE,01-Non intersection,02-Thru lane,01-Clear,01-Daylight,MIDBLOCK,Friday,June,0,FIFTH AVE,2,ROAD,LOCAL,9.0,20.0,PAVED,TwoWay,PAVED,6,50,NO ACCESS,N,1914.0,414.924066653358
FIFTH AVE,01-Non intersection,02-Thru lane,01-Clear,01-Daylight,MIDBLOCK,Friday,June,0,FIFTH AVE,2,ROAD,LOCAL,10.0,20.0,PAVED,TwoWay,PAVED,6,50,NO ACCESS,N,1949.0,271.03209038772
FIFTH AVE,04-At/near private drive,02-Thru lane,01-Clear,01-Daylight,MIDBLOCK,Tuesday,January,0,FIFTH AVE,2,ROAD,LOCAL,10.0,20.0,PAVED,TwoWay,PAVED,6,50,NO ACCESS,N,1949.0,71.3721407993532
FIFTH AVE,04-At/near private drive,02-Thru lane,01-Clear,01-Daylight,MIDBLOCK,Tuesday,January,0,FIFTH AVE,2,ROAD,LOCAL,9.0,20.0,PAVED,TwoWay,PAVED,6,50,NO ACCESS,N,1914.0,414.924066653358
FIFTH AVE,04-At/near private drive,02-Thru lane,01-Clear,01-Daylight,MIDBLOCK,Tuesday,January,0,FIFTH AVE,2,ROAD,LOCAL,10.0,20.0,PAVED,TwoWay,PAVED,6,50,NO ACCESS,N,1949.0,271.03209038772
BELMONT AVE W,99-Other,11-Not on roadway - right side,01-Clear,01-Daylight,MIDBLOCK,Monday,November,0,BELMONT AVE W,4,ROAD,MINOR,14.0,26.0,PAVED,TwoWay,PAVED,2,50,24HR,Y,1999.0,117.373540077687
BELMONT AVE W,99-Other,11-Not on roadway - right side,01-Clear,01-Daylight,MIDBLOCK,Monday,November,0,BELMONT AVE W,2,ROAD,MINOR,9.0,26.0,PAVED,TwoWay,PAVED,2,50,NO ACCESS,N,1913.0,107.08038475608299
BELMONT AVE W,99-Other,11-Not on roadway - right side,01-Clear,01-Daylight,MIDBLOCK,Monday,November,0,BELMONT AVE W,2,ROAD,MINOR,9.0,26.0,PAVED,TwoWay,PAVED,2,50,NO ACCESS,N,1913.0,203.624045781759
BELMONT AVE W,99-Other,11-Not on roadway - right side,01-Clear,01-Daylight,MIDBLOCK,Monday,November,0,BELMONT AVE W,4,ROAD,MINOR,13.0,26.0,PAVED,TwoWay,PAVED,2,50,24HR,Y,2002.0,64.9456899428116
BELMONT AVE W,99-Other,11-Not on roadway - right side,01-Clear,01-Daylight,MIDBLOCK,Monday,November,0,BELMONT AVE W,4,ROAD,MINOR,12.0,26.0,PAVED,TwoWay,PAVED,2,50,24HR,Y,1999.0,97.27106986976419
BELMONT AVE W,99-Other,11-Not on roadway - right side,01-Clear,01-Daylight,MIDBLOCK,Monday,November,0,BELMONT AVE W,4,ROAD,MINOR,12.0,26.0,PAVED,TwoWay,PAVED,2,50,24HR,Y,1999.0,28.9682695118406
BELMONT AVE W,99-Other,11-Not on roadway - right side,01-Clear,01-Daylight,MIDBLOCK,Monday,November,0,BELMONT AVE W,4,ROAD,MINOR,13.0,26.0,PAVED,TwoWay,PAVED,2,50,24HR,Y,2002.0,249.557838715083
BELMONT AVE W,99-Other,11-Not on roadway - right side,01-Clear,01-Daylight,MIDBLOCK,Monday,November,0,BELMONT AVE W,2,ROAD,MINOR,10.0,26.0,PAVED,TwoWay,PAVED,2,50,NO ACCESS,N,1913.0,72.1105768262085
BELMONT AVE W,99-Other,11-Not on roadway - right side,01-Clear,01-Daylight,MIDBLOCK,Monday,November,0,BELMONT AVE W,4,ROAD,MINOR,13.0,26.0,PAVED,TwoWay,PAVED,2,50,24HR,Y,2002.0,548.70359914458
BELMONT AVE W,99-Other,11-Not on roadway - right side,01-Clear,01-Daylight,MIDBLOCK,Monday,November,0,BELMONT AVE W,4,ROAD,MINOR,15.0,26.0,PAVED,TwoWay,PAVED,2,50,24HR,Y,1999.0,112.613158583696
BELMONT AVE W,99-Other,11-Not on roadway - right side,01-Clear,01-Daylight,MIDBLOCK,Monday,November,0,BELMONT AVE W,4,ROAD,MINOR,12.0,26.0,PAVED,TwoWay,PAVED,2,50,24HR,Y,1999.0,66.7790115480375
BELMONT AVE W,99-Other,11-Not on roadway - right side,01-Clear,01-Daylight,MIDBLOCK,Monday,November,0,BELMONT AVE W,4,ROAD,MINOR,12.0,26.0,PAVED,TwoWay,PAVED,2,50,24HR,Y,1999.0,98.208853457703
BELMONT AVE W,99-Other,11-Not on roadway - right side,01-Clear,01-Daylight,MIDBLOCK,Monday,November,0,BELMONT AVE W,4,ROAD,MINOR,12.0,26.0,PAVED,TwoWay,PAVED,2,50,24HR,Y,1999.0,97.0414993465926
BELMONT AVE W,99-Other,11-Not on roadway - right side,01-Clear,01-Daylight,MIDBLOCK,Monday,November,0,BELMONT AVE W,2,ROAD,MINOR,9.0,26.0,PAVED,TwoWay,PAVED,2,50,NO ACCESS,N,1913.0,94.17070088014921
BELMONT AVE W,99-Other,11-Not on roadway - right side,01-Clear,01-Daylight,MIDBLOCK,Monday,November,0,BELMONT AVE W,4,ROAD,MINOR,14.0,26.0,PAVED,TwoWay,PAVED,2,50,24HR,Y,1999.0,91.92629337082492
BELMONT AVE W,01-Non intersection,04-Right turn lane,01-Clear,01-Daylight,MIDBLOCK,Tuesday,May,0,BELMONT AVE W,4,ROAD,MINOR,14.0,26.0,PAVED,TwoWay,PAVED,2,50,24HR,Y,1999.0,117.373540077687
BELMONT AVE W,01-Non intersection,04-Right turn lane,01-Clear,01-Daylight,MIDBLOCK,Tuesday,May,0,BELMONT AVE W,2,ROAD,MINOR,9.0,26.0,PAVED,TwoWay,PAVED,2,50,NO ACCESS,N,1913.0,107.08038475608299
BELMONT AVE W,01-Non intersection,04-Right turn lane,01-Clear,01-Daylight,MIDBLOCK,Tuesday,May,0,BELMONT AVE W,2,ROAD,MINOR,9.0,26.0,PAVED,TwoWay,PAVED,2,50,NO ACCESS,N,1913.0,203.624045781759
BELMONT AVE W,01-Non intersection,04-Right turn lane,01-Clear,01-Daylight,MIDBLOCK,Tuesday,May,0,BELMONT AVE W,4,ROAD,MINOR,13.0,26.0,PAVED,TwoWay,PAVED,2,50,24HR,Y,2002.0,64.9456899428116
BELMONT AVE W,01-Non intersection,04-Right turn lane,01-Clear,01-Daylight,MIDBLOCK,Tuesday,May,0,BELMONT AVE W,4,ROAD,MINOR,12.0,26.0,PAVED,TwoWay,PAVED,2,50,24HR,Y,1999.0,97.27106986976419
BELMONT AVE W,01-Non intersection,04-Right turn lane,01-Clear,01-Daylight,MIDBLOCK,Tuesday,May,0,BELMONT AVE W,4,ROAD,MINOR,12.0,26.0,PAVED,TwoWay,PAVED,2,50,24HR,Y,1999.0,28.9682695118406
BELMONT AVE W,01-Non intersection,04-Right turn lane,01-Clear,01-Daylight,MIDBLOCK,Tuesday,May,0,BELMONT AVE W,4,ROAD,MINOR,13.0,26.0,PAVED,TwoWay,PAVED,2,50,24HR,Y,2002.0,249.557838715083
BELMONT AVE W,01-Non intersection,04-Right turn lane,01-Clear,01-Daylight,MIDBLOCK,Tuesday,May,0,BELMONT AVE W,2,ROAD,MINOR,10.0,26.0,PAVED,TwoWay,PAVED,2,50,NO ACCESS,N,1913.0,72.1105768262085
BELMONT AVE W,01-Non intersection,04-Right turn lane,01-Clear,01-Daylight,MIDBLOCK,Tuesday,May,0,BELMONT AVE W,4,ROAD,MINOR,13.0,26.0,PAVED,TwoWay,PAVED,2,50,24HR,Y,2002.0,548.70359914458
BELMONT AVE W,01-Non intersection,04-Right turn lane,01-Clear,01-Daylight,MIDBLOCK,Tuesday,May,0,BELMONT AVE W,4,ROAD,MINOR,15.0,26.0,PAVED,TwoWay,PAVED,2,50,24HR,Y,1999.0,112.613158583696
BELMONT AVE W,01-Non intersection,04-Right turn lane,01-Clear,01-Daylight,MIDBLOCK,Tuesday,May,0,BELMONT AVE W,4,ROAD,MINOR,12.0,26.0,PAVED,TwoWay,PAVED,2,50,24HR,Y,1999.0,66.7790115480375
BELMONT AVE W,01-Non intersection,04-Right turn lane,01-Clear,01-Daylight,MIDBLOCK,Tuesday,May,0,BELMONT AVE W,4,ROAD,MINOR,12.0,26.0,PAVED,TwoWay,PAVED,2,50,24HR,Y,1999.0,98.208853457703
BELMONT AVE W,01-Non intersection,04-Right turn lane,01-Clear,01-Daylight,MIDBLOCK,Tuesday,May,0,BELMONT AVE W,4,ROAD,MINOR,12.0,26.0,PAVED,TwoWay,PAVED,2,50,24HR,Y,1999.0,97.0414993465926
BELMONT AVE W,01-Non intersection,04-Right turn lane,01-Clear,01-Daylight,MIDBLOCK,Tuesday,May,0,BELMONT AVE W,2,ROAD,MINOR,9.0,26.0,PAVED,TwoWay,PAVED,2,50,NO ACCESS,N,1913.0,94.17070088014921
BELMONT AVE W,01-Non intersection,04-Right turn lane,01-Clear,01-Daylight,MIDBLOCK,Tuesday,May,0,BELMONT AVE W,4,ROAD,MINOR,14.0,26.0,PAVED,TwoWay,PAVED,2,50,24HR,Y,1999.0,91.92629337082492
BELMONT AVE W,04-At/near private drive,02-Thru lane,01-Clear,01-Daylight,MIDBLOCK,Thursday,July,0,BELMONT AVE W,4,ROAD,MINOR,14.0,26.0,PAVED,TwoWay,PAVED,2,50,24HR,Y,1999.0,117.373540077687
BELMONT AVE W,04-At/near private drive,02-Thru lane,01-Clear,01-Daylight,MIDBLOCK,Thursday,July,0,BELMONT AVE W,2,ROAD,MINOR,9.0,26.0,PAVED,TwoWay,PAVED,2,50,NO ACCESS,N,1913.0,107.08038475608299
BELMONT AVE W,04-At/near private drive,02-Thru lane,01-Clear,01-Daylight,MIDBLOCK,Thursday,July,0,BELMONT AVE W,2,ROAD,MINOR,9.0,26.0,PAVED,TwoWay,PAVED,2,50,NO ACCESS,N,1913.0,203.624045781759
BELMONT AVE W,04-At/near private drive,02-Thru lane,01-Clear,01-Daylight,MIDBLOCK,Thursday,July,0,BELMONT AVE W,4,ROAD,MINOR,13.0,26.0,PAVED,TwoWay,PAVED,2,50,24HR,Y,2002.0,64.9456899428116
BELMONT AVE W,04-At/near private drive,02-Thru lane,01-Clear,01-Daylight,MIDBLOCK,Thursday,July,0,BELMONT AVE W,4,ROAD,MINOR,12.0,26.0,PAVED,TwoWay,PAVED,2,50,24HR,Y,1999.0,97.27106986976419
BELMONT AVE W,04-At/near private drive,02-Thru lane,01-Clear,01-Daylight,MIDBLOCK,Thursday,July,0,BELMONT AVE W,4,ROAD,MINOR,12.0,26.0,PAVED,TwoWay,PAVED,2,50,24HR,Y,1999.0,28.9682695118406
BELMONT AVE W,04-At/near private drive,02-Thru lane,01-Clear,01-Daylight,MIDBLOCK,Thursday,July,0,BELMONT AVE W,4,ROAD,MINOR,13.0,26.0,PAVED,TwoWay,PAVED,2,50,24HR,Y,2002.0,249.557838715083
BELMONT AVE W,04-At/near private drive,02-Thru lane,01-Clear,01-Daylight,MIDBLOCK,Thursday,July,0,BELMONT AVE W,2,ROAD,MINOR,10.0,26.0,PAVED,TwoWay,PAVED,2,50,NO ACCESS,N,1913.0,72.1105768262085
BELMONT AVE W,04-At/near private drive,02-Thru lane,01-Clear,01-Daylight,MIDBLOCK,Thursday,July,0,BELMONT AVE W,4,ROAD,MINOR,13.0,26.0,PAVED,TwoWay,PAVED,2,50,24HR,Y,2002.0,548.70359914458
BELMONT AVE W,04-At/near private drive,02-Thru lane,01-Clear,01-Daylight,MIDBLOCK,Thursday,July,0,BELMONT AVE W,4,ROAD,MINOR,15.0,26.0,PAVED,TwoWay,PAVED,2,50,24HR,Y,1999.0,112.613158583696
BELMONT AVE W,04-At/near private drive,02-Thru lane,01-Clear,01-Daylight,MIDBLOCK,Thursday,July,0,BELMONT AVE W,4,ROAD,MINOR,12.0,26.0,PAVED,TwoWay,PAVED,2,50,24HR,Y,1999.0,66.7790115480375
BELMONT AVE W,04-At/near private drive,02-Thru lane,01-Clear,01-Daylight,MIDBLOCK,Thursday,July,0,BELMONT AVE W,4,ROAD,MINOR,12.0,26.0,PAVED,TwoWay,PAVED,2,50,24HR,Y,1999.0,98.208853457703
BELMONT AVE W,04-At/near private drive,02-Thru lane,01-Clear,01-Daylight,MIDBLOCK,Thursday,July,0,BELMONT AVE W,4,ROAD,MINOR,12.0,26.0,PAVED,TwoWay,PAVED,2,50,24HR,Y,1999.0,97.0414993465926
BELMONT AVE W,04-At/near private drive,02-Thru lane,01-Clear,01-Daylight,MIDBLOCK,Thursday,July,0,BELMONT AVE W,2,ROAD,MINOR,9.0,26.0,PAVED,TwoWay,PAVED,2,50,NO ACCESS,N,1913.0,94.17070088014921
BELMONT AVE W,04-At/near private drive,02-Thru lane,01-Clear,01-Daylight,MIDBLOCK,Thursday,July,0,BELMONT AVE W,4,ROAD,MINOR,14.0,26.0,PAVED,TwoWay,PAVED,2,50,24HR,Y,1999.0,91.92629337082492
BELMONT AVE W,04-At/near private drive,02-Thru lane,01-Clear,01-Daylight,MIDBLOCK,Wednesday,February,0,BELMONT AVE W,4,ROAD,MINOR,14.0,26.0,PAVED,TwoWay,PAVED,2,50,24HR,Y,1999.0,117.373540077687