LOCATION,ACCIDENT_LOCATION,IMPACT_LOCATION,ENVIRONMENT_CONDITION,LIGHT,COLLISION_TYPE,DAY_OF_WEEK,MONTH,IS_WEEKEND,STREET,LANES,CATEGORY,SUBCATEGORY,PAVEMENT_WIDTH,ROW_WIDTH,SHOULDER,FLOW_DIRECTION,SURFACE_LAYER_TYPE,OFFICIAL_ROAD_CLASSIFICATION,SPEED_LIMIT_KM,TRUCK_ACCESS,BUS_ROUTE,SERVICE_YEAR,Shape__Length
BELMONT AVE W,01-Non intersection,10-Not on roadway - left side,01-Clear,01-Daylight,MIDBLOCK,Thursday,August,0,BELMONT AVE W,4,ROAD,MINOR,12.0,26.0,PAVED,TwoWay,PAVED,2,50,24HR,Y,1999.0,97.27106986976419
BELMONT AVE W,01-Non intersection,10-Not on roadway - left side,01-Clear,01-Daylight,MIDBLOCK,Thursday,August,0,BELMONT AVE W,4,ROAD,MINOR,12.0,26.0,PAVED,TwoWay,PAVED,2,50,24HR,Y,1999.0,28.9682695118406
BELMONT AVE W,01-Non intersection,10-Not on roadway - left side,01-Clear,01-Daylight,MIDBLOCK,Thursday,August,0,BELMONT AVE W,4,ROAD,MINOR,13.0,26.0,PAVED,TwoWay,PAVED,2,50,24HR,Y,2002.0,249.557838715083
BELMONT AVE W,01-Non intersection,10-Not on roadway - left side,01-Clear,01-Daylight,MIDBLOCK,Thursday,August,0,BELMONT AVE W,2,ROAD,MINOR,10.0,26.0,PAVED,TwoWay,PAVED,2,50,NO ACCESS,N,1913.0,72.1105768262085
BELMONT AVE W,01-Non intersection,10-Not on roadway - left side,01-Clear,01-Daylight,MIDBLOCK,Thursday,August,0,BELMONT AVE W,4,ROAD,MINOR,13.0,26.0,PAVED,TwoWay,PAVED,2,50,24HR,Y,2002.0,548.70359914458
BELMONT AVE W,01-Non intersection,10-Not on roadway - left side,01-Clear,01-Daylight,MIDBLOCK,Thursday,August,0,BELMONT AVE W,4,ROAD,MINOR,15.0,26.0,PAVED,TwoWay,PAVED,2,50,24HR,Y,1999.0,112.613158583696
BELMONT AVE W,01-Non intersection,10-Not on roadway - left side,01-Clear,01-Daylight,MIDBLOCK,Thursday,August,0,BELMONT AVE W,4,ROAD,MINOR,12.0,26.0,PAVED,TwoWay,PAVED,2,50,24HR,Y,1999.0,66.7790115480375
BELMONT AVE W,01-Non intersection,10-Not on roadway - left side,01-Clear,01-Daylight,MIDBLOCK,Thursday,August,0,BELMONT AVE W,4,ROAD,MINOR,12.0,26.0,PAVED,TwoWay,PAVED,2,50,24HR,Y,1999.0,98.208853457703
BELMONT AVE W,01-Non intersection,10-Not on roadway - left side,01-Clear,01-Daylight,MIDBLOCK,Thursday,August,0,BELMONT AVE W,4,ROAD,MINOR,12.0,26.0,PAVED,TwoWay,PAVED,2,50,24HR,Y,1999.0,97.0414993465926
BELMONT AVE W,01-Non intersection,10-Not on roadway - left side,01-Clear,01-Daylight,MIDBLOCK,Thursday,August,0,BELMONT AVE W,2,ROAD,MINOR,9.0,26.0,PAVED,TwoWay,PAVED,2,50,NO ACCESS,N,1913.0,94.17070088014921
BELMONT AVE W,01-Non intersection,10-Not on roadway - left side,01-Clear,01-Daylight,MIDBLOCK,Thursday,August,0,BELMONT AVE W,4,ROAD,MINOR,14.0,26.0,PAVED,TwoWay,PAVED,2,50,24HR,Y,1999.0,91.92629337082492
BELMONT AVE W,04-At/near private drive,03-Left turn lane,01-Clear,01-Daylight,MIDBLOCK,Wednesday,September,0,BELMONT AVE W,4,ROAD,MINOR,14.0,26.0,PAVED,TwoWay,PAVED,2,50,24HR,Y,1999.0,117.373540077687
BELMONT AVE W,04-At/near private drive,03-Left turn lane,01-Clear,01-Daylight,MIDBLOCK,Wednesday,September,0,BELMONT AVE W,2,ROAD,MINOR,9.0,26.0,PAVED,TwoWay,PAVED,2,50,NO ACCESS,N,1913.0,107.08038475608299
BELMONT AVE W,04-At/near private drive,03-Left turn lane,01-Clear,01-Daylight,MIDBLOCK,Wednesday,September,0,BELMONT AVE W,2,ROAD,MINOR,9.0,26.0,PAVED,TwoWay,PAVED,2,50,NO ACCESS,N,1913.0,203.624045781759
BELMONT AVE W,04-At/near private drive,03-Left turn lane,01-Clear,01-Daylight,MIDBLOCK,Wednesday,September,0,BELMONT AVE W,4,ROAD,MINOR,13.0,26.0,PAVED,TwoWay,PAVED,2,50,24HR,Y,2002.0,64.9456899428116
BELMONT AVE W,04-At/near private drive,03-Left turn lane,01-Clear,01-Daylight,MIDBLOCK,Wednesday,September,0,BELMONT AVE W,4,ROAD,MINOR,12.0,26.0,PAVED,TwoWay,PAVED,2,50,24HR,Y,1999.0,97.27106986976419
BELMONT AVE W,04-At/near private drive,03-Left turn lane,01-Clear,01-Daylight,MIDBLOCK,Wednesday,September,0,BELMONT AVE W,4,ROAD,MINOR,12.0,26.0,PAVED,TwoWay,PAVED,2,50,24HR,Y,1999.0,28.9682695118406
BELMONT AVE W,04-At/near private drive,03-Left turn lane,01-Clear,01-Daylight,MIDBLOCK,Wednesday,September,0,BELMONT AVE W,4,ROAD,MINOR,13.0,26.0,PAVED,TwoWay,PAVED,2,50,24HR,Y,2002.0,249.557838715083
BELMONT AVE W,04-At/near private drive,03-Left turn lane,01-Clear,01-Daylight,MIDBLOCK,Wednesday,September,0,BELMONT AVE W,2,ROAD,MINOR,10.0,26.0,PAVED,TwoWay,PAVED,2,50,NO ACCESS,N,1913.0,72.1105768262085
BELMONT AVE W,04-At/near private drive,03-Left turn lane,01-Clear,01-Daylight,MIDBLOCK,Wednesday,September,0,BELMONT AVE W,4,ROAD,MINOR,13.0,26.0,PAVED,TwoWay,PAVED,2,50,24HR,Y,2002.0,548.70359914458
BELMONT AVE W,04-At/near private drive,03-Left turn lane,01-Clear,01-Daylight,MIDBLOCK,Wednesday,September,0,BELMONT AVE W,4,ROAD,MINOR,15.0,26.0,PAVED,TwoWay,PAVED,2,50,24HR,Y,1999.0,112.613158583696
BELMONT AVE W,04-At/near private drive,03-Left turn lane,01-Clear,01-Daylight,MIDBLOCK,Wednesday,September,0,BELMONT AVE W,4,ROAD,MINOR,12.0,26.0,PAVED,TwoWay,PAVED,2,50,24HR,Y,1999.0,66.7790115480375
BELMONT AVE W,04-At/near private drive,03-Left turn lane,01-Clear,01-Daylight,MIDBLOCK,Wednesday,September,0,BELMONT AVE W,4,ROAD,MINOR,12.0,26.0,PAVED,TwoWay,PAVED,2,50,24HR,Y,1999.0,98.208853457703
BELMONT AVE W,04-At/near private drive,03-Left turn lane,01-Clear,01-Daylight,MIDBLOCK,Wednesday,September,0,BELMONT AVE W,4,ROAD,MINOR,12.0,26.0,PAVED,TwoWay,PAVED,2,50,24HR,Y,1999.0,97.0414993465926
BELMONT AVE W,04-At/near private drive,03-Left turn lane,01-Clear,01-Daylight,MIDBLOCK,Wednesday,September,0,BELMONT AVE W,2,ROAD,MINOR,9.0,26.0,PAVED,TwoWay,PAVED,2,50,NO ACCESS,N,1913.0,94.17070088014921
BELMONT AVE W,04-At/near private drive,03-Left turn lane,01-Clear,01-Daylight,MIDBLOCK,Wednesday,September,0,BELMONT AVE W,4,ROAD,MINOR,14.0,26.0,PAVED,TwoWay,PAVED,2,50,24HR,Y,1999.0,91.92629337082492
BELMONT AVE W,98-Other,02-Thru lane,01-Clear,01-Daylight,MIDBLOCK,Thursday,March,0,BELMONT AVE W,4,ROAD,MINOR,14.0,26.0,PAVED,TwoWay,PAVED,2,50,24HR,Y,1999.0,117.373540077687
BELMONT AVE W,98-Other,02-Thru lane,01-Clear,01-Daylight,MIDBLOCK,Thursday,March,0,BELMONT AVE W,2,ROAD,MINOR,9.0,26.0,PAVED,TwoWay,PAVED,2,50,NO ACCESS,N,1913.0,107.08038475608299
BELMONT AVE W,98-Other,02-Thru lane,01-Clear,01-Daylight,MIDBLOCK,Thursday,March,0,BELMONT AVE W,2,ROAD,MINOR,9.0,26.0,PAVED,TwoWay,PAVED,2,50,NO ACCESS,N,1913.0,203.624045781759
BELMONT AVE W,98-Other,02-Thru lane,01-Clear,01-Daylight,MIDBLOCK,Thursday,March,0,BELMONT AVE W,4,ROAD,MINOR,13.0,26.0,PAVED,TwoWay,PAVED,2,50,24HR,Y,2002.0,64.9456899428116
BELMONT AVE W,98-Other,02-Thru lane,01-Clear,01-Daylight,MIDBLOCK,Thursday,March,0,BELMONT AVE W,4,ROAD,MINOR,12.0,26.0,PAVED,TwoWay,PAVED,2,50,24HR,Y,1999.0,97.27106986976419
BELMONT AVE W,98-Other,02-Thru lane,01-Clear,01-Daylight,MIDBLOCK,Thursday,March,0,BELMONT AVE W,4,ROAD,MINOR,12.0,26.0,PAVED,TwoWay,PAVED,2,50,24HR,Y,1999.0,28.9682695118406
BELMONT AVE W,98-Other,02-Thru lane,01-Clear,01-Daylight,MIDBLOCK,Thursday,March,0,BELMONT AVE W,4,ROAD,MINOR,13.0,26.0,PAVED,TwoWay,PAVED,2,50,24HR,Y,2002.0,249.557838715083
BELMONT AVE W,98-Other,02-Thru lane,01-Clear,01-Daylight,MIDBLOCK,Thursday,March,0,BELMONT AVE W,2,ROAD,MINOR,10.0,26.0,PAVED,TwoWay,PAVED,2,50,NO ACCESS,N,1913.0,72.1105768262085
BELMONT AVE W,98-Other,02-Thru lane,01-Clear,01-Daylight,MIDBLOCK,Thursday,March,0,BELMONT AVE W,4,ROAD,MINOR,13.0,26.0,PAVED,TwoWay,PAVED,2,50,24HR,Y,2002.0,548.70359914458
BELMONT AVE W,98-Other,02-Thru lane,01-Clear,01-Daylight,MIDBLOCK,Thursday,March,0,BELMONT AVE W,4,ROAD,MINOR,15.0,26.0,PAVED,TwoWay,PAVED,2,50,24HR,Y,1999.0,112.613158583696
BELMONT AVE W,98-Other,02-Thru lane,01-Clear,01-Daylight,MIDBLOCK,Thursday,March,0,BELMONT AVE W,4,ROAD,MINOR,12.0,26.0,PAVED,TwoWay,PAVED,2,50,24HR,Y,1999.0,66.7790115480375
BELMONT AVE W,98-Other,02-Thru lane,01-Clear,01-Daylight,MIDBLOCK,Thursday,March,0,BELMONT AVE W,4,ROAD,MINOR,12.0,26.0,PAVED,TwoWay,PAVED,2,50,24HR,Y,1999.0,98.208853457703
BELMONT AVE W,98-Other,02-Thru lane,01-Clear,01-Daylight,MIDBLOCK,Thursday,March,0,BELMONT AVE W,4,ROAD,MINOR,12.0,26.0,PAVED,TwoWay,PAVED,2,50,24HR,Y,1999.0,97.0414993465926
BELMONT AVE W,98-Other,02-Thru lane,01-Clear,01-Daylight,MIDBLOCK,Thursday,March,0,BELMONT AVE W,2,ROAD,MINOR,9.0,26.0,PAVED,TwoWay,PAVED,2,50,NO ACCESS,N,1913.0,94.17070088014921
BELMONT AVE W,98-Other,02-Thru lane,01-Clear,01-Daylight,MIDBLOCK,Thursday,March,0,BELMONT AVE W,4,ROAD,MINOR,14.0,26.0,PAVED,TwoWay,PAVED,2,50,24HR,Y,1999.0,91.92629337082492
BELMONT AVE W,04-At/near private drive,02-Thru lane,01-Clear,01-Daylight,MIDBLOCK,Thursday,November,0,BELMONT AVE W,4,ROAD,MINOR,14.0,26.0,PAVED,TwoWay,PAVED,2,50,24HR,Y,1999.0,117.373540077687
BELMONT AVE W,04-At/near private drive,02-Thru lane,01-Clear,01-Daylight,MIDBLOCK,Thursday,November,0,BELMONT AVE W,2,ROAD,MINOR,9.0,26.0,PAVED,TwoWay,PAVED,2,50,NO ACCESS,N,1913.0,107.08038475608299
BELMONT AVE W,04-At/near private drive,02-Thru lane,01-Clear,01-Daylight,MIDBLOCK,Thursday,November,0,BELMONT AVE W,2,ROAD,MINOR,9.0,26.0,PAVED,TwoWay,PAVED,2,50,NO ACCESS,N,1913.0,203.624045781759
BELMONT AVE W,04-At/near private drive,02-Thru lane,01-Clear,01-Daylight,MIDBLOCK,Thursday,November,0,BELMONT AVE W,4,ROAD,MINOR,13.0,26.0,PAVED,TwoWay,PAVED,2,50,24HR,Y,2002.0,64.9456899428116
BELMONT AVE W,04-At/near private drive,02-Thru lane,01-Clear,01-Daylight,MIDBLOCK,Thursday,November,0,BELMONT AVE W,4,ROAD,MINOR,12.0,26.0,PAVED,TwoWay,PAVED,2,50,24HR,Y,1999.0,97.27106986976419
BELMONT AVE W,04-At/near private drive,02-Thru lane,01-Clear,01-Daylight,MIDBLOCK,Thursday,November,0,BELMONT AVE W,4,ROAD,MINOR,12.0,26.0,PAVED,TwoWay,PAVED,2,50,24HR,Y,1999.0,28.9682695118406
BELMONT AVE W,04-At/near private drive,02-Thru lane,01-Clear,01-Daylight,MIDBLOCK,Thursday,November,0,BELMONT AVE W,4,ROAD,MINOR,13.0,26.0,PAVED,TwoWay,PAVED,2,50,24HR,Y,2002.0,249.557838715083
BELMONT AVE W,04-At/near private drive,02-Thru lane,01-Clear,01-Daylight,MIDBLOCK,Thursday,November,0,BELMONT AVE W,2,ROAD,MINOR,10.0,26.0,PAVED,TwoWay,PAVED,2,50,NO ACCESS,N,1913.0,72.1105768262085
BELMONT AVE W,04-At/near private drive,02-Thru lane,01-Clear,01-Daylight,MIDBLOCK,Thursday,November,0,BELMONT AVE W,4,ROAD,MINOR,13.0,26.0,PAVED,TwoWay,PAVED,2,50,24HR,Y,2002.0,548.70359914458
BELMONT AVE W,04-At/near private drive,02-Thru lane,01-Clear,01-Daylight,MIDBLOCK,Thursday,November,0,BELMONT AVE W,4,ROAD,MINOR,15.0,26.0,PAVED,TwoWay,PAVED,2,50,24HR,Y,1999.0,112.613158583696
BELMONT AVE W,04-At/near private drive,02-Thru lane,01-Clear,01-Daylight,MIDBLOCK,Thursday,November,0,BELMONT AVE W,4,ROAD,MINOR,12.0,26.0,PAVED,TwoWay,PAVED,2,50,24HR,Y,1999.0,66.7790115480375
BELMONT AVE W,04-At/near private drive,02-Thru lane,01-Clear,01-Daylight,MIDBLOCK,Thursday,November,0,BELMONT AVE W,4,ROAD,MINOR,12.0,26.0,PAVED,TwoWay,PAVED,2,50,24HR,Y,1999.0,98.208853457703
BELMONT AVE W,04-At/near private drive,02-Thru lane,01-Clear,01-Daylight,MIDBLOCK,Thursday,November,0,BELMONT AVE W,4,ROAD,MINOR,12.0,26.0,PAVED,TwoWay,PAVED,2,50,24HR,Y,1999.0,97.0414993465926
BELMONT AVE W,04-At/near private drive,02-Thru lane,01-Clear,01-Daylight,MIDBLOCK,Thursday,November,0,BELMONT AVE W,2,ROAD,MINOR,9.0,26.0,PAVED,TwoWay,PAVED,2,50,NO ACCESS,N,1913.0,94.17070088014921
BELMONT AVE W,04-At/near private drive,02-Thru lane,01-Clear,01-Daylight,MIDBLOCK,Thursday,November,0,BELMONT AVE W,4,ROAD,MINOR,14.0,26.0,PAVED,TwoWay,PAVED,2,50,24HR,Y,1999.0,91.92629337082492
BELMONT AVE W,04-At/near private drive,02-Thru lane,02-Rain,01-Daylight,MIDBLOCK,Tuesday,November,0,BELMONT AVE W,4,ROAD,MINOR,14.0,26.0,PAVED,TwoWay,PAVED,2,50,24HR,Y,1999.0,117.373540077687
BELMONT AVE W,04-At/near private drive,02-Thru lane,02-Rain,01-Daylight,MIDBLOCK,Tuesday,November,0,BELMONT AVE W,2,ROAD,MINOR,9.0,26.0,PAVED,TwoWay,PAVED,2,50,NO ACCESS,N,1913.0,107.08038475608299
BELMONT AVE W,04-At/near private drive,02-Thru lane,02-Rain,01-Daylight,MIDBLOCK,Tuesday,November,0,BELMONT AVE W,2,ROAD,MINOR,9.0,26.0,PAVED,TwoWay,PAVED,2,50,NO ACCESS,N,1913.0,203.624045781759
BELMONT AVE W,04-At/near private drive,02-Thru lane,02-Rain,01-Daylight,MIDBLOCK,Tuesday,November,0,BELMONT AVE W,4,ROAD,MINOR,13.0,26.0,PAVED,TwoWay,PAVED,2,50,24HR,Y,2002.0,64.9456899428116
BELMONT AVE W,04-At/near private drive,02-Thru lane,02-Rain,01-Daylight,MIDBLOCK,Tuesday,November,0,BELMONT AVE W,4,ROAD,MINOR,12.0,26.0,PAVED,TwoWay,PAVED,2,50,24HR,Y,1999.0,97.27106986976419
BELMONT AVE W,04-At/near private drive,02-Thru lane,02-Rain,01-Daylight,MIDBLOCK,Tuesday,November,0,BELMONT AVE W,4,ROAD,MINOR,12.0,26.0,PAVED,TwoWay,PAVED,2,50,24HR,Y,1999.0,28.9682695118406
BELMONT AVE W,04-At/near private drive,02-Thru lane,02-Rain,01-Daylight,MIDBLOCK,Tuesday,November,0,BELMONT AVE W,4,ROAD,MINOR,13.0,26.0,PAVED,TwoWay,PAVED,2,50,24HR,Y,2002.0,249.557838715083
BELMONT AVE W,04-At/near private drive,02-Thru lane,02-Rain,01-Daylight,MIDBLOCK,Tuesday,November,0,BELMONT AVE W,2,ROAD,MINOR,10.0,26.0,PAVED,TwoWay,PAVED,2,50,NO ACCESS,N,1913.0,72.1105768262085
BELMONT AVE W,04-At/near private drive,02-Thru lane,02-Rain,01-Daylight,MIDBLOCK,Tuesday,November,0,BELMONT AVE W,4,ROAD,MINOR,13.0,26.0,PAVED,TwoWay,PAVED,2,50,24HR,Y,2002.0,548.70359914458
BELMONT AVE W,04-At/near private drive,02-Thru lane,02-Rain,01-Daylight,MIDBLOCK,Tuesday,November,0,BELMONT AVE W,4,ROAD,MINOR,15.0,26.0,PAVED,TwoWay,PAVED,2,50,24HR,Y,1999.0,112.613158583696
BELMONT AVE W,04-At/near private drive,02-Thru lane,02-Rain,01-Daylight,MIDBLOCK,Tuesday,November,0,BELMONT AVE W,4,ROAD,MINOR,12.0,26.0,PAVED,TwoWay,PAVED,2,50,24HR,Y,1999.0,66.7790115480375
BELMONT AVE W,04-At/near private drive,02-Thru lane,02-Rain,01-Daylight,MIDBLOCK,Tuesday,November,0,BELMONT AVE W,4,ROAD,MINOR,12.0,26.0,PAVED,TwoWay,PAVED,2,50,24HR,Y,1999.0,98.208853457703
BELMONT AVE W,04-At/near private drive,02-Thru lane,02-Rain,01-Daylight,MIDBLOCK,Tuesday,November,0,BELMONT AVE W,4,ROAD,MINOR,12.0,26.0,PAVED,TwoWay,PAVED,2,50,24HR,Y,1999.0,97.0414993465926
BELMONT AVE W,04-At/near private drive,02-Thru lane,02-Rain,01-Daylight,MIDBLOCK,Tuesday,November,0,BELMONT AVE W,2,ROAD,MINOR,9.0,26.0,PAVED,TwoWay,PAVED,2,50,NO ACCESS,N,1913.0,94.17070088014921
BELMONT AVE W,04-At/near private drive,02-Thru lane,02-Rain,01-Daylight,MIDBLOCK,Tuesday,November,0,BELMONT AVE W,4,ROAD,MINOR,14.0,26.0,PAVED,TwoWay,PAVED,2,50,24HR,Y,1999.0,91.92629337082492
BELMONT AVE W,01-Non intersection,02-Thru lane,01-Clear,01-Daylight,MIDBLOCK,Saturday,July,1,BELMONT AVE W,4,ROAD,MINOR,14.0,26.0,PAVED,TwoWay,PAVED,2,50,24HR,Y,1999.0,117.373540077687
BELMONT AVE W,01-Non intersection,02-Thru lane,01-Clear,01-Daylight,MIDBLOCK,Saturday,July,1,BELMONT AVE W,2,ROAD,MINOR,9.0,26.0,PAVED,TwoWay,PAVED,2,50,NO ACCESS,N,1913.0,107.08038475608299
BELMONT AVE W,01-Non intersection,02-Thru lane,01-Clear,01-Daylight,MIDBLOCK,Saturday,July,1,BELMONT AVE W,2,ROAD,MINOR,9.0,26.0,PAVED,TwoWay,PAVED,2,50,NO ACCESS,N,1913.0,203.624045781759
BELMONT AVE W,01-Non intersection,02-Thru lane,01-Clear,01-Daylight,MIDBLOCK,Saturday,July,1,BELMONT AVE W,4,ROAD,MINOR,13.0,26.0,PAVED,TwoWay,PAVED,2,50,24HR,Y,2002.0,64.9456899428116
BELMONT AVE W,01-Non intersection,02-Thru lane,01-Clear,01-Daylight,MIDBLOCK,Saturday,July,1,BELMONT AVE W,4,ROAD,MINOR,12.0,26.0,PAVED,TwoWay,PAVED,2,50,24HR,Y,1999.0,97.27106986976419
BELMONT AVE W,01-Non intersection,02-Thru lane,01-Clear,01-Daylight,MIDBLOCK,Saturday,July,1,BELMONT AVE W,4,ROAD,MINOR,12.0,26.0,PAVED,TwoWay,PAVED,2,50,24HR,Y,1999.0,28.9682695118406
BELMONT AVE W,01-Non intersection,02-Thru lane,01-Clear,01-Daylight,MIDBLOCK,Saturday,July,1,BELMONT AVE W,4,ROAD,MINOR,13.0,26.0,PAVED,TwoWay,PAVED,2,50,24HR,Y,2002.0,249.557838715083
BELMONT AVE W,01-Non intersection,02-Thru lane,01-Clear,01-Daylight,MIDBLOCK,Saturday,July,1,BELMONT AVE W,2,ROAD,MINOR,10.0,26.0,PAVED,TwoWay,PAVED,2,50,NO ACCESS,N,1913.0,72.1105768262085
BELMONT AVE W,01-Non intersection,02-Thru lane,01-Clear,01-Daylight,MIDBLOCK,Saturday,July,1,BELMONT AVE W,4,ROAD,MINOR,13.0,26.0,PAVED,TwoWay,PAVED,2,50,24HR,Y,2002.0,548.70359914458
BELMONT AVE W,01-Non intersection,02-Thru lane,01-Clear,01-Daylight,MIDBLOCK,Saturday,July,1,BELMONT AVE W,4,ROAD,MINOR,15.0,26.0,PAVED,TwoWay,PAVED,2,50,24HR,Y,1999.0,112.613158583696
BELMONT AVE W,01-Non intersection,02-Thru lane,01-Clear,01-Daylight,MIDBLOCK,Saturday,July,1,BELMONT AVE W,4,ROAD,MINOR,12.0,26.0,PAVED,TwoWay,PAVED,2,50,24HR,Y,1999.0,66.7790115480375
BELMONT AVE W,01-Non intersection,02-Thru lane,01-Clear,01-Daylight,MIDBLOCK,Saturday,July,1,BELMONT AVE W,4,ROAD,MINOR,12.0,26.0,PAVED,TwoWay,PAVED,2,50,24HR,Y,1999.0,98.208853457703
BELMONT AVE W,01-Non intersection,02-Thru lane,01-Clear,01-Daylight,MIDBLOCK,Saturday,July,1,BELMONT AVE W,4,ROAD,MINOR,12.0,26.0,PAVED,TwoWay,PAVED,2,50,24HR,Y,1999.0,97.0414993465926
BELMONT AVE W,01-Non intersection,02-Thru lane,01-Clear,01-Daylight,MIDBLOCK,Saturday,July,1,BELMONT AVE W,2,ROAD,MINOR,9.0,26.0,PAVED,TwoWay,PAVED,2,50,NO ACCESS,N,1913.0,94.17070088014921
BELMONT AVE W,01-Non intersection,02-Thru lane,01-Clear,01-Daylight,MIDBLOCK,Saturday,July,1,BELMONT AVE W,4,ROAD,MINOR,14.0,26.0,PAVED,TwoWay,PAVED,2,50,24HR,Y,1999.0,91.92629337082492
BELMONT AVE W,04-At/near private drive,02-Thru lane,01-Clear,01-Daylight,MIDBLOCK,Friday,July,0,BELMONT AVE W,4,ROAD,MINOR,14.0,26.0,PAVED,TwoWay,PAVED,2,50,24HR,Y,1999.0,117.373540077687
BELMONT AVE W,04-At/near private drive,02-Thru lane,01-Clear,01-Daylight,MIDBLOCK,Friday,July,0,BELMONT AVE W,2,ROAD,MINOR,9.0,26.0,PAVED,TwoWay,PAVED,2,50,NO ACCESS,N,1913.0,107.08038475608299
BELMONT AVE W,04-At/near private drive,02-Thru lane,01-Clear,01-Daylight,MIDBLOCK,Friday,July,0,BELMONT AVE W,2,ROAD,MINOR,9.0,26.0,PAVED,TwoWay,PAVED,2,50,NO ACCESS,N,1913.0,203.624045781759
BELMONT AVE W,04-At/near private drive,02-Thru lane,01-Clear,01-Daylight,MIDBLOCK,Friday,July,0,BELMONT AVE W,4,ROAD,MINOR,13.0,26.0,PAVED,TwoWay,PAVED,2,50,24HR,Y,2002.0,64.9456899428116
BELMONT AVE W,04-At/near private drive,02-Thru lane,01-Clear,01-Daylight,MIDBLOCK,Friday,July,0,BELMONT AVE W,4,ROAD,MINOR,12.0,26.0,PAVED,TwoWay,PAVED,2,50,24HR,Y,1999.0,97.27106986976419
BELMONT AVE W,04-At/near private drive,02-Thru lane,01-Clear,01-Daylight,MIDBLOCK,Friday,July,0,BELMONT AVE W,4,ROAD,MINOR,12.0,26.0,PAVED,TwoWay,PAVED,2,50,24HR,Y,1999.0,28.9682695118406
BELMONT AVE W,04-At/near private drive,02-Thru lane,01-Clear,01-Daylight,MIDBLOCK,Friday,July,0,BELMONT AVE W,4,ROAD,MINOR,13.0,26.0,PAVED,TwoWay,PAVED,2,50,24HR,Y,2002.0,249.557838715083
BELMONT AVE W,04-At/near private drive,02-Thru lane,01-Clear,01-Daylight,MIDBLOCK,Friday,July,0,BELMONT AVE W,2,ROAD,MINOR,10.0,26.0,PAVED,TwoWay,PAVED,2,50,NO ACCESS,N,1913.0,72.1105768262085
BELMONT AVE W,04-At/near private drive,02-Thru lane,01-Clear,01-Daylight,MIDBLOCK,Friday,July,0,BELMONT AVE W,4,ROAD,MINOR,13.0,26.0,PAVED,TwoWay,PAVED,2,50,24HR,Y,2002.0,548.70359914458
BELMONT AVE W,04-At/near private drive,02-Thru lane,01-Clear,01-Daylight,MIDBLOCK,Friday,July,0,BELMONT AVE W,4,ROAD,MINOR,15.0,26.0,PAVED,TwoWay,PAVED,2,50,24HR,Y,1999.0,112.613158583696
BELMONT AVE W,04-At/near private drive,02-Thru lane,01-Clear,01-Daylight,MIDBLOCK,Friday,July,0,BELMONT AVE W,4,ROAD,MINOR,12.0,26.0,PAVED,TwoWay,PAVED,2,50,24HR,Y,1999.0,66.7790115480375
BELMONT AVE W,04-At/near private drive,02-Thru lane,01-Clear,01-Daylight,MIDBLOCK,Friday,July,0,BELMONT AVE W,4,ROAD,MINOR,12.0,26.0,PAVED,TwoWay,PAVED,2,50,24HR,Y,1999.0,98.208853457703
BELMONT AVE W,04-At/near private drive,02-Thru lane,01-Clear,01-Daylight,MIDBLOCK,Friday,July,0,BELMONT AVE W,4,ROAD,MINOR,12.0,26.0,PAVED,TwoWay,PAVED,2,50,24HR,Y,1999.0,97.0414993465926
BELMONT AVE W,04-At/near private drive,02-Thru lane,01-Clear,01-Daylight,MIDBLOCK,Friday,July,0,BELMONT AVE W,2,ROAD,MINOR,9.0,26.0,PAVED,TwoWay,PAVED,2,50,NO ACCESS,N,1913.0,94.17070088014921
BELMONT AVE W,04-At/near private drive,02-Thru lane,01-Clear,01-Daylight,MIDBLOCK,Friday,July,0,BELMONT AVE W,4,ROAD,MINOR,14.0,26.0,PAVED,TwoWay,PAVED,2,50,24HR,Y,1999.0,91.92629337082492
BELMONT AVE W,04-At/near private drive,02-Thru lane,01-Clear,01-Daylight,MIDBLOCK,Tuesday,January,0,BELMONT AVE W,4,ROAD,MINOR,14.0,26.0,PAVED,TwoWay,PAVED,2,50,24HR,Y,1999.0,117.373540077687
BELMONT AVE W,04-At/near private drive,02-Thru lane,01-Clear,01-Daylight,MIDBLOCK,Tuesday,January,0,BELMONT AVE W,2,ROAD,MINOR,9.0,26.0,PAVED,TwoWay,PAVED,2,50,NO ACCESS,N,1913.0,107.08038475608299
BELMONT AVE W,04-At/near private drive,02-Thru lane,01-Clear,01-Daylight,MIDBLOCK,Tuesday,January,0,BELMONT AVE W,2,ROAD,MINOR,9.0,26.0,PAVED,TwoWay,PAVED,2,50,NO ACCESS,N,1913.0,203.624045781759
BELMONT AVE W,04-At/near private drive,02-Thru lane,01-Clear,01-Daylight,MIDBLOCK,Tuesday,January,0,BELMONT AVE W,4,ROAD,MINOR,13.0,26.0,PAVED,TwoWay,PAVED,2,50,24HR,Y,2002.0,64.9456899428116