LOCATION,ACCIDENT_LOCATION,IMPACT_LOCATION,ENVIRONMENT_CONDITION,LIGHT,COLLISION_TYPE,DAY_OF_WEEK,MONTH,IS_WEEKEND,STREET,LANES,CATEGORY,SUBCATEGORY,PAVEMENT_WIDTH,ROW_WIDTH,SHOULDER,FLOW_DIRECTION,SURFACE_LAYER_TYPE,OFFICIAL_ROAD_CLASSIFICATION,SPEED_LIMIT_KM,TRUCK_ACCESS,BUS_ROUTE,SERVICE_YEAR,Shape__Length
BELMONT AVE W,01-Non intersection,09-Right shoulder,01-Clear,01-Daylight,MIDBLOCK,Monday,December,0,BELMONT AVE W,4,ROAD,MINOR,15.0,26.0,PAVED,TwoWay,PAVED,2,50,24HR,Y,1999.0,112.613158583696
BELMONT AVE W,01-Non intersection,09-Right shoulder,01-Clear,01-Daylight,MIDBLOCK,Monday,December,0,BELMONT AVE W,4,ROAD,MINOR,12.0,26.0,PAVED,TwoWay,PAVED,2,50,24HR,Y,1999.0,66.7790115480375
BELMONT AVE W,01-Non intersection,09-Right shoulder,01-Clear,01-Daylight,MIDBLOCK,Monday,December,0,BELMONT AVE W,4,ROAD,MINOR,12.0,26.0,PAVED,TwoWay,PAVED,2,50,24HR,Y,1999.0,98.208853457703
BELMONT AVE W,01-Non intersection,09-Right shoulder,01-Clear,01-Daylight,MIDBLOCK,Monday,December,0,BELMONT AVE W,4,ROAD,MINOR,12.0,26.0,PAVED,TwoWay,PAVED,2,50,24HR,Y,1999.0,97.0414993465926
BELMONT AVE W,01-Non intersection,09-Right shoulder,01-Clear,01-Daylight,MIDBLOCK,Monday,December,0,BELMONT AVE W,2,ROAD,MINOR,9.0,26.0,PAVED,TwoWay,PAVED,2,50,NO ACCESS,N,1913.0,94.17070088014921
BELMONT AVE W,01-Non intersection,09-Right shoulder,01-Clear,01-Daylight,MIDBLOCK,Monday,December,0,BELMONT AVE W,4,ROAD,MINOR,14.0,26.0,PAVED,TwoWay,PAVED,2,50,24HR,Y,1999.0,91.92629337082492
BELMONT AVE W,01-Non intersection,99-Other,01-Clear,07-Dark,MIDBLOCK,Monday,December,0,BELMONT AVE W,4,ROAD,MINOR,14.0,26.0,PAVED,TwoWay,PAVED,2,50,24HR,Y,1999.0,117.373540077687
BELMONT AVE W,01-Non intersection,99-Other,01-Clear,07-Dark,MIDBLOCK,Monday,December,0,BELMONT AVE W,2,ROAD,MINOR,9.0,26.0,PAVED,TwoWay,PAVED,2,50,NO ACCESS,N,1913.0,107.08038475608299
BELMONT AVE W,01-Non intersection,99-Other,01-Clear,07-Dark,MIDBLOCK,Monday,December,0,BELMONT AVE W,2,ROAD,MINOR,9.0,26.0,PAVED,TwoWay,PAVED,2,50,NO ACCESS,N,1913.0,203.624045781759
BELMONT AVE W,01-Non intersection,99-Other,01-Clear,07-Dark,MIDBLOCK,Monday,December,0,BELMONT AVE W,4,ROAD,MINOR,13.0,26.0,PAVED,TwoWay,PAVED,2,50,24HR,Y,2002.0,64.9456899428116
BELMONT AVE W,01-Non intersection,99-Other,01-Clear,07-Dark,MIDBLOCK,Monday,December,0,BELMONT AVE W,4,ROAD,MINOR,12.0,26.0,PAVED,TwoWay,PAVED,2,50,24HR,Y,1999.0,97.27106986976419
BELMONT AVE W,01-Non intersection,99-Other,01-Clear,07-Dark,MIDBLOCK,Monday,December,0,BELMONT AVE W,4,ROAD,MINOR,12.0,26.0,PAVED,TwoWay,PAVED,2,50,24HR,Y,1999.0,28.9682695118406
BELMONT AVE W,01-Non intersection,99-Other,01-Clear,07-Dark,MIDBLOCK,Monday,December,0,BELMONT AVE W,4,ROAD,MINOR,13.0,26.0,PAVED,TwoWay,PAVED,2,50,24HR,Y,2002.0,249.557838715083
BELMONT AVE W,01-Non intersection,99-Other,01-Clear,07-Dark,MIDBLOCK,Monday,December,0,BELMONT AVE W,2,ROAD,MINOR,10.0,26.0,PAVED,TwoWay,PAVED,2,50,NO ACCESS,N,1913.0,72.1105768262085
BELMONT AVE W,01-Non intersection,99-Other,01-Clear,07-Dark,MIDBLOCK,Monday,December,0,BELMONT AVE W,4,ROAD,MINOR,13.0,26.0,PAVED,TwoWay,PAVED,2,50,24HR,Y,2002.0,548.70359914458
BELMONT AVE W,01-Non intersection,99-Other,01-Clear,07-Dark,MIDBLOCK,Monday,December,0,BELMONT AVE W,4,ROAD,MINOR,15.0,26.0,PAVED,TwoWay,PAVED,2,50,24HR,Y,1999.0,112.613158583696
BELMONT AVE W,01-Non intersection,99-Other,01-Clear,07-Dark,MIDBLOCK,Monday,December,0,BELMONT AVE W,4,ROAD,MINOR,12.0,26.0,PAVED,TwoWay,PAVED,2,50,24HR,Y,1999.0,66.7790115480375
BELMONT AVE W,01-Non intersection,99-Other,01-Clear,07-Dark,MIDBLOCK,Monday,December,0,BELMONT AVE W,4,ROAD,MINOR,12.0,26.0,PAVED,TwoWay,PAVED,2,50,24HR,Y,1999.0,98.208853457703
BELMONT AVE W,01-Non intersection,99-Other,01-Clear,07-Dark,MIDBLOCK,Monday,December,0,BELMONT AVE W,4,ROAD,MINOR,12.0,26.0,PAVED,TwoWay,PAVED,2,50,24HR,Y,1999.0,97.0414993465926
BELMONT AVE W,01-Non intersection,99-Other,01-Clear,07-Dark,MIDBLOCK,Monday,December,0,BELMONT AVE W,2,ROAD,MINOR,9.0,26.0,PAVED,TwoWay,PAVED,2,50,NO ACCESS,N,1913.0,94.17070088014921
BELMONT AVE W,01-Non intersection,99-Other,01-Clear,07-Dark,MIDBLOCK,Monday,December,0,BELMONT AVE W,4,ROAD,MINOR,14.0,26.0,PAVED,TwoWay,PAVED,2,50,24HR,Y,1999.0,91.92629337082492
BELMONT AVE W,01-Non intersection,02-Thru lane,02-Rain,01-Daylight,MIDBLOCK,Wednesday,July,0,BELMONT AVE W,4,ROAD,MINOR,14.0,26.0,PAVED,TwoWay,PAVED,2,50,24HR,Y,1999.0,117.373540077687
BELMONT AVE W,01-Non intersection,02-Thru lane,02-Rain,01-Daylight,MIDBLOCK,Wednesday,July,0,BELMONT AVE W,2,ROAD,MINOR,9.0,26.0,PAVED,TwoWay,PAVED,2,50,NO ACCESS,N,1913.0,107.08038475608299
BELMONT AVE W,01-Non intersection,02-Thru lane,02-Rain,01-Daylight,MIDBLOCK,Wednesday,July,0,BELMONT AVE W,2,ROAD,MINOR,9.0,26.0,PAVED,TwoWay,PAVED,2,50,NO ACCESS,N,1913.0,203.624045781759
BELMONT AVE W,01-Non intersection,02-Thru lane,02-Rain,01-Daylight,MIDBLOCK,Wednesday,July,0,BELMONT AVE W,4,ROAD,MINOR,13.0,26.0,PAVED,TwoWay,PAVED,2,50,24HR,Y,2002.0,64.9456899428116
BELMONT AVE W,01-Non intersection,02-Thru lane,02-Rain,01-Daylight,MIDBLOCK,Wednesday,July,0,BELMONT AVE W,4,ROAD,MINOR,12.0,26.0,PAVED,TwoWay,PAVED,2,50,24HR,Y,1999.0,97.27106986976419
BELMONT AVE W,01-Non intersection,02-Thru lane,02-Rain,01-Daylight,MIDBLOCK,Wednesday,July,0,BELMONT AVE W,4,ROAD,MINOR,12.0,26.0,PAVED,TwoWay,PAVED,2,50,24HR,Y,1999.0,28.9682695118406
BELMONT AVE W,01-Non intersection,02-Thru lane,02-Rain,01-Daylight,MIDBLOCK,Wednesday,July,0,BELMONT AVE W,4,ROAD,MINOR,13.0,26.0,PAVED,TwoWay,PAVED,2,50,24HR,Y,2002.0,249.557838715083
BELMONT AVE W,01-Non intersection,02-Thru lane,02-Rain,01-Daylight,MIDBLOCK,Wednesday,July,0,BELMONT AVE W,2,ROAD,MINOR,10.0,26.0,PAVED,TwoWay,PAVED,2,50,NO ACCESS,N,1913.0,72.1105768262085
BELMONT AVE W,01-Non intersection,02-Thru lane,02-Rain,01-Daylight,MIDBLOCK,Wednesday,July,0,BELMONT AVE W,4,ROAD,MINOR,13.0,26.0,PAVED,TwoWay,PAVED,2,50,24HR,Y,2002.0,548.70359914458
BELMONT AVE W,01-Non intersection,02-Thru lane,02-Rain,01-Daylight,MIDBLOCK,Wednesday,July,0,BELMONT AVE W,4,ROAD,MINOR,15.0,26.0,PAVED,TwoWay,PAVED,2,50,24HR,Y,1999.0,112.613158583696
BELMONT AVE W,01-Non intersection,02-Thru lane,02-Rain,01-Daylight,MIDBLOCK,Wednesday,July,0,BELMONT AVE W,4,ROAD,MINOR,12.0,26.0,PAVED,TwoWay,PAVED,2,50,24HR,Y,1999.0,66.7790115480375
BELMONT AVE W,01-Non intersection,02-Thru lane,02-Rain,01-Daylight,MIDBLOCK,Wednesday,July,0,BELMONT AVE W,4,ROAD,MINOR,12.0,26.0,PAVED,TwoWay,PAVED,2,50,24HR,Y,1999.0,98.208853457703
BELMONT AVE W,01-Non intersection,02-Thru lane,02-Rain,01-Daylight,MIDBLOCK,Wednesday,July,0,BELMONT AVE W,4,ROAD,MINOR,12.0,26.0,PAVED,TwoWay,PAVED,2,50,24HR,Y,1999.0,97.0414993465926
BELMONT AVE W,01-Non intersection,02-Thru lane,02-Rain,01-Daylight,MIDBLOCK,Wednesday,July,0,BELMONT AVE W,2,ROAD,MINOR,9.0,26.0,PAVED,TwoWay,PAVED,2,50,NO ACCESS,N,1913.0,94.17070088014921
BELMONT AVE W,01-Non intersection,02-Thru lane,02-Rain,01-Daylight,MIDBLOCK,Wednesday,July,0,BELMONT AVE W,4,ROAD,MINOR,14.0,26.0,PAVED,TwoWay,PAVED,2,50,24HR,Y,1999.0,91.92629337082492
MICHELLE CRT,04-At/near private drive,09-Right shoulder,01-Clear,07-Dark,MIDBLOCK,Wednesday,December,0,MICHELLE CRT,1,BULB,LOCAL,8.0,40.0,PAVED,FromTo,PAVED,6,50,NO ACCESS,N,1994.0,79.69569406125409
MICHELLE CRT,04-At/near private drive,09-Right shoulder,01-Clear,07-Dark,MIDBLOCK,Wednesday,December,0,MICHELLE CRT,2,ROAD,LOCAL,8.0,16.0,PAVED,TwoWay,PAVED,6,50,NO ACCESS,N,1994.0,64.53919379241421
MICHELLE CRT,01-Non intersection,02-Thru lane,01-Clear,01-Daylight,MIDBLOCK,Saturday,April,1,MICHELLE CRT,1,BULB,LOCAL,8.0,40.0,PAVED,FromTo,PAVED,6,50,NO ACCESS,N,1994.0,79.69569406125409
MICHELLE CRT,01-Non intersection,02-Thru lane,01-Clear,01-Daylight,MIDBLOCK,Saturday,April,1,MICHELLE CRT,2,ROAD,LOCAL,8.0,16.0,PAVED,TwoWay,PAVED,6,50,NO ACCESS,N,1994.0,64.53919379241421
WESTHEIGHTS DR,01-Non intersection,11-Not on roadway - right side,03-Snow,07-Dark,MIDBLOCK,Saturday,January,1,WESTHEIGHTS DR,4,ROAD,MINOR,15.0,26.0,PAVED,TwoWay,PAVED,3,50,NO ACCESS,Y,1975.0,132.884415274823
WESTHEIGHTS DR,01-Non intersection,11-Not on roadway - right side,03-Snow,07-Dark,MIDBLOCK,Saturday,January,1,WESTHEIGHTS DR,4,ROAD,MINOR,14.0,26.0,PAVED,TwoWay,PAVED,3,50,NO ACCESS,Y,1975.0,90.40142369531479
WESTHEIGHTS DR,01-Non intersection,11-Not on roadway - right side,03-Snow,07-Dark,MIDBLOCK,Saturday,January,1,WESTHEIGHTS DR,4,ROAD,MINOR,15.0,26.0,PAVED,TwoWay,PAVED,3,50,NO ACCESS,N,1973.0,55.0100650527958
WESTHEIGHTS DR,01-Non intersection,11-Not on roadway - right side,03-Snow,07-Dark,MIDBLOCK,Saturday,January,1,WESTHEIGHTS DR,4,ROAD,MINOR,15.0,26.0,PAVED,TwoWay,PAVED,3,50,NO ACCESS,Y,1975.0,79.91561320723929
WESTHEIGHTS DR,01-Non intersection,11-Not on roadway - right side,03-Snow,07-Dark,MIDBLOCK,Saturday,January,1,WESTHEIGHTS DR,4,ROAD,MINOR,15.0,26.0,PAVED,TwoWay,PAVED,3,50,NO ACCESS,Y,1973.0,366.006264661923
WESTHEIGHTS DR,01-Non intersection,11-Not on roadway - right side,03-Snow,07-Dark,MIDBLOCK,Saturday,January,1,WESTHEIGHTS DR,4,ROAD,MINOR,15.0,26.0,PAVED,TwoWay,PAVED,3,50,NO ACCESS,N,2000.0,382.862868300907
WESTHEIGHTS DR,01-Non intersection,11-Not on roadway - right side,03-Snow,07-Dark,MIDBLOCK,Saturday,January,1,WESTHEIGHTS DR,4,ROAD,MINOR,15.0,26.0,PAVED,TwoWay,PAVED,3,50,NO ACCESS,N,1973.0,230.674209695793
WESTHEIGHTS DR,01-Non intersection,11-Not on roadway - right side,03-Snow,07-Dark,MIDBLOCK,Saturday,January,1,WESTHEIGHTS DR,4,ROAD,MINOR,15.0,27.0,PAVED,TwoWay,PAVED,3,50,NO ACCESS,Y,1975.0,135.347142876313
WESTHEIGHTS DR,04-At/near private drive,02-Thru lane,01-Clear,01-Daylight,MIDBLOCK,Wednesday,April,0,WESTHEIGHTS DR,4,ROAD,MINOR,15.0,26.0,PAVED,TwoWay,PAVED,3,50,NO ACCESS,Y,1975.0,132.884415274823
WESTHEIGHTS DR,04-At/near private drive,02-Thru lane,01-Clear,01-Daylight,MIDBLOCK,Wednesday,April,0,WESTHEIGHTS DR,4,ROAD,MINOR,14.0,26.0,PAVED,TwoWay,PAVED,3,50,NO ACCESS,Y,1975.0,90.40142369531479
WESTHEIGHTS DR,04-At/near private drive,02-Thru lane,01-Clear,01-Daylight,MIDBLOCK,Wednesday,April,0,WESTHEIGHTS DR,4,ROAD,MINOR,15.0,26.0,PAVED,TwoWay,PAVED,3,50,NO ACCESS,N,1973.0,55.0100650527958
WESTHEIGHTS DR,04-At/near private drive,02-Thru lane,01-Clear,01-Daylight,MIDBLOCK,Wednesday,April,0,WESTHEIGHTS DR,4,ROAD,MINOR,15.0,26.0,PAVED,TwoWay,PAVED,3,50,NO ACCESS,Y,1975.0,79.91561320723929
WESTHEIGHTS DR,04-At/near private drive,02-Thru lane,01-Clear,01-Daylight,MIDBLOCK,Wednesday,April,0,WESTHEIGHTS DR,4,ROAD,MINOR,15.0,26.0,PAVED,TwoWay,PAVED,3,50,NO ACCESS,Y,1973.0,366.006264661923
WESTHEIGHTS DR,04-At/near private drive,02-Thru lane,01-Clear,01-Daylight,MIDBLOCK,Wednesday,April,0,WESTHEIGHTS DR,4,ROAD,MINOR,15.0,26.0,PAVED,TwoWay,PAVED,3,50,NO ACCESS,N,2000.0,382.862868300907
WESTHEIGHTS DR,04-At/near private drive,02-Thru lane,01-Clear,01-Daylight,MIDBLOCK,Wednesday,April,0,WESTHEIGHTS DR,4,ROAD,MINOR,15.0,26.0,PAVED,TwoWay,PAVED,3,50,NO ACCESS,N,1973.0,230.674209695793
WESTHEIGHTS DR,04-At/near private drive,02-Thru lane,01-Clear,01-Daylight,MIDBLOCK,Wednesday,April,0,WESTHEIGHTS DR,4,ROAD,MINOR,15.0,27.0,PAVED,TwoWay,PAVED,3,50,NO ACCESS,Y,1975.0,135.347142876313
WESTHEIGHTS DR,04-At/near private drive,02-Thru lane,01-Clear,01-Daylight,MIDBLOCK,Tuesday,October,0,WESTHEIGHTS DR,4,ROAD,MINOR,15.0,26.0,PAVED,TwoWay,PAVED,3,50,NO ACCESS,Y,1975.0,132.884415274823
WESTHEIGHTS DR,04-At/near private drive,02-Thru lane,01-Clear,01-Daylight,MIDBLOCK,Tuesday,October,0,WESTHEIGHTS DR,4,ROAD,MINOR,14.0,26.0,PAVED,TwoWay,PAVED,3,50,NO ACCESS,Y,1975.0,90.40142369531479
WESTHEIGHTS DR,04-At/near private drive,02-Thru lane,01-Clear,01-Daylight,MIDBLOCK,Tuesday,October,0,WESTHEIGHTS DR,4,ROAD,MINOR,15.0,26.0,PAVED,TwoWay,PAVED,3,50,NO ACCESS,N,1973.0,55.0100650527958
WESTHEIGHTS DR,04-At/near private drive,02-Thru lane,01-Clear,01-Daylight,MIDBLOCK,Tuesday,October,0,WESTHEIGHTS DR,4,ROAD,MINOR,15.0,26.0,PAVED,TwoWay,PAVED,3,50,NO ACCESS,Y,1975.0,79.91561320723929
WESTHEIGHTS DR,04-At/near private drive,02-Thru lane,01-Clear,01-Daylight,MIDBLOCK,Tuesday,October,0,WESTHEIGHTS DR,4,ROAD,MINOR,15.0,26.0,PAVED,TwoWay,PAVED,3,50,NO ACCESS,Y,1973.0,366.006264661923
WESTHEIGHTS DR,04-At/near private drive,02-Thru lane,01-Clear,01-Daylight,MIDBLOCK,Tuesday,October,0,WESTHEIGHTS DR,4,ROAD,MINOR,15.0,26.0,PAVED,TwoWay,PAVED,3,50,NO ACCESS,N,2000.0,382.862868300907
WESTHEIGHTS DR,04-At/near private drive,02-Thru lane,01-Clear,01-Daylight,MIDBLOCK,Tuesday,October,0,WESTHEIGHTS DR,4,ROAD,MINOR,15.0,26.0,PAVED,TwoWay,PAVED,3,50,NO ACCESS,N,1973.0,230.674209695793
WESTHEIGHTS DR,04-At/near private drive,02-Thru lane,01-Clear,01-Daylight,MIDBLOCK,Tuesday,October,0,WESTHEIGHTS DR,4,ROAD,MINOR,15.0,27.0,PAVED,TwoWay,PAVED,3,50,NO ACCESS,Y,1975.0,135.347142876313
WESTHEIGHTS DR,04-At/near private drive,11-Not on roadway - right side,01-Clear,01-Daylight,MIDBLOCK,Saturday,June,1,WESTHEIGHTS DR,4,ROAD,MINOR,15.0,26.0,PAVED,TwoWay,PAVED,3,50,NO ACCESS,Y,1975.0,132.884415274823
WESTHEIGHTS DR,04-At/near private drive,11-Not on roadway - right side,01-Clear,01-Daylight,MIDBLOCK,Saturday,June,1,WESTHEIGHTS DR,4,ROAD,MINOR,14.0,26.0,PAVED,TwoWay,PAVED,3,50,NO ACCESS,Y,1975.0,90.40142369531479
WESTHEIGHTS DR,04-At/near private drive,11-Not on roadway - right side,01-Clear,01-Daylight,MIDBLOCK,Saturday,June,1,WESTHEIGHTS DR,4,ROAD,MINOR,15.0,26.0,PAVED,TwoWay,PAVED,3,50,NO ACCESS,N,1973.0,55.0100650527958
WESTHEIGHTS DR,04-At/near private drive,11-Not on roadway - right side,01-Clear,01-Daylight,MIDBLOCK,Saturday,June,1,WESTHEIGHTS DR,4,ROAD,MINOR,15.0,26.0,PAVED,TwoWay,PAVED,3,50,NO ACCESS,Y,1975.0,79.91561320723929
WESTHEIGHTS DR,04-At/near private drive,11-Not on roadway - right side,01-Clear,01-Daylight,MIDBLOCK,Saturday,June,1,WESTHEIGHTS DR,4,ROAD,MINOR,15.0,26.0,PAVED,TwoWay,PAVED,3,50,NO ACCESS,Y,1973.0,366.006264661923
WESTHEIGHTS DR,04-At/near private drive,11-Not on roadway - right side,01-Clear,01-Daylight,MIDBLOCK,Saturday,June,1,WESTHEIGHTS DR,4,ROAD,MINOR,15.0,26.0,PAVED,TwoWay,PAVED,3,50,NO ACCESS,N,2000.0,382.862868300907
WESTHEIGHTS DR,04-At/near private drive,11-Not on roadway - right side,01-Clear,01-Daylight,MIDBLOCK,Saturday,June,1,WESTHEIGHTS DR,4,ROAD,MINOR,15.0,26.0,PAVED,TwoWay,PAVED,3,50,NO ACCESS,N,1973.0,230.674209695793
WESTHEIGHTS DR,04-At/near private drive,11-Not on roadway - right side,01-Clear,01-Daylight,MIDBLOCK,Saturday,June,1,WESTHEIGHTS DR,4,ROAD,MINOR,15.0,27.0,PAVED,TwoWay,PAVED,3,50,NO ACCESS,Y,1975.0,135.347142876313
WESTHEIGHTS DR,01-Non intersection,02-Thru lane,03-Snow,03-Dawn,MIDBLOCK,Monday,March,0,WESTHEIGHTS DR,4,ROAD,MINOR,15.0,26.0,PAVED,TwoWay,PAVED,3,50,NO ACCESS,Y,1975.0,132.884415274823
WESTHEIGHTS DR,01-Non intersection,02-Thru lane,03-Snow,03-Dawn,MIDBLOCK,Monday,March,0,WESTHEIGHTS DR,4,ROAD,MINOR,14.0,26.0,PAVED,TwoWay,PAVED,3,50,NO ACCESS,Y,1975.0,90.40142369531479
WESTHEIGHTS DR,01-Non intersection,02-Thru lane,03-Snow,03-Dawn,MIDBLOCK,Monday,March,0,WESTHEIGHTS DR,4,ROAD,MINOR,15.0,26.0,PAVED,TwoWay,PAVED,3,50,NO ACCESS,N,1973.0,55.0100650527958
WESTHEIGHTS DR,01-Non intersection,02-Thru lane,03-Snow,03-Dawn,MIDBLOCK,Monday,March,0,WESTHEIGHTS DR,4,ROAD,MINOR,15.0,26.0,PAVED,TwoWay,PAVED,3,50,NO ACCESS,Y,1975.0,79.91561320723929
WESTHEIGHTS DR,01-Non intersection,02-Thru lane,03-Snow,03-Dawn,MIDBLOCK,Monday,March,0,WESTHEIGHTS DR,4,ROAD,MINOR,15.0,26.0,PAVED,TwoWay,PAVED,3,50,NO ACCESS,Y,1973.0,366.006264661923
WESTHEIGHTS DR,01-Non intersection,02-Thru lane,03-Snow,03-Dawn,MIDBLOCK,Monday,March,0,WESTHEIGHTS DR,4,ROAD,MINOR,15.0,26.0,PAVED,TwoWay,PAVED,3,50,NO ACCESS,N,2000.0,382.862868300907
WESTHEIGHTS DR,01-Non intersection,02-Thru lane,03-Snow,03-Dawn,MIDBLOCK,Monday,March,0,WESTHEIGHTS DR,4,ROAD,MINOR,15.0,26.0,PAVED,TwoWay,PAVED,3,50,NO ACCESS,N,1973.0,230.674209695793
WESTHEIGHTS DR,01-Non intersection,02-Thru lane,03-Snow,03-Dawn,MIDBLOCK,Monday,March,0,WESTHEIGHTS DR,4,ROAD,MINOR,15.0,27.0,PAVED,TwoWay,PAVED,3,50,NO ACCESS,Y,1975.0,135.347142876313
WESTHEIGHTS DR,01-Non intersection,02-Thru lane,01-Clear,01-Daylight,MIDBLOCK,Friday,June,0,WESTHEIGHTS DR,4,ROAD,MINOR,15.0,26.0,PAVED,TwoWay,PAVED,3,50,NO ACCESS,Y,1975.0,132.884415274823
WESTHEIGHTS DR,01-Non intersection,02-Thru lane,01-Clear,01-Daylight,MIDBLOCK,Friday,June,0,WESTHEIGHTS DR,4,ROAD,MINOR,14.0,26.0,PAVED,TwoWay,PAVED,3,50,NO ACCESS,Y,1975.0,90.40142369531479
WESTHEIGHTS DR,01-Non intersection,02-Thru lane,01-Clear,01-Daylight,MIDBLOCK,Friday,June,0,WESTHEIGHTS DR,4,ROAD,MINOR,15.0,26.0,PAVED,TwoWay,PAVED,3,50,NO ACCESS,N,1973.0,55.0100650527958
WESTHEIGHTS DR,01-Non intersection,02-Thru lane,01-Clear,01-Daylight,MIDBLOCK,Friday,June,0,WESTHEIGHTS DR,4,ROAD,MINOR,15.0,26.0,PAVED,TwoWay,PAVED,3,50,NO ACCESS,Y,1975.0,79.91561320723929
WESTHEIGHTS DR,01-Non intersection,02-Thru lane,01-Clear,01-Daylight,MIDBLOCK,Friday,June,0,WESTHEIGHTS DR,4,ROAD,MINOR,15.0,26.0,PAVED,TwoWay,PAVED,3,50,NO ACCESS,Y,1973.0,366.006264661923
WESTHEIGHTS DR,01-Non intersection,02-Thru lane,01-Clear,01-Daylight,MIDBLOCK,Friday,June,0,WESTHEIGHTS DR,4,ROAD,MINOR,15.0,26.0,PAVED,TwoWay,PAVED,3,50,NO ACCESS,N,2000.0,382.862868300907
WESTHEIGHTS DR,01-Non intersection,02-Thru lane,01-Clear,01-Daylight,MIDBLOCK,Friday,June,0,WESTHEIGHTS DR,4,ROAD,MINOR,15.0,26.0,PAVED,TwoWay,PAVED,3,50,NO ACCESS,N,1973.0,230.674209695793
WESTHEIGHTS DR,01-Non intersection,02-Thru lane,01-Clear,01-Daylight,MIDBLOCK,Friday,June,0,WESTHEIGHTS DR,4,ROAD,MINOR,15.0,27.0,PAVED,TwoWay,PAVED,3,50,NO ACCESS,Y,1975.0,135.347142876313
WESTHEIGHTS DR,01-Non intersection,02-Thru lane,01-Clear,01-Daylight,MIDBLOCK,Wednesday,January,0,WESTHEIGHTS DR,4,ROAD,MINOR,15.0,26.0,PAVED,TwoWay,PAVED,3,50,NO ACCESS,Y,1975.0,132.884415274823
WESTHEIGHTS DR,01-Non intersection,02-Thru lane,01-Clear,01-Daylight,MIDBLOCK,Wednesday,January,0,WESTHEIGHTS DR,4,ROAD,MINOR,14.0,26.0,PAVED,TwoWay,PAVED,3,50,NO ACCESS,Y,1975.0,90.40142369531479
WESTHEIGHTS DR,01-Non intersection,02-Thru lane,01-Clear,01-Daylight,MIDBLOCK,Wednesday,January,0,WESTHEIGHTS DR,4,ROAD,MINOR,15.0,26.0,PAVED,TwoWay,PAVED,3,50,NO ACCESS,N,1973.0,55.0100650527958
WESTHEIGHTS DR,01-Non intersection,02-Thru lane,01-Clear,01-Daylight,MIDBLOCK,Wednesday,January,0,WESTHEIGHTS DR,4,ROAD,MINOR,15.0,26.0,PAVED,TwoWay,PAVED,3,50,NO ACCESS,Y,1975.0,79.91561320723929
WESTHEIGHTS DR,01-Non intersection,02-Thru lane,01-Clear,01-Daylight,MIDBLOCK,Wednesday,January,0,WESTHEIGHTS DR,4,ROAD,MINOR,15.0,26.0,PAVED,TwoWay,PAVED,3,50,NO ACCESS,Y,1973.0,366.006264661923
WESTHEIGHTS DR,01-Non intersection,02-Thru lane,01-Clear,01-Daylight,MIDBLOCK,Wednesday,January,0,WESTHEIGHTS DR,4,ROAD,MINOR,15.0,26.0,PAVED,TwoWay,PAVED,3,50,NO ACCESS,N,2000.0,382.862868300907
WESTHEIGHTS DR,01-Non intersection,02-Thru lane,01-Clear,01-Daylight,MIDBLOCK,Wednesday,January,0,WESTHEIGHTS DR,4,ROAD,MINOR,15.0,26.0,PAVED,TwoWay,PAVED,3,50,NO ACCESS,N,1973.0,230.674209695793
WESTHEIGHTS DR,01-Non intersection,02-Thru lane,01-Clear,01-Daylight,MIDBLOCK,Wednesday,January,0,WESTHEIGHTS DR,4,ROAD,MINOR,15.0,27.0,PAVED,TwoWay,PAVED,3,50,NO ACCESS,Y,1975.0,135.347142876313
WESTHEIGHTS DR,01-Non intersection,11-Not on roadway - right side,03-Snow,01-Daylight,MIDBLOCK,Sunday,January,1,WESTHEIGHTS DR,4,ROAD,MINOR,15.0,26.0,PAVED,TwoWay,PAVED,3,50,NO ACCESS,Y,1975.0,132.884415274823
WESTHEIGHTS DR,01-Non intersection,11-Not on roadway - right side,03-Snow,01-Daylight,MIDBLOCK,Sunday,January,1,WESTHEIGHTS DR,4,ROAD,MINOR,14.0,26.0,PAVED,TwoWay,PAVED,3,50,NO ACCESS,Y,1975.0,90.40142369531479
WESTHEIGHTS DR,01-Non intersection,11-Not on roadway - right side,03-Snow,01-Daylight,MIDBLOCK,Sunday,January,1,WESTHEIGHTS DR,4,ROAD,MINOR,15.0,26.0,PAVED,TwoWay,PAVED,3,50,NO ACCESS,N,1973.0,55.0100650527958
WESTHEIGHTS DR,01-Non intersection,11-Not on roadway - right side,03-Snow,01-Daylight,MIDBLOCK,Sunday,January,1,WESTHEIGHTS DR,4,ROAD,MINOR,15.0,26.0,PAVED,TwoWay,PAVED,3,50,NO ACCESS,Y,1975.0,79.91561320723929
WESTHEIGHTS DR,01-Non intersection,11-Not on roadway - right side,03-Snow,01-Daylight,MIDBLOCK,Sunday,January,1,WESTHEIGHTS DR,4,ROAD,MINOR,15.0,26.0,PAVED,TwoWay,PAVED,3,50,NO ACCESS,Y,1973.0,366.006264661923
WESTHEIGHTS DR,01-Non intersection,11-Not on roadway - right side,03-Snow,01-Daylight,MIDBLOCK,Sunday,January,1,WESTHEIGHTS DR,4,ROAD,MINOR,15.0,26.0,PAVED,TwoWay,PAVED,3,50,NO ACCESS,N,2000.0,382.862868300907
WESTHEIGHTS DR,01-Non intersection,11-Not on roadway - right side,03-Snow,01-Daylight,MIDBLOCK,Sunday,January,1,WESTHEIGHTS DR,4,ROAD,MINOR,15.0,26.0,PAVED,TwoWay,PAVED,3,50,NO ACCESS,N,1973.0,230.674209695793
WESTHEIGHTS DR,01-Non intersection,11-Not on roadway - right side,03-Snow,01-Daylight,MIDBLOCK,Sunday,January,1,WESTHEIGHTS DR,4,ROAD,MINOR,15.0,27.0,PAVED,TwoWay,PAVED,3,50,NO ACCESS,Y,1975.0,135.347142876313
WESTHEIGHTS DR,04-At/near private drive,02-Thru lane,01-Clear,01-Daylight,MIDBLOCK,Monday,February,0,WESTHEIGHTS DR,4,ROAD,MINOR,15.0,26.0,PAVED,TwoWay,PAVED,3,50,NO ACCESS,Y,1975.0,132.884415274823