LOCATION,ACCIDENT_LOCATION,IMPACT_LOCATION,ENVIRONMENT_CONDITION,LIGHT,COLLISION_TYPE,DAY_OF_WEEK,MONTH,IS_WEEKEND,STREET,LANES,CATEGORY,SUBCATEGORY,PAVEMENT_WIDTH,ROW_WIDTH,SHOULDER,FLOW_DIRECTION,SURFACE_LAYER_TYPE,OFFICIAL_ROAD_CLASSIFICATION,SPEED_LIMIT_KM,TRUCK_ACCESS,BUS_ROUTE,SERVICE_YEAR,Shape__Length
WESTHEIGHTS DR,04-At/near private drive,02-Thru lane,01-Clear,01-Daylight,MIDBLOCK,Monday,February,0,WESTHEIGHTS DR,4,ROAD,MINOR,14.0,26.0,PAVED,TwoWay,PAVED,3,50,NO ACCESS,Y,1975.0,90.40142369531479
WESTHEIGHTS DR,04-At/near private drive,02-Thru lane,01-Clear,01-Daylight,MIDBLOCK,Monday,February,0,WESTHEIGHTS DR,4,ROAD,MINOR,15.0,26.0,PAVED,TwoWay,PAVED,3,50,NO ACCESS,N,1973.0,55.0100650527958
WESTHEIGHTS DR,04-At/near private drive,02-Thru lane,01-Clear,01-Daylight,MIDBLOCK,Monday,February,0,WESTHEIGHTS DR,4,ROAD,MINOR,15.0,26.0,PAVED,TwoWay,PAVED,3,50,NO ACCESS,Y,1975.0,79.91561320723929
WESTHEIGHTS DR,04-At/near private drive,02-Thru lane,01-Clear,01-Daylight,MIDBLOCK,Monday,February,0,WESTHEIGHTS DR,4,ROAD,MINOR,15.0,26.0,PAVED,TwoWay,PAVED,3,50,NO ACCESS,Y,1973.0,366.006264661923
WESTHEIGHTS DR,04-At/near private drive,02-Thru lane,01-Clear,01-Daylight,MIDBLOCK,Monday,February,0,WESTHEIGHTS DR,4,ROAD,MINOR,15.0,26.0,PAVED,TwoWay,PAVED,3,50,NO ACCESS,N,2000.0,382.862868300907
WESTHEIGHTS DR,04-At/near private drive,02-Thru lane,01-Clear,01-Daylight,MIDBLOCK,Monday,February,0,WESTHEIGHTS DR,4,ROAD,MINOR,15.0,26.0,PAVED,TwoWay,PAVED,3,50,NO ACCESS,N,1973.0,230.674209695793
WESTHEIGHTS DR,04-At/near private drive,02-Thru lane,01-Clear,01-Daylight,MIDBLOCK,Monday,February,0,WESTHEIGHTS DR,4,ROAD,MINOR,15.0,27.0,PAVED,TwoWay,PAVED,3,50,NO ACCESS,Y,1975.0,135.347142876313
WESTHEIGHTS DR,01-Non intersection,02-Thru lane,03-Snow,01-Daylight,MIDBLOCK,Sunday,February,1,WESTHEIGHTS DR,4,ROAD,MINOR,15.0,26.0,PAVED,TwoWay,PAVED,3,50,NO ACCESS,Y,1975.0,132.884415274823
WESTHEIGHTS DR,01-Non intersection,02-Thru lane,03-Snow,01-Daylight,MIDBLOCK,Sunday,February,1,WESTHEIGHTS DR,4,ROAD,MINOR,14.0,26.0,PAVED,TwoWay,PAVED,3,50,NO ACCESS,Y,1975.0,90.40142369531479
WESTHEIGHTS DR,01-Non intersection,02-Thru lane,03-Snow,01-Daylight,MIDBLOCK,Sunday,February,1,WESTHEIGHTS DR,4,ROAD,MINOR,15.0,26.0,PAVED,TwoWay,PAVED,3,50,NO ACCESS,N,1973.0,55.0100650527958
WESTHEIGHTS DR,01-Non intersection,02-Thru lane,03-Snow,01-Daylight,MIDBLOCK,Sunday,February,1,WESTHEIGHTS DR,4,ROAD,MINOR,15.0,26.0,PAVED,TwoWay,PAVED,3,50,NO ACCESS,Y,1975.0,79.91561320723929
WESTHEIGHTS DR,01-Non intersection,02-Thru lane,03-Snow,01-Daylight,MIDBLOCK,Sunday,February,1,WESTHEIGHTS DR,4,ROAD,MINOR,15.0,26.0,PAVED,TwoWay,PAVED,3,50,NO ACCESS,Y,1973.0,366.006264661923
WESTHEIGHTS DR,01-Non intersection,02-Thru lane,03-Snow,01-Daylight,MIDBLOCK,Sunday,February,1,WESTHEIGHTS DR,4,ROAD,MINOR,15.0,26.0,PAVED,TwoWay,PAVED,3,50,NO ACCESS,N,2000.0,382.862868300907
WESTHEIGHTS DR,01-Non intersection,02-Thru lane,03-Snow,01-Daylight,MIDBLOCK,Sunday,February,1,WESTHEIGHTS DR,4,ROAD,MINOR,15.0,26.0,PAVED,TwoWay,PAVED,3,50,NO ACCESS,N,1973.0,230.674209695793
WESTHEIGHTS DR,01-Non intersection,02-Thru lane,03-Snow,01-Daylight,MIDBLOCK,Sunday,February,1,WESTHEIGHTS DR,4,ROAD,MINOR,15.0,27.0,PAVED,TwoWay,PAVED,3,50,NO ACCESS,Y,1975.0,135.347142876313
WESTHEIGHTS DR,01-Non intersection,02-Thru lane,03-Snow,01-Daylight,MIDBLOCK,Saturday,February,1,WESTHEIGHTS DR,4,ROAD,MINOR,15.0,26.0,PAVED,TwoWay,PAVED,3,50,NO ACCESS,Y,1975.0,132.884415274823
WESTHEIGHTS DR,01-Non intersection,02-Thru lane,03-Snow,01-Daylight,MIDBLOCK,Saturday,February,1,WESTHEIGHTS DR,4,ROAD,MINOR,14.0,26.0,PAVED,TwoWay,PAVED,3,50,NO ACCESS,Y,1975.0,90.40142369531479
WESTHEIGHTS DR,01-Non intersection,02-Thru lane,03-Snow,01-Daylight,MIDBLOCK,Saturday,February,1,WESTHEIGHTS DR,4,ROAD,MINOR,15.0,26.0,PAVED,TwoWay,PAVED,3,50,NO ACCESS,N,1973.0,55.0100650527958
WESTHEIGHTS DR,01-Non intersection,02-Thru lane,03-Snow,01-Daylight,MIDBLOCK,Saturday,February,1,WESTHEIGHTS DR,4,ROAD,MINOR,15.0,26.0,PAVED,TwoWay,PAVED,3,50,NO ACCESS,Y,1975.0,79.91561320723929
WESTHEIGHTS DR,01-Non intersection,02-Thru lane,03-Snow,01-Daylight,MIDBLOCK,Saturday,February,1,WESTHEIGHTS DR,4,ROAD,MINOR,15.0,26.0,PAVED,TwoWay,PAVED,3,50,NO ACCESS,Y,1973.0,366.006264661923
WESTHEIGHTS DR,01-Non intersection,02-Thru lane,03-Snow,01-Daylight,MIDBLOCK,Saturday,February,1,WESTHEIGHTS DR,4,ROAD,MINOR,15.0,26.0,PAVED,TwoWay,PAVED,3,50,NO ACCESS,N,2000.0,382.862868300907
WESTHEIGHTS DR,01-Non intersection,02-Thru lane,03-Snow,01-Daylight,MIDBLOCK,Saturday,February,1,WESTHEIGHTS DR,4,ROAD,MINOR,15.0,26.0,PAVED,TwoWay,PAVED,3,50,NO ACCESS,N,1973.0,230.674209695793
WESTHEIGHTS DR,01-Non intersection,02-Thru lane,03-Snow,01-Daylight,MIDBLOCK,Saturday,February,1,WESTHEIGHTS DR,4,ROAD,MINOR,15.0,27.0,PAVED,TwoWay,PAVED,3,50,NO ACCESS,Y,1975.0,135.347142876313
WESTHEIGHTS DR,04-At/near private drive,02-Thru lane,03-Snow,07-Dark,MIDBLOCK,Tuesday,March,0,WESTHEIGHTS DR,4,ROAD,MINOR,15.0,26.0,PAVED,TwoWay,PAVED,3,50,NO ACCESS,Y,1975.0,132.884415274823
WESTHEIGHTS DR,04-At/near private drive,02-Thru lane,03-Snow,07-Dark,MIDBLOCK,Tuesday,March,0,WESTHEIGHTS DR,4,ROAD,MINOR,14.0,26.0,PAVED,TwoWay,PAVED,3,50,NO ACCESS,Y,1975.0,90.40142369531479
WESTHEIGHTS DR,04-At/near private drive,02-Thru lane,03-Snow,07-Dark,MIDBLOCK,Tuesday,March,0,WESTHEIGHTS DR,4,ROAD,MINOR,15.0,26.0,PAVED,TwoWay,PAVED,3,50,NO ACCESS,N,1973.0,55.0100650527958
WESTHEIGHTS DR,04-At/near private drive,02-Thru lane,03-Snow,07-Dark,MIDBLOCK,Tuesday,March,0,WESTHEIGHTS DR,4,ROAD,MINOR,15.0,26.0,PAVED,TwoWay,PAVED,3,50,NO ACCESS,Y,1975.0,79.91561320723929
WESTHEIGHTS DR,04-At/near private drive,02-Thru lane,03-Snow,07-Dark,MIDBLOCK,Tuesday,March,0,WESTHEIGHTS DR,4,ROAD,MINOR,15.0,26.0,PAVED,TwoWay,PAVED,3,50,NO ACCESS,Y,1973.0,366.006264661923
WESTHEIGHTS DR,04-At/near private drive,02-Thru lane,03-Snow,07-Dark,MIDBLOCK,Tuesday,March,0,WESTHEIGHTS DR,4,ROAD,MINOR,15.0,26.0,PAVED,TwoWay,PAVED,3,50,NO ACCESS,N,2000.0,382.862868300907
WESTHEIGHTS DR,04-At/near private drive,02-Thru lane,03-Snow,07-Dark,MIDBLOCK,Tuesday,March,0,WESTHEIGHTS DR,4,ROAD,MINOR,15.0,26.0,PAVED,TwoWay,PAVED,3,50,NO ACCESS,N,1973.0,230.674209695793
WESTHEIGHTS DR,04-At/near private drive,02-Thru lane,03-Snow,07-Dark,MIDBLOCK,Tuesday,March,0,WESTHEIGHTS DR,4,ROAD,MINOR,15.0,27.0,PAVED,TwoWay,PAVED,3,50,NO ACCESS,Y,1975.0,135.347142876313
WESTHEIGHTS DR,04-At/near private drive,02-Thru lane,03-Snow,"08-Dark, artificial",MIDBLOCK,Tuesday,March,0,WESTHEIGHTS DR,4,ROAD,MINOR,15.0,26.0,PAVED,TwoWay,PAVED,3,50,NO ACCESS,Y,1975.0,132.884415274823
WESTHEIGHTS DR,04-At/near private drive,02-Thru lane,03-Snow,"08-Dark, artificial",MIDBLOCK,Tuesday,March,0,WESTHEIGHTS DR,4,ROAD,MINOR,14.0,26.0,PAVED,TwoWay,PAVED,3,50,NO ACCESS,Y,1975.0,90.40142369531479
WESTHEIGHTS DR,04-At/near private drive,02-Thru lane,03-Snow,"08-Dark, artificial",MIDBLOCK,Tuesday,March,0,WESTHEIGHTS DR,4,ROAD,MINOR,15.0,26.0,PAVED,TwoWay,PAVED,3,50,NO ACCESS,N,1973.0,55.0100650527958
WESTHEIGHTS DR,04-At/near private drive,02-Thru lane,03-Snow,"08-Dark, artificial",MIDBLOCK,Tuesday,March,0,WESTHEIGHTS DR,4,ROAD,MINOR,15.0,26.0,PAVED,TwoWay,PAVED,3,50,NO ACCESS,Y,1975.0,79.91561320723929
WESTHEIGHTS DR,04-At/near private drive,02-Thru lane,03-Snow,"08-Dark, artificial",MIDBLOCK,Tuesday,March,0,WESTHEIGHTS DR,4,ROAD,MINOR,15.0,26.0,PAVED,TwoWay,PAVED,3,50,NO ACCESS,Y,1973.0,366.006264661923
WESTHEIGHTS DR,04-At/near private drive,02-Thru lane,03-Snow,"08-Dark, artificial",MIDBLOCK,Tuesday,March,0,WESTHEIGHTS DR,4,ROAD,MINOR,15.0,26.0,PAVED,TwoWay,PAVED,3,50,NO ACCESS,N,2000.0,382.862868300907
WESTHEIGHTS DR,04-At/near private drive,02-Thru lane,03-Snow,"08-Dark, artificial",MIDBLOCK,Tuesday,March,0,WESTHEIGHTS DR,4,ROAD,MINOR,15.0,26.0,PAVED,TwoWay,PAVED,3,50,NO ACCESS,N,1973.0,230.674209695793
WESTHEIGHTS DR,04-At/near private drive,02-Thru lane,03-Snow,"08-Dark, artificial",MIDBLOCK,Tuesday,March,0,WESTHEIGHTS DR,4,ROAD,MINOR,15.0,27.0,PAVED,TwoWay,PAVED,3,50,NO ACCESS,Y,1975.0,135.347142876313
WESTHEIGHTS DR,02-Intersection related,02-Thru lane,01-Clear,01-Daylight,MIDBLOCK,Thursday,August,0,WESTHEIGHTS DR,4,ROAD,MINOR,15.0,26.0,PAVED,TwoWay,PAVED,3,50,NO ACCESS,Y,1975.0,132.884415274823
WESTHEIGHTS DR,02-Intersection related,02-Thru lane,01-Clear,01-Daylight,MIDBLOCK,Thursday,August,0,WESTHEIGHTS DR,4,ROAD,MINOR,14.0,26.0,PAVED,TwoWay,PAVED,3,50,NO ACCESS,Y,1975.0,90.40142369531479
WESTHEIGHTS DR,02-Intersection related,02-Thru lane,01-Clear,01-Daylight,MIDBLOCK,Thursday,August,0,WESTHEIGHTS DR,4,ROAD,MINOR,15.0,26.0,PAVED,TwoWay,PAVED,3,50,NO ACCESS,N,1973.0,55.0100650527958
WESTHEIGHTS DR,02-Intersection related,02-Thru lane,01-Clear,01-Daylight,MIDBLOCK,Thursday,August,0,WESTHEIGHTS DR,4,ROAD,MINOR,15.0,26.0,PAVED,TwoWay,PAVED,3,50,NO ACCESS,Y,1975.0,79.91561320723929
WESTHEIGHTS DR,02-Intersection related,02-Thru lane,01-Clear,01-Daylight,MIDBLOCK,Thursday,August,0,WESTHEIGHTS DR,4,ROAD,MINOR,15.0,26.0,PAVED,TwoWay,PAVED,3,50,NO ACCESS,Y,1973.0,366.006264661923
WESTHEIGHTS DR,02-Intersection related,02-Thru lane,01-Clear,01-Daylight,MIDBLOCK,Thursday,August,0,WESTHEIGHTS DR,4,ROAD,MINOR,15.0,26.0,PAVED,TwoWay,PAVED,3,50,NO ACCESS,N,2000.0,382.862868300907
WESTHEIGHTS DR,02-Intersection related,02-Thru lane,01-Clear,01-Daylight,MIDBLOCK,Thursday,August,0,WESTHEIGHTS DR,4,ROAD,MINOR,15.0,26.0,PAVED,TwoWay,PAVED,3,50,NO ACCESS,N,1973.0,230.674209695793
WESTHEIGHTS DR,02-Intersection related,02-Thru lane,01-Clear,01-Daylight,MIDBLOCK,Thursday,August,0,WESTHEIGHTS DR,4,ROAD,MINOR,15.0,27.0,PAVED,TwoWay,PAVED,3,50,NO ACCESS,Y,1975.0,135.347142876313
WESTHEIGHTS DR,01-Non intersection,02-Thru lane,01-Clear,01-Daylight,MIDBLOCK,Friday,March,0,WESTHEIGHTS DR,4,ROAD,MINOR,15.0,26.0,PAVED,TwoWay,PAVED,3,50,NO ACCESS,Y,1975.0,132.884415274823
WESTHEIGHTS DR,01-Non intersection,02-Thru lane,01-Clear,01-Daylight,MIDBLOCK,Friday,March,0,WESTHEIGHTS DR,4,ROAD,MINOR,14.0,26.0,PAVED,TwoWay,PAVED,3,50,NO ACCESS,Y,1975.0,90.40142369531479
WESTHEIGHTS DR,01-Non intersection,02-Thru lane,01-Clear,01-Daylight,MIDBLOCK,Friday,March,0,WESTHEIGHTS DR,4,ROAD,MINOR,15.0,26.0,PAVED,TwoWay,PAVED,3,50,NO ACCESS,N,1973.0,55.0100650527958
WESTHEIGHTS DR,01-Non intersection,02-Thru lane,01-Clear,01-Daylight,MIDBLOCK,Friday,March,0,WESTHEIGHTS DR,4,ROAD,MINOR,15.0,26.0,PAVED,TwoWay,PAVED,3,50,NO ACCESS,Y,1975.0,79.91561320723929
WESTHEIGHTS DR,01-Non intersection,02-Thru lane,01-Clear,01-Daylight,MIDBLOCK,Friday,March,0,WESTHEIGHTS DR,4,ROAD,MINOR,15.0,26.0,PAVED,TwoWay,PAVED,3,50,NO ACCESS,Y,1973.0,366.006264661923
WESTHEIGHTS DR,01-Non intersection,02-Thru lane,01-Clear,01-Daylight,MIDBLOCK,Friday,March,0,WESTHEIGHTS DR,4,ROAD,MINOR,15.0,26.0,PAVED,TwoWay,PAVED,3,50,NO ACCESS,N,2000.0,382.862868300907
WESTHEIGHTS DR,01-Non intersection,02-Thru lane,01-Clear,01-Daylight,MIDBLOCK,Friday,March,0,WESTHEIGHTS DR,4,ROAD,MINOR,15.0,26.0,PAVED,TwoWay,PAVED,3,50,NO ACCESS,N,1973.0,230.674209695793
WESTHEIGHTS DR,01-Non intersection,02-Thru lane,01-Clear,01-Daylight,MIDBLOCK,Friday,March,0,WESTHEIGHTS DR,4,ROAD,MINOR,15.0,27.0,PAVED,TwoWay,PAVED,3,50,NO ACCESS,Y,1975.0,135.347142876313
WESTHEIGHTS DR,04-At/near private drive,02-Thru lane,01-Clear,01-Daylight,MIDBLOCK,Friday,September,0,WESTHEIGHTS DR,4,ROAD,MINOR,15.0,26.0,PAVED,TwoWay,PAVED,3,50,NO ACCESS,Y,1975.0,132.884415274823
WESTHEIGHTS DR,04-At/near private drive,02-Thru lane,01-Clear,01-Daylight,MIDBLOCK,Friday,September,0,WESTHEIGHTS DR,4,ROAD,MINOR,14.0,26.0,PAVED,TwoWay,PAVED,3,50,NO ACCESS,Y,1975.0,90.40142369531479
WESTHEIGHTS DR,04-At/near private drive,02-Thru lane,01-Clear,01-Daylight,MIDBLOCK,Friday,September,0,WESTHEIGHTS DR,4,ROAD,MINOR,15.0,26.0,PAVED,TwoWay,PAVED,3,50,NO ACCESS,N,1973.0,55.0100650527958
WESTHEIGHTS DR,04-At/near private drive,02-Thru lane,01-Clear,01-Daylight,MIDBLOCK,Friday,September,0,WESTHEIGHTS DR,4,ROAD,MINOR,15.0,26.0,PAVED,TwoWay,PAVED,3,50,NO ACCESS,Y,1975.0,79.91561320723929
WESTHEIGHTS DR,04-At/near private drive,02-Thru lane,01-Clear,01-Daylight,MIDBLOCK,Friday,September,0,WESTHEIGHTS DR,4,ROAD,MINOR,15.0,26.0,PAVED,TwoWay,PAVED,3,50,NO ACCESS,Y,1973.0,366.006264661923
WESTHEIGHTS DR,04-At/near private drive,02-Thru lane,01-Clear,01-Daylight,MIDBLOCK,Friday,September,0,WESTHEIGHTS DR,4,ROAD,MINOR,15.0,26.0,PAVED,TwoWay,PAVED,3,50,NO ACCESS,N,2000.0,382.862868300907
WESTHEIGHTS DR,04-At/near private drive,02-Thru lane,01-Clear,01-Daylight,MIDBLOCK,Friday,September,0,WESTHEIGHTS DR,4,ROAD,MINOR,15.0,26.0,PAVED,TwoWay,PAVED,3,50,NO ACCESS,N,1973.0,230.674209695793
WESTHEIGHTS DR,04-At/near private drive,02-Thru lane,01-Clear,01-Daylight,MIDBLOCK,Friday,September,0,WESTHEIGHTS DR,4,ROAD,MINOR,15.0,27.0,PAVED,TwoWay,PAVED,3,50,NO ACCESS,Y,1975.0,135.347142876313
WESTHEIGHTS DR,04-At/near private drive,11-Not on roadway - right side,02-Rain,"08-Dark, artificial",MIDBLOCK,Friday,November,0,WESTHEIGHTS DR,4,ROAD,MINOR,15.0,26.0,PAVED,TwoWay,PAVED,3,50,NO ACCESS,Y,1975.0,132.884415274823
WESTHEIGHTS DR,04-At/near private drive,11-Not on roadway - right side,02-Rain,"08-Dark, artificial",MIDBLOCK,Friday,November,0,WESTHEIGHTS DR,4,ROAD,MINOR,14.0,26.0,PAVED,TwoWay,PAVED,3,50,NO ACCESS,Y,1975.0,90.40142369531479
WESTHEIGHTS DR,04-At/near private drive,11-Not on roadway - right side,02-Rain,"08-Dark, artificial",MIDBLOCK,Friday,November,0,WESTHEIGHTS DR,4,ROAD,MINOR,15.0,26.0,PAVED,TwoWay,PAVED,3,50,NO ACCESS,N,1973.0,55.0100650527958
WESTHEIGHTS DR,04-At/near private drive,11-Not on roadway - right side,02-Rain,"08-Dark, artificial",MIDBLOCK,Friday,November,0,WESTHEIGHTS DR,4,ROAD,MINOR,15.0,26.0,PAVED,TwoWay,PAVED,3,50,NO ACCESS,Y,1975.0,79.91561320723929
WESTHEIGHTS DR,04-At/near private drive,11-Not on roadway - right side,02-Rain,"08-Dark, artificial",MIDBLOCK,Friday,November,0,WESTHEIGHTS DR,4,ROAD,MINOR,15.0,26.0,PAVED,TwoWay,PAVED,3,50,NO ACCESS,Y,1973.0,366.006264661923
WESTHEIGHTS DR,04-At/near private drive,11-Not on roadway - right side,02-Rain,"08-Dark, artificial",MIDBLOCK,Friday,November,0,WESTHEIGHTS DR,4,ROAD,MINOR,15.0,26.0,PAVED,TwoWay,PAVED,3,50,NO ACCESS,N,2000.0,382.862868300907
WESTHEIGHTS DR,04-At/near private drive,11-Not on roadway - right side,02-Rain,"08-Dark, artificial",MIDBLOCK,Friday,November,0,WESTHEIGHTS DR,4,ROAD,MINOR,15.0,26.0,PAVED,TwoWay,PAVED,3,50,NO ACCESS,N,1973.0,230.674209695793
WESTHEIGHTS DR,04-At/near private drive,11-Not on roadway - right side,02-Rain,"08-Dark, artificial",MIDBLOCK,Friday,November,0,WESTHEIGHTS DR,4,ROAD,MINOR,15.0,27.0,PAVED,TwoWay,PAVED,3,50,NO ACCESS,Y,1975.0,135.347142876313
WESTHEIGHTS DR,04-At/near private drive,09-Right shoulder,02-Rain,"08-Dark, artificial",MIDBLOCK,Sunday,September,1,WESTHEIGHTS DR,4,ROAD,MINOR,15.0,26.0,PAVED,TwoWay,PAVED,3,50,NO ACCESS,Y,1975.0,132.884415274823
WESTHEIGHTS DR,04-At/near private drive,09-Right shoulder,02-Rain,"08-Dark, artificial",MIDBLOCK,Sunday,September,1,WESTHEIGHTS DR,4,ROAD,MINOR,14.0,26.0,PAVED,TwoWay,PAVED,3,50,NO ACCESS,Y,1975.0,90.40142369531479
WESTHEIGHTS DR,04-At/near private drive,09-Right shoulder,02-Rain,"08-Dark, artificial",MIDBLOCK,Sunday,September,1,WESTHEIGHTS DR,4,ROAD,MINOR,15.0,26.0,PAVED,TwoWay,PAVED,3,50,NO ACCESS,N,1973.0,55.0100650527958
WESTHEIGHTS DR,04-At/near private drive,09-Right shoulder,02-Rain,"08-Dark, artificial",MIDBLOCK,Sunday,September,1,WESTHEIGHTS DR,4,ROAD,MINOR,15.0,26.0,PAVED,TwoWay,PAVED,3,50,NO ACCESS,Y,1975.0,79.91561320723929
WESTHEIGHTS DR,04-At/near private drive,09-Right shoulder,02-Rain,"08-Dark, artificial",MIDBLOCK,Sunday,September,1,WESTHEIGHTS DR,4,ROAD,MINOR,15.0,26.0,PAVED,TwoWay,PAVED,3,50,NO ACCESS,Y,1973.0,366.006264661923
WESTHEIGHTS DR,04-At/near private drive,09-Right shoulder,02-Rain,"08-Dark, artificial",MIDBLOCK,Sunday,September,1,WESTHEIGHTS DR,4,ROAD,MINOR,15.0,26.0,PAVED,TwoWay,PAVED,3,50,NO ACCESS,N,2000.0,382.862868300907
WESTHEIGHTS DR,04-At/near private drive,09-Right shoulder,02-Rain,"08-Dark, artificial",MIDBLOCK,Sunday,September,1,WESTHEIGHTS DR,4,ROAD,MINOR,15.0,26.0,PAVED,TwoWay,PAVED,3,50,NO ACCESS,N,1973.0,230.674209695793
WESTHEIGHTS DR,04-At/near private drive,09-Right shoulder,02-Rain,"08-Dark, artificial",MIDBLOCK,Sunday,September,1,WESTHEIGHTS DR,4,ROAD,MINOR,15.0,27.0,PAVED,TwoWay,PAVED,3,50,NO ACCESS,Y,1975.0,135.347142876313
WESTHEIGHTS DR,04-At/near private drive,02-Thru lane,01-Clear,01-Daylight,MIDBLOCK,Wednesday,July,0,WESTHEIGHTS DR,4,ROAD,MINOR,15.0,26.0,PAVED,TwoWay,PAVED,3,50,NO ACCESS,Y,1975.0,132.884415274823
WESTHEIGHTS DR,04-At/near private drive,02-Thru lane,01-Clear,01-Daylight,MIDBLOCK,Wednesday,July,0,WESTHEIGHTS DR,4,ROAD,MINOR,14.0,26.0,PAVED,TwoWay,PAVED,3,50,NO ACCESS,Y,1975.0,90.40142369531479
WESTHEIGHTS DR,04-At/near private drive,02-Thru lane,01-Clear,01-Daylight,MIDBLOCK,Wednesday,July,0,WESTHEIGHTS DR,4,ROAD,MINOR,15.0,26.0,PAVED,TwoWay,PAVED,3,50,NO ACCESS,N,1973.0,55.0100650527958
WESTHEIGHTS DR,04-At/near private drive,02-Thru lane,01-Clear,01-Daylight,MIDBLOCK,Wednesday,July,0,WESTHEIGHTS DR,4,ROAD,MINOR,15.0,26.0,PAVED,TwoWay,PAVED,3,50,NO ACCESS,Y,1975.0,79.91561320723929
WESTHEIGHTS DR,04-At/near private drive,02-Thru lane,01-Clear,01-Daylight,MIDBLOCK,Wednesday,July,0,WESTHEIGHTS DR,4,ROAD,MINOR,15.0,26.0,PAVED,TwoWay,PAVED,3,50,NO ACCESS,Y,1973.0,366.006264661923
WESTHEIGHTS DR,04-At/near private drive,02-Thru lane,01-Clear,01-Daylight,MIDBLOCK,Wednesday,July,0,WESTHEIGHTS DR,4,ROAD,MINOR,15.0,26.0,PAVED,TwoWay,PAVED,3,50,NO ACCESS,N,2000.0,382.862868300907
WESTHEIGHTS DR,04-At/near private drive,02-Thru lane,01-Clear,01-Daylight,MIDBLOCK,Wednesday,July,0,WESTHEIGHTS DR,4,ROAD,MINOR,15.0,26.0,PAVED,TwoWay,PAVED,3,50,NO ACCESS,N,1973.0,230.674209695793
WESTHEIGHTS DR,04-At/near private drive,02-Thru lane,01-Clear,01-Daylight,MIDBLOCK,Wednesday,July,0,WESTHEIGHTS DR,4,ROAD,MINOR,15.0,27.0,PAVED,TwoWay,PAVED,3,50,NO ACCESS,Y,1975.0,135.347142876313
WESTHEIGHTS DR,01-Non intersection,02-Thru lane,01-Clear,01-Daylight,MIDBLOCK,Friday,February,0,WESTHEIGHTS DR,4,ROAD,MINOR,15.0,26.0,PAVED,TwoWay,PAVED,3,50,NO ACCESS,Y,1975.0,132.884415274823
WESTHEIGHTS DR,01-Non intersection,02-Thru lane,01-Clear,01-Daylight,MIDBLOCK,Friday,February,0,WESTHEIGHTS DR,4,ROAD,MINOR,14.0,26.0,PAVED,TwoWay,PAVED,3,50,NO ACCESS,Y,1975.0,90.40142369531479
WESTHEIGHTS DR,01-Non intersection,02-Thru lane,01-Clear,01-Daylight,MIDBLOCK,Friday,February,0,WESTHEIGHTS DR,4,ROAD,MINOR,15.0,26.0,PAVED,TwoWay,PAVED,3,50,NO ACCESS,N,1973.0,55.0100650527958
WESTHEIGHTS DR,01-Non intersection,02-Thru lane,01-Clear,01-Daylight,MIDBLOCK,Friday,February,0,WESTHEIGHTS DR,4,ROAD,MINOR,15.0,26.0,PAVED,TwoWay,PAVED,3,50,NO ACCESS,Y,1975.0,79.91561320723929
WESTHEIGHTS DR,01-Non intersection,02-Thru lane,01-Clear,01-Daylight,MIDBLOCK,Friday,February,0,WESTHEIGHTS DR,4,ROAD,MINOR,15.0,26.0,PAVED,TwoWay,PAVED,3,50,NO ACCESS,Y,1973.0,366.006264661923
WESTHEIGHTS DR,01-Non intersection,02-Thru lane,01-Clear,01-Daylight,MIDBLOCK,Friday,February,0,WESTHEIGHTS DR,4,ROAD,MINOR,15.0,26.0,PAVED,TwoWay,PAVED,3,50,NO ACCESS,N,2000.0,382.862868300907
WESTHEIGHTS DR,01-Non intersection,02-Thru lane,01-Clear,01-Daylight,MIDBLOCK,Friday,February,0,WESTHEIGHTS DR,4,ROAD,MINOR,15.0,26.0,PAVED,TwoWay,PAVED,3,50,NO ACCESS,N,1973.0,230.674209695793
WESTHEIGHTS DR,01-Non intersection,02-Thru lane,01-Clear,01-Daylight,MIDBLOCK,Friday,February,0,WESTHEIGHTS DR,4,ROAD,MINOR,15.0,27.0,PAVED,TwoWay,PAVED,3,50,NO ACCESS,Y,1975.0,135.347142876313
WESTHEIGHTS DR,01-Non intersection,02-Thru lane,01-Clear,01-Daylight,MIDBLOCK,Wednesday,April,0,WESTHEIGHTS DR,4,ROAD,MINOR,15.0,26.0,PAVED,TwoWay,PAVED,3,50,NO ACCESS,Y,1975.0,132.884415274823
WESTHEIGHTS DR,01-Non intersection,02-Thru lane,01-Clear,01-Daylight,MIDBLOCK,Wednesday,April,0,WESTHEIGHTS DR,4,ROAD,MINOR,14.0,26.0,PAVED,TwoWay,PAVED,3,50,NO ACCESS,Y,1975.0,90.40142369531479
WESTHEIGHTS DR,01-Non intersection,02-Thru lane,01-Clear,01-Daylight,MIDBLOCK,Wednesday,April,0,WESTHEIGHTS DR,4,ROAD,MINOR,15.0,26.0,PAVED,TwoWay,PAVED,3,50,NO ACCESS,N,1973.0,55.0100650527958
WESTHEIGHTS DR,01-Non intersection,02-Thru lane,01-Clear,01-Daylight,MIDBLOCK,Wednesday,April,0,WESTHEIGHTS DR,4,ROAD,MINOR,15.0,26.0,PAVED,TwoWay,PAVED,3,50,NO ACCESS,Y,1975.0,79.91561320723929
WESTHEIGHTS DR,01-Non intersection,02-Thru lane,01-Clear,01-Daylight,MIDBLOCK,Wednesday,April,0,WESTHEIGHTS DR,4,ROAD,MINOR,15.0,26.0,PAVED,TwoWay,PAVED,3,50,NO ACCESS,Y,1973.0,366.006264661923
WESTHEIGHTS DR,01-Non intersection,02-Thru lane,01-Clear,01-Daylight,MIDBLOCK,Wednesday,April,0,WESTHEIGHTS DR,4,ROAD,MINOR,15.0,26.0,PAVED,TwoWay,PAVED,3,50,NO ACCESS,N,2000.0,382.862868300907