LOCATION,ACCIDENT_LOCATION,IMPACT_LOCATION,ENVIRONMENT_CONDITION,LIGHT,COLLISION_TYPE,DAY_OF_WEEK,MONTH,IS_WEEKEND,STREET,LANES,CATEGORY,SUBCATEGORY,PAVEMENT_WIDTH,ROW_WIDTH,SHOULDER,FLOW_DIRECTION,SURFACE_LAYER_TYPE,OFFICIAL_ROAD_CLASSIFICATION,SPEED_LIMIT_KM,TRUCK_ACCESS,BUS_ROUTE,SERVICE_YEAR,Shape__Length
WESTHEIGHTS DR,01-Non intersection,02-Thru lane,01-Clear,01-Daylight,MIDBLOCK,Wednesday,April,0,WESTHEIGHTS DR,4,ROAD,MINOR,15.0,26.0,PAVED,TwoWay,PAVED,3,50,NO ACCESS,N,1973.0,230.674209695793
WESTHEIGHTS DR,01-Non intersection,02-Thru lane,01-Clear,01-Daylight,MIDBLOCK,Wednesday,April,0,WESTHEIGHTS DR,4,ROAD,MINOR,15.0,27.0,PAVED,TwoWay,PAVED,3,50,NO ACCESS,Y,1975.0,135.347142876313
WESTHEIGHTS DR,01-Non intersection,02-Thru lane,01-Clear,01-Daylight,MIDBLOCK,Thursday,May,0,WESTHEIGHTS DR,4,ROAD,MINOR,15.0,26.0,PAVED,TwoWay,PAVED,3,50,NO ACCESS,Y,1975.0,132.884415274823
WESTHEIGHTS DR,01-Non intersection,02-Thru lane,01-Clear,01-Daylight,MIDBLOCK,Thursday,May,0,WESTHEIGHTS DR,4,ROAD,MINOR,14.0,26.0,PAVED,TwoWay,PAVED,3,50,NO ACCESS,Y,1975.0,90.40142369531479
WESTHEIGHTS DR,01-Non intersection,02-Thru lane,01-Clear,01-Daylight,MIDBLOCK,Thursday,May,0,WESTHEIGHTS DR,4,ROAD,MINOR,15.0,26.0,PAVED,TwoWay,PAVED,3,50,NO ACCESS,N,1973.0,55.0100650527958
WESTHEIGHTS DR,01-Non intersection,02-Thru lane,01-Clear,01-Daylight,MIDBLOCK,Thursday,May,0,WESTHEIGHTS DR,4,ROAD,MINOR,15.0,26.0,PAVED,TwoWay,PAVED,3,50,NO ACCESS,Y,1975.0,79.91561320723929
WESTHEIGHTS DR,01-Non intersection,02-Thru lane,01-Clear,01-Daylight,MIDBLOCK,Thursday,May,0,WESTHEIGHTS DR,4,ROAD,MINOR,15.0,26.0,PAVED,TwoWay,PAVED,3,50,NO ACCESS,Y,1973.0,366.006264661923
WESTHEIGHTS DR,01-Non intersection,02-Thru lane,01-Clear,01-Daylight,MIDBLOCK,Thursday,May,0,WESTHEIGHTS DR,4,ROAD,MINOR,15.0,26.0,PAVED,TwoWay,PAVED,3,50,NO ACCESS,N,2000.0,382.862868300907
WESTHEIGHTS DR,01-Non intersection,02-Thru lane,01-Clear,01-Daylight,MIDBLOCK,Thursday,May,0,WESTHEIGHTS DR,4,ROAD,MINOR,15.0,26.0,PAVED,TwoWay,PAVED,3,50,NO ACCESS,N,1973.0,230.674209695793
WESTHEIGHTS DR,01-Non intersection,02-Thru lane,01-Clear,01-Daylight,MIDBLOCK,Thursday,May,0,WESTHEIGHTS DR,4,ROAD,MINOR,15.0,27.0,PAVED,TwoWay,PAVED,3,50,NO ACCESS,Y,1975.0,135.347142876313
WESTHEIGHTS DR,04-At/near private drive,02-Thru lane,01-Clear,01-Daylight,MIDBLOCK,Saturday,June,1,WESTHEIGHTS DR,4,ROAD,MINOR,15.0,26.0,PAVED,TwoWay,PAVED,3,50,NO ACCESS,Y,1975.0,132.884415274823
WESTHEIGHTS DR,04-At/near private drive,02-Thru lane,01-Clear,01-Daylight,MIDBLOCK,Saturday,June,1,WESTHEIGHTS DR,4,ROAD,MINOR,14.0,26.0,PAVED,TwoWay,PAVED,3,50,NO ACCESS,Y,1975.0,90.40142369531479
WESTHEIGHTS DR,04-At/near private drive,02-Thru lane,01-Clear,01-Daylight,MIDBLOCK,Saturday,June,1,WESTHEIGHTS DR,4,ROAD,MINOR,15.0,26.0,PAVED,TwoWay,PAVED,3,50,NO ACCESS,N,1973.0,55.0100650527958
WESTHEIGHTS DR,04-At/near private drive,02-Thru lane,01-Clear,01-Daylight,MIDBLOCK,Saturday,June,1,WESTHEIGHTS DR,4,ROAD,MINOR,15.0,26.0,PAVED,TwoWay,PAVED,3,50,NO ACCESS,Y,1975.0,79.91561320723929
WESTHEIGHTS DR,04-At/near private drive,02-Thru lane,01-Clear,01-Daylight,MIDBLOCK,Saturday,June,1,WESTHEIGHTS DR,4,ROAD,MINOR,15.0,26.0,PAVED,TwoWay,PAVED,3,50,NO ACCESS,Y,1973.0,366.006264661923
WESTHEIGHTS DR,04-At/near private drive,02-Thru lane,01-Clear,01-Daylight,MIDBLOCK,Saturday,June,1,WESTHEIGHTS DR,4,ROAD,MINOR,15.0,26.0,PAVED,TwoWay,PAVED,3,50,NO ACCESS,N,2000.0,382.862868300907
WESTHEIGHTS DR,04-At/near private drive,02-Thru lane,01-Clear,01-Daylight,MIDBLOCK,Saturday,June,1,WESTHEIGHTS DR,4,ROAD,MINOR,15.0,26.0,PAVED,TwoWay,PAVED,3,50,NO ACCESS,N,1973.0,230.674209695793
WESTHEIGHTS DR,04-At/near private drive,02-Thru lane,01-Clear,01-Daylight,MIDBLOCK,Saturday,June,1,WESTHEIGHTS DR,4,ROAD,MINOR,15.0,27.0,PAVED,TwoWay,PAVED,3,50,NO ACCESS,Y,1975.0,135.347142876313
SHIRLEY AVE,01-Non intersection,02-Thru lane,01-Clear,01-Daylight,MIDBLOCK,Saturday,September,1,SHIRLEY AVE,5,ROAD,MAJOR,20.0,30.0,PAVED,TwoWay,PAVED,3,50,24HR,N,1983.0,1206.89038873661
SHIRLEY AVE,01-Non intersection,02-Thru lane,01-Clear,01-Daylight,MIDBLOCK,Wednesday,June,0,SHIRLEY AVE,5,ROAD,MAJOR,20.0,30.0,PAVED,TwoWay,PAVED,3,50,24HR,N,1983.0,1206.89038873661
SHIRLEY AVE,01-Non intersection,11-Not on roadway - right side,01-Clear,"08-Dark, artificial",MIDBLOCK,Thursday,July,0,SHIRLEY AVE,5,ROAD,MAJOR,20.0,30.0,PAVED,TwoWay,PAVED,3,50,24HR,N,1983.0,1206.89038873661
SHIRLEY AVE,01-Non intersection,02-Thru lane,01-Clear,01-Daylight,MIDBLOCK,Thursday,October,0,SHIRLEY AVE,5,ROAD,MAJOR,20.0,30.0,PAVED,TwoWay,PAVED,3,50,24HR,N,1983.0,1206.89038873661
SHIRLEY AVE,04-At/near private drive,02-Thru lane,01-Clear,01-Daylight,MIDBLOCK,Tuesday,September,0,SHIRLEY AVE,5,ROAD,MAJOR,20.0,30.0,PAVED,TwoWay,PAVED,3,50,24HR,N,1983.0,1206.89038873661
SHIRLEY AVE,01-Non intersection,02-Thru lane,01-Clear,01-Daylight,MIDBLOCK,Friday,August,0,SHIRLEY AVE,5,ROAD,MAJOR,20.0,30.0,PAVED,TwoWay,PAVED,3,50,24HR,N,1983.0,1206.89038873661
SHIRLEY AVE,04-At/near private drive,02-Thru lane,01-Clear,01-Daylight,MIDBLOCK,Monday,July,0,SHIRLEY AVE,5,ROAD,MAJOR,20.0,30.0,PAVED,TwoWay,PAVED,3,50,24HR,N,1983.0,1206.89038873661
SHIRLEY AVE,04-At/near private drive,02-Thru lane,02-Rain,01-Daylight,MIDBLOCK,Friday,September,0,SHIRLEY AVE,5,ROAD,MAJOR,20.0,30.0,PAVED,TwoWay,PAVED,3,50,24HR,N,1983.0,1206.89038873661
SHIRLEY AVE,04-At/near private drive,02-Thru lane,02-Rain,01-Daylight,MIDBLOCK,Thursday,November,0,SHIRLEY AVE,5,ROAD,MAJOR,20.0,30.0,PAVED,TwoWay,PAVED,3,50,24HR,N,1983.0,1206.89038873661
SHIRLEY AVE,01-Non intersection,02-Thru lane,02-Rain,01-Daylight,MIDBLOCK,Wednesday,October,0,SHIRLEY AVE,5,ROAD,MAJOR,20.0,30.0,PAVED,TwoWay,PAVED,3,50,24HR,N,1983.0,1206.89038873661
SHIRLEY AVE,02-Intersection related,02-Thru lane,06-Strong wind,01-Daylight,MIDBLOCK,Thursday,March,0,SHIRLEY AVE,5,ROAD,MAJOR,20.0,30.0,PAVED,TwoWay,PAVED,3,50,24HR,N,1983.0,1206.89038873661
SHIRLEY AVE,01-Non intersection,02-Thru lane,01-Clear,01-Daylight,MIDBLOCK,Thursday,May,0,SHIRLEY AVE,5,ROAD,MAJOR,20.0,30.0,PAVED,TwoWay,PAVED,3,50,24HR,N,1983.0,1206.89038873661
SHIRLEY AVE,01-Non intersection,02-Thru lane,03-Snow,01-Daylight,MIDBLOCK,Thursday,February,0,SHIRLEY AVE,5,ROAD,MAJOR,20.0,30.0,PAVED,TwoWay,PAVED,3,50,24HR,N,1983.0,1206.89038873661
SHIRLEY AVE,01-Non intersection,12-Off highway,01-Clear,"08-Dark, artificial",MIDBLOCK,Sunday,January,1,SHIRLEY AVE,5,ROAD,MAJOR,20.0,30.0,PAVED,TwoWay,PAVED,3,50,24HR,N,1983.0,1206.89038873661
SHIRLEY AVE,04-At/near private drive,02-Thru lane,01-Clear,01-Daylight,MIDBLOCK,Tuesday,February,0,SHIRLEY AVE,5,ROAD,MAJOR,20.0,30.0,PAVED,TwoWay,PAVED,3,50,24HR,N,1983.0,1206.89038873661
SHIRLEY AVE,01-Non intersection,02-Thru lane,01-Clear,01-Daylight,MIDBLOCK,Friday,December,0,SHIRLEY AVE,5,ROAD,MAJOR,20.0,30.0,PAVED,TwoWay,PAVED,3,50,24HR,N,1983.0,1206.89038873661
SHIRLEY AVE,04-At/near private drive,02-Thru lane,01-Clear,01-Daylight,MIDBLOCK,Tuesday,October,0,SHIRLEY AVE,5,ROAD,MAJOR,20.0,30.0,PAVED,TwoWay,PAVED,3,50,24HR,N,1983.0,1206.89038873661
SHIRLEY AVE,04-At/near private drive,08-Left shoulder,01-Clear,"02-Daylight, artificial",MIDBLOCK,Wednesday,February,0,SHIRLEY AVE,5,ROAD,MAJOR,20.0,30.0,PAVED,TwoWay,PAVED,3,50,24HR,N,1983.0,1206.89038873661
SHIRLEY AVE,01-Non intersection,02-Thru lane,01-Clear,"04-Dawn, artificial",MIDBLOCK,Tuesday,February,0,SHIRLEY AVE,5,ROAD,MAJOR,20.0,30.0,PAVED,TwoWay,PAVED,3,50,24HR,N,1983.0,1206.89038873661
SHIRLEY AVE,04-At/near private drive,02-Thru lane,01-Clear,01-Daylight,MIDBLOCK,Friday,January,0,SHIRLEY AVE,5,ROAD,MAJOR,20.0,30.0,PAVED,TwoWay,PAVED,3,50,24HR,N,1983.0,1206.89038873661
SHIRLEY AVE,01-Non intersection,02-Thru lane,01-Clear,01-Daylight,MIDBLOCK,Thursday,November,0,SHIRLEY AVE,5,ROAD,MAJOR,20.0,30.0,PAVED,TwoWay,PAVED,3,50,24HR,N,1983.0,1206.89038873661
SHIRLEY AVE,04-At/near private drive,02-Thru lane,02-Rain,01-Daylight,MIDBLOCK,Friday,June,0,SHIRLEY AVE,5,ROAD,MAJOR,20.0,30.0,PAVED,TwoWay,PAVED,3,50,24HR,N,1983.0,1206.89038873661
SHIRLEY AVE,01-Non intersection,02-Thru lane,01-Clear,01-Daylight,MIDBLOCK,Friday,April,0,SHIRLEY AVE,5,ROAD,MAJOR,20.0,30.0,PAVED,TwoWay,PAVED,3,50,24HR,N,1983.0,1206.89038873661
SHIRLEY AVE,01-Non intersection,12-Off highway,01-Clear,03-Dawn,MIDBLOCK,Wednesday,April,0,SHIRLEY AVE,5,ROAD,MAJOR,20.0,30.0,PAVED,TwoWay,PAVED,3,50,24HR,N,1983.0,1206.89038873661
SHIRLEY AVE,98-Other,02-Thru lane,01-Clear,01-Daylight,MIDBLOCK,Saturday,May,1,SHIRLEY AVE,5,ROAD,MAJOR,20.0,30.0,PAVED,TwoWay,PAVED,3,50,24HR,N,1983.0,1206.89038873661
SHIRLEY AVE,01-Non intersection,02-Thru lane,01-Clear,07-Dark,MIDBLOCK,Monday,February,0,SHIRLEY AVE,5,ROAD,MAJOR,20.0,30.0,PAVED,TwoWay,PAVED,3,50,24HR,N,1983.0,1206.89038873661
SHIRLEY AVE,01-Non intersection,11-Not on roadway - right side,01-Clear,"08-Dark, artificial",MIDBLOCK,Sunday,July,1,SHIRLEY AVE,5,ROAD,MAJOR,20.0,30.0,PAVED,TwoWay,PAVED,3,50,24HR,N,1983.0,1206.89038873661
SHIRLEY AVE,01-Non intersection,02-Thru lane,02-Rain,01-Daylight,MIDBLOCK,Friday,May,0,SHIRLEY AVE,5,ROAD,MAJOR,20.0,30.0,PAVED,TwoWay,PAVED,3,50,24HR,N,1983.0,1206.89038873661
SHIRLEY AVE,04-At/near private drive,02-Thru lane,02-Rain,01-Daylight,MIDBLOCK,Tuesday,May,0,SHIRLEY AVE,5,ROAD,MAJOR,20.0,30.0,PAVED,TwoWay,PAVED,3,50,24HR,N,1983.0,1206.89038873661
SHIRLEY AVE,01-Non intersection,02-Thru lane,01-Clear,01-Daylight,MIDBLOCK,Tuesday,June,0,SHIRLEY AVE,5,ROAD,MAJOR,20.0,30.0,PAVED,TwoWay,PAVED,3,50,24HR,N,1983.0,1206.89038873661
SHIRLEY AVE,04-At/near private drive,02-Thru lane,01-Clear,01-Daylight,MIDBLOCK,Wednesday,June,0,SHIRLEY AVE,5,ROAD,MAJOR,20.0,30.0,PAVED,TwoWay,PAVED,3,50,24HR,N,1983.0,1206.89038873661
SHIRLEY AVE,01-Non intersection,09-Right shoulder,03-Snow,07-Dark,MIDBLOCK,Saturday,December,1,SHIRLEY AVE,5,ROAD,MAJOR,20.0,30.0,PAVED,TwoWay,PAVED,3,50,24HR,N,1983.0,1206.89038873661
SHIRLEY AVE,01-Non intersection,02-Thru lane,01-Clear,03-Dawn,MIDBLOCK,Thursday,January,0,SHIRLEY AVE,5,ROAD,MAJOR,20.0,30.0,PAVED,TwoWay,PAVED,3,50,24HR,N,1983.0,1206.89038873661
SHIRLEY AVE,01-Non intersection,02-Thru lane,01-Clear,01-Daylight,MIDBLOCK,Friday,March,0,SHIRLEY AVE,5,ROAD,MAJOR,20.0,30.0,PAVED,TwoWay,PAVED,3,50,24HR,N,1983.0,1206.89038873661
SHIRLEY AVE,01-Non intersection,02-Thru lane,01-Clear,05-Dusk,MIDBLOCK,Monday,January,0,SHIRLEY AVE,5,ROAD,MAJOR,20.0,30.0,PAVED,TwoWay,PAVED,3,50,24HR,N,1983.0,1206.89038873661
SHIRLEY AVE,01-Non intersection,02-Thru lane,01-Clear,"08-Dark, artificial",MIDBLOCK,Wednesday,December,0,SHIRLEY AVE,5,ROAD,MAJOR,20.0,30.0,PAVED,TwoWay,PAVED,3,50,24HR,N,1983.0,1206.89038873661
SHIRLEY AVE,01-Non intersection,02-Thru lane,01-Clear,01-Daylight,MIDBLOCK,Tuesday,September,0,SHIRLEY AVE,5,ROAD,MAJOR,20.0,30.0,PAVED,TwoWay,PAVED,3,50,24HR,N,1983.0,1206.89038873661
SHIRLEY AVE,01-Non intersection,02-Thru lane,99-Other,05-Dusk,MIDBLOCK,Thursday,August,0,SHIRLEY AVE,5,ROAD,MAJOR,20.0,30.0,PAVED,TwoWay,PAVED,3,50,24HR,N,1983.0,1206.89038873661
WELLINGTON ST N,10-Parking lot,12-Off highway,01-Clear,01-Daylight,MIDBLOCK,Thursday,September,0,WELLINGTON ST N,2,ROAD,MINOR,9.0,20.0,PAVED,TwoWay,PAVED,2,50,24HR,Y,1854.0,243.2643835816
WELLINGTON ST N,10-Parking lot,12-Off highway,01-Clear,01-Daylight,MIDBLOCK,Thursday,September,0,WELLINGTON ST N,2,ROAD,MINOR,10.0,20.0,PAVED,TwoWay,PAVED,2,50,24HR,Y,1854.0,215.974858156938
WELLINGTON ST N,10-Parking lot,12-Off highway,01-Clear,01-Daylight,MIDBLOCK,Thursday,September,0,WELLINGTON ST N,2,ROAD,MINOR,10.0,20.0,PAVED,TwoWay,PAVED,2,50,24HR,Y,1998.0,302.103252825696
WELLINGTON ST N,10-Parking lot,12-Off highway,01-Clear,01-Daylight,MIDBLOCK,Thursday,September,0,WELLINGTON ST N,2,ROAD,MINOR,9.0,20.0,PAVED,TwoWay,PAVED,2,50,24HR,Y,1854.0,181.974663071179
WELLINGTON ST N,10-Parking lot,12-Off highway,01-Clear,01-Daylight,MIDBLOCK,Thursday,September,0,WELLINGTON ST N,2,ROAD,MINOR,9.0,20.0,PAVED,TwoWay,PAVED,2,50,24HR,Y,1996.0,183.374971176665
WELLINGTON ST N,04-At/near private drive,02-Thru lane,01-Clear,"08-Dark, artificial",MIDBLOCK,Saturday,January,1,WELLINGTON ST N,2,ROAD,MINOR,9.0,20.0,PAVED,TwoWay,PAVED,2,50,24HR,Y,1854.0,243.2643835816
WELLINGTON ST N,04-At/near private drive,02-Thru lane,01-Clear,"08-Dark, artificial",MIDBLOCK,Saturday,January,1,WELLINGTON ST N,2,ROAD,MINOR,10.0,20.0,PAVED,TwoWay,PAVED,2,50,24HR,Y,1854.0,215.974858156938
WELLINGTON ST N,04-At/near private drive,02-Thru lane,01-Clear,"08-Dark, artificial",MIDBLOCK,Saturday,January,1,WELLINGTON ST N,2,ROAD,MINOR,10.0,20.0,PAVED,TwoWay,PAVED,2,50,24HR,Y,1998.0,302.103252825696
WELLINGTON ST N,04-At/near private drive,02-Thru lane,01-Clear,"08-Dark, artificial",MIDBLOCK,Saturday,January,1,WELLINGTON ST N,2,ROAD,MINOR,9.0,20.0,PAVED,TwoWay,PAVED,2,50,24HR,Y,1854.0,181.974663071179
WELLINGTON ST N,04-At/near private drive,02-Thru lane,01-Clear,"08-Dark, artificial",MIDBLOCK,Saturday,January,1,WELLINGTON ST N,2,ROAD,MINOR,9.0,20.0,PAVED,TwoWay,PAVED,2,50,24HR,Y,1996.0,183.374971176665
WELLINGTON ST N,01-Non intersection,02-Thru lane,01-Clear,"08-Dark, artificial",MIDBLOCK,Monday,November,0,WELLINGTON ST N,2,ROAD,MINOR,9.0,20.0,PAVED,TwoWay,PAVED,2,50,24HR,Y,1854.0,243.2643835816
WELLINGTON ST N,01-Non intersection,02-Thru lane,01-Clear,"08-Dark, artificial",MIDBLOCK,Monday,November,0,WELLINGTON ST N,2,ROAD,MINOR,10.0,20.0,PAVED,TwoWay,PAVED,2,50,24HR,Y,1854.0,215.974858156938
WELLINGTON ST N,01-Non intersection,02-Thru lane,01-Clear,"08-Dark, artificial",MIDBLOCK,Monday,November,0,WELLINGTON ST N,2,ROAD,MINOR,10.0,20.0,PAVED,TwoWay,PAVED,2,50,24HR,Y,1998.0,302.103252825696
WELLINGTON ST N,01-Non intersection,02-Thru lane,01-Clear,"08-Dark, artificial",MIDBLOCK,Monday,November,0,WELLINGTON ST N,2,ROAD,MINOR,9.0,20.0,PAVED,TwoWay,PAVED,2,50,24HR,Y,1854.0,181.974663071179
WELLINGTON ST N,01-Non intersection,02-Thru lane,01-Clear,"08-Dark, artificial",MIDBLOCK,Monday,November,0,WELLINGTON ST N,2,ROAD,MINOR,9.0,20.0,PAVED,TwoWay,PAVED,2,50,24HR,Y,1996.0,183.374971176665
WELLINGTON ST N,98-Other,99-Other,01-Clear,99-Other,MIDBLOCK,Saturday,June,1,WELLINGTON ST N,2,ROAD,MINOR,9.0,20.0,PAVED,TwoWay,PAVED,2,50,24HR,Y,1854.0,243.2643835816
WELLINGTON ST N,98-Other,99-Other,01-Clear,99-Other,MIDBLOCK,Saturday,June,1,WELLINGTON ST N,2,ROAD,MINOR,10.0,20.0,PAVED,TwoWay,PAVED,2,50,24HR,Y,1854.0,215.974858156938
WELLINGTON ST N,98-Other,99-Other,01-Clear,99-Other,MIDBLOCK,Saturday,June,1,WELLINGTON ST N,2,ROAD,MINOR,10.0,20.0,PAVED,TwoWay,PAVED,2,50,24HR,Y,1998.0,302.103252825696
WELLINGTON ST N,98-Other,99-Other,01-Clear,99-Other,MIDBLOCK,Saturday,June,1,WELLINGTON ST N,2,ROAD,MINOR,9.0,20.0,PAVED,TwoWay,PAVED,2,50,24HR,Y,1854.0,181.974663071179
WELLINGTON ST N,98-Other,99-Other,01-Clear,99-Other,MIDBLOCK,Saturday,June,1,WELLINGTON ST N,2,ROAD,MINOR,9.0,20.0,PAVED,TwoWay,PAVED,2,50,24HR,Y,1996.0,183.374971176665
WELLINGTON ST N,04-At/near private drive,02-Thru lane,01-Clear,01-Daylight,MIDBLOCK,Monday,August,0,WELLINGTON ST N,2,ROAD,MINOR,9.0,20.0,PAVED,TwoWay,PAVED,2,50,24HR,Y,1854.0,243.2643835816
WELLINGTON ST N,04-At/near private drive,02-Thru lane,01-Clear,01-Daylight,MIDBLOCK,Monday,August,0,WELLINGTON ST N,2,ROAD,MINOR,10.0,20.0,PAVED,TwoWay,PAVED,2,50,24HR,Y,1854.0,215.974858156938
WELLINGTON ST N,04-At/near private drive,02-Thru lane,01-Clear,01-Daylight,MIDBLOCK,Monday,August,0,WELLINGTON ST N,2,ROAD,MINOR,10.0,20.0,PAVED,TwoWay,PAVED,2,50,24HR,Y,1998.0,302.103252825696
WELLINGTON ST N,04-At/near private drive,02-Thru lane,01-Clear,01-Daylight,MIDBLOCK,Monday,August,0,WELLINGTON ST N,2,ROAD,MINOR,9.0,20.0,PAVED,TwoWay,PAVED,2,50,24HR,Y,1854.0,181.974663071179
WELLINGTON ST N,04-At/near private drive,02-Thru lane,01-Clear,01-Daylight,MIDBLOCK,Monday,August,0,WELLINGTON ST N,2,ROAD,MINOR,9.0,20.0,PAVED,TwoWay,PAVED,2,50,24HR,Y,1996.0,183.374971176665
WELLINGTON ST N,04-At/near private drive,02-Thru lane,01-Clear,01-Daylight,MIDBLOCK,Friday,September,0,WELLINGTON ST N,2,ROAD,MINOR,9.0,20.0,PAVED,TwoWay,PAVED,2,50,24HR,Y,1854.0,243.2643835816
WELLINGTON ST N,04-At/near private drive,02-Thru lane,01-Clear,01-Daylight,MIDBLOCK,Friday,September,0,WELLINGTON ST N,2,ROAD,MINOR,10.0,20.0,PAVED,TwoWay,PAVED,2,50,24HR,Y,1854.0,215.974858156938
WELLINGTON ST N,04-At/near private drive,02-Thru lane,01-Clear,01-Daylight,MIDBLOCK,Friday,September,0,WELLINGTON ST N,2,ROAD,MINOR,10.0,20.0,PAVED,TwoWay,PAVED,2,50,24HR,Y,1998.0,302.103252825696
WELLINGTON ST N,04-At/near private drive,02-Thru lane,01-Clear,01-Daylight,MIDBLOCK,Friday,September,0,WELLINGTON ST N,2,ROAD,MINOR,9.0,20.0,PAVED,TwoWay,PAVED,2,50,24HR,Y,1854.0,181.974663071179
WELLINGTON ST N,04-At/near private drive,02-Thru lane,01-Clear,01-Daylight,MIDBLOCK,Friday,September,0,WELLINGTON ST N,2,ROAD,MINOR,9.0,20.0,PAVED,TwoWay,PAVED,2,50,24HR,Y,1996.0,183.374971176665
WELLINGTON ST N,01-Non intersection,01-Within intersection,01-Clear,"08-Dark, artificial",MIDBLOCK,Wednesday,December,0,WELLINGTON ST N,2,ROAD,MINOR,9.0,20.0,PAVED,TwoWay,PAVED,2,50,24HR,Y,1854.0,243.2643835816
WELLINGTON ST N,01-Non intersection,01-Within intersection,01-Clear,"08-Dark, artificial",MIDBLOCK,Wednesday,December,0,WELLINGTON ST N,2,ROAD,MINOR,10.0,20.0,PAVED,TwoWay,PAVED,2,50,24HR,Y,1854.0,215.974858156938
WELLINGTON ST N,01-Non intersection,01-Within intersection,01-Clear,"08-Dark, artificial",MIDBLOCK,Wednesday,December,0,WELLINGTON ST N,2,ROAD,MINOR,10.0,20.0,PAVED,TwoWay,PAVED,2,50,24HR,Y,1998.0,302.103252825696
WELLINGTON ST N,01-Non intersection,01-Within intersection,01-Clear,"08-Dark, artificial",MIDBLOCK,Wednesday,December,0,WELLINGTON ST N,2,ROAD,MINOR,9.0,20.0,PAVED,TwoWay,PAVED,2,50,24HR,Y,1854.0,181.974663071179
WELLINGTON ST N,01-Non intersection,01-Within intersection,01-Clear,"08-Dark, artificial",MIDBLOCK,Wednesday,December,0,WELLINGTON ST N,2,ROAD,MINOR,9.0,20.0,PAVED,TwoWay,PAVED,2,50,24HR,Y,1996.0,183.374971176665
WELLINGTON ST N,01-Non intersection,02-Thru lane,01-Clear,01-Daylight,MIDBLOCK,Friday,July,0,WELLINGTON ST N,2,ROAD,MINOR,9.0,20.0,PAVED,TwoWay,PAVED,2,50,24HR,Y,1854.0,243.2643835816
WELLINGTON ST N,01-Non intersection,02-Thru lane,01-Clear,01-Daylight,MIDBLOCK,Friday,July,0,WELLINGTON ST N,2,ROAD,MINOR,10.0,20.0,PAVED,TwoWay,PAVED,2,50,24HR,Y,1854.0,215.974858156938
WELLINGTON ST N,01-Non intersection,02-Thru lane,01-Clear,01-Daylight,MIDBLOCK,Friday,July,0,WELLINGTON ST N,2,ROAD,MINOR,10.0,20.0,PAVED,TwoWay,PAVED,2,50,24HR,Y,1998.0,302.103252825696
WELLINGTON ST N,01-Non intersection,02-Thru lane,01-Clear,01-Daylight,MIDBLOCK,Friday,July,0,WELLINGTON ST N,2,ROAD,MINOR,9.0,20.0,PAVED,TwoWay,PAVED,2,50,24HR,Y,1854.0,181.974663071179
WELLINGTON ST N,01-Non intersection,02-Thru lane,01-Clear,01-Daylight,MIDBLOCK,Friday,July,0,WELLINGTON ST N,2,ROAD,MINOR,9.0,20.0,PAVED,TwoWay,PAVED,2,50,24HR,Y,1996.0,183.374971176665
WELLINGTON ST N,01-Non intersection,02-Thru lane,03-Snow,07-Dark,MIDBLOCK,Wednesday,March,0,WELLINGTON ST N,2,ROAD,MINOR,9.0,20.0,PAVED,TwoWay,PAVED,2,50,24HR,Y,1854.0,243.2643835816
WELLINGTON ST N,01-Non intersection,02-Thru lane,03-Snow,07-Dark,MIDBLOCK,Wednesday,March,0,WELLINGTON ST N,2,ROAD,MINOR,10.0,20.0,PAVED,TwoWay,PAVED,2,50,24HR,Y,1854.0,215.974858156938
WELLINGTON ST N,01-Non intersection,02-Thru lane,03-Snow,07-Dark,MIDBLOCK,Wednesday,March,0,WELLINGTON ST N,2,ROAD,MINOR,10.0,20.0,PAVED,TwoWay,PAVED,2,50,24HR,Y,1998.0,302.103252825696
WELLINGTON ST N,01-Non intersection,02-Thru lane,03-Snow,07-Dark,MIDBLOCK,Wednesday,March,0,WELLINGTON ST N,2,ROAD,MINOR,9.0,20.0,PAVED,TwoWay,PAVED,2,50,24HR,Y,1854.0,181.974663071179
WELLINGTON ST N,01-Non intersection,02-Thru lane,03-Snow,07-Dark,MIDBLOCK,Wednesday,March,0,WELLINGTON ST N,2,ROAD,MINOR,9.0,20.0,PAVED,TwoWay,PAVED,2,50,24HR,Y,1996.0,183.374971176665
WELLINGTON ST N,04-At/near private drive,02-Thru lane,01-Clear,"08-Dark, artificial",MIDBLOCK,Friday,September,0,WELLINGTON ST N,2,ROAD,MINOR,9.0,20.0,PAVED,TwoWay,PAVED,2,50,24HR,Y,1854.0,243.2643835816
WELLINGTON ST N,04-At/near private drive,02-Thru lane,01-Clear,"08-Dark, artificial",MIDBLOCK,Friday,September,0,WELLINGTON ST N,2,ROAD,MINOR,10.0,20.0,PAVED,TwoWay,PAVED,2,50,24HR,Y,1854.0,215.974858156938
WELLINGTON ST N,04-At/near private drive,02-Thru lane,01-Clear,"08-Dark, artificial",MIDBLOCK,Friday,September,0,WELLINGTON ST N,2,ROAD,MINOR,10.0,20.0,PAVED,TwoWay,PAVED,2,50,24HR,Y,1998.0,302.103252825696
WELLINGTON ST N,04-At/near private drive,02-Thru lane,01-Clear,"08-Dark, artificial",MIDBLOCK,Friday,September,0,WELLINGTON ST N,2,ROAD,MINOR,9.0,20.0,PAVED,TwoWay,PAVED,2,50,24HR,Y,1854.0,181.974663071179
WELLINGTON ST N,04-At/near private drive,02-Thru lane,01-Clear,"08-Dark, artificial",MIDBLOCK,Friday,September,0,WELLINGTON ST N,2,ROAD,MINOR,9.0,20.0,PAVED,TwoWay,PAVED,2,50,24HR,Y,1996.0,183.374971176665