LOCATION,ACCIDENT_LOCATION,IMPACT_LOCATION,ENVIRONMENT_CONDITION,LIGHT,COLLISION_TYPE,DAY_OF_WEEK,MONTH,IS_WEEKEND,STREET,LANES,CATEGORY,SUBCATEGORY,PAVEMENT_WIDTH,ROW_WIDTH,SHOULDER,FLOW_DIRECTION,SURFACE_LAYER_TYPE,OFFICIAL_ROAD_CLASSIFICATION,SPEED_LIMIT_KM,TRUCK_ACCESS,BUS_ROUTE,SERVICE_YEAR,Shape__Length
WELLINGTON ST N,04-At/near private drive,02-Thru lane,01-Clear,"08-Dark, artificial",MIDBLOCK,Saturday,December,1,WELLINGTON ST N,2,ROAD,MINOR,9.0,20.0,PAVED,TwoWay,PAVED,2,50,24HR,Y,1854.0,243.2643835816
WELLINGTON ST N,04-At/near private drive,02-Thru lane,01-Clear,"08-Dark, artificial",MIDBLOCK,Saturday,December,1,WELLINGTON ST N,2,ROAD,MINOR,10.0,20.0,PAVED,TwoWay,PAVED,2,50,24HR,Y,1854.0,215.974858156938
WELLINGTON ST N,04-At/near private drive,02-Thru lane,01-Clear,"08-Dark, artificial",MIDBLOCK,Saturday,December,1,WELLINGTON ST N,2,ROAD,MINOR,10.0,20.0,PAVED,TwoWay,PAVED,2,50,24HR,Y,1998.0,302.103252825696
WELLINGTON ST N,04-At/near private drive,02-Thru lane,01-Clear,"08-Dark, artificial",MIDBLOCK,Saturday,December,1,WELLINGTON ST N,2,ROAD,MINOR,9.0,20.0,PAVED,TwoWay,PAVED,2,50,24HR,Y,1854.0,181.974663071179
WELLINGTON ST N,04-At/near private drive,02-Thru lane,01-Clear,"08-Dark, artificial",MIDBLOCK,Saturday,December,1,WELLINGTON ST N,2,ROAD,MINOR,9.0,20.0,PAVED,TwoWay,PAVED,2,50,24HR,Y,1996.0,183.374971176665
WELLINGTON ST N,01-Non intersection,02-Thru lane,01-Clear,"08-Dark, artificial",MIDBLOCK,Tuesday,October,0,WELLINGTON ST N,2,ROAD,MINOR,9.0,20.0,PAVED,TwoWay,PAVED,2,50,24HR,Y,1854.0,243.2643835816
WELLINGTON ST N,01-Non intersection,02-Thru lane,01-Clear,"08-Dark, artificial",MIDBLOCK,Tuesday,October,0,WELLINGTON ST N,2,ROAD,MINOR,10.0,20.0,PAVED,TwoWay,PAVED,2,50,24HR,Y,1854.0,215.974858156938
WELLINGTON ST N,01-Non intersection,02-Thru lane,01-Clear,"08-Dark, artificial",MIDBLOCK,Tuesday,October,0,WELLINGTON ST N,2,ROAD,MINOR,10.0,20.0,PAVED,TwoWay,PAVED,2,50,24HR,Y,1998.0,302.103252825696
WELLINGTON ST N,01-Non intersection,02-Thru lane,01-Clear,"08-Dark, artificial",MIDBLOCK,Tuesday,October,0,WELLINGTON ST N,2,ROAD,MINOR,9.0,20.0,PAVED,TwoWay,PAVED,2,50,24HR,Y,1854.0,181.974663071179
WELLINGTON ST N,01-Non intersection,02-Thru lane,01-Clear,"08-Dark, artificial",MIDBLOCK,Tuesday,October,0,WELLINGTON ST N,2,ROAD,MINOR,9.0,20.0,PAVED,TwoWay,PAVED,2,50,24HR,Y,1996.0,183.374971176665
WELLINGTON ST N,04-At/near private drive,02-Thru lane,02-Rain,01-Daylight,MIDBLOCK,Sunday,October,1,WELLINGTON ST N,2,ROAD,MINOR,9.0,20.0,PAVED,TwoWay,PAVED,2,50,24HR,Y,1854.0,243.2643835816
WELLINGTON ST N,04-At/near private drive,02-Thru lane,02-Rain,01-Daylight,MIDBLOCK,Sunday,October,1,WELLINGTON ST N,2,ROAD,MINOR,10.0,20.0,PAVED,TwoWay,PAVED,2,50,24HR,Y,1854.0,215.974858156938
WELLINGTON ST N,04-At/near private drive,02-Thru lane,02-Rain,01-Daylight,MIDBLOCK,Sunday,October,1,WELLINGTON ST N,2,ROAD,MINOR,10.0,20.0,PAVED,TwoWay,PAVED,2,50,24HR,Y,1998.0,302.103252825696
WELLINGTON ST N,04-At/near private drive,02-Thru lane,02-Rain,01-Daylight,MIDBLOCK,Sunday,October,1,WELLINGTON ST N,2,ROAD,MINOR,9.0,20.0,PAVED,TwoWay,PAVED,2,50,24HR,Y,1854.0,181.974663071179
WELLINGTON ST N,04-At/near private drive,02-Thru lane,02-Rain,01-Daylight,MIDBLOCK,Sunday,October,1,WELLINGTON ST N,2,ROAD,MINOR,9.0,20.0,PAVED,TwoWay,PAVED,2,50,24HR,Y,1996.0,183.374971176665
WELLINGTON ST N,04-At/near private drive,02-Thru lane,01-Clear,01-Daylight,MIDBLOCK,Thursday,August,0,WELLINGTON ST N,2,ROAD,MINOR,9.0,20.0,PAVED,TwoWay,PAVED,2,50,24HR,Y,1854.0,243.2643835816
WELLINGTON ST N,04-At/near private drive,02-Thru lane,01-Clear,01-Daylight,MIDBLOCK,Thursday,August,0,WELLINGTON ST N,2,ROAD,MINOR,10.0,20.0,PAVED,TwoWay,PAVED,2,50,24HR,Y,1854.0,215.974858156938
WELLINGTON ST N,04-At/near private drive,02-Thru lane,01-Clear,01-Daylight,MIDBLOCK,Thursday,August,0,WELLINGTON ST N,2,ROAD,MINOR,10.0,20.0,PAVED,TwoWay,PAVED,2,50,24HR,Y,1998.0,302.103252825696
WELLINGTON ST N,04-At/near private drive,02-Thru lane,01-Clear,01-Daylight,MIDBLOCK,Thursday,August,0,WELLINGTON ST N,2,ROAD,MINOR,9.0,20.0,PAVED,TwoWay,PAVED,2,50,24HR,Y,1854.0,181.974663071179
WELLINGTON ST N,04-At/near private drive,02-Thru lane,01-Clear,01-Daylight,MIDBLOCK,Thursday,August,0,WELLINGTON ST N,2,ROAD,MINOR,9.0,20.0,PAVED,TwoWay,PAVED,2,50,24HR,Y,1996.0,183.374971176665
WELLINGTON ST N,01-Non intersection,02-Thru lane,01-Clear,01-Daylight,MIDBLOCK,Friday,September,0,WELLINGTON ST N,2,ROAD,MINOR,9.0,20.0,PAVED,TwoWay,PAVED,2,50,24HR,Y,1854.0,243.2643835816
WELLINGTON ST N,01-Non intersection,02-Thru lane,01-Clear,01-Daylight,MIDBLOCK,Friday,September,0,WELLINGTON ST N,2,ROAD,MINOR,10.0,20.0,PAVED,TwoWay,PAVED,2,50,24HR,Y,1854.0,215.974858156938
WELLINGTON ST N,01-Non intersection,02-Thru lane,01-Clear,01-Daylight,MIDBLOCK,Friday,September,0,WELLINGTON ST N,2,ROAD,MINOR,10.0,20.0,PAVED,TwoWay,PAVED,2,50,24HR,Y,1998.0,302.103252825696
WELLINGTON ST N,01-Non intersection,02-Thru lane,01-Clear,01-Daylight,MIDBLOCK,Friday,September,0,WELLINGTON ST N,2,ROAD,MINOR,9.0,20.0,PAVED,TwoWay,PAVED,2,50,24HR,Y,1854.0,181.974663071179
WELLINGTON ST N,01-Non intersection,02-Thru lane,01-Clear,01-Daylight,MIDBLOCK,Friday,September,0,WELLINGTON ST N,2,ROAD,MINOR,9.0,20.0,PAVED,TwoWay,PAVED,2,50,24HR,Y,1996.0,183.374971176665
WELLINGTON ST N,01-Non intersection,02-Thru lane,01-Clear,01-Daylight,MIDBLOCK,Saturday,October,1,WELLINGTON ST N,2,ROAD,MINOR,9.0,20.0,PAVED,TwoWay,PAVED,2,50,24HR,Y,1854.0,243.2643835816
WELLINGTON ST N,01-Non intersection,02-Thru lane,01-Clear,01-Daylight,MIDBLOCK,Saturday,October,1,WELLINGTON ST N,2,ROAD,MINOR,10.0,20.0,PAVED,TwoWay,PAVED,2,50,24HR,Y,1854.0,215.974858156938
WELLINGTON ST N,01-Non intersection,02-Thru lane,01-Clear,01-Daylight,MIDBLOCK,Saturday,October,1,WELLINGTON ST N,2,ROAD,MINOR,10.0,20.0,PAVED,TwoWay,PAVED,2,50,24HR,Y,1998.0,302.103252825696
WELLINGTON ST N,01-Non intersection,02-Thru lane,01-Clear,01-Daylight,MIDBLOCK,Saturday,October,1,WELLINGTON ST N,2,ROAD,MINOR,9.0,20.0,PAVED,TwoWay,PAVED,2,50,24HR,Y,1854.0,181.974663071179
WELLINGTON ST N,01-Non intersection,02-Thru lane,01-Clear,01-Daylight,MIDBLOCK,Saturday,October,1,WELLINGTON ST N,2,ROAD,MINOR,9.0,20.0,PAVED,TwoWay,PAVED,2,50,24HR,Y,1996.0,183.374971176665
WELLINGTON ST N,04-At/near private drive,11-Not on roadway - right side,03-Snow,07-Dark,MIDBLOCK,Wednesday,November,0,WELLINGTON ST N,2,ROAD,MINOR,9.0,20.0,PAVED,TwoWay,PAVED,2,50,24HR,Y,1854.0,243.2643835816
WELLINGTON ST N,04-At/near private drive,11-Not on roadway - right side,03-Snow,07-Dark,MIDBLOCK,Wednesday,November,0,WELLINGTON ST N,2,ROAD,MINOR,10.0,20.0,PAVED,TwoWay,PAVED,2,50,24HR,Y,1854.0,215.974858156938
WELLINGTON ST N,04-At/near private drive,11-Not on roadway - right side,03-Snow,07-Dark,MIDBLOCK,Wednesday,November,0,WELLINGTON ST N,2,ROAD,MINOR,10.0,20.0,PAVED,TwoWay,PAVED,2,50,24HR,Y,1998.0,302.103252825696
WELLINGTON ST N,04-At/near private drive,11-Not on roadway - right side,03-Snow,07-Dark,MIDBLOCK,Wednesday,November,0,WELLINGTON ST N,2,ROAD,MINOR,9.0,20.0,PAVED,TwoWay,PAVED,2,50,24HR,Y,1854.0,181.974663071179
WELLINGTON ST N,04-At/near private drive,11-Not on roadway - right side,03-Snow,07-Dark,MIDBLOCK,Wednesday,November,0,WELLINGTON ST N,2,ROAD,MINOR,9.0,20.0,PAVED,TwoWay,PAVED,2,50,24HR,Y,1996.0,183.374971176665
WELLINGTON ST N,06-Underpass or tunnel,02-Thru lane,01-Clear,01-Daylight,MIDBLOCK,Thursday,September,0,WELLINGTON ST N,2,ROAD,MINOR,9.0,20.0,PAVED,TwoWay,PAVED,2,50,24HR,Y,1854.0,243.2643835816
WELLINGTON ST N,06-Underpass or tunnel,02-Thru lane,01-Clear,01-Daylight,MIDBLOCK,Thursday,September,0,WELLINGTON ST N,2,ROAD,MINOR,10.0,20.0,PAVED,TwoWay,PAVED,2,50,24HR,Y,1854.0,215.974858156938
WELLINGTON ST N,06-Underpass or tunnel,02-Thru lane,01-Clear,01-Daylight,MIDBLOCK,Thursday,September,0,WELLINGTON ST N,2,ROAD,MINOR,10.0,20.0,PAVED,TwoWay,PAVED,2,50,24HR,Y,1998.0,302.103252825696
WELLINGTON ST N,06-Underpass or tunnel,02-Thru lane,01-Clear,01-Daylight,MIDBLOCK,Thursday,September,0,WELLINGTON ST N,2,ROAD,MINOR,9.0,20.0,PAVED,TwoWay,PAVED,2,50,24HR,Y,1854.0,181.974663071179
WELLINGTON ST N,06-Underpass or tunnel,02-Thru lane,01-Clear,01-Daylight,MIDBLOCK,Thursday,September,0,WELLINGTON ST N,2,ROAD,MINOR,9.0,20.0,PAVED,TwoWay,PAVED,2,50,24HR,Y,1996.0,183.374971176665
WELLINGTON ST N,04-At/near private drive,02-Thru lane,01-Clear,07-Dark,MIDBLOCK,Wednesday,January,0,WELLINGTON ST N,2,ROAD,MINOR,9.0,20.0,PAVED,TwoWay,PAVED,2,50,24HR,Y,1854.0,243.2643835816
WELLINGTON ST N,04-At/near private drive,02-Thru lane,01-Clear,07-Dark,MIDBLOCK,Wednesday,January,0,WELLINGTON ST N,2,ROAD,MINOR,10.0,20.0,PAVED,TwoWay,PAVED,2,50,24HR,Y,1854.0,215.974858156938
WELLINGTON ST N,04-At/near private drive,02-Thru lane,01-Clear,07-Dark,MIDBLOCK,Wednesday,January,0,WELLINGTON ST N,2,ROAD,MINOR,10.0,20.0,PAVED,TwoWay,PAVED,2,50,24HR,Y,1998.0,302.103252825696
WELLINGTON ST N,04-At/near private drive,02-Thru lane,01-Clear,07-Dark,MIDBLOCK,Wednesday,January,0,WELLINGTON ST N,2,ROAD,MINOR,9.0,20.0,PAVED,TwoWay,PAVED,2,50,24HR,Y,1854.0,181.974663071179
WELLINGTON ST N,04-At/near private drive,02-Thru lane,01-Clear,07-Dark,MIDBLOCK,Wednesday,January,0,WELLINGTON ST N,2,ROAD,MINOR,9.0,20.0,PAVED,TwoWay,PAVED,2,50,24HR,Y,1996.0,183.374971176665
WELLINGTON ST N,01-Non intersection,02-Thru lane,01-Clear,"08-Dark, artificial",MIDBLOCK,Tuesday,January,0,WELLINGTON ST N,2,ROAD,MINOR,9.0,20.0,PAVED,TwoWay,PAVED,2,50,24HR,Y,1854.0,243.2643835816
WELLINGTON ST N,01-Non intersection,02-Thru lane,01-Clear,"08-Dark, artificial",MIDBLOCK,Tuesday,January,0,WELLINGTON ST N,2,ROAD,MINOR,10.0,20.0,PAVED,TwoWay,PAVED,2,50,24HR,Y,1854.0,215.974858156938
WELLINGTON ST N,01-Non intersection,02-Thru lane,01-Clear,"08-Dark, artificial",MIDBLOCK,Tuesday,January,0,WELLINGTON ST N,2,ROAD,MINOR,10.0,20.0,PAVED,TwoWay,PAVED,2,50,24HR,Y,1998.0,302.103252825696
WELLINGTON ST N,01-Non intersection,02-Thru lane,01-Clear,"08-Dark, artificial",MIDBLOCK,Tuesday,January,0,WELLINGTON ST N,2,ROAD,MINOR,9.0,20.0,PAVED,TwoWay,PAVED,2,50,24HR,Y,1854.0,181.974663071179
WELLINGTON ST N,01-Non intersection,02-Thru lane,01-Clear,"08-Dark, artificial",MIDBLOCK,Tuesday,January,0,WELLINGTON ST N,2,ROAD,MINOR,9.0,20.0,PAVED,TwoWay,PAVED,2,50,24HR,Y,1996.0,183.374971176665
WELLINGTON ST N,04-At/near private drive,02-Thru lane,01-Clear,01-Daylight,MIDBLOCK,Sunday,June,1,WELLINGTON ST N,2,ROAD,MINOR,9.0,20.0,PAVED,TwoWay,PAVED,2,50,24HR,Y,1854.0,243.2643835816
WELLINGTON ST N,04-At/near private drive,02-Thru lane,01-Clear,01-Daylight,MIDBLOCK,Sunday,June,1,WELLINGTON ST N,2,ROAD,MINOR,10.0,20.0,PAVED,TwoWay,PAVED,2,50,24HR,Y,1854.0,215.974858156938
WELLINGTON ST N,04-At/near private drive,02-Thru lane,01-Clear,01-Daylight,MIDBLOCK,Sunday,June,1,WELLINGTON ST N,2,ROAD,MINOR,10.0,20.0,PAVED,TwoWay,PAVED,2,50,24HR,Y,1998.0,302.103252825696
WELLINGTON ST N,04-At/near private drive,02-Thru lane,01-Clear,01-Daylight,MIDBLOCK,Sunday,June,1,WELLINGTON ST N,2,ROAD,MINOR,9.0,20.0,PAVED,TwoWay,PAVED,2,50,24HR,Y,1854.0,181.974663071179
WELLINGTON ST N,04-At/near private drive,02-Thru lane,01-Clear,01-Daylight,MIDBLOCK,Sunday,June,1,WELLINGTON ST N,2,ROAD,MINOR,9.0,20.0,PAVED,TwoWay,PAVED,2,50,24HR,Y,1996.0,183.374971176665
WELLINGTON ST N,04-At/near private drive,02-Thru lane,04-Freezing Rain,"08-Dark, artificial",MIDBLOCK,Wednesday,January,0,WELLINGTON ST N,2,ROAD,MINOR,9.0,20.0,PAVED,TwoWay,PAVED,2,50,24HR,Y,1854.0,243.2643835816
WELLINGTON ST N,04-At/near private drive,02-Thru lane,04-Freezing Rain,"08-Dark, artificial",MIDBLOCK,Wednesday,January,0,WELLINGTON ST N,2,ROAD,MINOR,10.0,20.0,PAVED,TwoWay,PAVED,2,50,24HR,Y,1854.0,215.974858156938
WELLINGTON ST N,04-At/near private drive,02-Thru lane,04-Freezing Rain,"08-Dark, artificial",MIDBLOCK,Wednesday,January,0,WELLINGTON ST N,2,ROAD,MINOR,10.0,20.0,PAVED,TwoWay,PAVED,2,50,24HR,Y,1998.0,302.103252825696
WELLINGTON ST N,04-At/near private drive,02-Thru lane,04-Freezing Rain,"08-Dark, artificial",MIDBLOCK,Wednesday,January,0,WELLINGTON ST N,2,ROAD,MINOR,9.0,20.0,PAVED,TwoWay,PAVED,2,50,24HR,Y,1854.0,181.974663071179
WELLINGTON ST N,04-At/near private drive,02-Thru lane,04-Freezing Rain,"08-Dark, artificial",MIDBLOCK,Wednesday,January,0,WELLINGTON ST N,2,ROAD,MINOR,9.0,20.0,PAVED,TwoWay,PAVED,2,50,24HR,Y,1996.0,183.374971176665
WELLINGTON ST N,01-Non intersection,02-Thru lane,03-Snow,"06-Dusk, artificial",MIDBLOCK,Thursday,December,0,WELLINGTON ST N,2,ROAD,MINOR,9.0,20.0,PAVED,TwoWay,PAVED,2,50,24HR,Y,1854.0,243.2643835816
WELLINGTON ST N,01-Non intersection,02-Thru lane,03-Snow,"06-Dusk, artificial",MIDBLOCK,Thursday,December,0,WELLINGTON ST N,2,ROAD,MINOR,10.0,20.0,PAVED,TwoWay,PAVED,2,50,24HR,Y,1854.0,215.974858156938
WELLINGTON ST N,01-Non intersection,02-Thru lane,03-Snow,"06-Dusk, artificial",MIDBLOCK,Thursday,December,0,WELLINGTON ST N,2,ROAD,MINOR,10.0,20.0,PAVED,TwoWay,PAVED,2,50,24HR,Y,1998.0,302.103252825696
WELLINGTON ST N,01-Non intersection,02-Thru lane,03-Snow,"06-Dusk, artificial",MIDBLOCK,Thursday,December,0,WELLINGTON ST N,2,ROAD,MINOR,9.0,20.0,PAVED,TwoWay,PAVED,2,50,24HR,Y,1854.0,181.974663071179
WELLINGTON ST N,01-Non intersection,02-Thru lane,03-Snow,"06-Dusk, artificial",MIDBLOCK,Thursday,December,0,WELLINGTON ST N,2,ROAD,MINOR,9.0,20.0,PAVED,TwoWay,PAVED,2,50,24HR,Y,1996.0,183.374971176665
WELLINGTON ST N,01-Non intersection,02-Thru lane,01-Clear,01-Daylight,MIDBLOCK,Thursday,September,0,WELLINGTON ST N,2,ROAD,MINOR,9.0,20.0,PAVED,TwoWay,PAVED,2,50,24HR,Y,1854.0,243.2643835816
WELLINGTON ST N,01-Non intersection,02-Thru lane,01-Clear,01-Daylight,MIDBLOCK,Thursday,September,0,WELLINGTON ST N,2,ROAD,MINOR,10.0,20.0,PAVED,TwoWay,PAVED,2,50,24HR,Y,1854.0,215.974858156938
WELLINGTON ST N,01-Non intersection,02-Thru lane,01-Clear,01-Daylight,MIDBLOCK,Thursday,September,0,WELLINGTON ST N,2,ROAD,MINOR,10.0,20.0,PAVED,TwoWay,PAVED,2,50,24HR,Y,1998.0,302.103252825696
WELLINGTON ST N,01-Non intersection,02-Thru lane,01-Clear,01-Daylight,MIDBLOCK,Thursday,September,0,WELLINGTON ST N,2,ROAD,MINOR,9.0,20.0,PAVED,TwoWay,PAVED,2,50,24HR,Y,1854.0,181.974663071179
WELLINGTON ST N,01-Non intersection,02-Thru lane,01-Clear,01-Daylight,MIDBLOCK,Thursday,September,0,WELLINGTON ST N,2,ROAD,MINOR,9.0,20.0,PAVED,TwoWay,PAVED,2,50,24HR,Y,1996.0,183.374971176665
WELLINGTON ST N,01-Non intersection,02-Thru lane,01-Clear,07-Dark,MIDBLOCK,Saturday,November,1,WELLINGTON ST N,2,ROAD,MINOR,9.0,20.0,PAVED,TwoWay,PAVED,2,50,24HR,Y,1854.0,243.2643835816
WELLINGTON ST N,01-Non intersection,02-Thru lane,01-Clear,07-Dark,MIDBLOCK,Saturday,November,1,WELLINGTON ST N,2,ROAD,MINOR,10.0,20.0,PAVED,TwoWay,PAVED,2,50,24HR,Y,1854.0,215.974858156938
WELLINGTON ST N,01-Non intersection,02-Thru lane,01-Clear,07-Dark,MIDBLOCK,Saturday,November,1,WELLINGTON ST N,2,ROAD,MINOR,10.0,20.0,PAVED,TwoWay,PAVED,2,50,24HR,Y,1998.0,302.103252825696
WELLINGTON ST N,01-Non intersection,02-Thru lane,01-Clear,07-Dark,MIDBLOCK,Saturday,November,1,WELLINGTON ST N,2,ROAD,MINOR,9.0,20.0,PAVED,TwoWay,PAVED,2,50,24HR,Y,1854.0,181.974663071179
WELLINGTON ST N,01-Non intersection,02-Thru lane,01-Clear,07-Dark,MIDBLOCK,Saturday,November,1,WELLINGTON ST N,2,ROAD,MINOR,9.0,20.0,PAVED,TwoWay,PAVED,2,50,24HR,Y,1996.0,183.374971176665
WELLINGTON ST N,04-At/near private drive,02-Thru lane,01-Clear,01-Daylight,MIDBLOCK,Monday,March,0,WELLINGTON ST N,2,ROAD,MINOR,9.0,20.0,PAVED,TwoWay,PAVED,2,50,24HR,Y,1854.0,243.2643835816
WELLINGTON ST N,04-At/near private drive,02-Thru lane,01-Clear,01-Daylight,MIDBLOCK,Monday,March,0,WELLINGTON ST N,2,ROAD,MINOR,10.0,20.0,PAVED,TwoWay,PAVED,2,50,24HR,Y,1854.0,215.974858156938
WELLINGTON ST N,04-At/near private drive,02-Thru lane,01-Clear,01-Daylight,MIDBLOCK,Monday,March,0,WELLINGTON ST N,2,ROAD,MINOR,10.0,20.0,PAVED,TwoWay,PAVED,2,50,24HR,Y,1998.0,302.103252825696
WELLINGTON ST N,04-At/near private drive,02-Thru lane,01-Clear,01-Daylight,MIDBLOCK,Monday,March,0,WELLINGTON ST N,2,ROAD,MINOR,9.0,20.0,PAVED,TwoWay,PAVED,2,50,24HR,Y,1854.0,181.974663071179
WELLINGTON ST N,04-At/near private drive,02-Thru lane,01-Clear,01-Daylight,MIDBLOCK,Monday,March,0,WELLINGTON ST N,2,ROAD,MINOR,9.0,20.0,PAVED,TwoWay,PAVED,2,50,24HR,Y,1996.0,183.374971176665
WELLINGTON ST N,01-Non intersection,02-Thru lane,03-Snow,01-Daylight,MIDBLOCK,Sunday,February,1,WELLINGTON ST N,2,ROAD,MINOR,9.0,20.0,PAVED,TwoWay,PAVED,2,50,24HR,Y,1854.0,243.2643835816
WELLINGTON ST N,01-Non intersection,02-Thru lane,03-Snow,01-Daylight,MIDBLOCK,Sunday,February,1,WELLINGTON ST N,2,ROAD,MINOR,10.0,20.0,PAVED,TwoWay,PAVED,2,50,24HR,Y,1854.0,215.974858156938
WELLINGTON ST N,01-Non intersection,02-Thru lane,03-Snow,01-Daylight,MIDBLOCK,Sunday,February,1,WELLINGTON ST N,2,ROAD,MINOR,10.0,20.0,PAVED,TwoWay,PAVED,2,50,24HR,Y,1998.0,302.103252825696
WELLINGTON ST N,01-Non intersection,02-Thru lane,03-Snow,01-Daylight,MIDBLOCK,Sunday,February,1,WELLINGTON ST N,2,ROAD,MINOR,9.0,20.0,PAVED,TwoWay,PAVED,2,50,24HR,Y,1854.0,181.974663071179
WELLINGTON ST N,01-Non intersection,02-Thru lane,03-Snow,01-Daylight,MIDBLOCK,Sunday,February,1,WELLINGTON ST N,2,ROAD,MINOR,9.0,20.0,PAVED,TwoWay,PAVED,2,50,24HR,Y,1996.0,183.374971176665
WELLINGTON ST N,04-At/near private drive,02-Thru lane,01-Clear,01-Daylight,MIDBLOCK,Thursday,March,0,WELLINGTON ST N,2,ROAD,MINOR,9.0,20.0,PAVED,TwoWay,PAVED,2,50,24HR,Y,1854.0,243.2643835816
WELLINGTON ST N,04-At/near private drive,02-Thru lane,01-Clear,01-Daylight,MIDBLOCK,Thursday,March,0,WELLINGTON ST N,2,ROAD,MINOR,10.0,20.0,PAVED,TwoWay,PAVED,2,50,24HR,Y,1854.0,215.974858156938
WELLINGTON ST N,04-At/near private drive,02-Thru lane,01-Clear,01-Daylight,MIDBLOCK,Thursday,March,0,WELLINGTON ST N,2,ROAD,MINOR,10.0,20.0,PAVED,TwoWay,PAVED,2,50,24HR,Y,1998.0,302.103252825696
WELLINGTON ST N,04-At/near private drive,02-Thru lane,01-Clear,01-Daylight,MIDBLOCK,Thursday,March,0,WELLINGTON ST N,2,ROAD,MINOR,9.0,20.0,PAVED,TwoWay,PAVED,2,50,24HR,Y,1854.0,181.974663071179
WELLINGTON ST N,04-At/near private drive,02-Thru lane,01-Clear,01-Daylight,MIDBLOCK,Thursday,March,0,WELLINGTON ST N,2,ROAD,MINOR,9.0,20.0,PAVED,TwoWay,PAVED,2,50,24HR,Y,1996.0,183.374971176665
WELLINGTON ST N,04-At/near private drive,02-Thru lane,01-Clear,07-Dark,MIDBLOCK,Tuesday,May,0,WELLINGTON ST N,2,ROAD,MINOR,9.0,20.0,PAVED,TwoWay,PAVED,2,50,24HR,Y,1854.0,243.2643835816
WELLINGTON ST N,04-At/near private drive,02-Thru lane,01-Clear,07-Dark,MIDBLOCK,Tuesday,May,0,WELLINGTON ST N,2,ROAD,MINOR,10.0,20.0,PAVED,TwoWay,PAVED,2,50,24HR,Y,1854.0,215.974858156938
WELLINGTON ST N,04-At/near private drive,02-Thru lane,01-Clear,07-Dark,MIDBLOCK,Tuesday,May,0,WELLINGTON ST N,2,ROAD,MINOR,10.0,20.0,PAVED,TwoWay,PAVED,2,50,24HR,Y,1998.0,302.103252825696
WELLINGTON ST N,04-At/near private drive,02-Thru lane,01-Clear,07-Dark,MIDBLOCK,Tuesday,May,0,WELLINGTON ST N,2,ROAD,MINOR,9.0,20.0,PAVED,TwoWay,PAVED,2,50,24HR,Y,1854.0,181.974663071179
WELLINGTON ST N,04-At/near private drive,02-Thru lane,01-Clear,07-Dark,MIDBLOCK,Tuesday,May,0,WELLINGTON ST N,2,ROAD,MINOR,9.0,20.0,PAVED,TwoWay,PAVED,2,50,24HR,Y,1996.0,183.374971176665
WELLINGTON ST N,05-At railway crossing,02-Thru lane,01-Clear,01-Daylight,MIDBLOCK,Wednesday,May,0,WELLINGTON ST N,2,ROAD,MINOR,9.0,20.0,PAVED,TwoWay,PAVED,2,50,24HR,Y,1854.0,243.2643835816
WELLINGTON ST N,05-At railway crossing,02-Thru lane,01-Clear,01-Daylight,MIDBLOCK,Wednesday,May,0,WELLINGTON ST N,2,ROAD,MINOR,10.0,20.0,PAVED,TwoWay,PAVED,2,50,24HR,Y,1854.0,215.974858156938
WELLINGTON ST N,05-At railway crossing,02-Thru lane,01-Clear,01-Daylight,MIDBLOCK,Wednesday,May,0,WELLINGTON ST N,2,ROAD,MINOR,10.0,20.0,PAVED,TwoWay,PAVED,2,50,24HR,Y,1998.0,302.103252825696
WELLINGTON ST N,05-At railway crossing,02-Thru lane,01-Clear,01-Daylight,MIDBLOCK,Wednesday,May,0,WELLINGTON ST N,2,ROAD,MINOR,9.0,20.0,PAVED,TwoWay,PAVED,2,50,24HR,Y,1854.0,181.974663071179
WELLINGTON ST N,05-At railway crossing,02-Thru lane,01-Clear,01-Daylight,MIDBLOCK,Wednesday,May,0,WELLINGTON ST N,2,ROAD,MINOR,9.0,20.0,PAVED,TwoWay,PAVED,2,50,24HR,Y,1996.0,183.374971176665
WELLINGTON ST N,01-Non intersection,02-Thru lane,01-Clear,01-Daylight,MIDBLOCK,Wednesday,July,0,WELLINGTON ST N,2,ROAD,MINOR,9.0,20.0,PAVED,TwoWay,PAVED,2,50,24HR,Y,1854.0,243.2643835816
WELLINGTON ST N,01-Non intersection,02-Thru lane,01-Clear,01-Daylight,MIDBLOCK,Wednesday,July,0,WELLINGTON ST N,2,ROAD,MINOR,10.0,20.0,PAVED,TwoWay,PAVED,2,50,24HR,Y,1854.0,215.974858156938
WELLINGTON ST N,01-Non intersection,02-Thru lane,01-Clear,01-Daylight,MIDBLOCK,Wednesday,July,0,WELLINGTON ST N,2,ROAD,MINOR,10.0,20.0,PAVED,TwoWay,PAVED,2,50,24HR,Y,1998.0,302.103252825696
WELLINGTON ST N,01-Non intersection,02-Thru lane,01-Clear,01-Daylight,MIDBLOCK,Wednesday,July,0,WELLINGTON ST N,2,ROAD,MINOR,9.0,20.0,PAVED,TwoWay,PAVED,2,50,24HR,Y,1854.0,181.974663071179