LOCATION,ACCIDENT_LOCATION,IMPACT_LOCATION,ENVIRONMENT_CONDITION,LIGHT,COLLISION_TYPE,DAY_OF_WEEK,MONTH,IS_WEEKEND,STREET,LANES,CATEGORY,SUBCATEGORY,PAVEMENT_WIDTH,ROW_WIDTH,SHOULDER,FLOW_DIRECTION,SURFACE_LAYER_TYPE,OFFICIAL_ROAD_CLASSIFICATION,SPEED_LIMIT_KM,TRUCK_ACCESS,BUS_ROUTE,SERVICE_YEAR,Shape__Length
WELLINGTON ST N,01-Non intersection,02-Thru lane,01-Clear,01-Daylight,MIDBLOCK,Wednesday,July,0,WELLINGTON ST N,2,ROAD,MINOR,9.0,20.0,PAVED,TwoWay,PAVED,2,50,24HR,Y,1996.0,183.374971176665
WELLINGTON ST N,04-At/near private drive,02-Thru lane,01-Clear,01-Daylight,MIDBLOCK,Wednesday,May,0,WELLINGTON ST N,2,ROAD,MINOR,9.0,20.0,PAVED,TwoWay,PAVED,2,50,24HR,Y,1854.0,243.2643835816
WELLINGTON ST N,04-At/near private drive,02-Thru lane,01-Clear,01-Daylight,MIDBLOCK,Wednesday,May,0,WELLINGTON ST N,2,ROAD,MINOR,10.0,20.0,PAVED,TwoWay,PAVED,2,50,24HR,Y,1854.0,215.974858156938
WELLINGTON ST N,04-At/near private drive,02-Thru lane,01-Clear,01-Daylight,MIDBLOCK,Wednesday,May,0,WELLINGTON ST N,2,ROAD,MINOR,10.0,20.0,PAVED,TwoWay,PAVED,2,50,24HR,Y,1998.0,302.103252825696
WELLINGTON ST N,04-At/near private drive,02-Thru lane,01-Clear,01-Daylight,MIDBLOCK,Wednesday,May,0,WELLINGTON ST N,2,ROAD,MINOR,9.0,20.0,PAVED,TwoWay,PAVED,2,50,24HR,Y,1854.0,181.974663071179
WELLINGTON ST N,04-At/near private drive,02-Thru lane,01-Clear,01-Daylight,MIDBLOCK,Wednesday,May,0,WELLINGTON ST N,2,ROAD,MINOR,9.0,20.0,PAVED,TwoWay,PAVED,2,50,24HR,Y,1996.0,183.374971176665
WELLINGTON ST N,01-Non intersection,02-Thru lane,01-Clear,01-Daylight,MIDBLOCK,Thursday,July,0,WELLINGTON ST N,2,ROAD,MINOR,9.0,20.0,PAVED,TwoWay,PAVED,2,50,24HR,Y,1854.0,243.2643835816
WELLINGTON ST N,01-Non intersection,02-Thru lane,01-Clear,01-Daylight,MIDBLOCK,Thursday,July,0,WELLINGTON ST N,2,ROAD,MINOR,10.0,20.0,PAVED,TwoWay,PAVED,2,50,24HR,Y,1854.0,215.974858156938
WELLINGTON ST N,01-Non intersection,02-Thru lane,01-Clear,01-Daylight,MIDBLOCK,Thursday,July,0,WELLINGTON ST N,2,ROAD,MINOR,10.0,20.0,PAVED,TwoWay,PAVED,2,50,24HR,Y,1998.0,302.103252825696
WELLINGTON ST N,01-Non intersection,02-Thru lane,01-Clear,01-Daylight,MIDBLOCK,Thursday,July,0,WELLINGTON ST N,2,ROAD,MINOR,9.0,20.0,PAVED,TwoWay,PAVED,2,50,24HR,Y,1854.0,181.974663071179
WELLINGTON ST N,01-Non intersection,02-Thru lane,01-Clear,01-Daylight,MIDBLOCK,Thursday,July,0,WELLINGTON ST N,2,ROAD,MINOR,9.0,20.0,PAVED,TwoWay,PAVED,2,50,24HR,Y,1996.0,183.374971176665
WELLINGTON ST N,04-At/near private drive,02-Thru lane,02-Rain,05-Dusk,MIDBLOCK,Monday,March,0,WELLINGTON ST N,2,ROAD,MINOR,9.0,20.0,PAVED,TwoWay,PAVED,2,50,24HR,Y,1854.0,243.2643835816
WELLINGTON ST N,04-At/near private drive,02-Thru lane,02-Rain,05-Dusk,MIDBLOCK,Monday,March,0,WELLINGTON ST N,2,ROAD,MINOR,10.0,20.0,PAVED,TwoWay,PAVED,2,50,24HR,Y,1854.0,215.974858156938
WELLINGTON ST N,04-At/near private drive,02-Thru lane,02-Rain,05-Dusk,MIDBLOCK,Monday,March,0,WELLINGTON ST N,2,ROAD,MINOR,10.0,20.0,PAVED,TwoWay,PAVED,2,50,24HR,Y,1998.0,302.103252825696
WELLINGTON ST N,04-At/near private drive,02-Thru lane,02-Rain,05-Dusk,MIDBLOCK,Monday,March,0,WELLINGTON ST N,2,ROAD,MINOR,9.0,20.0,PAVED,TwoWay,PAVED,2,50,24HR,Y,1854.0,181.974663071179
WELLINGTON ST N,04-At/near private drive,02-Thru lane,02-Rain,05-Dusk,MIDBLOCK,Monday,March,0,WELLINGTON ST N,2,ROAD,MINOR,9.0,20.0,PAVED,TwoWay,PAVED,2,50,24HR,Y,1996.0,183.374971176665
WELLINGTON ST N,04-At/near private drive,02-Thru lane,01-Clear,01-Daylight,MIDBLOCK,Tuesday,February,0,WELLINGTON ST N,2,ROAD,MINOR,9.0,20.0,PAVED,TwoWay,PAVED,2,50,24HR,Y,1854.0,243.2643835816
WELLINGTON ST N,04-At/near private drive,02-Thru lane,01-Clear,01-Daylight,MIDBLOCK,Tuesday,February,0,WELLINGTON ST N,2,ROAD,MINOR,10.0,20.0,PAVED,TwoWay,PAVED,2,50,24HR,Y,1854.0,215.974858156938
WELLINGTON ST N,04-At/near private drive,02-Thru lane,01-Clear,01-Daylight,MIDBLOCK,Tuesday,February,0,WELLINGTON ST N,2,ROAD,MINOR,10.0,20.0,PAVED,TwoWay,PAVED,2,50,24HR,Y,1998.0,302.103252825696
WELLINGTON ST N,04-At/near private drive,02-Thru lane,01-Clear,01-Daylight,MIDBLOCK,Tuesday,February,0,WELLINGTON ST N,2,ROAD,MINOR,9.0,20.0,PAVED,TwoWay,PAVED,2,50,24HR,Y,1854.0,181.974663071179
WELLINGTON ST N,04-At/near private drive,02-Thru lane,01-Clear,01-Daylight,MIDBLOCK,Tuesday,February,0,WELLINGTON ST N,2,ROAD,MINOR,9.0,20.0,PAVED,TwoWay,PAVED,2,50,24HR,Y,1996.0,183.374971176665
WELLINGTON ST N,04-At/near private drive,02-Thru lane,01-Clear,01-Daylight,MIDBLOCK,Monday,July,0,WELLINGTON ST N,2,ROAD,MINOR,9.0,20.0,PAVED,TwoWay,PAVED,2,50,24HR,Y,1854.0,243.2643835816
WELLINGTON ST N,04-At/near private drive,02-Thru lane,01-Clear,01-Daylight,MIDBLOCK,Monday,July,0,WELLINGTON ST N,2,ROAD,MINOR,10.0,20.0,PAVED,TwoWay,PAVED,2,50,24HR,Y,1854.0,215.974858156938
WELLINGTON ST N,04-At/near private drive,02-Thru lane,01-Clear,01-Daylight,MIDBLOCK,Monday,July,0,WELLINGTON ST N,2,ROAD,MINOR,10.0,20.0,PAVED,TwoWay,PAVED,2,50,24HR,Y,1998.0,302.103252825696
WELLINGTON ST N,04-At/near private drive,02-Thru lane,01-Clear,01-Daylight,MIDBLOCK,Monday,July,0,WELLINGTON ST N,2,ROAD,MINOR,9.0,20.0,PAVED,TwoWay,PAVED,2,50,24HR,Y,1854.0,181.974663071179
WELLINGTON ST N,04-At/near private drive,02-Thru lane,01-Clear,01-Daylight,MIDBLOCK,Monday,July,0,WELLINGTON ST N,2,ROAD,MINOR,9.0,20.0,PAVED,TwoWay,PAVED,2,50,24HR,Y,1996.0,183.374971176665
WELLINGTON ST N,01-Non intersection,02-Thru lane,01-Clear,01-Daylight,MIDBLOCK,Wednesday,September,0,WELLINGTON ST N,2,ROAD,MINOR,9.0,20.0,PAVED,TwoWay,PAVED,2,50,24HR,Y,1854.0,243.2643835816
WELLINGTON ST N,01-Non intersection,02-Thru lane,01-Clear,01-Daylight,MIDBLOCK,Wednesday,September,0,WELLINGTON ST N,2,ROAD,MINOR,10.0,20.0,PAVED,TwoWay,PAVED,2,50,24HR,Y,1854.0,215.974858156938
WELLINGTON ST N,01-Non intersection,02-Thru lane,01-Clear,01-Daylight,MIDBLOCK,Wednesday,September,0,WELLINGTON ST N,2,ROAD,MINOR,10.0,20.0,PAVED,TwoWay,PAVED,2,50,24HR,Y,1998.0,302.103252825696
WELLINGTON ST N,01-Non intersection,02-Thru lane,01-Clear,01-Daylight,MIDBLOCK,Wednesday,September,0,WELLINGTON ST N,2,ROAD,MINOR,9.0,20.0,PAVED,TwoWay,PAVED,2,50,24HR,Y,1854.0,181.974663071179
WELLINGTON ST N,01-Non intersection,02-Thru lane,01-Clear,01-Daylight,MIDBLOCK,Wednesday,September,0,WELLINGTON ST N,2,ROAD,MINOR,9.0,20.0,PAVED,TwoWay,PAVED,2,50,24HR,Y,1996.0,183.374971176665
WELLINGTON ST N,01-Non intersection,09-Right shoulder,01-Clear,01-Daylight,MIDBLOCK,Friday,June,0,WELLINGTON ST N,2,ROAD,MINOR,9.0,20.0,PAVED,TwoWay,PAVED,2,50,24HR,Y,1854.0,243.2643835816
WELLINGTON ST N,01-Non intersection,09-Right shoulder,01-Clear,01-Daylight,MIDBLOCK,Friday,June,0,WELLINGTON ST N,2,ROAD,MINOR,10.0,20.0,PAVED,TwoWay,PAVED,2,50,24HR,Y,1854.0,215.974858156938
WELLINGTON ST N,01-Non intersection,09-Right shoulder,01-Clear,01-Daylight,MIDBLOCK,Friday,June,0,WELLINGTON ST N,2,ROAD,MINOR,10.0,20.0,PAVED,TwoWay,PAVED,2,50,24HR,Y,1998.0,302.103252825696
WELLINGTON ST N,01-Non intersection,09-Right shoulder,01-Clear,01-Daylight,MIDBLOCK,Friday,June,0,WELLINGTON ST N,2,ROAD,MINOR,9.0,20.0,PAVED,TwoWay,PAVED,2,50,24HR,Y,1854.0,181.974663071179
WELLINGTON ST N,01-Non intersection,09-Right shoulder,01-Clear,01-Daylight,MIDBLOCK,Friday,June,0,WELLINGTON ST N,2,ROAD,MINOR,9.0,20.0,PAVED,TwoWay,PAVED,2,50,24HR,Y,1996.0,183.374971176665
WELLINGTON ST N,04-At/near private drive,02-Thru lane,01-Clear,01-Daylight,MIDBLOCK,Tuesday,October,0,WELLINGTON ST N,2,ROAD,MINOR,9.0,20.0,PAVED,TwoWay,PAVED,2,50,24HR,Y,1854.0,243.2643835816
WELLINGTON ST N,04-At/near private drive,02-Thru lane,01-Clear,01-Daylight,MIDBLOCK,Tuesday,October,0,WELLINGTON ST N,2,ROAD,MINOR,10.0,20.0,PAVED,TwoWay,PAVED,2,50,24HR,Y,1854.0,215.974858156938
WELLINGTON ST N,04-At/near private drive,02-Thru lane,01-Clear,01-Daylight,MIDBLOCK,Tuesday,October,0,WELLINGTON ST N,2,ROAD,MINOR,10.0,20.0,PAVED,TwoWay,PAVED,2,50,24HR,Y,1998.0,302.103252825696
WELLINGTON ST N,04-At/near private drive,02-Thru lane,01-Clear,01-Daylight,MIDBLOCK,Tuesday,October,0,WELLINGTON ST N,2,ROAD,MINOR,9.0,20.0,PAVED,TwoWay,PAVED,2,50,24HR,Y,1854.0,181.974663071179
WELLINGTON ST N,04-At/near private drive,02-Thru lane,01-Clear,01-Daylight,MIDBLOCK,Tuesday,October,0,WELLINGTON ST N,2,ROAD,MINOR,9.0,20.0,PAVED,TwoWay,PAVED,2,50,24HR,Y,1996.0,183.374971176665
WELLINGTON ST N,01-Non intersection,02-Thru lane,01-Clear,01-Daylight,MIDBLOCK,Wednesday,May,0,WELLINGTON ST N,2,ROAD,MINOR,9.0,20.0,PAVED,TwoWay,PAVED,2,50,24HR,Y,1854.0,243.2643835816
WELLINGTON ST N,01-Non intersection,02-Thru lane,01-Clear,01-Daylight,MIDBLOCK,Wednesday,May,0,WELLINGTON ST N,2,ROAD,MINOR,10.0,20.0,PAVED,TwoWay,PAVED,2,50,24HR,Y,1854.0,215.974858156938
WELLINGTON ST N,01-Non intersection,02-Thru lane,01-Clear,01-Daylight,MIDBLOCK,Wednesday,May,0,WELLINGTON ST N,2,ROAD,MINOR,10.0,20.0,PAVED,TwoWay,PAVED,2,50,24HR,Y,1998.0,302.103252825696
WELLINGTON ST N,01-Non intersection,02-Thru lane,01-Clear,01-Daylight,MIDBLOCK,Wednesday,May,0,WELLINGTON ST N,2,ROAD,MINOR,9.0,20.0,PAVED,TwoWay,PAVED,2,50,24HR,Y,1854.0,181.974663071179
WELLINGTON ST N,01-Non intersection,02-Thru lane,01-Clear,01-Daylight,MIDBLOCK,Wednesday,May,0,WELLINGTON ST N,2,ROAD,MINOR,9.0,20.0,PAVED,TwoWay,PAVED,2,50,24HR,Y,1996.0,183.374971176665
WELLINGTON ST N,01-Non intersection,09-Right shoulder,01-Clear,03-Dawn,MIDBLOCK,Friday,October,0,WELLINGTON ST N,2,ROAD,MINOR,9.0,20.0,PAVED,TwoWay,PAVED,2,50,24HR,Y,1854.0,243.2643835816
WELLINGTON ST N,01-Non intersection,09-Right shoulder,01-Clear,03-Dawn,MIDBLOCK,Friday,October,0,WELLINGTON ST N,2,ROAD,MINOR,10.0,20.0,PAVED,TwoWay,PAVED,2,50,24HR,Y,1854.0,215.974858156938
WELLINGTON ST N,01-Non intersection,09-Right shoulder,01-Clear,03-Dawn,MIDBLOCK,Friday,October,0,WELLINGTON ST N,2,ROAD,MINOR,10.0,20.0,PAVED,TwoWay,PAVED,2,50,24HR,Y,1998.0,302.103252825696
WELLINGTON ST N,01-Non intersection,09-Right shoulder,01-Clear,03-Dawn,MIDBLOCK,Friday,October,0,WELLINGTON ST N,2,ROAD,MINOR,9.0,20.0,PAVED,TwoWay,PAVED,2,50,24HR,Y,1854.0,181.974663071179
WELLINGTON ST N,01-Non intersection,09-Right shoulder,01-Clear,03-Dawn,MIDBLOCK,Friday,October,0,WELLINGTON ST N,2,ROAD,MINOR,9.0,20.0,PAVED,TwoWay,PAVED,2,50,24HR,Y,1996.0,183.374971176665
WELLINGTON ST N,01-Non intersection,02-Thru lane,04-Freezing Rain,07-Dark,MIDBLOCK,Saturday,December,1,WELLINGTON ST N,2,ROAD,MINOR,9.0,20.0,PAVED,TwoWay,PAVED,2,50,24HR,Y,1854.0,243.2643835816
WELLINGTON ST N,01-Non intersection,02-Thru lane,04-Freezing Rain,07-Dark,MIDBLOCK,Saturday,December,1,WELLINGTON ST N,2,ROAD,MINOR,10.0,20.0,PAVED,TwoWay,PAVED,2,50,24HR,Y,1854.0,215.974858156938
WELLINGTON ST N,01-Non intersection,02-Thru lane,04-Freezing Rain,07-Dark,MIDBLOCK,Saturday,December,1,WELLINGTON ST N,2,ROAD,MINOR,10.0,20.0,PAVED,TwoWay,PAVED,2,50,24HR,Y,1998.0,302.103252825696
WELLINGTON ST N,01-Non intersection,02-Thru lane,04-Freezing Rain,07-Dark,MIDBLOCK,Saturday,December,1,WELLINGTON ST N,2,ROAD,MINOR,9.0,20.0,PAVED,TwoWay,PAVED,2,50,24HR,Y,1854.0,181.974663071179
WELLINGTON ST N,01-Non intersection,02-Thru lane,04-Freezing Rain,07-Dark,MIDBLOCK,Saturday,December,1,WELLINGTON ST N,2,ROAD,MINOR,9.0,20.0,PAVED,TwoWay,PAVED,2,50,24HR,Y,1996.0,183.374971176665
WELLINGTON ST N,99-Other,12-Off highway,01-Clear,01-Daylight,MIDBLOCK,Sunday,March,1,WELLINGTON ST N,2,ROAD,MINOR,9.0,20.0,PAVED,TwoWay,PAVED,2,50,24HR,Y,1854.0,243.2643835816
WELLINGTON ST N,99-Other,12-Off highway,01-Clear,01-Daylight,MIDBLOCK,Sunday,March,1,WELLINGTON ST N,2,ROAD,MINOR,10.0,20.0,PAVED,TwoWay,PAVED,2,50,24HR,Y,1854.0,215.974858156938
WELLINGTON ST N,99-Other,12-Off highway,01-Clear,01-Daylight,MIDBLOCK,Sunday,March,1,WELLINGTON ST N,2,ROAD,MINOR,10.0,20.0,PAVED,TwoWay,PAVED,2,50,24HR,Y,1998.0,302.103252825696
WELLINGTON ST N,99-Other,12-Off highway,01-Clear,01-Daylight,MIDBLOCK,Sunday,March,1,WELLINGTON ST N,2,ROAD,MINOR,9.0,20.0,PAVED,TwoWay,PAVED,2,50,24HR,Y,1854.0,181.974663071179
WELLINGTON ST N,99-Other,12-Off highway,01-Clear,01-Daylight,MIDBLOCK,Sunday,March,1,WELLINGTON ST N,2,ROAD,MINOR,9.0,20.0,PAVED,TwoWay,PAVED,2,50,24HR,Y,1996.0,183.374971176665
WELLINGTON ST N,04-At/near private drive,02-Thru lane,01-Clear,01-Daylight,MIDBLOCK,Friday,February,0,WELLINGTON ST N,2,ROAD,MINOR,9.0,20.0,PAVED,TwoWay,PAVED,2,50,24HR,Y,1854.0,243.2643835816
WELLINGTON ST N,04-At/near private drive,02-Thru lane,01-Clear,01-Daylight,MIDBLOCK,Friday,February,0,WELLINGTON ST N,2,ROAD,MINOR,10.0,20.0,PAVED,TwoWay,PAVED,2,50,24HR,Y,1854.0,215.974858156938
WELLINGTON ST N,04-At/near private drive,02-Thru lane,01-Clear,01-Daylight,MIDBLOCK,Friday,February,0,WELLINGTON ST N,2,ROAD,MINOR,10.0,20.0,PAVED,TwoWay,PAVED,2,50,24HR,Y,1998.0,302.103252825696
WELLINGTON ST N,04-At/near private drive,02-Thru lane,01-Clear,01-Daylight,MIDBLOCK,Friday,February,0,WELLINGTON ST N,2,ROAD,MINOR,9.0,20.0,PAVED,TwoWay,PAVED,2,50,24HR,Y,1854.0,181.974663071179
WELLINGTON ST N,04-At/near private drive,02-Thru lane,01-Clear,01-Daylight,MIDBLOCK,Friday,February,0,WELLINGTON ST N,2,ROAD,MINOR,9.0,20.0,PAVED,TwoWay,PAVED,2,50,24HR,Y,1996.0,183.374971176665
WELLINGTON ST N,01-Non intersection,02-Thru lane,01-Clear,01-Daylight,MIDBLOCK,Wednesday,August,0,WELLINGTON ST N,2,ROAD,MINOR,9.0,20.0,PAVED,TwoWay,PAVED,2,50,24HR,Y,1854.0,243.2643835816
WELLINGTON ST N,01-Non intersection,02-Thru lane,01-Clear,01-Daylight,MIDBLOCK,Wednesday,August,0,WELLINGTON ST N,2,ROAD,MINOR,10.0,20.0,PAVED,TwoWay,PAVED,2,50,24HR,Y,1854.0,215.974858156938
WELLINGTON ST N,01-Non intersection,02-Thru lane,01-Clear,01-Daylight,MIDBLOCK,Wednesday,August,0,WELLINGTON ST N,2,ROAD,MINOR,10.0,20.0,PAVED,TwoWay,PAVED,2,50,24HR,Y,1998.0,302.103252825696
WELLINGTON ST N,01-Non intersection,02-Thru lane,01-Clear,01-Daylight,MIDBLOCK,Wednesday,August,0,WELLINGTON ST N,2,ROAD,MINOR,9.0,20.0,PAVED,TwoWay,PAVED,2,50,24HR,Y,1854.0,181.974663071179
WELLINGTON ST N,01-Non intersection,02-Thru lane,01-Clear,01-Daylight,MIDBLOCK,Wednesday,August,0,WELLINGTON ST N,2,ROAD,MINOR,9.0,20.0,PAVED,TwoWay,PAVED,2,50,24HR,Y,1996.0,183.374971176665
WELLINGTON ST N,01-Non intersection,02-Thru lane,01-Clear,01-Daylight,MIDBLOCK,Monday,July,0,WELLINGTON ST N,2,ROAD,MINOR,9.0,20.0,PAVED,TwoWay,PAVED,2,50,24HR,Y,1854.0,243.2643835816
WELLINGTON ST N,01-Non intersection,02-Thru lane,01-Clear,01-Daylight,MIDBLOCK,Monday,July,0,WELLINGTON ST N,2,ROAD,MINOR,10.0,20.0,PAVED,TwoWay,PAVED,2,50,24HR,Y,1854.0,215.974858156938
WELLINGTON ST N,01-Non intersection,02-Thru lane,01-Clear,01-Daylight,MIDBLOCK,Monday,July,0,WELLINGTON ST N,2,ROAD,MINOR,10.0,20.0,PAVED,TwoWay,PAVED,2,50,24HR,Y,1998.0,302.103252825696
WELLINGTON ST N,01-Non intersection,02-Thru lane,01-Clear,01-Daylight,MIDBLOCK,Monday,July,0,WELLINGTON ST N,2,ROAD,MINOR,9.0,20.0,PAVED,TwoWay,PAVED,2,50,24HR,Y,1854.0,181.974663071179
WELLINGTON ST N,01-Non intersection,02-Thru lane,01-Clear,01-Daylight,MIDBLOCK,Monday,July,0,WELLINGTON ST N,2,ROAD,MINOR,9.0,20.0,PAVED,TwoWay,PAVED,2,50,24HR,Y,1996.0,183.374971176665
WELLINGTON ST N,04-At/near private drive,02-Thru lane,01-Clear,07-Dark,MIDBLOCK,Sunday,May,1,WELLINGTON ST N,2,ROAD,MINOR,9.0,20.0,PAVED,TwoWay,PAVED,2,50,24HR,Y,1854.0,243.2643835816
WELLINGTON ST N,04-At/near private drive,02-Thru lane,01-Clear,07-Dark,MIDBLOCK,Sunday,May,1,WELLINGTON ST N,2,ROAD,MINOR,10.0,20.0,PAVED,TwoWay,PAVED,2,50,24HR,Y,1854.0,215.974858156938
WELLINGTON ST N,04-At/near private drive,02-Thru lane,01-Clear,07-Dark,MIDBLOCK,Sunday,May,1,WELLINGTON ST N,2,ROAD,MINOR,10.0,20.0,PAVED,TwoWay,PAVED,2,50,24HR,Y,1998.0,302.103252825696
WELLINGTON ST N,04-At/near private drive,02-Thru lane,01-Clear,07-Dark,MIDBLOCK,Sunday,May,1,WELLINGTON ST N,2,ROAD,MINOR,9.0,20.0,PAVED,TwoWay,PAVED,2,50,24HR,Y,1854.0,181.974663071179
WELLINGTON ST N,04-At/near private drive,02-Thru lane,01-Clear,07-Dark,MIDBLOCK,Sunday,May,1,WELLINGTON ST N,2,ROAD,MINOR,9.0,20.0,PAVED,TwoWay,PAVED,2,50,24HR,Y,1996.0,183.374971176665
YORK ST,04-At/near private drive,02-Thru lane,01-Clear,01-Daylight,MIDBLOCK,Sunday,October,1,YORK ST,2,ROAD,LOCAL,6.0,15.0,PAVED,TwoWay,PAVED,6,50,NO ACCESS,N,2006.0,85.1478595538041
YORK ST,04-At/near private drive,02-Thru lane,01-Clear,01-Daylight,MIDBLOCK,Sunday,October,1,YORK ST,2,ROAD,LOCAL,7.0,20.0,PAVED,TwoWay,PAVED,6,50,NO ACCESS,N,2006.0,76.1846406849465
YORK ST,04-At/near private drive,02-Thru lane,01-Clear,01-Daylight,MIDBLOCK,Sunday,October,1,YORK ST,2,ROAD,LOCAL,7.0,15.0,PAVED,TwoWay,PAVED,6,50,NO ACCESS,N,1912.0,170.534224640343
YORK ST,04-At/near private drive,02-Thru lane,01-Clear,01-Daylight,MIDBLOCK,Sunday,October,1,YORK ST,2,ROAD,LOCAL,7.0,20.0,PAVED,TwoWay,PAVED,6,50,NO ACCESS,N,2006.0,17.0530535733152
YORK ST,04-At/near private drive,02-Thru lane,01-Clear,01-Daylight,MIDBLOCK,Sunday,October,1,YORK ST,2,ROAD,LOCAL,8.0,20.0,PAVED,TwoWay,PAVED,6,50,NO ACCESS,N,2006.0,213.44534483945
YORK ST,04-At/near private drive,02-Thru lane,01-Clear,01-Daylight,MIDBLOCK,Sunday,October,1,YORK ST,2,ROAD,LOCAL,7.0,20.0,PAVED,TwoWay,PAVED,6,50,NO ACCESS,N,2006.0,60.3505534488626
YORK ST,04-At/near private drive,99-Other,01-Clear,01-Daylight,MIDBLOCK,Thursday,March,0,YORK ST,2,ROAD,LOCAL,6.0,15.0,PAVED,TwoWay,PAVED,6,50,NO ACCESS,N,2006.0,85.1478595538041
YORK ST,04-At/near private drive,99-Other,01-Clear,01-Daylight,MIDBLOCK,Thursday,March,0,YORK ST,2,ROAD,LOCAL,7.0,20.0,PAVED,TwoWay,PAVED,6,50,NO ACCESS,N,2006.0,76.1846406849465
YORK ST,04-At/near private drive,99-Other,01-Clear,01-Daylight,MIDBLOCK,Thursday,March,0,YORK ST,2,ROAD,LOCAL,7.0,15.0,PAVED,TwoWay,PAVED,6,50,NO ACCESS,N,1912.0,170.534224640343
YORK ST,04-At/near private drive,99-Other,01-Clear,01-Daylight,MIDBLOCK,Thursday,March,0,YORK ST,2,ROAD,LOCAL,7.0,20.0,PAVED,TwoWay,PAVED,6,50,NO ACCESS,N,2006.0,17.0530535733152
YORK ST,04-At/near private drive,99-Other,01-Clear,01-Daylight,MIDBLOCK,Thursday,March,0,YORK ST,2,ROAD,LOCAL,8.0,20.0,PAVED,TwoWay,PAVED,6,50,NO ACCESS,N,2006.0,213.44534483945
YORK ST,04-At/near private drive,99-Other,01-Clear,01-Daylight,MIDBLOCK,Thursday,March,0,YORK ST,2,ROAD,LOCAL,7.0,20.0,PAVED,TwoWay,PAVED,6,50,NO ACCESS,N,2006.0,60.3505534488626
YORK ST,01-Non intersection,02-Thru lane,01-Clear,"08-Dark, artificial",MIDBLOCK,Saturday,November,1,YORK ST,2,ROAD,LOCAL,6.0,15.0,PAVED,TwoWay,PAVED,6,50,NO ACCESS,N,2006.0,85.1478595538041
YORK ST,01-Non intersection,02-Thru lane,01-Clear,"08-Dark, artificial",MIDBLOCK,Saturday,November,1,YORK ST,2,ROAD,LOCAL,7.0,20.0,PAVED,TwoWay,PAVED,6,50,NO ACCESS,N,2006.0,76.1846406849465
YORK ST,01-Non intersection,02-Thru lane,01-Clear,"08-Dark, artificial",MIDBLOCK,Saturday,November,1,YORK ST,2,ROAD,LOCAL,7.0,15.0,PAVED,TwoWay,PAVED,6,50,NO ACCESS,N,1912.0,170.534224640343
YORK ST,01-Non intersection,02-Thru lane,01-Clear,"08-Dark, artificial",MIDBLOCK,Saturday,November,1,YORK ST,2,ROAD,LOCAL,7.0,20.0,PAVED,TwoWay,PAVED,6,50,NO ACCESS,N,2006.0,17.0530535733152
YORK ST,01-Non intersection,02-Thru lane,01-Clear,"08-Dark, artificial",MIDBLOCK,Saturday,November,1,YORK ST,2,ROAD,LOCAL,8.0,20.0,PAVED,TwoWay,PAVED,6,50,NO ACCESS,N,2006.0,213.44534483945
YORK ST,01-Non intersection,02-Thru lane,01-Clear,"08-Dark, artificial",MIDBLOCK,Saturday,November,1,YORK ST,2,ROAD,LOCAL,7.0,20.0,PAVED,TwoWay,PAVED,6,50,NO ACCESS,N,2006.0,60.3505534488626
DRIFTWOOD DR,04-At/near private drive,09-Right shoulder,01-Clear,07-Dark,MIDBLOCK,Sunday,November,1,DRIFTWOOD DR,2,ROAD,MINOR,9.0,20.0,PAVED,TwoWay,PAVED,4,40,NO ACCESS,Y,2001.0,48.884457947598804
DRIFTWOOD DR,04-At/near private drive,09-Right shoulder,01-Clear,07-Dark,MIDBLOCK,Sunday,November,1,DRIFTWOOD DR,2,ROAD,MINOR,9.0,20.0,PAVED,TwoWay,PAVED,4,40,NO ACCESS,Y,2001.0,98.9908128726681
DRIFTWOOD DR,04-At/near private drive,09-Right shoulder,01-Clear,07-Dark,MIDBLOCK,Sunday,November,1,DRIFTWOOD DR,2,ROAD,MINOR,9.0,20.0,PAVED,TwoWay,PAVED,4,40,NO ACCESS,Y,2001.0,74.37064013588659
DRIFTWOOD DR,04-At/near private drive,09-Right shoulder,01-Clear,07-Dark,MIDBLOCK,Sunday,November,1,DRIFTWOOD DR,2,ROAD,MINOR,10.0,20.0,PAVED,TwoWay,PAVED,4,40,NO ACCESS,Y,2001.0,134.317325651808
DRIFTWOOD DR,04-At/near private drive,09-Right shoulder,01-Clear,07-Dark,MIDBLOCK,Sunday,November,1,DRIFTWOOD DR,2,ROAD,MINOR,10.0,20.0,PAVED,TwoWay,PAVED,4,40,NO ACCESS,Y,2001.0,128.563579928634
DRIFTWOOD DR,04-At/near private drive,09-Right shoulder,01-Clear,07-Dark,MIDBLOCK,Sunday,November,1,DRIFTWOOD DR,2,ROAD,MINOR,10.0,20.0,PAVED,TwoWay,PAVED,4,40,NO ACCESS,Y,2001.0,60.114602331068
DRIFTWOOD DR,04-At/near private drive,09-Right shoulder,01-Clear,07-Dark,MIDBLOCK,Sunday,November,1,DRIFTWOOD DR,2,ROAD,MINOR,10.0,20.0,PAVED,TwoWay,PAVED,4,40,NO ACCESS,Y,2001.0,319.429664740754
DRIFTWOOD DR,04-At/near private drive,09-Right shoulder,01-Clear,07-Dark,MIDBLOCK,Sunday,November,1,DRIFTWOOD DR,2,ROAD,MINOR,9.0,20.0,PAVED,TwoWay,PAVED,4,40,NO ACCESS,Y,2001.0,52.5021833155331
DRIFTWOOD DR,04-At/near private drive,09-Right shoulder,01-Clear,07-Dark,MIDBLOCK,Sunday,November,1,DRIFTWOOD DR,2,ROAD,MINOR,9.0,20.0,PAVED,TwoWay,PAVED,4,50,NO ACCESS,Y,2001.0,142.476135133996