LOCATION,ACCIDENT_LOCATION,IMPACT_LOCATION,ENVIRONMENT_CONDITION,LIGHT,COLLISION_TYPE,DAY_OF_WEEK,MONTH,IS_WEEKEND,STREET,LANES,CATEGORY,SUBCATEGORY,PAVEMENT_WIDTH,ROW_WIDTH,SHOULDER,FLOW_DIRECTION,SURFACE_LAYER_TYPE,OFFICIAL_ROAD_CLASSIFICATION,SPEED_LIMIT_KM,TRUCK_ACCESS,BUS_ROUTE,SERVICE_YEAR,Shape__Length
DRIFTWOOD DR,04-At/near private drive,09-Right shoulder,01-Clear,01-Daylight,MIDBLOCK,Saturday,August,1,DRIFTWOOD DR,2,ROAD,MINOR,9.0,20.0,PAVED,TwoWay,PAVED,4,50,NO ACCESS,Y,2001.0,142.476135133996
DRIFTWOOD DR,04-At/near private drive,09-Right shoulder,01-Clear,01-Daylight,MIDBLOCK,Saturday,August,1,DRIFTWOOD DR,2,ROAD,MINOR,9.0,20.0,PAVED,TwoWay,PAVED,4,40,NO ACCESS,Y,2001.0,46.5643027040941
DRIFTWOOD DR,04-At/near private drive,09-Right shoulder,01-Clear,01-Daylight,MIDBLOCK,Saturday,August,1,DRIFTWOOD DR,2,ROAD,MINOR,10.0,20.0,PAVED,TwoWay,PAVED,4,40,NO ACCESS,Y,2001.0,409.22795675193197
DRIFTWOOD DR,04-At/near private drive,02-Thru lane,01-Clear,01-Daylight,MIDBLOCK,Wednesday,December,0,DRIFTWOOD DR,2,ROAD,MINOR,9.0,20.0,PAVED,TwoWay,PAVED,4,40,NO ACCESS,Y,2001.0,48.884457947598804
DRIFTWOOD DR,04-At/near private drive,02-Thru lane,01-Clear,01-Daylight,MIDBLOCK,Wednesday,December,0,DRIFTWOOD DR,2,ROAD,MINOR,9.0,20.0,PAVED,TwoWay,PAVED,4,40,NO ACCESS,Y,2001.0,98.9908128726681
DRIFTWOOD DR,04-At/near private drive,02-Thru lane,01-Clear,01-Daylight,MIDBLOCK,Wednesday,December,0,DRIFTWOOD DR,2,ROAD,MINOR,9.0,20.0,PAVED,TwoWay,PAVED,4,40,NO ACCESS,Y,2001.0,74.37064013588659
DRIFTWOOD DR,04-At/near private drive,02-Thru lane,01-Clear,01-Daylight,MIDBLOCK,Wednesday,December,0,DRIFTWOOD DR,2,ROAD,MINOR,10.0,20.0,PAVED,TwoWay,PAVED,4,40,NO ACCESS,Y,2001.0,134.317325651808
DRIFTWOOD DR,04-At/near private drive,02-Thru lane,01-Clear,01-Daylight,MIDBLOCK,Wednesday,December,0,DRIFTWOOD DR,2,ROAD,MINOR,10.0,20.0,PAVED,TwoWay,PAVED,4,40,NO ACCESS,Y,2001.0,128.563579928634
DRIFTWOOD DR,04-At/near private drive,02-Thru lane,01-Clear,01-Daylight,MIDBLOCK,Wednesday,December,0,DRIFTWOOD DR,2,ROAD,MINOR,10.0,20.0,PAVED,TwoWay,PAVED,4,40,NO ACCESS,Y,2001.0,60.114602331068
DRIFTWOOD DR,04-At/near private drive,02-Thru lane,01-Clear,01-Daylight,MIDBLOCK,Wednesday,December,0,DRIFTWOOD DR,2,ROAD,MINOR,10.0,20.0,PAVED,TwoWay,PAVED,4,40,NO ACCESS,Y,2001.0,319.429664740754
DRIFTWOOD DR,04-At/near private drive,02-Thru lane,01-Clear,01-Daylight,MIDBLOCK,Wednesday,December,0,DRIFTWOOD DR,2,ROAD,MINOR,9.0,20.0,PAVED,TwoWay,PAVED,4,40,NO ACCESS,Y,2001.0,52.5021833155331
DRIFTWOOD DR,04-At/near private drive,02-Thru lane,01-Clear,01-Daylight,MIDBLOCK,Wednesday,December,0,DRIFTWOOD DR,2,ROAD,MINOR,9.0,20.0,PAVED,TwoWay,PAVED,4,50,NO ACCESS,Y,2001.0,142.476135133996
DRIFTWOOD DR,04-At/near private drive,02-Thru lane,01-Clear,01-Daylight,MIDBLOCK,Wednesday,December,0,DRIFTWOOD DR,2,ROAD,MINOR,9.0,20.0,PAVED,TwoWay,PAVED,4,40,NO ACCESS,Y,2001.0,46.5643027040941
DRIFTWOOD DR,04-At/near private drive,02-Thru lane,01-Clear,01-Daylight,MIDBLOCK,Wednesday,December,0,DRIFTWOOD DR,2,ROAD,MINOR,10.0,20.0,PAVED,TwoWay,PAVED,4,40,NO ACCESS,Y,2001.0,409.22795675193197
DRIFTWOOD DR,04-At/near private drive,02-Thru lane,01-Clear,01-Daylight,MIDBLOCK,Tuesday,January,0,DRIFTWOOD DR,2,ROAD,MINOR,9.0,20.0,PAVED,TwoWay,PAVED,4,40,NO ACCESS,Y,2001.0,48.884457947598804
DRIFTWOOD DR,04-At/near private drive,02-Thru lane,01-Clear,01-Daylight,MIDBLOCK,Tuesday,January,0,DRIFTWOOD DR,2,ROAD,MINOR,9.0,20.0,PAVED,TwoWay,PAVED,4,40,NO ACCESS,Y,2001.0,98.9908128726681
DRIFTWOOD DR,04-At/near private drive,02-Thru lane,01-Clear,01-Daylight,MIDBLOCK,Tuesday,January,0,DRIFTWOOD DR,2,ROAD,MINOR,9.0,20.0,PAVED,TwoWay,PAVED,4,40,NO ACCESS,Y,2001.0,74.37064013588659
DRIFTWOOD DR,04-At/near private drive,02-Thru lane,01-Clear,01-Daylight,MIDBLOCK,Tuesday,January,0,DRIFTWOOD DR,2,ROAD,MINOR,10.0,20.0,PAVED,TwoWay,PAVED,4,40,NO ACCESS,Y,2001.0,134.317325651808
DRIFTWOOD DR,04-At/near private drive,02-Thru lane,01-Clear,01-Daylight,MIDBLOCK,Tuesday,January,0,DRIFTWOOD DR,2,ROAD,MINOR,10.0,20.0,PAVED,TwoWay,PAVED,4,40,NO ACCESS,Y,2001.0,128.563579928634
DRIFTWOOD DR,04-At/near private drive,02-Thru lane,01-Clear,01-Daylight,MIDBLOCK,Tuesday,January,0,DRIFTWOOD DR,2,ROAD,MINOR,10.0,20.0,PAVED,TwoWay,PAVED,4,40,NO ACCESS,Y,2001.0,60.114602331068
DRIFTWOOD DR,04-At/near private drive,02-Thru lane,01-Clear,01-Daylight,MIDBLOCK,Tuesday,January,0,DRIFTWOOD DR,2,ROAD,MINOR,10.0,20.0,PAVED,TwoWay,PAVED,4,40,NO ACCESS,Y,2001.0,319.429664740754
DRIFTWOOD DR,04-At/near private drive,02-Thru lane,01-Clear,01-Daylight,MIDBLOCK,Tuesday,January,0,DRIFTWOOD DR,2,ROAD,MINOR,9.0,20.0,PAVED,TwoWay,PAVED,4,40,NO ACCESS,Y,2001.0,52.5021833155331
DRIFTWOOD DR,04-At/near private drive,02-Thru lane,01-Clear,01-Daylight,MIDBLOCK,Tuesday,January,0,DRIFTWOOD DR,2,ROAD,MINOR,9.0,20.0,PAVED,TwoWay,PAVED,4,50,NO ACCESS,Y,2001.0,142.476135133996
DRIFTWOOD DR,04-At/near private drive,02-Thru lane,01-Clear,01-Daylight,MIDBLOCK,Tuesday,January,0,DRIFTWOOD DR,2,ROAD,MINOR,9.0,20.0,PAVED,TwoWay,PAVED,4,40,NO ACCESS,Y,2001.0,46.5643027040941
DRIFTWOOD DR,04-At/near private drive,02-Thru lane,01-Clear,01-Daylight,MIDBLOCK,Tuesday,January,0,DRIFTWOOD DR,2,ROAD,MINOR,10.0,20.0,PAVED,TwoWay,PAVED,4,40,NO ACCESS,Y,2001.0,409.22795675193197
WATERCRESS CRT,04-At/near private drive,09-Right shoulder,01-Clear,01-Daylight,MIDBLOCK,Tuesday,November,0,WATERCRESS CRT,2,ROAD,LOCAL,9.0,18.0,PAVED,TwoWay,PAVED,6,50,NO ACCESS,N,1998.0,287.29065340736196
WATERCRESS CRT,04-At/near private drive,02-Thru lane,01-Clear,01-Daylight,MIDBLOCK,Monday,July,0,WATERCRESS CRT,2,ROAD,LOCAL,9.0,18.0,PAVED,TwoWay,PAVED,6,50,NO ACCESS,N,1998.0,287.29065340736196
WATERCRESS CRT,04-At/near private drive,02-Thru lane,01-Clear,07-Dark,MIDBLOCK,Saturday,October,1,WATERCRESS CRT,2,ROAD,LOCAL,9.0,18.0,PAVED,TwoWay,PAVED,6,50,NO ACCESS,N,1998.0,287.29065340736196
WATERCRESS CRT,04-At/near private drive,01-Within intersection,01-Clear,01-Daylight,MIDBLOCK,Wednesday,December,0,WATERCRESS CRT,2,ROAD,LOCAL,9.0,18.0,PAVED,TwoWay,PAVED,6,50,NO ACCESS,N,1998.0,287.29065340736196
WATERCRESS CRT,04-At/near private drive,02-Thru lane,01-Clear,"08-Dark, artificial",MIDBLOCK,Wednesday,October,0,WATERCRESS CRT,2,ROAD,LOCAL,9.0,18.0,PAVED,TwoWay,PAVED,6,50,NO ACCESS,N,1998.0,287.29065340736196
WATERCRESS CRT,04-At/near private drive,02-Thru lane,01-Clear,"08-Dark, artificial",MIDBLOCK,Monday,March,0,WATERCRESS CRT,2,ROAD,LOCAL,9.0,18.0,PAVED,TwoWay,PAVED,6,50,NO ACCESS,N,1998.0,287.29065340736196
WATERCRESS CRT,04-At/near private drive,02-Thru lane,01-Clear,01-Daylight,MIDBLOCK,Monday,February,0,WATERCRESS CRT,2,ROAD,LOCAL,9.0,18.0,PAVED,TwoWay,PAVED,6,50,NO ACCESS,N,1998.0,287.29065340736196
WATERCRESS CRT,04-At/near private drive,10-Not on roadway - left side,01-Clear,01-Daylight,MIDBLOCK,Thursday,October,0,WATERCRESS CRT,2,ROAD,LOCAL,9.0,18.0,PAVED,TwoWay,PAVED,6,50,NO ACCESS,N,1998.0,287.29065340736196
WATERCRESS CRT,04-At/near private drive,02-Thru lane,01-Clear,01-Daylight,MIDBLOCK,Saturday,September,1,WATERCRESS CRT,2,ROAD,LOCAL,9.0,18.0,PAVED,TwoWay,PAVED,6,50,NO ACCESS,N,1998.0,287.29065340736196
THALER AVE,04-At/near private drive,02-Thru lane,01-Clear,"08-Dark, artificial",MIDBLOCK,Thursday,December,0,THALER AVE,2,ROAD,LOCAL,9.0,20.0,PAVED,TwoWay,PAVED,6,50,NO ACCESS,N,1858.0,143.206171992619
THALER AVE,04-At/near private drive,02-Thru lane,01-Clear,"08-Dark, artificial",MIDBLOCK,Thursday,December,0,THALER AVE,2,ROAD,LOCAL,9.0,20.0,PAVED,TwoWay,PAVED,6,50,NO ACCESS,N,1954.0,41.2042521169029
THALER AVE,04-At/near private drive,02-Thru lane,01-Clear,"08-Dark, artificial",MIDBLOCK,Thursday,December,0,THALER AVE,2,ROAD,LOCAL,10.0,20.0,PAVED,TwoWay,PAVED,6,50,NO ACCESS,N,1932.0,195.02486428460602
THALER AVE,04-At/near private drive,02-Thru lane,01-Clear,"08-Dark, artificial",MIDBLOCK,Thursday,December,0,THALER AVE,2,ROAD,LOCAL,9.0,20.0,PAVED,TwoWay,PAVED,6,50,NO ACCESS,N,1858.0,75.0666381938215
THALER AVE,04-At/near private drive,02-Thru lane,01-Clear,"08-Dark, artificial",MIDBLOCK,Thursday,December,0,THALER AVE,2,ROAD,LOCAL,9.0,20.0,PAVED,TwoWay,PAVED,6,50,NO ACCESS,N,1858.0,92.51339485758899
THALER AVE,04-At/near private drive,09-Right shoulder,01-Clear,07-Dark,MIDBLOCK,Sunday,December,1,THALER AVE,2,ROAD,LOCAL,9.0,20.0,PAVED,TwoWay,PAVED,6,50,NO ACCESS,N,1858.0,143.206171992619
THALER AVE,04-At/near private drive,09-Right shoulder,01-Clear,07-Dark,MIDBLOCK,Sunday,December,1,THALER AVE,2,ROAD,LOCAL,9.0,20.0,PAVED,TwoWay,PAVED,6,50,NO ACCESS,N,1954.0,41.2042521169029
THALER AVE,04-At/near private drive,09-Right shoulder,01-Clear,07-Dark,MIDBLOCK,Sunday,December,1,THALER AVE,2,ROAD,LOCAL,10.0,20.0,PAVED,TwoWay,PAVED,6,50,NO ACCESS,N,1932.0,195.02486428460602
THALER AVE,04-At/near private drive,09-Right shoulder,01-Clear,07-Dark,MIDBLOCK,Sunday,December,1,THALER AVE,2,ROAD,LOCAL,9.0,20.0,PAVED,TwoWay,PAVED,6,50,NO ACCESS,N,1858.0,75.0666381938215
THALER AVE,04-At/near private drive,09-Right shoulder,01-Clear,07-Dark,MIDBLOCK,Sunday,December,1,THALER AVE,2,ROAD,LOCAL,9.0,20.0,PAVED,TwoWay,PAVED,6,50,NO ACCESS,N,1858.0,92.51339485758899
THALER AVE,04-At/near private drive,02-Thru lane,01-Clear,01-Daylight,MIDBLOCK,Wednesday,February,0,THALER AVE,2,ROAD,LOCAL,9.0,20.0,PAVED,TwoWay,PAVED,6,50,NO ACCESS,N,1858.0,143.206171992619
THALER AVE,04-At/near private drive,02-Thru lane,01-Clear,01-Daylight,MIDBLOCK,Wednesday,February,0,THALER AVE,2,ROAD,LOCAL,9.0,20.0,PAVED,TwoWay,PAVED,6,50,NO ACCESS,N,1954.0,41.2042521169029
THALER AVE,04-At/near private drive,02-Thru lane,01-Clear,01-Daylight,MIDBLOCK,Wednesday,February,0,THALER AVE,2,ROAD,LOCAL,10.0,20.0,PAVED,TwoWay,PAVED,6,50,NO ACCESS,N,1932.0,195.02486428460602
THALER AVE,04-At/near private drive,02-Thru lane,01-Clear,01-Daylight,MIDBLOCK,Wednesday,February,0,THALER AVE,2,ROAD,LOCAL,9.0,20.0,PAVED,TwoWay,PAVED,6,50,NO ACCESS,N,1858.0,75.0666381938215
THALER AVE,04-At/near private drive,02-Thru lane,01-Clear,01-Daylight,MIDBLOCK,Wednesday,February,0,THALER AVE,2,ROAD,LOCAL,9.0,20.0,PAVED,TwoWay,PAVED,6,50,NO ACCESS,N,1858.0,92.51339485758899
THALER AVE,01-Non intersection,02-Thru lane,01-Clear,07-Dark,MIDBLOCK,Tuesday,October,0,THALER AVE,2,ROAD,LOCAL,9.0,20.0,PAVED,TwoWay,PAVED,6,50,NO ACCESS,N,1858.0,143.206171992619
THALER AVE,01-Non intersection,02-Thru lane,01-Clear,07-Dark,MIDBLOCK,Tuesday,October,0,THALER AVE,2,ROAD,LOCAL,9.0,20.0,PAVED,TwoWay,PAVED,6,50,NO ACCESS,N,1954.0,41.2042521169029
THALER AVE,01-Non intersection,02-Thru lane,01-Clear,07-Dark,MIDBLOCK,Tuesday,October,0,THALER AVE,2,ROAD,LOCAL,10.0,20.0,PAVED,TwoWay,PAVED,6,50,NO ACCESS,N,1932.0,195.02486428460602
THALER AVE,01-Non intersection,02-Thru lane,01-Clear,07-Dark,MIDBLOCK,Tuesday,October,0,THALER AVE,2,ROAD,LOCAL,9.0,20.0,PAVED,TwoWay,PAVED,6,50,NO ACCESS,N,1858.0,75.0666381938215
THALER AVE,01-Non intersection,02-Thru lane,01-Clear,07-Dark,MIDBLOCK,Tuesday,October,0,THALER AVE,2,ROAD,LOCAL,9.0,20.0,PAVED,TwoWay,PAVED,6,50,NO ACCESS,N,1858.0,92.51339485758899
THALER AVE,04-At/near private drive,02-Thru lane,01-Clear,01-Daylight,MIDBLOCK,Saturday,December,1,THALER AVE,2,ROAD,LOCAL,9.0,20.0,PAVED,TwoWay,PAVED,6,50,NO ACCESS,N,1858.0,143.206171992619
THALER AVE,04-At/near private drive,02-Thru lane,01-Clear,01-Daylight,MIDBLOCK,Saturday,December,1,THALER AVE,2,ROAD,LOCAL,9.0,20.0,PAVED,TwoWay,PAVED,6,50,NO ACCESS,N,1954.0,41.2042521169029
THALER AVE,04-At/near private drive,02-Thru lane,01-Clear,01-Daylight,MIDBLOCK,Saturday,December,1,THALER AVE,2,ROAD,LOCAL,10.0,20.0,PAVED,TwoWay,PAVED,6,50,NO ACCESS,N,1932.0,195.02486428460602
THALER AVE,04-At/near private drive,02-Thru lane,01-Clear,01-Daylight,MIDBLOCK,Saturday,December,1,THALER AVE,2,ROAD,LOCAL,9.0,20.0,PAVED,TwoWay,PAVED,6,50,NO ACCESS,N,1858.0,75.0666381938215
THALER AVE,04-At/near private drive,02-Thru lane,01-Clear,01-Daylight,MIDBLOCK,Saturday,December,1,THALER AVE,2,ROAD,LOCAL,9.0,20.0,PAVED,TwoWay,PAVED,6,50,NO ACCESS,N,1858.0,92.51339485758899
THALER AVE,04-At/near private drive,02-Thru lane,01-Clear,01-Daylight,MIDBLOCK,Monday,August,0,THALER AVE,2,ROAD,LOCAL,9.0,20.0,PAVED,TwoWay,PAVED,6,50,NO ACCESS,N,1858.0,143.206171992619
THALER AVE,04-At/near private drive,02-Thru lane,01-Clear,01-Daylight,MIDBLOCK,Monday,August,0,THALER AVE,2,ROAD,LOCAL,9.0,20.0,PAVED,TwoWay,PAVED,6,50,NO ACCESS,N,1954.0,41.2042521169029
THALER AVE,04-At/near private drive,02-Thru lane,01-Clear,01-Daylight,MIDBLOCK,Monday,August,0,THALER AVE,2,ROAD,LOCAL,10.0,20.0,PAVED,TwoWay,PAVED,6,50,NO ACCESS,N,1932.0,195.02486428460602
THALER AVE,04-At/near private drive,02-Thru lane,01-Clear,01-Daylight,MIDBLOCK,Monday,August,0,THALER AVE,2,ROAD,LOCAL,9.0,20.0,PAVED,TwoWay,PAVED,6,50,NO ACCESS,N,1858.0,75.0666381938215
THALER AVE,04-At/near private drive,02-Thru lane,01-Clear,01-Daylight,MIDBLOCK,Monday,August,0,THALER AVE,2,ROAD,LOCAL,9.0,20.0,PAVED,TwoWay,PAVED,6,50,NO ACCESS,N,1858.0,92.51339485758899
THALER AVE,04-At/near private drive,02-Thru lane,03-Snow,01-Daylight,MIDBLOCK,Wednesday,March,0,THALER AVE,2,ROAD,LOCAL,9.0,20.0,PAVED,TwoWay,PAVED,6,50,NO ACCESS,N,1858.0,143.206171992619
THALER AVE,04-At/near private drive,02-Thru lane,03-Snow,01-Daylight,MIDBLOCK,Wednesday,March,0,THALER AVE,2,ROAD,LOCAL,9.0,20.0,PAVED,TwoWay,PAVED,6,50,NO ACCESS,N,1954.0,41.2042521169029
THALER AVE,04-At/near private drive,02-Thru lane,03-Snow,01-Daylight,MIDBLOCK,Wednesday,March,0,THALER AVE,2,ROAD,LOCAL,10.0,20.0,PAVED,TwoWay,PAVED,6,50,NO ACCESS,N,1932.0,195.02486428460602
THALER AVE,04-At/near private drive,02-Thru lane,03-Snow,01-Daylight,MIDBLOCK,Wednesday,March,0,THALER AVE,2,ROAD,LOCAL,9.0,20.0,PAVED,TwoWay,PAVED,6,50,NO ACCESS,N,1858.0,75.0666381938215
THALER AVE,04-At/near private drive,02-Thru lane,03-Snow,01-Daylight,MIDBLOCK,Wednesday,March,0,THALER AVE,2,ROAD,LOCAL,9.0,20.0,PAVED,TwoWay,PAVED,6,50,NO ACCESS,N,1858.0,92.51339485758899
THALER AVE,04-At/near private drive,02-Thru lane,01-Clear,01-Daylight,MIDBLOCK,Sunday,November,1,THALER AVE,2,ROAD,LOCAL,9.0,20.0,PAVED,TwoWay,PAVED,6,50,NO ACCESS,N,1858.0,143.206171992619
THALER AVE,04-At/near private drive,02-Thru lane,01-Clear,01-Daylight,MIDBLOCK,Sunday,November,1,THALER AVE,2,ROAD,LOCAL,9.0,20.0,PAVED,TwoWay,PAVED,6,50,NO ACCESS,N,1954.0,41.2042521169029
THALER AVE,04-At/near private drive,02-Thru lane,01-Clear,01-Daylight,MIDBLOCK,Sunday,November,1,THALER AVE,2,ROAD,LOCAL,10.0,20.0,PAVED,TwoWay,PAVED,6,50,NO ACCESS,N,1932.0,195.02486428460602
THALER AVE,04-At/near private drive,02-Thru lane,01-Clear,01-Daylight,MIDBLOCK,Sunday,November,1,THALER AVE,2,ROAD,LOCAL,9.0,20.0,PAVED,TwoWay,PAVED,6,50,NO ACCESS,N,1858.0,75.0666381938215
THALER AVE,04-At/near private drive,02-Thru lane,01-Clear,01-Daylight,MIDBLOCK,Sunday,November,1,THALER AVE,2,ROAD,LOCAL,9.0,20.0,PAVED,TwoWay,PAVED,6,50,NO ACCESS,N,1858.0,92.51339485758899
THALER AVE,04-At/near private drive,02-Thru lane,01-Clear,01-Daylight,MIDBLOCK,Saturday,June,1,THALER AVE,2,ROAD,LOCAL,9.0,20.0,PAVED,TwoWay,PAVED,6,50,NO ACCESS,N,1858.0,143.206171992619
THALER AVE,04-At/near private drive,02-Thru lane,01-Clear,01-Daylight,MIDBLOCK,Saturday,June,1,THALER AVE,2,ROAD,LOCAL,9.0,20.0,PAVED,TwoWay,PAVED,6,50,NO ACCESS,N,1954.0,41.2042521169029
THALER AVE,04-At/near private drive,02-Thru lane,01-Clear,01-Daylight,MIDBLOCK,Saturday,June,1,THALER AVE,2,ROAD,LOCAL,10.0,20.0,PAVED,TwoWay,PAVED,6,50,NO ACCESS,N,1932.0,195.02486428460602
THALER AVE,04-At/near private drive,02-Thru lane,01-Clear,01-Daylight,MIDBLOCK,Saturday,June,1,THALER AVE,2,ROAD,LOCAL,9.0,20.0,PAVED,TwoWay,PAVED,6,50,NO ACCESS,N,1858.0,75.0666381938215
THALER AVE,04-At/near private drive,02-Thru lane,01-Clear,01-Daylight,MIDBLOCK,Saturday,June,1,THALER AVE,2,ROAD,LOCAL,9.0,20.0,PAVED,TwoWay,PAVED,6,50,NO ACCESS,N,1858.0,92.51339485758899
THALER AVE,04-At/near private drive,02-Thru lane,01-Clear,07-Dark,MIDBLOCK,Friday,December,0,THALER AVE,2,ROAD,LOCAL,9.0,20.0,PAVED,TwoWay,PAVED,6,50,NO ACCESS,N,1858.0,143.206171992619
THALER AVE,04-At/near private drive,02-Thru lane,01-Clear,07-Dark,MIDBLOCK,Friday,December,0,THALER AVE,2,ROAD,LOCAL,9.0,20.0,PAVED,TwoWay,PAVED,6,50,NO ACCESS,N,1954.0,41.2042521169029
THALER AVE,04-At/near private drive,02-Thru lane,01-Clear,07-Dark,MIDBLOCK,Friday,December,0,THALER AVE,2,ROAD,LOCAL,10.0,20.0,PAVED,TwoWay,PAVED,6,50,NO ACCESS,N,1932.0,195.02486428460602
THALER AVE,04-At/near private drive,02-Thru lane,01-Clear,07-Dark,MIDBLOCK,Friday,December,0,THALER AVE,2,ROAD,LOCAL,9.0,20.0,PAVED,TwoWay,PAVED,6,50,NO ACCESS,N,1858.0,75.0666381938215
THALER AVE,04-At/near private drive,02-Thru lane,01-Clear,07-Dark,MIDBLOCK,Friday,December,0,THALER AVE,2,ROAD,LOCAL,9.0,20.0,PAVED,TwoWay,PAVED,6,50,NO ACCESS,N,1858.0,92.51339485758899
THALER AVE,01-Non intersection,02-Thru lane,01-Clear,01-Daylight,MIDBLOCK,Wednesday,November,0,THALER AVE,2,ROAD,LOCAL,9.0,20.0,PAVED,TwoWay,PAVED,6,50,NO ACCESS,N,1858.0,143.206171992619
THALER AVE,01-Non intersection,02-Thru lane,01-Clear,01-Daylight,MIDBLOCK,Wednesday,November,0,THALER AVE,2,ROAD,LOCAL,9.0,20.0,PAVED,TwoWay,PAVED,6,50,NO ACCESS,N,1954.0,41.2042521169029
THALER AVE,01-Non intersection,02-Thru lane,01-Clear,01-Daylight,MIDBLOCK,Wednesday,November,0,THALER AVE,2,ROAD,LOCAL,10.0,20.0,PAVED,TwoWay,PAVED,6,50,NO ACCESS,N,1932.0,195.02486428460602
THALER AVE,01-Non intersection,02-Thru lane,01-Clear,01-Daylight,MIDBLOCK,Wednesday,November,0,THALER AVE,2,ROAD,LOCAL,9.0,20.0,PAVED,TwoWay,PAVED,6,50,NO ACCESS,N,1858.0,75.0666381938215
THALER AVE,01-Non intersection,02-Thru lane,01-Clear,01-Daylight,MIDBLOCK,Wednesday,November,0,THALER AVE,2,ROAD,LOCAL,9.0,20.0,PAVED,TwoWay,PAVED,6,50,NO ACCESS,N,1858.0,92.51339485758899
PIONEER DR,10-Parking lot,12-Off highway,99-Other,99-Other,MIDBLOCK,Monday,January,0,PIONEER DR,3,ROAD,MINOR,13.0,26.0,PAVED,TwoWay,PAVED,4,50,NO ACCESS,Y,2004.0,137.341972786744
PIONEER DR,10-Parking lot,12-Off highway,99-Other,99-Other,MIDBLOCK,Monday,January,0,PIONEER DR,2,ROAD,MINOR,10.0,26.0,PAVED,TwoWay,PAVED,4,50,NO ACCESS,Y,1976.0,101.09582431722201
PIONEER DR,10-Parking lot,12-Off highway,99-Other,99-Other,MIDBLOCK,Monday,January,0,PIONEER DR,3,ROAD,MINOR,10.0,26.0,PAVED,TwoWay,PAVED,4,50,NO ACCESS,Y,2004.0,114.034516081637
PIONEER DR,10-Parking lot,12-Off highway,99-Other,99-Other,MIDBLOCK,Monday,January,0,PIONEER DR,3,ROAD,MINOR,10.0,26.0,PAVED,TwoWay,PAVED,4,50,NO ACCESS,Y,2004.0,106.80366402175699
PIONEER DR,10-Parking lot,12-Off highway,99-Other,99-Other,MIDBLOCK,Monday,January,0,PIONEER DR,3,ROAD,MINOR,11.0,26.0,PAVED,TwoWay,PAVED,4,50,NO ACCESS,Y,2004.0,107.784408278624
PIONEER DR,10-Parking lot,12-Off highway,99-Other,99-Other,MIDBLOCK,Monday,January,0,PIONEER DR,4,ROAD,MINOR,15.0,26.0,PAVED,TwoWay,PAVED,3,50,NO ACCESS,Y,1999.0,318.69091247177397
PIONEER DR,10-Parking lot,12-Off highway,99-Other,99-Other,MIDBLOCK,Monday,January,0,PIONEER DR,4,ROAD,MINOR,15.0,26.0,PAVED,TwoWay,PAVED,3,50,NO ACCESS,Y,1999.0,62.2466737567685
PIONEER DR,10-Parking lot,12-Off highway,99-Other,99-Other,MIDBLOCK,Monday,January,0,PIONEER DR,4,ROAD,MINOR,15.0,26.0,PAVED,TwoWay,PAVED,3,50,NO ACCESS,Y,1976.0,662.789731279247
PIONEER DR,10-Parking lot,12-Off highway,99-Other,99-Other,MIDBLOCK,Monday,January,0,PIONEER DR,3,ROAD,MINOR,10.0,26.0,PAVED,TwoWay,PAVED,4,50,NO ACCESS,Y,2004.0,134.464983173041
PIONEER DR,01-Non intersection,02-Thru lane,01-Clear,01-Daylight,MIDBLOCK,Wednesday,May,0,PIONEER DR,3,ROAD,MINOR,13.0,26.0,PAVED,TwoWay,PAVED,4,50,NO ACCESS,Y,2004.0,137.341972786744
PIONEER DR,01-Non intersection,02-Thru lane,01-Clear,01-Daylight,MIDBLOCK,Wednesday,May,0,PIONEER DR,2,ROAD,MINOR,10.0,26.0,PAVED,TwoWay,PAVED,4,50,NO ACCESS,Y,1976.0,101.09582431722201
PIONEER DR,01-Non intersection,02-Thru lane,01-Clear,01-Daylight,MIDBLOCK,Wednesday,May,0,PIONEER DR,3,ROAD,MINOR,10.0,26.0,PAVED,TwoWay,PAVED,4,50,NO ACCESS,Y,2004.0,114.034516081637
PIONEER DR,01-Non intersection,02-Thru lane,01-Clear,01-Daylight,MIDBLOCK,Wednesday,May,0,PIONEER DR,3,ROAD,MINOR,10.0,26.0,PAVED,TwoWay,PAVED,4,50,NO ACCESS,Y,2004.0,106.80366402175699
PIONEER DR,01-Non intersection,02-Thru lane,01-Clear,01-Daylight,MIDBLOCK,Wednesday,May,0,PIONEER DR,3,ROAD,MINOR,11.0,26.0,PAVED,TwoWay,PAVED,4,50,NO ACCESS,Y,2004.0,107.784408278624
PIONEER DR,01-Non intersection,02-Thru lane,01-Clear,01-Daylight,MIDBLOCK,Wednesday,May,0,PIONEER DR,4,ROAD,MINOR,15.0,26.0,PAVED,TwoWay,PAVED,3,50,NO ACCESS,Y,1999.0,318.69091247177397
PIONEER DR,01-Non intersection,02-Thru lane,01-Clear,01-Daylight,MIDBLOCK,Wednesday,May,0,PIONEER DR,4,ROAD,MINOR,15.0,26.0,PAVED,TwoWay,PAVED,3,50,NO ACCESS,Y,1999.0,62.2466737567685