LOCATION,ACCIDENT_LOCATION,IMPACT_LOCATION,ENVIRONMENT_CONDITION,LIGHT,COLLISION_TYPE,DAY_OF_WEEK,MONTH,IS_WEEKEND,STREET,LANES,CATEGORY,SUBCATEGORY,PAVEMENT_WIDTH,ROW_WIDTH,SHOULDER,FLOW_DIRECTION,SURFACE_LAYER_TYPE,OFFICIAL_ROAD_CLASSIFICATION,SPEED_LIMIT_KM,TRUCK_ACCESS,BUS_ROUTE,SERVICE_YEAR,Shape__Length
PIONEER DR,04-At/near private drive,02-Thru lane,01-Clear,"08-Dark, artificial",MIDBLOCK,Monday,September,0,PIONEER DR,4,ROAD,MINOR,15.0,26.0,PAVED,TwoWay,PAVED,3,50,NO ACCESS,Y,1999.0,318.69091247177397
PIONEER DR,04-At/near private drive,02-Thru lane,01-Clear,"08-Dark, artificial",MIDBLOCK,Monday,September,0,PIONEER DR,4,ROAD,MINOR,15.0,26.0,PAVED,TwoWay,PAVED,3,50,NO ACCESS,Y,1999.0,62.2466737567685
PIONEER DR,04-At/near private drive,02-Thru lane,01-Clear,"08-Dark, artificial",MIDBLOCK,Monday,September,0,PIONEER DR,4,ROAD,MINOR,15.0,26.0,PAVED,TwoWay,PAVED,3,50,NO ACCESS,Y,1976.0,662.789731279247
PIONEER DR,04-At/near private drive,02-Thru lane,01-Clear,"08-Dark, artificial",MIDBLOCK,Monday,September,0,PIONEER DR,3,ROAD,MINOR,10.0,26.0,PAVED,TwoWay,PAVED,4,50,NO ACCESS,Y,2004.0,134.464983173041
PIONEER DR,04-At/near private drive,02-Thru lane,01-Clear,01-Daylight,MIDBLOCK,Tuesday,August,0,PIONEER DR,3,ROAD,MINOR,13.0,26.0,PAVED,TwoWay,PAVED,4,50,NO ACCESS,Y,2004.0,137.341972786744
PIONEER DR,04-At/near private drive,02-Thru lane,01-Clear,01-Daylight,MIDBLOCK,Tuesday,August,0,PIONEER DR,2,ROAD,MINOR,10.0,26.0,PAVED,TwoWay,PAVED,4,50,NO ACCESS,Y,1976.0,101.09582431722201
PIONEER DR,04-At/near private drive,02-Thru lane,01-Clear,01-Daylight,MIDBLOCK,Tuesday,August,0,PIONEER DR,3,ROAD,MINOR,10.0,26.0,PAVED,TwoWay,PAVED,4,50,NO ACCESS,Y,2004.0,114.034516081637
PIONEER DR,04-At/near private drive,02-Thru lane,01-Clear,01-Daylight,MIDBLOCK,Tuesday,August,0,PIONEER DR,3,ROAD,MINOR,10.0,26.0,PAVED,TwoWay,PAVED,4,50,NO ACCESS,Y,2004.0,106.80366402175699
PIONEER DR,04-At/near private drive,02-Thru lane,01-Clear,01-Daylight,MIDBLOCK,Tuesday,August,0,PIONEER DR,3,ROAD,MINOR,11.0,26.0,PAVED,TwoWay,PAVED,4,50,NO ACCESS,Y,2004.0,107.784408278624
PIONEER DR,04-At/near private drive,02-Thru lane,01-Clear,01-Daylight,MIDBLOCK,Tuesday,August,0,PIONEER DR,4,ROAD,MINOR,15.0,26.0,PAVED,TwoWay,PAVED,3,50,NO ACCESS,Y,1999.0,318.69091247177397
PIONEER DR,04-At/near private drive,02-Thru lane,01-Clear,01-Daylight,MIDBLOCK,Tuesday,August,0,PIONEER DR,4,ROAD,MINOR,15.0,26.0,PAVED,TwoWay,PAVED,3,50,NO ACCESS,Y,1999.0,62.2466737567685
PIONEER DR,04-At/near private drive,02-Thru lane,01-Clear,01-Daylight,MIDBLOCK,Tuesday,August,0,PIONEER DR,4,ROAD,MINOR,15.0,26.0,PAVED,TwoWay,PAVED,3,50,NO ACCESS,Y,1976.0,662.789731279247
PIONEER DR,04-At/near private drive,02-Thru lane,01-Clear,01-Daylight,MIDBLOCK,Tuesday,August,0,PIONEER DR,3,ROAD,MINOR,10.0,26.0,PAVED,TwoWay,PAVED,4,50,NO ACCESS,Y,2004.0,134.464983173041
PIONEER DR,01-Non intersection,99-Other,01-Clear,07-Dark,MIDBLOCK,Thursday,October,0,PIONEER DR,3,ROAD,MINOR,13.0,26.0,PAVED,TwoWay,PAVED,4,50,NO ACCESS,Y,2004.0,137.341972786744
PIONEER DR,01-Non intersection,99-Other,01-Clear,07-Dark,MIDBLOCK,Thursday,October,0,PIONEER DR,2,ROAD,MINOR,10.0,26.0,PAVED,TwoWay,PAVED,4,50,NO ACCESS,Y,1976.0,101.09582431722201
PIONEER DR,01-Non intersection,99-Other,01-Clear,07-Dark,MIDBLOCK,Thursday,October,0,PIONEER DR,3,ROAD,MINOR,10.0,26.0,PAVED,TwoWay,PAVED,4,50,NO ACCESS,Y,2004.0,114.034516081637
PIONEER DR,01-Non intersection,99-Other,01-Clear,07-Dark,MIDBLOCK,Thursday,October,0,PIONEER DR,3,ROAD,MINOR,10.0,26.0,PAVED,TwoWay,PAVED,4,50,NO ACCESS,Y,2004.0,106.80366402175699
PIONEER DR,01-Non intersection,99-Other,01-Clear,07-Dark,MIDBLOCK,Thursday,October,0,PIONEER DR,3,ROAD,MINOR,11.0,26.0,PAVED,TwoWay,PAVED,4,50,NO ACCESS,Y,2004.0,107.784408278624
PIONEER DR,01-Non intersection,99-Other,01-Clear,07-Dark,MIDBLOCK,Thursday,October,0,PIONEER DR,4,ROAD,MINOR,15.0,26.0,PAVED,TwoWay,PAVED,3,50,NO ACCESS,Y,1999.0,318.69091247177397
PIONEER DR,01-Non intersection,99-Other,01-Clear,07-Dark,MIDBLOCK,Thursday,October,0,PIONEER DR,4,ROAD,MINOR,15.0,26.0,PAVED,TwoWay,PAVED,3,50,NO ACCESS,Y,1999.0,62.2466737567685
PIONEER DR,01-Non intersection,99-Other,01-Clear,07-Dark,MIDBLOCK,Thursday,October,0,PIONEER DR,4,ROAD,MINOR,15.0,26.0,PAVED,TwoWay,PAVED,3,50,NO ACCESS,Y,1976.0,662.789731279247
PIONEER DR,01-Non intersection,99-Other,01-Clear,07-Dark,MIDBLOCK,Thursday,October,0,PIONEER DR,3,ROAD,MINOR,10.0,26.0,PAVED,TwoWay,PAVED,4,50,NO ACCESS,Y,2004.0,134.464983173041
PIONEER DR,01-Non intersection,02-Thru lane,02-Rain,"08-Dark, artificial",MIDBLOCK,Friday,October,0,PIONEER DR,3,ROAD,MINOR,13.0,26.0,PAVED,TwoWay,PAVED,4,50,NO ACCESS,Y,2004.0,137.341972786744
PIONEER DR,01-Non intersection,02-Thru lane,02-Rain,"08-Dark, artificial",MIDBLOCK,Friday,October,0,PIONEER DR,2,ROAD,MINOR,10.0,26.0,PAVED,TwoWay,PAVED,4,50,NO ACCESS,Y,1976.0,101.09582431722201
PIONEER DR,01-Non intersection,02-Thru lane,02-Rain,"08-Dark, artificial",MIDBLOCK,Friday,October,0,PIONEER DR,3,ROAD,MINOR,10.0,26.0,PAVED,TwoWay,PAVED,4,50,NO ACCESS,Y,2004.0,114.034516081637
PIONEER DR,01-Non intersection,02-Thru lane,02-Rain,"08-Dark, artificial",MIDBLOCK,Friday,October,0,PIONEER DR,3,ROAD,MINOR,10.0,26.0,PAVED,TwoWay,PAVED,4,50,NO ACCESS,Y,2004.0,106.80366402175699
PIONEER DR,01-Non intersection,02-Thru lane,02-Rain,"08-Dark, artificial",MIDBLOCK,Friday,October,0,PIONEER DR,3,ROAD,MINOR,11.0,26.0,PAVED,TwoWay,PAVED,4,50,NO ACCESS,Y,2004.0,107.784408278624
PIONEER DR,01-Non intersection,02-Thru lane,02-Rain,"08-Dark, artificial",MIDBLOCK,Friday,October,0,PIONEER DR,4,ROAD,MINOR,15.0,26.0,PAVED,TwoWay,PAVED,3,50,NO ACCESS,Y,1999.0,318.69091247177397
PIONEER DR,01-Non intersection,02-Thru lane,02-Rain,"08-Dark, artificial",MIDBLOCK,Friday,October,0,PIONEER DR,4,ROAD,MINOR,15.0,26.0,PAVED,TwoWay,PAVED,3,50,NO ACCESS,Y,1999.0,62.2466737567685
PIONEER DR,01-Non intersection,02-Thru lane,02-Rain,"08-Dark, artificial",MIDBLOCK,Friday,October,0,PIONEER DR,4,ROAD,MINOR,15.0,26.0,PAVED,TwoWay,PAVED,3,50,NO ACCESS,Y,1976.0,662.789731279247
PIONEER DR,01-Non intersection,02-Thru lane,02-Rain,"08-Dark, artificial",MIDBLOCK,Friday,October,0,PIONEER DR,3,ROAD,MINOR,10.0,26.0,PAVED,TwoWay,PAVED,4,50,NO ACCESS,Y,2004.0,134.464983173041
PIONEER DR,01-Non intersection,11-Not on roadway - right side,03-Snow,"08-Dark, artificial",MIDBLOCK,Friday,November,0,PIONEER DR,3,ROAD,MINOR,13.0,26.0,PAVED,TwoWay,PAVED,4,50,NO ACCESS,Y,2004.0,137.341972786744
PIONEER DR,01-Non intersection,11-Not on roadway - right side,03-Snow,"08-Dark, artificial",MIDBLOCK,Friday,November,0,PIONEER DR,2,ROAD,MINOR,10.0,26.0,PAVED,TwoWay,PAVED,4,50,NO ACCESS,Y,1976.0,101.09582431722201
PIONEER DR,01-Non intersection,11-Not on roadway - right side,03-Snow,"08-Dark, artificial",MIDBLOCK,Friday,November,0,PIONEER DR,3,ROAD,MINOR,10.0,26.0,PAVED,TwoWay,PAVED,4,50,NO ACCESS,Y,2004.0,114.034516081637
PIONEER DR,01-Non intersection,11-Not on roadway - right side,03-Snow,"08-Dark, artificial",MIDBLOCK,Friday,November,0,PIONEER DR,3,ROAD,MINOR,10.0,26.0,PAVED,TwoWay,PAVED,4,50,NO ACCESS,Y,2004.0,106.80366402175699
PIONEER DR,01-Non intersection,11-Not on roadway - right side,03-Snow,"08-Dark, artificial",MIDBLOCK,Friday,November,0,PIONEER DR,3,ROAD,MINOR,11.0,26.0,PAVED,TwoWay,PAVED,4,50,NO ACCESS,Y,2004.0,107.784408278624
PIONEER DR,01-Non intersection,11-Not on roadway - right side,03-Snow,"08-Dark, artificial",MIDBLOCK,Friday,November,0,PIONEER DR,4,ROAD,MINOR,15.0,26.0,PAVED,TwoWay,PAVED,3,50,NO ACCESS,Y,1999.0,318.69091247177397
PIONEER DR,01-Non intersection,11-Not on roadway - right side,03-Snow,"08-Dark, artificial",MIDBLOCK,Friday,November,0,PIONEER DR,4,ROAD,MINOR,15.0,26.0,PAVED,TwoWay,PAVED,3,50,NO ACCESS,Y,1999.0,62.2466737567685
PIONEER DR,01-Non intersection,11-Not on roadway - right side,03-Snow,"08-Dark, artificial",MIDBLOCK,Friday,November,0,PIONEER DR,4,ROAD,MINOR,15.0,26.0,PAVED,TwoWay,PAVED,3,50,NO ACCESS,Y,1976.0,662.789731279247
PIONEER DR,01-Non intersection,11-Not on roadway - right side,03-Snow,"08-Dark, artificial",MIDBLOCK,Friday,November,0,PIONEER DR,3,ROAD,MINOR,10.0,26.0,PAVED,TwoWay,PAVED,4,50,NO ACCESS,Y,2004.0,134.464983173041
PIONEER DR,01-Non intersection,02-Thru lane,02-Rain,01-Daylight,MIDBLOCK,Sunday,September,1,PIONEER DR,3,ROAD,MINOR,13.0,26.0,PAVED,TwoWay,PAVED,4,50,NO ACCESS,Y,2004.0,137.341972786744
PIONEER DR,01-Non intersection,02-Thru lane,02-Rain,01-Daylight,MIDBLOCK,Sunday,September,1,PIONEER DR,2,ROAD,MINOR,10.0,26.0,PAVED,TwoWay,PAVED,4,50,NO ACCESS,Y,1976.0,101.09582431722201
PIONEER DR,01-Non intersection,02-Thru lane,02-Rain,01-Daylight,MIDBLOCK,Sunday,September,1,PIONEER DR,3,ROAD,MINOR,10.0,26.0,PAVED,TwoWay,PAVED,4,50,NO ACCESS,Y,2004.0,114.034516081637
PIONEER DR,01-Non intersection,02-Thru lane,02-Rain,01-Daylight,MIDBLOCK,Sunday,September,1,PIONEER DR,3,ROAD,MINOR,10.0,26.0,PAVED,TwoWay,PAVED,4,50,NO ACCESS,Y,2004.0,106.80366402175699
PIONEER DR,01-Non intersection,02-Thru lane,02-Rain,01-Daylight,MIDBLOCK,Sunday,September,1,PIONEER DR,3,ROAD,MINOR,11.0,26.0,PAVED,TwoWay,PAVED,4,50,NO ACCESS,Y,2004.0,107.784408278624
PIONEER DR,01-Non intersection,02-Thru lane,02-Rain,01-Daylight,MIDBLOCK,Sunday,September,1,PIONEER DR,4,ROAD,MINOR,15.0,26.0,PAVED,TwoWay,PAVED,3,50,NO ACCESS,Y,1999.0,318.69091247177397
PIONEER DR,01-Non intersection,02-Thru lane,02-Rain,01-Daylight,MIDBLOCK,Sunday,September,1,PIONEER DR,4,ROAD,MINOR,15.0,26.0,PAVED,TwoWay,PAVED,3,50,NO ACCESS,Y,1999.0,62.2466737567685
PIONEER DR,01-Non intersection,02-Thru lane,02-Rain,01-Daylight,MIDBLOCK,Sunday,September,1,PIONEER DR,4,ROAD,MINOR,15.0,26.0,PAVED,TwoWay,PAVED,3,50,NO ACCESS,Y,1976.0,662.789731279247
PIONEER DR,01-Non intersection,02-Thru lane,02-Rain,01-Daylight,MIDBLOCK,Sunday,September,1,PIONEER DR,3,ROAD,MINOR,10.0,26.0,PAVED,TwoWay,PAVED,4,50,NO ACCESS,Y,2004.0,134.464983173041
PIONEER DR,10-Parking lot,12-Off highway,01-Clear,01-Daylight,MIDBLOCK,Monday,March,0,PIONEER DR,3,ROAD,MINOR,13.0,26.0,PAVED,TwoWay,PAVED,4,50,NO ACCESS,Y,2004.0,137.341972786744
PIONEER DR,10-Parking lot,12-Off highway,01-Clear,01-Daylight,MIDBLOCK,Monday,March,0,PIONEER DR,2,ROAD,MINOR,10.0,26.0,PAVED,TwoWay,PAVED,4,50,NO ACCESS,Y,1976.0,101.09582431722201
PIONEER DR,10-Parking lot,12-Off highway,01-Clear,01-Daylight,MIDBLOCK,Monday,March,0,PIONEER DR,3,ROAD,MINOR,10.0,26.0,PAVED,TwoWay,PAVED,4,50,NO ACCESS,Y,2004.0,114.034516081637
PIONEER DR,10-Parking lot,12-Off highway,01-Clear,01-Daylight,MIDBLOCK,Monday,March,0,PIONEER DR,3,ROAD,MINOR,10.0,26.0,PAVED,TwoWay,PAVED,4,50,NO ACCESS,Y,2004.0,106.80366402175699
PIONEER DR,10-Parking lot,12-Off highway,01-Clear,01-Daylight,MIDBLOCK,Monday,March,0,PIONEER DR,3,ROAD,MINOR,11.0,26.0,PAVED,TwoWay,PAVED,4,50,NO ACCESS,Y,2004.0,107.784408278624
PIONEER DR,10-Parking lot,12-Off highway,01-Clear,01-Daylight,MIDBLOCK,Monday,March,0,PIONEER DR,4,ROAD,MINOR,15.0,26.0,PAVED,TwoWay,PAVED,3,50,NO ACCESS,Y,1999.0,318.69091247177397
PIONEER DR,10-Parking lot,12-Off highway,01-Clear,01-Daylight,MIDBLOCK,Monday,March,0,PIONEER DR,4,ROAD,MINOR,15.0,26.0,PAVED,TwoWay,PAVED,3,50,NO ACCESS,Y,1999.0,62.2466737567685
PIONEER DR,10-Parking lot,12-Off highway,01-Clear,01-Daylight,MIDBLOCK,Monday,March,0,PIONEER DR,4,ROAD,MINOR,15.0,26.0,PAVED,TwoWay,PAVED,3,50,NO ACCESS,Y,1976.0,662.789731279247
PIONEER DR,10-Parking lot,12-Off highway,01-Clear,01-Daylight,MIDBLOCK,Monday,March,0,PIONEER DR,3,ROAD,MINOR,10.0,26.0,PAVED,TwoWay,PAVED,4,50,NO ACCESS,Y,2004.0,134.464983173041
PIONEER DR,01-Non intersection,11-Not on roadway - right side,02-Rain,"04-Dawn, artificial",MIDBLOCK,Monday,February,0,PIONEER DR,3,ROAD,MINOR,13.0,26.0,PAVED,TwoWay,PAVED,4,50,NO ACCESS,Y,2004.0,137.341972786744
PIONEER DR,01-Non intersection,11-Not on roadway - right side,02-Rain,"04-Dawn, artificial",MIDBLOCK,Monday,February,0,PIONEER DR,2,ROAD,MINOR,10.0,26.0,PAVED,TwoWay,PAVED,4,50,NO ACCESS,Y,1976.0,101.09582431722201
PIONEER DR,01-Non intersection,11-Not on roadway - right side,02-Rain,"04-Dawn, artificial",MIDBLOCK,Monday,February,0,PIONEER DR,3,ROAD,MINOR,10.0,26.0,PAVED,TwoWay,PAVED,4,50,NO ACCESS,Y,2004.0,114.034516081637
PIONEER DR,01-Non intersection,11-Not on roadway - right side,02-Rain,"04-Dawn, artificial",MIDBLOCK,Monday,February,0,PIONEER DR,3,ROAD,MINOR,10.0,26.0,PAVED,TwoWay,PAVED,4,50,NO ACCESS,Y,2004.0,106.80366402175699
PIONEER DR,01-Non intersection,11-Not on roadway - right side,02-Rain,"04-Dawn, artificial",MIDBLOCK,Monday,February,0,PIONEER DR,3,ROAD,MINOR,11.0,26.0,PAVED,TwoWay,PAVED,4,50,NO ACCESS,Y,2004.0,107.784408278624
PIONEER DR,01-Non intersection,11-Not on roadway - right side,02-Rain,"04-Dawn, artificial",MIDBLOCK,Monday,February,0,PIONEER DR,4,ROAD,MINOR,15.0,26.0,PAVED,TwoWay,PAVED,3,50,NO ACCESS,Y,1999.0,318.69091247177397
PIONEER DR,01-Non intersection,11-Not on roadway - right side,02-Rain,"04-Dawn, artificial",MIDBLOCK,Monday,February,0,PIONEER DR,4,ROAD,MINOR,15.0,26.0,PAVED,TwoWay,PAVED,3,50,NO ACCESS,Y,1999.0,62.2466737567685
PIONEER DR,01-Non intersection,11-Not on roadway - right side,02-Rain,"04-Dawn, artificial",MIDBLOCK,Monday,February,0,PIONEER DR,4,ROAD,MINOR,15.0,26.0,PAVED,TwoWay,PAVED,3,50,NO ACCESS,Y,1976.0,662.789731279247
PIONEER DR,01-Non intersection,11-Not on roadway - right side,02-Rain,"04-Dawn, artificial",MIDBLOCK,Monday,February,0,PIONEER DR,3,ROAD,MINOR,10.0,26.0,PAVED,TwoWay,PAVED,4,50,NO ACCESS,Y,2004.0,134.464983173041
PIONEER DR,04-At/near private drive,02-Thru lane,03-Snow,01-Daylight,MIDBLOCK,Sunday,April,1,PIONEER DR,3,ROAD,MINOR,13.0,26.0,PAVED,TwoWay,PAVED,4,50,NO ACCESS,Y,2004.0,137.341972786744
PIONEER DR,04-At/near private drive,02-Thru lane,03-Snow,01-Daylight,MIDBLOCK,Sunday,April,1,PIONEER DR,2,ROAD,MINOR,10.0,26.0,PAVED,TwoWay,PAVED,4,50,NO ACCESS,Y,1976.0,101.09582431722201
PIONEER DR,04-At/near private drive,02-Thru lane,03-Snow,01-Daylight,MIDBLOCK,Sunday,April,1,PIONEER DR,3,ROAD,MINOR,10.0,26.0,PAVED,TwoWay,PAVED,4,50,NO ACCESS,Y,2004.0,114.034516081637
PIONEER DR,04-At/near private drive,02-Thru lane,03-Snow,01-Daylight,MIDBLOCK,Sunday,April,1,PIONEER DR,3,ROAD,MINOR,10.0,26.0,PAVED,TwoWay,PAVED,4,50,NO ACCESS,Y,2004.0,106.80366402175699
PIONEER DR,04-At/near private drive,02-Thru lane,03-Snow,01-Daylight,MIDBLOCK,Sunday,April,1,PIONEER DR,3,ROAD,MINOR,11.0,26.0,PAVED,TwoWay,PAVED,4,50,NO ACCESS,Y,2004.0,107.784408278624
PIONEER DR,04-At/near private drive,02-Thru lane,03-Snow,01-Daylight,MIDBLOCK,Sunday,April,1,PIONEER DR,4,ROAD,MINOR,15.0,26.0,PAVED,TwoWay,PAVED,3,50,NO ACCESS,Y,1999.0,318.69091247177397
PIONEER DR,04-At/near private drive,02-Thru lane,03-Snow,01-Daylight,MIDBLOCK,Sunday,April,1,PIONEER DR,4,ROAD,MINOR,15.0,26.0,PAVED,TwoWay,PAVED,3,50,NO ACCESS,Y,1999.0,62.2466737567685
PIONEER DR,04-At/near private drive,02-Thru lane,03-Snow,01-Daylight,MIDBLOCK,Sunday,April,1,PIONEER DR,4,ROAD,MINOR,15.0,26.0,PAVED,TwoWay,PAVED,3,50,NO ACCESS,Y,1976.0,662.789731279247
PIONEER DR,04-At/near private drive,02-Thru lane,03-Snow,01-Daylight,MIDBLOCK,Sunday,April,1,PIONEER DR,3,ROAD,MINOR,10.0,26.0,PAVED,TwoWay,PAVED,4,50,NO ACCESS,Y,2004.0,134.464983173041
PIONEER DR,01-Non intersection,02-Thru lane,04-Freezing Rain,"04-Dawn, artificial",MIDBLOCK,Monday,February,0,PIONEER DR,3,ROAD,MINOR,13.0,26.0,PAVED,TwoWay,PAVED,4,50,NO ACCESS,Y,2004.0,137.341972786744
PIONEER DR,01-Non intersection,02-Thru lane,04-Freezing Rain,"04-Dawn, artificial",MIDBLOCK,Monday,February,0,PIONEER DR,2,ROAD,MINOR,10.0,26.0,PAVED,TwoWay,PAVED,4,50,NO ACCESS,Y,1976.0,101.09582431722201
PIONEER DR,01-Non intersection,02-Thru lane,04-Freezing Rain,"04-Dawn, artificial",MIDBLOCK,Monday,February,0,PIONEER DR,3,ROAD,MINOR,10.0,26.0,PAVED,TwoWay,PAVED,4,50,NO ACCESS,Y,2004.0,114.034516081637
PIONEER DR,01-Non intersection,02-Thru lane,04-Freezing Rain,"04-Dawn, artificial",MIDBLOCK,Monday,February,0,PIONEER DR,3,ROAD,MINOR,10.0,26.0,PAVED,TwoWay,PAVED,4,50,NO ACCESS,Y,2004.0,106.80366402175699
PIONEER DR,01-Non intersection,02-Thru lane,04-Freezing Rain,"04-Dawn, artificial",MIDBLOCK,Monday,February,0,PIONEER DR,3,ROAD,MINOR,11.0,26.0,PAVED,TwoWay,PAVED,4,50,NO ACCESS,Y,2004.0,107.784408278624
PIONEER DR,01-Non intersection,02-Thru lane,04-Freezing Rain,"04-Dawn, artificial",MIDBLOCK,Monday,February,0,PIONEER DR,4,ROAD,MINOR,15.0,26.0,PAVED,TwoWay,PAVED,3,50,NO ACCESS,Y,1999.0,318.69091247177397
PIONEER DR,01-Non intersection,02-Thru lane,04-Freezing Rain,"04-Dawn, artificial",MIDBLOCK,Monday,February,0,PIONEER DR,4,ROAD,MINOR,15.0,26.0,PAVED,TwoWay,PAVED,3,50,NO ACCESS,Y,1999.0,62.2466737567685
PIONEER DR,01-Non intersection,02-Thru lane,04-Freezing Rain,"04-Dawn, artificial",MIDBLOCK,Monday,February,0,PIONEER DR,4,ROAD,MINOR,15.0,26.0,PAVED,TwoWay,PAVED,3,50,NO ACCESS,Y,1976.0,662.789731279247
PIONEER DR,01-Non intersection,02-Thru lane,04-Freezing Rain,"04-Dawn, artificial",MIDBLOCK,Monday,February,0,PIONEER DR,3,ROAD,MINOR,10.0,26.0,PAVED,TwoWay,PAVED,4,50,NO ACCESS,Y,2004.0,134.464983173041
PIONEER DR,01-Non intersection,02-Thru lane,01-Clear,01-Daylight,MIDBLOCK,Friday,May,0,PIONEER DR,3,ROAD,MINOR,13.0,26.0,PAVED,TwoWay,PAVED,4,50,NO ACCESS,Y,2004.0,137.341972786744
PIONEER DR,01-Non intersection,02-Thru lane,01-Clear,01-Daylight,MIDBLOCK,Friday,May,0,PIONEER DR,2,ROAD,MINOR,10.0,26.0,PAVED,TwoWay,PAVED,4,50,NO ACCESS,Y,1976.0,101.09582431722201
PIONEER DR,01-Non intersection,02-Thru lane,01-Clear,01-Daylight,MIDBLOCK,Friday,May,0,PIONEER DR,3,ROAD,MINOR,10.0,26.0,PAVED,TwoWay,PAVED,4,50,NO ACCESS,Y,2004.0,114.034516081637
PIONEER DR,01-Non intersection,02-Thru lane,01-Clear,01-Daylight,MIDBLOCK,Friday,May,0,PIONEER DR,3,ROAD,MINOR,10.0,26.0,PAVED,TwoWay,PAVED,4,50,NO ACCESS,Y,2004.0,106.80366402175699
PIONEER DR,01-Non intersection,02-Thru lane,01-Clear,01-Daylight,MIDBLOCK,Friday,May,0,PIONEER DR,3,ROAD,MINOR,11.0,26.0,PAVED,TwoWay,PAVED,4,50,NO ACCESS,Y,2004.0,107.784408278624
PIONEER DR,01-Non intersection,02-Thru lane,01-Clear,01-Daylight,MIDBLOCK,Friday,May,0,PIONEER DR,4,ROAD,MINOR,15.0,26.0,PAVED,TwoWay,PAVED,3,50,NO ACCESS,Y,1999.0,318.69091247177397
PIONEER DR,01-Non intersection,02-Thru lane,01-Clear,01-Daylight,MIDBLOCK,Friday,May,0,PIONEER DR,4,ROAD,MINOR,15.0,26.0,PAVED,TwoWay,PAVED,3,50,NO ACCESS,Y,1999.0,62.2466737567685
PIONEER DR,01-Non intersection,02-Thru lane,01-Clear,01-Daylight,MIDBLOCK,Friday,May,0,PIONEER DR,4,ROAD,MINOR,15.0,26.0,PAVED,TwoWay,PAVED,3,50,NO ACCESS,Y,1976.0,662.789731279247
PIONEER DR,01-Non intersection,02-Thru lane,01-Clear,01-Daylight,MIDBLOCK,Friday,May,0,PIONEER DR,3,ROAD,MINOR,10.0,26.0,PAVED,TwoWay,PAVED,4,50,NO ACCESS,Y,2004.0,134.464983173041
PIONEER DR,04-At/near private drive,02-Thru lane,01-Clear,01-Daylight,MIDBLOCK,Saturday,October,1,PIONEER DR,3,ROAD,MINOR,13.0,26.0,PAVED,TwoWay,PAVED,4,50,NO ACCESS,Y,2004.0,137.341972786744
PIONEER DR,04-At/near private drive,02-Thru lane,01-Clear,01-Daylight,MIDBLOCK,Saturday,October,1,PIONEER DR,2,ROAD,MINOR,10.0,26.0,PAVED,TwoWay,PAVED,4,50,NO ACCESS,Y,1976.0,101.09582431722201
PIONEER DR,04-At/near private drive,02-Thru lane,01-Clear,01-Daylight,MIDBLOCK,Saturday,October,1,PIONEER DR,3,ROAD,MINOR,10.0,26.0,PAVED,TwoWay,PAVED,4,50,NO ACCESS,Y,2004.0,114.034516081637
PIONEER DR,04-At/near private drive,02-Thru lane,01-Clear,01-Daylight,MIDBLOCK,Saturday,October,1,PIONEER DR,3,ROAD,MINOR,10.0,26.0,PAVED,TwoWay,PAVED,4,50,NO ACCESS,Y,2004.0,106.80366402175699
PIONEER DR,04-At/near private drive,02-Thru lane,01-Clear,01-Daylight,MIDBLOCK,Saturday,October,1,PIONEER DR,3,ROAD,MINOR,11.0,26.0,PAVED,TwoWay,PAVED,4,50,NO ACCESS,Y,2004.0,107.784408278624
PIONEER DR,04-At/near private drive,02-Thru lane,01-Clear,01-Daylight,MIDBLOCK,Saturday,October,1,PIONEER DR,4,ROAD,MINOR,15.0,26.0,PAVED,TwoWay,PAVED,3,50,NO ACCESS,Y,1999.0,318.69091247177397
PIONEER DR,04-At/near private drive,02-Thru lane,01-Clear,01-Daylight,MIDBLOCK,Saturday,October,1,PIONEER DR,4,ROAD,MINOR,15.0,26.0,PAVED,TwoWay,PAVED,3,50,NO ACCESS,Y,1999.0,62.2466737567685
PIONEER DR,04-At/near private drive,02-Thru lane,01-Clear,01-Daylight,MIDBLOCK,Saturday,October,1,PIONEER DR,4,ROAD,MINOR,15.0,26.0,PAVED,TwoWay,PAVED,3,50,NO ACCESS,Y,1976.0,662.789731279247
PIONEER DR,04-At/near private drive,02-Thru lane,01-Clear,01-Daylight,MIDBLOCK,Saturday,October,1,PIONEER DR,3,ROAD,MINOR,10.0,26.0,PAVED,TwoWay,PAVED,4,50,NO ACCESS,Y,2004.0,134.464983173041
PIONEER DR,04-At/near private drive,02-Thru lane,01-Clear,01-Daylight,MIDBLOCK,Tuesday,June,0,PIONEER DR,3,ROAD,MINOR,13.0,26.0,PAVED,TwoWay,PAVED,4,50,NO ACCESS,Y,2004.0,137.341972786744
PIONEER DR,04-At/near private drive,02-Thru lane,01-Clear,01-Daylight,MIDBLOCK,Tuesday,June,0,PIONEER DR,2,ROAD,MINOR,10.0,26.0,PAVED,TwoWay,PAVED,4,50,NO ACCESS,Y,1976.0,101.09582431722201