LOCATION,ACCIDENT_LOCATION,IMPACT_LOCATION,ENVIRONMENT_CONDITION,LIGHT,COLLISION_TYPE,DAY_OF_WEEK,MONTH,IS_WEEKEND,STREET,LANES,CATEGORY,SUBCATEGORY,PAVEMENT_WIDTH,ROW_WIDTH,SHOULDER,FLOW_DIRECTION,SURFACE_LAYER_TYPE,OFFICIAL_ROAD_CLASSIFICATION,SPEED_LIMIT_KM,TRUCK_ACCESS,BUS_ROUTE,SERVICE_YEAR,Shape__Length
PIONEER DR,01-Non intersection,02-Thru lane,01-Clear,01-Daylight,MIDBLOCK,Sunday,November,1,PIONEER DR,4,ROAD,MINOR,15.0,26.0,PAVED,TwoWay,PAVED,3,50,NO ACCESS,Y,1999.0,62.2466737567685
PIONEER DR,01-Non intersection,02-Thru lane,01-Clear,01-Daylight,MIDBLOCK,Sunday,November,1,PIONEER DR,4,ROAD,MINOR,15.0,26.0,PAVED,TwoWay,PAVED,3,50,NO ACCESS,Y,1976.0,662.789731279247
PIONEER DR,01-Non intersection,02-Thru lane,01-Clear,01-Daylight,MIDBLOCK,Sunday,November,1,PIONEER DR,3,ROAD,MINOR,10.0,26.0,PAVED,TwoWay,PAVED,4,50,NO ACCESS,Y,2004.0,134.464983173041
PIONEER DR,99-Other,12-Off highway,01-Clear,01-Daylight,MIDBLOCK,Tuesday,September,0,PIONEER DR,3,ROAD,MINOR,13.0,26.0,PAVED,TwoWay,PAVED,4,50,NO ACCESS,Y,2004.0,137.341972786744
PIONEER DR,99-Other,12-Off highway,01-Clear,01-Daylight,MIDBLOCK,Tuesday,September,0,PIONEER DR,2,ROAD,MINOR,10.0,26.0,PAVED,TwoWay,PAVED,4,50,NO ACCESS,Y,1976.0,101.09582431722201
PIONEER DR,99-Other,12-Off highway,01-Clear,01-Daylight,MIDBLOCK,Tuesday,September,0,PIONEER DR,3,ROAD,MINOR,10.0,26.0,PAVED,TwoWay,PAVED,4,50,NO ACCESS,Y,2004.0,114.034516081637
PIONEER DR,99-Other,12-Off highway,01-Clear,01-Daylight,MIDBLOCK,Tuesday,September,0,PIONEER DR,3,ROAD,MINOR,10.0,26.0,PAVED,TwoWay,PAVED,4,50,NO ACCESS,Y,2004.0,106.80366402175699
PIONEER DR,99-Other,12-Off highway,01-Clear,01-Daylight,MIDBLOCK,Tuesday,September,0,PIONEER DR,3,ROAD,MINOR,11.0,26.0,PAVED,TwoWay,PAVED,4,50,NO ACCESS,Y,2004.0,107.784408278624
PIONEER DR,99-Other,12-Off highway,01-Clear,01-Daylight,MIDBLOCK,Tuesday,September,0,PIONEER DR,4,ROAD,MINOR,15.0,26.0,PAVED,TwoWay,PAVED,3,50,NO ACCESS,Y,1999.0,318.69091247177397
PIONEER DR,99-Other,12-Off highway,01-Clear,01-Daylight,MIDBLOCK,Tuesday,September,0,PIONEER DR,4,ROAD,MINOR,15.0,26.0,PAVED,TwoWay,PAVED,3,50,NO ACCESS,Y,1999.0,62.2466737567685
PIONEER DR,99-Other,12-Off highway,01-Clear,01-Daylight,MIDBLOCK,Tuesday,September,0,PIONEER DR,4,ROAD,MINOR,15.0,26.0,PAVED,TwoWay,PAVED,3,50,NO ACCESS,Y,1976.0,662.789731279247
PIONEER DR,99-Other,12-Off highway,01-Clear,01-Daylight,MIDBLOCK,Tuesday,September,0,PIONEER DR,3,ROAD,MINOR,10.0,26.0,PAVED,TwoWay,PAVED,4,50,NO ACCESS,Y,2004.0,134.464983173041
WESTVIEW CRT,04-At/near private drive,09-Right shoulder,01-Clear,01-Daylight,MIDBLOCK,Saturday,May,1,WESTVIEW CRT,1,BULB,LOCAL,8.0,43.0,PAVED,FromTo,PAVED,6,50,NO ACCESS,N,1978.0,82.34649820721741
WESTVIEW CRT,04-At/near private drive,09-Right shoulder,01-Clear,01-Daylight,MIDBLOCK,Saturday,May,1,WESTVIEW CRT,2,ROAD,LOCAL,8.0,16.0,PAVED,TwoWay,PAVED,6,50,NO ACCESS,N,1978.0,91.12824074565071
AHRENS ST W,04-At/near private drive,02-Thru lane,01-Clear,"08-Dark, artificial",MIDBLOCK,Saturday,July,1,AHRENS ST W,2,ROAD,LOCAL,7.0,13.0,PAVED,TwoWay,PAVED,6,50,NO ACCESS,N,2005.0,380.282053909891
AHRENS ST W,04-At/near private drive,02-Thru lane,01-Clear,"08-Dark, artificial",MIDBLOCK,Saturday,July,1,AHRENS ST W,2,ROAD,LOCAL,8.0,20.0,PAVED,TwoWay,PAVED,6,50,NO ACCESS,N,1988.0,102.748042858502
AHRENS ST W,04-At/near private drive,02-Thru lane,01-Clear,"08-Dark, artificial",MIDBLOCK,Saturday,July,1,AHRENS ST W,1,ROAD,LOCAL,7.0,20.0,PAVED,FromTo,PAVED,6,40,NO ACCESS,N,2002.0,85.8600038217908
AHRENS ST W,04-At/near private drive,02-Thru lane,01-Clear,"08-Dark, artificial",MIDBLOCK,Saturday,July,1,AHRENS ST W,2,ROAD,LOCAL,7.0,13.0,PAVED,TwoWay,PAVED,6,50,NO ACCESS,N,2005.0,90.4600755927676
AHRENS ST W,04-At/near private drive,02-Thru lane,01-Clear,"08-Dark, artificial",MIDBLOCK,Saturday,July,1,AHRENS ST W,2,ROAD,LOCAL,7.0,20.0,PAVED,TwoWay,PAVED,6,50,NO ACCESS,N,1988.0,52.5195254021661
AHRENS ST W,04-At/near private drive,02-Thru lane,01-Clear,"08-Dark, artificial",MIDBLOCK,Saturday,July,1,AHRENS ST W,2,ROAD,LOCAL,6.0,13.0,PAVED,TwoWay,PAVED,6,50,NO ACCESS,N,1988.0,226.466195406718
AHRENS ST W,04-At/near private drive,02-Thru lane,01-Clear,"08-Dark, artificial",MIDBLOCK,Saturday,July,1,AHRENS ST W,2,ROAD,LOCAL,7.0,20.0,PAVED,TwoWay,PAVED,6,50,NO ACCESS,N,1988.0,59.19262265620522
AHRENS ST W,04-At/near private drive,02-Thru lane,01-Clear,"08-Dark, artificial",MIDBLOCK,Saturday,July,1,AHRENS ST W,2,ROAD,LOCAL,7.0,18.0,PAVED,TwoWay,PAVED,6,50,NO ACCESS,N,2007.0,288.62257278035196
AHRENS ST W,04-At/near private drive,02-Thru lane,01-Clear,"08-Dark, artificial",MIDBLOCK,Saturday,July,1,AHRENS ST W,2,ROAD,LOCAL,7.0,20.0,PAVED,TwoWay,PAVED,6,40,NO ACCESS,N,2002.0,57.1818802430297
AHRENS ST W,04-At/near private drive,02-Thru lane,01-Clear,"08-Dark, artificial",MIDBLOCK,Saturday,July,1,AHRENS ST W,2,ROAD,LOCAL,8.0,20.0,PAVED,TwoWay,PAVED,6,40,NO ACCESS,N,2002.0,55.980630222043885
AHRENS ST W,04-At/near private drive,02-Thru lane,01-Clear,"08-Dark, artificial",MIDBLOCK,Saturday,July,1,AHRENS ST W,2,ROAD,LOCAL,7.0,12.0,PAVED,TwoWay,PAVED,6,50,NO ACCESS,N,1988.0,160.634894322011
AHRENS ST W,04-At/near private drive,02-Thru lane,01-Clear,07-Dark,MIDBLOCK,Sunday,June,1,AHRENS ST W,2,ROAD,LOCAL,7.0,13.0,PAVED,TwoWay,PAVED,6,50,NO ACCESS,N,2005.0,380.282053909891
AHRENS ST W,04-At/near private drive,02-Thru lane,01-Clear,07-Dark,MIDBLOCK,Sunday,June,1,AHRENS ST W,2,ROAD,LOCAL,8.0,20.0,PAVED,TwoWay,PAVED,6,50,NO ACCESS,N,1988.0,102.748042858502
AHRENS ST W,04-At/near private drive,02-Thru lane,01-Clear,07-Dark,MIDBLOCK,Sunday,June,1,AHRENS ST W,1,ROAD,LOCAL,7.0,20.0,PAVED,FromTo,PAVED,6,40,NO ACCESS,N,2002.0,85.8600038217908
AHRENS ST W,04-At/near private drive,02-Thru lane,01-Clear,07-Dark,MIDBLOCK,Sunday,June,1,AHRENS ST W,2,ROAD,LOCAL,7.0,13.0,PAVED,TwoWay,PAVED,6,50,NO ACCESS,N,2005.0,90.4600755927676
AHRENS ST W,04-At/near private drive,02-Thru lane,01-Clear,07-Dark,MIDBLOCK,Sunday,June,1,AHRENS ST W,2,ROAD,LOCAL,7.0,20.0,PAVED,TwoWay,PAVED,6,50,NO ACCESS,N,1988.0,52.5195254021661
AHRENS ST W,04-At/near private drive,02-Thru lane,01-Clear,07-Dark,MIDBLOCK,Sunday,June,1,AHRENS ST W,2,ROAD,LOCAL,6.0,13.0,PAVED,TwoWay,PAVED,6,50,NO ACCESS,N,1988.0,226.466195406718
AHRENS ST W,04-At/near private drive,02-Thru lane,01-Clear,07-Dark,MIDBLOCK,Sunday,June,1,AHRENS ST W,2,ROAD,LOCAL,7.0,20.0,PAVED,TwoWay,PAVED,6,50,NO ACCESS,N,1988.0,59.19262265620522
AHRENS ST W,04-At/near private drive,02-Thru lane,01-Clear,07-Dark,MIDBLOCK,Sunday,June,1,AHRENS ST W,2,ROAD,LOCAL,7.0,18.0,PAVED,TwoWay,PAVED,6,50,NO ACCESS,N,2007.0,288.62257278035196
AHRENS ST W,04-At/near private drive,02-Thru lane,01-Clear,07-Dark,MIDBLOCK,Sunday,June,1,AHRENS ST W,2,ROAD,LOCAL,7.0,20.0,PAVED,TwoWay,PAVED,6,40,NO ACCESS,N,2002.0,57.1818802430297
AHRENS ST W,04-At/near private drive,02-Thru lane,01-Clear,07-Dark,MIDBLOCK,Sunday,June,1,AHRENS ST W,2,ROAD,LOCAL,8.0,20.0,PAVED,TwoWay,PAVED,6,40,NO ACCESS,N,2002.0,55.980630222043885
AHRENS ST W,04-At/near private drive,02-Thru lane,01-Clear,07-Dark,MIDBLOCK,Sunday,June,1,AHRENS ST W,2,ROAD,LOCAL,7.0,12.0,PAVED,TwoWay,PAVED,6,50,NO ACCESS,N,1988.0,160.634894322011
AHRENS ST W,04-At/near private drive,02-Thru lane,01-Clear,01-Daylight,MIDBLOCK,Saturday,December,1,AHRENS ST W,2,ROAD,LOCAL,7.0,13.0,PAVED,TwoWay,PAVED,6,50,NO ACCESS,N,2005.0,380.282053909891
AHRENS ST W,04-At/near private drive,02-Thru lane,01-Clear,01-Daylight,MIDBLOCK,Saturday,December,1,AHRENS ST W,2,ROAD,LOCAL,8.0,20.0,PAVED,TwoWay,PAVED,6,50,NO ACCESS,N,1988.0,102.748042858502
AHRENS ST W,04-At/near private drive,02-Thru lane,01-Clear,01-Daylight,MIDBLOCK,Saturday,December,1,AHRENS ST W,1,ROAD,LOCAL,7.0,20.0,PAVED,FromTo,PAVED,6,40,NO ACCESS,N,2002.0,85.8600038217908
AHRENS ST W,04-At/near private drive,02-Thru lane,01-Clear,01-Daylight,MIDBLOCK,Saturday,December,1,AHRENS ST W,2,ROAD,LOCAL,7.0,13.0,PAVED,TwoWay,PAVED,6,50,NO ACCESS,N,2005.0,90.4600755927676
AHRENS ST W,04-At/near private drive,02-Thru lane,01-Clear,01-Daylight,MIDBLOCK,Saturday,December,1,AHRENS ST W,2,ROAD,LOCAL,7.0,20.0,PAVED,TwoWay,PAVED,6,50,NO ACCESS,N,1988.0,52.5195254021661
AHRENS ST W,04-At/near private drive,02-Thru lane,01-Clear,01-Daylight,MIDBLOCK,Saturday,December,1,AHRENS ST W,2,ROAD,LOCAL,6.0,13.0,PAVED,TwoWay,PAVED,6,50,NO ACCESS,N,1988.0,226.466195406718
AHRENS ST W,04-At/near private drive,02-Thru lane,01-Clear,01-Daylight,MIDBLOCK,Saturday,December,1,AHRENS ST W,2,ROAD,LOCAL,7.0,20.0,PAVED,TwoWay,PAVED,6,50,NO ACCESS,N,1988.0,59.19262265620522
AHRENS ST W,04-At/near private drive,02-Thru lane,01-Clear,01-Daylight,MIDBLOCK,Saturday,December,1,AHRENS ST W,2,ROAD,LOCAL,7.0,18.0,PAVED,TwoWay,PAVED,6,50,NO ACCESS,N,2007.0,288.62257278035196
AHRENS ST W,04-At/near private drive,02-Thru lane,01-Clear,01-Daylight,MIDBLOCK,Saturday,December,1,AHRENS ST W,2,ROAD,LOCAL,7.0,20.0,PAVED,TwoWay,PAVED,6,40,NO ACCESS,N,2002.0,57.1818802430297
AHRENS ST W,04-At/near private drive,02-Thru lane,01-Clear,01-Daylight,MIDBLOCK,Saturday,December,1,AHRENS ST W,2,ROAD,LOCAL,8.0,20.0,PAVED,TwoWay,PAVED,6,40,NO ACCESS,N,2002.0,55.980630222043885
AHRENS ST W,04-At/near private drive,02-Thru lane,01-Clear,01-Daylight,MIDBLOCK,Saturday,December,1,AHRENS ST W,2,ROAD,LOCAL,7.0,12.0,PAVED,TwoWay,PAVED,6,50,NO ACCESS,N,1988.0,160.634894322011
AHRENS ST W,04-At/near private drive,02-Thru lane,01-Clear,01-Daylight,MIDBLOCK,Sunday,December,1,AHRENS ST W,2,ROAD,LOCAL,7.0,13.0,PAVED,TwoWay,PAVED,6,50,NO ACCESS,N,2005.0,380.282053909891
AHRENS ST W,04-At/near private drive,02-Thru lane,01-Clear,01-Daylight,MIDBLOCK,Sunday,December,1,AHRENS ST W,2,ROAD,LOCAL,8.0,20.0,PAVED,TwoWay,PAVED,6,50,NO ACCESS,N,1988.0,102.748042858502
AHRENS ST W,04-At/near private drive,02-Thru lane,01-Clear,01-Daylight,MIDBLOCK,Sunday,December,1,AHRENS ST W,1,ROAD,LOCAL,7.0,20.0,PAVED,FromTo,PAVED,6,40,NO ACCESS,N,2002.0,85.8600038217908
AHRENS ST W,04-At/near private drive,02-Thru lane,01-Clear,01-Daylight,MIDBLOCK,Sunday,December,1,AHRENS ST W,2,ROAD,LOCAL,7.0,13.0,PAVED,TwoWay,PAVED,6,50,NO ACCESS,N,2005.0,90.4600755927676
AHRENS ST W,04-At/near private drive,02-Thru lane,01-Clear,01-Daylight,MIDBLOCK,Sunday,December,1,AHRENS ST W,2,ROAD,LOCAL,7.0,20.0,PAVED,TwoWay,PAVED,6,50,NO ACCESS,N,1988.0,52.5195254021661
AHRENS ST W,04-At/near private drive,02-Thru lane,01-Clear,01-Daylight,MIDBLOCK,Sunday,December,1,AHRENS ST W,2,ROAD,LOCAL,6.0,13.0,PAVED,TwoWay,PAVED,6,50,NO ACCESS,N,1988.0,226.466195406718
AHRENS ST W,04-At/near private drive,02-Thru lane,01-Clear,01-Daylight,MIDBLOCK,Sunday,December,1,AHRENS ST W,2,ROAD,LOCAL,7.0,20.0,PAVED,TwoWay,PAVED,6,50,NO ACCESS,N,1988.0,59.19262265620522
AHRENS ST W,04-At/near private drive,02-Thru lane,01-Clear,01-Daylight,MIDBLOCK,Sunday,December,1,AHRENS ST W,2,ROAD,LOCAL,7.0,18.0,PAVED,TwoWay,PAVED,6,50,NO ACCESS,N,2007.0,288.62257278035196
AHRENS ST W,04-At/near private drive,02-Thru lane,01-Clear,01-Daylight,MIDBLOCK,Sunday,December,1,AHRENS ST W,2,ROAD,LOCAL,7.0,20.0,PAVED,TwoWay,PAVED,6,40,NO ACCESS,N,2002.0,57.1818802430297
AHRENS ST W,04-At/near private drive,02-Thru lane,01-Clear,01-Daylight,MIDBLOCK,Sunday,December,1,AHRENS ST W,2,ROAD,LOCAL,8.0,20.0,PAVED,TwoWay,PAVED,6,40,NO ACCESS,N,2002.0,55.980630222043885
AHRENS ST W,04-At/near private drive,02-Thru lane,01-Clear,01-Daylight,MIDBLOCK,Sunday,December,1,AHRENS ST W,2,ROAD,LOCAL,7.0,12.0,PAVED,TwoWay,PAVED,6,50,NO ACCESS,N,1988.0,160.634894322011
AHRENS ST W,04-At/near private drive,02-Thru lane,01-Clear,01-Daylight,MIDBLOCK,Tuesday,January,0,AHRENS ST W,2,ROAD,LOCAL,7.0,13.0,PAVED,TwoWay,PAVED,6,50,NO ACCESS,N,2005.0,380.282053909891
AHRENS ST W,04-At/near private drive,02-Thru lane,01-Clear,01-Daylight,MIDBLOCK,Tuesday,January,0,AHRENS ST W,2,ROAD,LOCAL,8.0,20.0,PAVED,TwoWay,PAVED,6,50,NO ACCESS,N,1988.0,102.748042858502
AHRENS ST W,04-At/near private drive,02-Thru lane,01-Clear,01-Daylight,MIDBLOCK,Tuesday,January,0,AHRENS ST W,1,ROAD,LOCAL,7.0,20.0,PAVED,FromTo,PAVED,6,40,NO ACCESS,N,2002.0,85.8600038217908
AHRENS ST W,04-At/near private drive,02-Thru lane,01-Clear,01-Daylight,MIDBLOCK,Tuesday,January,0,AHRENS ST W,2,ROAD,LOCAL,7.0,13.0,PAVED,TwoWay,PAVED,6,50,NO ACCESS,N,2005.0,90.4600755927676
AHRENS ST W,04-At/near private drive,02-Thru lane,01-Clear,01-Daylight,MIDBLOCK,Tuesday,January,0,AHRENS ST W,2,ROAD,LOCAL,7.0,20.0,PAVED,TwoWay,PAVED,6,50,NO ACCESS,N,1988.0,52.5195254021661
AHRENS ST W,04-At/near private drive,02-Thru lane,01-Clear,01-Daylight,MIDBLOCK,Tuesday,January,0,AHRENS ST W,2,ROAD,LOCAL,6.0,13.0,PAVED,TwoWay,PAVED,6,50,NO ACCESS,N,1988.0,226.466195406718
AHRENS ST W,04-At/near private drive,02-Thru lane,01-Clear,01-Daylight,MIDBLOCK,Tuesday,January,0,AHRENS ST W,2,ROAD,LOCAL,7.0,20.0,PAVED,TwoWay,PAVED,6,50,NO ACCESS,N,1988.0,59.19262265620522
AHRENS ST W,04-At/near private drive,02-Thru lane,01-Clear,01-Daylight,MIDBLOCK,Tuesday,January,0,AHRENS ST W,2,ROAD,LOCAL,7.0,18.0,PAVED,TwoWay,PAVED,6,50,NO ACCESS,N,2007.0,288.62257278035196
AHRENS ST W,04-At/near private drive,02-Thru lane,01-Clear,01-Daylight,MIDBLOCK,Tuesday,January,0,AHRENS ST W,2,ROAD,LOCAL,7.0,20.0,PAVED,TwoWay,PAVED,6,40,NO ACCESS,N,2002.0,57.1818802430297
AHRENS ST W,04-At/near private drive,02-Thru lane,01-Clear,01-Daylight,MIDBLOCK,Tuesday,January,0,AHRENS ST W,2,ROAD,LOCAL,8.0,20.0,PAVED,TwoWay,PAVED,6,40,NO ACCESS,N,2002.0,55.980630222043885
AHRENS ST W,04-At/near private drive,02-Thru lane,01-Clear,01-Daylight,MIDBLOCK,Tuesday,January,0,AHRENS ST W,2,ROAD,LOCAL,7.0,12.0,PAVED,TwoWay,PAVED,6,50,NO ACCESS,N,1988.0,160.634894322011
AHRENS ST W,04-At/near private drive,02-Thru lane,01-Clear,01-Daylight,MIDBLOCK,Saturday,May,1,AHRENS ST W,2,ROAD,LOCAL,7.0,13.0,PAVED,TwoWay,PAVED,6,50,NO ACCESS,N,2005.0,380.282053909891
AHRENS ST W,04-At/near private drive,02-Thru lane,01-Clear,01-Daylight,MIDBLOCK,Saturday,May,1,AHRENS ST W,2,ROAD,LOCAL,8.0,20.0,PAVED,TwoWay,PAVED,6,50,NO ACCESS,N,1988.0,102.748042858502
AHRENS ST W,04-At/near private drive,02-Thru lane,01-Clear,01-Daylight,MIDBLOCK,Saturday,May,1,AHRENS ST W,1,ROAD,LOCAL,7.0,20.0,PAVED,FromTo,PAVED,6,40,NO ACCESS,N,2002.0,85.8600038217908
AHRENS ST W,04-At/near private drive,02-Thru lane,01-Clear,01-Daylight,MIDBLOCK,Saturday,May,1,AHRENS ST W,2,ROAD,LOCAL,7.0,13.0,PAVED,TwoWay,PAVED,6,50,NO ACCESS,N,2005.0,90.4600755927676
AHRENS ST W,04-At/near private drive,02-Thru lane,01-Clear,01-Daylight,MIDBLOCK,Saturday,May,1,AHRENS ST W,2,ROAD,LOCAL,7.0,20.0,PAVED,TwoWay,PAVED,6,50,NO ACCESS,N,1988.0,52.5195254021661
AHRENS ST W,04-At/near private drive,02-Thru lane,01-Clear,01-Daylight,MIDBLOCK,Saturday,May,1,AHRENS ST W,2,ROAD,LOCAL,6.0,13.0,PAVED,TwoWay,PAVED,6,50,NO ACCESS,N,1988.0,226.466195406718
AHRENS ST W,04-At/near private drive,02-Thru lane,01-Clear,01-Daylight,MIDBLOCK,Saturday,May,1,AHRENS ST W,2,ROAD,LOCAL,7.0,20.0,PAVED,TwoWay,PAVED,6,50,NO ACCESS,N,1988.0,59.19262265620522
AHRENS ST W,04-At/near private drive,02-Thru lane,01-Clear,01-Daylight,MIDBLOCK,Saturday,May,1,AHRENS ST W,2,ROAD,LOCAL,7.0,18.0,PAVED,TwoWay,PAVED,6,50,NO ACCESS,N,2007.0,288.62257278035196
AHRENS ST W,04-At/near private drive,02-Thru lane,01-Clear,01-Daylight,MIDBLOCK,Saturday,May,1,AHRENS ST W,2,ROAD,LOCAL,7.0,20.0,PAVED,TwoWay,PAVED,6,40,NO ACCESS,N,2002.0,57.1818802430297
AHRENS ST W,04-At/near private drive,02-Thru lane,01-Clear,01-Daylight,MIDBLOCK,Saturday,May,1,AHRENS ST W,2,ROAD,LOCAL,8.0,20.0,PAVED,TwoWay,PAVED,6,40,NO ACCESS,N,2002.0,55.980630222043885
AHRENS ST W,04-At/near private drive,02-Thru lane,01-Clear,01-Daylight,MIDBLOCK,Saturday,May,1,AHRENS ST W,2,ROAD,LOCAL,7.0,12.0,PAVED,TwoWay,PAVED,6,50,NO ACCESS,N,1988.0,160.634894322011
BARBARA CRES,01-Non intersection,02-Thru lane,01-Clear,07-Dark,MIDBLOCK,Friday,July,0,BARBARA CRES,2,ROAD,LOCAL,9.0,20.0,PAVED,TwoWay,PAVED,6,50,NO ACCESS,N,1945.0,405.945638641135
BARBARA CRES,04-At/near private drive,02-Thru lane,01-Clear,01-Daylight,MIDBLOCK,Thursday,September,0,BARBARA CRES,2,ROAD,LOCAL,9.0,20.0,PAVED,TwoWay,PAVED,6,50,NO ACCESS,N,1945.0,405.945638641135
HERLAN AVE,04-At/near private drive,09-Right shoulder,01-Clear,"08-Dark, artificial",MIDBLOCK,Wednesday,August,0,HERLAN AVE,2,ROAD,LOCAL,7.0,20.0,PAVED,TwoWay,PAVED,6,50,NO ACCESS,N,1911.0,163.266294010808
HERLAN AVE,04-At/near private drive,02-Thru lane,01-Clear,01-Daylight,MIDBLOCK,Tuesday,December,0,HERLAN AVE,2,ROAD,LOCAL,7.0,20.0,PAVED,TwoWay,PAVED,6,50,NO ACCESS,N,1911.0,163.266294010808
MISTY CRES,04-At/near private drive,09-Right shoulder,01-Clear,01-Daylight,MIDBLOCK,Friday,May,0,MISTY CRES,2,ROAD,LOCAL,9.0,18.0,PAVED,TwoWay,PAVED,6,50,NO ACCESS,N,1991.0,516.6789120887539
MISTY CRES,04-At/near private drive,09-Right shoulder,01-Clear,01-Daylight,MIDBLOCK,Friday,October,0,MISTY CRES,2,ROAD,LOCAL,9.0,18.0,PAVED,TwoWay,PAVED,6,50,NO ACCESS,N,1991.0,516.6789120887539
MISTY CRES,04-At/near private drive,02-Thru lane,01-Clear,07-Dark,MIDBLOCK,Thursday,June,0,MISTY CRES,2,ROAD,LOCAL,9.0,18.0,PAVED,TwoWay,PAVED,6,50,NO ACCESS,N,1991.0,516.6789120887539
MISTY CRES,01-Non intersection,02-Thru lane,02-Rain,01-Daylight,MIDBLOCK,Thursday,May,0,MISTY CRES,2,ROAD,LOCAL,9.0,18.0,PAVED,TwoWay,PAVED,6,50,NO ACCESS,N,1991.0,516.6789120887539
MISTY CRES,04-At/near private drive,02-Thru lane,01-Clear,01-Daylight,MIDBLOCK,Friday,June,0,MISTY CRES,2,ROAD,LOCAL,9.0,18.0,PAVED,TwoWay,PAVED,6,50,NO ACCESS,N,1991.0,516.6789120887539
MISTY CRES,04-At/near private drive,02-Thru lane,01-Clear,01-Daylight,MIDBLOCK,Tuesday,July,0,MISTY CRES,2,ROAD,LOCAL,9.0,18.0,PAVED,TwoWay,PAVED,6,50,NO ACCESS,N,1991.0,516.6789120887539
MISTY CRES,04-At/near private drive,02-Thru lane,01-Clear,01-Daylight,MIDBLOCK,Thursday,August,0,MISTY CRES,2,ROAD,LOCAL,9.0,18.0,PAVED,TwoWay,PAVED,6,50,NO ACCESS,N,1991.0,516.6789120887539
MISTY CRES,04-At/near private drive,02-Thru lane,01-Clear,"08-Dark, artificial",MIDBLOCK,Thursday,February,0,MISTY CRES,2,ROAD,LOCAL,9.0,18.0,PAVED,TwoWay,PAVED,6,50,NO ACCESS,N,1991.0,516.6789120887539
YARROW CRT,04-At/near private drive,08-Left shoulder,01-Clear,07-Dark,MIDBLOCK,Saturday,April,1,YARROW CRT,1,BULB,LOCAL,7.0,40.0,PAVED,FromTo,PAVED,6,50,NO ACCESS,N,2003.0,70.8610188338307
YARROW CRT,04-At/near private drive,08-Left shoulder,01-Clear,07-Dark,MIDBLOCK,Saturday,April,1,YARROW CRT,2,ROAD,LOCAL,8.0,16.0,PAVED,TwoWay,PAVED,6,50,NO ACCESS,N,2003.0,157.90408902905898
DEER RIDGE DR,04-At/near private drive,09-Right shoulder,01-Clear,01-Daylight,MIDBLOCK,Thursday,June,0,DEER RIDGE DR,2,ROAD,MINOR,9.0,20.0,PAVED,TwoWay,PAVED,6,50,NO ACCESS,N,2002.0,50.58875742673511
DEER RIDGE DR,04-At/near private drive,09-Right shoulder,01-Clear,01-Daylight,MIDBLOCK,Thursday,June,0,DEER RIDGE DR,2,ROAD,MINOR,9.0,20.0,PAVED,TwoWay,PAVED,6,40,NO ACCESS,N,2002.0,221.19342549716
DEER RIDGE DR,04-At/near private drive,09-Right shoulder,01-Clear,01-Daylight,MIDBLOCK,Thursday,June,0,DEER RIDGE DR,2,ROAD,MINOR,9.0,20.0,PAVED,TwoWay,PAVED,6,50,NO ACCESS,N,2002.0,62.66222533601751
DEER RIDGE DR,04-At/near private drive,09-Right shoulder,01-Clear,01-Daylight,MIDBLOCK,Thursday,June,0,DEER RIDGE DR,2,ROAD,MINOR,9.0,21.0,PAVED,TwoWay,PAVED,1,50,NO ACCESS,N,1998.0,57.782074742900704
DEER RIDGE DR,04-At/near private drive,09-Right shoulder,01-Clear,01-Daylight,MIDBLOCK,Thursday,June,0,DEER RIDGE DR,2,ROAD,MINOR,10.0,19.0,PAVED,TwoWay,PAVED,1,50,NO ACCESS,N,1998.0,273.350879916776
DEER RIDGE DR,04-At/near private drive,09-Right shoulder,01-Clear,01-Daylight,MIDBLOCK,Thursday,June,0,DEER RIDGE DR,2,ROAD,MINOR,9.0,19.0,PAVED,TwoWay,PAVED,1,40,NO ACCESS,N,1998.0,288.80886052342703
DEER RIDGE DR,04-At/near private drive,09-Right shoulder,01-Clear,01-Daylight,MIDBLOCK,Thursday,June,0,DEER RIDGE DR,2,ROAD,MINOR,10.0,20.0,PAVED,TwoWay,PAVED,1,50,NO ACCESS,N,1998.0,102.00230244980801
DEER RIDGE DR,04-At/near private drive,09-Right shoulder,01-Clear,01-Daylight,MIDBLOCK,Thursday,June,0,DEER RIDGE DR,2,ROAD,MINOR,10.0,20.0,PAVED,TwoWay,PAVED,1,50,NO ACCESS,N,1998.0,148.24323402530501
DEER RIDGE DR,04-At/near private drive,09-Right shoulder,01-Clear,01-Daylight,MIDBLOCK,Thursday,June,0,DEER RIDGE DR,2,ROAD,MINOR,10.0,18.0,PAVED,TwoWay,PAVED,1,50,NO ACCESS,N,1998.0,86.81708280586659
DEER RIDGE DR,04-At/near private drive,09-Right shoulder,01-Clear,01-Daylight,MIDBLOCK,Thursday,June,0,DEER RIDGE DR,2,ROAD,MINOR,10.0,20.0,PAVED,TwoWay,PAVED,1,50,NO ACCESS,N,1998.0,209.49769548862
DEER RIDGE DR,04-At/near private drive,09-Right shoulder,01-Clear,01-Daylight,MIDBLOCK,Thursday,June,0,DEER RIDGE DR,2,ROAD,MINOR,9.0,21.0,PAVED,TwoWay,PAVED,1,50,NO ACCESS,N,1998.0,45.26272503098721
DEER RIDGE DR,04-At/near private drive,09-Right shoulder,01-Clear,01-Daylight,MIDBLOCK,Thursday,June,0,DEER RIDGE DR,2,ROAD,MINOR,10.0,20.0,PAVED,TwoWay,PAVED,1,50,NO ACCESS,N,1998.0,132.204115514957