LOCATION,ACCIDENT_LOCATION,IMPACT_LOCATION,ENVIRONMENT_CONDITION,LIGHT,COLLISION_TYPE,DAY_OF_WEEK,MONTH,IS_WEEKEND,STREET,LANES,CATEGORY,SUBCATEGORY,PAVEMENT_WIDTH,ROW_WIDTH,SHOULDER,FLOW_DIRECTION,SURFACE_LAYER_TYPE,OFFICIAL_ROAD_CLASSIFICATION,SPEED_LIMIT_KM,TRUCK_ACCESS,BUS_ROUTE,SERVICE_YEAR,Shape__Length
DEER RIDGE DR,04-At/near private drive,09-Right shoulder,01-Clear,01-Daylight,MIDBLOCK,Thursday,June,0,DEER RIDGE DR,2,ROAD,MINOR,14.0,26.0,PAVED,TwoWay,PAVED,1,50,NO ACCESS,N,1998.0,134.082138504287
DEER RIDGE DR,04-At/near private drive,09-Right shoulder,01-Clear,01-Daylight,MIDBLOCK,Thursday,June,0,DEER RIDGE DR,2,ROAD,MINOR,11.0,23.0,PAVED,TwoWay,PAVED,1,40,NO ACCESS,N,1998.0,237.320672044203
DEER RIDGE DR,04-At/near private drive,09-Right shoulder,01-Clear,01-Daylight,MIDBLOCK,Thursday,June,0,DEER RIDGE DR,2,ROAD,MINOR,9.0,20.0,PAVED,TwoWay,PAVED,6,40,NO ACCESS,N,2003.0,54.0629368642533
DEER RIDGE DR,04-At/near private drive,09-Right shoulder,01-Clear,01-Daylight,MIDBLOCK,Thursday,June,0,DEER RIDGE DR,2,ROAD,MINOR,9.0,20.0,PAVED,TwoWay,PAVED,1,50,NO ACCESS,N,1998.0,78.04868629698991
DEER RIDGE DR,01-Non intersection,04-Right turn lane,01-Clear,01-Daylight,MIDBLOCK,Saturday,January,1,DEER RIDGE DR,2,ROAD,MINOR,9.0,20.0,PAVED,TwoWay,PAVED,6,50,NO ACCESS,N,2002.0,50.58875742673511
DEER RIDGE DR,01-Non intersection,04-Right turn lane,01-Clear,01-Daylight,MIDBLOCK,Saturday,January,1,DEER RIDGE DR,2,ROAD,MINOR,9.0,20.0,PAVED,TwoWay,PAVED,6,40,NO ACCESS,N,2002.0,221.19342549716
DEER RIDGE DR,01-Non intersection,04-Right turn lane,01-Clear,01-Daylight,MIDBLOCK,Saturday,January,1,DEER RIDGE DR,2,ROAD,MINOR,9.0,20.0,PAVED,TwoWay,PAVED,6,50,NO ACCESS,N,2002.0,62.66222533601751
DEER RIDGE DR,01-Non intersection,04-Right turn lane,01-Clear,01-Daylight,MIDBLOCK,Saturday,January,1,DEER RIDGE DR,2,ROAD,MINOR,9.0,21.0,PAVED,TwoWay,PAVED,1,50,NO ACCESS,N,1998.0,57.782074742900704
DEER RIDGE DR,01-Non intersection,04-Right turn lane,01-Clear,01-Daylight,MIDBLOCK,Saturday,January,1,DEER RIDGE DR,2,ROAD,MINOR,10.0,19.0,PAVED,TwoWay,PAVED,1,50,NO ACCESS,N,1998.0,273.350879916776
DEER RIDGE DR,01-Non intersection,04-Right turn lane,01-Clear,01-Daylight,MIDBLOCK,Saturday,January,1,DEER RIDGE DR,2,ROAD,MINOR,9.0,19.0,PAVED,TwoWay,PAVED,1,40,NO ACCESS,N,1998.0,288.80886052342703
DEER RIDGE DR,01-Non intersection,04-Right turn lane,01-Clear,01-Daylight,MIDBLOCK,Saturday,January,1,DEER RIDGE DR,2,ROAD,MINOR,10.0,20.0,PAVED,TwoWay,PAVED,1,50,NO ACCESS,N,1998.0,102.00230244980801
DEER RIDGE DR,01-Non intersection,04-Right turn lane,01-Clear,01-Daylight,MIDBLOCK,Saturday,January,1,DEER RIDGE DR,2,ROAD,MINOR,10.0,20.0,PAVED,TwoWay,PAVED,1,50,NO ACCESS,N,1998.0,148.24323402530501
DEER RIDGE DR,01-Non intersection,04-Right turn lane,01-Clear,01-Daylight,MIDBLOCK,Saturday,January,1,DEER RIDGE DR,2,ROAD,MINOR,10.0,18.0,PAVED,TwoWay,PAVED,1,50,NO ACCESS,N,1998.0,86.81708280586659
DEER RIDGE DR,01-Non intersection,04-Right turn lane,01-Clear,01-Daylight,MIDBLOCK,Saturday,January,1,DEER RIDGE DR,2,ROAD,MINOR,10.0,20.0,PAVED,TwoWay,PAVED,1,50,NO ACCESS,N,1998.0,209.49769548862
DEER RIDGE DR,01-Non intersection,04-Right turn lane,01-Clear,01-Daylight,MIDBLOCK,Saturday,January,1,DEER RIDGE DR,2,ROAD,MINOR,9.0,21.0,PAVED,TwoWay,PAVED,1,50,NO ACCESS,N,1998.0,45.26272503098721
DEER RIDGE DR,01-Non intersection,04-Right turn lane,01-Clear,01-Daylight,MIDBLOCK,Saturday,January,1,DEER RIDGE DR,2,ROAD,MINOR,10.0,20.0,PAVED,TwoWay,PAVED,1,50,NO ACCESS,N,1998.0,132.204115514957
DEER RIDGE DR,01-Non intersection,04-Right turn lane,01-Clear,01-Daylight,MIDBLOCK,Saturday,January,1,DEER RIDGE DR,2,ROAD,MINOR,14.0,26.0,PAVED,TwoWay,PAVED,1,50,NO ACCESS,N,1998.0,134.082138504287
DEER RIDGE DR,01-Non intersection,04-Right turn lane,01-Clear,01-Daylight,MIDBLOCK,Saturday,January,1,DEER RIDGE DR,2,ROAD,MINOR,11.0,23.0,PAVED,TwoWay,PAVED,1,40,NO ACCESS,N,1998.0,237.320672044203
DEER RIDGE DR,01-Non intersection,04-Right turn lane,01-Clear,01-Daylight,MIDBLOCK,Saturday,January,1,DEER RIDGE DR,2,ROAD,MINOR,9.0,20.0,PAVED,TwoWay,PAVED,6,40,NO ACCESS,N,2003.0,54.0629368642533
DEER RIDGE DR,01-Non intersection,04-Right turn lane,01-Clear,01-Daylight,MIDBLOCK,Saturday,January,1,DEER RIDGE DR,2,ROAD,MINOR,9.0,20.0,PAVED,TwoWay,PAVED,1,50,NO ACCESS,N,1998.0,78.04868629698991
DEER RIDGE DR,04-At/near private drive,01-Within intersection,01-Clear,"08-Dark, artificial",MIDBLOCK,Sunday,October,1,DEER RIDGE DR,2,ROAD,MINOR,9.0,20.0,PAVED,TwoWay,PAVED,6,50,NO ACCESS,N,2002.0,50.58875742673511
DEER RIDGE DR,04-At/near private drive,01-Within intersection,01-Clear,"08-Dark, artificial",MIDBLOCK,Sunday,October,1,DEER RIDGE DR,2,ROAD,MINOR,9.0,20.0,PAVED,TwoWay,PAVED,6,40,NO ACCESS,N,2002.0,221.19342549716
DEER RIDGE DR,04-At/near private drive,01-Within intersection,01-Clear,"08-Dark, artificial",MIDBLOCK,Sunday,October,1,DEER RIDGE DR,2,ROAD,MINOR,9.0,20.0,PAVED,TwoWay,PAVED,6,50,NO ACCESS,N,2002.0,62.66222533601751
DEER RIDGE DR,04-At/near private drive,01-Within intersection,01-Clear,"08-Dark, artificial",MIDBLOCK,Sunday,October,1,DEER RIDGE DR,2,ROAD,MINOR,9.0,21.0,PAVED,TwoWay,PAVED,1,50,NO ACCESS,N,1998.0,57.782074742900704
DEER RIDGE DR,04-At/near private drive,01-Within intersection,01-Clear,"08-Dark, artificial",MIDBLOCK,Sunday,October,1,DEER RIDGE DR,2,ROAD,MINOR,10.0,19.0,PAVED,TwoWay,PAVED,1,50,NO ACCESS,N,1998.0,273.350879916776
DEER RIDGE DR,04-At/near private drive,01-Within intersection,01-Clear,"08-Dark, artificial",MIDBLOCK,Sunday,October,1,DEER RIDGE DR,2,ROAD,MINOR,9.0,19.0,PAVED,TwoWay,PAVED,1,40,NO ACCESS,N,1998.0,288.80886052342703
DEER RIDGE DR,04-At/near private drive,01-Within intersection,01-Clear,"08-Dark, artificial",MIDBLOCK,Sunday,October,1,DEER RIDGE DR,2,ROAD,MINOR,10.0,20.0,PAVED,TwoWay,PAVED,1,50,NO ACCESS,N,1998.0,102.00230244980801
DEER RIDGE DR,04-At/near private drive,01-Within intersection,01-Clear,"08-Dark, artificial",MIDBLOCK,Sunday,October,1,DEER RIDGE DR,2,ROAD,MINOR,10.0,20.0,PAVED,TwoWay,PAVED,1,50,NO ACCESS,N,1998.0,148.24323402530501
DEER RIDGE DR,04-At/near private drive,01-Within intersection,01-Clear,"08-Dark, artificial",MIDBLOCK,Sunday,October,1,DEER RIDGE DR,2,ROAD,MINOR,10.0,18.0,PAVED,TwoWay,PAVED,1,50,NO ACCESS,N,1998.0,86.81708280586659
DEER RIDGE DR,04-At/near private drive,01-Within intersection,01-Clear,"08-Dark, artificial",MIDBLOCK,Sunday,October,1,DEER RIDGE DR,2,ROAD,MINOR,10.0,20.0,PAVED,TwoWay,PAVED,1,50,NO ACCESS,N,1998.0,209.49769548862
DEER RIDGE DR,04-At/near private drive,01-Within intersection,01-Clear,"08-Dark, artificial",MIDBLOCK,Sunday,October,1,DEER RIDGE DR,2,ROAD,MINOR,9.0,21.0,PAVED,TwoWay,PAVED,1,50,NO ACCESS,N,1998.0,45.26272503098721
DEER RIDGE DR,04-At/near private drive,01-Within intersection,01-Clear,"08-Dark, artificial",MIDBLOCK,Sunday,October,1,DEER RIDGE DR,2,ROAD,MINOR,10.0,20.0,PAVED,TwoWay,PAVED,1,50,NO ACCESS,N,1998.0,132.204115514957
DEER RIDGE DR,04-At/near private drive,01-Within intersection,01-Clear,"08-Dark, artificial",MIDBLOCK,Sunday,October,1,DEER RIDGE DR,2,ROAD,MINOR,14.0,26.0,PAVED,TwoWay,PAVED,1,50,NO ACCESS,N,1998.0,134.082138504287
DEER RIDGE DR,04-At/near private drive,01-Within intersection,01-Clear,"08-Dark, artificial",MIDBLOCK,Sunday,October,1,DEER RIDGE DR,2,ROAD,MINOR,11.0,23.0,PAVED,TwoWay,PAVED,1,40,NO ACCESS,N,1998.0,237.320672044203
DEER RIDGE DR,04-At/near private drive,01-Within intersection,01-Clear,"08-Dark, artificial",MIDBLOCK,Sunday,October,1,DEER RIDGE DR,2,ROAD,MINOR,9.0,20.0,PAVED,TwoWay,PAVED,6,40,NO ACCESS,N,2003.0,54.0629368642533
DEER RIDGE DR,04-At/near private drive,01-Within intersection,01-Clear,"08-Dark, artificial",MIDBLOCK,Sunday,October,1,DEER RIDGE DR,2,ROAD,MINOR,9.0,20.0,PAVED,TwoWay,PAVED,1,50,NO ACCESS,N,1998.0,78.04868629698991
DEER RIDGE DR,04-At/near private drive,02-Thru lane,01-Clear,01-Daylight,MIDBLOCK,Saturday,July,1,DEER RIDGE DR,2,ROAD,MINOR,9.0,20.0,PAVED,TwoWay,PAVED,6,50,NO ACCESS,N,2002.0,50.58875742673511
DEER RIDGE DR,04-At/near private drive,02-Thru lane,01-Clear,01-Daylight,MIDBLOCK,Saturday,July,1,DEER RIDGE DR,2,ROAD,MINOR,9.0,20.0,PAVED,TwoWay,PAVED,6,40,NO ACCESS,N,2002.0,221.19342549716
DEER RIDGE DR,04-At/near private drive,02-Thru lane,01-Clear,01-Daylight,MIDBLOCK,Saturday,July,1,DEER RIDGE DR,2,ROAD,MINOR,9.0,20.0,PAVED,TwoWay,PAVED,6,50,NO ACCESS,N,2002.0,62.66222533601751
DEER RIDGE DR,04-At/near private drive,02-Thru lane,01-Clear,01-Daylight,MIDBLOCK,Saturday,July,1,DEER RIDGE DR,2,ROAD,MINOR,9.0,21.0,PAVED,TwoWay,PAVED,1,50,NO ACCESS,N,1998.0,57.782074742900704
DEER RIDGE DR,04-At/near private drive,02-Thru lane,01-Clear,01-Daylight,MIDBLOCK,Saturday,July,1,DEER RIDGE DR,2,ROAD,MINOR,10.0,19.0,PAVED,TwoWay,PAVED,1,50,NO ACCESS,N,1998.0,273.350879916776
DEER RIDGE DR,04-At/near private drive,02-Thru lane,01-Clear,01-Daylight,MIDBLOCK,Saturday,July,1,DEER RIDGE DR,2,ROAD,MINOR,9.0,19.0,PAVED,TwoWay,PAVED,1,40,NO ACCESS,N,1998.0,288.80886052342703
DEER RIDGE DR,04-At/near private drive,02-Thru lane,01-Clear,01-Daylight,MIDBLOCK,Saturday,July,1,DEER RIDGE DR,2,ROAD,MINOR,10.0,20.0,PAVED,TwoWay,PAVED,1,50,NO ACCESS,N,1998.0,102.00230244980801
DEER RIDGE DR,04-At/near private drive,02-Thru lane,01-Clear,01-Daylight,MIDBLOCK,Saturday,July,1,DEER RIDGE DR,2,ROAD,MINOR,10.0,20.0,PAVED,TwoWay,PAVED,1,50,NO ACCESS,N,1998.0,148.24323402530501
DEER RIDGE DR,04-At/near private drive,02-Thru lane,01-Clear,01-Daylight,MIDBLOCK,Saturday,July,1,DEER RIDGE DR,2,ROAD,MINOR,10.0,18.0,PAVED,TwoWay,PAVED,1,50,NO ACCESS,N,1998.0,86.81708280586659
DEER RIDGE DR,04-At/near private drive,02-Thru lane,01-Clear,01-Daylight,MIDBLOCK,Saturday,July,1,DEER RIDGE DR,2,ROAD,MINOR,10.0,20.0,PAVED,TwoWay,PAVED,1,50,NO ACCESS,N,1998.0,209.49769548862
DEER RIDGE DR,04-At/near private drive,02-Thru lane,01-Clear,01-Daylight,MIDBLOCK,Saturday,July,1,DEER RIDGE DR,2,ROAD,MINOR,9.0,21.0,PAVED,TwoWay,PAVED,1,50,NO ACCESS,N,1998.0,45.26272503098721
DEER RIDGE DR,04-At/near private drive,02-Thru lane,01-Clear,01-Daylight,MIDBLOCK,Saturday,July,1,DEER RIDGE DR,2,ROAD,MINOR,10.0,20.0,PAVED,TwoWay,PAVED,1,50,NO ACCESS,N,1998.0,132.204115514957
DEER RIDGE DR,04-At/near private drive,02-Thru lane,01-Clear,01-Daylight,MIDBLOCK,Saturday,July,1,DEER RIDGE DR,2,ROAD,MINOR,14.0,26.0,PAVED,TwoWay,PAVED,1,50,NO ACCESS,N,1998.0,134.082138504287
DEER RIDGE DR,04-At/near private drive,02-Thru lane,01-Clear,01-Daylight,MIDBLOCK,Saturday,July,1,DEER RIDGE DR,2,ROAD,MINOR,11.0,23.0,PAVED,TwoWay,PAVED,1,40,NO ACCESS,N,1998.0,237.320672044203
DEER RIDGE DR,04-At/near private drive,02-Thru lane,01-Clear,01-Daylight,MIDBLOCK,Saturday,July,1,DEER RIDGE DR,2,ROAD,MINOR,9.0,20.0,PAVED,TwoWay,PAVED,6,40,NO ACCESS,N,2003.0,54.0629368642533
DEER RIDGE DR,04-At/near private drive,02-Thru lane,01-Clear,01-Daylight,MIDBLOCK,Saturday,July,1,DEER RIDGE DR,2,ROAD,MINOR,9.0,20.0,PAVED,TwoWay,PAVED,1,50,NO ACCESS,N,1998.0,78.04868629698991
DEER RIDGE DR,01-Non intersection,11-Not on roadway - right side,01-Clear,07-Dark,MIDBLOCK,Sunday,March,1,DEER RIDGE DR,2,ROAD,MINOR,9.0,20.0,PAVED,TwoWay,PAVED,6,50,NO ACCESS,N,2002.0,50.58875742673511
DEER RIDGE DR,01-Non intersection,11-Not on roadway - right side,01-Clear,07-Dark,MIDBLOCK,Sunday,March,1,DEER RIDGE DR,2,ROAD,MINOR,9.0,20.0,PAVED,TwoWay,PAVED,6,40,NO ACCESS,N,2002.0,221.19342549716
DEER RIDGE DR,01-Non intersection,11-Not on roadway - right side,01-Clear,07-Dark,MIDBLOCK,Sunday,March,1,DEER RIDGE DR,2,ROAD,MINOR,9.0,20.0,PAVED,TwoWay,PAVED,6,50,NO ACCESS,N,2002.0,62.66222533601751
DEER RIDGE DR,01-Non intersection,11-Not on roadway - right side,01-Clear,07-Dark,MIDBLOCK,Sunday,March,1,DEER RIDGE DR,2,ROAD,MINOR,9.0,21.0,PAVED,TwoWay,PAVED,1,50,NO ACCESS,N,1998.0,57.782074742900704
DEER RIDGE DR,01-Non intersection,11-Not on roadway - right side,01-Clear,07-Dark,MIDBLOCK,Sunday,March,1,DEER RIDGE DR,2,ROAD,MINOR,10.0,19.0,PAVED,TwoWay,PAVED,1,50,NO ACCESS,N,1998.0,273.350879916776
DEER RIDGE DR,01-Non intersection,11-Not on roadway - right side,01-Clear,07-Dark,MIDBLOCK,Sunday,March,1,DEER RIDGE DR,2,ROAD,MINOR,9.0,19.0,PAVED,TwoWay,PAVED,1,40,NO ACCESS,N,1998.0,288.80886052342703
DEER RIDGE DR,01-Non intersection,11-Not on roadway - right side,01-Clear,07-Dark,MIDBLOCK,Sunday,March,1,DEER RIDGE DR,2,ROAD,MINOR,10.0,20.0,PAVED,TwoWay,PAVED,1,50,NO ACCESS,N,1998.0,102.00230244980801
DEER RIDGE DR,01-Non intersection,11-Not on roadway - right side,01-Clear,07-Dark,MIDBLOCK,Sunday,March,1,DEER RIDGE DR,2,ROAD,MINOR,10.0,20.0,PAVED,TwoWay,PAVED,1,50,NO ACCESS,N,1998.0,148.24323402530501
DEER RIDGE DR,01-Non intersection,11-Not on roadway - right side,01-Clear,07-Dark,MIDBLOCK,Sunday,March,1,DEER RIDGE DR,2,ROAD,MINOR,10.0,18.0,PAVED,TwoWay,PAVED,1,50,NO ACCESS,N,1998.0,86.81708280586659
DEER RIDGE DR,01-Non intersection,11-Not on roadway - right side,01-Clear,07-Dark,MIDBLOCK,Sunday,March,1,DEER RIDGE DR,2,ROAD,MINOR,10.0,20.0,PAVED,TwoWay,PAVED,1,50,NO ACCESS,N,1998.0,209.49769548862
DEER RIDGE DR,01-Non intersection,11-Not on roadway - right side,01-Clear,07-Dark,MIDBLOCK,Sunday,March,1,DEER RIDGE DR,2,ROAD,MINOR,9.0,21.0,PAVED,TwoWay,PAVED,1,50,NO ACCESS,N,1998.0,45.26272503098721
DEER RIDGE DR,01-Non intersection,11-Not on roadway - right side,01-Clear,07-Dark,MIDBLOCK,Sunday,March,1,DEER RIDGE DR,2,ROAD,MINOR,10.0,20.0,PAVED,TwoWay,PAVED,1,50,NO ACCESS,N,1998.0,132.204115514957
DEER RIDGE DR,01-Non intersection,11-Not on roadway - right side,01-Clear,07-Dark,MIDBLOCK,Sunday,March,1,DEER RIDGE DR,2,ROAD,MINOR,14.0,26.0,PAVED,TwoWay,PAVED,1,50,NO ACCESS,N,1998.0,134.082138504287
DEER RIDGE DR,01-Non intersection,11-Not on roadway - right side,01-Clear,07-Dark,MIDBLOCK,Sunday,March,1,DEER RIDGE DR,2,ROAD,MINOR,11.0,23.0,PAVED,TwoWay,PAVED,1,40,NO ACCESS,N,1998.0,237.320672044203
DEER RIDGE DR,01-Non intersection,11-Not on roadway - right side,01-Clear,07-Dark,MIDBLOCK,Sunday,March,1,DEER RIDGE DR,2,ROAD,MINOR,9.0,20.0,PAVED,TwoWay,PAVED,6,40,NO ACCESS,N,2003.0,54.0629368642533
DEER RIDGE DR,01-Non intersection,11-Not on roadway - right side,01-Clear,07-Dark,MIDBLOCK,Sunday,March,1,DEER RIDGE DR,2,ROAD,MINOR,9.0,20.0,PAVED,TwoWay,PAVED,1,50,NO ACCESS,N,1998.0,78.04868629698991
DEER RIDGE DR,04-At/near private drive,02-Thru lane,01-Clear,"06-Dusk, artificial",MIDBLOCK,Wednesday,November,0,DEER RIDGE DR,2,ROAD,MINOR,9.0,20.0,PAVED,TwoWay,PAVED,6,50,NO ACCESS,N,2002.0,50.58875742673511
DEER RIDGE DR,04-At/near private drive,02-Thru lane,01-Clear,"06-Dusk, artificial",MIDBLOCK,Wednesday,November,0,DEER RIDGE DR,2,ROAD,MINOR,9.0,20.0,PAVED,TwoWay,PAVED,6,40,NO ACCESS,N,2002.0,221.19342549716
DEER RIDGE DR,04-At/near private drive,02-Thru lane,01-Clear,"06-Dusk, artificial",MIDBLOCK,Wednesday,November,0,DEER RIDGE DR,2,ROAD,MINOR,9.0,20.0,PAVED,TwoWay,PAVED,6,50,NO ACCESS,N,2002.0,62.66222533601751
DEER RIDGE DR,04-At/near private drive,02-Thru lane,01-Clear,"06-Dusk, artificial",MIDBLOCK,Wednesday,November,0,DEER RIDGE DR,2,ROAD,MINOR,9.0,21.0,PAVED,TwoWay,PAVED,1,50,NO ACCESS,N,1998.0,57.782074742900704
DEER RIDGE DR,04-At/near private drive,02-Thru lane,01-Clear,"06-Dusk, artificial",MIDBLOCK,Wednesday,November,0,DEER RIDGE DR,2,ROAD,MINOR,10.0,19.0,PAVED,TwoWay,PAVED,1,50,NO ACCESS,N,1998.0,273.350879916776
DEER RIDGE DR,04-At/near private drive,02-Thru lane,01-Clear,"06-Dusk, artificial",MIDBLOCK,Wednesday,November,0,DEER RIDGE DR,2,ROAD,MINOR,9.0,19.0,PAVED,TwoWay,PAVED,1,40,NO ACCESS,N,1998.0,288.80886052342703
DEER RIDGE DR,04-At/near private drive,02-Thru lane,01-Clear,"06-Dusk, artificial",MIDBLOCK,Wednesday,November,0,DEER RIDGE DR,2,ROAD,MINOR,10.0,20.0,PAVED,TwoWay,PAVED,1,50,NO ACCESS,N,1998.0,102.00230244980801
DEER RIDGE DR,04-At/near private drive,02-Thru lane,01-Clear,"06-Dusk, artificial",MIDBLOCK,Wednesday,November,0,DEER RIDGE DR,2,ROAD,MINOR,10.0,20.0,PAVED,TwoWay,PAVED,1,50,NO ACCESS,N,1998.0,148.24323402530501
DEER RIDGE DR,04-At/near private drive,02-Thru lane,01-Clear,"06-Dusk, artificial",MIDBLOCK,Wednesday,November,0,DEER RIDGE DR,2,ROAD,MINOR,10.0,18.0,PAVED,TwoWay,PAVED,1,50,NO ACCESS,N,1998.0,86.81708280586659
DEER RIDGE DR,04-At/near private drive,02-Thru lane,01-Clear,"06-Dusk, artificial",MIDBLOCK,Wednesday,November,0,DEER RIDGE DR,2,ROAD,MINOR,10.0,20.0,PAVED,TwoWay,PAVED,1,50,NO ACCESS,N,1998.0,209.49769548862
DEER RIDGE DR,04-At/near private drive,02-Thru lane,01-Clear,"06-Dusk, artificial",MIDBLOCK,Wednesday,November,0,DEER RIDGE DR,2,ROAD,MINOR,9.0,21.0,PAVED,TwoWay,PAVED,1,50,NO ACCESS,N,1998.0,45.26272503098721
DEER RIDGE DR,04-At/near private drive,02-Thru lane,01-Clear,"06-Dusk, artificial",MIDBLOCK,Wednesday,November,0,DEER RIDGE DR,2,ROAD,MINOR,10.0,20.0,PAVED,TwoWay,PAVED,1,50,NO ACCESS,N,1998.0,132.204115514957
DEER RIDGE DR,04-At/near private drive,02-Thru lane,01-Clear,"06-Dusk, artificial",MIDBLOCK,Wednesday,November,0,DEER RIDGE DR,2,ROAD,MINOR,14.0,26.0,PAVED,TwoWay,PAVED,1,50,NO ACCESS,N,1998.0,134.082138504287
DEER RIDGE DR,04-At/near private drive,02-Thru lane,01-Clear,"06-Dusk, artificial",MIDBLOCK,Wednesday,November,0,DEER RIDGE DR,2,ROAD,MINOR,11.0,23.0,PAVED,TwoWay,PAVED,1,40,NO ACCESS,N,1998.0,237.320672044203
DEER RIDGE DR,04-At/near private drive,02-Thru lane,01-Clear,"06-Dusk, artificial",MIDBLOCK,Wednesday,November,0,DEER RIDGE DR,2,ROAD,MINOR,9.0,20.0,PAVED,TwoWay,PAVED,6,40,NO ACCESS,N,2003.0,54.0629368642533
DEER RIDGE DR,04-At/near private drive,02-Thru lane,01-Clear,"06-Dusk, artificial",MIDBLOCK,Wednesday,November,0,DEER RIDGE DR,2,ROAD,MINOR,9.0,20.0,PAVED,TwoWay,PAVED,1,50,NO ACCESS,N,1998.0,78.04868629698991
DEER RIDGE DR,01-Non intersection,02-Thru lane,01-Clear,01-Daylight,MIDBLOCK,Saturday,September,1,DEER RIDGE DR,2,ROAD,MINOR,9.0,20.0,PAVED,TwoWay,PAVED,6,50,NO ACCESS,N,2002.0,50.58875742673511
DEER RIDGE DR,01-Non intersection,02-Thru lane,01-Clear,01-Daylight,MIDBLOCK,Saturday,September,1,DEER RIDGE DR,2,ROAD,MINOR,9.0,20.0,PAVED,TwoWay,PAVED,6,40,NO ACCESS,N,2002.0,221.19342549716
DEER RIDGE DR,01-Non intersection,02-Thru lane,01-Clear,01-Daylight,MIDBLOCK,Saturday,September,1,DEER RIDGE DR,2,ROAD,MINOR,9.0,20.0,PAVED,TwoWay,PAVED,6,50,NO ACCESS,N,2002.0,62.66222533601751
DEER RIDGE DR,01-Non intersection,02-Thru lane,01-Clear,01-Daylight,MIDBLOCK,Saturday,September,1,DEER RIDGE DR,2,ROAD,MINOR,9.0,21.0,PAVED,TwoWay,PAVED,1,50,NO ACCESS,N,1998.0,57.782074742900704
DEER RIDGE DR,01-Non intersection,02-Thru lane,01-Clear,01-Daylight,MIDBLOCK,Saturday,September,1,DEER RIDGE DR,2,ROAD,MINOR,10.0,19.0,PAVED,TwoWay,PAVED,1,50,NO ACCESS,N,1998.0,273.350879916776
DEER RIDGE DR,01-Non intersection,02-Thru lane,01-Clear,01-Daylight,MIDBLOCK,Saturday,September,1,DEER RIDGE DR,2,ROAD,MINOR,9.0,19.0,PAVED,TwoWay,PAVED,1,40,NO ACCESS,N,1998.0,288.80886052342703
DEER RIDGE DR,01-Non intersection,02-Thru lane,01-Clear,01-Daylight,MIDBLOCK,Saturday,September,1,DEER RIDGE DR,2,ROAD,MINOR,10.0,20.0,PAVED,TwoWay,PAVED,1,50,NO ACCESS,N,1998.0,102.00230244980801
DEER RIDGE DR,01-Non intersection,02-Thru lane,01-Clear,01-Daylight,MIDBLOCK,Saturday,September,1,DEER RIDGE DR,2,ROAD,MINOR,10.0,20.0,PAVED,TwoWay,PAVED,1,50,NO ACCESS,N,1998.0,148.24323402530501
DEER RIDGE DR,01-Non intersection,02-Thru lane,01-Clear,01-Daylight,MIDBLOCK,Saturday,September,1,DEER RIDGE DR,2,ROAD,MINOR,10.0,18.0,PAVED,TwoWay,PAVED,1,50,NO ACCESS,N,1998.0,86.81708280586659
DEER RIDGE DR,01-Non intersection,02-Thru lane,01-Clear,01-Daylight,MIDBLOCK,Saturday,September,1,DEER RIDGE DR,2,ROAD,MINOR,10.0,20.0,PAVED,TwoWay,PAVED,1,50,NO ACCESS,N,1998.0,209.49769548862
DEER RIDGE DR,01-Non intersection,02-Thru lane,01-Clear,01-Daylight,MIDBLOCK,Saturday,September,1,DEER RIDGE DR,2,ROAD,MINOR,9.0,21.0,PAVED,TwoWay,PAVED,1,50,NO ACCESS,N,1998.0,45.26272503098721
DEER RIDGE DR,01-Non intersection,02-Thru lane,01-Clear,01-Daylight,MIDBLOCK,Saturday,September,1,DEER RIDGE DR,2,ROAD,MINOR,10.0,20.0,PAVED,TwoWay,PAVED,1,50,NO ACCESS,N,1998.0,132.204115514957
DEER RIDGE DR,01-Non intersection,02-Thru lane,01-Clear,01-Daylight,MIDBLOCK,Saturday,September,1,DEER RIDGE DR,2,ROAD,MINOR,14.0,26.0,PAVED,TwoWay,PAVED,1,50,NO ACCESS,N,1998.0,134.082138504287
DEER RIDGE DR,01-Non intersection,02-Thru lane,01-Clear,01-Daylight,MIDBLOCK,Saturday,September,1,DEER RIDGE DR,2,ROAD,MINOR,11.0,23.0,PAVED,TwoWay,PAVED,1,40,NO ACCESS,N,1998.0,237.320672044203
DEER RIDGE DR,01-Non intersection,02-Thru lane,01-Clear,01-Daylight,MIDBLOCK,Saturday,September,1,DEER RIDGE DR,2,ROAD,MINOR,9.0,20.0,PAVED,TwoWay,PAVED,6,40,NO ACCESS,N,2003.0,54.0629368642533
DEER RIDGE DR,01-Non intersection,02-Thru lane,01-Clear,01-Daylight,MIDBLOCK,Saturday,September,1,DEER RIDGE DR,2,ROAD,MINOR,9.0,20.0,PAVED,TwoWay,PAVED,1,50,NO ACCESS,N,1998.0,78.04868629698991