LOCATION,ACCIDENT_LOCATION,IMPACT_LOCATION,ENVIRONMENT_CONDITION,LIGHT,COLLISION_TYPE,DAY_OF_WEEK,MONTH,IS_WEEKEND,STREET,LANES,CATEGORY,SUBCATEGORY,PAVEMENT_WIDTH,ROW_WIDTH,SHOULDER,FLOW_DIRECTION,SURFACE_LAYER_TYPE,OFFICIAL_ROAD_CLASSIFICATION,SPEED_LIMIT_KM,TRUCK_ACCESS,BUS_ROUTE,SERVICE_YEAR,Shape__Length
DEER RIDGE DR,01-Non intersection,02-Thru lane,03-Snow,01-Daylight,MIDBLOCK,Sunday,February,1,DEER RIDGE DR,2,ROAD,MINOR,10.0,20.0,PAVED,TwoWay,PAVED,1,50,NO ACCESS,N,1998.0,209.49769548862
DEER RIDGE DR,01-Non intersection,02-Thru lane,03-Snow,01-Daylight,MIDBLOCK,Sunday,February,1,DEER RIDGE DR,2,ROAD,MINOR,9.0,21.0,PAVED,TwoWay,PAVED,1,50,NO ACCESS,N,1998.0,45.26272503098721
DEER RIDGE DR,01-Non intersection,02-Thru lane,03-Snow,01-Daylight,MIDBLOCK,Sunday,February,1,DEER RIDGE DR,2,ROAD,MINOR,10.0,20.0,PAVED,TwoWay,PAVED,1,50,NO ACCESS,N,1998.0,132.204115514957
DEER RIDGE DR,01-Non intersection,02-Thru lane,03-Snow,01-Daylight,MIDBLOCK,Sunday,February,1,DEER RIDGE DR,2,ROAD,MINOR,14.0,26.0,PAVED,TwoWay,PAVED,1,50,NO ACCESS,N,1998.0,134.082138504287
DEER RIDGE DR,01-Non intersection,02-Thru lane,03-Snow,01-Daylight,MIDBLOCK,Sunday,February,1,DEER RIDGE DR,2,ROAD,MINOR,11.0,23.0,PAVED,TwoWay,PAVED,1,40,NO ACCESS,N,1998.0,237.320672044203
DEER RIDGE DR,01-Non intersection,02-Thru lane,03-Snow,01-Daylight,MIDBLOCK,Sunday,February,1,DEER RIDGE DR,2,ROAD,MINOR,9.0,20.0,PAVED,TwoWay,PAVED,6,40,NO ACCESS,N,2003.0,54.0629368642533
DEER RIDGE DR,01-Non intersection,02-Thru lane,03-Snow,01-Daylight,MIDBLOCK,Sunday,February,1,DEER RIDGE DR,2,ROAD,MINOR,9.0,20.0,PAVED,TwoWay,PAVED,1,50,NO ACCESS,N,1998.0,78.04868629698991
UPPER CANADA DR,01-Non intersection,02-Thru lane,01-Clear,01-Daylight,MIDBLOCK,Tuesday,January,0,UPPER CANADA DR,2,ROAD,LOCAL,10.0,20.0,PAVED,TwoWay,PAVED,6,50,NO ACCESS,N,2004.0,248.145325429541
UPPER CANADA DR,01-Non intersection,02-Thru lane,01-Clear,01-Daylight,MIDBLOCK,Tuesday,January,0,UPPER CANADA DR,2,ROAD,LOCAL,10.0,20.0,PAVED,TwoWay,PAVED,6,50,NO ACCESS,N,2004.0,26.8117306419895
UPPER CANADA DR,01-Non intersection,02-Thru lane,01-Clear,01-Daylight,MIDBLOCK,Tuesday,January,0,UPPER CANADA DR,2,ROAD,LOCAL,7.0,43.0,PAVED,TwoWay,PAVED,6,50,NO ACCESS,N,1970.0,118.85086970058799
UPPER CANADA DR,01-Non intersection,02-Thru lane,01-Clear,01-Daylight,MIDBLOCK,Tuesday,January,0,UPPER CANADA DR,2,ROAD,LOCAL,10.0,20.0,PAVED,TwoWay,PAVED,6,50,NO ACCESS,N,2004.0,113.125884218762
UPPER CANADA DR,01-Non intersection,02-Thru lane,01-Clear,01-Daylight,MIDBLOCK,Tuesday,January,0,UPPER CANADA DR,2,ROAD,LOCAL,10.0,20.0,PAVED,TwoWay,PAVED,6,40,NO ACCESS,N,2004.0,506.14965778837194
UPPER CANADA DR,01-Non intersection,02-Thru lane,01-Clear,01-Daylight,MIDBLOCK,Tuesday,January,0,UPPER CANADA DR,2,ROAD,LOCAL,10.0,20.0,PAVED,TwoWay,PAVED,6,50,NO ACCESS,N,2004.0,113.18044968549101
UPPER CANADA DR,04-At/near private drive,02-Thru lane,01-Clear,"08-Dark, artificial",MIDBLOCK,Saturday,August,1,UPPER CANADA DR,2,ROAD,LOCAL,10.0,20.0,PAVED,TwoWay,PAVED,6,50,NO ACCESS,N,2004.0,248.145325429541
UPPER CANADA DR,04-At/near private drive,02-Thru lane,01-Clear,"08-Dark, artificial",MIDBLOCK,Saturday,August,1,UPPER CANADA DR,2,ROAD,LOCAL,10.0,20.0,PAVED,TwoWay,PAVED,6,50,NO ACCESS,N,2004.0,26.8117306419895
UPPER CANADA DR,04-At/near private drive,02-Thru lane,01-Clear,"08-Dark, artificial",MIDBLOCK,Saturday,August,1,UPPER CANADA DR,2,ROAD,LOCAL,7.0,43.0,PAVED,TwoWay,PAVED,6,50,NO ACCESS,N,1970.0,118.85086970058799
UPPER CANADA DR,04-At/near private drive,02-Thru lane,01-Clear,"08-Dark, artificial",MIDBLOCK,Saturday,August,1,UPPER CANADA DR,2,ROAD,LOCAL,10.0,20.0,PAVED,TwoWay,PAVED,6,50,NO ACCESS,N,2004.0,113.125884218762
UPPER CANADA DR,04-At/near private drive,02-Thru lane,01-Clear,"08-Dark, artificial",MIDBLOCK,Saturday,August,1,UPPER CANADA DR,2,ROAD,LOCAL,10.0,20.0,PAVED,TwoWay,PAVED,6,40,NO ACCESS,N,2004.0,506.14965778837194
UPPER CANADA DR,04-At/near private drive,02-Thru lane,01-Clear,"08-Dark, artificial",MIDBLOCK,Saturday,August,1,UPPER CANADA DR,2,ROAD,LOCAL,10.0,20.0,PAVED,TwoWay,PAVED,6,50,NO ACCESS,N,2004.0,113.18044968549101
UPPER CANADA DR,04-At/near private drive,02-Thru lane,01-Clear,01-Daylight,MIDBLOCK,Monday,June,0,UPPER CANADA DR,2,ROAD,LOCAL,10.0,20.0,PAVED,TwoWay,PAVED,6,50,NO ACCESS,N,2004.0,248.145325429541
UPPER CANADA DR,04-At/near private drive,02-Thru lane,01-Clear,01-Daylight,MIDBLOCK,Monday,June,0,UPPER CANADA DR,2,ROAD,LOCAL,10.0,20.0,PAVED,TwoWay,PAVED,6,50,NO ACCESS,N,2004.0,26.8117306419895
UPPER CANADA DR,04-At/near private drive,02-Thru lane,01-Clear,01-Daylight,MIDBLOCK,Monday,June,0,UPPER CANADA DR,2,ROAD,LOCAL,7.0,43.0,PAVED,TwoWay,PAVED,6,50,NO ACCESS,N,1970.0,118.85086970058799
UPPER CANADA DR,04-At/near private drive,02-Thru lane,01-Clear,01-Daylight,MIDBLOCK,Monday,June,0,UPPER CANADA DR,2,ROAD,LOCAL,10.0,20.0,PAVED,TwoWay,PAVED,6,50,NO ACCESS,N,2004.0,113.125884218762
UPPER CANADA DR,04-At/near private drive,02-Thru lane,01-Clear,01-Daylight,MIDBLOCK,Monday,June,0,UPPER CANADA DR,2,ROAD,LOCAL,10.0,20.0,PAVED,TwoWay,PAVED,6,40,NO ACCESS,N,2004.0,506.14965778837194
UPPER CANADA DR,04-At/near private drive,02-Thru lane,01-Clear,01-Daylight,MIDBLOCK,Monday,June,0,UPPER CANADA DR,2,ROAD,LOCAL,10.0,20.0,PAVED,TwoWay,PAVED,6,50,NO ACCESS,N,2004.0,113.18044968549101
UPPER CANADA DR,04-At/near private drive,02-Thru lane,01-Clear,"08-Dark, artificial",MIDBLOCK,Saturday,October,1,UPPER CANADA DR,2,ROAD,LOCAL,10.0,20.0,PAVED,TwoWay,PAVED,6,50,NO ACCESS,N,2004.0,248.145325429541
UPPER CANADA DR,04-At/near private drive,02-Thru lane,01-Clear,"08-Dark, artificial",MIDBLOCK,Saturday,October,1,UPPER CANADA DR,2,ROAD,LOCAL,10.0,20.0,PAVED,TwoWay,PAVED,6,50,NO ACCESS,N,2004.0,26.8117306419895
UPPER CANADA DR,04-At/near private drive,02-Thru lane,01-Clear,"08-Dark, artificial",MIDBLOCK,Saturday,October,1,UPPER CANADA DR,2,ROAD,LOCAL,7.0,43.0,PAVED,TwoWay,PAVED,6,50,NO ACCESS,N,1970.0,118.85086970058799
UPPER CANADA DR,04-At/near private drive,02-Thru lane,01-Clear,"08-Dark, artificial",MIDBLOCK,Saturday,October,1,UPPER CANADA DR,2,ROAD,LOCAL,10.0,20.0,PAVED,TwoWay,PAVED,6,50,NO ACCESS,N,2004.0,113.125884218762
UPPER CANADA DR,04-At/near private drive,02-Thru lane,01-Clear,"08-Dark, artificial",MIDBLOCK,Saturday,October,1,UPPER CANADA DR,2,ROAD,LOCAL,10.0,20.0,PAVED,TwoWay,PAVED,6,40,NO ACCESS,N,2004.0,506.14965778837194
UPPER CANADA DR,04-At/near private drive,02-Thru lane,01-Clear,"08-Dark, artificial",MIDBLOCK,Saturday,October,1,UPPER CANADA DR,2,ROAD,LOCAL,10.0,20.0,PAVED,TwoWay,PAVED,6,50,NO ACCESS,N,2004.0,113.18044968549101
UPPER CANADA DR,01-Non intersection,02-Thru lane,01-Clear,01-Daylight,MIDBLOCK,Tuesday,December,0,UPPER CANADA DR,2,ROAD,LOCAL,10.0,20.0,PAVED,TwoWay,PAVED,6,50,NO ACCESS,N,2004.0,248.145325429541
UPPER CANADA DR,01-Non intersection,02-Thru lane,01-Clear,01-Daylight,MIDBLOCK,Tuesday,December,0,UPPER CANADA DR,2,ROAD,LOCAL,10.0,20.0,PAVED,TwoWay,PAVED,6,50,NO ACCESS,N,2004.0,26.8117306419895
UPPER CANADA DR,01-Non intersection,02-Thru lane,01-Clear,01-Daylight,MIDBLOCK,Tuesday,December,0,UPPER CANADA DR,2,ROAD,LOCAL,7.0,43.0,PAVED,TwoWay,PAVED,6,50,NO ACCESS,N,1970.0,118.85086970058799
UPPER CANADA DR,01-Non intersection,02-Thru lane,01-Clear,01-Daylight,MIDBLOCK,Tuesday,December,0,UPPER CANADA DR,2,ROAD,LOCAL,10.0,20.0,PAVED,TwoWay,PAVED,6,50,NO ACCESS,N,2004.0,113.125884218762
UPPER CANADA DR,01-Non intersection,02-Thru lane,01-Clear,01-Daylight,MIDBLOCK,Tuesday,December,0,UPPER CANADA DR,2,ROAD,LOCAL,10.0,20.0,PAVED,TwoWay,PAVED,6,40,NO ACCESS,N,2004.0,506.14965778837194
UPPER CANADA DR,01-Non intersection,02-Thru lane,01-Clear,01-Daylight,MIDBLOCK,Tuesday,December,0,UPPER CANADA DR,2,ROAD,LOCAL,10.0,20.0,PAVED,TwoWay,PAVED,6,50,NO ACCESS,N,2004.0,113.18044968549101
UPPER CANADA DR,04-At/near private drive,02-Thru lane,01-Clear,01-Daylight,MIDBLOCK,Saturday,January,1,UPPER CANADA DR,2,ROAD,LOCAL,10.0,20.0,PAVED,TwoWay,PAVED,6,50,NO ACCESS,N,2004.0,248.145325429541
UPPER CANADA DR,04-At/near private drive,02-Thru lane,01-Clear,01-Daylight,MIDBLOCK,Saturday,January,1,UPPER CANADA DR,2,ROAD,LOCAL,10.0,20.0,PAVED,TwoWay,PAVED,6,50,NO ACCESS,N,2004.0,26.8117306419895
UPPER CANADA DR,04-At/near private drive,02-Thru lane,01-Clear,01-Daylight,MIDBLOCK,Saturday,January,1,UPPER CANADA DR,2,ROAD,LOCAL,7.0,43.0,PAVED,TwoWay,PAVED,6,50,NO ACCESS,N,1970.0,118.85086970058799
UPPER CANADA DR,04-At/near private drive,02-Thru lane,01-Clear,01-Daylight,MIDBLOCK,Saturday,January,1,UPPER CANADA DR,2,ROAD,LOCAL,10.0,20.0,PAVED,TwoWay,PAVED,6,50,NO ACCESS,N,2004.0,113.125884218762
UPPER CANADA DR,04-At/near private drive,02-Thru lane,01-Clear,01-Daylight,MIDBLOCK,Saturday,January,1,UPPER CANADA DR,2,ROAD,LOCAL,10.0,20.0,PAVED,TwoWay,PAVED,6,40,NO ACCESS,N,2004.0,506.14965778837194
UPPER CANADA DR,04-At/near private drive,02-Thru lane,01-Clear,01-Daylight,MIDBLOCK,Saturday,January,1,UPPER CANADA DR,2,ROAD,LOCAL,10.0,20.0,PAVED,TwoWay,PAVED,6,50,NO ACCESS,N,2004.0,113.18044968549101
UPPER CANADA DR,04-At/near private drive,02-Thru lane,01-Clear,01-Daylight,MIDBLOCK,Sunday,July,1,UPPER CANADA DR,2,ROAD,LOCAL,10.0,20.0,PAVED,TwoWay,PAVED,6,50,NO ACCESS,N,2004.0,248.145325429541
UPPER CANADA DR,04-At/near private drive,02-Thru lane,01-Clear,01-Daylight,MIDBLOCK,Sunday,July,1,UPPER CANADA DR,2,ROAD,LOCAL,10.0,20.0,PAVED,TwoWay,PAVED,6,50,NO ACCESS,N,2004.0,26.8117306419895
UPPER CANADA DR,04-At/near private drive,02-Thru lane,01-Clear,01-Daylight,MIDBLOCK,Sunday,July,1,UPPER CANADA DR,2,ROAD,LOCAL,7.0,43.0,PAVED,TwoWay,PAVED,6,50,NO ACCESS,N,1970.0,118.85086970058799
UPPER CANADA DR,04-At/near private drive,02-Thru lane,01-Clear,01-Daylight,MIDBLOCK,Sunday,July,1,UPPER CANADA DR,2,ROAD,LOCAL,10.0,20.0,PAVED,TwoWay,PAVED,6,50,NO ACCESS,N,2004.0,113.125884218762
UPPER CANADA DR,04-At/near private drive,02-Thru lane,01-Clear,01-Daylight,MIDBLOCK,Sunday,July,1,UPPER CANADA DR,2,ROAD,LOCAL,10.0,20.0,PAVED,TwoWay,PAVED,6,40,NO ACCESS,N,2004.0,506.14965778837194
UPPER CANADA DR,04-At/near private drive,02-Thru lane,01-Clear,01-Daylight,MIDBLOCK,Sunday,July,1,UPPER CANADA DR,2,ROAD,LOCAL,10.0,20.0,PAVED,TwoWay,PAVED,6,50,NO ACCESS,N,2004.0,113.18044968549101
UPPER CANADA DR,04-At/near private drive,12-Off highway,01-Clear,01-Daylight,MIDBLOCK,Saturday,June,1,UPPER CANADA DR,2,ROAD,LOCAL,10.0,20.0,PAVED,TwoWay,PAVED,6,50,NO ACCESS,N,2004.0,248.145325429541
UPPER CANADA DR,04-At/near private drive,12-Off highway,01-Clear,01-Daylight,MIDBLOCK,Saturday,June,1,UPPER CANADA DR,2,ROAD,LOCAL,10.0,20.0,PAVED,TwoWay,PAVED,6,50,NO ACCESS,N,2004.0,26.8117306419895
UPPER CANADA DR,04-At/near private drive,12-Off highway,01-Clear,01-Daylight,MIDBLOCK,Saturday,June,1,UPPER CANADA DR,2,ROAD,LOCAL,7.0,43.0,PAVED,TwoWay,PAVED,6,50,NO ACCESS,N,1970.0,118.85086970058799
UPPER CANADA DR,04-At/near private drive,12-Off highway,01-Clear,01-Daylight,MIDBLOCK,Saturday,June,1,UPPER CANADA DR,2,ROAD,LOCAL,10.0,20.0,PAVED,TwoWay,PAVED,6,50,NO ACCESS,N,2004.0,113.125884218762
UPPER CANADA DR,04-At/near private drive,12-Off highway,01-Clear,01-Daylight,MIDBLOCK,Saturday,June,1,UPPER CANADA DR,2,ROAD,LOCAL,10.0,20.0,PAVED,TwoWay,PAVED,6,40,NO ACCESS,N,2004.0,506.14965778837194
UPPER CANADA DR,04-At/near private drive,12-Off highway,01-Clear,01-Daylight,MIDBLOCK,Saturday,June,1,UPPER CANADA DR,2,ROAD,LOCAL,10.0,20.0,PAVED,TwoWay,PAVED,6,50,NO ACCESS,N,2004.0,113.18044968549101
UPPER CANADA DR,01-Non intersection,09-Right shoulder,02-Rain,01-Daylight,MIDBLOCK,Friday,October,0,UPPER CANADA DR,2,ROAD,LOCAL,10.0,20.0,PAVED,TwoWay,PAVED,6,50,NO ACCESS,N,2004.0,248.145325429541
UPPER CANADA DR,01-Non intersection,09-Right shoulder,02-Rain,01-Daylight,MIDBLOCK,Friday,October,0,UPPER CANADA DR,2,ROAD,LOCAL,10.0,20.0,PAVED,TwoWay,PAVED,6,50,NO ACCESS,N,2004.0,26.8117306419895
UPPER CANADA DR,01-Non intersection,09-Right shoulder,02-Rain,01-Daylight,MIDBLOCK,Friday,October,0,UPPER CANADA DR,2,ROAD,LOCAL,7.0,43.0,PAVED,TwoWay,PAVED,6,50,NO ACCESS,N,1970.0,118.85086970058799
UPPER CANADA DR,01-Non intersection,09-Right shoulder,02-Rain,01-Daylight,MIDBLOCK,Friday,October,0,UPPER CANADA DR,2,ROAD,LOCAL,10.0,20.0,PAVED,TwoWay,PAVED,6,50,NO ACCESS,N,2004.0,113.125884218762
UPPER CANADA DR,01-Non intersection,09-Right shoulder,02-Rain,01-Daylight,MIDBLOCK,Friday,October,0,UPPER CANADA DR,2,ROAD,LOCAL,10.0,20.0,PAVED,TwoWay,PAVED,6,40,NO ACCESS,N,2004.0,506.14965778837194
UPPER CANADA DR,01-Non intersection,09-Right shoulder,02-Rain,01-Daylight,MIDBLOCK,Friday,October,0,UPPER CANADA DR,2,ROAD,LOCAL,10.0,20.0,PAVED,TwoWay,PAVED,6,50,NO ACCESS,N,2004.0,113.18044968549101
UPPER CANADA DR,04-At/near private drive,02-Thru lane,01-Clear,01-Daylight,MIDBLOCK,Friday,November,0,UPPER CANADA DR,2,ROAD,LOCAL,10.0,20.0,PAVED,TwoWay,PAVED,6,50,NO ACCESS,N,2004.0,248.145325429541
UPPER CANADA DR,04-At/near private drive,02-Thru lane,01-Clear,01-Daylight,MIDBLOCK,Friday,November,0,UPPER CANADA DR,2,ROAD,LOCAL,10.0,20.0,PAVED,TwoWay,PAVED,6,50,NO ACCESS,N,2004.0,26.8117306419895
UPPER CANADA DR,04-At/near private drive,02-Thru lane,01-Clear,01-Daylight,MIDBLOCK,Friday,November,0,UPPER CANADA DR,2,ROAD,LOCAL,7.0,43.0,PAVED,TwoWay,PAVED,6,50,NO ACCESS,N,1970.0,118.85086970058799
UPPER CANADA DR,04-At/near private drive,02-Thru lane,01-Clear,01-Daylight,MIDBLOCK,Friday,November,0,UPPER CANADA DR,2,ROAD,LOCAL,10.0,20.0,PAVED,TwoWay,PAVED,6,50,NO ACCESS,N,2004.0,113.125884218762
UPPER CANADA DR,04-At/near private drive,02-Thru lane,01-Clear,01-Daylight,MIDBLOCK,Friday,November,0,UPPER CANADA DR,2,ROAD,LOCAL,10.0,20.0,PAVED,TwoWay,PAVED,6,40,NO ACCESS,N,2004.0,506.14965778837194
UPPER CANADA DR,04-At/near private drive,02-Thru lane,01-Clear,01-Daylight,MIDBLOCK,Friday,November,0,UPPER CANADA DR,2,ROAD,LOCAL,10.0,20.0,PAVED,TwoWay,PAVED,6,50,NO ACCESS,N,2004.0,113.18044968549101
UPPER CANADA DR,04-At/near private drive,10-Not on roadway - left side,01-Clear,01-Daylight,MIDBLOCK,Wednesday,March,0,UPPER CANADA DR,2,ROAD,LOCAL,10.0,20.0,PAVED,TwoWay,PAVED,6,50,NO ACCESS,N,2004.0,248.145325429541
UPPER CANADA DR,04-At/near private drive,10-Not on roadway - left side,01-Clear,01-Daylight,MIDBLOCK,Wednesday,March,0,UPPER CANADA DR,2,ROAD,LOCAL,10.0,20.0,PAVED,TwoWay,PAVED,6,50,NO ACCESS,N,2004.0,26.8117306419895
UPPER CANADA DR,04-At/near private drive,10-Not on roadway - left side,01-Clear,01-Daylight,MIDBLOCK,Wednesday,March,0,UPPER CANADA DR,2,ROAD,LOCAL,7.0,43.0,PAVED,TwoWay,PAVED,6,50,NO ACCESS,N,1970.0,118.85086970058799
UPPER CANADA DR,04-At/near private drive,10-Not on roadway - left side,01-Clear,01-Daylight,MIDBLOCK,Wednesday,March,0,UPPER CANADA DR,2,ROAD,LOCAL,10.0,20.0,PAVED,TwoWay,PAVED,6,50,NO ACCESS,N,2004.0,113.125884218762
UPPER CANADA DR,04-At/near private drive,10-Not on roadway - left side,01-Clear,01-Daylight,MIDBLOCK,Wednesday,March,0,UPPER CANADA DR,2,ROAD,LOCAL,10.0,20.0,PAVED,TwoWay,PAVED,6,40,NO ACCESS,N,2004.0,506.14965778837194
UPPER CANADA DR,04-At/near private drive,10-Not on roadway - left side,01-Clear,01-Daylight,MIDBLOCK,Wednesday,March,0,UPPER CANADA DR,2,ROAD,LOCAL,10.0,20.0,PAVED,TwoWay,PAVED,6,50,NO ACCESS,N,2004.0,113.18044968549101
UPPER CANADA DR,04-At/near private drive,09-Right shoulder,02-Rain,01-Daylight,MIDBLOCK,Saturday,September,1,UPPER CANADA DR,2,ROAD,LOCAL,10.0,20.0,PAVED,TwoWay,PAVED,6,50,NO ACCESS,N,2004.0,248.145325429541
UPPER CANADA DR,04-At/near private drive,09-Right shoulder,02-Rain,01-Daylight,MIDBLOCK,Saturday,September,1,UPPER CANADA DR,2,ROAD,LOCAL,10.0,20.0,PAVED,TwoWay,PAVED,6,50,NO ACCESS,N,2004.0,26.8117306419895
UPPER CANADA DR,04-At/near private drive,09-Right shoulder,02-Rain,01-Daylight,MIDBLOCK,Saturday,September,1,UPPER CANADA DR,2,ROAD,LOCAL,7.0,43.0,PAVED,TwoWay,PAVED,6,50,NO ACCESS,N,1970.0,118.85086970058799
UPPER CANADA DR,04-At/near private drive,09-Right shoulder,02-Rain,01-Daylight,MIDBLOCK,Saturday,September,1,UPPER CANADA DR,2,ROAD,LOCAL,10.0,20.0,PAVED,TwoWay,PAVED,6,50,NO ACCESS,N,2004.0,113.125884218762
UPPER CANADA DR,04-At/near private drive,09-Right shoulder,02-Rain,01-Daylight,MIDBLOCK,Saturday,September,1,UPPER CANADA DR,2,ROAD,LOCAL,10.0,20.0,PAVED,TwoWay,PAVED,6,40,NO ACCESS,N,2004.0,506.14965778837194
UPPER CANADA DR,04-At/near private drive,09-Right shoulder,02-Rain,01-Daylight,MIDBLOCK,Saturday,September,1,UPPER CANADA DR,2,ROAD,LOCAL,10.0,20.0,PAVED,TwoWay,PAVED,6,50,NO ACCESS,N,2004.0,113.18044968549101
UPPER CANADA DR,01-Non intersection,02-Thru lane,01-Clear,01-Daylight,MIDBLOCK,Saturday,October,1,UPPER CANADA DR,2,ROAD,LOCAL,10.0,20.0,PAVED,TwoWay,PAVED,6,50,NO ACCESS,N,2004.0,248.145325429541
UPPER CANADA DR,01-Non intersection,02-Thru lane,01-Clear,01-Daylight,MIDBLOCK,Saturday,October,1,UPPER CANADA DR,2,ROAD,LOCAL,10.0,20.0,PAVED,TwoWay,PAVED,6,50,NO ACCESS,N,2004.0,26.8117306419895
UPPER CANADA DR,01-Non intersection,02-Thru lane,01-Clear,01-Daylight,MIDBLOCK,Saturday,October,1,UPPER CANADA DR,2,ROAD,LOCAL,7.0,43.0,PAVED,TwoWay,PAVED,6,50,NO ACCESS,N,1970.0,118.85086970058799
UPPER CANADA DR,01-Non intersection,02-Thru lane,01-Clear,01-Daylight,MIDBLOCK,Saturday,October,1,UPPER CANADA DR,2,ROAD,LOCAL,10.0,20.0,PAVED,TwoWay,PAVED,6,50,NO ACCESS,N,2004.0,113.125884218762
UPPER CANADA DR,01-Non intersection,02-Thru lane,01-Clear,01-Daylight,MIDBLOCK,Saturday,October,1,UPPER CANADA DR,2,ROAD,LOCAL,10.0,20.0,PAVED,TwoWay,PAVED,6,40,NO ACCESS,N,2004.0,506.14965778837194
UPPER CANADA DR,01-Non intersection,02-Thru lane,01-Clear,01-Daylight,MIDBLOCK,Saturday,October,1,UPPER CANADA DR,2,ROAD,LOCAL,10.0,20.0,PAVED,TwoWay,PAVED,6,50,NO ACCESS,N,2004.0,113.18044968549101
ZELLER DR,01-Non intersection,11-Not on roadway - right side,01-Clear,01-Daylight,MIDBLOCK,Monday,January,0,ZELLER DR,2,ROAD,LOCAL,11.0,20.0,PAVED,TwoWay,PAVED,6,50,NO ACCESS,N,2007.0,288.479777682053
ZELLER DR,01-Non intersection,11-Not on roadway - right side,01-Clear,01-Daylight,MIDBLOCK,Monday,January,0,ZELLER DR,2,ROAD,MINOR,10.0,20.0,PAVED,TwoWay,PAVED,3,50,NO ACCESS,N,1991.0,259.963935395136
ZELLER DR,01-Non intersection,11-Not on roadway - right side,01-Clear,01-Daylight,MIDBLOCK,Monday,January,0,ZELLER DR,2,ROAD,MINOR,11.0,20.0,PAVED,TwoWay,GRAVEL,6,50,NO ACCESS,N,2007.0,106.32265170241999
ZELLER DR,01-Non intersection,11-Not on roadway - right side,01-Clear,01-Daylight,MIDBLOCK,Monday,January,0,ZELLER DR,2,ROAD,LOCAL,11.0,20.0,PAVED,TwoWay,PAVED,6,50,NO ACCESS,N,2007.0,83.1943734867006
ZELLER DR,01-Non intersection,11-Not on roadway - right side,01-Clear,01-Daylight,MIDBLOCK,Monday,January,0,ZELLER DR,2,ROAD,MINOR,8.0,20.0,PAVED,TwoWay,GRAVEL,3,40,NO ACCESS,N,1966.0,287.063223209939
ZELLER DR,01-Non intersection,11-Not on roadway - right side,01-Clear,01-Daylight,MIDBLOCK,Monday,January,0,ZELLER DR,2,ROAD,MINOR,10.0,20.0,PAVED,TwoWay,PAVED,3,50,NO ACCESS,N,1991.0,56.6816403685923
ZELLER DR,01-Non intersection,11-Not on roadway - right side,01-Clear,01-Daylight,MIDBLOCK,Monday,January,0,ZELLER DR,2,ROAD,LOCAL,11.0,20.0,PAVED,TwoWay,PAVED,6,50,NO ACCESS,N,2007.0,93.8892069728018
ZELLER DR,01-Non intersection,11-Not on roadway - right side,01-Clear,01-Daylight,MIDBLOCK,Monday,January,0,ZELLER DR,2,ROAD,MINOR,10.0,20.0,PAVED,TwoWay,PAVED,3,50,NO ACCESS,N,1991.0,139.154073581059
ZELLER DR,01-Non intersection,11-Not on roadway - right side,01-Clear,01-Daylight,MIDBLOCK,Monday,January,0,ZELLER DR,2,ROAD,MINOR,11.0,20.0,PAVED,TwoWay,PAVED,6,50,NO ACCESS,N,2007.0,215.08971941729303
ZELLER DR,01-Non intersection,11-Not on roadway - right side,01-Clear,01-Daylight,MIDBLOCK,Monday,January,0,ZELLER DR,2,ROAD,MINOR,11.0,20.0,PAVED,TwoWay,GRAVEL,6,50,NO ACCESS,N,2007.0,88.3448186396054
ZELLER DR,04-At/near private drive,09-Right shoulder,03-Snow,07-Dark,MIDBLOCK,Tuesday,December,0,ZELLER DR,2,ROAD,LOCAL,11.0,20.0,PAVED,TwoWay,PAVED,6,50,NO ACCESS,N,2007.0,288.479777682053
ZELLER DR,04-At/near private drive,09-Right shoulder,03-Snow,07-Dark,MIDBLOCK,Tuesday,December,0,ZELLER DR,2,ROAD,MINOR,10.0,20.0,PAVED,TwoWay,PAVED,3,50,NO ACCESS,N,1991.0,259.963935395136
ZELLER DR,04-At/near private drive,09-Right shoulder,03-Snow,07-Dark,MIDBLOCK,Tuesday,December,0,ZELLER DR,2,ROAD,MINOR,11.0,20.0,PAVED,TwoWay,GRAVEL,6,50,NO ACCESS,N,2007.0,106.32265170241999
ZELLER DR,04-At/near private drive,09-Right shoulder,03-Snow,07-Dark,MIDBLOCK,Tuesday,December,0,ZELLER DR,2,ROAD,LOCAL,11.0,20.0,PAVED,TwoWay,PAVED,6,50,NO ACCESS,N,2007.0,83.1943734867006
ZELLER DR,04-At/near private drive,09-Right shoulder,03-Snow,07-Dark,MIDBLOCK,Tuesday,December,0,ZELLER DR,2,ROAD,MINOR,8.0,20.0,PAVED,TwoWay,GRAVEL,3,40,NO ACCESS,N,1966.0,287.063223209939