LOCATION,ACCIDENT_LOCATION,IMPACT_LOCATION,ENVIRONMENT_CONDITION,LIGHT,COLLISION_TYPE,DAY_OF_WEEK,MONTH,IS_WEEKEND,STREET,LANES,CATEGORY,SUBCATEGORY,PAVEMENT_WIDTH,ROW_WIDTH,SHOULDER,FLOW_DIRECTION,SURFACE_LAYER_TYPE,OFFICIAL_ROAD_CLASSIFICATION,SPEED_LIMIT_KM,TRUCK_ACCESS,BUS_ROUTE,SERVICE_YEAR,Shape__Length
ZELLER DR,04-At/near private drive,09-Right shoulder,03-Snow,07-Dark,MIDBLOCK,Tuesday,December,0,ZELLER DR,2,ROAD,MINOR,10.0,20.0,PAVED,TwoWay,PAVED,3,50,NO ACCESS,N,1991.0,56.6816403685923
ZELLER DR,04-At/near private drive,09-Right shoulder,03-Snow,07-Dark,MIDBLOCK,Tuesday,December,0,ZELLER DR,2,ROAD,LOCAL,11.0,20.0,PAVED,TwoWay,PAVED,6,50,NO ACCESS,N,2007.0,93.8892069728018
ZELLER DR,04-At/near private drive,09-Right shoulder,03-Snow,07-Dark,MIDBLOCK,Tuesday,December,0,ZELLER DR,2,ROAD,MINOR,10.0,20.0,PAVED,TwoWay,PAVED,3,50,NO ACCESS,N,1991.0,139.154073581059
ZELLER DR,04-At/near private drive,09-Right shoulder,03-Snow,07-Dark,MIDBLOCK,Tuesday,December,0,ZELLER DR,2,ROAD,MINOR,11.0,20.0,PAVED,TwoWay,PAVED,6,50,NO ACCESS,N,2007.0,215.08971941729303
ZELLER DR,04-At/near private drive,09-Right shoulder,03-Snow,07-Dark,MIDBLOCK,Tuesday,December,0,ZELLER DR,2,ROAD,MINOR,11.0,20.0,PAVED,TwoWay,GRAVEL,6,50,NO ACCESS,N,2007.0,88.3448186396054
ZELLER DR,04-At/near private drive,02-Thru lane,01-Clear,01-Daylight,MIDBLOCK,Monday,April,0,ZELLER DR,2,ROAD,LOCAL,11.0,20.0,PAVED,TwoWay,PAVED,6,50,NO ACCESS,N,2007.0,288.479777682053
ZELLER DR,04-At/near private drive,02-Thru lane,01-Clear,01-Daylight,MIDBLOCK,Monday,April,0,ZELLER DR,2,ROAD,MINOR,10.0,20.0,PAVED,TwoWay,PAVED,3,50,NO ACCESS,N,1991.0,259.963935395136
ZELLER DR,04-At/near private drive,02-Thru lane,01-Clear,01-Daylight,MIDBLOCK,Monday,April,0,ZELLER DR,2,ROAD,MINOR,11.0,20.0,PAVED,TwoWay,GRAVEL,6,50,NO ACCESS,N,2007.0,106.32265170241999
ZELLER DR,04-At/near private drive,02-Thru lane,01-Clear,01-Daylight,MIDBLOCK,Monday,April,0,ZELLER DR,2,ROAD,LOCAL,11.0,20.0,PAVED,TwoWay,PAVED,6,50,NO ACCESS,N,2007.0,83.1943734867006
ZELLER DR,04-At/near private drive,02-Thru lane,01-Clear,01-Daylight,MIDBLOCK,Monday,April,0,ZELLER DR,2,ROAD,MINOR,8.0,20.0,PAVED,TwoWay,GRAVEL,3,40,NO ACCESS,N,1966.0,287.063223209939
ZELLER DR,04-At/near private drive,02-Thru lane,01-Clear,01-Daylight,MIDBLOCK,Monday,April,0,ZELLER DR,2,ROAD,MINOR,10.0,20.0,PAVED,TwoWay,PAVED,3,50,NO ACCESS,N,1991.0,56.6816403685923
ZELLER DR,04-At/near private drive,02-Thru lane,01-Clear,01-Daylight,MIDBLOCK,Monday,April,0,ZELLER DR,2,ROAD,LOCAL,11.0,20.0,PAVED,TwoWay,PAVED,6,50,NO ACCESS,N,2007.0,93.8892069728018
ZELLER DR,04-At/near private drive,02-Thru lane,01-Clear,01-Daylight,MIDBLOCK,Monday,April,0,ZELLER DR,2,ROAD,MINOR,10.0,20.0,PAVED,TwoWay,PAVED,3,50,NO ACCESS,N,1991.0,139.154073581059
ZELLER DR,04-At/near private drive,02-Thru lane,01-Clear,01-Daylight,MIDBLOCK,Monday,April,0,ZELLER DR,2,ROAD,MINOR,11.0,20.0,PAVED,TwoWay,PAVED,6,50,NO ACCESS,N,2007.0,215.08971941729303
ZELLER DR,04-At/near private drive,02-Thru lane,01-Clear,01-Daylight,MIDBLOCK,Monday,April,0,ZELLER DR,2,ROAD,MINOR,11.0,20.0,PAVED,TwoWay,GRAVEL,6,50,NO ACCESS,N,2007.0,88.3448186396054
ZELLER DR,04-At/near private drive,02-Thru lane,01-Clear,01-Daylight,MIDBLOCK,Thursday,February,0,ZELLER DR,2,ROAD,LOCAL,11.0,20.0,PAVED,TwoWay,PAVED,6,50,NO ACCESS,N,2007.0,288.479777682053
ZELLER DR,04-At/near private drive,02-Thru lane,01-Clear,01-Daylight,MIDBLOCK,Thursday,February,0,ZELLER DR,2,ROAD,MINOR,10.0,20.0,PAVED,TwoWay,PAVED,3,50,NO ACCESS,N,1991.0,259.963935395136
ZELLER DR,04-At/near private drive,02-Thru lane,01-Clear,01-Daylight,MIDBLOCK,Thursday,February,0,ZELLER DR,2,ROAD,MINOR,11.0,20.0,PAVED,TwoWay,GRAVEL,6,50,NO ACCESS,N,2007.0,106.32265170241999
ZELLER DR,04-At/near private drive,02-Thru lane,01-Clear,01-Daylight,MIDBLOCK,Thursday,February,0,ZELLER DR,2,ROAD,LOCAL,11.0,20.0,PAVED,TwoWay,PAVED,6,50,NO ACCESS,N,2007.0,83.1943734867006
ZELLER DR,04-At/near private drive,02-Thru lane,01-Clear,01-Daylight,MIDBLOCK,Thursday,February,0,ZELLER DR,2,ROAD,MINOR,8.0,20.0,PAVED,TwoWay,GRAVEL,3,40,NO ACCESS,N,1966.0,287.063223209939
ZELLER DR,04-At/near private drive,02-Thru lane,01-Clear,01-Daylight,MIDBLOCK,Thursday,February,0,ZELLER DR,2,ROAD,MINOR,10.0,20.0,PAVED,TwoWay,PAVED,3,50,NO ACCESS,N,1991.0,56.6816403685923
ZELLER DR,04-At/near private drive,02-Thru lane,01-Clear,01-Daylight,MIDBLOCK,Thursday,February,0,ZELLER DR,2,ROAD,LOCAL,11.0,20.0,PAVED,TwoWay,PAVED,6,50,NO ACCESS,N,2007.0,93.8892069728018
ZELLER DR,04-At/near private drive,02-Thru lane,01-Clear,01-Daylight,MIDBLOCK,Thursday,February,0,ZELLER DR,2,ROAD,MINOR,10.0,20.0,PAVED,TwoWay,PAVED,3,50,NO ACCESS,N,1991.0,139.154073581059
ZELLER DR,04-At/near private drive,02-Thru lane,01-Clear,01-Daylight,MIDBLOCK,Thursday,February,0,ZELLER DR,2,ROAD,MINOR,11.0,20.0,PAVED,TwoWay,PAVED,6,50,NO ACCESS,N,2007.0,215.08971941729303
ZELLER DR,04-At/near private drive,02-Thru lane,01-Clear,01-Daylight,MIDBLOCK,Thursday,February,0,ZELLER DR,2,ROAD,MINOR,11.0,20.0,PAVED,TwoWay,GRAVEL,6,50,NO ACCESS,N,2007.0,88.3448186396054
ZELLER DR,01-Non intersection,12-Off highway,01-Clear,01-Daylight,MIDBLOCK,Tuesday,January,0,ZELLER DR,2,ROAD,LOCAL,11.0,20.0,PAVED,TwoWay,PAVED,6,50,NO ACCESS,N,2007.0,288.479777682053
ZELLER DR,01-Non intersection,12-Off highway,01-Clear,01-Daylight,MIDBLOCK,Tuesday,January,0,ZELLER DR,2,ROAD,MINOR,10.0,20.0,PAVED,TwoWay,PAVED,3,50,NO ACCESS,N,1991.0,259.963935395136
ZELLER DR,01-Non intersection,12-Off highway,01-Clear,01-Daylight,MIDBLOCK,Tuesday,January,0,ZELLER DR,2,ROAD,MINOR,11.0,20.0,PAVED,TwoWay,GRAVEL,6,50,NO ACCESS,N,2007.0,106.32265170241999
ZELLER DR,01-Non intersection,12-Off highway,01-Clear,01-Daylight,MIDBLOCK,Tuesday,January,0,ZELLER DR,2,ROAD,LOCAL,11.0,20.0,PAVED,TwoWay,PAVED,6,50,NO ACCESS,N,2007.0,83.1943734867006
ZELLER DR,01-Non intersection,12-Off highway,01-Clear,01-Daylight,MIDBLOCK,Tuesday,January,0,ZELLER DR,2,ROAD,MINOR,8.0,20.0,PAVED,TwoWay,GRAVEL,3,40,NO ACCESS,N,1966.0,287.063223209939
ZELLER DR,01-Non intersection,12-Off highway,01-Clear,01-Daylight,MIDBLOCK,Tuesday,January,0,ZELLER DR,2,ROAD,MINOR,10.0,20.0,PAVED,TwoWay,PAVED,3,50,NO ACCESS,N,1991.0,56.6816403685923
ZELLER DR,01-Non intersection,12-Off highway,01-Clear,01-Daylight,MIDBLOCK,Tuesday,January,0,ZELLER DR,2,ROAD,LOCAL,11.0,20.0,PAVED,TwoWay,PAVED,6,50,NO ACCESS,N,2007.0,93.8892069728018
ZELLER DR,01-Non intersection,12-Off highway,01-Clear,01-Daylight,MIDBLOCK,Tuesday,January,0,ZELLER DR,2,ROAD,MINOR,10.0,20.0,PAVED,TwoWay,PAVED,3,50,NO ACCESS,N,1991.0,139.154073581059
ZELLER DR,01-Non intersection,12-Off highway,01-Clear,01-Daylight,MIDBLOCK,Tuesday,January,0,ZELLER DR,2,ROAD,MINOR,11.0,20.0,PAVED,TwoWay,PAVED,6,50,NO ACCESS,N,2007.0,215.08971941729303
ZELLER DR,01-Non intersection,12-Off highway,01-Clear,01-Daylight,MIDBLOCK,Tuesday,January,0,ZELLER DR,2,ROAD,MINOR,11.0,20.0,PAVED,TwoWay,GRAVEL,6,50,NO ACCESS,N,2007.0,88.3448186396054
ZELLER DR,01-Non intersection,02-Thru lane,03-Snow,03-Dawn,MIDBLOCK,Tuesday,January,0,ZELLER DR,2,ROAD,LOCAL,11.0,20.0,PAVED,TwoWay,PAVED,6,50,NO ACCESS,N,2007.0,288.479777682053
ZELLER DR,01-Non intersection,02-Thru lane,03-Snow,03-Dawn,MIDBLOCK,Tuesday,January,0,ZELLER DR,2,ROAD,MINOR,10.0,20.0,PAVED,TwoWay,PAVED,3,50,NO ACCESS,N,1991.0,259.963935395136
ZELLER DR,01-Non intersection,02-Thru lane,03-Snow,03-Dawn,MIDBLOCK,Tuesday,January,0,ZELLER DR,2,ROAD,MINOR,11.0,20.0,PAVED,TwoWay,GRAVEL,6,50,NO ACCESS,N,2007.0,106.32265170241999
ZELLER DR,01-Non intersection,02-Thru lane,03-Snow,03-Dawn,MIDBLOCK,Tuesday,January,0,ZELLER DR,2,ROAD,LOCAL,11.0,20.0,PAVED,TwoWay,PAVED,6,50,NO ACCESS,N,2007.0,83.1943734867006
ZELLER DR,01-Non intersection,02-Thru lane,03-Snow,03-Dawn,MIDBLOCK,Tuesday,January,0,ZELLER DR,2,ROAD,MINOR,8.0,20.0,PAVED,TwoWay,GRAVEL,3,40,NO ACCESS,N,1966.0,287.063223209939
ZELLER DR,01-Non intersection,02-Thru lane,03-Snow,03-Dawn,MIDBLOCK,Tuesday,January,0,ZELLER DR,2,ROAD,MINOR,10.0,20.0,PAVED,TwoWay,PAVED,3,50,NO ACCESS,N,1991.0,56.6816403685923
ZELLER DR,01-Non intersection,02-Thru lane,03-Snow,03-Dawn,MIDBLOCK,Tuesday,January,0,ZELLER DR,2,ROAD,LOCAL,11.0,20.0,PAVED,TwoWay,PAVED,6,50,NO ACCESS,N,2007.0,93.8892069728018
ZELLER DR,01-Non intersection,02-Thru lane,03-Snow,03-Dawn,MIDBLOCK,Tuesday,January,0,ZELLER DR,2,ROAD,MINOR,10.0,20.0,PAVED,TwoWay,PAVED,3,50,NO ACCESS,N,1991.0,139.154073581059
ZELLER DR,01-Non intersection,02-Thru lane,03-Snow,03-Dawn,MIDBLOCK,Tuesday,January,0,ZELLER DR,2,ROAD,MINOR,11.0,20.0,PAVED,TwoWay,PAVED,6,50,NO ACCESS,N,2007.0,215.08971941729303
ZELLER DR,01-Non intersection,02-Thru lane,03-Snow,03-Dawn,MIDBLOCK,Tuesday,January,0,ZELLER DR,2,ROAD,MINOR,11.0,20.0,PAVED,TwoWay,GRAVEL,6,50,NO ACCESS,N,2007.0,88.3448186396054
ZELLER DR,04-At/near private drive,02-Thru lane,01-Clear,01-Daylight,MIDBLOCK,Tuesday,February,0,ZELLER DR,2,ROAD,LOCAL,11.0,20.0,PAVED,TwoWay,PAVED,6,50,NO ACCESS,N,2007.0,288.479777682053
ZELLER DR,04-At/near private drive,02-Thru lane,01-Clear,01-Daylight,MIDBLOCK,Tuesday,February,0,ZELLER DR,2,ROAD,MINOR,10.0,20.0,PAVED,TwoWay,PAVED,3,50,NO ACCESS,N,1991.0,259.963935395136
ZELLER DR,04-At/near private drive,02-Thru lane,01-Clear,01-Daylight,MIDBLOCK,Tuesday,February,0,ZELLER DR,2,ROAD,MINOR,11.0,20.0,PAVED,TwoWay,GRAVEL,6,50,NO ACCESS,N,2007.0,106.32265170241999
ZELLER DR,04-At/near private drive,02-Thru lane,01-Clear,01-Daylight,MIDBLOCK,Tuesday,February,0,ZELLER DR,2,ROAD,LOCAL,11.0,20.0,PAVED,TwoWay,PAVED,6,50,NO ACCESS,N,2007.0,83.1943734867006
ZELLER DR,04-At/near private drive,02-Thru lane,01-Clear,01-Daylight,MIDBLOCK,Tuesday,February,0,ZELLER DR,2,ROAD,MINOR,8.0,20.0,PAVED,TwoWay,GRAVEL,3,40,NO ACCESS,N,1966.0,287.063223209939
ZELLER DR,04-At/near private drive,02-Thru lane,01-Clear,01-Daylight,MIDBLOCK,Tuesday,February,0,ZELLER DR,2,ROAD,MINOR,10.0,20.0,PAVED,TwoWay,PAVED,3,50,NO ACCESS,N,1991.0,56.6816403685923
ZELLER DR,04-At/near private drive,02-Thru lane,01-Clear,01-Daylight,MIDBLOCK,Tuesday,February,0,ZELLER DR,2,ROAD,LOCAL,11.0,20.0,PAVED,TwoWay,PAVED,6,50,NO ACCESS,N,2007.0,93.8892069728018
ZELLER DR,04-At/near private drive,02-Thru lane,01-Clear,01-Daylight,MIDBLOCK,Tuesday,February,0,ZELLER DR,2,ROAD,MINOR,10.0,20.0,PAVED,TwoWay,PAVED,3,50,NO ACCESS,N,1991.0,139.154073581059
ZELLER DR,04-At/near private drive,02-Thru lane,01-Clear,01-Daylight,MIDBLOCK,Tuesday,February,0,ZELLER DR,2,ROAD,MINOR,11.0,20.0,PAVED,TwoWay,PAVED,6,50,NO ACCESS,N,2007.0,215.08971941729303
ZELLER DR,04-At/near private drive,02-Thru lane,01-Clear,01-Daylight,MIDBLOCK,Tuesday,February,0,ZELLER DR,2,ROAD,MINOR,11.0,20.0,PAVED,TwoWay,GRAVEL,6,50,NO ACCESS,N,2007.0,88.3448186396054
ZELLER DR,04-At/near private drive,11-Not on roadway - right side,03-Snow,01-Daylight,MIDBLOCK,Tuesday,November,0,ZELLER DR,2,ROAD,LOCAL,11.0,20.0,PAVED,TwoWay,PAVED,6,50,NO ACCESS,N,2007.0,288.479777682053
ZELLER DR,04-At/near private drive,11-Not on roadway - right side,03-Snow,01-Daylight,MIDBLOCK,Tuesday,November,0,ZELLER DR,2,ROAD,MINOR,10.0,20.0,PAVED,TwoWay,PAVED,3,50,NO ACCESS,N,1991.0,259.963935395136
ZELLER DR,04-At/near private drive,11-Not on roadway - right side,03-Snow,01-Daylight,MIDBLOCK,Tuesday,November,0,ZELLER DR,2,ROAD,MINOR,11.0,20.0,PAVED,TwoWay,GRAVEL,6,50,NO ACCESS,N,2007.0,106.32265170241999
ZELLER DR,04-At/near private drive,11-Not on roadway - right side,03-Snow,01-Daylight,MIDBLOCK,Tuesday,November,0,ZELLER DR,2,ROAD,LOCAL,11.0,20.0,PAVED,TwoWay,PAVED,6,50,NO ACCESS,N,2007.0,83.1943734867006
ZELLER DR,04-At/near private drive,11-Not on roadway - right side,03-Snow,01-Daylight,MIDBLOCK,Tuesday,November,0,ZELLER DR,2,ROAD,MINOR,8.0,20.0,PAVED,TwoWay,GRAVEL,3,40,NO ACCESS,N,1966.0,287.063223209939
ZELLER DR,04-At/near private drive,11-Not on roadway - right side,03-Snow,01-Daylight,MIDBLOCK,Tuesday,November,0,ZELLER DR,2,ROAD,MINOR,10.0,20.0,PAVED,TwoWay,PAVED,3,50,NO ACCESS,N,1991.0,56.6816403685923
ZELLER DR,04-At/near private drive,11-Not on roadway - right side,03-Snow,01-Daylight,MIDBLOCK,Tuesday,November,0,ZELLER DR,2,ROAD,LOCAL,11.0,20.0,PAVED,TwoWay,PAVED,6,50,NO ACCESS,N,2007.0,93.8892069728018
ZELLER DR,04-At/near private drive,11-Not on roadway - right side,03-Snow,01-Daylight,MIDBLOCK,Tuesday,November,0,ZELLER DR,2,ROAD,MINOR,10.0,20.0,PAVED,TwoWay,PAVED,3,50,NO ACCESS,N,1991.0,139.154073581059
ZELLER DR,04-At/near private drive,11-Not on roadway - right side,03-Snow,01-Daylight,MIDBLOCK,Tuesday,November,0,ZELLER DR,2,ROAD,MINOR,11.0,20.0,PAVED,TwoWay,PAVED,6,50,NO ACCESS,N,2007.0,215.08971941729303
ZELLER DR,04-At/near private drive,11-Not on roadway - right side,03-Snow,01-Daylight,MIDBLOCK,Tuesday,November,0,ZELLER DR,2,ROAD,MINOR,11.0,20.0,PAVED,TwoWay,GRAVEL,6,50,NO ACCESS,N,2007.0,88.3448186396054
ZELLER DR,04-At/near private drive,09-Right shoulder,03-Snow,"08-Dark, artificial",MIDBLOCK,Wednesday,December,0,ZELLER DR,2,ROAD,LOCAL,11.0,20.0,PAVED,TwoWay,PAVED,6,50,NO ACCESS,N,2007.0,288.479777682053
ZELLER DR,04-At/near private drive,09-Right shoulder,03-Snow,"08-Dark, artificial",MIDBLOCK,Wednesday,December,0,ZELLER DR,2,ROAD,MINOR,10.0,20.0,PAVED,TwoWay,PAVED,3,50,NO ACCESS,N,1991.0,259.963935395136
ZELLER DR,04-At/near private drive,09-Right shoulder,03-Snow,"08-Dark, artificial",MIDBLOCK,Wednesday,December,0,ZELLER DR,2,ROAD,MINOR,11.0,20.0,PAVED,TwoWay,GRAVEL,6,50,NO ACCESS,N,2007.0,106.32265170241999
ZELLER DR,04-At/near private drive,09-Right shoulder,03-Snow,"08-Dark, artificial",MIDBLOCK,Wednesday,December,0,ZELLER DR,2,ROAD,LOCAL,11.0,20.0,PAVED,TwoWay,PAVED,6,50,NO ACCESS,N,2007.0,83.1943734867006
ZELLER DR,04-At/near private drive,09-Right shoulder,03-Snow,"08-Dark, artificial",MIDBLOCK,Wednesday,December,0,ZELLER DR,2,ROAD,MINOR,8.0,20.0,PAVED,TwoWay,GRAVEL,3,40,NO ACCESS,N,1966.0,287.063223209939
ZELLER DR,04-At/near private drive,09-Right shoulder,03-Snow,"08-Dark, artificial",MIDBLOCK,Wednesday,December,0,ZELLER DR,2,ROAD,MINOR,10.0,20.0,PAVED,TwoWay,PAVED,3,50,NO ACCESS,N,1991.0,56.6816403685923
ZELLER DR,04-At/near private drive,09-Right shoulder,03-Snow,"08-Dark, artificial",MIDBLOCK,Wednesday,December,0,ZELLER DR,2,ROAD,LOCAL,11.0,20.0,PAVED,TwoWay,PAVED,6,50,NO ACCESS,N,2007.0,93.8892069728018
ZELLER DR,04-At/near private drive,09-Right shoulder,03-Snow,"08-Dark, artificial",MIDBLOCK,Wednesday,December,0,ZELLER DR,2,ROAD,MINOR,10.0,20.0,PAVED,TwoWay,PAVED,3,50,NO ACCESS,N,1991.0,139.154073581059
ZELLER DR,04-At/near private drive,09-Right shoulder,03-Snow,"08-Dark, artificial",MIDBLOCK,Wednesday,December,0,ZELLER DR,2,ROAD,MINOR,11.0,20.0,PAVED,TwoWay,PAVED,6,50,NO ACCESS,N,2007.0,215.08971941729303
ZELLER DR,04-At/near private drive,09-Right shoulder,03-Snow,"08-Dark, artificial",MIDBLOCK,Wednesday,December,0,ZELLER DR,2,ROAD,MINOR,11.0,20.0,PAVED,TwoWay,GRAVEL,6,50,NO ACCESS,N,2007.0,88.3448186396054
ZELLER DR,01-Non intersection,02-Thru lane,01-Clear,01-Daylight,MIDBLOCK,Thursday,May,0,ZELLER DR,2,ROAD,LOCAL,11.0,20.0,PAVED,TwoWay,PAVED,6,50,NO ACCESS,N,2007.0,288.479777682053
ZELLER DR,01-Non intersection,02-Thru lane,01-Clear,01-Daylight,MIDBLOCK,Thursday,May,0,ZELLER DR,2,ROAD,MINOR,10.0,20.0,PAVED,TwoWay,PAVED,3,50,NO ACCESS,N,1991.0,259.963935395136
ZELLER DR,01-Non intersection,02-Thru lane,01-Clear,01-Daylight,MIDBLOCK,Thursday,May,0,ZELLER DR,2,ROAD,MINOR,11.0,20.0,PAVED,TwoWay,GRAVEL,6,50,NO ACCESS,N,2007.0,106.32265170241999
ZELLER DR,01-Non intersection,02-Thru lane,01-Clear,01-Daylight,MIDBLOCK,Thursday,May,0,ZELLER DR,2,ROAD,LOCAL,11.0,20.0,PAVED,TwoWay,PAVED,6,50,NO ACCESS,N,2007.0,83.1943734867006
ZELLER DR,01-Non intersection,02-Thru lane,01-Clear,01-Daylight,MIDBLOCK,Thursday,May,0,ZELLER DR,2,ROAD,MINOR,8.0,20.0,PAVED,TwoWay,GRAVEL,3,40,NO ACCESS,N,1966.0,287.063223209939
ZELLER DR,01-Non intersection,02-Thru lane,01-Clear,01-Daylight,MIDBLOCK,Thursday,May,0,ZELLER DR,2,ROAD,MINOR,10.0,20.0,PAVED,TwoWay,PAVED,3,50,NO ACCESS,N,1991.0,56.6816403685923
ZELLER DR,01-Non intersection,02-Thru lane,01-Clear,01-Daylight,MIDBLOCK,Thursday,May,0,ZELLER DR,2,ROAD,LOCAL,11.0,20.0,PAVED,TwoWay,PAVED,6,50,NO ACCESS,N,2007.0,93.8892069728018
ZELLER DR,01-Non intersection,02-Thru lane,01-Clear,01-Daylight,MIDBLOCK,Thursday,May,0,ZELLER DR,2,ROAD,MINOR,10.0,20.0,PAVED,TwoWay,PAVED,3,50,NO ACCESS,N,1991.0,139.154073581059
ZELLER DR,01-Non intersection,02-Thru lane,01-Clear,01-Daylight,MIDBLOCK,Thursday,May,0,ZELLER DR,2,ROAD,MINOR,11.0,20.0,PAVED,TwoWay,PAVED,6,50,NO ACCESS,N,2007.0,215.08971941729303
ZELLER DR,01-Non intersection,02-Thru lane,01-Clear,01-Daylight,MIDBLOCK,Thursday,May,0,ZELLER DR,2,ROAD,MINOR,11.0,20.0,PAVED,TwoWay,GRAVEL,6,50,NO ACCESS,N,2007.0,88.3448186396054
ZELLER DR,01-Non intersection,02-Thru lane,01-Clear,"08-Dark, artificial",MIDBLOCK,Thursday,September,0,ZELLER DR,2,ROAD,LOCAL,11.0,20.0,PAVED,TwoWay,PAVED,6,50,NO ACCESS,N,2007.0,288.479777682053
ZELLER DR,01-Non intersection,02-Thru lane,01-Clear,"08-Dark, artificial",MIDBLOCK,Thursday,September,0,ZELLER DR,2,ROAD,MINOR,10.0,20.0,PAVED,TwoWay,PAVED,3,50,NO ACCESS,N,1991.0,259.963935395136
ZELLER DR,01-Non intersection,02-Thru lane,01-Clear,"08-Dark, artificial",MIDBLOCK,Thursday,September,0,ZELLER DR,2,ROAD,MINOR,11.0,20.0,PAVED,TwoWay,GRAVEL,6,50,NO ACCESS,N,2007.0,106.32265170241999
ZELLER DR,01-Non intersection,02-Thru lane,01-Clear,"08-Dark, artificial",MIDBLOCK,Thursday,September,0,ZELLER DR,2,ROAD,LOCAL,11.0,20.0,PAVED,TwoWay,PAVED,6,50,NO ACCESS,N,2007.0,83.1943734867006
ZELLER DR,01-Non intersection,02-Thru lane,01-Clear,"08-Dark, artificial",MIDBLOCK,Thursday,September,0,ZELLER DR,2,ROAD,MINOR,8.0,20.0,PAVED,TwoWay,GRAVEL,3,40,NO ACCESS,N,1966.0,287.063223209939
ZELLER DR,01-Non intersection,02-Thru lane,01-Clear,"08-Dark, artificial",MIDBLOCK,Thursday,September,0,ZELLER DR,2,ROAD,MINOR,10.0,20.0,PAVED,TwoWay,PAVED,3,50,NO ACCESS,N,1991.0,56.6816403685923
ZELLER DR,01-Non intersection,02-Thru lane,01-Clear,"08-Dark, artificial",MIDBLOCK,Thursday,September,0,ZELLER DR,2,ROAD,LOCAL,11.0,20.0,PAVED,TwoWay,PAVED,6,50,NO ACCESS,N,2007.0,93.8892069728018
ZELLER DR,01-Non intersection,02-Thru lane,01-Clear,"08-Dark, artificial",MIDBLOCK,Thursday,September,0,ZELLER DR,2,ROAD,MINOR,10.0,20.0,PAVED,TwoWay,PAVED,3,50,NO ACCESS,N,1991.0,139.154073581059
ZELLER DR,01-Non intersection,02-Thru lane,01-Clear,"08-Dark, artificial",MIDBLOCK,Thursday,September,0,ZELLER DR,2,ROAD,MINOR,11.0,20.0,PAVED,TwoWay,PAVED,6,50,NO ACCESS,N,2007.0,215.08971941729303
ZELLER DR,01-Non intersection,02-Thru lane,01-Clear,"08-Dark, artificial",MIDBLOCK,Thursday,September,0,ZELLER DR,2,ROAD,MINOR,11.0,20.0,PAVED,TwoWay,GRAVEL,6,50,NO ACCESS,N,2007.0,88.3448186396054
ZELLER DR,04-At/near private drive,12-Off highway,99-Other,99-Other,MIDBLOCK,Tuesday,August,0,ZELLER DR,2,ROAD,LOCAL,11.0,20.0,PAVED,TwoWay,PAVED,6,50,NO ACCESS,N,2007.0,288.479777682053
ZELLER DR,04-At/near private drive,12-Off highway,99-Other,99-Other,MIDBLOCK,Tuesday,August,0,ZELLER DR,2,ROAD,MINOR,10.0,20.0,PAVED,TwoWay,PAVED,3,50,NO ACCESS,N,1991.0,259.963935395136
ZELLER DR,04-At/near private drive,12-Off highway,99-Other,99-Other,MIDBLOCK,Tuesday,August,0,ZELLER DR,2,ROAD,MINOR,11.0,20.0,PAVED,TwoWay,GRAVEL,6,50,NO ACCESS,N,2007.0,106.32265170241999
ZELLER DR,04-At/near private drive,12-Off highway,99-Other,99-Other,MIDBLOCK,Tuesday,August,0,ZELLER DR,2,ROAD,LOCAL,11.0,20.0,PAVED,TwoWay,PAVED,6,50,NO ACCESS,N,2007.0,83.1943734867006
ZELLER DR,04-At/near private drive,12-Off highway,99-Other,99-Other,MIDBLOCK,Tuesday,August,0,ZELLER DR,2,ROAD,MINOR,8.0,20.0,PAVED,TwoWay,GRAVEL,3,40,NO ACCESS,N,1966.0,287.063223209939
ZELLER DR,04-At/near private drive,12-Off highway,99-Other,99-Other,MIDBLOCK,Tuesday,August,0,ZELLER DR,2,ROAD,MINOR,10.0,20.0,PAVED,TwoWay,PAVED,3,50,NO ACCESS,N,1991.0,56.6816403685923
ZELLER DR,04-At/near private drive,12-Off highway,99-Other,99-Other,MIDBLOCK,Tuesday,August,0,ZELLER DR,2,ROAD,LOCAL,11.0,20.0,PAVED,TwoWay,PAVED,6,50,NO ACCESS,N,2007.0,93.8892069728018
ZELLER DR,04-At/near private drive,12-Off highway,99-Other,99-Other,MIDBLOCK,Tuesday,August,0,ZELLER DR,2,ROAD,MINOR,10.0,20.0,PAVED,TwoWay,PAVED,3,50,NO ACCESS,N,1991.0,139.154073581059
ZELLER DR,04-At/near private drive,12-Off highway,99-Other,99-Other,MIDBLOCK,Tuesday,August,0,ZELLER DR,2,ROAD,MINOR,11.0,20.0,PAVED,TwoWay,PAVED,6,50,NO ACCESS,N,2007.0,215.08971941729303
ZELLER DR,04-At/near private drive,12-Off highway,99-Other,99-Other,MIDBLOCK,Tuesday,August,0,ZELLER DR,2,ROAD,MINOR,11.0,20.0,PAVED,TwoWay,GRAVEL,6,50,NO ACCESS,N,2007.0,88.3448186396054
ZELLER DR,04-At/near private drive,02-Thru lane,01-Clear,01-Daylight,MIDBLOCK,Thursday,January,0,ZELLER DR,2,ROAD,LOCAL,11.0,20.0,PAVED,TwoWay,PAVED,6,50,NO ACCESS,N,2007.0,288.479777682053
ZELLER DR,04-At/near private drive,02-Thru lane,01-Clear,01-Daylight,MIDBLOCK,Thursday,January,0,ZELLER DR,2,ROAD,MINOR,10.0,20.0,PAVED,TwoWay,PAVED,3,50,NO ACCESS,N,1991.0,259.963935395136