LOCATION,ACCIDENT_LOCATION,IMPACT_LOCATION,ENVIRONMENT_CONDITION,LIGHT,COLLISION_TYPE,DAY_OF_WEEK,MONTH,IS_WEEKEND,STREET,LANES,CATEGORY,SUBCATEGORY,PAVEMENT_WIDTH,ROW_WIDTH,SHOULDER,FLOW_DIRECTION,SURFACE_LAYER_TYPE,OFFICIAL_ROAD_CLASSIFICATION,SPEED_LIMIT_KM,TRUCK_ACCESS,BUS_ROUTE,SERVICE_YEAR,Shape__Length
ZELLER DR,04-At/near private drive,02-Thru lane,01-Clear,01-Daylight,MIDBLOCK,Thursday,January,0,ZELLER DR,2,ROAD,MINOR,11.0,20.0,PAVED,TwoWay,GRAVEL,6,50,NO ACCESS,N,2007.0,106.32265170241999
ZELLER DR,04-At/near private drive,02-Thru lane,01-Clear,01-Daylight,MIDBLOCK,Thursday,January,0,ZELLER DR,2,ROAD,LOCAL,11.0,20.0,PAVED,TwoWay,PAVED,6,50,NO ACCESS,N,2007.0,83.1943734867006
ZELLER DR,04-At/near private drive,02-Thru lane,01-Clear,01-Daylight,MIDBLOCK,Thursday,January,0,ZELLER DR,2,ROAD,MINOR,8.0,20.0,PAVED,TwoWay,GRAVEL,3,40,NO ACCESS,N,1966.0,287.063223209939
ZELLER DR,04-At/near private drive,02-Thru lane,01-Clear,01-Daylight,MIDBLOCK,Thursday,January,0,ZELLER DR,2,ROAD,MINOR,10.0,20.0,PAVED,TwoWay,PAVED,3,50,NO ACCESS,N,1991.0,56.6816403685923
ZELLER DR,04-At/near private drive,02-Thru lane,01-Clear,01-Daylight,MIDBLOCK,Thursday,January,0,ZELLER DR,2,ROAD,LOCAL,11.0,20.0,PAVED,TwoWay,PAVED,6,50,NO ACCESS,N,2007.0,93.8892069728018
ZELLER DR,04-At/near private drive,02-Thru lane,01-Clear,01-Daylight,MIDBLOCK,Thursday,January,0,ZELLER DR,2,ROAD,MINOR,10.0,20.0,PAVED,TwoWay,PAVED,3,50,NO ACCESS,N,1991.0,139.154073581059
ZELLER DR,04-At/near private drive,02-Thru lane,01-Clear,01-Daylight,MIDBLOCK,Thursday,January,0,ZELLER DR,2,ROAD,MINOR,11.0,20.0,PAVED,TwoWay,PAVED,6,50,NO ACCESS,N,2007.0,215.08971941729303
ZELLER DR,04-At/near private drive,02-Thru lane,01-Clear,01-Daylight,MIDBLOCK,Thursday,January,0,ZELLER DR,2,ROAD,MINOR,11.0,20.0,PAVED,TwoWay,GRAVEL,6,50,NO ACCESS,N,2007.0,88.3448186396054
COUNTRY HILL DR,04-At/near private drive,02-Thru lane,02-Rain,01-Daylight,MIDBLOCK,Thursday,August,0,COUNTRY HILL DR,2,ROAD,MINOR,10.0,20.0,PAVED,TwoWay,PAVED,4,50,NO ACCESS,Y,2004.0,179.418821925685
COUNTRY HILL DR,04-At/near private drive,02-Thru lane,02-Rain,01-Daylight,MIDBLOCK,Thursday,August,0,COUNTRY HILL DR,2,ROAD,MINOR,10.0,20.0,PAVED,TwoWay,PAVED,4,50,NO ACCESS,Y,1974.0,81.6202356699504
COUNTRY HILL DR,04-At/near private drive,02-Thru lane,02-Rain,01-Daylight,MIDBLOCK,Thursday,August,0,COUNTRY HILL DR,2,ROAD,MINOR,10.0,20.0,PAVED,TwoWay,PAVED,4,50,NO ACCESS,Y,1974.0,207.57228848801603
COUNTRY HILL DR,04-At/near private drive,02-Thru lane,02-Rain,01-Daylight,MIDBLOCK,Thursday,August,0,COUNTRY HILL DR,2,ROAD,MINOR,10.0,20.0,PAVED,TwoWay,PAVED,4,40,NO ACCESS,Y,2004.0,193.64861921269798
COUNTRY HILL DR,04-At/near private drive,02-Thru lane,02-Rain,01-Daylight,MIDBLOCK,Thursday,August,0,COUNTRY HILL DR,2,ROAD,MINOR,10.0,20.0,PAVED,TwoWay,PAVED,4,50,NO ACCESS,Y,2004.0,64.7838104770977
COUNTRY HILL DR,04-At/near private drive,02-Thru lane,02-Rain,01-Daylight,MIDBLOCK,Thursday,August,0,COUNTRY HILL DR,2,ROAD,MINOR,10.0,20.0,PAVED,TwoWay,PAVED,4,50,NO ACCESS,Y,1974.0,289.233535835295
COUNTRY HILL DR,04-At/near private drive,02-Thru lane,02-Rain,01-Daylight,MIDBLOCK,Thursday,August,0,COUNTRY HILL DR,2,ROAD,MINOR,10.0,20.0,PAVED,TwoWay,PAVED,4,50,NO ACCESS,Y,2004.0,177.945757015201
COUNTRY HILL DR,04-At/near private drive,02-Thru lane,02-Rain,01-Daylight,MIDBLOCK,Thursday,August,0,COUNTRY HILL DR,2,ROAD,MINOR,10.0,20.0,PAVED,TwoWay,PAVED,4,50,NO ACCESS,Y,1974.0,84.65266564004699
COUNTRY HILL DR,04-At/near private drive,09-Right shoulder,01-Clear,01-Daylight,MIDBLOCK,Saturday,April,1,COUNTRY HILL DR,2,ROAD,MINOR,10.0,20.0,PAVED,TwoWay,PAVED,4,50,NO ACCESS,Y,2004.0,179.418821925685
COUNTRY HILL DR,04-At/near private drive,09-Right shoulder,01-Clear,01-Daylight,MIDBLOCK,Saturday,April,1,COUNTRY HILL DR,2,ROAD,MINOR,10.0,20.0,PAVED,TwoWay,PAVED,4,50,NO ACCESS,Y,1974.0,81.6202356699504
COUNTRY HILL DR,04-At/near private drive,09-Right shoulder,01-Clear,01-Daylight,MIDBLOCK,Saturday,April,1,COUNTRY HILL DR,2,ROAD,MINOR,10.0,20.0,PAVED,TwoWay,PAVED,4,50,NO ACCESS,Y,1974.0,207.57228848801603
COUNTRY HILL DR,04-At/near private drive,09-Right shoulder,01-Clear,01-Daylight,MIDBLOCK,Saturday,April,1,COUNTRY HILL DR,2,ROAD,MINOR,10.0,20.0,PAVED,TwoWay,PAVED,4,40,NO ACCESS,Y,2004.0,193.64861921269798
COUNTRY HILL DR,04-At/near private drive,09-Right shoulder,01-Clear,01-Daylight,MIDBLOCK,Saturday,April,1,COUNTRY HILL DR,2,ROAD,MINOR,10.0,20.0,PAVED,TwoWay,PAVED,4,50,NO ACCESS,Y,2004.0,64.7838104770977
COUNTRY HILL DR,04-At/near private drive,09-Right shoulder,01-Clear,01-Daylight,MIDBLOCK,Saturday,April,1,COUNTRY HILL DR,2,ROAD,MINOR,10.0,20.0,PAVED,TwoWay,PAVED,4,50,NO ACCESS,Y,1974.0,289.233535835295
COUNTRY HILL DR,04-At/near private drive,09-Right shoulder,01-Clear,01-Daylight,MIDBLOCK,Saturday,April,1,COUNTRY HILL DR,2,ROAD,MINOR,10.0,20.0,PAVED,TwoWay,PAVED,4,50,NO ACCESS,Y,2004.0,177.945757015201
COUNTRY HILL DR,04-At/near private drive,09-Right shoulder,01-Clear,01-Daylight,MIDBLOCK,Saturday,April,1,COUNTRY HILL DR,2,ROAD,MINOR,10.0,20.0,PAVED,TwoWay,PAVED,4,50,NO ACCESS,Y,1974.0,84.65266564004699
COUNTRY HILL DR,04-At/near private drive,02-Thru lane,01-Clear,07-Dark,MIDBLOCK,Saturday,November,1,COUNTRY HILL DR,2,ROAD,MINOR,10.0,20.0,PAVED,TwoWay,PAVED,4,50,NO ACCESS,Y,2004.0,179.418821925685
COUNTRY HILL DR,04-At/near private drive,02-Thru lane,01-Clear,07-Dark,MIDBLOCK,Saturday,November,1,COUNTRY HILL DR,2,ROAD,MINOR,10.0,20.0,PAVED,TwoWay,PAVED,4,50,NO ACCESS,Y,1974.0,81.6202356699504
COUNTRY HILL DR,04-At/near private drive,02-Thru lane,01-Clear,07-Dark,MIDBLOCK,Saturday,November,1,COUNTRY HILL DR,2,ROAD,MINOR,10.0,20.0,PAVED,TwoWay,PAVED,4,50,NO ACCESS,Y,1974.0,207.57228848801603
COUNTRY HILL DR,04-At/near private drive,02-Thru lane,01-Clear,07-Dark,MIDBLOCK,Saturday,November,1,COUNTRY HILL DR,2,ROAD,MINOR,10.0,20.0,PAVED,TwoWay,PAVED,4,40,NO ACCESS,Y,2004.0,193.64861921269798
COUNTRY HILL DR,04-At/near private drive,02-Thru lane,01-Clear,07-Dark,MIDBLOCK,Saturday,November,1,COUNTRY HILL DR,2,ROAD,MINOR,10.0,20.0,PAVED,TwoWay,PAVED,4,50,NO ACCESS,Y,2004.0,64.7838104770977
COUNTRY HILL DR,04-At/near private drive,02-Thru lane,01-Clear,07-Dark,MIDBLOCK,Saturday,November,1,COUNTRY HILL DR,2,ROAD,MINOR,10.0,20.0,PAVED,TwoWay,PAVED,4,50,NO ACCESS,Y,1974.0,289.233535835295
COUNTRY HILL DR,04-At/near private drive,02-Thru lane,01-Clear,07-Dark,MIDBLOCK,Saturday,November,1,COUNTRY HILL DR,2,ROAD,MINOR,10.0,20.0,PAVED,TwoWay,PAVED,4,50,NO ACCESS,Y,2004.0,177.945757015201
COUNTRY HILL DR,04-At/near private drive,02-Thru lane,01-Clear,07-Dark,MIDBLOCK,Saturday,November,1,COUNTRY HILL DR,2,ROAD,MINOR,10.0,20.0,PAVED,TwoWay,PAVED,4,50,NO ACCESS,Y,1974.0,84.65266564004699
COUNTRY HILL DR,02-Intersection related,01-Within intersection,01-Clear,01-Daylight,MIDBLOCK,Thursday,May,0,COUNTRY HILL DR,2,ROAD,MINOR,10.0,20.0,PAVED,TwoWay,PAVED,4,50,NO ACCESS,Y,2004.0,179.418821925685
COUNTRY HILL DR,02-Intersection related,01-Within intersection,01-Clear,01-Daylight,MIDBLOCK,Thursday,May,0,COUNTRY HILL DR,2,ROAD,MINOR,10.0,20.0,PAVED,TwoWay,PAVED,4,50,NO ACCESS,Y,1974.0,81.6202356699504
COUNTRY HILL DR,02-Intersection related,01-Within intersection,01-Clear,01-Daylight,MIDBLOCK,Thursday,May,0,COUNTRY HILL DR,2,ROAD,MINOR,10.0,20.0,PAVED,TwoWay,PAVED,4,50,NO ACCESS,Y,1974.0,207.57228848801603
COUNTRY HILL DR,02-Intersection related,01-Within intersection,01-Clear,01-Daylight,MIDBLOCK,Thursday,May,0,COUNTRY HILL DR,2,ROAD,MINOR,10.0,20.0,PAVED,TwoWay,PAVED,4,40,NO ACCESS,Y,2004.0,193.64861921269798
COUNTRY HILL DR,02-Intersection related,01-Within intersection,01-Clear,01-Daylight,MIDBLOCK,Thursday,May,0,COUNTRY HILL DR,2,ROAD,MINOR,10.0,20.0,PAVED,TwoWay,PAVED,4,50,NO ACCESS,Y,2004.0,64.7838104770977
COUNTRY HILL DR,02-Intersection related,01-Within intersection,01-Clear,01-Daylight,MIDBLOCK,Thursday,May,0,COUNTRY HILL DR,2,ROAD,MINOR,10.0,20.0,PAVED,TwoWay,PAVED,4,50,NO ACCESS,Y,1974.0,289.233535835295
COUNTRY HILL DR,02-Intersection related,01-Within intersection,01-Clear,01-Daylight,MIDBLOCK,Thursday,May,0,COUNTRY HILL DR,2,ROAD,MINOR,10.0,20.0,PAVED,TwoWay,PAVED,4,50,NO ACCESS,Y,2004.0,177.945757015201
COUNTRY HILL DR,02-Intersection related,01-Within intersection,01-Clear,01-Daylight,MIDBLOCK,Thursday,May,0,COUNTRY HILL DR,2,ROAD,MINOR,10.0,20.0,PAVED,TwoWay,PAVED,4,50,NO ACCESS,Y,1974.0,84.65266564004699
COUNTRY HILL DR,04-At/near private drive,02-Thru lane,01-Clear,01-Daylight,MIDBLOCK,Wednesday,June,0,COUNTRY HILL DR,2,ROAD,MINOR,10.0,20.0,PAVED,TwoWay,PAVED,4,50,NO ACCESS,Y,2004.0,179.418821925685
COUNTRY HILL DR,04-At/near private drive,02-Thru lane,01-Clear,01-Daylight,MIDBLOCK,Wednesday,June,0,COUNTRY HILL DR,2,ROAD,MINOR,10.0,20.0,PAVED,TwoWay,PAVED,4,50,NO ACCESS,Y,1974.0,81.6202356699504
COUNTRY HILL DR,04-At/near private drive,02-Thru lane,01-Clear,01-Daylight,MIDBLOCK,Wednesday,June,0,COUNTRY HILL DR,2,ROAD,MINOR,10.0,20.0,PAVED,TwoWay,PAVED,4,50,NO ACCESS,Y,1974.0,207.57228848801603
COUNTRY HILL DR,04-At/near private drive,02-Thru lane,01-Clear,01-Daylight,MIDBLOCK,Wednesday,June,0,COUNTRY HILL DR,2,ROAD,MINOR,10.0,20.0,PAVED,TwoWay,PAVED,4,40,NO ACCESS,Y,2004.0,193.64861921269798
COUNTRY HILL DR,04-At/near private drive,02-Thru lane,01-Clear,01-Daylight,MIDBLOCK,Wednesday,June,0,COUNTRY HILL DR,2,ROAD,MINOR,10.0,20.0,PAVED,TwoWay,PAVED,4,50,NO ACCESS,Y,2004.0,64.7838104770977
COUNTRY HILL DR,04-At/near private drive,02-Thru lane,01-Clear,01-Daylight,MIDBLOCK,Wednesday,June,0,COUNTRY HILL DR,2,ROAD,MINOR,10.0,20.0,PAVED,TwoWay,PAVED,4,50,NO ACCESS,Y,1974.0,289.233535835295
COUNTRY HILL DR,04-At/near private drive,02-Thru lane,01-Clear,01-Daylight,MIDBLOCK,Wednesday,June,0,COUNTRY HILL DR,2,ROAD,MINOR,10.0,20.0,PAVED,TwoWay,PAVED,4,50,NO ACCESS,Y,2004.0,177.945757015201
COUNTRY HILL DR,04-At/near private drive,02-Thru lane,01-Clear,01-Daylight,MIDBLOCK,Wednesday,June,0,COUNTRY HILL DR,2,ROAD,MINOR,10.0,20.0,PAVED,TwoWay,PAVED,4,50,NO ACCESS,Y,1974.0,84.65266564004699
COUNTRY HILL DR,10-Parking lot,12-Off highway,01-Clear,01-Daylight,MIDBLOCK,Thursday,June,0,COUNTRY HILL DR,2,ROAD,MINOR,10.0,20.0,PAVED,TwoWay,PAVED,4,50,NO ACCESS,Y,2004.0,179.418821925685
COUNTRY HILL DR,10-Parking lot,12-Off highway,01-Clear,01-Daylight,MIDBLOCK,Thursday,June,0,COUNTRY HILL DR,2,ROAD,MINOR,10.0,20.0,PAVED,TwoWay,PAVED,4,50,NO ACCESS,Y,1974.0,81.6202356699504
COUNTRY HILL DR,10-Parking lot,12-Off highway,01-Clear,01-Daylight,MIDBLOCK,Thursday,June,0,COUNTRY HILL DR,2,ROAD,MINOR,10.0,20.0,PAVED,TwoWay,PAVED,4,50,NO ACCESS,Y,1974.0,207.57228848801603
COUNTRY HILL DR,10-Parking lot,12-Off highway,01-Clear,01-Daylight,MIDBLOCK,Thursday,June,0,COUNTRY HILL DR,2,ROAD,MINOR,10.0,20.0,PAVED,TwoWay,PAVED,4,40,NO ACCESS,Y,2004.0,193.64861921269798
COUNTRY HILL DR,10-Parking lot,12-Off highway,01-Clear,01-Daylight,MIDBLOCK,Thursday,June,0,COUNTRY HILL DR,2,ROAD,MINOR,10.0,20.0,PAVED,TwoWay,PAVED,4,50,NO ACCESS,Y,2004.0,64.7838104770977
COUNTRY HILL DR,10-Parking lot,12-Off highway,01-Clear,01-Daylight,MIDBLOCK,Thursday,June,0,COUNTRY HILL DR,2,ROAD,MINOR,10.0,20.0,PAVED,TwoWay,PAVED,4,50,NO ACCESS,Y,1974.0,289.233535835295
COUNTRY HILL DR,10-Parking lot,12-Off highway,01-Clear,01-Daylight,MIDBLOCK,Thursday,June,0,COUNTRY HILL DR,2,ROAD,MINOR,10.0,20.0,PAVED,TwoWay,PAVED,4,50,NO ACCESS,Y,2004.0,177.945757015201
COUNTRY HILL DR,10-Parking lot,12-Off highway,01-Clear,01-Daylight,MIDBLOCK,Thursday,June,0,COUNTRY HILL DR,2,ROAD,MINOR,10.0,20.0,PAVED,TwoWay,PAVED,4,50,NO ACCESS,Y,1974.0,84.65266564004699
COUNTRY HILL DR,04-At/near private drive,02-Thru lane,01-Clear,"08-Dark, artificial",MIDBLOCK,Friday,August,0,COUNTRY HILL DR,2,ROAD,MINOR,10.0,20.0,PAVED,TwoWay,PAVED,4,50,NO ACCESS,Y,2004.0,179.418821925685
COUNTRY HILL DR,04-At/near private drive,02-Thru lane,01-Clear,"08-Dark, artificial",MIDBLOCK,Friday,August,0,COUNTRY HILL DR,2,ROAD,MINOR,10.0,20.0,PAVED,TwoWay,PAVED,4,50,NO ACCESS,Y,1974.0,81.6202356699504
COUNTRY HILL DR,04-At/near private drive,02-Thru lane,01-Clear,"08-Dark, artificial",MIDBLOCK,Friday,August,0,COUNTRY HILL DR,2,ROAD,MINOR,10.0,20.0,PAVED,TwoWay,PAVED,4,50,NO ACCESS,Y,1974.0,207.57228848801603
COUNTRY HILL DR,04-At/near private drive,02-Thru lane,01-Clear,"08-Dark, artificial",MIDBLOCK,Friday,August,0,COUNTRY HILL DR,2,ROAD,MINOR,10.0,20.0,PAVED,TwoWay,PAVED,4,40,NO ACCESS,Y,2004.0,193.64861921269798
COUNTRY HILL DR,04-At/near private drive,02-Thru lane,01-Clear,"08-Dark, artificial",MIDBLOCK,Friday,August,0,COUNTRY HILL DR,2,ROAD,MINOR,10.0,20.0,PAVED,TwoWay,PAVED,4,50,NO ACCESS,Y,2004.0,64.7838104770977
COUNTRY HILL DR,04-At/near private drive,02-Thru lane,01-Clear,"08-Dark, artificial",MIDBLOCK,Friday,August,0,COUNTRY HILL DR,2,ROAD,MINOR,10.0,20.0,PAVED,TwoWay,PAVED,4,50,NO ACCESS,Y,1974.0,289.233535835295
COUNTRY HILL DR,04-At/near private drive,02-Thru lane,01-Clear,"08-Dark, artificial",MIDBLOCK,Friday,August,0,COUNTRY HILL DR,2,ROAD,MINOR,10.0,20.0,PAVED,TwoWay,PAVED,4,50,NO ACCESS,Y,2004.0,177.945757015201
COUNTRY HILL DR,04-At/near private drive,02-Thru lane,01-Clear,"08-Dark, artificial",MIDBLOCK,Friday,August,0,COUNTRY HILL DR,2,ROAD,MINOR,10.0,20.0,PAVED,TwoWay,PAVED,4,50,NO ACCESS,Y,1974.0,84.65266564004699
COUNTRY HILL DR,04-At/near private drive,02-Thru lane,01-Clear,01-Daylight,MIDBLOCK,Monday,December,0,COUNTRY HILL DR,2,ROAD,MINOR,10.0,20.0,PAVED,TwoWay,PAVED,4,50,NO ACCESS,Y,2004.0,179.418821925685
COUNTRY HILL DR,04-At/near private drive,02-Thru lane,01-Clear,01-Daylight,MIDBLOCK,Monday,December,0,COUNTRY HILL DR,2,ROAD,MINOR,10.0,20.0,PAVED,TwoWay,PAVED,4,50,NO ACCESS,Y,1974.0,81.6202356699504
COUNTRY HILL DR,04-At/near private drive,02-Thru lane,01-Clear,01-Daylight,MIDBLOCK,Monday,December,0,COUNTRY HILL DR,2,ROAD,MINOR,10.0,20.0,PAVED,TwoWay,PAVED,4,50,NO ACCESS,Y,1974.0,207.57228848801603
COUNTRY HILL DR,04-At/near private drive,02-Thru lane,01-Clear,01-Daylight,MIDBLOCK,Monday,December,0,COUNTRY HILL DR,2,ROAD,MINOR,10.0,20.0,PAVED,TwoWay,PAVED,4,40,NO ACCESS,Y,2004.0,193.64861921269798
COUNTRY HILL DR,04-At/near private drive,02-Thru lane,01-Clear,01-Daylight,MIDBLOCK,Monday,December,0,COUNTRY HILL DR,2,ROAD,MINOR,10.0,20.0,PAVED,TwoWay,PAVED,4,50,NO ACCESS,Y,2004.0,64.7838104770977
COUNTRY HILL DR,04-At/near private drive,02-Thru lane,01-Clear,01-Daylight,MIDBLOCK,Monday,December,0,COUNTRY HILL DR,2,ROAD,MINOR,10.0,20.0,PAVED,TwoWay,PAVED,4,50,NO ACCESS,Y,1974.0,289.233535835295
COUNTRY HILL DR,04-At/near private drive,02-Thru lane,01-Clear,01-Daylight,MIDBLOCK,Monday,December,0,COUNTRY HILL DR,2,ROAD,MINOR,10.0,20.0,PAVED,TwoWay,PAVED,4,50,NO ACCESS,Y,2004.0,177.945757015201
COUNTRY HILL DR,04-At/near private drive,02-Thru lane,01-Clear,01-Daylight,MIDBLOCK,Monday,December,0,COUNTRY HILL DR,2,ROAD,MINOR,10.0,20.0,PAVED,TwoWay,PAVED,4,50,NO ACCESS,Y,1974.0,84.65266564004699
COUNTRY HILL DR,01-Non intersection,02-Thru lane,01-Clear,01-Daylight,MIDBLOCK,Thursday,January,0,COUNTRY HILL DR,2,ROAD,MINOR,10.0,20.0,PAVED,TwoWay,PAVED,4,50,NO ACCESS,Y,2004.0,179.418821925685
COUNTRY HILL DR,01-Non intersection,02-Thru lane,01-Clear,01-Daylight,MIDBLOCK,Thursday,January,0,COUNTRY HILL DR,2,ROAD,MINOR,10.0,20.0,PAVED,TwoWay,PAVED,4,50,NO ACCESS,Y,1974.0,81.6202356699504
COUNTRY HILL DR,01-Non intersection,02-Thru lane,01-Clear,01-Daylight,MIDBLOCK,Thursday,January,0,COUNTRY HILL DR,2,ROAD,MINOR,10.0,20.0,PAVED,TwoWay,PAVED,4,50,NO ACCESS,Y,1974.0,207.57228848801603
COUNTRY HILL DR,01-Non intersection,02-Thru lane,01-Clear,01-Daylight,MIDBLOCK,Thursday,January,0,COUNTRY HILL DR,2,ROAD,MINOR,10.0,20.0,PAVED,TwoWay,PAVED,4,40,NO ACCESS,Y,2004.0,193.64861921269798
COUNTRY HILL DR,01-Non intersection,02-Thru lane,01-Clear,01-Daylight,MIDBLOCK,Thursday,January,0,COUNTRY HILL DR,2,ROAD,MINOR,10.0,20.0,PAVED,TwoWay,PAVED,4,50,NO ACCESS,Y,2004.0,64.7838104770977
COUNTRY HILL DR,01-Non intersection,02-Thru lane,01-Clear,01-Daylight,MIDBLOCK,Thursday,January,0,COUNTRY HILL DR,2,ROAD,MINOR,10.0,20.0,PAVED,TwoWay,PAVED,4,50,NO ACCESS,Y,1974.0,289.233535835295
COUNTRY HILL DR,01-Non intersection,02-Thru lane,01-Clear,01-Daylight,MIDBLOCK,Thursday,January,0,COUNTRY HILL DR,2,ROAD,MINOR,10.0,20.0,PAVED,TwoWay,PAVED,4,50,NO ACCESS,Y,2004.0,177.945757015201
COUNTRY HILL DR,01-Non intersection,02-Thru lane,01-Clear,01-Daylight,MIDBLOCK,Thursday,January,0,COUNTRY HILL DR,2,ROAD,MINOR,10.0,20.0,PAVED,TwoWay,PAVED,4,50,NO ACCESS,Y,1974.0,84.65266564004699
COUNTRY HILL DR,04-At/near private drive,02-Thru lane,01-Clear,01-Daylight,MIDBLOCK,Monday,June,0,COUNTRY HILL DR,2,ROAD,MINOR,10.0,20.0,PAVED,TwoWay,PAVED,4,50,NO ACCESS,Y,2004.0,179.418821925685
COUNTRY HILL DR,04-At/near private drive,02-Thru lane,01-Clear,01-Daylight,MIDBLOCK,Monday,June,0,COUNTRY HILL DR,2,ROAD,MINOR,10.0,20.0,PAVED,TwoWay,PAVED,4,50,NO ACCESS,Y,1974.0,81.6202356699504
COUNTRY HILL DR,04-At/near private drive,02-Thru lane,01-Clear,01-Daylight,MIDBLOCK,Monday,June,0,COUNTRY HILL DR,2,ROAD,MINOR,10.0,20.0,PAVED,TwoWay,PAVED,4,50,NO ACCESS,Y,1974.0,207.57228848801603
COUNTRY HILL DR,04-At/near private drive,02-Thru lane,01-Clear,01-Daylight,MIDBLOCK,Monday,June,0,COUNTRY HILL DR,2,ROAD,MINOR,10.0,20.0,PAVED,TwoWay,PAVED,4,40,NO ACCESS,Y,2004.0,193.64861921269798
COUNTRY HILL DR,04-At/near private drive,02-Thru lane,01-Clear,01-Daylight,MIDBLOCK,Monday,June,0,COUNTRY HILL DR,2,ROAD,MINOR,10.0,20.0,PAVED,TwoWay,PAVED,4,50,NO ACCESS,Y,2004.0,64.7838104770977
COUNTRY HILL DR,04-At/near private drive,02-Thru lane,01-Clear,01-Daylight,MIDBLOCK,Monday,June,0,COUNTRY HILL DR,2,ROAD,MINOR,10.0,20.0,PAVED,TwoWay,PAVED,4,50,NO ACCESS,Y,1974.0,289.233535835295
COUNTRY HILL DR,04-At/near private drive,02-Thru lane,01-Clear,01-Daylight,MIDBLOCK,Monday,June,0,COUNTRY HILL DR,2,ROAD,MINOR,10.0,20.0,PAVED,TwoWay,PAVED,4,50,NO ACCESS,Y,2004.0,177.945757015201
COUNTRY HILL DR,04-At/near private drive,02-Thru lane,01-Clear,01-Daylight,MIDBLOCK,Monday,June,0,COUNTRY HILL DR,2,ROAD,MINOR,10.0,20.0,PAVED,TwoWay,PAVED,4,50,NO ACCESS,Y,1974.0,84.65266564004699
COUNTRY HILL DR,04-At/near private drive,02-Thru lane,01-Clear,01-Daylight,MIDBLOCK,Wednesday,September,0,COUNTRY HILL DR,2,ROAD,MINOR,10.0,20.0,PAVED,TwoWay,PAVED,4,50,NO ACCESS,Y,2004.0,179.418821925685
COUNTRY HILL DR,04-At/near private drive,02-Thru lane,01-Clear,01-Daylight,MIDBLOCK,Wednesday,September,0,COUNTRY HILL DR,2,ROAD,MINOR,10.0,20.0,PAVED,TwoWay,PAVED,4,50,NO ACCESS,Y,1974.0,81.6202356699504
COUNTRY HILL DR,04-At/near private drive,02-Thru lane,01-Clear,01-Daylight,MIDBLOCK,Wednesday,September,0,COUNTRY HILL DR,2,ROAD,MINOR,10.0,20.0,PAVED,TwoWay,PAVED,4,50,NO ACCESS,Y,1974.0,207.57228848801603
COUNTRY HILL DR,04-At/near private drive,02-Thru lane,01-Clear,01-Daylight,MIDBLOCK,Wednesday,September,0,COUNTRY HILL DR,2,ROAD,MINOR,10.0,20.0,PAVED,TwoWay,PAVED,4,40,NO ACCESS,Y,2004.0,193.64861921269798
COUNTRY HILL DR,04-At/near private drive,02-Thru lane,01-Clear,01-Daylight,MIDBLOCK,Wednesday,September,0,COUNTRY HILL DR,2,ROAD,MINOR,10.0,20.0,PAVED,TwoWay,PAVED,4,50,NO ACCESS,Y,2004.0,64.7838104770977
COUNTRY HILL DR,04-At/near private drive,02-Thru lane,01-Clear,01-Daylight,MIDBLOCK,Wednesday,September,0,COUNTRY HILL DR,2,ROAD,MINOR,10.0,20.0,PAVED,TwoWay,PAVED,4,50,NO ACCESS,Y,1974.0,289.233535835295
COUNTRY HILL DR,04-At/near private drive,02-Thru lane,01-Clear,01-Daylight,MIDBLOCK,Wednesday,September,0,COUNTRY HILL DR,2,ROAD,MINOR,10.0,20.0,PAVED,TwoWay,PAVED,4,50,NO ACCESS,Y,2004.0,177.945757015201
COUNTRY HILL DR,04-At/near private drive,02-Thru lane,01-Clear,01-Daylight,MIDBLOCK,Wednesday,September,0,COUNTRY HILL DR,2,ROAD,MINOR,10.0,20.0,PAVED,TwoWay,PAVED,4,50,NO ACCESS,Y,1974.0,84.65266564004699
COUNTRY HILL DR,04-At/near private drive,02-Thru lane,01-Clear,01-Daylight,MIDBLOCK,Monday,August,0,COUNTRY HILL DR,2,ROAD,MINOR,10.0,20.0,PAVED,TwoWay,PAVED,4,50,NO ACCESS,Y,2004.0,179.418821925685
COUNTRY HILL DR,04-At/near private drive,02-Thru lane,01-Clear,01-Daylight,MIDBLOCK,Monday,August,0,COUNTRY HILL DR,2,ROAD,MINOR,10.0,20.0,PAVED,TwoWay,PAVED,4,50,NO ACCESS,Y,1974.0,81.6202356699504
COUNTRY HILL DR,04-At/near private drive,02-Thru lane,01-Clear,01-Daylight,MIDBLOCK,Monday,August,0,COUNTRY HILL DR,2,ROAD,MINOR,10.0,20.0,PAVED,TwoWay,PAVED,4,50,NO ACCESS,Y,1974.0,207.57228848801603
COUNTRY HILL DR,04-At/near private drive,02-Thru lane,01-Clear,01-Daylight,MIDBLOCK,Monday,August,0,COUNTRY HILL DR,2,ROAD,MINOR,10.0,20.0,PAVED,TwoWay,PAVED,4,40,NO ACCESS,Y,2004.0,193.64861921269798
COUNTRY HILL DR,04-At/near private drive,02-Thru lane,01-Clear,01-Daylight,MIDBLOCK,Monday,August,0,COUNTRY HILL DR,2,ROAD,MINOR,10.0,20.0,PAVED,TwoWay,PAVED,4,50,NO ACCESS,Y,2004.0,64.7838104770977