LOCATION,ACCIDENT_LOCATION,IMPACT_LOCATION,ENVIRONMENT_CONDITION,LIGHT,COLLISION_TYPE,DAY_OF_WEEK,MONTH,IS_WEEKEND,STREET,LANES,CATEGORY,SUBCATEGORY,PAVEMENT_WIDTH,ROW_WIDTH,SHOULDER,FLOW_DIRECTION,SURFACE_LAYER_TYPE,OFFICIAL_ROAD_CLASSIFICATION,SPEED_LIMIT_KM,TRUCK_ACCESS,BUS_ROUTE,SERVICE_YEAR,Shape__Length
COUNTRY HILL DR,04-At/near private drive,02-Thru lane,01-Clear,01-Daylight,MIDBLOCK,Monday,August,0,COUNTRY HILL DR,2,ROAD,MINOR,10.0,20.0,PAVED,TwoWay,PAVED,4,50,NO ACCESS,Y,1974.0,289.233535835295
COUNTRY HILL DR,04-At/near private drive,02-Thru lane,01-Clear,01-Daylight,MIDBLOCK,Monday,August,0,COUNTRY HILL DR,2,ROAD,MINOR,10.0,20.0,PAVED,TwoWay,PAVED,4,50,NO ACCESS,Y,2004.0,177.945757015201
COUNTRY HILL DR,04-At/near private drive,02-Thru lane,01-Clear,01-Daylight,MIDBLOCK,Monday,August,0,COUNTRY HILL DR,2,ROAD,MINOR,10.0,20.0,PAVED,TwoWay,PAVED,4,50,NO ACCESS,Y,1974.0,84.65266564004699
COUNTRY HILL DR,04-At/near private drive,02-Thru lane,03-Snow,01-Daylight,MIDBLOCK,Tuesday,December,0,COUNTRY HILL DR,2,ROAD,MINOR,10.0,20.0,PAVED,TwoWay,PAVED,4,50,NO ACCESS,Y,2004.0,179.418821925685
COUNTRY HILL DR,04-At/near private drive,02-Thru lane,03-Snow,01-Daylight,MIDBLOCK,Tuesday,December,0,COUNTRY HILL DR,2,ROAD,MINOR,10.0,20.0,PAVED,TwoWay,PAVED,4,50,NO ACCESS,Y,1974.0,81.6202356699504
COUNTRY HILL DR,04-At/near private drive,02-Thru lane,03-Snow,01-Daylight,MIDBLOCK,Tuesday,December,0,COUNTRY HILL DR,2,ROAD,MINOR,10.0,20.0,PAVED,TwoWay,PAVED,4,50,NO ACCESS,Y,1974.0,207.57228848801603
COUNTRY HILL DR,04-At/near private drive,02-Thru lane,03-Snow,01-Daylight,MIDBLOCK,Tuesday,December,0,COUNTRY HILL DR,2,ROAD,MINOR,10.0,20.0,PAVED,TwoWay,PAVED,4,40,NO ACCESS,Y,2004.0,193.64861921269798
COUNTRY HILL DR,04-At/near private drive,02-Thru lane,03-Snow,01-Daylight,MIDBLOCK,Tuesday,December,0,COUNTRY HILL DR,2,ROAD,MINOR,10.0,20.0,PAVED,TwoWay,PAVED,4,50,NO ACCESS,Y,2004.0,64.7838104770977
COUNTRY HILL DR,04-At/near private drive,02-Thru lane,03-Snow,01-Daylight,MIDBLOCK,Tuesday,December,0,COUNTRY HILL DR,2,ROAD,MINOR,10.0,20.0,PAVED,TwoWay,PAVED,4,50,NO ACCESS,Y,1974.0,289.233535835295
COUNTRY HILL DR,04-At/near private drive,02-Thru lane,03-Snow,01-Daylight,MIDBLOCK,Tuesday,December,0,COUNTRY HILL DR,2,ROAD,MINOR,10.0,20.0,PAVED,TwoWay,PAVED,4,50,NO ACCESS,Y,2004.0,177.945757015201
COUNTRY HILL DR,04-At/near private drive,02-Thru lane,03-Snow,01-Daylight,MIDBLOCK,Tuesday,December,0,COUNTRY HILL DR,2,ROAD,MINOR,10.0,20.0,PAVED,TwoWay,PAVED,4,50,NO ACCESS,Y,1974.0,84.65266564004699
STRATHCONA CRES,04-At/near private drive,09-Right shoulder,01-Clear,01-Daylight,MIDBLOCK,Monday,March,0,STRATHCONA CRES,2,ROAD,LOCAL,9.0,20.0,PAVED,TwoWay,PAVED,6,50,NO ACCESS,N,1965.0,98.00706960256149
STRATHCONA CRES,04-At/near private drive,09-Right shoulder,01-Clear,01-Daylight,MIDBLOCK,Monday,March,0,STRATHCONA CRES,2,ROAD,LOCAL,9.0,20.0,PAVED,TwoWay,PAVED,6,50,NO ACCESS,N,1965.0,105.983915383781
STRATHCONA CRES,04-At/near private drive,09-Right shoulder,01-Clear,01-Daylight,MIDBLOCK,Monday,March,0,STRATHCONA CRES,2,ROAD,LOCAL,9.0,20.0,PAVED,TwoWay,PAVED,6,50,NO ACCESS,N,1965.0,531.401778600046
SELKIRK DR,04-At/near private drive,09-Right shoulder,03-Snow,"08-Dark, artificial",MIDBLOCK,Friday,January,0,SELKIRK DR,2,ROAD,LOCAL,9.0,20.0,PAVED,TwoWay,PAVED,6,50,NO ACCESS,N,1971.0,75.39233799351159
SELKIRK DR,04-At/near private drive,09-Right shoulder,03-Snow,"08-Dark, artificial",MIDBLOCK,Friday,January,0,SELKIRK DR,2,ROAD,LOCAL,9.0,20.0,PAVED,TwoWay,PAVED,6,50,NO ACCESS,N,1971.0,204.934725773573
SELKIRK DR,04-At/near private drive,09-Right shoulder,03-Snow,"08-Dark, artificial",MIDBLOCK,Friday,January,0,SELKIRK DR,2,ROAD,LOCAL,9.0,20.0,PAVED,TwoWay,PAVED,6,50,NO ACCESS,N,1971.0,89.996904069403
SELKIRK DR,04-At/near private drive,09-Right shoulder,03-Snow,"08-Dark, artificial",MIDBLOCK,Friday,January,0,SELKIRK DR,2,ROAD,LOCAL,9.0,20.0,PAVED,TwoWay,PAVED,6,50,NO ACCESS,N,1971.0,238.883711255483
SELKIRK DR,04-At/near private drive,09-Right shoulder,03-Snow,"08-Dark, artificial",MIDBLOCK,Friday,January,0,SELKIRK DR,2,ROAD,LOCAL,9.0,20.0,PAVED,TwoWay,PAVED,6,50,NO ACCESS,N,1971.0,71.4389447569882
SELKIRK DR,04-At/near private drive,09-Right shoulder,03-Snow,"08-Dark, artificial",MIDBLOCK,Friday,January,0,SELKIRK DR,2,ROAD,LOCAL,9.0,20.0,PAVED,TwoWay,PAVED,6,50,NO ACCESS,N,1971.0,101.76213362361099
SELKIRK DR,04-At/near private drive,02-Thru lane,01-Clear,01-Daylight,MIDBLOCK,Thursday,March,0,SELKIRK DR,2,ROAD,LOCAL,9.0,20.0,PAVED,TwoWay,PAVED,6,50,NO ACCESS,N,1971.0,75.39233799351159
SELKIRK DR,04-At/near private drive,02-Thru lane,01-Clear,01-Daylight,MIDBLOCK,Thursday,March,0,SELKIRK DR,2,ROAD,LOCAL,9.0,20.0,PAVED,TwoWay,PAVED,6,50,NO ACCESS,N,1971.0,204.934725773573
SELKIRK DR,04-At/near private drive,02-Thru lane,01-Clear,01-Daylight,MIDBLOCK,Thursday,March,0,SELKIRK DR,2,ROAD,LOCAL,9.0,20.0,PAVED,TwoWay,PAVED,6,50,NO ACCESS,N,1971.0,89.996904069403
SELKIRK DR,04-At/near private drive,02-Thru lane,01-Clear,01-Daylight,MIDBLOCK,Thursday,March,0,SELKIRK DR,2,ROAD,LOCAL,9.0,20.0,PAVED,TwoWay,PAVED,6,50,NO ACCESS,N,1971.0,238.883711255483
SELKIRK DR,04-At/near private drive,02-Thru lane,01-Clear,01-Daylight,MIDBLOCK,Thursday,March,0,SELKIRK DR,2,ROAD,LOCAL,9.0,20.0,PAVED,TwoWay,PAVED,6,50,NO ACCESS,N,1971.0,71.4389447569882
SELKIRK DR,04-At/near private drive,02-Thru lane,01-Clear,01-Daylight,MIDBLOCK,Thursday,March,0,SELKIRK DR,2,ROAD,LOCAL,9.0,20.0,PAVED,TwoWay,PAVED,6,50,NO ACCESS,N,1971.0,101.76213362361099
SELKIRK DR,04-At/near private drive,02-Thru lane,01-Clear,07-Dark,MIDBLOCK,Sunday,February,1,SELKIRK DR,2,ROAD,LOCAL,9.0,20.0,PAVED,TwoWay,PAVED,6,50,NO ACCESS,N,1971.0,75.39233799351159
SELKIRK DR,04-At/near private drive,02-Thru lane,01-Clear,07-Dark,MIDBLOCK,Sunday,February,1,SELKIRK DR,2,ROAD,LOCAL,9.0,20.0,PAVED,TwoWay,PAVED,6,50,NO ACCESS,N,1971.0,204.934725773573
SELKIRK DR,04-At/near private drive,02-Thru lane,01-Clear,07-Dark,MIDBLOCK,Sunday,February,1,SELKIRK DR,2,ROAD,LOCAL,9.0,20.0,PAVED,TwoWay,PAVED,6,50,NO ACCESS,N,1971.0,89.996904069403
SELKIRK DR,04-At/near private drive,02-Thru lane,01-Clear,07-Dark,MIDBLOCK,Sunday,February,1,SELKIRK DR,2,ROAD,LOCAL,9.0,20.0,PAVED,TwoWay,PAVED,6,50,NO ACCESS,N,1971.0,238.883711255483
SELKIRK DR,04-At/near private drive,02-Thru lane,01-Clear,07-Dark,MIDBLOCK,Sunday,February,1,SELKIRK DR,2,ROAD,LOCAL,9.0,20.0,PAVED,TwoWay,PAVED,6,50,NO ACCESS,N,1971.0,71.4389447569882
SELKIRK DR,04-At/near private drive,02-Thru lane,01-Clear,07-Dark,MIDBLOCK,Sunday,February,1,SELKIRK DR,2,ROAD,LOCAL,9.0,20.0,PAVED,TwoWay,PAVED,6,50,NO ACCESS,N,1971.0,101.76213362361099
SELKIRK DR,04-At/near private drive,09-Right shoulder,"07-Fog, mist, smoke, dust","08-Dark, artificial",MIDBLOCK,Friday,April,0,SELKIRK DR,2,ROAD,LOCAL,9.0,20.0,PAVED,TwoWay,PAVED,6,50,NO ACCESS,N,1971.0,75.39233799351159
SELKIRK DR,04-At/near private drive,09-Right shoulder,"07-Fog, mist, smoke, dust","08-Dark, artificial",MIDBLOCK,Friday,April,0,SELKIRK DR,2,ROAD,LOCAL,9.0,20.0,PAVED,TwoWay,PAVED,6,50,NO ACCESS,N,1971.0,204.934725773573
SELKIRK DR,04-At/near private drive,09-Right shoulder,"07-Fog, mist, smoke, dust","08-Dark, artificial",MIDBLOCK,Friday,April,0,SELKIRK DR,2,ROAD,LOCAL,9.0,20.0,PAVED,TwoWay,PAVED,6,50,NO ACCESS,N,1971.0,89.996904069403
SELKIRK DR,04-At/near private drive,09-Right shoulder,"07-Fog, mist, smoke, dust","08-Dark, artificial",MIDBLOCK,Friday,April,0,SELKIRK DR,2,ROAD,LOCAL,9.0,20.0,PAVED,TwoWay,PAVED,6,50,NO ACCESS,N,1971.0,238.883711255483
SELKIRK DR,04-At/near private drive,09-Right shoulder,"07-Fog, mist, smoke, dust","08-Dark, artificial",MIDBLOCK,Friday,April,0,SELKIRK DR,2,ROAD,LOCAL,9.0,20.0,PAVED,TwoWay,PAVED,6,50,NO ACCESS,N,1971.0,71.4389447569882
SELKIRK DR,04-At/near private drive,09-Right shoulder,"07-Fog, mist, smoke, dust","08-Dark, artificial",MIDBLOCK,Friday,April,0,SELKIRK DR,2,ROAD,LOCAL,9.0,20.0,PAVED,TwoWay,PAVED,6,50,NO ACCESS,N,1971.0,101.76213362361099
SELKIRK DR,04-At/near private drive,02-Thru lane,01-Clear,01-Daylight,MIDBLOCK,Monday,September,0,SELKIRK DR,2,ROAD,LOCAL,9.0,20.0,PAVED,TwoWay,PAVED,6,50,NO ACCESS,N,1971.0,75.39233799351159
SELKIRK DR,04-At/near private drive,02-Thru lane,01-Clear,01-Daylight,MIDBLOCK,Monday,September,0,SELKIRK DR,2,ROAD,LOCAL,9.0,20.0,PAVED,TwoWay,PAVED,6,50,NO ACCESS,N,1971.0,204.934725773573
SELKIRK DR,04-At/near private drive,02-Thru lane,01-Clear,01-Daylight,MIDBLOCK,Monday,September,0,SELKIRK DR,2,ROAD,LOCAL,9.0,20.0,PAVED,TwoWay,PAVED,6,50,NO ACCESS,N,1971.0,89.996904069403
SELKIRK DR,04-At/near private drive,02-Thru lane,01-Clear,01-Daylight,MIDBLOCK,Monday,September,0,SELKIRK DR,2,ROAD,LOCAL,9.0,20.0,PAVED,TwoWay,PAVED,6,50,NO ACCESS,N,1971.0,238.883711255483
SELKIRK DR,04-At/near private drive,02-Thru lane,01-Clear,01-Daylight,MIDBLOCK,Monday,September,0,SELKIRK DR,2,ROAD,LOCAL,9.0,20.0,PAVED,TwoWay,PAVED,6,50,NO ACCESS,N,1971.0,71.4389447569882
SELKIRK DR,04-At/near private drive,02-Thru lane,01-Clear,01-Daylight,MIDBLOCK,Monday,September,0,SELKIRK DR,2,ROAD,LOCAL,9.0,20.0,PAVED,TwoWay,PAVED,6,50,NO ACCESS,N,1971.0,101.76213362361099
QUEEN ST N,01-Non intersection,10-Not on roadway - left side,01-Clear,"08-Dark, artificial",MIDBLOCK,Sunday,October,1,QUEEN ST N,2,ROAD,MAJOR,9.0,17.0,PAVED,TwoWay,PAVED,3,50,NO ACCESS,N,1985.0,10.0951165509745
QUEEN ST N,01-Non intersection,10-Not on roadway - left side,01-Clear,"08-Dark, artificial",MIDBLOCK,Sunday,October,1,QUEEN ST N,2,ROAD,MAJOR,9.0,17.0,PAVED,TwoWay,PAVED,3,50,NO ACCESS,N,1985.0,61.123527469531204
QUEEN ST N,04-At/near private drive,02-Thru lane,02-Rain,07-Dark,MIDBLOCK,Wednesday,October,0,QUEEN ST N,2,ROAD,MAJOR,9.0,17.0,PAVED,TwoWay,PAVED,3,50,NO ACCESS,N,1985.0,10.0951165509745
QUEEN ST N,04-At/near private drive,02-Thru lane,02-Rain,07-Dark,MIDBLOCK,Wednesday,October,0,QUEEN ST N,2,ROAD,MAJOR,9.0,17.0,PAVED,TwoWay,PAVED,3,50,NO ACCESS,N,1985.0,61.123527469531204
QUEEN ST N,04-At/near private drive,02-Thru lane,01-Clear,01-Daylight,MIDBLOCK,Tuesday,June,0,QUEEN ST N,2,ROAD,MAJOR,9.0,17.0,PAVED,TwoWay,PAVED,3,50,NO ACCESS,N,1985.0,10.0951165509745
QUEEN ST N,04-At/near private drive,02-Thru lane,01-Clear,01-Daylight,MIDBLOCK,Tuesday,June,0,QUEEN ST N,2,ROAD,MAJOR,9.0,17.0,PAVED,TwoWay,PAVED,3,50,NO ACCESS,N,1985.0,61.123527469531204
QUEEN ST N,02-Intersection related,02-Thru lane,02-Rain,01-Daylight,MIDBLOCK,Thursday,June,0,QUEEN ST N,2,ROAD,MAJOR,9.0,17.0,PAVED,TwoWay,PAVED,3,50,NO ACCESS,N,1985.0,10.0951165509745
QUEEN ST N,02-Intersection related,02-Thru lane,02-Rain,01-Daylight,MIDBLOCK,Thursday,June,0,QUEEN ST N,2,ROAD,MAJOR,9.0,17.0,PAVED,TwoWay,PAVED,3,50,NO ACCESS,N,1985.0,61.123527469531204
QUEEN ST N,04-At/near private drive,02-Thru lane,01-Clear,01-Daylight,MIDBLOCK,Wednesday,May,0,QUEEN ST N,2,ROAD,MAJOR,9.0,17.0,PAVED,TwoWay,PAVED,3,50,NO ACCESS,N,1985.0,10.0951165509745
QUEEN ST N,04-At/near private drive,02-Thru lane,01-Clear,01-Daylight,MIDBLOCK,Wednesday,May,0,QUEEN ST N,2,ROAD,MAJOR,9.0,17.0,PAVED,TwoWay,PAVED,3,50,NO ACCESS,N,1985.0,61.123527469531204
QUEEN ST N,01-Non intersection,11-Not on roadway - right side,01-Clear,07-Dark,MIDBLOCK,Saturday,February,1,QUEEN ST N,2,ROAD,MAJOR,9.0,17.0,PAVED,TwoWay,PAVED,3,50,NO ACCESS,N,1985.0,10.0951165509745
QUEEN ST N,01-Non intersection,11-Not on roadway - right side,01-Clear,07-Dark,MIDBLOCK,Saturday,February,1,QUEEN ST N,2,ROAD,MAJOR,9.0,17.0,PAVED,TwoWay,PAVED,3,50,NO ACCESS,N,1985.0,61.123527469531204
QUEEN ST N,04-At/near private drive,02-Thru lane,03-Snow,"08-Dark, artificial",MIDBLOCK,Tuesday,March,0,QUEEN ST N,2,ROAD,MAJOR,9.0,17.0,PAVED,TwoWay,PAVED,3,50,NO ACCESS,N,1985.0,10.0951165509745
QUEEN ST N,04-At/near private drive,02-Thru lane,03-Snow,"08-Dark, artificial",MIDBLOCK,Tuesday,March,0,QUEEN ST N,2,ROAD,MAJOR,9.0,17.0,PAVED,TwoWay,PAVED,3,50,NO ACCESS,N,1985.0,61.123527469531204
QUEEN ST N,01-Non intersection,02-Thru lane,01-Clear,01-Daylight,MIDBLOCK,Thursday,November,0,QUEEN ST N,2,ROAD,MAJOR,9.0,17.0,PAVED,TwoWay,PAVED,3,50,NO ACCESS,N,1985.0,10.0951165509745
QUEEN ST N,01-Non intersection,02-Thru lane,01-Clear,01-Daylight,MIDBLOCK,Thursday,November,0,QUEEN ST N,2,ROAD,MAJOR,9.0,17.0,PAVED,TwoWay,PAVED,3,50,NO ACCESS,N,1985.0,61.123527469531204
QUEEN ST N,01-Non intersection,02-Thru lane,01-Clear,"08-Dark, artificial",MIDBLOCK,Sunday,June,1,QUEEN ST N,2,ROAD,MAJOR,9.0,17.0,PAVED,TwoWay,PAVED,3,50,NO ACCESS,N,1985.0,10.0951165509745
QUEEN ST N,01-Non intersection,02-Thru lane,01-Clear,"08-Dark, artificial",MIDBLOCK,Sunday,June,1,QUEEN ST N,2,ROAD,MAJOR,9.0,17.0,PAVED,TwoWay,PAVED,3,50,NO ACCESS,N,1985.0,61.123527469531204
QUEEN ST N,01-Non intersection,09-Right shoulder,01-Clear,01-Daylight,MIDBLOCK,Thursday,October,0,QUEEN ST N,2,ROAD,MAJOR,9.0,17.0,PAVED,TwoWay,PAVED,3,50,NO ACCESS,N,1985.0,10.0951165509745
QUEEN ST N,01-Non intersection,09-Right shoulder,01-Clear,01-Daylight,MIDBLOCK,Thursday,October,0,QUEEN ST N,2,ROAD,MAJOR,9.0,17.0,PAVED,TwoWay,PAVED,3,50,NO ACCESS,N,1985.0,61.123527469531204
QUEEN ST N,04-At/near private drive,02-Thru lane,04-Freezing Rain,"08-Dark, artificial",MIDBLOCK,Saturday,March,1,QUEEN ST N,2,ROAD,MAJOR,9.0,17.0,PAVED,TwoWay,PAVED,3,50,NO ACCESS,N,1985.0,10.0951165509745
QUEEN ST N,04-At/near private drive,02-Thru lane,04-Freezing Rain,"08-Dark, artificial",MIDBLOCK,Saturday,March,1,QUEEN ST N,2,ROAD,MAJOR,9.0,17.0,PAVED,TwoWay,PAVED,3,50,NO ACCESS,N,1985.0,61.123527469531204
QUEEN ST N,04-At/near private drive,04-Right turn lane,02-Rain,01-Daylight,MIDBLOCK,Thursday,September,0,QUEEN ST N,2,ROAD,MAJOR,9.0,17.0,PAVED,TwoWay,PAVED,3,50,NO ACCESS,N,1985.0,10.0951165509745
QUEEN ST N,04-At/near private drive,04-Right turn lane,02-Rain,01-Daylight,MIDBLOCK,Thursday,September,0,QUEEN ST N,2,ROAD,MAJOR,9.0,17.0,PAVED,TwoWay,PAVED,3,50,NO ACCESS,N,1985.0,61.123527469531204
QUEEN ST N,01-Non intersection,02-Thru lane,01-Clear,01-Daylight,MIDBLOCK,Tuesday,May,0,QUEEN ST N,2,ROAD,MAJOR,9.0,17.0,PAVED,TwoWay,PAVED,3,50,NO ACCESS,N,1985.0,10.0951165509745
QUEEN ST N,01-Non intersection,02-Thru lane,01-Clear,01-Daylight,MIDBLOCK,Tuesday,May,0,QUEEN ST N,2,ROAD,MAJOR,9.0,17.0,PAVED,TwoWay,PAVED,3,50,NO ACCESS,N,1985.0,61.123527469531204
QUEEN ST N,04-At/near private drive,09-Right shoulder,01-Clear,01-Daylight,MIDBLOCK,Thursday,September,0,QUEEN ST N,2,ROAD,MAJOR,9.0,17.0,PAVED,TwoWay,PAVED,3,50,NO ACCESS,N,1985.0,10.0951165509745
QUEEN ST N,04-At/near private drive,09-Right shoulder,01-Clear,01-Daylight,MIDBLOCK,Thursday,September,0,QUEEN ST N,2,ROAD,MAJOR,9.0,17.0,PAVED,TwoWay,PAVED,3,50,NO ACCESS,N,1985.0,61.123527469531204
QUEEN ST N,01-Non intersection,02-Thru lane,01-Clear,01-Daylight,MIDBLOCK,Wednesday,October,0,QUEEN ST N,2,ROAD,MAJOR,9.0,17.0,PAVED,TwoWay,PAVED,3,50,NO ACCESS,N,1985.0,10.0951165509745
QUEEN ST N,01-Non intersection,02-Thru lane,01-Clear,01-Daylight,MIDBLOCK,Wednesday,October,0,QUEEN ST N,2,ROAD,MAJOR,9.0,17.0,PAVED,TwoWay,PAVED,3,50,NO ACCESS,N,1985.0,61.123527469531204
QUEEN ST N,01-Non intersection,02-Thru lane,01-Clear,"08-Dark, artificial",MIDBLOCK,Monday,October,0,QUEEN ST N,2,ROAD,MAJOR,9.0,17.0,PAVED,TwoWay,PAVED,3,50,NO ACCESS,N,1985.0,10.0951165509745
QUEEN ST N,01-Non intersection,02-Thru lane,01-Clear,"08-Dark, artificial",MIDBLOCK,Monday,October,0,QUEEN ST N,2,ROAD,MAJOR,9.0,17.0,PAVED,TwoWay,PAVED,3,50,NO ACCESS,N,1985.0,61.123527469531204
QUEEN ST N,04-At/near private drive,02-Thru lane,01-Clear,01-Daylight,MIDBLOCK,Friday,March,0,QUEEN ST N,2,ROAD,MAJOR,9.0,17.0,PAVED,TwoWay,PAVED,3,50,NO ACCESS,N,1985.0,10.0951165509745
QUEEN ST N,04-At/near private drive,02-Thru lane,01-Clear,01-Daylight,MIDBLOCK,Friday,March,0,QUEEN ST N,2,ROAD,MAJOR,9.0,17.0,PAVED,TwoWay,PAVED,3,50,NO ACCESS,N,1985.0,61.123527469531204
QUEEN ST N,04-At/near private drive,12-Off highway,01-Clear,01-Daylight,MIDBLOCK,Tuesday,August,0,QUEEN ST N,2,ROAD,MAJOR,9.0,17.0,PAVED,TwoWay,PAVED,3,50,NO ACCESS,N,1985.0,10.0951165509745
QUEEN ST N,04-At/near private drive,12-Off highway,01-Clear,01-Daylight,MIDBLOCK,Tuesday,August,0,QUEEN ST N,2,ROAD,MAJOR,9.0,17.0,PAVED,TwoWay,PAVED,3,50,NO ACCESS,N,1985.0,61.123527469531204
QUEEN ST N,01-Non intersection,02-Thru lane,03-Snow,01-Daylight,MIDBLOCK,Friday,January,0,QUEEN ST N,2,ROAD,MAJOR,9.0,17.0,PAVED,TwoWay,PAVED,3,50,NO ACCESS,N,1985.0,10.0951165509745
QUEEN ST N,01-Non intersection,02-Thru lane,03-Snow,01-Daylight,MIDBLOCK,Friday,January,0,QUEEN ST N,2,ROAD,MAJOR,9.0,17.0,PAVED,TwoWay,PAVED,3,50,NO ACCESS,N,1985.0,61.123527469531204
QUEEN ST N,01-Non intersection,02-Thru lane,01-Clear,01-Daylight,MIDBLOCK,Thursday,March,0,QUEEN ST N,2,ROAD,MAJOR,9.0,17.0,PAVED,TwoWay,PAVED,3,50,NO ACCESS,N,1985.0,10.0951165509745
QUEEN ST N,01-Non intersection,02-Thru lane,01-Clear,01-Daylight,MIDBLOCK,Thursday,March,0,QUEEN ST N,2,ROAD,MAJOR,9.0,17.0,PAVED,TwoWay,PAVED,3,50,NO ACCESS,N,1985.0,61.123527469531204
QUEEN ST N,01-Non intersection,12-Off highway,01-Clear,01-Daylight,MIDBLOCK,Thursday,April,0,QUEEN ST N,2,ROAD,MAJOR,9.0,17.0,PAVED,TwoWay,PAVED,3,50,NO ACCESS,N,1985.0,10.0951165509745
QUEEN ST N,01-Non intersection,12-Off highway,01-Clear,01-Daylight,MIDBLOCK,Thursday,April,0,QUEEN ST N,2,ROAD,MAJOR,9.0,17.0,PAVED,TwoWay,PAVED,3,50,NO ACCESS,N,1985.0,61.123527469531204
ROCKWAY DR,01-Non intersection,02-Thru lane,01-Clear,01-Daylight,MIDBLOCK,Thursday,August,0,ROCKWAY DR,2,ROAD,LOCAL,7.0,20.0,PAVED,TwoWay,PAVED,6,50,NO ACCESS,N,1999.0,442.07186835477006
ROCKWAY DR,04-At/near private drive,02-Thru lane,01-Clear,01-Daylight,MIDBLOCK,Monday,August,0,ROCKWAY DR,2,ROAD,LOCAL,7.0,20.0,PAVED,TwoWay,PAVED,6,50,NO ACCESS,N,1999.0,442.07186835477006
ROCKWAY DR,04-At/near private drive,02-Thru lane,01-Clear,01-Daylight,MIDBLOCK,Tuesday,October,0,ROCKWAY DR,2,ROAD,LOCAL,7.0,20.0,PAVED,TwoWay,PAVED,6,50,NO ACCESS,N,1999.0,442.07186835477006
ROCKWAY DR,04-At/near private drive,02-Thru lane,01-Clear,"08-Dark, artificial",MIDBLOCK,Thursday,November,0,ROCKWAY DR,2,ROAD,LOCAL,7.0,20.0,PAVED,TwoWay,PAVED,6,50,NO ACCESS,N,1999.0,442.07186835477006
ROCKWAY DR,01-Non intersection,02-Thru lane,01-Clear,01-Daylight,MIDBLOCK,Wednesday,October,0,ROCKWAY DR,2,ROAD,LOCAL,7.0,20.0,PAVED,TwoWay,PAVED,6,50,NO ACCESS,N,1999.0,442.07186835477006
ROCKWAY DR,04-At/near private drive,02-Thru lane,01-Clear,07-Dark,MIDBLOCK,Thursday,May,0,ROCKWAY DR,2,ROAD,LOCAL,7.0,20.0,PAVED,TwoWay,PAVED,6,50,NO ACCESS,N,1999.0,442.07186835477006
EDNA ST,01-Non intersection,11-Not on roadway - right side,03-Snow,07-Dark,MIDBLOCK,Saturday,February,1,EDNA ST,2,ROAD,LOCAL,10.0,20.0,PAVED,TwoWay,PAVED,6,50,NO ACCESS,N,2001.0,175.01068889563203
EDNA ST,01-Non intersection,11-Not on roadway - right side,03-Snow,07-Dark,MIDBLOCK,Saturday,February,1,EDNA ST,4,ROAD,MAJOR,14.0,20.0,PAVED,TwoWay,PAVED,1,50,7-7 MON-SAT,Y,0.0,16.3541192635451
EDNA ST,01-Non intersection,11-Not on roadway - right side,01-Clear,01-Daylight,MIDBLOCK,Sunday,January,1,EDNA ST,2,ROAD,LOCAL,10.0,20.0,PAVED,TwoWay,PAVED,6,50,NO ACCESS,N,2001.0,175.01068889563203
EDNA ST,01-Non intersection,11-Not on roadway - right side,01-Clear,01-Daylight,MIDBLOCK,Sunday,January,1,EDNA ST,4,ROAD,MAJOR,14.0,20.0,PAVED,TwoWay,PAVED,1,50,7-7 MON-SAT,Y,0.0,16.3541192635451
EDNA ST,01-Non intersection,02-Thru lane,01-Clear,01-Daylight,MIDBLOCK,Friday,October,0,EDNA ST,2,ROAD,LOCAL,10.0,20.0,PAVED,TwoWay,PAVED,6,50,NO ACCESS,N,2001.0,175.01068889563203
EDNA ST,01-Non intersection,02-Thru lane,01-Clear,01-Daylight,MIDBLOCK,Friday,October,0,EDNA ST,4,ROAD,MAJOR,14.0,20.0,PAVED,TwoWay,PAVED,1,50,7-7 MON-SAT,Y,0.0,16.3541192635451
EDNA ST,04-At/near private drive,02-Thru lane,03-Snow,01-Daylight,MIDBLOCK,Wednesday,March,0,EDNA ST,2,ROAD,LOCAL,10.0,20.0,PAVED,TwoWay,PAVED,6,50,NO ACCESS,N,2001.0,175.01068889563203
EDNA ST,04-At/near private drive,02-Thru lane,03-Snow,01-Daylight,MIDBLOCK,Wednesday,March,0,EDNA ST,4,ROAD,MAJOR,14.0,20.0,PAVED,TwoWay,PAVED,1,50,7-7 MON-SAT,Y,0.0,16.3541192635451
EDNA ST,04-At/near private drive,03-Left turn lane,01-Clear,01-Daylight,MIDBLOCK,Tuesday,December,0,EDNA ST,2,ROAD,LOCAL,10.0,20.0,PAVED,TwoWay,PAVED,6,50,NO ACCESS,N,2001.0,175.01068889563203
EDNA ST,04-At/near private drive,03-Left turn lane,01-Clear,01-Daylight,MIDBLOCK,Tuesday,December,0,EDNA ST,4,ROAD,MAJOR,14.0,20.0,PAVED,TwoWay,PAVED,1,50,7-7 MON-SAT,Y,0.0,16.3541192635451
DOON VALLEY DR,04-At/near private drive,02-Thru lane,02-Rain,01-Daylight,MIDBLOCK,Monday,October,0,DOON VALLEY DR,2,ROAD,MINOR,11.0,20.0,PAVED,TwoWay,PAVED,4,50,NO ACCESS,Y,1840.0,409.345952383925
DOON VALLEY DR,04-At/near private drive,02-Thru lane,02-Rain,01-Daylight,MIDBLOCK,Monday,October,0,DOON VALLEY DR,2,ROAD,MINOR,10.0,28.0,PAVED,TwoWay,PAVED,4,50,NO ACCESS,Y,1984.0,51.716498733342