LOCATION,ACCIDENT_LOCATION,IMPACT_LOCATION,ENVIRONMENT_CONDITION,LIGHT,COLLISION_TYPE,DAY_OF_WEEK,MONTH,IS_WEEKEND,STREET,LANES,CATEGORY,SUBCATEGORY,PAVEMENT_WIDTH,ROW_WIDTH,SHOULDER,FLOW_DIRECTION,SURFACE_LAYER_TYPE,OFFICIAL_ROAD_CLASSIFICATION,SPEED_LIMIT_KM,TRUCK_ACCESS,BUS_ROUTE,SERVICE_YEAR,Shape__Length
DOON VALLEY DR,01-Non intersection,02-Thru lane,01-Clear,01-Daylight,MIDBLOCK,Friday,March,0,DOON VALLEY DR,2,ROAD,MINOR,11.0,20.0,PAVED,TwoWay,PAVED,4,50,NO ACCESS,Y,1840.0,409.345952383925
DOON VALLEY DR,01-Non intersection,02-Thru lane,01-Clear,01-Daylight,MIDBLOCK,Friday,March,0,DOON VALLEY DR,2,ROAD,MINOR,10.0,28.0,PAVED,TwoWay,PAVED,4,50,NO ACCESS,Y,1984.0,51.716498733342
DOON VALLEY DR,10-Parking lot,12-Off highway,01-Clear,01-Daylight,MIDBLOCK,Thursday,July,0,DOON VALLEY DR,2,ROAD,MINOR,11.0,20.0,PAVED,TwoWay,PAVED,4,50,NO ACCESS,Y,1840.0,409.345952383925
DOON VALLEY DR,10-Parking lot,12-Off highway,01-Clear,01-Daylight,MIDBLOCK,Thursday,July,0,DOON VALLEY DR,2,ROAD,MINOR,10.0,28.0,PAVED,TwoWay,PAVED,4,50,NO ACCESS,Y,1984.0,51.716498733342
DOON VALLEY DR,01-Non intersection,02-Thru lane,02-Rain,01-Daylight,MIDBLOCK,Wednesday,October,0,DOON VALLEY DR,2,ROAD,MINOR,11.0,20.0,PAVED,TwoWay,PAVED,4,50,NO ACCESS,Y,1840.0,409.345952383925
DOON VALLEY DR,01-Non intersection,02-Thru lane,02-Rain,01-Daylight,MIDBLOCK,Wednesday,October,0,DOON VALLEY DR,2,ROAD,MINOR,10.0,28.0,PAVED,TwoWay,PAVED,4,50,NO ACCESS,Y,1984.0,51.716498733342
DOON VALLEY DR,04-At/near private drive,03-Left turn lane,01-Clear,01-Daylight,MIDBLOCK,Friday,August,0,DOON VALLEY DR,2,ROAD,MINOR,11.0,20.0,PAVED,TwoWay,PAVED,4,50,NO ACCESS,Y,1840.0,409.345952383925
DOON VALLEY DR,04-At/near private drive,03-Left turn lane,01-Clear,01-Daylight,MIDBLOCK,Friday,August,0,DOON VALLEY DR,2,ROAD,MINOR,10.0,28.0,PAVED,TwoWay,PAVED,4,50,NO ACCESS,Y,1984.0,51.716498733342
DOON VALLEY DR,01-Non intersection,04-Right turn lane,01-Clear,01-Daylight,MIDBLOCK,Tuesday,October,0,DOON VALLEY DR,2,ROAD,MINOR,11.0,20.0,PAVED,TwoWay,PAVED,4,50,NO ACCESS,Y,1840.0,409.345952383925
DOON VALLEY DR,01-Non intersection,04-Right turn lane,01-Clear,01-Daylight,MIDBLOCK,Tuesday,October,0,DOON VALLEY DR,2,ROAD,MINOR,10.0,28.0,PAVED,TwoWay,PAVED,4,50,NO ACCESS,Y,1984.0,51.716498733342
DOON VALLEY DR,01-Non intersection,02-Thru lane,03-Snow,01-Daylight,MIDBLOCK,Wednesday,February,0,DOON VALLEY DR,2,ROAD,MINOR,11.0,20.0,PAVED,TwoWay,PAVED,4,50,NO ACCESS,Y,1840.0,409.345952383925
DOON VALLEY DR,01-Non intersection,02-Thru lane,03-Snow,01-Daylight,MIDBLOCK,Wednesday,February,0,DOON VALLEY DR,2,ROAD,MINOR,10.0,28.0,PAVED,TwoWay,PAVED,4,50,NO ACCESS,Y,1984.0,51.716498733342
DOON VALLEY DR,04-At/near private drive,02-Thru lane,01-Clear,01-Daylight,MIDBLOCK,Tuesday,February,0,DOON VALLEY DR,2,ROAD,MINOR,11.0,20.0,PAVED,TwoWay,PAVED,4,50,NO ACCESS,Y,1840.0,409.345952383925
DOON VALLEY DR,04-At/near private drive,02-Thru lane,01-Clear,01-Daylight,MIDBLOCK,Tuesday,February,0,DOON VALLEY DR,2,ROAD,MINOR,10.0,28.0,PAVED,TwoWay,PAVED,4,50,NO ACCESS,Y,1984.0,51.716498733342
DOON VALLEY DR,01-Non intersection,02-Thru lane,02-Rain,07-Dark,MIDBLOCK,Monday,April,0,DOON VALLEY DR,2,ROAD,MINOR,11.0,20.0,PAVED,TwoWay,PAVED,4,50,NO ACCESS,Y,1840.0,409.345952383925
DOON VALLEY DR,01-Non intersection,02-Thru lane,02-Rain,07-Dark,MIDBLOCK,Monday,April,0,DOON VALLEY DR,2,ROAD,MINOR,10.0,28.0,PAVED,TwoWay,PAVED,4,50,NO ACCESS,Y,1984.0,51.716498733342
WESTFOREST TRAIL,01-Non intersection,02-Thru lane,01-Clear,01-Daylight,MIDBLOCK,Tuesday,January,0,WESTFOREST TRAIL,2,ROAD,MINOR,11.0,24.0,PAVED,TwoWay,PAVED,3,50,NO ACCESS,N,1989.0,110.46922901325
WESTFOREST TRAIL,01-Non intersection,02-Thru lane,01-Clear,01-Daylight,MIDBLOCK,Tuesday,January,0,WESTFOREST TRAIL,2,ROAD,MINOR,10.0,20.0,PAVED,TwoWay,PAVED,3,50,NO ACCESS,N,1989.0,359.568763846679
WESTFOREST TRAIL,01-Non intersection,02-Thru lane,01-Clear,01-Daylight,MIDBLOCK,Tuesday,January,0,WESTFOREST TRAIL,2,ROAD,MINOR,10.0,20.0,PAVED,TwoWay,PAVED,3,50,NO ACCESS,N,1989.0,57.871687881209
WESTFOREST TRAIL,01-Non intersection,02-Thru lane,01-Clear,01-Daylight,MIDBLOCK,Tuesday,January,0,WESTFOREST TRAIL,2,ROAD,MINOR,11.0,24.0,PAVED,TwoWay,PAVED,3,50,NO ACCESS,N,1989.0,26.574279014386892
WESTFOREST TRAIL,01-Non intersection,02-Thru lane,01-Clear,01-Daylight,MIDBLOCK,Tuesday,January,0,WESTFOREST TRAIL,2,ROAD,MINOR,10.0,20.0,PAVED,TwoWay,PAVED,3,50,NO ACCESS,N,1989.0,128.505373228742
WESTFOREST TRAIL,01-Non intersection,02-Thru lane,01-Clear,01-Daylight,MIDBLOCK,Tuesday,January,0,WESTFOREST TRAIL,2,ROAD,MINOR,12.0,24.0,PAVED,TwoWay,PAVED,3,50,NO ACCESS,N,1989.0,74.61179019543191
WESTFOREST TRAIL,01-Non intersection,02-Thru lane,01-Clear,01-Daylight,MIDBLOCK,Tuesday,January,0,WESTFOREST TRAIL,2,ROAD,MINOR,11.0,24.0,PAVED,TwoWay,PAVED,6,50,NO ACCESS,N,1989.0,28.861503070473297
WESTFOREST TRAIL,01-Non intersection,02-Thru lane,01-Clear,01-Daylight,MIDBLOCK,Tuesday,January,0,WESTFOREST TRAIL,2,ROAD,MINOR,9.0,20.0,PAVED,TwoWay,PAVED,3,50,NO ACCESS,N,1989.0,297.77880516460203
WESTFOREST TRAIL,01-Non intersection,02-Thru lane,01-Clear,01-Daylight,MIDBLOCK,Tuesday,January,0,WESTFOREST TRAIL,2,ROAD,MINOR,9.0,20.0,PAVED,TwoWay,PAVED,3,50,NO ACCESS,N,1989.0,156.95116106885
WESTFOREST TRAIL,01-Non intersection,02-Thru lane,01-Clear,01-Daylight,MIDBLOCK,Tuesday,January,0,WESTFOREST TRAIL,2,ROAD,MINOR,9.0,18.0,PAVED,TwoWay,PAVED,3,50,NO ACCESS,N,1989.0,91.8024117616548
WESTFOREST TRAIL,01-Non intersection,02-Thru lane,01-Clear,01-Daylight,MIDBLOCK,Tuesday,January,0,WESTFOREST TRAIL,2,ROAD,MINOR,10.0,20.0,PAVED,TwoWay,PAVED,3,50,NO ACCESS,N,1989.0,104.354468752684
WESTFOREST TRAIL,01-Non intersection,02-Thru lane,01-Clear,01-Daylight,MIDBLOCK,Tuesday,January,0,WESTFOREST TRAIL,2,ROAD,MINOR,11.0,24.0,PAVED,TwoWay,PAVED,6,50,NO ACCESS,N,1989.0,72.0836595563558
WESTFOREST TRAIL,01-Non intersection,02-Thru lane,01-Clear,01-Daylight,MIDBLOCK,Tuesday,January,0,WESTFOREST TRAIL,3,ROAD,MINOR,15.0,26.0,PAVED,TwoWay,PAVED,3,50,NO ACCESS,Y,1997.0,89.8965925073308
WESTFOREST TRAIL,01-Non intersection,02-Thru lane,01-Clear,01-Daylight,MIDBLOCK,Tuesday,January,0,WESTFOREST TRAIL,2,ROAD,MINOR,10.0,20.0,PAVED,TwoWay,PAVED,3,50,NO ACCESS,N,1989.0,37.8901943028386
WESTFOREST TRAIL,01-Non intersection,02-Thru lane,01-Clear,01-Daylight,MIDBLOCK,Tuesday,January,0,WESTFOREST TRAIL,3,ROAD,MINOR,14.0,26.0,PAVED,TwoWay,PAVED,3,50,NO ACCESS,Y,1997.0,229.647031466226
WESTFOREST TRAIL,01-Non intersection,02-Thru lane,01-Clear,01-Daylight,MIDBLOCK,Tuesday,January,0,WESTFOREST TRAIL,3,ROAD,MINOR,15.0,26.0,PAVED,TwoWay,PAVED,3,50,NO ACCESS,Y,1994.0,182.32563457470692
WESTFOREST TRAIL,01-Non intersection,02-Thru lane,01-Clear,01-Daylight,MIDBLOCK,Tuesday,January,0,WESTFOREST TRAIL,2,ROAD,MINOR,10.0,20.0,PAVED,TwoWay,PAVED,3,40,NO ACCESS,N,1989.0,152.59565542731198
WESTFOREST TRAIL,01-Non intersection,02-Thru lane,01-Clear,01-Daylight,MIDBLOCK,Tuesday,January,0,WESTFOREST TRAIL,3,ROAD,MINOR,15.0,26.0,PAVED,TwoWay,PAVED,3,50,NO ACCESS,Y,2003.0,100.854450331658
WESTFOREST TRAIL,01-Non intersection,02-Thru lane,01-Clear,01-Daylight,MIDBLOCK,Saturday,September,1,WESTFOREST TRAIL,2,ROAD,MINOR,11.0,24.0,PAVED,TwoWay,PAVED,3,50,NO ACCESS,N,1989.0,110.46922901325
WESTFOREST TRAIL,01-Non intersection,02-Thru lane,01-Clear,01-Daylight,MIDBLOCK,Saturday,September,1,WESTFOREST TRAIL,2,ROAD,MINOR,10.0,20.0,PAVED,TwoWay,PAVED,3,50,NO ACCESS,N,1989.0,359.568763846679
WESTFOREST TRAIL,01-Non intersection,02-Thru lane,01-Clear,01-Daylight,MIDBLOCK,Saturday,September,1,WESTFOREST TRAIL,2,ROAD,MINOR,10.0,20.0,PAVED,TwoWay,PAVED,3,50,NO ACCESS,N,1989.0,57.871687881209
WESTFOREST TRAIL,01-Non intersection,02-Thru lane,01-Clear,01-Daylight,MIDBLOCK,Saturday,September,1,WESTFOREST TRAIL,2,ROAD,MINOR,11.0,24.0,PAVED,TwoWay,PAVED,3,50,NO ACCESS,N,1989.0,26.574279014386892
WESTFOREST TRAIL,01-Non intersection,02-Thru lane,01-Clear,01-Daylight,MIDBLOCK,Saturday,September,1,WESTFOREST TRAIL,2,ROAD,MINOR,10.0,20.0,PAVED,TwoWay,PAVED,3,50,NO ACCESS,N,1989.0,128.505373228742
WESTFOREST TRAIL,01-Non intersection,02-Thru lane,01-Clear,01-Daylight,MIDBLOCK,Saturday,September,1,WESTFOREST TRAIL,2,ROAD,MINOR,12.0,24.0,PAVED,TwoWay,PAVED,3,50,NO ACCESS,N,1989.0,74.61179019543191
WESTFOREST TRAIL,01-Non intersection,02-Thru lane,01-Clear,01-Daylight,MIDBLOCK,Saturday,September,1,WESTFOREST TRAIL,2,ROAD,MINOR,11.0,24.0,PAVED,TwoWay,PAVED,6,50,NO ACCESS,N,1989.0,28.861503070473297
WESTFOREST TRAIL,01-Non intersection,02-Thru lane,01-Clear,01-Daylight,MIDBLOCK,Saturday,September,1,WESTFOREST TRAIL,2,ROAD,MINOR,9.0,20.0,PAVED,TwoWay,PAVED,3,50,NO ACCESS,N,1989.0,297.77880516460203
WESTFOREST TRAIL,01-Non intersection,02-Thru lane,01-Clear,01-Daylight,MIDBLOCK,Saturday,September,1,WESTFOREST TRAIL,2,ROAD,MINOR,9.0,20.0,PAVED,TwoWay,PAVED,3,50,NO ACCESS,N,1989.0,156.95116106885
WESTFOREST TRAIL,01-Non intersection,02-Thru lane,01-Clear,01-Daylight,MIDBLOCK,Saturday,September,1,WESTFOREST TRAIL,2,ROAD,MINOR,9.0,18.0,PAVED,TwoWay,PAVED,3,50,NO ACCESS,N,1989.0,91.8024117616548
WESTFOREST TRAIL,01-Non intersection,02-Thru lane,01-Clear,01-Daylight,MIDBLOCK,Saturday,September,1,WESTFOREST TRAIL,2,ROAD,MINOR,10.0,20.0,PAVED,TwoWay,PAVED,3,50,NO ACCESS,N,1989.0,104.354468752684
WESTFOREST TRAIL,01-Non intersection,02-Thru lane,01-Clear,01-Daylight,MIDBLOCK,Saturday,September,1,WESTFOREST TRAIL,2,ROAD,MINOR,11.0,24.0,PAVED,TwoWay,PAVED,6,50,NO ACCESS,N,1989.0,72.0836595563558
WESTFOREST TRAIL,01-Non intersection,02-Thru lane,01-Clear,01-Daylight,MIDBLOCK,Saturday,September,1,WESTFOREST TRAIL,3,ROAD,MINOR,15.0,26.0,PAVED,TwoWay,PAVED,3,50,NO ACCESS,Y,1997.0,89.8965925073308
WESTFOREST TRAIL,01-Non intersection,02-Thru lane,01-Clear,01-Daylight,MIDBLOCK,Saturday,September,1,WESTFOREST TRAIL,2,ROAD,MINOR,10.0,20.0,PAVED,TwoWay,PAVED,3,50,NO ACCESS,N,1989.0,37.8901943028386
WESTFOREST TRAIL,01-Non intersection,02-Thru lane,01-Clear,01-Daylight,MIDBLOCK,Saturday,September,1,WESTFOREST TRAIL,3,ROAD,MINOR,14.0,26.0,PAVED,TwoWay,PAVED,3,50,NO ACCESS,Y,1997.0,229.647031466226
WESTFOREST TRAIL,01-Non intersection,02-Thru lane,01-Clear,01-Daylight,MIDBLOCK,Saturday,September,1,WESTFOREST TRAIL,3,ROAD,MINOR,15.0,26.0,PAVED,TwoWay,PAVED,3,50,NO ACCESS,Y,1994.0,182.32563457470692
WESTFOREST TRAIL,01-Non intersection,02-Thru lane,01-Clear,01-Daylight,MIDBLOCK,Saturday,September,1,WESTFOREST TRAIL,2,ROAD,MINOR,10.0,20.0,PAVED,TwoWay,PAVED,3,40,NO ACCESS,N,1989.0,152.59565542731198
WESTFOREST TRAIL,01-Non intersection,02-Thru lane,01-Clear,01-Daylight,MIDBLOCK,Saturday,September,1,WESTFOREST TRAIL,3,ROAD,MINOR,15.0,26.0,PAVED,TwoWay,PAVED,3,50,NO ACCESS,Y,2003.0,100.854450331658
WESTFOREST TRAIL,04-At/near private drive,12-Off highway,02-Rain,07-Dark,MIDBLOCK,Friday,October,0,WESTFOREST TRAIL,2,ROAD,MINOR,11.0,24.0,PAVED,TwoWay,PAVED,3,50,NO ACCESS,N,1989.0,110.46922901325
WESTFOREST TRAIL,04-At/near private drive,12-Off highway,02-Rain,07-Dark,MIDBLOCK,Friday,October,0,WESTFOREST TRAIL,2,ROAD,MINOR,10.0,20.0,PAVED,TwoWay,PAVED,3,50,NO ACCESS,N,1989.0,359.568763846679
WESTFOREST TRAIL,04-At/near private drive,12-Off highway,02-Rain,07-Dark,MIDBLOCK,Friday,October,0,WESTFOREST TRAIL,2,ROAD,MINOR,10.0,20.0,PAVED,TwoWay,PAVED,3,50,NO ACCESS,N,1989.0,57.871687881209
WESTFOREST TRAIL,04-At/near private drive,12-Off highway,02-Rain,07-Dark,MIDBLOCK,Friday,October,0,WESTFOREST TRAIL,2,ROAD,MINOR,11.0,24.0,PAVED,TwoWay,PAVED,3,50,NO ACCESS,N,1989.0,26.574279014386892
WESTFOREST TRAIL,04-At/near private drive,12-Off highway,02-Rain,07-Dark,MIDBLOCK,Friday,October,0,WESTFOREST TRAIL,2,ROAD,MINOR,10.0,20.0,PAVED,TwoWay,PAVED,3,50,NO ACCESS,N,1989.0,128.505373228742
WESTFOREST TRAIL,04-At/near private drive,12-Off highway,02-Rain,07-Dark,MIDBLOCK,Friday,October,0,WESTFOREST TRAIL,2,ROAD,MINOR,12.0,24.0,PAVED,TwoWay,PAVED,3,50,NO ACCESS,N,1989.0,74.61179019543191
WESTFOREST TRAIL,04-At/near private drive,12-Off highway,02-Rain,07-Dark,MIDBLOCK,Friday,October,0,WESTFOREST TRAIL,2,ROAD,MINOR,11.0,24.0,PAVED,TwoWay,PAVED,6,50,NO ACCESS,N,1989.0,28.861503070473297
WESTFOREST TRAIL,04-At/near private drive,12-Off highway,02-Rain,07-Dark,MIDBLOCK,Friday,October,0,WESTFOREST TRAIL,2,ROAD,MINOR,9.0,20.0,PAVED,TwoWay,PAVED,3,50,NO ACCESS,N,1989.0,297.77880516460203
WESTFOREST TRAIL,04-At/near private drive,12-Off highway,02-Rain,07-Dark,MIDBLOCK,Friday,October,0,WESTFOREST TRAIL,2,ROAD,MINOR,9.0,20.0,PAVED,TwoWay,PAVED,3,50,NO ACCESS,N,1989.0,156.95116106885
WESTFOREST TRAIL,04-At/near private drive,12-Off highway,02-Rain,07-Dark,MIDBLOCK,Friday,October,0,WESTFOREST TRAIL,2,ROAD,MINOR,9.0,18.0,PAVED,TwoWay,PAVED,3,50,NO ACCESS,N,1989.0,91.8024117616548
WESTFOREST TRAIL,04-At/near private drive,12-Off highway,02-Rain,07-Dark,MIDBLOCK,Friday,October,0,WESTFOREST TRAIL,2,ROAD,MINOR,10.0,20.0,PAVED,TwoWay,PAVED,3,50,NO ACCESS,N,1989.0,104.354468752684
WESTFOREST TRAIL,04-At/near private drive,12-Off highway,02-Rain,07-Dark,MIDBLOCK,Friday,October,0,WESTFOREST TRAIL,2,ROAD,MINOR,11.0,24.0,PAVED,TwoWay,PAVED,6,50,NO ACCESS,N,1989.0,72.0836595563558
WESTFOREST TRAIL,04-At/near private drive,12-Off highway,02-Rain,07-Dark,MIDBLOCK,Friday,October,0,WESTFOREST TRAIL,3,ROAD,MINOR,15.0,26.0,PAVED,TwoWay,PAVED,3,50,NO ACCESS,Y,1997.0,89.8965925073308
WESTFOREST TRAIL,04-At/near private drive,12-Off highway,02-Rain,07-Dark,MIDBLOCK,Friday,October,0,WESTFOREST TRAIL,2,ROAD,MINOR,10.0,20.0,PAVED,TwoWay,PAVED,3,50,NO ACCESS,N,1989.0,37.8901943028386
WESTFOREST TRAIL,04-At/near private drive,12-Off highway,02-Rain,07-Dark,MIDBLOCK,Friday,October,0,WESTFOREST TRAIL,3,ROAD,MINOR,14.0,26.0,PAVED,TwoWay,PAVED,3,50,NO ACCESS,Y,1997.0,229.647031466226
WESTFOREST TRAIL,04-At/near private drive,12-Off highway,02-Rain,07-Dark,MIDBLOCK,Friday,October,0,WESTFOREST TRAIL,3,ROAD,MINOR,15.0,26.0,PAVED,TwoWay,PAVED,3,50,NO ACCESS,Y,1994.0,182.32563457470692
WESTFOREST TRAIL,04-At/near private drive,12-Off highway,02-Rain,07-Dark,MIDBLOCK,Friday,October,0,WESTFOREST TRAIL,2,ROAD,MINOR,10.0,20.0,PAVED,TwoWay,PAVED,3,40,NO ACCESS,N,1989.0,152.59565542731198
WESTFOREST TRAIL,04-At/near private drive,12-Off highway,02-Rain,07-Dark,MIDBLOCK,Friday,October,0,WESTFOREST TRAIL,3,ROAD,MINOR,15.0,26.0,PAVED,TwoWay,PAVED,3,50,NO ACCESS,Y,2003.0,100.854450331658
WESTFOREST TRAIL,04-At/near private drive,02-Thru lane,01-Clear,01-Daylight,MIDBLOCK,Monday,February,0,WESTFOREST TRAIL,2,ROAD,MINOR,11.0,24.0,PAVED,TwoWay,PAVED,3,50,NO ACCESS,N,1989.0,110.46922901325
WESTFOREST TRAIL,04-At/near private drive,02-Thru lane,01-Clear,01-Daylight,MIDBLOCK,Monday,February,0,WESTFOREST TRAIL,2,ROAD,MINOR,10.0,20.0,PAVED,TwoWay,PAVED,3,50,NO ACCESS,N,1989.0,359.568763846679
WESTFOREST TRAIL,04-At/near private drive,02-Thru lane,01-Clear,01-Daylight,MIDBLOCK,Monday,February,0,WESTFOREST TRAIL,2,ROAD,MINOR,10.0,20.0,PAVED,TwoWay,PAVED,3,50,NO ACCESS,N,1989.0,57.871687881209
WESTFOREST TRAIL,04-At/near private drive,02-Thru lane,01-Clear,01-Daylight,MIDBLOCK,Monday,February,0,WESTFOREST TRAIL,2,ROAD,MINOR,11.0,24.0,PAVED,TwoWay,PAVED,3,50,NO ACCESS,N,1989.0,26.574279014386892
WESTFOREST TRAIL,04-At/near private drive,02-Thru lane,01-Clear,01-Daylight,MIDBLOCK,Monday,February,0,WESTFOREST TRAIL,2,ROAD,MINOR,10.0,20.0,PAVED,TwoWay,PAVED,3,50,NO ACCESS,N,1989.0,128.505373228742
WESTFOREST TRAIL,04-At/near private drive,02-Thru lane,01-Clear,01-Daylight,MIDBLOCK,Monday,February,0,WESTFOREST TRAIL,2,ROAD,MINOR,12.0,24.0,PAVED,TwoWay,PAVED,3,50,NO ACCESS,N,1989.0,74.61179019543191
WESTFOREST TRAIL,04-At/near private drive,02-Thru lane,01-Clear,01-Daylight,MIDBLOCK,Monday,February,0,WESTFOREST TRAIL,2,ROAD,MINOR,11.0,24.0,PAVED,TwoWay,PAVED,6,50,NO ACCESS,N,1989.0,28.861503070473297
WESTFOREST TRAIL,04-At/near private drive,02-Thru lane,01-Clear,01-Daylight,MIDBLOCK,Monday,February,0,WESTFOREST TRAIL,2,ROAD,MINOR,9.0,20.0,PAVED,TwoWay,PAVED,3,50,NO ACCESS,N,1989.0,297.77880516460203
WESTFOREST TRAIL,04-At/near private drive,02-Thru lane,01-Clear,01-Daylight,MIDBLOCK,Monday,February,0,WESTFOREST TRAIL,2,ROAD,MINOR,9.0,20.0,PAVED,TwoWay,PAVED,3,50,NO ACCESS,N,1989.0,156.95116106885
WESTFOREST TRAIL,04-At/near private drive,02-Thru lane,01-Clear,01-Daylight,MIDBLOCK,Monday,February,0,WESTFOREST TRAIL,2,ROAD,MINOR,9.0,18.0,PAVED,TwoWay,PAVED,3,50,NO ACCESS,N,1989.0,91.8024117616548
WESTFOREST TRAIL,04-At/near private drive,02-Thru lane,01-Clear,01-Daylight,MIDBLOCK,Monday,February,0,WESTFOREST TRAIL,2,ROAD,MINOR,10.0,20.0,PAVED,TwoWay,PAVED,3,50,NO ACCESS,N,1989.0,104.354468752684
WESTFOREST TRAIL,04-At/near private drive,02-Thru lane,01-Clear,01-Daylight,MIDBLOCK,Monday,February,0,WESTFOREST TRAIL,2,ROAD,MINOR,11.0,24.0,PAVED,TwoWay,PAVED,6,50,NO ACCESS,N,1989.0,72.0836595563558
WESTFOREST TRAIL,04-At/near private drive,02-Thru lane,01-Clear,01-Daylight,MIDBLOCK,Monday,February,0,WESTFOREST TRAIL,3,ROAD,MINOR,15.0,26.0,PAVED,TwoWay,PAVED,3,50,NO ACCESS,Y,1997.0,89.8965925073308
WESTFOREST TRAIL,04-At/near private drive,02-Thru lane,01-Clear,01-Daylight,MIDBLOCK,Monday,February,0,WESTFOREST TRAIL,2,ROAD,MINOR,10.0,20.0,PAVED,TwoWay,PAVED,3,50,NO ACCESS,N,1989.0,37.8901943028386
WESTFOREST TRAIL,04-At/near private drive,02-Thru lane,01-Clear,01-Daylight,MIDBLOCK,Monday,February,0,WESTFOREST TRAIL,3,ROAD,MINOR,14.0,26.0,PAVED,TwoWay,PAVED,3,50,NO ACCESS,Y,1997.0,229.647031466226
WESTFOREST TRAIL,04-At/near private drive,02-Thru lane,01-Clear,01-Daylight,MIDBLOCK,Monday,February,0,WESTFOREST TRAIL,3,ROAD,MINOR,15.0,26.0,PAVED,TwoWay,PAVED,3,50,NO ACCESS,Y,1994.0,182.32563457470692
WESTFOREST TRAIL,04-At/near private drive,02-Thru lane,01-Clear,01-Daylight,MIDBLOCK,Monday,February,0,WESTFOREST TRAIL,2,ROAD,MINOR,10.0,20.0,PAVED,TwoWay,PAVED,3,40,NO ACCESS,N,1989.0,152.59565542731198
WESTFOREST TRAIL,04-At/near private drive,02-Thru lane,01-Clear,01-Daylight,MIDBLOCK,Monday,February,0,WESTFOREST TRAIL,3,ROAD,MINOR,15.0,26.0,PAVED,TwoWay,PAVED,3,50,NO ACCESS,Y,2003.0,100.854450331658
WESTFOREST TRAIL,04-At/near private drive,11-Not on roadway - right side,02-Rain,01-Daylight,MIDBLOCK,Sunday,December,1,WESTFOREST TRAIL,2,ROAD,MINOR,11.0,24.0,PAVED,TwoWay,PAVED,3,50,NO ACCESS,N,1989.0,110.46922901325
WESTFOREST TRAIL,04-At/near private drive,11-Not on roadway - right side,02-Rain,01-Daylight,MIDBLOCK,Sunday,December,1,WESTFOREST TRAIL,2,ROAD,MINOR,10.0,20.0,PAVED,TwoWay,PAVED,3,50,NO ACCESS,N,1989.0,359.568763846679
WESTFOREST TRAIL,04-At/near private drive,11-Not on roadway - right side,02-Rain,01-Daylight,MIDBLOCK,Sunday,December,1,WESTFOREST TRAIL,2,ROAD,MINOR,10.0,20.0,PAVED,TwoWay,PAVED,3,50,NO ACCESS,N,1989.0,57.871687881209
WESTFOREST TRAIL,04-At/near private drive,11-Not on roadway - right side,02-Rain,01-Daylight,MIDBLOCK,Sunday,December,1,WESTFOREST TRAIL,2,ROAD,MINOR,11.0,24.0,PAVED,TwoWay,PAVED,3,50,NO ACCESS,N,1989.0,26.574279014386892
WESTFOREST TRAIL,04-At/near private drive,11-Not on roadway - right side,02-Rain,01-Daylight,MIDBLOCK,Sunday,December,1,WESTFOREST TRAIL,2,ROAD,MINOR,10.0,20.0,PAVED,TwoWay,PAVED,3,50,NO ACCESS,N,1989.0,128.505373228742
WESTFOREST TRAIL,04-At/near private drive,11-Not on roadway - right side,02-Rain,01-Daylight,MIDBLOCK,Sunday,December,1,WESTFOREST TRAIL,2,ROAD,MINOR,12.0,24.0,PAVED,TwoWay,PAVED,3,50,NO ACCESS,N,1989.0,74.61179019543191
WESTFOREST TRAIL,04-At/near private drive,11-Not on roadway - right side,02-Rain,01-Daylight,MIDBLOCK,Sunday,December,1,WESTFOREST TRAIL,2,ROAD,MINOR,11.0,24.0,PAVED,TwoWay,PAVED,6,50,NO ACCESS,N,1989.0,28.861503070473297
WESTFOREST TRAIL,04-At/near private drive,11-Not on roadway - right side,02-Rain,01-Daylight,MIDBLOCK,Sunday,December,1,WESTFOREST TRAIL,2,ROAD,MINOR,9.0,20.0,PAVED,TwoWay,PAVED,3,50,NO ACCESS,N,1989.0,297.77880516460203
WESTFOREST TRAIL,04-At/near private drive,11-Not on roadway - right side,02-Rain,01-Daylight,MIDBLOCK,Sunday,December,1,WESTFOREST TRAIL,2,ROAD,MINOR,9.0,20.0,PAVED,TwoWay,PAVED,3,50,NO ACCESS,N,1989.0,156.95116106885
WESTFOREST TRAIL,04-At/near private drive,11-Not on roadway - right side,02-Rain,01-Daylight,MIDBLOCK,Sunday,December,1,WESTFOREST TRAIL,2,ROAD,MINOR,9.0,18.0,PAVED,TwoWay,PAVED,3,50,NO ACCESS,N,1989.0,91.8024117616548
WESTFOREST TRAIL,04-At/near private drive,11-Not on roadway - right side,02-Rain,01-Daylight,MIDBLOCK,Sunday,December,1,WESTFOREST TRAIL,2,ROAD,MINOR,10.0,20.0,PAVED,TwoWay,PAVED,3,50,NO ACCESS,N,1989.0,104.354468752684
WESTFOREST TRAIL,04-At/near private drive,11-Not on roadway - right side,02-Rain,01-Daylight,MIDBLOCK,Sunday,December,1,WESTFOREST TRAIL,2,ROAD,MINOR,11.0,24.0,PAVED,TwoWay,PAVED,6,50,NO ACCESS,N,1989.0,72.0836595563558
WESTFOREST TRAIL,04-At/near private drive,11-Not on roadway - right side,02-Rain,01-Daylight,MIDBLOCK,Sunday,December,1,WESTFOREST TRAIL,3,ROAD,MINOR,15.0,26.0,PAVED,TwoWay,PAVED,3,50,NO ACCESS,Y,1997.0,89.8965925073308