LOCATION,ACCIDENT_LOCATION,IMPACT_LOCATION,ENVIRONMENT_CONDITION,LIGHT,COLLISION_TYPE,DAY_OF_WEEK,MONTH,IS_WEEKEND,STREET,LANES,CATEGORY,SUBCATEGORY,PAVEMENT_WIDTH,ROW_WIDTH,SHOULDER,FLOW_DIRECTION,SURFACE_LAYER_TYPE,OFFICIAL_ROAD_CLASSIFICATION,SPEED_LIMIT_KM,TRUCK_ACCESS,BUS_ROUTE,SERVICE_YEAR,Shape__Length
WESTFOREST TRAIL,01-Non intersection,09-Right shoulder,01-Clear,07-Dark,MIDBLOCK,Sunday,April,1,WESTFOREST TRAIL,2,ROAD,MINOR,10.0,20.0,PAVED,TwoWay,PAVED,3,50,NO ACCESS,N,1989.0,359.568763846679
WESTFOREST TRAIL,01-Non intersection,09-Right shoulder,01-Clear,07-Dark,MIDBLOCK,Sunday,April,1,WESTFOREST TRAIL,2,ROAD,MINOR,10.0,20.0,PAVED,TwoWay,PAVED,3,50,NO ACCESS,N,1989.0,57.871687881209
WESTFOREST TRAIL,01-Non intersection,09-Right shoulder,01-Clear,07-Dark,MIDBLOCK,Sunday,April,1,WESTFOREST TRAIL,2,ROAD,MINOR,11.0,24.0,PAVED,TwoWay,PAVED,3,50,NO ACCESS,N,1989.0,26.574279014386892
WESTFOREST TRAIL,01-Non intersection,09-Right shoulder,01-Clear,07-Dark,MIDBLOCK,Sunday,April,1,WESTFOREST TRAIL,2,ROAD,MINOR,10.0,20.0,PAVED,TwoWay,PAVED,3,50,NO ACCESS,N,1989.0,128.505373228742
WESTFOREST TRAIL,01-Non intersection,09-Right shoulder,01-Clear,07-Dark,MIDBLOCK,Sunday,April,1,WESTFOREST TRAIL,2,ROAD,MINOR,12.0,24.0,PAVED,TwoWay,PAVED,3,50,NO ACCESS,N,1989.0,74.61179019543191
WESTFOREST TRAIL,01-Non intersection,09-Right shoulder,01-Clear,07-Dark,MIDBLOCK,Sunday,April,1,WESTFOREST TRAIL,2,ROAD,MINOR,11.0,24.0,PAVED,TwoWay,PAVED,6,50,NO ACCESS,N,1989.0,28.861503070473297
WESTFOREST TRAIL,01-Non intersection,09-Right shoulder,01-Clear,07-Dark,MIDBLOCK,Sunday,April,1,WESTFOREST TRAIL,2,ROAD,MINOR,9.0,20.0,PAVED,TwoWay,PAVED,3,50,NO ACCESS,N,1989.0,297.77880516460203
WESTFOREST TRAIL,01-Non intersection,09-Right shoulder,01-Clear,07-Dark,MIDBLOCK,Sunday,April,1,WESTFOREST TRAIL,2,ROAD,MINOR,9.0,20.0,PAVED,TwoWay,PAVED,3,50,NO ACCESS,N,1989.0,156.95116106885
WESTFOREST TRAIL,01-Non intersection,09-Right shoulder,01-Clear,07-Dark,MIDBLOCK,Sunday,April,1,WESTFOREST TRAIL,2,ROAD,MINOR,9.0,18.0,PAVED,TwoWay,PAVED,3,50,NO ACCESS,N,1989.0,91.8024117616548
WESTFOREST TRAIL,01-Non intersection,09-Right shoulder,01-Clear,07-Dark,MIDBLOCK,Sunday,April,1,WESTFOREST TRAIL,2,ROAD,MINOR,10.0,20.0,PAVED,TwoWay,PAVED,3,50,NO ACCESS,N,1989.0,104.354468752684
WESTFOREST TRAIL,01-Non intersection,09-Right shoulder,01-Clear,07-Dark,MIDBLOCK,Sunday,April,1,WESTFOREST TRAIL,2,ROAD,MINOR,11.0,24.0,PAVED,TwoWay,PAVED,6,50,NO ACCESS,N,1989.0,72.0836595563558
WESTFOREST TRAIL,01-Non intersection,09-Right shoulder,01-Clear,07-Dark,MIDBLOCK,Sunday,April,1,WESTFOREST TRAIL,3,ROAD,MINOR,15.0,26.0,PAVED,TwoWay,PAVED,3,50,NO ACCESS,Y,1997.0,89.8965925073308
WESTFOREST TRAIL,01-Non intersection,09-Right shoulder,01-Clear,07-Dark,MIDBLOCK,Sunday,April,1,WESTFOREST TRAIL,2,ROAD,MINOR,10.0,20.0,PAVED,TwoWay,PAVED,3,50,NO ACCESS,N,1989.0,37.8901943028386
WESTFOREST TRAIL,01-Non intersection,09-Right shoulder,01-Clear,07-Dark,MIDBLOCK,Sunday,April,1,WESTFOREST TRAIL,3,ROAD,MINOR,14.0,26.0,PAVED,TwoWay,PAVED,3,50,NO ACCESS,Y,1997.0,229.647031466226
WESTFOREST TRAIL,01-Non intersection,09-Right shoulder,01-Clear,07-Dark,MIDBLOCK,Sunday,April,1,WESTFOREST TRAIL,3,ROAD,MINOR,15.0,26.0,PAVED,TwoWay,PAVED,3,50,NO ACCESS,Y,1994.0,182.32563457470692
WESTFOREST TRAIL,01-Non intersection,09-Right shoulder,01-Clear,07-Dark,MIDBLOCK,Sunday,April,1,WESTFOREST TRAIL,2,ROAD,MINOR,10.0,20.0,PAVED,TwoWay,PAVED,3,40,NO ACCESS,N,1989.0,152.59565542731198
WESTFOREST TRAIL,01-Non intersection,09-Right shoulder,01-Clear,07-Dark,MIDBLOCK,Sunday,April,1,WESTFOREST TRAIL,3,ROAD,MINOR,15.0,26.0,PAVED,TwoWay,PAVED,3,50,NO ACCESS,Y,2003.0,100.854450331658
WESTFOREST TRAIL,01-Non intersection,11-Not on roadway - right side,01-Clear,"08-Dark, artificial",MIDBLOCK,Sunday,January,1,WESTFOREST TRAIL,2,ROAD,MINOR,11.0,24.0,PAVED,TwoWay,PAVED,3,50,NO ACCESS,N,1989.0,110.46922901325
WESTFOREST TRAIL,01-Non intersection,11-Not on roadway - right side,01-Clear,"08-Dark, artificial",MIDBLOCK,Sunday,January,1,WESTFOREST TRAIL,2,ROAD,MINOR,10.0,20.0,PAVED,TwoWay,PAVED,3,50,NO ACCESS,N,1989.0,359.568763846679
WESTFOREST TRAIL,01-Non intersection,11-Not on roadway - right side,01-Clear,"08-Dark, artificial",MIDBLOCK,Sunday,January,1,WESTFOREST TRAIL,2,ROAD,MINOR,10.0,20.0,PAVED,TwoWay,PAVED,3,50,NO ACCESS,N,1989.0,57.871687881209
WESTFOREST TRAIL,01-Non intersection,11-Not on roadway - right side,01-Clear,"08-Dark, artificial",MIDBLOCK,Sunday,January,1,WESTFOREST TRAIL,2,ROAD,MINOR,11.0,24.0,PAVED,TwoWay,PAVED,3,50,NO ACCESS,N,1989.0,26.574279014386892
WESTFOREST TRAIL,01-Non intersection,11-Not on roadway - right side,01-Clear,"08-Dark, artificial",MIDBLOCK,Sunday,January,1,WESTFOREST TRAIL,2,ROAD,MINOR,10.0,20.0,PAVED,TwoWay,PAVED,3,50,NO ACCESS,N,1989.0,128.505373228742
WESTFOREST TRAIL,01-Non intersection,11-Not on roadway - right side,01-Clear,"08-Dark, artificial",MIDBLOCK,Sunday,January,1,WESTFOREST TRAIL,2,ROAD,MINOR,12.0,24.0,PAVED,TwoWay,PAVED,3,50,NO ACCESS,N,1989.0,74.61179019543191
WESTFOREST TRAIL,01-Non intersection,11-Not on roadway - right side,01-Clear,"08-Dark, artificial",MIDBLOCK,Sunday,January,1,WESTFOREST TRAIL,2,ROAD,MINOR,11.0,24.0,PAVED,TwoWay,PAVED,6,50,NO ACCESS,N,1989.0,28.861503070473297
WESTFOREST TRAIL,01-Non intersection,11-Not on roadway - right side,01-Clear,"08-Dark, artificial",MIDBLOCK,Sunday,January,1,WESTFOREST TRAIL,2,ROAD,MINOR,9.0,20.0,PAVED,TwoWay,PAVED,3,50,NO ACCESS,N,1989.0,297.77880516460203
WESTFOREST TRAIL,01-Non intersection,11-Not on roadway - right side,01-Clear,"08-Dark, artificial",MIDBLOCK,Sunday,January,1,WESTFOREST TRAIL,2,ROAD,MINOR,9.0,20.0,PAVED,TwoWay,PAVED,3,50,NO ACCESS,N,1989.0,156.95116106885
WESTFOREST TRAIL,01-Non intersection,11-Not on roadway - right side,01-Clear,"08-Dark, artificial",MIDBLOCK,Sunday,January,1,WESTFOREST TRAIL,2,ROAD,MINOR,9.0,18.0,PAVED,TwoWay,PAVED,3,50,NO ACCESS,N,1989.0,91.8024117616548
WESTFOREST TRAIL,01-Non intersection,11-Not on roadway - right side,01-Clear,"08-Dark, artificial",MIDBLOCK,Sunday,January,1,WESTFOREST TRAIL,2,ROAD,MINOR,10.0,20.0,PAVED,TwoWay,PAVED,3,50,NO ACCESS,N,1989.0,104.354468752684
WESTFOREST TRAIL,01-Non intersection,11-Not on roadway - right side,01-Clear,"08-Dark, artificial",MIDBLOCK,Sunday,January,1,WESTFOREST TRAIL,2,ROAD,MINOR,11.0,24.0,PAVED,TwoWay,PAVED,6,50,NO ACCESS,N,1989.0,72.0836595563558
WESTFOREST TRAIL,01-Non intersection,11-Not on roadway - right side,01-Clear,"08-Dark, artificial",MIDBLOCK,Sunday,January,1,WESTFOREST TRAIL,3,ROAD,MINOR,15.0,26.0,PAVED,TwoWay,PAVED,3,50,NO ACCESS,Y,1997.0,89.8965925073308
WESTFOREST TRAIL,01-Non intersection,11-Not on roadway - right side,01-Clear,"08-Dark, artificial",MIDBLOCK,Sunday,January,1,WESTFOREST TRAIL,2,ROAD,MINOR,10.0,20.0,PAVED,TwoWay,PAVED,3,50,NO ACCESS,N,1989.0,37.8901943028386
WESTFOREST TRAIL,01-Non intersection,11-Not on roadway - right side,01-Clear,"08-Dark, artificial",MIDBLOCK,Sunday,January,1,WESTFOREST TRAIL,3,ROAD,MINOR,14.0,26.0,PAVED,TwoWay,PAVED,3,50,NO ACCESS,Y,1997.0,229.647031466226
WESTFOREST TRAIL,01-Non intersection,11-Not on roadway - right side,01-Clear,"08-Dark, artificial",MIDBLOCK,Sunday,January,1,WESTFOREST TRAIL,3,ROAD,MINOR,15.0,26.0,PAVED,TwoWay,PAVED,3,50,NO ACCESS,Y,1994.0,182.32563457470692
WESTFOREST TRAIL,01-Non intersection,11-Not on roadway - right side,01-Clear,"08-Dark, artificial",MIDBLOCK,Sunday,January,1,WESTFOREST TRAIL,2,ROAD,MINOR,10.0,20.0,PAVED,TwoWay,PAVED,3,40,NO ACCESS,N,1989.0,152.59565542731198
WESTFOREST TRAIL,01-Non intersection,11-Not on roadway - right side,01-Clear,"08-Dark, artificial",MIDBLOCK,Sunday,January,1,WESTFOREST TRAIL,3,ROAD,MINOR,15.0,26.0,PAVED,TwoWay,PAVED,3,50,NO ACCESS,Y,2003.0,100.854450331658
WESTFOREST TRAIL,01-Non intersection,09-Right shoulder,01-Clear,01-Daylight,MIDBLOCK,Sunday,December,1,WESTFOREST TRAIL,2,ROAD,MINOR,11.0,24.0,PAVED,TwoWay,PAVED,3,50,NO ACCESS,N,1989.0,110.46922901325
WESTFOREST TRAIL,01-Non intersection,09-Right shoulder,01-Clear,01-Daylight,MIDBLOCK,Sunday,December,1,WESTFOREST TRAIL,2,ROAD,MINOR,10.0,20.0,PAVED,TwoWay,PAVED,3,50,NO ACCESS,N,1989.0,359.568763846679
WESTFOREST TRAIL,01-Non intersection,09-Right shoulder,01-Clear,01-Daylight,MIDBLOCK,Sunday,December,1,WESTFOREST TRAIL,2,ROAD,MINOR,10.0,20.0,PAVED,TwoWay,PAVED,3,50,NO ACCESS,N,1989.0,57.871687881209
WESTFOREST TRAIL,01-Non intersection,09-Right shoulder,01-Clear,01-Daylight,MIDBLOCK,Sunday,December,1,WESTFOREST TRAIL,2,ROAD,MINOR,11.0,24.0,PAVED,TwoWay,PAVED,3,50,NO ACCESS,N,1989.0,26.574279014386892
WESTFOREST TRAIL,01-Non intersection,09-Right shoulder,01-Clear,01-Daylight,MIDBLOCK,Sunday,December,1,WESTFOREST TRAIL,2,ROAD,MINOR,10.0,20.0,PAVED,TwoWay,PAVED,3,50,NO ACCESS,N,1989.0,128.505373228742
WESTFOREST TRAIL,01-Non intersection,09-Right shoulder,01-Clear,01-Daylight,MIDBLOCK,Sunday,December,1,WESTFOREST TRAIL,2,ROAD,MINOR,12.0,24.0,PAVED,TwoWay,PAVED,3,50,NO ACCESS,N,1989.0,74.61179019543191
WESTFOREST TRAIL,01-Non intersection,09-Right shoulder,01-Clear,01-Daylight,MIDBLOCK,Sunday,December,1,WESTFOREST TRAIL,2,ROAD,MINOR,11.0,24.0,PAVED,TwoWay,PAVED,6,50,NO ACCESS,N,1989.0,28.861503070473297
WESTFOREST TRAIL,01-Non intersection,09-Right shoulder,01-Clear,01-Daylight,MIDBLOCK,Sunday,December,1,WESTFOREST TRAIL,2,ROAD,MINOR,9.0,20.0,PAVED,TwoWay,PAVED,3,50,NO ACCESS,N,1989.0,297.77880516460203
WESTFOREST TRAIL,01-Non intersection,09-Right shoulder,01-Clear,01-Daylight,MIDBLOCK,Sunday,December,1,WESTFOREST TRAIL,2,ROAD,MINOR,9.0,20.0,PAVED,TwoWay,PAVED,3,50,NO ACCESS,N,1989.0,156.95116106885
WESTFOREST TRAIL,01-Non intersection,09-Right shoulder,01-Clear,01-Daylight,MIDBLOCK,Sunday,December,1,WESTFOREST TRAIL,2,ROAD,MINOR,9.0,18.0,PAVED,TwoWay,PAVED,3,50,NO ACCESS,N,1989.0,91.8024117616548
WESTFOREST TRAIL,01-Non intersection,09-Right shoulder,01-Clear,01-Daylight,MIDBLOCK,Sunday,December,1,WESTFOREST TRAIL,2,ROAD,MINOR,10.0,20.0,PAVED,TwoWay,PAVED,3,50,NO ACCESS,N,1989.0,104.354468752684
WESTFOREST TRAIL,01-Non intersection,09-Right shoulder,01-Clear,01-Daylight,MIDBLOCK,Sunday,December,1,WESTFOREST TRAIL,2,ROAD,MINOR,11.0,24.0,PAVED,TwoWay,PAVED,6,50,NO ACCESS,N,1989.0,72.0836595563558
WESTFOREST TRAIL,01-Non intersection,09-Right shoulder,01-Clear,01-Daylight,MIDBLOCK,Sunday,December,1,WESTFOREST TRAIL,3,ROAD,MINOR,15.0,26.0,PAVED,TwoWay,PAVED,3,50,NO ACCESS,Y,1997.0,89.8965925073308
WESTFOREST TRAIL,01-Non intersection,09-Right shoulder,01-Clear,01-Daylight,MIDBLOCK,Sunday,December,1,WESTFOREST TRAIL,2,ROAD,MINOR,10.0,20.0,PAVED,TwoWay,PAVED,3,50,NO ACCESS,N,1989.0,37.8901943028386
WESTFOREST TRAIL,01-Non intersection,09-Right shoulder,01-Clear,01-Daylight,MIDBLOCK,Sunday,December,1,WESTFOREST TRAIL,3,ROAD,MINOR,14.0,26.0,PAVED,TwoWay,PAVED,3,50,NO ACCESS,Y,1997.0,229.647031466226
WESTFOREST TRAIL,01-Non intersection,09-Right shoulder,01-Clear,01-Daylight,MIDBLOCK,Sunday,December,1,WESTFOREST TRAIL,3,ROAD,MINOR,15.0,26.0,PAVED,TwoWay,PAVED,3,50,NO ACCESS,Y,1994.0,182.32563457470692
WESTFOREST TRAIL,01-Non intersection,09-Right shoulder,01-Clear,01-Daylight,MIDBLOCK,Sunday,December,1,WESTFOREST TRAIL,2,ROAD,MINOR,10.0,20.0,PAVED,TwoWay,PAVED,3,40,NO ACCESS,N,1989.0,152.59565542731198
WESTFOREST TRAIL,01-Non intersection,09-Right shoulder,01-Clear,01-Daylight,MIDBLOCK,Sunday,December,1,WESTFOREST TRAIL,3,ROAD,MINOR,15.0,26.0,PAVED,TwoWay,PAVED,3,50,NO ACCESS,Y,2003.0,100.854450331658
CENTURY HILL DR,01-Non intersection,02-Thru lane,01-Clear,"08-Dark, artificial",MIDBLOCK,Sunday,July,1,CENTURY HILL DR,2,ROAD,LOCAL,10.0,20.0,PAVED,TwoWay,PAVED,6,50,NO ACCESS,Y,1974.0,365.394974593178
CENTURY HILL DR,01-Non intersection,02-Thru lane,01-Clear,"08-Dark, artificial",MIDBLOCK,Sunday,July,1,CENTURY HILL DR,2,ROAD,LOCAL,11.0,20.0,PAVED,TwoWay,PAVED,6,50,NO ACCESS,Y,1974.0,84.1988467993688
CENTURY HILL DR,01-Non intersection,02-Thru lane,01-Clear,"08-Dark, artificial",MIDBLOCK,Sunday,July,1,CENTURY HILL DR,2,ROAD,LOCAL,10.0,20.0,PAVED,TwoWay,PAVED,6,50,NO ACCESS,Y,1974.0,107.401890496212
CENTURY HILL DR,01-Non intersection,02-Thru lane,01-Clear,"08-Dark, artificial",MIDBLOCK,Sunday,July,1,CENTURY HILL DR,2,ROAD,MINOR,10.0,20.0,PAVED,TwoWay,PAVED,4,50,NO ACCESS,N,1974.0,213.787904302124
CENTURY HILL DR,04-At/near private drive,02-Thru lane,01-Clear,01-Daylight,MIDBLOCK,Monday,March,0,CENTURY HILL DR,2,ROAD,LOCAL,10.0,20.0,PAVED,TwoWay,PAVED,6,50,NO ACCESS,Y,1974.0,365.394974593178
CENTURY HILL DR,04-At/near private drive,02-Thru lane,01-Clear,01-Daylight,MIDBLOCK,Monday,March,0,CENTURY HILL DR,2,ROAD,LOCAL,11.0,20.0,PAVED,TwoWay,PAVED,6,50,NO ACCESS,Y,1974.0,84.1988467993688
CENTURY HILL DR,04-At/near private drive,02-Thru lane,01-Clear,01-Daylight,MIDBLOCK,Monday,March,0,CENTURY HILL DR,2,ROAD,LOCAL,10.0,20.0,PAVED,TwoWay,PAVED,6,50,NO ACCESS,Y,1974.0,107.401890496212
CENTURY HILL DR,04-At/near private drive,02-Thru lane,01-Clear,01-Daylight,MIDBLOCK,Monday,March,0,CENTURY HILL DR,2,ROAD,MINOR,10.0,20.0,PAVED,TwoWay,PAVED,4,50,NO ACCESS,N,1974.0,213.787904302124
CENTURY HILL DR,01-Non intersection,12-Off highway,01-Clear,01-Daylight,MIDBLOCK,Tuesday,July,0,CENTURY HILL DR,2,ROAD,LOCAL,10.0,20.0,PAVED,TwoWay,PAVED,6,50,NO ACCESS,Y,1974.0,365.394974593178
CENTURY HILL DR,01-Non intersection,12-Off highway,01-Clear,01-Daylight,MIDBLOCK,Tuesday,July,0,CENTURY HILL DR,2,ROAD,LOCAL,11.0,20.0,PAVED,TwoWay,PAVED,6,50,NO ACCESS,Y,1974.0,84.1988467993688
CENTURY HILL DR,01-Non intersection,12-Off highway,01-Clear,01-Daylight,MIDBLOCK,Tuesday,July,0,CENTURY HILL DR,2,ROAD,LOCAL,10.0,20.0,PAVED,TwoWay,PAVED,6,50,NO ACCESS,Y,1974.0,107.401890496212
CENTURY HILL DR,01-Non intersection,12-Off highway,01-Clear,01-Daylight,MIDBLOCK,Tuesday,July,0,CENTURY HILL DR,2,ROAD,MINOR,10.0,20.0,PAVED,TwoWay,PAVED,4,50,NO ACCESS,N,1974.0,213.787904302124
CENTURY HILL DR,01-Non intersection,02-Thru lane,03-Snow,07-Dark,MIDBLOCK,Saturday,November,1,CENTURY HILL DR,2,ROAD,LOCAL,10.0,20.0,PAVED,TwoWay,PAVED,6,50,NO ACCESS,Y,1974.0,365.394974593178
CENTURY HILL DR,01-Non intersection,02-Thru lane,03-Snow,07-Dark,MIDBLOCK,Saturday,November,1,CENTURY HILL DR,2,ROAD,LOCAL,11.0,20.0,PAVED,TwoWay,PAVED,6,50,NO ACCESS,Y,1974.0,84.1988467993688
CENTURY HILL DR,01-Non intersection,02-Thru lane,03-Snow,07-Dark,MIDBLOCK,Saturday,November,1,CENTURY HILL DR,2,ROAD,LOCAL,10.0,20.0,PAVED,TwoWay,PAVED,6,50,NO ACCESS,Y,1974.0,107.401890496212
CENTURY HILL DR,01-Non intersection,02-Thru lane,03-Snow,07-Dark,MIDBLOCK,Saturday,November,1,CENTURY HILL DR,2,ROAD,MINOR,10.0,20.0,PAVED,TwoWay,PAVED,4,50,NO ACCESS,N,1974.0,213.787904302124
CENTURY HILL DR,01-Non intersection,09-Right shoulder,03-Snow,01-Daylight,MIDBLOCK,Sunday,February,1,CENTURY HILL DR,2,ROAD,LOCAL,10.0,20.0,PAVED,TwoWay,PAVED,6,50,NO ACCESS,Y,1974.0,365.394974593178
CENTURY HILL DR,01-Non intersection,09-Right shoulder,03-Snow,01-Daylight,MIDBLOCK,Sunday,February,1,CENTURY HILL DR,2,ROAD,LOCAL,11.0,20.0,PAVED,TwoWay,PAVED,6,50,NO ACCESS,Y,1974.0,84.1988467993688
CENTURY HILL DR,01-Non intersection,09-Right shoulder,03-Snow,01-Daylight,MIDBLOCK,Sunday,February,1,CENTURY HILL DR,2,ROAD,LOCAL,10.0,20.0,PAVED,TwoWay,PAVED,6,50,NO ACCESS,Y,1974.0,107.401890496212
CENTURY HILL DR,01-Non intersection,09-Right shoulder,03-Snow,01-Daylight,MIDBLOCK,Sunday,February,1,CENTURY HILL DR,2,ROAD,MINOR,10.0,20.0,PAVED,TwoWay,PAVED,4,50,NO ACCESS,N,1974.0,213.787904302124
INDIAN RD,01-Non intersection,11-Not on roadway - right side,01-Clear,01-Daylight,MIDBLOCK,Sunday,July,1,INDIAN RD,2,ROAD,LOCAL,9.0,20.0,PAVED,TwoWay,PAVED,6,40,NO ACCESS,N,1965.0,246.070640139277
INDIAN RD,01-Non intersection,11-Not on roadway - right side,01-Clear,01-Daylight,MIDBLOCK,Sunday,July,1,INDIAN RD,2,ROAD,LOCAL,9.0,20.0,PAVED,TwoWay,PAVED,6,40,NO ACCESS,N,1966.0,194.645281322525
INDIAN RD,01-Non intersection,11-Not on roadway - right side,01-Clear,01-Daylight,MIDBLOCK,Sunday,July,1,INDIAN RD,2,ROAD,LOCAL,9.0,20.0,PAVED,TwoWay,PAVED,6,40,NO ACCESS,N,1965.0,173.60408091814202
INDIAN RD,04-At/near private drive,11-Not on roadway - right side,01-Clear,07-Dark,MIDBLOCK,Tuesday,July,0,INDIAN RD,2,ROAD,LOCAL,9.0,20.0,PAVED,TwoWay,PAVED,6,40,NO ACCESS,N,1965.0,246.070640139277
INDIAN RD,04-At/near private drive,11-Not on roadway - right side,01-Clear,07-Dark,MIDBLOCK,Tuesday,July,0,INDIAN RD,2,ROAD,LOCAL,9.0,20.0,PAVED,TwoWay,PAVED,6,40,NO ACCESS,N,1966.0,194.645281322525
INDIAN RD,04-At/near private drive,11-Not on roadway - right side,01-Clear,07-Dark,MIDBLOCK,Tuesday,July,0,INDIAN RD,2,ROAD,LOCAL,9.0,20.0,PAVED,TwoWay,PAVED,6,40,NO ACCESS,N,1965.0,173.60408091814202
INDIAN RD,04-At/near private drive,02-Thru lane,01-Clear,07-Dark,MIDBLOCK,Tuesday,January,0,INDIAN RD,2,ROAD,LOCAL,9.0,20.0,PAVED,TwoWay,PAVED,6,40,NO ACCESS,N,1965.0,246.070640139277
INDIAN RD,04-At/near private drive,02-Thru lane,01-Clear,07-Dark,MIDBLOCK,Tuesday,January,0,INDIAN RD,2,ROAD,LOCAL,9.0,20.0,PAVED,TwoWay,PAVED,6,40,NO ACCESS,N,1966.0,194.645281322525
INDIAN RD,04-At/near private drive,02-Thru lane,01-Clear,07-Dark,MIDBLOCK,Tuesday,January,0,INDIAN RD,2,ROAD,LOCAL,9.0,20.0,PAVED,TwoWay,PAVED,6,40,NO ACCESS,N,1965.0,173.60408091814202
INDIAN RD,01-Non intersection,02-Thru lane,01-Clear,01-Daylight,MIDBLOCK,Friday,May,0,INDIAN RD,2,ROAD,LOCAL,9.0,20.0,PAVED,TwoWay,PAVED,6,40,NO ACCESS,N,1965.0,246.070640139277
INDIAN RD,01-Non intersection,02-Thru lane,01-Clear,01-Daylight,MIDBLOCK,Friday,May,0,INDIAN RD,2,ROAD,LOCAL,9.0,20.0,PAVED,TwoWay,PAVED,6,40,NO ACCESS,N,1966.0,194.645281322525
INDIAN RD,01-Non intersection,02-Thru lane,01-Clear,01-Daylight,MIDBLOCK,Friday,May,0,INDIAN RD,2,ROAD,LOCAL,9.0,20.0,PAVED,TwoWay,PAVED,6,40,NO ACCESS,N,1965.0,173.60408091814202
INDIAN RD,01-Non intersection,10-Not on roadway - left side,01-Clear,"08-Dark, artificial",MIDBLOCK,Thursday,July,0,INDIAN RD,2,ROAD,LOCAL,9.0,20.0,PAVED,TwoWay,PAVED,6,40,NO ACCESS,N,1965.0,246.070640139277
INDIAN RD,01-Non intersection,10-Not on roadway - left side,01-Clear,"08-Dark, artificial",MIDBLOCK,Thursday,July,0,INDIAN RD,2,ROAD,LOCAL,9.0,20.0,PAVED,TwoWay,PAVED,6,40,NO ACCESS,N,1966.0,194.645281322525
INDIAN RD,01-Non intersection,10-Not on roadway - left side,01-Clear,"08-Dark, artificial",MIDBLOCK,Thursday,July,0,INDIAN RD,2,ROAD,LOCAL,9.0,20.0,PAVED,TwoWay,PAVED,6,40,NO ACCESS,N,1965.0,173.60408091814202
INDIAN RD,04-At/near private drive,02-Thru lane,99-Other,"08-Dark, artificial",MIDBLOCK,Monday,February,0,INDIAN RD,2,ROAD,LOCAL,9.0,20.0,PAVED,TwoWay,PAVED,6,40,NO ACCESS,N,1965.0,246.070640139277
INDIAN RD,04-At/near private drive,02-Thru lane,99-Other,"08-Dark, artificial",MIDBLOCK,Monday,February,0,INDIAN RD,2,ROAD,LOCAL,9.0,20.0,PAVED,TwoWay,PAVED,6,40,NO ACCESS,N,1966.0,194.645281322525
INDIAN RD,04-At/near private drive,02-Thru lane,99-Other,"08-Dark, artificial",MIDBLOCK,Monday,February,0,INDIAN RD,2,ROAD,LOCAL,9.0,20.0,PAVED,TwoWay,PAVED,6,40,NO ACCESS,N,1965.0,173.60408091814202
CHARLES BEST PL,04-At/near private drive,04-Right turn lane,01-Clear,01-Daylight,MIDBLOCK,Tuesday,July,0,CHARLES BEST PL,2,ROAD,LOCAL,9.0,20.0,PAVED,TwoWay,PAVED,6,50,NO ACCESS,N,1972.0,93.3696159529055
CHARLES BEST PL,04-At/near private drive,04-Right turn lane,01-Clear,01-Daylight,MIDBLOCK,Tuesday,July,0,CHARLES BEST PL,2,ROAD,LOCAL,9.0,20.0,PAVED,TwoWay,PAVED,6,50,NO ACCESS,N,1972.0,404.261028077426
CHARLES BEST PL,04-At/near private drive,99-Other,03-Snow,07-Dark,MIDBLOCK,Wednesday,March,0,CHARLES BEST PL,2,ROAD,LOCAL,9.0,20.0,PAVED,TwoWay,PAVED,6,50,NO ACCESS,N,1972.0,93.3696159529055
CHARLES BEST PL,04-At/near private drive,99-Other,03-Snow,07-Dark,MIDBLOCK,Wednesday,March,0,CHARLES BEST PL,2,ROAD,LOCAL,9.0,20.0,PAVED,TwoWay,PAVED,6,50,NO ACCESS,N,1972.0,404.261028077426
CHARLES BEST PL,04-At/near private drive,02-Thru lane,01-Clear,"08-Dark, artificial",MIDBLOCK,Friday,December,0,CHARLES BEST PL,2,ROAD,LOCAL,9.0,20.0,PAVED,TwoWay,PAVED,6,50,NO ACCESS,N,1972.0,93.3696159529055
CHARLES BEST PL,04-At/near private drive,02-Thru lane,01-Clear,"08-Dark, artificial",MIDBLOCK,Friday,December,0,CHARLES BEST PL,2,ROAD,LOCAL,9.0,20.0,PAVED,TwoWay,PAVED,6,50,NO ACCESS,N,1972.0,404.261028077426
CHARLES BEST PL,04-At/near private drive,02-Thru lane,01-Clear,01-Daylight,MIDBLOCK,Wednesday,February,0,CHARLES BEST PL,2,ROAD,LOCAL,9.0,20.0,PAVED,TwoWay,PAVED,6,50,NO ACCESS,N,1972.0,93.3696159529055
CHARLES BEST PL,04-At/near private drive,02-Thru lane,01-Clear,01-Daylight,MIDBLOCK,Wednesday,February,0,CHARLES BEST PL,2,ROAD,LOCAL,9.0,20.0,PAVED,TwoWay,PAVED,6,50,NO ACCESS,N,1972.0,404.261028077426
CHARLES BEST PL,04-At/near private drive,09-Right shoulder,01-Clear,01-Daylight,MIDBLOCK,Thursday,July,0,CHARLES BEST PL,2,ROAD,LOCAL,9.0,20.0,PAVED,TwoWay,PAVED,6,50,NO ACCESS,N,1972.0,93.3696159529055
CHARLES BEST PL,04-At/near private drive,09-Right shoulder,01-Clear,01-Daylight,MIDBLOCK,Thursday,July,0,CHARLES BEST PL,2,ROAD,LOCAL,9.0,20.0,PAVED,TwoWay,PAVED,6,50,NO ACCESS,N,1972.0,404.261028077426