LOCATION,ACCIDENT_LOCATION,IMPACT_LOCATION,ENVIRONMENT_CONDITION,LIGHT,COLLISION_TYPE,DAY_OF_WEEK,MONTH,IS_WEEKEND,STREET,LANES,CATEGORY,SUBCATEGORY,PAVEMENT_WIDTH,ROW_WIDTH,SHOULDER,FLOW_DIRECTION,SURFACE_LAYER_TYPE,OFFICIAL_ROAD_CLASSIFICATION,SPEED_LIMIT_KM,TRUCK_ACCESS,BUS_ROUTE,SERVICE_YEAR,Shape__Length
CHARLES BEST PL,01-Non intersection,02-Thru lane,01-Clear,01-Daylight,MIDBLOCK,Thursday,October,0,CHARLES BEST PL,2,ROAD,LOCAL,9.0,20.0,PAVED,TwoWay,PAVED,6,50,NO ACCESS,N,1972.0,93.3696159529055
CHARLES BEST PL,01-Non intersection,02-Thru lane,01-Clear,01-Daylight,MIDBLOCK,Thursday,October,0,CHARLES BEST PL,2,ROAD,LOCAL,9.0,20.0,PAVED,TwoWay,PAVED,6,50,NO ACCESS,N,1972.0,404.261028077426
CHARLES BEST PL,01-Non intersection,02-Thru lane,01-Clear,01-Daylight,MIDBLOCK,Thursday,January,0,CHARLES BEST PL,2,ROAD,LOCAL,9.0,20.0,PAVED,TwoWay,PAVED,6,50,NO ACCESS,N,1972.0,93.3696159529055
CHARLES BEST PL,01-Non intersection,02-Thru lane,01-Clear,01-Daylight,MIDBLOCK,Thursday,January,0,CHARLES BEST PL,2,ROAD,LOCAL,9.0,20.0,PAVED,TwoWay,PAVED,6,50,NO ACCESS,N,1972.0,404.261028077426
WALTER ST,04-At/near private drive,02-Thru lane,01-Clear,"08-Dark, artificial",MIDBLOCK,Monday,December,0,WALTER ST,2,ROAD,MAJOR,8.0,20.0,PAVED,TwoWay,PAVED,5,50,NO ACCESS,N,1999.0,178.01926500447
WALTER ST,04-At/near private drive,02-Thru lane,01-Clear,"08-Dark, artificial",MIDBLOCK,Monday,December,0,WALTER ST,2,ROAD,MAJOR,7.0,20.0,PAVED,TwoWay,PAVED,5,50,NO ACCESS,N,1999.0,238.562893849179
WALTER ST,04-At/near private drive,10-Not on roadway - left side,01-Clear,"08-Dark, artificial",MIDBLOCK,Friday,October,0,WALTER ST,2,ROAD,MAJOR,8.0,20.0,PAVED,TwoWay,PAVED,5,50,NO ACCESS,N,1999.0,178.01926500447
WALTER ST,04-At/near private drive,10-Not on roadway - left side,01-Clear,"08-Dark, artificial",MIDBLOCK,Friday,October,0,WALTER ST,2,ROAD,MAJOR,7.0,20.0,PAVED,TwoWay,PAVED,5,50,NO ACCESS,N,1999.0,238.562893849179
WALTER ST,01-Non intersection,02-Thru lane,01-Clear,01-Daylight,MIDBLOCK,Wednesday,May,0,WALTER ST,2,ROAD,MAJOR,8.0,20.0,PAVED,TwoWay,PAVED,5,50,NO ACCESS,N,1999.0,178.01926500447
WALTER ST,01-Non intersection,02-Thru lane,01-Clear,01-Daylight,MIDBLOCK,Wednesday,May,0,WALTER ST,2,ROAD,MAJOR,7.0,20.0,PAVED,TwoWay,PAVED,5,50,NO ACCESS,N,1999.0,238.562893849179
WALTER ST,04-At/near private drive,02-Thru lane,01-Clear,01-Daylight,MIDBLOCK,Wednesday,July,0,WALTER ST,2,ROAD,MAJOR,8.0,20.0,PAVED,TwoWay,PAVED,5,50,NO ACCESS,N,1999.0,178.01926500447
WALTER ST,04-At/near private drive,02-Thru lane,01-Clear,01-Daylight,MIDBLOCK,Wednesday,July,0,WALTER ST,2,ROAD,MAJOR,7.0,20.0,PAVED,TwoWay,PAVED,5,50,NO ACCESS,N,1999.0,238.562893849179
WALTER ST,04-At/near private drive,02-Thru lane,01-Clear,01-Daylight,MIDBLOCK,Friday,July,0,WALTER ST,2,ROAD,MAJOR,8.0,20.0,PAVED,TwoWay,PAVED,5,50,NO ACCESS,N,1999.0,178.01926500447
WALTER ST,04-At/near private drive,02-Thru lane,01-Clear,01-Daylight,MIDBLOCK,Friday,July,0,WALTER ST,2,ROAD,MAJOR,7.0,20.0,PAVED,TwoWay,PAVED,5,50,NO ACCESS,N,1999.0,238.562893849179
WALTER ST,01-Non intersection,02-Thru lane,01-Clear,01-Daylight,MIDBLOCK,Wednesday,December,0,WALTER ST,2,ROAD,MAJOR,8.0,20.0,PAVED,TwoWay,PAVED,5,50,NO ACCESS,N,1999.0,178.01926500447
WALTER ST,01-Non intersection,02-Thru lane,01-Clear,01-Daylight,MIDBLOCK,Wednesday,December,0,WALTER ST,2,ROAD,MAJOR,7.0,20.0,PAVED,TwoWay,PAVED,5,50,NO ACCESS,N,1999.0,238.562893849179
WALTER ST,04-At/near private drive,02-Thru lane,03-Snow,01-Daylight,MIDBLOCK,Saturday,March,1,WALTER ST,2,ROAD,MAJOR,8.0,20.0,PAVED,TwoWay,PAVED,5,50,NO ACCESS,N,1999.0,178.01926500447
WALTER ST,04-At/near private drive,02-Thru lane,03-Snow,01-Daylight,MIDBLOCK,Saturday,March,1,WALTER ST,2,ROAD,MAJOR,7.0,20.0,PAVED,TwoWay,PAVED,5,50,NO ACCESS,N,1999.0,238.562893849179
COPPER LEAF CRES,01-Non intersection,02-Thru lane,01-Clear,01-Daylight,MIDBLOCK,Friday,October,0,COPPER LEAF CRES,2,ROAD,LOCAL,10.0,18.0,PAVED,TwoWay,PAVED,6,50,NO ACCESS,N,2001.0,632.548581347889
COPPER LEAF CRES,04-At/near private drive,09-Right shoulder,01-Clear,01-Daylight,MIDBLOCK,Tuesday,May,0,COPPER LEAF CRES,2,ROAD,LOCAL,10.0,18.0,PAVED,TwoWay,PAVED,6,50,NO ACCESS,N,2001.0,632.548581347889
COPPER LEAF CRES,04-At/near private drive,02-Thru lane,01-Clear,01-Daylight,MIDBLOCK,Monday,January,0,COPPER LEAF CRES,2,ROAD,LOCAL,10.0,18.0,PAVED,TwoWay,PAVED,6,50,NO ACCESS,N,2001.0,632.548581347889
COPPER LEAF CRES,04-At/near private drive,02-Thru lane,01-Clear,01-Daylight,MIDBLOCK,Tuesday,April,0,COPPER LEAF CRES,2,ROAD,LOCAL,10.0,18.0,PAVED,TwoWay,PAVED,6,50,NO ACCESS,N,2001.0,632.548581347889
COPPER LEAF CRES,04-At/near private drive,02-Thru lane,01-Clear,01-Daylight,MIDBLOCK,Monday,July,0,COPPER LEAF CRES,2,ROAD,LOCAL,10.0,18.0,PAVED,TwoWay,PAVED,6,50,NO ACCESS,N,2001.0,632.548581347889
COPPER LEAF CRES,04-At/near private drive,02-Thru lane,01-Clear,01-Daylight,MIDBLOCK,Thursday,June,0,COPPER LEAF CRES,2,ROAD,LOCAL,10.0,18.0,PAVED,TwoWay,PAVED,6,50,NO ACCESS,N,2001.0,632.548581347889
COPPER LEAF CRES,04-At/near private drive,02-Thru lane,01-Clear,01-Daylight,MIDBLOCK,Tuesday,November,0,COPPER LEAF CRES,2,ROAD,LOCAL,10.0,18.0,PAVED,TwoWay,PAVED,6,50,NO ACCESS,N,2001.0,632.548581347889
COPPER LEAF CRES,04-At/near private drive,02-Thru lane,01-Clear,"08-Dark, artificial",MIDBLOCK,Saturday,September,1,COPPER LEAF CRES,2,ROAD,LOCAL,10.0,18.0,PAVED,TwoWay,PAVED,6,50,NO ACCESS,N,2001.0,632.548581347889
COPPER LEAF CRES,04-At/near private drive,02-Thru lane,01-Clear,"08-Dark, artificial",MIDBLOCK,Friday,January,0,COPPER LEAF CRES,2,ROAD,LOCAL,10.0,18.0,PAVED,TwoWay,PAVED,6,50,NO ACCESS,N,2001.0,632.548581347889
COPPER LEAF CRES,01-Non intersection,12-Off highway,01-Clear,01-Daylight,MIDBLOCK,Sunday,October,1,COPPER LEAF CRES,2,ROAD,LOCAL,10.0,18.0,PAVED,TwoWay,PAVED,6,50,NO ACCESS,N,2001.0,632.548581347889
COPPER LEAF CRES,01-Non intersection,02-Thru lane,01-Clear,"08-Dark, artificial",MIDBLOCK,Monday,May,0,COPPER LEAF CRES,2,ROAD,LOCAL,10.0,18.0,PAVED,TwoWay,PAVED,6,50,NO ACCESS,N,2001.0,632.548581347889
COPPER LEAF CRES,04-At/near private drive,09-Right shoulder,01-Clear,07-Dark,MIDBLOCK,Friday,July,0,COPPER LEAF CRES,2,ROAD,LOCAL,10.0,18.0,PAVED,TwoWay,PAVED,6,50,NO ACCESS,N,2001.0,632.548581347889
GREENBROOK DR,04-At/near private drive,02-Thru lane,02-Rain,"08-Dark, artificial",MIDBLOCK,Saturday,March,1,GREENBROOK DR,2,ROAD,MINOR,11.0,20.0,PAVED,TwoWay,PAVED,3,50,NO ACCESS,Y,2004.0,98.224258755395
GREENBROOK DR,04-At/near private drive,02-Thru lane,02-Rain,"08-Dark, artificial",MIDBLOCK,Saturday,March,1,GREENBROOK DR,2,ROAD,MINOR,11.0,20.0,PAVED,TwoWay,PAVED,3,50,NO ACCESS,Y,2004.0,277.681647637022
GREENBROOK DR,04-At/near private drive,02-Thru lane,02-Rain,"08-Dark, artificial",MIDBLOCK,Saturday,March,1,GREENBROOK DR,2,ROAD,MINOR,10.0,20.0,PAVED,TwoWay,PAVED,3,50,NO ACCESS,Y,1964.0,101.68769280718
GREENBROOK DR,04-At/near private drive,02-Thru lane,02-Rain,"08-Dark, artificial",MIDBLOCK,Saturday,March,1,GREENBROOK DR,2,ROAD,MINOR,11.0,20.0,PAVED,TwoWay,PAVED,3,50,NO ACCESS,Y,2004.0,279.998370648621
GREENBROOK DR,04-At/near private drive,02-Thru lane,02-Rain,"08-Dark, artificial",MIDBLOCK,Saturday,March,1,GREENBROOK DR,2,ROAD,MINOR,10.0,20.0,PAVED,TwoWay,PAVED,3,50,NO ACCESS,Y,1964.0,469.52800211445503
GREENBROOK DR,04-At/near private drive,02-Thru lane,02-Rain,"08-Dark, artificial",MIDBLOCK,Saturday,March,1,GREENBROOK DR,2,ROAD,MINOR,11.0,20.0,PAVED,TwoWay,PAVED,3,50,NO ACCESS,Y,1961.0,212.15630757734402
GREENBROOK DR,04-At/near private drive,02-Thru lane,01-Clear,01-Daylight,MIDBLOCK,Monday,September,0,GREENBROOK DR,2,ROAD,MINOR,11.0,20.0,PAVED,TwoWay,PAVED,3,50,NO ACCESS,Y,2004.0,98.224258755395
GREENBROOK DR,04-At/near private drive,02-Thru lane,01-Clear,01-Daylight,MIDBLOCK,Monday,September,0,GREENBROOK DR,2,ROAD,MINOR,11.0,20.0,PAVED,TwoWay,PAVED,3,50,NO ACCESS,Y,2004.0,277.681647637022
GREENBROOK DR,04-At/near private drive,02-Thru lane,01-Clear,01-Daylight,MIDBLOCK,Monday,September,0,GREENBROOK DR,2,ROAD,MINOR,10.0,20.0,PAVED,TwoWay,PAVED,3,50,NO ACCESS,Y,1964.0,101.68769280718
GREENBROOK DR,04-At/near private drive,02-Thru lane,01-Clear,01-Daylight,MIDBLOCK,Monday,September,0,GREENBROOK DR,2,ROAD,MINOR,11.0,20.0,PAVED,TwoWay,PAVED,3,50,NO ACCESS,Y,2004.0,279.998370648621
GREENBROOK DR,04-At/near private drive,02-Thru lane,01-Clear,01-Daylight,MIDBLOCK,Monday,September,0,GREENBROOK DR,2,ROAD,MINOR,10.0,20.0,PAVED,TwoWay,PAVED,3,50,NO ACCESS,Y,1964.0,469.52800211445503
GREENBROOK DR,04-At/near private drive,02-Thru lane,01-Clear,01-Daylight,MIDBLOCK,Monday,September,0,GREENBROOK DR,2,ROAD,MINOR,11.0,20.0,PAVED,TwoWay,PAVED,3,50,NO ACCESS,Y,1961.0,212.15630757734402
GREENBROOK DR,04-At/near private drive,02-Thru lane,01-Clear,05-Dusk,MIDBLOCK,Friday,April,0,GREENBROOK DR,2,ROAD,MINOR,11.0,20.0,PAVED,TwoWay,PAVED,3,50,NO ACCESS,Y,2004.0,98.224258755395
GREENBROOK DR,04-At/near private drive,02-Thru lane,01-Clear,05-Dusk,MIDBLOCK,Friday,April,0,GREENBROOK DR,2,ROAD,MINOR,11.0,20.0,PAVED,TwoWay,PAVED,3,50,NO ACCESS,Y,2004.0,277.681647637022
GREENBROOK DR,04-At/near private drive,02-Thru lane,01-Clear,05-Dusk,MIDBLOCK,Friday,April,0,GREENBROOK DR,2,ROAD,MINOR,10.0,20.0,PAVED,TwoWay,PAVED,3,50,NO ACCESS,Y,1964.0,101.68769280718
GREENBROOK DR,04-At/near private drive,02-Thru lane,01-Clear,05-Dusk,MIDBLOCK,Friday,April,0,GREENBROOK DR,2,ROAD,MINOR,11.0,20.0,PAVED,TwoWay,PAVED,3,50,NO ACCESS,Y,2004.0,279.998370648621
GREENBROOK DR,04-At/near private drive,02-Thru lane,01-Clear,05-Dusk,MIDBLOCK,Friday,April,0,GREENBROOK DR,2,ROAD,MINOR,10.0,20.0,PAVED,TwoWay,PAVED,3,50,NO ACCESS,Y,1964.0,469.52800211445503
GREENBROOK DR,04-At/near private drive,02-Thru lane,01-Clear,05-Dusk,MIDBLOCK,Friday,April,0,GREENBROOK DR,2,ROAD,MINOR,11.0,20.0,PAVED,TwoWay,PAVED,3,50,NO ACCESS,Y,1961.0,212.15630757734402
GREENBROOK DR,01-Non intersection,02-Thru lane,01-Clear,01-Daylight,MIDBLOCK,Wednesday,February,0,GREENBROOK DR,2,ROAD,MINOR,11.0,20.0,PAVED,TwoWay,PAVED,3,50,NO ACCESS,Y,2004.0,98.224258755395
GREENBROOK DR,01-Non intersection,02-Thru lane,01-Clear,01-Daylight,MIDBLOCK,Wednesday,February,0,GREENBROOK DR,2,ROAD,MINOR,11.0,20.0,PAVED,TwoWay,PAVED,3,50,NO ACCESS,Y,2004.0,277.681647637022
GREENBROOK DR,01-Non intersection,02-Thru lane,01-Clear,01-Daylight,MIDBLOCK,Wednesday,February,0,GREENBROOK DR,2,ROAD,MINOR,10.0,20.0,PAVED,TwoWay,PAVED,3,50,NO ACCESS,Y,1964.0,101.68769280718
GREENBROOK DR,01-Non intersection,02-Thru lane,01-Clear,01-Daylight,MIDBLOCK,Wednesday,February,0,GREENBROOK DR,2,ROAD,MINOR,11.0,20.0,PAVED,TwoWay,PAVED,3,50,NO ACCESS,Y,2004.0,279.998370648621
GREENBROOK DR,01-Non intersection,02-Thru lane,01-Clear,01-Daylight,MIDBLOCK,Wednesday,February,0,GREENBROOK DR,2,ROAD,MINOR,10.0,20.0,PAVED,TwoWay,PAVED,3,50,NO ACCESS,Y,1964.0,469.52800211445503
GREENBROOK DR,01-Non intersection,02-Thru lane,01-Clear,01-Daylight,MIDBLOCK,Wednesday,February,0,GREENBROOK DR,2,ROAD,MINOR,11.0,20.0,PAVED,TwoWay,PAVED,3,50,NO ACCESS,Y,1961.0,212.15630757734402
GREENBROOK DR,01-Non intersection,02-Thru lane,04-Freezing Rain,01-Daylight,MIDBLOCK,Thursday,March,0,GREENBROOK DR,2,ROAD,MINOR,11.0,20.0,PAVED,TwoWay,PAVED,3,50,NO ACCESS,Y,2004.0,98.224258755395
GREENBROOK DR,01-Non intersection,02-Thru lane,04-Freezing Rain,01-Daylight,MIDBLOCK,Thursday,March,0,GREENBROOK DR,2,ROAD,MINOR,11.0,20.0,PAVED,TwoWay,PAVED,3,50,NO ACCESS,Y,2004.0,277.681647637022
GREENBROOK DR,01-Non intersection,02-Thru lane,04-Freezing Rain,01-Daylight,MIDBLOCK,Thursday,March,0,GREENBROOK DR,2,ROAD,MINOR,10.0,20.0,PAVED,TwoWay,PAVED,3,50,NO ACCESS,Y,1964.0,101.68769280718
GREENBROOK DR,01-Non intersection,02-Thru lane,04-Freezing Rain,01-Daylight,MIDBLOCK,Thursday,March,0,GREENBROOK DR,2,ROAD,MINOR,11.0,20.0,PAVED,TwoWay,PAVED,3,50,NO ACCESS,Y,2004.0,279.998370648621
GREENBROOK DR,01-Non intersection,02-Thru lane,04-Freezing Rain,01-Daylight,MIDBLOCK,Thursday,March,0,GREENBROOK DR,2,ROAD,MINOR,10.0,20.0,PAVED,TwoWay,PAVED,3,50,NO ACCESS,Y,1964.0,469.52800211445503
GREENBROOK DR,01-Non intersection,02-Thru lane,04-Freezing Rain,01-Daylight,MIDBLOCK,Thursday,March,0,GREENBROOK DR,2,ROAD,MINOR,11.0,20.0,PAVED,TwoWay,PAVED,3,50,NO ACCESS,Y,1961.0,212.15630757734402
GREENBROOK DR,04-At/near private drive,02-Thru lane,01-Clear,01-Daylight,MIDBLOCK,Thursday,August,0,GREENBROOK DR,2,ROAD,MINOR,11.0,20.0,PAVED,TwoWay,PAVED,3,50,NO ACCESS,Y,2004.0,98.224258755395
GREENBROOK DR,04-At/near private drive,02-Thru lane,01-Clear,01-Daylight,MIDBLOCK,Thursday,August,0,GREENBROOK DR,2,ROAD,MINOR,11.0,20.0,PAVED,TwoWay,PAVED,3,50,NO ACCESS,Y,2004.0,277.681647637022
GREENBROOK DR,04-At/near private drive,02-Thru lane,01-Clear,01-Daylight,MIDBLOCK,Thursday,August,0,GREENBROOK DR,2,ROAD,MINOR,10.0,20.0,PAVED,TwoWay,PAVED,3,50,NO ACCESS,Y,1964.0,101.68769280718
GREENBROOK DR,04-At/near private drive,02-Thru lane,01-Clear,01-Daylight,MIDBLOCK,Thursday,August,0,GREENBROOK DR,2,ROAD,MINOR,11.0,20.0,PAVED,TwoWay,PAVED,3,50,NO ACCESS,Y,2004.0,279.998370648621
GREENBROOK DR,04-At/near private drive,02-Thru lane,01-Clear,01-Daylight,MIDBLOCK,Thursday,August,0,GREENBROOK DR,2,ROAD,MINOR,10.0,20.0,PAVED,TwoWay,PAVED,3,50,NO ACCESS,Y,1964.0,469.52800211445503
GREENBROOK DR,04-At/near private drive,02-Thru lane,01-Clear,01-Daylight,MIDBLOCK,Thursday,August,0,GREENBROOK DR,2,ROAD,MINOR,11.0,20.0,PAVED,TwoWay,PAVED,3,50,NO ACCESS,Y,1961.0,212.15630757734402
GREENBROOK DR,04-At/near private drive,02-Thru lane,01-Clear,01-Daylight,MIDBLOCK,Monday,February,0,GREENBROOK DR,2,ROAD,MINOR,11.0,20.0,PAVED,TwoWay,PAVED,3,50,NO ACCESS,Y,2004.0,98.224258755395
GREENBROOK DR,04-At/near private drive,02-Thru lane,01-Clear,01-Daylight,MIDBLOCK,Monday,February,0,GREENBROOK DR,2,ROAD,MINOR,11.0,20.0,PAVED,TwoWay,PAVED,3,50,NO ACCESS,Y,2004.0,277.681647637022
GREENBROOK DR,04-At/near private drive,02-Thru lane,01-Clear,01-Daylight,MIDBLOCK,Monday,February,0,GREENBROOK DR,2,ROAD,MINOR,10.0,20.0,PAVED,TwoWay,PAVED,3,50,NO ACCESS,Y,1964.0,101.68769280718
GREENBROOK DR,04-At/near private drive,02-Thru lane,01-Clear,01-Daylight,MIDBLOCK,Monday,February,0,GREENBROOK DR,2,ROAD,MINOR,11.0,20.0,PAVED,TwoWay,PAVED,3,50,NO ACCESS,Y,2004.0,279.998370648621
GREENBROOK DR,04-At/near private drive,02-Thru lane,01-Clear,01-Daylight,MIDBLOCK,Monday,February,0,GREENBROOK DR,2,ROAD,MINOR,10.0,20.0,PAVED,TwoWay,PAVED,3,50,NO ACCESS,Y,1964.0,469.52800211445503
GREENBROOK DR,04-At/near private drive,02-Thru lane,01-Clear,01-Daylight,MIDBLOCK,Monday,February,0,GREENBROOK DR,2,ROAD,MINOR,11.0,20.0,PAVED,TwoWay,PAVED,3,50,NO ACCESS,Y,1961.0,212.15630757734402
GREENBROOK DR,04-At/near private drive,02-Thru lane,01-Clear,05-Dusk,MIDBLOCK,Saturday,November,1,GREENBROOK DR,2,ROAD,MINOR,11.0,20.0,PAVED,TwoWay,PAVED,3,50,NO ACCESS,Y,2004.0,98.224258755395
GREENBROOK DR,04-At/near private drive,02-Thru lane,01-Clear,05-Dusk,MIDBLOCK,Saturday,November,1,GREENBROOK DR,2,ROAD,MINOR,11.0,20.0,PAVED,TwoWay,PAVED,3,50,NO ACCESS,Y,2004.0,277.681647637022
GREENBROOK DR,04-At/near private drive,02-Thru lane,01-Clear,05-Dusk,MIDBLOCK,Saturday,November,1,GREENBROOK DR,2,ROAD,MINOR,10.0,20.0,PAVED,TwoWay,PAVED,3,50,NO ACCESS,Y,1964.0,101.68769280718
GREENBROOK DR,04-At/near private drive,02-Thru lane,01-Clear,05-Dusk,MIDBLOCK,Saturday,November,1,GREENBROOK DR,2,ROAD,MINOR,11.0,20.0,PAVED,TwoWay,PAVED,3,50,NO ACCESS,Y,2004.0,279.998370648621
GREENBROOK DR,04-At/near private drive,02-Thru lane,01-Clear,05-Dusk,MIDBLOCK,Saturday,November,1,GREENBROOK DR,2,ROAD,MINOR,10.0,20.0,PAVED,TwoWay,PAVED,3,50,NO ACCESS,Y,1964.0,469.52800211445503
GREENBROOK DR,04-At/near private drive,02-Thru lane,01-Clear,05-Dusk,MIDBLOCK,Saturday,November,1,GREENBROOK DR,2,ROAD,MINOR,11.0,20.0,PAVED,TwoWay,PAVED,3,50,NO ACCESS,Y,1961.0,212.15630757734402
GREENBROOK DR,04-At/near private drive,02-Thru lane,01-Clear,"08-Dark, artificial",MIDBLOCK,Thursday,October,0,GREENBROOK DR,2,ROAD,MINOR,11.0,20.0,PAVED,TwoWay,PAVED,3,50,NO ACCESS,Y,2004.0,98.224258755395
GREENBROOK DR,04-At/near private drive,02-Thru lane,01-Clear,"08-Dark, artificial",MIDBLOCK,Thursday,October,0,GREENBROOK DR,2,ROAD,MINOR,11.0,20.0,PAVED,TwoWay,PAVED,3,50,NO ACCESS,Y,2004.0,277.681647637022
GREENBROOK DR,04-At/near private drive,02-Thru lane,01-Clear,"08-Dark, artificial",MIDBLOCK,Thursday,October,0,GREENBROOK DR,2,ROAD,MINOR,10.0,20.0,PAVED,TwoWay,PAVED,3,50,NO ACCESS,Y,1964.0,101.68769280718
GREENBROOK DR,04-At/near private drive,02-Thru lane,01-Clear,"08-Dark, artificial",MIDBLOCK,Thursday,October,0,GREENBROOK DR,2,ROAD,MINOR,11.0,20.0,PAVED,TwoWay,PAVED,3,50,NO ACCESS,Y,2004.0,279.998370648621
GREENBROOK DR,04-At/near private drive,02-Thru lane,01-Clear,"08-Dark, artificial",MIDBLOCK,Thursday,October,0,GREENBROOK DR,2,ROAD,MINOR,10.0,20.0,PAVED,TwoWay,PAVED,3,50,NO ACCESS,Y,1964.0,469.52800211445503
GREENBROOK DR,04-At/near private drive,02-Thru lane,01-Clear,"08-Dark, artificial",MIDBLOCK,Thursday,October,0,GREENBROOK DR,2,ROAD,MINOR,11.0,20.0,PAVED,TwoWay,PAVED,3,50,NO ACCESS,Y,1961.0,212.15630757734402
GREENBROOK DR,04-At/near private drive,11-Not on roadway - right side,01-Clear,07-Dark,MIDBLOCK,Sunday,October,1,GREENBROOK DR,2,ROAD,MINOR,11.0,20.0,PAVED,TwoWay,PAVED,3,50,NO ACCESS,Y,2004.0,98.224258755395
GREENBROOK DR,04-At/near private drive,11-Not on roadway - right side,01-Clear,07-Dark,MIDBLOCK,Sunday,October,1,GREENBROOK DR,2,ROAD,MINOR,11.0,20.0,PAVED,TwoWay,PAVED,3,50,NO ACCESS,Y,2004.0,277.681647637022
GREENBROOK DR,04-At/near private drive,11-Not on roadway - right side,01-Clear,07-Dark,MIDBLOCK,Sunday,October,1,GREENBROOK DR,2,ROAD,MINOR,10.0,20.0,PAVED,TwoWay,PAVED,3,50,NO ACCESS,Y,1964.0,101.68769280718
GREENBROOK DR,04-At/near private drive,11-Not on roadway - right side,01-Clear,07-Dark,MIDBLOCK,Sunday,October,1,GREENBROOK DR,2,ROAD,MINOR,11.0,20.0,PAVED,TwoWay,PAVED,3,50,NO ACCESS,Y,2004.0,279.998370648621
GREENBROOK DR,04-At/near private drive,11-Not on roadway - right side,01-Clear,07-Dark,MIDBLOCK,Sunday,October,1,GREENBROOK DR,2,ROAD,MINOR,10.0,20.0,PAVED,TwoWay,PAVED,3,50,NO ACCESS,Y,1964.0,469.52800211445503
GREENBROOK DR,04-At/near private drive,11-Not on roadway - right side,01-Clear,07-Dark,MIDBLOCK,Sunday,October,1,GREENBROOK DR,2,ROAD,MINOR,11.0,20.0,PAVED,TwoWay,PAVED,3,50,NO ACCESS,Y,1961.0,212.15630757734402
GREENBROOK DR,04-At/near private drive,02-Thru lane,01-Clear,"08-Dark, artificial",MIDBLOCK,Friday,January,0,GREENBROOK DR,2,ROAD,MINOR,11.0,20.0,PAVED,TwoWay,PAVED,3,50,NO ACCESS,Y,2004.0,98.224258755395
GREENBROOK DR,04-At/near private drive,02-Thru lane,01-Clear,"08-Dark, artificial",MIDBLOCK,Friday,January,0,GREENBROOK DR,2,ROAD,MINOR,11.0,20.0,PAVED,TwoWay,PAVED,3,50,NO ACCESS,Y,2004.0,277.681647637022
GREENBROOK DR,04-At/near private drive,02-Thru lane,01-Clear,"08-Dark, artificial",MIDBLOCK,Friday,January,0,GREENBROOK DR,2,ROAD,MINOR,10.0,20.0,PAVED,TwoWay,PAVED,3,50,NO ACCESS,Y,1964.0,101.68769280718
GREENBROOK DR,04-At/near private drive,02-Thru lane,01-Clear,"08-Dark, artificial",MIDBLOCK,Friday,January,0,GREENBROOK DR,2,ROAD,MINOR,11.0,20.0,PAVED,TwoWay,PAVED,3,50,NO ACCESS,Y,2004.0,279.998370648621
GREENBROOK DR,04-At/near private drive,02-Thru lane,01-Clear,"08-Dark, artificial",MIDBLOCK,Friday,January,0,GREENBROOK DR,2,ROAD,MINOR,10.0,20.0,PAVED,TwoWay,PAVED,3,50,NO ACCESS,Y,1964.0,469.52800211445503
GREENBROOK DR,04-At/near private drive,02-Thru lane,01-Clear,"08-Dark, artificial",MIDBLOCK,Friday,January,0,GREENBROOK DR,2,ROAD,MINOR,11.0,20.0,PAVED,TwoWay,PAVED,3,50,NO ACCESS,Y,1961.0,212.15630757734402
GREENBROOK DR,01-Non intersection,02-Thru lane,01-Clear,01-Daylight,MIDBLOCK,Tuesday,December,0,GREENBROOK DR,2,ROAD,MINOR,11.0,20.0,PAVED,TwoWay,PAVED,3,50,NO ACCESS,Y,2004.0,98.224258755395
GREENBROOK DR,01-Non intersection,02-Thru lane,01-Clear,01-Daylight,MIDBLOCK,Tuesday,December,0,GREENBROOK DR,2,ROAD,MINOR,11.0,20.0,PAVED,TwoWay,PAVED,3,50,NO ACCESS,Y,2004.0,277.681647637022
GREENBROOK DR,01-Non intersection,02-Thru lane,01-Clear,01-Daylight,MIDBLOCK,Tuesday,December,0,GREENBROOK DR,2,ROAD,MINOR,10.0,20.0,PAVED,TwoWay,PAVED,3,50,NO ACCESS,Y,1964.0,101.68769280718
GREENBROOK DR,01-Non intersection,02-Thru lane,01-Clear,01-Daylight,MIDBLOCK,Tuesday,December,0,GREENBROOK DR,2,ROAD,MINOR,11.0,20.0,PAVED,TwoWay,PAVED,3,50,NO ACCESS,Y,2004.0,279.998370648621
GREENBROOK DR,01-Non intersection,02-Thru lane,01-Clear,01-Daylight,MIDBLOCK,Tuesday,December,0,GREENBROOK DR,2,ROAD,MINOR,10.0,20.0,PAVED,TwoWay,PAVED,3,50,NO ACCESS,Y,1964.0,469.52800211445503
GREENBROOK DR,01-Non intersection,02-Thru lane,01-Clear,01-Daylight,MIDBLOCK,Tuesday,December,0,GREENBROOK DR,2,ROAD,MINOR,11.0,20.0,PAVED,TwoWay,PAVED,3,50,NO ACCESS,Y,1961.0,212.15630757734402