LOCATION,ACCIDENT_LOCATION,IMPACT_LOCATION,ENVIRONMENT_CONDITION,LIGHT,COLLISION_TYPE,DAY_OF_WEEK,MONTH,IS_WEEKEND,STREET,LANES,CATEGORY,SUBCATEGORY,PAVEMENT_WIDTH,ROW_WIDTH,SHOULDER,FLOW_DIRECTION,SURFACE_LAYER_TYPE,OFFICIAL_ROAD_CLASSIFICATION,SPEED_LIMIT_KM,TRUCK_ACCESS,BUS_ROUTE,SERVICE_YEAR,Shape__Length
GREENBROOK DR,04-At/near private drive,02-Thru lane,02-Rain,07-Dark,MIDBLOCK,Saturday,January,1,GREENBROOK DR,2,ROAD,MINOR,11.0,20.0,PAVED,TwoWay,PAVED,3,50,NO ACCESS,Y,2004.0,98.224258755395
GREENBROOK DR,04-At/near private drive,02-Thru lane,02-Rain,07-Dark,MIDBLOCK,Saturday,January,1,GREENBROOK DR,2,ROAD,MINOR,11.0,20.0,PAVED,TwoWay,PAVED,3,50,NO ACCESS,Y,2004.0,277.681647637022
GREENBROOK DR,04-At/near private drive,02-Thru lane,02-Rain,07-Dark,MIDBLOCK,Saturday,January,1,GREENBROOK DR,2,ROAD,MINOR,10.0,20.0,PAVED,TwoWay,PAVED,3,50,NO ACCESS,Y,1964.0,101.68769280718
GREENBROOK DR,04-At/near private drive,02-Thru lane,02-Rain,07-Dark,MIDBLOCK,Saturday,January,1,GREENBROOK DR,2,ROAD,MINOR,11.0,20.0,PAVED,TwoWay,PAVED,3,50,NO ACCESS,Y,2004.0,279.998370648621
GREENBROOK DR,04-At/near private drive,02-Thru lane,02-Rain,07-Dark,MIDBLOCK,Saturday,January,1,GREENBROOK DR,2,ROAD,MINOR,10.0,20.0,PAVED,TwoWay,PAVED,3,50,NO ACCESS,Y,1964.0,469.52800211445503
GREENBROOK DR,04-At/near private drive,02-Thru lane,02-Rain,07-Dark,MIDBLOCK,Saturday,January,1,GREENBROOK DR,2,ROAD,MINOR,11.0,20.0,PAVED,TwoWay,PAVED,3,50,NO ACCESS,Y,1961.0,212.15630757734402
GREENBROOK DR,04-At/near private drive,02-Thru lane,01-Clear,"08-Dark, artificial",MIDBLOCK,Friday,February,0,GREENBROOK DR,2,ROAD,MINOR,11.0,20.0,PAVED,TwoWay,PAVED,3,50,NO ACCESS,Y,2004.0,98.224258755395
GREENBROOK DR,04-At/near private drive,02-Thru lane,01-Clear,"08-Dark, artificial",MIDBLOCK,Friday,February,0,GREENBROOK DR,2,ROAD,MINOR,11.0,20.0,PAVED,TwoWay,PAVED,3,50,NO ACCESS,Y,2004.0,277.681647637022
GREENBROOK DR,04-At/near private drive,02-Thru lane,01-Clear,"08-Dark, artificial",MIDBLOCK,Friday,February,0,GREENBROOK DR,2,ROAD,MINOR,10.0,20.0,PAVED,TwoWay,PAVED,3,50,NO ACCESS,Y,1964.0,101.68769280718
GREENBROOK DR,04-At/near private drive,02-Thru lane,01-Clear,"08-Dark, artificial",MIDBLOCK,Friday,February,0,GREENBROOK DR,2,ROAD,MINOR,11.0,20.0,PAVED,TwoWay,PAVED,3,50,NO ACCESS,Y,2004.0,279.998370648621
GREENBROOK DR,04-At/near private drive,02-Thru lane,01-Clear,"08-Dark, artificial",MIDBLOCK,Friday,February,0,GREENBROOK DR,2,ROAD,MINOR,10.0,20.0,PAVED,TwoWay,PAVED,3,50,NO ACCESS,Y,1964.0,469.52800211445503
GREENBROOK DR,04-At/near private drive,02-Thru lane,01-Clear,"08-Dark, artificial",MIDBLOCK,Friday,February,0,GREENBROOK DR,2,ROAD,MINOR,11.0,20.0,PAVED,TwoWay,PAVED,3,50,NO ACCESS,Y,1961.0,212.15630757734402
GREENBROOK DR,01-Non intersection,02-Thru lane,01-Clear,"08-Dark, artificial",MIDBLOCK,Thursday,February,0,GREENBROOK DR,2,ROAD,MINOR,11.0,20.0,PAVED,TwoWay,PAVED,3,50,NO ACCESS,Y,2004.0,98.224258755395
GREENBROOK DR,01-Non intersection,02-Thru lane,01-Clear,"08-Dark, artificial",MIDBLOCK,Thursday,February,0,GREENBROOK DR,2,ROAD,MINOR,11.0,20.0,PAVED,TwoWay,PAVED,3,50,NO ACCESS,Y,2004.0,277.681647637022
GREENBROOK DR,01-Non intersection,02-Thru lane,01-Clear,"08-Dark, artificial",MIDBLOCK,Thursday,February,0,GREENBROOK DR,2,ROAD,MINOR,10.0,20.0,PAVED,TwoWay,PAVED,3,50,NO ACCESS,Y,1964.0,101.68769280718
GREENBROOK DR,01-Non intersection,02-Thru lane,01-Clear,"08-Dark, artificial",MIDBLOCK,Thursday,February,0,GREENBROOK DR,2,ROAD,MINOR,11.0,20.0,PAVED,TwoWay,PAVED,3,50,NO ACCESS,Y,2004.0,279.998370648621
GREENBROOK DR,01-Non intersection,02-Thru lane,01-Clear,"08-Dark, artificial",MIDBLOCK,Thursday,February,0,GREENBROOK DR,2,ROAD,MINOR,10.0,20.0,PAVED,TwoWay,PAVED,3,50,NO ACCESS,Y,1964.0,469.52800211445503
GREENBROOK DR,01-Non intersection,02-Thru lane,01-Clear,"08-Dark, artificial",MIDBLOCK,Thursday,February,0,GREENBROOK DR,2,ROAD,MINOR,11.0,20.0,PAVED,TwoWay,PAVED,3,50,NO ACCESS,Y,1961.0,212.15630757734402
GREENBROOK DR,01-Non intersection,02-Thru lane,03-Snow,"08-Dark, artificial",MIDBLOCK,Friday,December,0,GREENBROOK DR,2,ROAD,MINOR,11.0,20.0,PAVED,TwoWay,PAVED,3,50,NO ACCESS,Y,2004.0,98.224258755395
GREENBROOK DR,01-Non intersection,02-Thru lane,03-Snow,"08-Dark, artificial",MIDBLOCK,Friday,December,0,GREENBROOK DR,2,ROAD,MINOR,11.0,20.0,PAVED,TwoWay,PAVED,3,50,NO ACCESS,Y,2004.0,277.681647637022
GREENBROOK DR,01-Non intersection,02-Thru lane,03-Snow,"08-Dark, artificial",MIDBLOCK,Friday,December,0,GREENBROOK DR,2,ROAD,MINOR,10.0,20.0,PAVED,TwoWay,PAVED,3,50,NO ACCESS,Y,1964.0,101.68769280718
GREENBROOK DR,01-Non intersection,02-Thru lane,03-Snow,"08-Dark, artificial",MIDBLOCK,Friday,December,0,GREENBROOK DR,2,ROAD,MINOR,11.0,20.0,PAVED,TwoWay,PAVED,3,50,NO ACCESS,Y,2004.0,279.998370648621
GREENBROOK DR,01-Non intersection,02-Thru lane,03-Snow,"08-Dark, artificial",MIDBLOCK,Friday,December,0,GREENBROOK DR,2,ROAD,MINOR,10.0,20.0,PAVED,TwoWay,PAVED,3,50,NO ACCESS,Y,1964.0,469.52800211445503
GREENBROOK DR,01-Non intersection,02-Thru lane,03-Snow,"08-Dark, artificial",MIDBLOCK,Friday,December,0,GREENBROOK DR,2,ROAD,MINOR,11.0,20.0,PAVED,TwoWay,PAVED,3,50,NO ACCESS,Y,1961.0,212.15630757734402
GREENBROOK DR,01-Non intersection,11-Not on roadway - right side,01-Clear,01-Daylight,MIDBLOCK,Monday,October,0,GREENBROOK DR,2,ROAD,MINOR,11.0,20.0,PAVED,TwoWay,PAVED,3,50,NO ACCESS,Y,2004.0,98.224258755395
GREENBROOK DR,01-Non intersection,11-Not on roadway - right side,01-Clear,01-Daylight,MIDBLOCK,Monday,October,0,GREENBROOK DR,2,ROAD,MINOR,11.0,20.0,PAVED,TwoWay,PAVED,3,50,NO ACCESS,Y,2004.0,277.681647637022
GREENBROOK DR,01-Non intersection,11-Not on roadway - right side,01-Clear,01-Daylight,MIDBLOCK,Monday,October,0,GREENBROOK DR,2,ROAD,MINOR,10.0,20.0,PAVED,TwoWay,PAVED,3,50,NO ACCESS,Y,1964.0,101.68769280718
GREENBROOK DR,01-Non intersection,11-Not on roadway - right side,01-Clear,01-Daylight,MIDBLOCK,Monday,October,0,GREENBROOK DR,2,ROAD,MINOR,11.0,20.0,PAVED,TwoWay,PAVED,3,50,NO ACCESS,Y,2004.0,279.998370648621
GREENBROOK DR,01-Non intersection,11-Not on roadway - right side,01-Clear,01-Daylight,MIDBLOCK,Monday,October,0,GREENBROOK DR,2,ROAD,MINOR,10.0,20.0,PAVED,TwoWay,PAVED,3,50,NO ACCESS,Y,1964.0,469.52800211445503
GREENBROOK DR,01-Non intersection,11-Not on roadway - right side,01-Clear,01-Daylight,MIDBLOCK,Monday,October,0,GREENBROOK DR,2,ROAD,MINOR,11.0,20.0,PAVED,TwoWay,PAVED,3,50,NO ACCESS,Y,1961.0,212.15630757734402
GREENBROOK DR,04-At/near private drive,02-Thru lane,01-Clear,01-Daylight,MIDBLOCK,Tuesday,January,0,GREENBROOK DR,2,ROAD,MINOR,11.0,20.0,PAVED,TwoWay,PAVED,3,50,NO ACCESS,Y,2004.0,98.224258755395
GREENBROOK DR,04-At/near private drive,02-Thru lane,01-Clear,01-Daylight,MIDBLOCK,Tuesday,January,0,GREENBROOK DR,2,ROAD,MINOR,11.0,20.0,PAVED,TwoWay,PAVED,3,50,NO ACCESS,Y,2004.0,277.681647637022
GREENBROOK DR,04-At/near private drive,02-Thru lane,01-Clear,01-Daylight,MIDBLOCK,Tuesday,January,0,GREENBROOK DR,2,ROAD,MINOR,10.0,20.0,PAVED,TwoWay,PAVED,3,50,NO ACCESS,Y,1964.0,101.68769280718
GREENBROOK DR,04-At/near private drive,02-Thru lane,01-Clear,01-Daylight,MIDBLOCK,Tuesday,January,0,GREENBROOK DR,2,ROAD,MINOR,11.0,20.0,PAVED,TwoWay,PAVED,3,50,NO ACCESS,Y,2004.0,279.998370648621
GREENBROOK DR,04-At/near private drive,02-Thru lane,01-Clear,01-Daylight,MIDBLOCK,Tuesday,January,0,GREENBROOK DR,2,ROAD,MINOR,10.0,20.0,PAVED,TwoWay,PAVED,3,50,NO ACCESS,Y,1964.0,469.52800211445503
GREENBROOK DR,04-At/near private drive,02-Thru lane,01-Clear,01-Daylight,MIDBLOCK,Tuesday,January,0,GREENBROOK DR,2,ROAD,MINOR,11.0,20.0,PAVED,TwoWay,PAVED,3,50,NO ACCESS,Y,1961.0,212.15630757734402
GREENBROOK DR,01-Non intersection,11-Not on roadway - right side,01-Clear,01-Daylight,MIDBLOCK,Monday,June,0,GREENBROOK DR,2,ROAD,MINOR,11.0,20.0,PAVED,TwoWay,PAVED,3,50,NO ACCESS,Y,2004.0,98.224258755395
GREENBROOK DR,01-Non intersection,11-Not on roadway - right side,01-Clear,01-Daylight,MIDBLOCK,Monday,June,0,GREENBROOK DR,2,ROAD,MINOR,11.0,20.0,PAVED,TwoWay,PAVED,3,50,NO ACCESS,Y,2004.0,277.681647637022
GREENBROOK DR,01-Non intersection,11-Not on roadway - right side,01-Clear,01-Daylight,MIDBLOCK,Monday,June,0,GREENBROOK DR,2,ROAD,MINOR,10.0,20.0,PAVED,TwoWay,PAVED,3,50,NO ACCESS,Y,1964.0,101.68769280718
GREENBROOK DR,01-Non intersection,11-Not on roadway - right side,01-Clear,01-Daylight,MIDBLOCK,Monday,June,0,GREENBROOK DR,2,ROAD,MINOR,11.0,20.0,PAVED,TwoWay,PAVED,3,50,NO ACCESS,Y,2004.0,279.998370648621
GREENBROOK DR,01-Non intersection,11-Not on roadway - right side,01-Clear,01-Daylight,MIDBLOCK,Monday,June,0,GREENBROOK DR,2,ROAD,MINOR,10.0,20.0,PAVED,TwoWay,PAVED,3,50,NO ACCESS,Y,1964.0,469.52800211445503
GREENBROOK DR,01-Non intersection,11-Not on roadway - right side,01-Clear,01-Daylight,MIDBLOCK,Monday,June,0,GREENBROOK DR,2,ROAD,MINOR,11.0,20.0,PAVED,TwoWay,PAVED,3,50,NO ACCESS,Y,1961.0,212.15630757734402
GREENBROOK DR,01-Non intersection,02-Thru lane,04-Freezing Rain,01-Daylight,MIDBLOCK,Friday,January,0,GREENBROOK DR,2,ROAD,MINOR,11.0,20.0,PAVED,TwoWay,PAVED,3,50,NO ACCESS,Y,2004.0,98.224258755395
GREENBROOK DR,01-Non intersection,02-Thru lane,04-Freezing Rain,01-Daylight,MIDBLOCK,Friday,January,0,GREENBROOK DR,2,ROAD,MINOR,11.0,20.0,PAVED,TwoWay,PAVED,3,50,NO ACCESS,Y,2004.0,277.681647637022
GREENBROOK DR,01-Non intersection,02-Thru lane,04-Freezing Rain,01-Daylight,MIDBLOCK,Friday,January,0,GREENBROOK DR,2,ROAD,MINOR,10.0,20.0,PAVED,TwoWay,PAVED,3,50,NO ACCESS,Y,1964.0,101.68769280718
GREENBROOK DR,01-Non intersection,02-Thru lane,04-Freezing Rain,01-Daylight,MIDBLOCK,Friday,January,0,GREENBROOK DR,2,ROAD,MINOR,11.0,20.0,PAVED,TwoWay,PAVED,3,50,NO ACCESS,Y,2004.0,279.998370648621
GREENBROOK DR,01-Non intersection,02-Thru lane,04-Freezing Rain,01-Daylight,MIDBLOCK,Friday,January,0,GREENBROOK DR,2,ROAD,MINOR,10.0,20.0,PAVED,TwoWay,PAVED,3,50,NO ACCESS,Y,1964.0,469.52800211445503
GREENBROOK DR,01-Non intersection,02-Thru lane,04-Freezing Rain,01-Daylight,MIDBLOCK,Friday,January,0,GREENBROOK DR,2,ROAD,MINOR,11.0,20.0,PAVED,TwoWay,PAVED,3,50,NO ACCESS,Y,1961.0,212.15630757734402
HIGHLAND CRES,04-At/near private drive,02-Thru lane,01-Clear,01-Daylight,MIDBLOCK,Friday,July,0,HIGHLAND CRES,2,ROAD,LOCAL,10.0,20.0,PAVED,TwoWay,PAVED,6,50,NO ACCESS,N,1986.0,102.321058062773
HIGHLAND CRES,04-At/near private drive,02-Thru lane,01-Clear,01-Daylight,MIDBLOCK,Friday,July,0,HIGHLAND CRES,2,ROAD,LOCAL,10.0,20.0,PAVED,TwoWay,PAVED,6,50,NO ACCESS,N,1970.0,421.581761947381
HIGHLAND CRES,04-At/near private drive,02-Thru lane,01-Clear,01-Daylight,MIDBLOCK,Friday,July,0,HIGHLAND CRES,2,ROAD,LOCAL,10.0,20.0,PAVED,TwoWay,PAVED,6,50,NO ACCESS,N,1978.0,316.53619688707
HIGHLAND CRES,01-Non intersection,02-Thru lane,01-Clear,01-Daylight,MIDBLOCK,Tuesday,September,0,HIGHLAND CRES,2,ROAD,LOCAL,10.0,20.0,PAVED,TwoWay,PAVED,6,50,NO ACCESS,N,1986.0,102.321058062773
HIGHLAND CRES,01-Non intersection,02-Thru lane,01-Clear,01-Daylight,MIDBLOCK,Tuesday,September,0,HIGHLAND CRES,2,ROAD,LOCAL,10.0,20.0,PAVED,TwoWay,PAVED,6,50,NO ACCESS,N,1970.0,421.581761947381
HIGHLAND CRES,01-Non intersection,02-Thru lane,01-Clear,01-Daylight,MIDBLOCK,Tuesday,September,0,HIGHLAND CRES,2,ROAD,LOCAL,10.0,20.0,PAVED,TwoWay,PAVED,6,50,NO ACCESS,N,1978.0,316.53619688707
HIGHLAND CRES,04-At/near private drive,02-Thru lane,02-Rain,01-Daylight,MIDBLOCK,Saturday,June,1,HIGHLAND CRES,2,ROAD,LOCAL,10.0,20.0,PAVED,TwoWay,PAVED,6,50,NO ACCESS,N,1986.0,102.321058062773
HIGHLAND CRES,04-At/near private drive,02-Thru lane,02-Rain,01-Daylight,MIDBLOCK,Saturday,June,1,HIGHLAND CRES,2,ROAD,LOCAL,10.0,20.0,PAVED,TwoWay,PAVED,6,50,NO ACCESS,N,1970.0,421.581761947381
HIGHLAND CRES,04-At/near private drive,02-Thru lane,02-Rain,01-Daylight,MIDBLOCK,Saturday,June,1,HIGHLAND CRES,2,ROAD,LOCAL,10.0,20.0,PAVED,TwoWay,PAVED,6,50,NO ACCESS,N,1978.0,316.53619688707
HIGHLAND CRES,04-At/near private drive,02-Thru lane,01-Clear,01-Daylight,MIDBLOCK,Sunday,March,1,HIGHLAND CRES,2,ROAD,LOCAL,10.0,20.0,PAVED,TwoWay,PAVED,6,50,NO ACCESS,N,1986.0,102.321058062773
HIGHLAND CRES,04-At/near private drive,02-Thru lane,01-Clear,01-Daylight,MIDBLOCK,Sunday,March,1,HIGHLAND CRES,2,ROAD,LOCAL,10.0,20.0,PAVED,TwoWay,PAVED,6,50,NO ACCESS,N,1970.0,421.581761947381
HIGHLAND CRES,04-At/near private drive,02-Thru lane,01-Clear,01-Daylight,MIDBLOCK,Sunday,March,1,HIGHLAND CRES,2,ROAD,LOCAL,10.0,20.0,PAVED,TwoWay,PAVED,6,50,NO ACCESS,N,1978.0,316.53619688707
HIGHLAND CRES,10-Parking lot,12-Off highway,01-Clear,01-Daylight,MIDBLOCK,Tuesday,December,0,HIGHLAND CRES,2,ROAD,LOCAL,10.0,20.0,PAVED,TwoWay,PAVED,6,50,NO ACCESS,N,1986.0,102.321058062773
HIGHLAND CRES,10-Parking lot,12-Off highway,01-Clear,01-Daylight,MIDBLOCK,Tuesday,December,0,HIGHLAND CRES,2,ROAD,LOCAL,10.0,20.0,PAVED,TwoWay,PAVED,6,50,NO ACCESS,N,1970.0,421.581761947381
HIGHLAND CRES,10-Parking lot,12-Off highway,01-Clear,01-Daylight,MIDBLOCK,Tuesday,December,0,HIGHLAND CRES,2,ROAD,LOCAL,10.0,20.0,PAVED,TwoWay,PAVED,6,50,NO ACCESS,N,1978.0,316.53619688707
HIGHLAND CRES,04-At/near private drive,12-Off highway,01-Clear,01-Daylight,MIDBLOCK,Sunday,May,1,HIGHLAND CRES,2,ROAD,LOCAL,10.0,20.0,PAVED,TwoWay,PAVED,6,50,NO ACCESS,N,1986.0,102.321058062773
HIGHLAND CRES,04-At/near private drive,12-Off highway,01-Clear,01-Daylight,MIDBLOCK,Sunday,May,1,HIGHLAND CRES,2,ROAD,LOCAL,10.0,20.0,PAVED,TwoWay,PAVED,6,50,NO ACCESS,N,1970.0,421.581761947381
HIGHLAND CRES,04-At/near private drive,12-Off highway,01-Clear,01-Daylight,MIDBLOCK,Sunday,May,1,HIGHLAND CRES,2,ROAD,LOCAL,10.0,20.0,PAVED,TwoWay,PAVED,6,50,NO ACCESS,N,1978.0,316.53619688707
HIGHLAND CRES,01-Non intersection,02-Thru lane,01-Clear,"08-Dark, artificial",MIDBLOCK,Saturday,August,1,HIGHLAND CRES,2,ROAD,LOCAL,10.0,20.0,PAVED,TwoWay,PAVED,6,50,NO ACCESS,N,1986.0,102.321058062773
HIGHLAND CRES,01-Non intersection,02-Thru lane,01-Clear,"08-Dark, artificial",MIDBLOCK,Saturday,August,1,HIGHLAND CRES,2,ROAD,LOCAL,10.0,20.0,PAVED,TwoWay,PAVED,6,50,NO ACCESS,N,1970.0,421.581761947381
HIGHLAND CRES,01-Non intersection,02-Thru lane,01-Clear,"08-Dark, artificial",MIDBLOCK,Saturday,August,1,HIGHLAND CRES,2,ROAD,LOCAL,10.0,20.0,PAVED,TwoWay,PAVED,6,50,NO ACCESS,N,1978.0,316.53619688707
HIGHLAND CRES,99-Other,99-Other,01-Clear,01-Daylight,MIDBLOCK,Monday,January,0,HIGHLAND CRES,2,ROAD,LOCAL,10.0,20.0,PAVED,TwoWay,PAVED,6,50,NO ACCESS,N,1986.0,102.321058062773
HIGHLAND CRES,99-Other,99-Other,01-Clear,01-Daylight,MIDBLOCK,Monday,January,0,HIGHLAND CRES,2,ROAD,LOCAL,10.0,20.0,PAVED,TwoWay,PAVED,6,50,NO ACCESS,N,1970.0,421.581761947381
HIGHLAND CRES,99-Other,99-Other,01-Clear,01-Daylight,MIDBLOCK,Monday,January,0,HIGHLAND CRES,2,ROAD,LOCAL,10.0,20.0,PAVED,TwoWay,PAVED,6,50,NO ACCESS,N,1978.0,316.53619688707
HIGHLAND CRES,04-At/near private drive,02-Thru lane,01-Clear,01-Daylight,MIDBLOCK,Sunday,October,1,HIGHLAND CRES,2,ROAD,LOCAL,10.0,20.0,PAVED,TwoWay,PAVED,6,50,NO ACCESS,N,1986.0,102.321058062773
HIGHLAND CRES,04-At/near private drive,02-Thru lane,01-Clear,01-Daylight,MIDBLOCK,Sunday,October,1,HIGHLAND CRES,2,ROAD,LOCAL,10.0,20.0,PAVED,TwoWay,PAVED,6,50,NO ACCESS,N,1970.0,421.581761947381
HIGHLAND CRES,04-At/near private drive,02-Thru lane,01-Clear,01-Daylight,MIDBLOCK,Sunday,October,1,HIGHLAND CRES,2,ROAD,LOCAL,10.0,20.0,PAVED,TwoWay,PAVED,6,50,NO ACCESS,N,1978.0,316.53619688707
PATHFINDER CRES,01-Non intersection,02-Thru lane,01-Clear,01-Daylight,MIDBLOCK,Saturday,February,1,PATHFINDER CRES,2,ROAD,LOCAL,9.0,20.0,PAVED,TwoWay,PAVED,6,50,NO ACCESS,N,1978.0,667.779156151325
PATHFINDER CRES,01-Non intersection,02-Thru lane,01-Clear,01-Daylight,MIDBLOCK,Saturday,February,1,PATHFINDER CRES,2,ROAD,LOCAL,9.0,20.0,PAVED,TwoWay,PAVED,6,50,NO ACCESS,N,1978.0,86.2421802320155
PATHFINDER CRES,01-Non intersection,02-Thru lane,01-Clear,"08-Dark, artificial",MIDBLOCK,Thursday,April,0,PATHFINDER CRES,2,ROAD,LOCAL,9.0,20.0,PAVED,TwoWay,PAVED,6,50,NO ACCESS,N,1978.0,667.779156151325
PATHFINDER CRES,01-Non intersection,02-Thru lane,01-Clear,"08-Dark, artificial",MIDBLOCK,Thursday,April,0,PATHFINDER CRES,2,ROAD,LOCAL,9.0,20.0,PAVED,TwoWay,PAVED,6,50,NO ACCESS,N,1978.0,86.2421802320155
PATHFINDER CRES,01-Non intersection,12-Off highway,01-Clear,01-Daylight,MIDBLOCK,Friday,November,0,PATHFINDER CRES,2,ROAD,LOCAL,9.0,20.0,PAVED,TwoWay,PAVED,6,50,NO ACCESS,N,1978.0,667.779156151325
PATHFINDER CRES,01-Non intersection,12-Off highway,01-Clear,01-Daylight,MIDBLOCK,Friday,November,0,PATHFINDER CRES,2,ROAD,LOCAL,9.0,20.0,PAVED,TwoWay,PAVED,6,50,NO ACCESS,N,1978.0,86.2421802320155
PATHFINDER CRES,04-At/near private drive,02-Thru lane,01-Clear,05-Dusk,MIDBLOCK,Sunday,July,1,PATHFINDER CRES,2,ROAD,LOCAL,9.0,20.0,PAVED,TwoWay,PAVED,6,50,NO ACCESS,N,1978.0,667.779156151325
PATHFINDER CRES,04-At/near private drive,02-Thru lane,01-Clear,05-Dusk,MIDBLOCK,Sunday,July,1,PATHFINDER CRES,2,ROAD,LOCAL,9.0,20.0,PAVED,TwoWay,PAVED,6,50,NO ACCESS,N,1978.0,86.2421802320155
PATHFINDER CRES,04-At/near private drive,09-Right shoulder,01-Clear,01-Daylight,MIDBLOCK,Sunday,June,1,PATHFINDER CRES,2,ROAD,LOCAL,9.0,20.0,PAVED,TwoWay,PAVED,6,50,NO ACCESS,N,1978.0,667.779156151325
PATHFINDER CRES,04-At/near private drive,09-Right shoulder,01-Clear,01-Daylight,MIDBLOCK,Sunday,June,1,PATHFINDER CRES,2,ROAD,LOCAL,9.0,20.0,PAVED,TwoWay,PAVED,6,50,NO ACCESS,N,1978.0,86.2421802320155
WOODPOPPY CRT,04-At/near private drive,02-Thru lane,01-Clear,"08-Dark, artificial",MIDBLOCK,Tuesday,February,0,WOODPOPPY CRT,2,ROAD,LOCAL,9.0,16.0,PAVED,TwoWay,PAVED,6,50,NO ACCESS,N,1997.0,118.16533694621799
WOODPOPPY CRT,04-At/near private drive,02-Thru lane,01-Clear,"08-Dark, artificial",MIDBLOCK,Tuesday,February,0,WOODPOPPY CRT,1,BULB,LOCAL,9.0,40.0,PAVED,FromTo,PAVED,6,50,NO ACCESS,N,1997.0,72.8892176800699
WOODPOPPY CRT,04-At/near private drive,12-Off highway,01-Clear,"08-Dark, artificial",MIDBLOCK,Friday,December,0,WOODPOPPY CRT,2,ROAD,LOCAL,9.0,16.0,PAVED,TwoWay,PAVED,6,50,NO ACCESS,N,1997.0,118.16533694621799
WOODPOPPY CRT,04-At/near private drive,12-Off highway,01-Clear,"08-Dark, artificial",MIDBLOCK,Friday,December,0,WOODPOPPY CRT,1,BULB,LOCAL,9.0,40.0,PAVED,FromTo,PAVED,6,50,NO ACCESS,N,1997.0,72.8892176800699
WOODPOPPY CRT,04-At/near private drive,02-Thru lane,01-Clear,01-Daylight,MIDBLOCK,Sunday,January,1,WOODPOPPY CRT,2,ROAD,LOCAL,9.0,16.0,PAVED,TwoWay,PAVED,6,50,NO ACCESS,N,1997.0,118.16533694621799
WOODPOPPY CRT,04-At/near private drive,02-Thru lane,01-Clear,01-Daylight,MIDBLOCK,Sunday,January,1,WOODPOPPY CRT,1,BULB,LOCAL,9.0,40.0,PAVED,FromTo,PAVED,6,50,NO ACCESS,N,1997.0,72.8892176800699
RALGREEN CRES,01-Non intersection,08-Left shoulder,01-Clear,01-Daylight,MIDBLOCK,Wednesday,August,0,RALGREEN CRES,2,ROAD,LOCAL,9.0,20.0,PAVED,TwoWay,PAVED,6,50,NO ACCESS,N,2005.0,407.775571229076
RALGREEN CRES,04-At/near private drive,02-Thru lane,01-Clear,05-Dusk,MIDBLOCK,Sunday,February,1,RALGREEN CRES,2,ROAD,LOCAL,9.0,20.0,PAVED,TwoWay,PAVED,6,50,NO ACCESS,N,2005.0,407.775571229076
RALGREEN CRES,04-At/near private drive,02-Thru lane,01-Clear,01-Daylight,MIDBLOCK,Tuesday,January,0,RALGREEN CRES,2,ROAD,LOCAL,9.0,20.0,PAVED,TwoWay,PAVED,6,50,NO ACCESS,N,2005.0,407.775571229076
RALGREEN CRES,04-At/near private drive,08-Left shoulder,03-Snow,"08-Dark, artificial",MIDBLOCK,Sunday,February,1,RALGREEN CRES,2,ROAD,LOCAL,9.0,20.0,PAVED,TwoWay,PAVED,6,50,NO ACCESS,N,2005.0,407.775571229076
RALGREEN CRES,01-Non intersection,02-Thru lane,03-Snow,07-Dark,MIDBLOCK,Wednesday,February,0,RALGREEN CRES,2,ROAD,LOCAL,9.0,20.0,PAVED,TwoWay,PAVED,6,50,NO ACCESS,N,2005.0,407.775571229076
RALGREEN CRES,01-Non intersection,11-Not on roadway - right side,01-Clear,07-Dark,MIDBLOCK,Friday,August,0,RALGREEN CRES,2,ROAD,LOCAL,9.0,20.0,PAVED,TwoWay,PAVED,6,50,NO ACCESS,N,2005.0,407.775571229076
RALGREEN CRES,01-Non intersection,02-Thru lane,01-Clear,01-Daylight,MIDBLOCK,Thursday,November,0,RALGREEN CRES,2,ROAD,LOCAL,9.0,20.0,PAVED,TwoWay,PAVED,6,50,NO ACCESS,N,2005.0,407.775571229076
PEACH BLOSSOM CRES,01-Non intersection,02-Thru lane,01-Clear,01-Daylight,MIDBLOCK,Saturday,February,1,PEACH BLOSSOM CRES,2,ROAD,LOCAL,9.0,18.0,PAVED,TwoWay,PAVED,6,50,NO ACCESS,N,2002.0,271.177800395884
PEACH BLOSSOM CRES,01-Non intersection,02-Thru lane,01-Clear,01-Daylight,MIDBLOCK,Saturday,February,1,PEACH BLOSSOM CRES,2,ROAD,LOCAL,8.0,18.0,PAVED,TwoWay,PAVED,6,50,NO ACCESS,N,2002.0,198.04456262317402
PEACH BLOSSOM CRES,04-At/near private drive,02-Thru lane,01-Clear,01-Daylight,MIDBLOCK,Thursday,February,0,PEACH BLOSSOM CRES,2,ROAD,LOCAL,9.0,18.0,PAVED,TwoWay,PAVED,6,50,NO ACCESS,N,2002.0,271.177800395884
PEACH BLOSSOM CRES,04-At/near private drive,02-Thru lane,01-Clear,01-Daylight,MIDBLOCK,Thursday,February,0,PEACH BLOSSOM CRES,2,ROAD,LOCAL,8.0,18.0,PAVED,TwoWay,PAVED,6,50,NO ACCESS,N,2002.0,198.04456262317402