LOCATION,ACCIDENT_LOCATION,IMPACT_LOCATION,ENVIRONMENT_CONDITION,LIGHT,COLLISION_TYPE,DAY_OF_WEEK,MONTH,IS_WEEKEND,STREET,LANES,CATEGORY,SUBCATEGORY,PAVEMENT_WIDTH,ROW_WIDTH,SHOULDER,FLOW_DIRECTION,SURFACE_LAYER_TYPE,OFFICIAL_ROAD_CLASSIFICATION,SPEED_LIMIT_KM,TRUCK_ACCESS,BUS_ROUTE,SERVICE_YEAR,Shape__Length
JACK AVE,04-At/near private drive,02-Thru lane,01-Clear,01-Daylight,MIDBLOCK,Tuesday,September,0,JACK AVE,2,ROAD,LOCAL,9.0,20.0,PAVED,TwoWay,PAVED,6,50,NO ACCESS,N,1954.0,265.643184375812
JACK AVE,04-At/near private drive,99-Other,02-Rain,07-Dark,MIDBLOCK,Monday,March,0,JACK AVE,2,ROAD,LOCAL,9.0,20.0,PAVED,TwoWay,PAVED,6,50,NO ACCESS,N,1954.0,265.643184375812
JACK AVE,01-Non intersection,02-Thru lane,03-Snow,01-Daylight,MIDBLOCK,Tuesday,January,0,JACK AVE,2,ROAD,LOCAL,9.0,20.0,PAVED,TwoWay,PAVED,6,50,NO ACCESS,N,1954.0,265.643184375812
JACK AVE,04-At/near private drive,02-Thru lane,01-Clear,01-Daylight,MIDBLOCK,Thursday,July,0,JACK AVE,2,ROAD,LOCAL,9.0,20.0,PAVED,TwoWay,PAVED,6,50,NO ACCESS,N,1954.0,265.643184375812
JACK AVE,04-At/near private drive,09-Right shoulder,02-Rain,01-Daylight,MIDBLOCK,Thursday,March,0,JACK AVE,2,ROAD,LOCAL,9.0,20.0,PAVED,TwoWay,PAVED,6,50,NO ACCESS,N,1954.0,265.643184375812
HIDDEN VALLEY CRES,01-Non intersection,02-Thru lane,01-Clear,07-Dark,MIDBLOCK,Saturday,November,1,HIDDEN VALLEY CRES,2,ROAD,LOCAL,9.0,18.0,PAVED,TwoWay,PAVED,6,50,NO ACCESS,N,1992.0,794.2728940151599
HIDDEN VALLEY CRES,01-Non intersection,02-Thru lane,01-Clear,07-Dark,MIDBLOCK,Saturday,November,1,HIDDEN VALLEY CRES,2,ROAD,LOCAL,9.0,18.0,PAVED,TwoWay,PAVED,6,50,NO ACCESS,N,1992.0,157.09375468707898
HIDDEN VALLEY CRES,04-At/near private drive,02-Thru lane,01-Clear,01-Daylight,MIDBLOCK,Tuesday,September,0,HIDDEN VALLEY CRES,2,ROAD,LOCAL,9.0,18.0,PAVED,TwoWay,PAVED,6,50,NO ACCESS,N,1992.0,794.2728940151599
HIDDEN VALLEY CRES,04-At/near private drive,02-Thru lane,01-Clear,01-Daylight,MIDBLOCK,Tuesday,September,0,HIDDEN VALLEY CRES,2,ROAD,LOCAL,9.0,18.0,PAVED,TwoWay,PAVED,6,50,NO ACCESS,N,1992.0,157.09375468707898
HIDDEN VALLEY CRES,04-At/near private drive,11-Not on roadway - right side,04-Freezing Rain,07-Dark,MIDBLOCK,Sunday,December,1,HIDDEN VALLEY CRES,2,ROAD,LOCAL,9.0,18.0,PAVED,TwoWay,PAVED,6,50,NO ACCESS,N,1992.0,794.2728940151599
HIDDEN VALLEY CRES,04-At/near private drive,11-Not on roadway - right side,04-Freezing Rain,07-Dark,MIDBLOCK,Sunday,December,1,HIDDEN VALLEY CRES,2,ROAD,LOCAL,9.0,18.0,PAVED,TwoWay,PAVED,6,50,NO ACCESS,N,1992.0,157.09375468707898
HILLBROOK CRES,04-At/near private drive,99-Other,01-Clear,01-Daylight,MIDBLOCK,Saturday,March,1,HILLBROOK CRES,2,ROAD,LOCAL,9.0,20.0,PAVED,TwoWay,PAVED,6,50,NO ACCESS,N,1971.0,526.409039265121
HILLBROOK CRES,04-At/near private drive,02-Thru lane,01-Clear,01-Daylight,MIDBLOCK,Saturday,December,1,HILLBROOK CRES,2,ROAD,LOCAL,9.0,20.0,PAVED,TwoWay,PAVED,6,50,NO ACCESS,N,1971.0,526.409039265121
HILLBROOK CRES,04-At/near private drive,02-Thru lane,01-Clear,01-Daylight,MIDBLOCK,Tuesday,March,0,HILLBROOK CRES,2,ROAD,LOCAL,9.0,20.0,PAVED,TwoWay,PAVED,6,50,NO ACCESS,N,1971.0,526.409039265121
HILLBROOK CRES,04-At/near private drive,02-Thru lane,01-Clear,01-Daylight,MIDBLOCK,Saturday,March,1,HILLBROOK CRES,2,ROAD,LOCAL,9.0,20.0,PAVED,TwoWay,PAVED,6,50,NO ACCESS,N,1971.0,526.409039265121
HILLBROOK CRES,04-At/near private drive,02-Thru lane,01-Clear,01-Daylight,MIDBLOCK,Monday,September,0,HILLBROOK CRES,2,ROAD,LOCAL,9.0,20.0,PAVED,TwoWay,PAVED,6,50,NO ACCESS,N,1971.0,526.409039265121
WILDERNESS DR,01-Non intersection,02-Thru lane,03-Snow,"08-Dark, artificial",MIDBLOCK,Tuesday,December,0,WILDERNESS DR,2,ROAD,LOCAL,9.0,20.0,PAVED,TwoWay,PAVED,6,50,NO ACCESS,Y,1997.0,135.181502560383
WILDERNESS DR,01-Non intersection,02-Thru lane,03-Snow,"08-Dark, artificial",MIDBLOCK,Tuesday,December,0,WILDERNESS DR,2,ROAD,LOCAL,10.0,20.0,PAVED,TwoWay,PAVED,4,50,NO ACCESS,Y,1995.0,113.484897398545
WILDERNESS DR,01-Non intersection,02-Thru lane,03-Snow,"08-Dark, artificial",MIDBLOCK,Tuesday,December,0,WILDERNESS DR,2,ROAD,LOCAL,9.0,20.0,PAVED,TwoWay,PAVED,6,50,NO ACCESS,Y,1997.0,87.63440879256149
WILDERNESS DR,01-Non intersection,02-Thru lane,03-Snow,"08-Dark, artificial",MIDBLOCK,Tuesday,December,0,WILDERNESS DR,2,ROAD,LOCAL,14.0,28.0,PAVED,TwoWay,PAVED,4,50,NO ACCESS,Y,1995.0,109.98690328786999
WILDERNESS DR,01-Non intersection,02-Thru lane,03-Snow,"08-Dark, artificial",MIDBLOCK,Tuesday,December,0,WILDERNESS DR,2,ROAD,LOCAL,10.0,20.0,PAVED,TwoWay,PAVED,6,50,NO ACCESS,Y,1997.0,230.034508200263
WILDERNESS DR,04-At/near private drive,02-Thru lane,01-Clear,01-Daylight,MIDBLOCK,Thursday,August,0,WILDERNESS DR,2,ROAD,LOCAL,9.0,20.0,PAVED,TwoWay,PAVED,6,50,NO ACCESS,Y,1997.0,135.181502560383
WILDERNESS DR,04-At/near private drive,02-Thru lane,01-Clear,01-Daylight,MIDBLOCK,Thursday,August,0,WILDERNESS DR,2,ROAD,LOCAL,10.0,20.0,PAVED,TwoWay,PAVED,4,50,NO ACCESS,Y,1995.0,113.484897398545
WILDERNESS DR,04-At/near private drive,02-Thru lane,01-Clear,01-Daylight,MIDBLOCK,Thursday,August,0,WILDERNESS DR,2,ROAD,LOCAL,9.0,20.0,PAVED,TwoWay,PAVED,6,50,NO ACCESS,Y,1997.0,87.63440879256149
WILDERNESS DR,04-At/near private drive,02-Thru lane,01-Clear,01-Daylight,MIDBLOCK,Thursday,August,0,WILDERNESS DR,2,ROAD,LOCAL,14.0,28.0,PAVED,TwoWay,PAVED,4,50,NO ACCESS,Y,1995.0,109.98690328786999
WILDERNESS DR,04-At/near private drive,02-Thru lane,01-Clear,01-Daylight,MIDBLOCK,Thursday,August,0,WILDERNESS DR,2,ROAD,LOCAL,10.0,20.0,PAVED,TwoWay,PAVED,6,50,NO ACCESS,Y,1997.0,230.034508200263
WILDERNESS DR,01-Non intersection,02-Thru lane,01-Clear,01-Daylight,MIDBLOCK,Thursday,October,0,WILDERNESS DR,2,ROAD,LOCAL,9.0,20.0,PAVED,TwoWay,PAVED,6,50,NO ACCESS,Y,1997.0,135.181502560383
WILDERNESS DR,01-Non intersection,02-Thru lane,01-Clear,01-Daylight,MIDBLOCK,Thursday,October,0,WILDERNESS DR,2,ROAD,LOCAL,10.0,20.0,PAVED,TwoWay,PAVED,4,50,NO ACCESS,Y,1995.0,113.484897398545
WILDERNESS DR,01-Non intersection,02-Thru lane,01-Clear,01-Daylight,MIDBLOCK,Thursday,October,0,WILDERNESS DR,2,ROAD,LOCAL,9.0,20.0,PAVED,TwoWay,PAVED,6,50,NO ACCESS,Y,1997.0,87.63440879256149
WILDERNESS DR,01-Non intersection,02-Thru lane,01-Clear,01-Daylight,MIDBLOCK,Thursday,October,0,WILDERNESS DR,2,ROAD,LOCAL,14.0,28.0,PAVED,TwoWay,PAVED,4,50,NO ACCESS,Y,1995.0,109.98690328786999
WILDERNESS DR,01-Non intersection,02-Thru lane,01-Clear,01-Daylight,MIDBLOCK,Thursday,October,0,WILDERNESS DR,2,ROAD,LOCAL,10.0,20.0,PAVED,TwoWay,PAVED,6,50,NO ACCESS,Y,1997.0,230.034508200263
WILDERNESS DR,04-At/near private drive,02-Thru lane,01-Clear,07-Dark,MIDBLOCK,Friday,January,0,WILDERNESS DR,2,ROAD,LOCAL,9.0,20.0,PAVED,TwoWay,PAVED,6,50,NO ACCESS,Y,1997.0,135.181502560383
WILDERNESS DR,04-At/near private drive,02-Thru lane,01-Clear,07-Dark,MIDBLOCK,Friday,January,0,WILDERNESS DR,2,ROAD,LOCAL,10.0,20.0,PAVED,TwoWay,PAVED,4,50,NO ACCESS,Y,1995.0,113.484897398545
WILDERNESS DR,04-At/near private drive,02-Thru lane,01-Clear,07-Dark,MIDBLOCK,Friday,January,0,WILDERNESS DR,2,ROAD,LOCAL,9.0,20.0,PAVED,TwoWay,PAVED,6,50,NO ACCESS,Y,1997.0,87.63440879256149
WILDERNESS DR,04-At/near private drive,02-Thru lane,01-Clear,07-Dark,MIDBLOCK,Friday,January,0,WILDERNESS DR,2,ROAD,LOCAL,14.0,28.0,PAVED,TwoWay,PAVED,4,50,NO ACCESS,Y,1995.0,109.98690328786999
WILDERNESS DR,04-At/near private drive,02-Thru lane,01-Clear,07-Dark,MIDBLOCK,Friday,January,0,WILDERNESS DR,2,ROAD,LOCAL,10.0,20.0,PAVED,TwoWay,PAVED,6,50,NO ACCESS,Y,1997.0,230.034508200263
WILDERNESS DR,04-At/near private drive,02-Thru lane,01-Clear,01-Daylight,MIDBLOCK,Thursday,January,0,WILDERNESS DR,2,ROAD,LOCAL,9.0,20.0,PAVED,TwoWay,PAVED,6,50,NO ACCESS,Y,1997.0,135.181502560383
WILDERNESS DR,04-At/near private drive,02-Thru lane,01-Clear,01-Daylight,MIDBLOCK,Thursday,January,0,WILDERNESS DR,2,ROAD,LOCAL,10.0,20.0,PAVED,TwoWay,PAVED,4,50,NO ACCESS,Y,1995.0,113.484897398545
WILDERNESS DR,04-At/near private drive,02-Thru lane,01-Clear,01-Daylight,MIDBLOCK,Thursday,January,0,WILDERNESS DR,2,ROAD,LOCAL,9.0,20.0,PAVED,TwoWay,PAVED,6,50,NO ACCESS,Y,1997.0,87.63440879256149
WILDERNESS DR,04-At/near private drive,02-Thru lane,01-Clear,01-Daylight,MIDBLOCK,Thursday,January,0,WILDERNESS DR,2,ROAD,LOCAL,14.0,28.0,PAVED,TwoWay,PAVED,4,50,NO ACCESS,Y,1995.0,109.98690328786999
WILDERNESS DR,04-At/near private drive,02-Thru lane,01-Clear,01-Daylight,MIDBLOCK,Thursday,January,0,WILDERNESS DR,2,ROAD,LOCAL,10.0,20.0,PAVED,TwoWay,PAVED,6,50,NO ACCESS,Y,1997.0,230.034508200263
WILDERNESS DR,04-At/near private drive,09-Right shoulder,01-Clear,07-Dark,MIDBLOCK,Friday,March,0,WILDERNESS DR,2,ROAD,LOCAL,9.0,20.0,PAVED,TwoWay,PAVED,6,50,NO ACCESS,Y,1997.0,135.181502560383
WILDERNESS DR,04-At/near private drive,09-Right shoulder,01-Clear,07-Dark,MIDBLOCK,Friday,March,0,WILDERNESS DR,2,ROAD,LOCAL,10.0,20.0,PAVED,TwoWay,PAVED,4,50,NO ACCESS,Y,1995.0,113.484897398545
WILDERNESS DR,04-At/near private drive,09-Right shoulder,01-Clear,07-Dark,MIDBLOCK,Friday,March,0,WILDERNESS DR,2,ROAD,LOCAL,9.0,20.0,PAVED,TwoWay,PAVED,6,50,NO ACCESS,Y,1997.0,87.63440879256149
WILDERNESS DR,04-At/near private drive,09-Right shoulder,01-Clear,07-Dark,MIDBLOCK,Friday,March,0,WILDERNESS DR,2,ROAD,LOCAL,14.0,28.0,PAVED,TwoWay,PAVED,4,50,NO ACCESS,Y,1995.0,109.98690328786999
WILDERNESS DR,04-At/near private drive,09-Right shoulder,01-Clear,07-Dark,MIDBLOCK,Friday,March,0,WILDERNESS DR,2,ROAD,LOCAL,10.0,20.0,PAVED,TwoWay,PAVED,6,50,NO ACCESS,Y,1997.0,230.034508200263
WILDERNESS DR,01-Non intersection,02-Thru lane,03-Snow,07-Dark,MIDBLOCK,Sunday,March,1,WILDERNESS DR,2,ROAD,LOCAL,9.0,20.0,PAVED,TwoWay,PAVED,6,50,NO ACCESS,Y,1997.0,135.181502560383
WILDERNESS DR,01-Non intersection,02-Thru lane,03-Snow,07-Dark,MIDBLOCK,Sunday,March,1,WILDERNESS DR,2,ROAD,LOCAL,10.0,20.0,PAVED,TwoWay,PAVED,4,50,NO ACCESS,Y,1995.0,113.484897398545
WILDERNESS DR,01-Non intersection,02-Thru lane,03-Snow,07-Dark,MIDBLOCK,Sunday,March,1,WILDERNESS DR,2,ROAD,LOCAL,9.0,20.0,PAVED,TwoWay,PAVED,6,50,NO ACCESS,Y,1997.0,87.63440879256149
WILDERNESS DR,01-Non intersection,02-Thru lane,03-Snow,07-Dark,MIDBLOCK,Sunday,March,1,WILDERNESS DR,2,ROAD,LOCAL,14.0,28.0,PAVED,TwoWay,PAVED,4,50,NO ACCESS,Y,1995.0,109.98690328786999
WILDERNESS DR,01-Non intersection,02-Thru lane,03-Snow,07-Dark,MIDBLOCK,Sunday,March,1,WILDERNESS DR,2,ROAD,LOCAL,10.0,20.0,PAVED,TwoWay,PAVED,6,50,NO ACCESS,Y,1997.0,230.034508200263
WILDERNESS DR,01-Non intersection,11-Not on roadway - right side,01-Clear,01-Daylight,MIDBLOCK,Friday,July,0,WILDERNESS DR,2,ROAD,LOCAL,9.0,20.0,PAVED,TwoWay,PAVED,6,50,NO ACCESS,Y,1997.0,135.181502560383
WILDERNESS DR,01-Non intersection,11-Not on roadway - right side,01-Clear,01-Daylight,MIDBLOCK,Friday,July,0,WILDERNESS DR,2,ROAD,LOCAL,10.0,20.0,PAVED,TwoWay,PAVED,4,50,NO ACCESS,Y,1995.0,113.484897398545
WILDERNESS DR,01-Non intersection,11-Not on roadway - right side,01-Clear,01-Daylight,MIDBLOCK,Friday,July,0,WILDERNESS DR,2,ROAD,LOCAL,9.0,20.0,PAVED,TwoWay,PAVED,6,50,NO ACCESS,Y,1997.0,87.63440879256149
WILDERNESS DR,01-Non intersection,11-Not on roadway - right side,01-Clear,01-Daylight,MIDBLOCK,Friday,July,0,WILDERNESS DR,2,ROAD,LOCAL,14.0,28.0,PAVED,TwoWay,PAVED,4,50,NO ACCESS,Y,1995.0,109.98690328786999
WILDERNESS DR,01-Non intersection,11-Not on roadway - right side,01-Clear,01-Daylight,MIDBLOCK,Friday,July,0,WILDERNESS DR,2,ROAD,LOCAL,10.0,20.0,PAVED,TwoWay,PAVED,6,50,NO ACCESS,Y,1997.0,230.034508200263
WILDERNESS DR,99-Other,12-Off highway,01-Clear,01-Daylight,MIDBLOCK,Wednesday,October,0,WILDERNESS DR,2,ROAD,LOCAL,9.0,20.0,PAVED,TwoWay,PAVED,6,50,NO ACCESS,Y,1997.0,135.181502560383
WILDERNESS DR,99-Other,12-Off highway,01-Clear,01-Daylight,MIDBLOCK,Wednesday,October,0,WILDERNESS DR,2,ROAD,LOCAL,10.0,20.0,PAVED,TwoWay,PAVED,4,50,NO ACCESS,Y,1995.0,113.484897398545
WILDERNESS DR,99-Other,12-Off highway,01-Clear,01-Daylight,MIDBLOCK,Wednesday,October,0,WILDERNESS DR,2,ROAD,LOCAL,9.0,20.0,PAVED,TwoWay,PAVED,6,50,NO ACCESS,Y,1997.0,87.63440879256149
WILDERNESS DR,99-Other,12-Off highway,01-Clear,01-Daylight,MIDBLOCK,Wednesday,October,0,WILDERNESS DR,2,ROAD,LOCAL,14.0,28.0,PAVED,TwoWay,PAVED,4,50,NO ACCESS,Y,1995.0,109.98690328786999
WILDERNESS DR,99-Other,12-Off highway,01-Clear,01-Daylight,MIDBLOCK,Wednesday,October,0,WILDERNESS DR,2,ROAD,LOCAL,10.0,20.0,PAVED,TwoWay,PAVED,6,50,NO ACCESS,Y,1997.0,230.034508200263
WILDERNESS DR,01-Non intersection,09-Right shoulder,01-Clear,07-Dark,MIDBLOCK,Thursday,October,0,WILDERNESS DR,2,ROAD,LOCAL,9.0,20.0,PAVED,TwoWay,PAVED,6,50,NO ACCESS,Y,1997.0,135.181502560383
WILDERNESS DR,01-Non intersection,09-Right shoulder,01-Clear,07-Dark,MIDBLOCK,Thursday,October,0,WILDERNESS DR,2,ROAD,LOCAL,10.0,20.0,PAVED,TwoWay,PAVED,4,50,NO ACCESS,Y,1995.0,113.484897398545
WILDERNESS DR,01-Non intersection,09-Right shoulder,01-Clear,07-Dark,MIDBLOCK,Thursday,October,0,WILDERNESS DR,2,ROAD,LOCAL,9.0,20.0,PAVED,TwoWay,PAVED,6,50,NO ACCESS,Y,1997.0,87.63440879256149
WILDERNESS DR,01-Non intersection,09-Right shoulder,01-Clear,07-Dark,MIDBLOCK,Thursday,October,0,WILDERNESS DR,2,ROAD,LOCAL,14.0,28.0,PAVED,TwoWay,PAVED,4,50,NO ACCESS,Y,1995.0,109.98690328786999
WILDERNESS DR,01-Non intersection,09-Right shoulder,01-Clear,07-Dark,MIDBLOCK,Thursday,October,0,WILDERNESS DR,2,ROAD,LOCAL,10.0,20.0,PAVED,TwoWay,PAVED,6,50,NO ACCESS,Y,1997.0,230.034508200263
WILDERNESS DR,04-At/near private drive,02-Thru lane,01-Clear,01-Daylight,MIDBLOCK,Saturday,February,1,WILDERNESS DR,2,ROAD,LOCAL,9.0,20.0,PAVED,TwoWay,PAVED,6,50,NO ACCESS,Y,1997.0,135.181502560383
WILDERNESS DR,04-At/near private drive,02-Thru lane,01-Clear,01-Daylight,MIDBLOCK,Saturday,February,1,WILDERNESS DR,2,ROAD,LOCAL,10.0,20.0,PAVED,TwoWay,PAVED,4,50,NO ACCESS,Y,1995.0,113.484897398545
WILDERNESS DR,04-At/near private drive,02-Thru lane,01-Clear,01-Daylight,MIDBLOCK,Saturday,February,1,WILDERNESS DR,2,ROAD,LOCAL,9.0,20.0,PAVED,TwoWay,PAVED,6,50,NO ACCESS,Y,1997.0,87.63440879256149
WILDERNESS DR,04-At/near private drive,02-Thru lane,01-Clear,01-Daylight,MIDBLOCK,Saturday,February,1,WILDERNESS DR,2,ROAD,LOCAL,14.0,28.0,PAVED,TwoWay,PAVED,4,50,NO ACCESS,Y,1995.0,109.98690328786999
WILDERNESS DR,04-At/near private drive,02-Thru lane,01-Clear,01-Daylight,MIDBLOCK,Saturday,February,1,WILDERNESS DR,2,ROAD,LOCAL,10.0,20.0,PAVED,TwoWay,PAVED,6,50,NO ACCESS,Y,1997.0,230.034508200263
WILDERNESS DR,01-Non intersection,02-Thru lane,01-Clear,01-Daylight,MIDBLOCK,Friday,September,0,WILDERNESS DR,2,ROAD,LOCAL,9.0,20.0,PAVED,TwoWay,PAVED,6,50,NO ACCESS,Y,1997.0,135.181502560383
WILDERNESS DR,01-Non intersection,02-Thru lane,01-Clear,01-Daylight,MIDBLOCK,Friday,September,0,WILDERNESS DR,2,ROAD,LOCAL,10.0,20.0,PAVED,TwoWay,PAVED,4,50,NO ACCESS,Y,1995.0,113.484897398545
WILDERNESS DR,01-Non intersection,02-Thru lane,01-Clear,01-Daylight,MIDBLOCK,Friday,September,0,WILDERNESS DR,2,ROAD,LOCAL,9.0,20.0,PAVED,TwoWay,PAVED,6,50,NO ACCESS,Y,1997.0,87.63440879256149
WILDERNESS DR,01-Non intersection,02-Thru lane,01-Clear,01-Daylight,MIDBLOCK,Friday,September,0,WILDERNESS DR,2,ROAD,LOCAL,14.0,28.0,PAVED,TwoWay,PAVED,4,50,NO ACCESS,Y,1995.0,109.98690328786999
WILDERNESS DR,01-Non intersection,02-Thru lane,01-Clear,01-Daylight,MIDBLOCK,Friday,September,0,WILDERNESS DR,2,ROAD,LOCAL,10.0,20.0,PAVED,TwoWay,PAVED,6,50,NO ACCESS,Y,1997.0,230.034508200263
WILDERNESS DR,01-Non intersection,02-Thru lane,03-Snow,07-Dark,MIDBLOCK,Saturday,January,1,WILDERNESS DR,2,ROAD,LOCAL,9.0,20.0,PAVED,TwoWay,PAVED,6,50,NO ACCESS,Y,1997.0,135.181502560383
WILDERNESS DR,01-Non intersection,02-Thru lane,03-Snow,07-Dark,MIDBLOCK,Saturday,January,1,WILDERNESS DR,2,ROAD,LOCAL,10.0,20.0,PAVED,TwoWay,PAVED,4,50,NO ACCESS,Y,1995.0,113.484897398545
WILDERNESS DR,01-Non intersection,02-Thru lane,03-Snow,07-Dark,MIDBLOCK,Saturday,January,1,WILDERNESS DR,2,ROAD,LOCAL,9.0,20.0,PAVED,TwoWay,PAVED,6,50,NO ACCESS,Y,1997.0,87.63440879256149
WILDERNESS DR,01-Non intersection,02-Thru lane,03-Snow,07-Dark,MIDBLOCK,Saturday,January,1,WILDERNESS DR,2,ROAD,LOCAL,14.0,28.0,PAVED,TwoWay,PAVED,4,50,NO ACCESS,Y,1995.0,109.98690328786999
WILDERNESS DR,01-Non intersection,02-Thru lane,03-Snow,07-Dark,MIDBLOCK,Saturday,January,1,WILDERNESS DR,2,ROAD,LOCAL,10.0,20.0,PAVED,TwoWay,PAVED,6,50,NO ACCESS,Y,1997.0,230.034508200263
WILDERNESS DR,01-Non intersection,02-Thru lane,01-Clear,01-Daylight,MIDBLOCK,Saturday,December,1,WILDERNESS DR,2,ROAD,LOCAL,9.0,20.0,PAVED,TwoWay,PAVED,6,50,NO ACCESS,Y,1997.0,135.181502560383
WILDERNESS DR,01-Non intersection,02-Thru lane,01-Clear,01-Daylight,MIDBLOCK,Saturday,December,1,WILDERNESS DR,2,ROAD,LOCAL,10.0,20.0,PAVED,TwoWay,PAVED,4,50,NO ACCESS,Y,1995.0,113.484897398545
WILDERNESS DR,01-Non intersection,02-Thru lane,01-Clear,01-Daylight,MIDBLOCK,Saturday,December,1,WILDERNESS DR,2,ROAD,LOCAL,9.0,20.0,PAVED,TwoWay,PAVED,6,50,NO ACCESS,Y,1997.0,87.63440879256149
WILDERNESS DR,01-Non intersection,02-Thru lane,01-Clear,01-Daylight,MIDBLOCK,Saturday,December,1,WILDERNESS DR,2,ROAD,LOCAL,14.0,28.0,PAVED,TwoWay,PAVED,4,50,NO ACCESS,Y,1995.0,109.98690328786999
WILDERNESS DR,01-Non intersection,02-Thru lane,01-Clear,01-Daylight,MIDBLOCK,Saturday,December,1,WILDERNESS DR,2,ROAD,LOCAL,10.0,20.0,PAVED,TwoWay,PAVED,6,50,NO ACCESS,Y,1997.0,230.034508200263
BELWOOD CRES,01-Non intersection,11-Not on roadway - right side,04-Freezing Rain,"08-Dark, artificial",MIDBLOCK,Tuesday,December,0,BELWOOD CRES,2,ROAD,LOCAL,7.0,16.0,PAVED,TwoWay,PAVED,6,50,NO ACCESS,N,1967.0,458.13040691176695
BELWOOD CRES,04-At/near private drive,02-Thru lane,01-Clear,01-Daylight,MIDBLOCK,Thursday,December,0,BELWOOD CRES,2,ROAD,LOCAL,7.0,16.0,PAVED,TwoWay,PAVED,6,50,NO ACCESS,N,1967.0,458.13040691176695
BELWOOD CRES,01-Non intersection,09-Right shoulder,01-Clear,"08-Dark, artificial",MIDBLOCK,Sunday,February,1,BELWOOD CRES,2,ROAD,LOCAL,7.0,16.0,PAVED,TwoWay,PAVED,6,50,NO ACCESS,N,1967.0,458.13040691176695
DOON VILLAGE RD,04-At/near private drive,02-Thru lane,01-Clear,01-Daylight,MIDBLOCK,Tuesday,October,0,DOON VILLAGE RD,2,ROAD,LOCAL,7.0,30.0,PAVED,TwoWay,PAVED,3,40,NO ACCESS,N,1860.0,176.08962726270698
DOON VILLAGE RD,04-At/near private drive,02-Thru lane,01-Clear,01-Daylight,MIDBLOCK,Tuesday,October,0,DOON VILLAGE RD,2,ROAD,LOCAL,6.0,30.0,PAVED,TwoWay,PAVED,3,40,NO ACCESS,N,1954.0,69.1378225000138
DOON VILLAGE RD,04-At/near private drive,02-Thru lane,01-Clear,01-Daylight,MIDBLOCK,Tuesday,October,0,DOON VILLAGE RD,4,ROAD,MINOR,15.0,29.0,PAVED,TwoWay,PAVED,3,50,NO ACCESS,Y,1999.0,178.498176720963
DOON VILLAGE RD,04-At/near private drive,02-Thru lane,01-Clear,01-Daylight,MIDBLOCK,Tuesday,October,0,DOON VILLAGE RD,2,ROAD,LOCAL,9.0,14.0,PAVED,TwoWay,PAVED,7,50,NO ACCESS,N,1943.0,317.496189878341
DOON VILLAGE RD,04-At/near private drive,02-Thru lane,01-Clear,01-Daylight,MIDBLOCK,Tuesday,October,0,DOON VILLAGE RD,4,ROAD,MINOR,18.0,27.0,PAVED,TwoWay,PAVED,3,50,NO ACCESS,Y,1988.0,124.548552715414
DOON VILLAGE RD,04-At/near private drive,02-Thru lane,01-Clear,01-Daylight,MIDBLOCK,Tuesday,October,0,DOON VILLAGE RD,4,ROAD,MINOR,15.0,26.0,PAVED,TwoWay,PAVED,3,50,NO ACCESS,Y,1988.0,166.821991371461
DOON VILLAGE RD,04-At/near private drive,02-Thru lane,01-Clear,01-Daylight,MIDBLOCK,Tuesday,October,0,DOON VILLAGE RD,2,ROAD,MINOR,7.0,30.0,PAVED,TwoWay,PAVED,7,50,NO ACCESS,N,1860.0,308.72172265995897
DOON VILLAGE RD,04-At/near private drive,02-Thru lane,01-Clear,01-Daylight,MIDBLOCK,Tuesday,October,0,DOON VILLAGE RD,2,ROAD,LOCAL,6.0,30.0,PAVED,TwoWay,PAVED,6,50,NO ACCESS,N,1998.0,48.9277932718804
DOON VILLAGE RD,04-At/near private drive,02-Thru lane,01-Clear,01-Daylight,MIDBLOCK,Tuesday,October,0,DOON VILLAGE RD,4,ROAD,MINOR,15.0,27.0,PAVED,TwoWay,PAVED,3,50,NO ACCESS,Y,1999.0,400.528706930158
DOON VILLAGE RD,04-At/near private drive,02-Thru lane,01-Clear,01-Daylight,MIDBLOCK,Tuesday,October,0,DOON VILLAGE RD,2,ROAD,MINOR,6.0,31.0,PAVED,TwoWay,PAVED,3,40,NO ACCESS,N,1963.0,63.0366832954382
DOON VILLAGE RD,04-At/near private drive,02-Thru lane,01-Clear,01-Daylight,MIDBLOCK,Tuesday,October,0,DOON VILLAGE RD,2,ROAD,MINOR,7.0,27.0,PAVED,TwoWay,PAVED,3,50,NO ACCESS,N,2005.0,203.836186188264
DOON VILLAGE RD,04-At/near private drive,02-Thru lane,01-Clear,01-Daylight,MIDBLOCK,Tuesday,October,0,DOON VILLAGE RD,4,ROAD,MINOR,17.0,30.0,PAVED,TwoWay,PAVED,3,50,NO ACCESS,Y,1988.0,58.0114556797744
DOON VILLAGE RD,04-At/near private drive,02-Thru lane,01-Clear,01-Daylight,MIDBLOCK,Tuesday,October,0,DOON VILLAGE RD,2,ROAD,MINOR,6.0,30.0,PAVED,TwoWay,PAVED,7,40,NO ACCESS,N,1860.0,185.58453335119597
DOON VILLAGE RD,04-At/near private drive,02-Thru lane,01-Clear,01-Daylight,MIDBLOCK,Tuesday,October,0,DOON VILLAGE RD,2,ROAD,MINOR,6.0,30.0,PAVED,TwoWay,PAVED,7,50,NO ACCESS,N,1855.0,472.482017024171
DOON VILLAGE RD,04-At/near private drive,02-Thru lane,01-Clear,01-Daylight,MIDBLOCK,Tuesday,October,0,DOON VILLAGE RD,4,ROAD,MINOR,15.0,28.0,PAVED,TwoWay,PAVED,3,50,NO ACCESS,Y,1988.0,92.56568791860191