LOCATION,ACCIDENT_LOCATION,IMPACT_LOCATION,ENVIRONMENT_CONDITION,LIGHT,COLLISION_TYPE,DAY_OF_WEEK,MONTH,IS_WEEKEND,STREET,LANES,CATEGORY,SUBCATEGORY,PAVEMENT_WIDTH,ROW_WIDTH,SHOULDER,FLOW_DIRECTION,SURFACE_LAYER_TYPE,OFFICIAL_ROAD_CLASSIFICATION,SPEED_LIMIT_KM,TRUCK_ACCESS,BUS_ROUTE,SERVICE_YEAR,Shape__Length
DOON VILLAGE RD,01-Non intersection,02-Thru lane,01-Clear,01-Daylight,MIDBLOCK,Monday,June,0,DOON VILLAGE RD,2,ROAD,LOCAL,7.0,30.0,PAVED,TwoWay,PAVED,3,40,NO ACCESS,N,1860.0,176.08962726270698
DOON VILLAGE RD,01-Non intersection,02-Thru lane,01-Clear,01-Daylight,MIDBLOCK,Monday,June,0,DOON VILLAGE RD,2,ROAD,LOCAL,6.0,30.0,PAVED,TwoWay,PAVED,3,40,NO ACCESS,N,1954.0,69.1378225000138
DOON VILLAGE RD,01-Non intersection,02-Thru lane,01-Clear,01-Daylight,MIDBLOCK,Monday,June,0,DOON VILLAGE RD,4,ROAD,MINOR,15.0,29.0,PAVED,TwoWay,PAVED,3,50,NO ACCESS,Y,1999.0,178.498176720963
DOON VILLAGE RD,01-Non intersection,02-Thru lane,01-Clear,01-Daylight,MIDBLOCK,Monday,June,0,DOON VILLAGE RD,2,ROAD,LOCAL,9.0,14.0,PAVED,TwoWay,PAVED,7,50,NO ACCESS,N,1943.0,317.496189878341
DOON VILLAGE RD,01-Non intersection,02-Thru lane,01-Clear,01-Daylight,MIDBLOCK,Monday,June,0,DOON VILLAGE RD,4,ROAD,MINOR,18.0,27.0,PAVED,TwoWay,PAVED,3,50,NO ACCESS,Y,1988.0,124.548552715414
DOON VILLAGE RD,01-Non intersection,02-Thru lane,01-Clear,01-Daylight,MIDBLOCK,Monday,June,0,DOON VILLAGE RD,4,ROAD,MINOR,15.0,26.0,PAVED,TwoWay,PAVED,3,50,NO ACCESS,Y,1988.0,166.821991371461
DOON VILLAGE RD,01-Non intersection,02-Thru lane,01-Clear,01-Daylight,MIDBLOCK,Monday,June,0,DOON VILLAGE RD,2,ROAD,MINOR,7.0,30.0,PAVED,TwoWay,PAVED,7,50,NO ACCESS,N,1860.0,308.72172265995897
DOON VILLAGE RD,01-Non intersection,02-Thru lane,01-Clear,01-Daylight,MIDBLOCK,Monday,June,0,DOON VILLAGE RD,2,ROAD,LOCAL,6.0,30.0,PAVED,TwoWay,PAVED,6,50,NO ACCESS,N,1998.0,48.9277932718804
DOON VILLAGE RD,01-Non intersection,02-Thru lane,01-Clear,01-Daylight,MIDBLOCK,Monday,June,0,DOON VILLAGE RD,4,ROAD,MINOR,15.0,27.0,PAVED,TwoWay,PAVED,3,50,NO ACCESS,Y,1999.0,400.528706930158
DOON VILLAGE RD,01-Non intersection,02-Thru lane,01-Clear,01-Daylight,MIDBLOCK,Monday,June,0,DOON VILLAGE RD,2,ROAD,MINOR,6.0,31.0,PAVED,TwoWay,PAVED,3,40,NO ACCESS,N,1963.0,63.0366832954382
DOON VILLAGE RD,01-Non intersection,02-Thru lane,01-Clear,01-Daylight,MIDBLOCK,Monday,June,0,DOON VILLAGE RD,2,ROAD,MINOR,7.0,27.0,PAVED,TwoWay,PAVED,3,50,NO ACCESS,N,2005.0,203.836186188264
DOON VILLAGE RD,01-Non intersection,02-Thru lane,01-Clear,01-Daylight,MIDBLOCK,Monday,June,0,DOON VILLAGE RD,4,ROAD,MINOR,17.0,30.0,PAVED,TwoWay,PAVED,3,50,NO ACCESS,Y,1988.0,58.0114556797744
DOON VILLAGE RD,01-Non intersection,02-Thru lane,01-Clear,01-Daylight,MIDBLOCK,Monday,June,0,DOON VILLAGE RD,2,ROAD,MINOR,6.0,30.0,PAVED,TwoWay,PAVED,7,40,NO ACCESS,N,1860.0,185.58453335119597
DOON VILLAGE RD,01-Non intersection,02-Thru lane,01-Clear,01-Daylight,MIDBLOCK,Monday,June,0,DOON VILLAGE RD,2,ROAD,MINOR,6.0,30.0,PAVED,TwoWay,PAVED,7,50,NO ACCESS,N,1855.0,472.482017024171
DOON VILLAGE RD,01-Non intersection,02-Thru lane,01-Clear,01-Daylight,MIDBLOCK,Monday,June,0,DOON VILLAGE RD,4,ROAD,MINOR,15.0,28.0,PAVED,TwoWay,PAVED,3,50,NO ACCESS,Y,1988.0,92.56568791860191
DOON VILLAGE RD,01-Non intersection,08-Left shoulder,01-Clear,07-Dark,MIDBLOCK,Monday,February,0,DOON VILLAGE RD,2,ROAD,LOCAL,7.0,30.0,PAVED,TwoWay,PAVED,3,40,NO ACCESS,N,1860.0,176.08962726270698
DOON VILLAGE RD,01-Non intersection,08-Left shoulder,01-Clear,07-Dark,MIDBLOCK,Monday,February,0,DOON VILLAGE RD,2,ROAD,LOCAL,6.0,30.0,PAVED,TwoWay,PAVED,3,40,NO ACCESS,N,1954.0,69.1378225000138
DOON VILLAGE RD,01-Non intersection,08-Left shoulder,01-Clear,07-Dark,MIDBLOCK,Monday,February,0,DOON VILLAGE RD,4,ROAD,MINOR,15.0,29.0,PAVED,TwoWay,PAVED,3,50,NO ACCESS,Y,1999.0,178.498176720963
DOON VILLAGE RD,01-Non intersection,08-Left shoulder,01-Clear,07-Dark,MIDBLOCK,Monday,February,0,DOON VILLAGE RD,2,ROAD,LOCAL,9.0,14.0,PAVED,TwoWay,PAVED,7,50,NO ACCESS,N,1943.0,317.496189878341
DOON VILLAGE RD,01-Non intersection,08-Left shoulder,01-Clear,07-Dark,MIDBLOCK,Monday,February,0,DOON VILLAGE RD,4,ROAD,MINOR,18.0,27.0,PAVED,TwoWay,PAVED,3,50,NO ACCESS,Y,1988.0,124.548552715414
DOON VILLAGE RD,01-Non intersection,08-Left shoulder,01-Clear,07-Dark,MIDBLOCK,Monday,February,0,DOON VILLAGE RD,4,ROAD,MINOR,15.0,26.0,PAVED,TwoWay,PAVED,3,50,NO ACCESS,Y,1988.0,166.821991371461
DOON VILLAGE RD,01-Non intersection,08-Left shoulder,01-Clear,07-Dark,MIDBLOCK,Monday,February,0,DOON VILLAGE RD,2,ROAD,MINOR,7.0,30.0,PAVED,TwoWay,PAVED,7,50,NO ACCESS,N,1860.0,308.72172265995897
DOON VILLAGE RD,01-Non intersection,08-Left shoulder,01-Clear,07-Dark,MIDBLOCK,Monday,February,0,DOON VILLAGE RD,2,ROAD,LOCAL,6.0,30.0,PAVED,TwoWay,PAVED,6,50,NO ACCESS,N,1998.0,48.9277932718804
DOON VILLAGE RD,01-Non intersection,08-Left shoulder,01-Clear,07-Dark,MIDBLOCK,Monday,February,0,DOON VILLAGE RD,4,ROAD,MINOR,15.0,27.0,PAVED,TwoWay,PAVED,3,50,NO ACCESS,Y,1999.0,400.528706930158
DOON VILLAGE RD,01-Non intersection,08-Left shoulder,01-Clear,07-Dark,MIDBLOCK,Monday,February,0,DOON VILLAGE RD,2,ROAD,MINOR,6.0,31.0,PAVED,TwoWay,PAVED,3,40,NO ACCESS,N,1963.0,63.0366832954382
DOON VILLAGE RD,01-Non intersection,08-Left shoulder,01-Clear,07-Dark,MIDBLOCK,Monday,February,0,DOON VILLAGE RD,2,ROAD,MINOR,7.0,27.0,PAVED,TwoWay,PAVED,3,50,NO ACCESS,N,2005.0,203.836186188264
DOON VILLAGE RD,01-Non intersection,08-Left shoulder,01-Clear,07-Dark,MIDBLOCK,Monday,February,0,DOON VILLAGE RD,4,ROAD,MINOR,17.0,30.0,PAVED,TwoWay,PAVED,3,50,NO ACCESS,Y,1988.0,58.0114556797744
DOON VILLAGE RD,01-Non intersection,08-Left shoulder,01-Clear,07-Dark,MIDBLOCK,Monday,February,0,DOON VILLAGE RD,2,ROAD,MINOR,6.0,30.0,PAVED,TwoWay,PAVED,7,40,NO ACCESS,N,1860.0,185.58453335119597
DOON VILLAGE RD,01-Non intersection,08-Left shoulder,01-Clear,07-Dark,MIDBLOCK,Monday,February,0,DOON VILLAGE RD,2,ROAD,MINOR,6.0,30.0,PAVED,TwoWay,PAVED,7,50,NO ACCESS,N,1855.0,472.482017024171
DOON VILLAGE RD,01-Non intersection,08-Left shoulder,01-Clear,07-Dark,MIDBLOCK,Monday,February,0,DOON VILLAGE RD,4,ROAD,MINOR,15.0,28.0,PAVED,TwoWay,PAVED,3,50,NO ACCESS,Y,1988.0,92.56568791860191
DOON VILLAGE RD,04-At/near private drive,02-Thru lane,01-Clear,01-Daylight,MIDBLOCK,Saturday,March,1,DOON VILLAGE RD,2,ROAD,LOCAL,7.0,30.0,PAVED,TwoWay,PAVED,3,40,NO ACCESS,N,1860.0,176.08962726270698
DOON VILLAGE RD,04-At/near private drive,02-Thru lane,01-Clear,01-Daylight,MIDBLOCK,Saturday,March,1,DOON VILLAGE RD,2,ROAD,LOCAL,6.0,30.0,PAVED,TwoWay,PAVED,3,40,NO ACCESS,N,1954.0,69.1378225000138
DOON VILLAGE RD,04-At/near private drive,02-Thru lane,01-Clear,01-Daylight,MIDBLOCK,Saturday,March,1,DOON VILLAGE RD,4,ROAD,MINOR,15.0,29.0,PAVED,TwoWay,PAVED,3,50,NO ACCESS,Y,1999.0,178.498176720963
DOON VILLAGE RD,04-At/near private drive,02-Thru lane,01-Clear,01-Daylight,MIDBLOCK,Saturday,March,1,DOON VILLAGE RD,2,ROAD,LOCAL,9.0,14.0,PAVED,TwoWay,PAVED,7,50,NO ACCESS,N,1943.0,317.496189878341
DOON VILLAGE RD,04-At/near private drive,02-Thru lane,01-Clear,01-Daylight,MIDBLOCK,Saturday,March,1,DOON VILLAGE RD,4,ROAD,MINOR,18.0,27.0,PAVED,TwoWay,PAVED,3,50,NO ACCESS,Y,1988.0,124.548552715414
DOON VILLAGE RD,04-At/near private drive,02-Thru lane,01-Clear,01-Daylight,MIDBLOCK,Saturday,March,1,DOON VILLAGE RD,4,ROAD,MINOR,15.0,26.0,PAVED,TwoWay,PAVED,3,50,NO ACCESS,Y,1988.0,166.821991371461
DOON VILLAGE RD,04-At/near private drive,02-Thru lane,01-Clear,01-Daylight,MIDBLOCK,Saturday,March,1,DOON VILLAGE RD,2,ROAD,MINOR,7.0,30.0,PAVED,TwoWay,PAVED,7,50,NO ACCESS,N,1860.0,308.72172265995897
DOON VILLAGE RD,04-At/near private drive,02-Thru lane,01-Clear,01-Daylight,MIDBLOCK,Saturday,March,1,DOON VILLAGE RD,2,ROAD,LOCAL,6.0,30.0,PAVED,TwoWay,PAVED,6,50,NO ACCESS,N,1998.0,48.9277932718804
DOON VILLAGE RD,04-At/near private drive,02-Thru lane,01-Clear,01-Daylight,MIDBLOCK,Saturday,March,1,DOON VILLAGE RD,4,ROAD,MINOR,15.0,27.0,PAVED,TwoWay,PAVED,3,50,NO ACCESS,Y,1999.0,400.528706930158
DOON VILLAGE RD,04-At/near private drive,02-Thru lane,01-Clear,01-Daylight,MIDBLOCK,Saturday,March,1,DOON VILLAGE RD,2,ROAD,MINOR,6.0,31.0,PAVED,TwoWay,PAVED,3,40,NO ACCESS,N,1963.0,63.0366832954382
DOON VILLAGE RD,04-At/near private drive,02-Thru lane,01-Clear,01-Daylight,MIDBLOCK,Saturday,March,1,DOON VILLAGE RD,2,ROAD,MINOR,7.0,27.0,PAVED,TwoWay,PAVED,3,50,NO ACCESS,N,2005.0,203.836186188264
DOON VILLAGE RD,04-At/near private drive,02-Thru lane,01-Clear,01-Daylight,MIDBLOCK,Saturday,March,1,DOON VILLAGE RD,4,ROAD,MINOR,17.0,30.0,PAVED,TwoWay,PAVED,3,50,NO ACCESS,Y,1988.0,58.0114556797744
DOON VILLAGE RD,04-At/near private drive,02-Thru lane,01-Clear,01-Daylight,MIDBLOCK,Saturday,March,1,DOON VILLAGE RD,2,ROAD,MINOR,6.0,30.0,PAVED,TwoWay,PAVED,7,40,NO ACCESS,N,1860.0,185.58453335119597
DOON VILLAGE RD,04-At/near private drive,02-Thru lane,01-Clear,01-Daylight,MIDBLOCK,Saturday,March,1,DOON VILLAGE RD,2,ROAD,MINOR,6.0,30.0,PAVED,TwoWay,PAVED,7,50,NO ACCESS,N,1855.0,472.482017024171
DOON VILLAGE RD,04-At/near private drive,02-Thru lane,01-Clear,01-Daylight,MIDBLOCK,Saturday,March,1,DOON VILLAGE RD,4,ROAD,MINOR,15.0,28.0,PAVED,TwoWay,PAVED,3,50,NO ACCESS,Y,1988.0,92.56568791860191
DOON VILLAGE RD,01-Non intersection,09-Right shoulder,01-Clear,01-Daylight,MIDBLOCK,Friday,June,0,DOON VILLAGE RD,2,ROAD,LOCAL,7.0,30.0,PAVED,TwoWay,PAVED,3,40,NO ACCESS,N,1860.0,176.08962726270698
DOON VILLAGE RD,01-Non intersection,09-Right shoulder,01-Clear,01-Daylight,MIDBLOCK,Friday,June,0,DOON VILLAGE RD,2,ROAD,LOCAL,6.0,30.0,PAVED,TwoWay,PAVED,3,40,NO ACCESS,N,1954.0,69.1378225000138
DOON VILLAGE RD,01-Non intersection,09-Right shoulder,01-Clear,01-Daylight,MIDBLOCK,Friday,June,0,DOON VILLAGE RD,4,ROAD,MINOR,15.0,29.0,PAVED,TwoWay,PAVED,3,50,NO ACCESS,Y,1999.0,178.498176720963
DOON VILLAGE RD,01-Non intersection,09-Right shoulder,01-Clear,01-Daylight,MIDBLOCK,Friday,June,0,DOON VILLAGE RD,2,ROAD,LOCAL,9.0,14.0,PAVED,TwoWay,PAVED,7,50,NO ACCESS,N,1943.0,317.496189878341
DOON VILLAGE RD,01-Non intersection,09-Right shoulder,01-Clear,01-Daylight,MIDBLOCK,Friday,June,0,DOON VILLAGE RD,4,ROAD,MINOR,18.0,27.0,PAVED,TwoWay,PAVED,3,50,NO ACCESS,Y,1988.0,124.548552715414
DOON VILLAGE RD,01-Non intersection,09-Right shoulder,01-Clear,01-Daylight,MIDBLOCK,Friday,June,0,DOON VILLAGE RD,4,ROAD,MINOR,15.0,26.0,PAVED,TwoWay,PAVED,3,50,NO ACCESS,Y,1988.0,166.821991371461
DOON VILLAGE RD,01-Non intersection,09-Right shoulder,01-Clear,01-Daylight,MIDBLOCK,Friday,June,0,DOON VILLAGE RD,2,ROAD,MINOR,7.0,30.0,PAVED,TwoWay,PAVED,7,50,NO ACCESS,N,1860.0,308.72172265995897
DOON VILLAGE RD,01-Non intersection,09-Right shoulder,01-Clear,01-Daylight,MIDBLOCK,Friday,June,0,DOON VILLAGE RD,2,ROAD,LOCAL,6.0,30.0,PAVED,TwoWay,PAVED,6,50,NO ACCESS,N,1998.0,48.9277932718804
DOON VILLAGE RD,01-Non intersection,09-Right shoulder,01-Clear,01-Daylight,MIDBLOCK,Friday,June,0,DOON VILLAGE RD,4,ROAD,MINOR,15.0,27.0,PAVED,TwoWay,PAVED,3,50,NO ACCESS,Y,1999.0,400.528706930158
DOON VILLAGE RD,01-Non intersection,09-Right shoulder,01-Clear,01-Daylight,MIDBLOCK,Friday,June,0,DOON VILLAGE RD,2,ROAD,MINOR,6.0,31.0,PAVED,TwoWay,PAVED,3,40,NO ACCESS,N,1963.0,63.0366832954382
DOON VILLAGE RD,01-Non intersection,09-Right shoulder,01-Clear,01-Daylight,MIDBLOCK,Friday,June,0,DOON VILLAGE RD,2,ROAD,MINOR,7.0,27.0,PAVED,TwoWay,PAVED,3,50,NO ACCESS,N,2005.0,203.836186188264
DOON VILLAGE RD,01-Non intersection,09-Right shoulder,01-Clear,01-Daylight,MIDBLOCK,Friday,June,0,DOON VILLAGE RD,4,ROAD,MINOR,17.0,30.0,PAVED,TwoWay,PAVED,3,50,NO ACCESS,Y,1988.0,58.0114556797744
DOON VILLAGE RD,01-Non intersection,09-Right shoulder,01-Clear,01-Daylight,MIDBLOCK,Friday,June,0,DOON VILLAGE RD,2,ROAD,MINOR,6.0,30.0,PAVED,TwoWay,PAVED,7,40,NO ACCESS,N,1860.0,185.58453335119597
DOON VILLAGE RD,01-Non intersection,09-Right shoulder,01-Clear,01-Daylight,MIDBLOCK,Friday,June,0,DOON VILLAGE RD,2,ROAD,MINOR,6.0,30.0,PAVED,TwoWay,PAVED,7,50,NO ACCESS,N,1855.0,472.482017024171
DOON VILLAGE RD,01-Non intersection,09-Right shoulder,01-Clear,01-Daylight,MIDBLOCK,Friday,June,0,DOON VILLAGE RD,4,ROAD,MINOR,15.0,28.0,PAVED,TwoWay,PAVED,3,50,NO ACCESS,Y,1988.0,92.56568791860191
DOON VILLAGE RD,04-At/near private drive,02-Thru lane,01-Clear,01-Daylight,MIDBLOCK,Tuesday,June,0,DOON VILLAGE RD,2,ROAD,LOCAL,7.0,30.0,PAVED,TwoWay,PAVED,3,40,NO ACCESS,N,1860.0,176.08962726270698
DOON VILLAGE RD,04-At/near private drive,02-Thru lane,01-Clear,01-Daylight,MIDBLOCK,Tuesday,June,0,DOON VILLAGE RD,2,ROAD,LOCAL,6.0,30.0,PAVED,TwoWay,PAVED,3,40,NO ACCESS,N,1954.0,69.1378225000138
DOON VILLAGE RD,04-At/near private drive,02-Thru lane,01-Clear,01-Daylight,MIDBLOCK,Tuesday,June,0,DOON VILLAGE RD,4,ROAD,MINOR,15.0,29.0,PAVED,TwoWay,PAVED,3,50,NO ACCESS,Y,1999.0,178.498176720963
DOON VILLAGE RD,04-At/near private drive,02-Thru lane,01-Clear,01-Daylight,MIDBLOCK,Tuesday,June,0,DOON VILLAGE RD,2,ROAD,LOCAL,9.0,14.0,PAVED,TwoWay,PAVED,7,50,NO ACCESS,N,1943.0,317.496189878341
DOON VILLAGE RD,04-At/near private drive,02-Thru lane,01-Clear,01-Daylight,MIDBLOCK,Tuesday,June,0,DOON VILLAGE RD,4,ROAD,MINOR,18.0,27.0,PAVED,TwoWay,PAVED,3,50,NO ACCESS,Y,1988.0,124.548552715414
DOON VILLAGE RD,04-At/near private drive,02-Thru lane,01-Clear,01-Daylight,MIDBLOCK,Tuesday,June,0,DOON VILLAGE RD,4,ROAD,MINOR,15.0,26.0,PAVED,TwoWay,PAVED,3,50,NO ACCESS,Y,1988.0,166.821991371461
DOON VILLAGE RD,04-At/near private drive,02-Thru lane,01-Clear,01-Daylight,MIDBLOCK,Tuesday,June,0,DOON VILLAGE RD,2,ROAD,MINOR,7.0,30.0,PAVED,TwoWay,PAVED,7,50,NO ACCESS,N,1860.0,308.72172265995897
DOON VILLAGE RD,04-At/near private drive,02-Thru lane,01-Clear,01-Daylight,MIDBLOCK,Tuesday,June,0,DOON VILLAGE RD,2,ROAD,LOCAL,6.0,30.0,PAVED,TwoWay,PAVED,6,50,NO ACCESS,N,1998.0,48.9277932718804
DOON VILLAGE RD,04-At/near private drive,02-Thru lane,01-Clear,01-Daylight,MIDBLOCK,Tuesday,June,0,DOON VILLAGE RD,4,ROAD,MINOR,15.0,27.0,PAVED,TwoWay,PAVED,3,50,NO ACCESS,Y,1999.0,400.528706930158
DOON VILLAGE RD,04-At/near private drive,02-Thru lane,01-Clear,01-Daylight,MIDBLOCK,Tuesday,June,0,DOON VILLAGE RD,2,ROAD,MINOR,6.0,31.0,PAVED,TwoWay,PAVED,3,40,NO ACCESS,N,1963.0,63.0366832954382
DOON VILLAGE RD,04-At/near private drive,02-Thru lane,01-Clear,01-Daylight,MIDBLOCK,Tuesday,June,0,DOON VILLAGE RD,2,ROAD,MINOR,7.0,27.0,PAVED,TwoWay,PAVED,3,50,NO ACCESS,N,2005.0,203.836186188264
DOON VILLAGE RD,04-At/near private drive,02-Thru lane,01-Clear,01-Daylight,MIDBLOCK,Tuesday,June,0,DOON VILLAGE RD,4,ROAD,MINOR,17.0,30.0,PAVED,TwoWay,PAVED,3,50,NO ACCESS,Y,1988.0,58.0114556797744
DOON VILLAGE RD,04-At/near private drive,02-Thru lane,01-Clear,01-Daylight,MIDBLOCK,Tuesday,June,0,DOON VILLAGE RD,2,ROAD,MINOR,6.0,30.0,PAVED,TwoWay,PAVED,7,40,NO ACCESS,N,1860.0,185.58453335119597
DOON VILLAGE RD,04-At/near private drive,02-Thru lane,01-Clear,01-Daylight,MIDBLOCK,Tuesday,June,0,DOON VILLAGE RD,2,ROAD,MINOR,6.0,30.0,PAVED,TwoWay,PAVED,7,50,NO ACCESS,N,1855.0,472.482017024171
DOON VILLAGE RD,04-At/near private drive,02-Thru lane,01-Clear,01-Daylight,MIDBLOCK,Tuesday,June,0,DOON VILLAGE RD,4,ROAD,MINOR,15.0,28.0,PAVED,TwoWay,PAVED,3,50,NO ACCESS,Y,1988.0,92.56568791860191
DOON VILLAGE RD,04-At/near private drive,11-Not on roadway - right side,01-Clear,01-Daylight,MIDBLOCK,Monday,August,0,DOON VILLAGE RD,2,ROAD,LOCAL,7.0,30.0,PAVED,TwoWay,PAVED,3,40,NO ACCESS,N,1860.0,176.08962726270698
DOON VILLAGE RD,04-At/near private drive,11-Not on roadway - right side,01-Clear,01-Daylight,MIDBLOCK,Monday,August,0,DOON VILLAGE RD,2,ROAD,LOCAL,6.0,30.0,PAVED,TwoWay,PAVED,3,40,NO ACCESS,N,1954.0,69.1378225000138
DOON VILLAGE RD,04-At/near private drive,11-Not on roadway - right side,01-Clear,01-Daylight,MIDBLOCK,Monday,August,0,DOON VILLAGE RD,4,ROAD,MINOR,15.0,29.0,PAVED,TwoWay,PAVED,3,50,NO ACCESS,Y,1999.0,178.498176720963
DOON VILLAGE RD,04-At/near private drive,11-Not on roadway - right side,01-Clear,01-Daylight,MIDBLOCK,Monday,August,0,DOON VILLAGE RD,2,ROAD,LOCAL,9.0,14.0,PAVED,TwoWay,PAVED,7,50,NO ACCESS,N,1943.0,317.496189878341
DOON VILLAGE RD,04-At/near private drive,11-Not on roadway - right side,01-Clear,01-Daylight,MIDBLOCK,Monday,August,0,DOON VILLAGE RD,4,ROAD,MINOR,18.0,27.0,PAVED,TwoWay,PAVED,3,50,NO ACCESS,Y,1988.0,124.548552715414
DOON VILLAGE RD,04-At/near private drive,11-Not on roadway - right side,01-Clear,01-Daylight,MIDBLOCK,Monday,August,0,DOON VILLAGE RD,4,ROAD,MINOR,15.0,26.0,PAVED,TwoWay,PAVED,3,50,NO ACCESS,Y,1988.0,166.821991371461
DOON VILLAGE RD,04-At/near private drive,11-Not on roadway - right side,01-Clear,01-Daylight,MIDBLOCK,Monday,August,0,DOON VILLAGE RD,2,ROAD,MINOR,7.0,30.0,PAVED,TwoWay,PAVED,7,50,NO ACCESS,N,1860.0,308.72172265995897
DOON VILLAGE RD,04-At/near private drive,11-Not on roadway - right side,01-Clear,01-Daylight,MIDBLOCK,Monday,August,0,DOON VILLAGE RD,2,ROAD,LOCAL,6.0,30.0,PAVED,TwoWay,PAVED,6,50,NO ACCESS,N,1998.0,48.9277932718804
DOON VILLAGE RD,04-At/near private drive,11-Not on roadway - right side,01-Clear,01-Daylight,MIDBLOCK,Monday,August,0,DOON VILLAGE RD,4,ROAD,MINOR,15.0,27.0,PAVED,TwoWay,PAVED,3,50,NO ACCESS,Y,1999.0,400.528706930158
DOON VILLAGE RD,04-At/near private drive,11-Not on roadway - right side,01-Clear,01-Daylight,MIDBLOCK,Monday,August,0,DOON VILLAGE RD,2,ROAD,MINOR,6.0,31.0,PAVED,TwoWay,PAVED,3,40,NO ACCESS,N,1963.0,63.0366832954382
DOON VILLAGE RD,04-At/near private drive,11-Not on roadway - right side,01-Clear,01-Daylight,MIDBLOCK,Monday,August,0,DOON VILLAGE RD,2,ROAD,MINOR,7.0,27.0,PAVED,TwoWay,PAVED,3,50,NO ACCESS,N,2005.0,203.836186188264
DOON VILLAGE RD,04-At/near private drive,11-Not on roadway - right side,01-Clear,01-Daylight,MIDBLOCK,Monday,August,0,DOON VILLAGE RD,4,ROAD,MINOR,17.0,30.0,PAVED,TwoWay,PAVED,3,50,NO ACCESS,Y,1988.0,58.0114556797744
DOON VILLAGE RD,04-At/near private drive,11-Not on roadway - right side,01-Clear,01-Daylight,MIDBLOCK,Monday,August,0,DOON VILLAGE RD,2,ROAD,MINOR,6.0,30.0,PAVED,TwoWay,PAVED,7,40,NO ACCESS,N,1860.0,185.58453335119597
DOON VILLAGE RD,04-At/near private drive,11-Not on roadway - right side,01-Clear,01-Daylight,MIDBLOCK,Monday,August,0,DOON VILLAGE RD,2,ROAD,MINOR,6.0,30.0,PAVED,TwoWay,PAVED,7,50,NO ACCESS,N,1855.0,472.482017024171
DOON VILLAGE RD,04-At/near private drive,11-Not on roadway - right side,01-Clear,01-Daylight,MIDBLOCK,Monday,August,0,DOON VILLAGE RD,4,ROAD,MINOR,15.0,28.0,PAVED,TwoWay,PAVED,3,50,NO ACCESS,Y,1988.0,92.56568791860191
DOON VILLAGE RD,04-At/near private drive,03-Left turn lane,01-Clear,01-Daylight,MIDBLOCK,Saturday,June,1,DOON VILLAGE RD,2,ROAD,LOCAL,7.0,30.0,PAVED,TwoWay,PAVED,3,40,NO ACCESS,N,1860.0,176.08962726270698
DOON VILLAGE RD,04-At/near private drive,03-Left turn lane,01-Clear,01-Daylight,MIDBLOCK,Saturday,June,1,DOON VILLAGE RD,2,ROAD,LOCAL,6.0,30.0,PAVED,TwoWay,PAVED,3,40,NO ACCESS,N,1954.0,69.1378225000138
DOON VILLAGE RD,04-At/near private drive,03-Left turn lane,01-Clear,01-Daylight,MIDBLOCK,Saturday,June,1,DOON VILLAGE RD,4,ROAD,MINOR,15.0,29.0,PAVED,TwoWay,PAVED,3,50,NO ACCESS,Y,1999.0,178.498176720963
DOON VILLAGE RD,04-At/near private drive,03-Left turn lane,01-Clear,01-Daylight,MIDBLOCK,Saturday,June,1,DOON VILLAGE RD,2,ROAD,LOCAL,9.0,14.0,PAVED,TwoWay,PAVED,7,50,NO ACCESS,N,1943.0,317.496189878341
DOON VILLAGE RD,04-At/near private drive,03-Left turn lane,01-Clear,01-Daylight,MIDBLOCK,Saturday,June,1,DOON VILLAGE RD,4,ROAD,MINOR,18.0,27.0,PAVED,TwoWay,PAVED,3,50,NO ACCESS,Y,1988.0,124.548552715414
DOON VILLAGE RD,04-At/near private drive,03-Left turn lane,01-Clear,01-Daylight,MIDBLOCK,Saturday,June,1,DOON VILLAGE RD,4,ROAD,MINOR,15.0,26.0,PAVED,TwoWay,PAVED,3,50,NO ACCESS,Y,1988.0,166.821991371461
DOON VILLAGE RD,04-At/near private drive,03-Left turn lane,01-Clear,01-Daylight,MIDBLOCK,Saturday,June,1,DOON VILLAGE RD,2,ROAD,MINOR,7.0,30.0,PAVED,TwoWay,PAVED,7,50,NO ACCESS,N,1860.0,308.72172265995897
DOON VILLAGE RD,04-At/near private drive,03-Left turn lane,01-Clear,01-Daylight,MIDBLOCK,Saturday,June,1,DOON VILLAGE RD,2,ROAD,LOCAL,6.0,30.0,PAVED,TwoWay,PAVED,6,50,NO ACCESS,N,1998.0,48.9277932718804
DOON VILLAGE RD,04-At/near private drive,03-Left turn lane,01-Clear,01-Daylight,MIDBLOCK,Saturday,June,1,DOON VILLAGE RD,4,ROAD,MINOR,15.0,27.0,PAVED,TwoWay,PAVED,3,50,NO ACCESS,Y,1999.0,400.528706930158
DOON VILLAGE RD,04-At/near private drive,03-Left turn lane,01-Clear,01-Daylight,MIDBLOCK,Saturday,June,1,DOON VILLAGE RD,2,ROAD,MINOR,6.0,31.0,PAVED,TwoWay,PAVED,3,40,NO ACCESS,N,1963.0,63.0366832954382
DOON VILLAGE RD,04-At/near private drive,03-Left turn lane,01-Clear,01-Daylight,MIDBLOCK,Saturday,June,1,DOON VILLAGE RD,2,ROAD,MINOR,7.0,27.0,PAVED,TwoWay,PAVED,3,50,NO ACCESS,N,2005.0,203.836186188264
DOON VILLAGE RD,04-At/near private drive,03-Left turn lane,01-Clear,01-Daylight,MIDBLOCK,Saturday,June,1,DOON VILLAGE RD,4,ROAD,MINOR,17.0,30.0,PAVED,TwoWay,PAVED,3,50,NO ACCESS,Y,1988.0,58.0114556797744