LOCATION,ACCIDENT_LOCATION,IMPACT_LOCATION,ENVIRONMENT_CONDITION,LIGHT,COLLISION_TYPE,DAY_OF_WEEK,MONTH,IS_WEEKEND,STREET,LANES,CATEGORY,SUBCATEGORY,PAVEMENT_WIDTH,ROW_WIDTH,SHOULDER,FLOW_DIRECTION,SURFACE_LAYER_TYPE,OFFICIAL_ROAD_CLASSIFICATION,SPEED_LIMIT_KM,TRUCK_ACCESS,BUS_ROUTE,SERVICE_YEAR,Shape__Length
DOON VILLAGE RD,04-At/near private drive,02-Thru lane,01-Clear,"08-Dark, artificial",MIDBLOCK,Friday,March,0,DOON VILLAGE RD,4,ROAD,MINOR,15.0,27.0,PAVED,TwoWay,PAVED,3,50,NO ACCESS,Y,1999.0,400.528706930158
DOON VILLAGE RD,04-At/near private drive,02-Thru lane,01-Clear,"08-Dark, artificial",MIDBLOCK,Friday,March,0,DOON VILLAGE RD,2,ROAD,MINOR,6.0,31.0,PAVED,TwoWay,PAVED,3,40,NO ACCESS,N,1963.0,63.0366832954382
DOON VILLAGE RD,04-At/near private drive,02-Thru lane,01-Clear,"08-Dark, artificial",MIDBLOCK,Friday,March,0,DOON VILLAGE RD,2,ROAD,MINOR,7.0,27.0,PAVED,TwoWay,PAVED,3,50,NO ACCESS,N,2005.0,203.836186188264
DOON VILLAGE RD,04-At/near private drive,02-Thru lane,01-Clear,"08-Dark, artificial",MIDBLOCK,Friday,March,0,DOON VILLAGE RD,4,ROAD,MINOR,17.0,30.0,PAVED,TwoWay,PAVED,3,50,NO ACCESS,Y,1988.0,58.0114556797744
DOON VILLAGE RD,04-At/near private drive,02-Thru lane,01-Clear,"08-Dark, artificial",MIDBLOCK,Friday,March,0,DOON VILLAGE RD,2,ROAD,MINOR,6.0,30.0,PAVED,TwoWay,PAVED,7,40,NO ACCESS,N,1860.0,185.58453335119597
DOON VILLAGE RD,04-At/near private drive,02-Thru lane,01-Clear,"08-Dark, artificial",MIDBLOCK,Friday,March,0,DOON VILLAGE RD,2,ROAD,MINOR,6.0,30.0,PAVED,TwoWay,PAVED,7,50,NO ACCESS,N,1855.0,472.482017024171
DOON VILLAGE RD,04-At/near private drive,02-Thru lane,01-Clear,"08-Dark, artificial",MIDBLOCK,Friday,March,0,DOON VILLAGE RD,4,ROAD,MINOR,15.0,28.0,PAVED,TwoWay,PAVED,3,50,NO ACCESS,Y,1988.0,92.56568791860191
GRAY ST,04-At/near private drive,09-Right shoulder,01-Clear,01-Daylight,MIDBLOCK,Saturday,September,1,GRAY ST,2,ROAD,LOCAL,9.0,20.0,PAVED,TwoWay,PAVED,6,50,NO ACCESS,N,1986.0,178.825402324212
GRAY ST,04-At/near private drive,09-Right shoulder,01-Clear,01-Daylight,MIDBLOCK,Saturday,September,1,GRAY ST,2,ROAD,LOCAL,9.0,20.0,PAVED,TwoWay,PAVED,6,50,NO ACCESS,N,1986.0,265.309573589224
GRAY ST,04-At/near private drive,09-Right shoulder,01-Clear,07-Dark,MIDBLOCK,Sunday,September,1,GRAY ST,2,ROAD,LOCAL,9.0,20.0,PAVED,TwoWay,PAVED,6,50,NO ACCESS,N,1986.0,178.825402324212
GRAY ST,04-At/near private drive,09-Right shoulder,01-Clear,07-Dark,MIDBLOCK,Sunday,September,1,GRAY ST,2,ROAD,LOCAL,9.0,20.0,PAVED,TwoWay,PAVED,6,50,NO ACCESS,N,1986.0,265.309573589224
GRAY ST,01-Non intersection,02-Thru lane,01-Clear,01-Daylight,MIDBLOCK,Monday,January,0,GRAY ST,2,ROAD,LOCAL,9.0,20.0,PAVED,TwoWay,PAVED,6,50,NO ACCESS,N,1986.0,178.825402324212
GRAY ST,01-Non intersection,02-Thru lane,01-Clear,01-Daylight,MIDBLOCK,Monday,January,0,GRAY ST,2,ROAD,LOCAL,9.0,20.0,PAVED,TwoWay,PAVED,6,50,NO ACCESS,N,1986.0,265.309573589224
HIGHLAND RD E,04-At/near private drive,02-Thru lane,01-Clear,01-Daylight,MIDBLOCK,Tuesday,September,0,HIGHLAND RD E,3,ROAD,MAJOR,13.0,24.0,PAVED,TwoWay,PAVED,3,50,7-7 MON-SUN,Y,1855.0,354.803231257599
HIGHLAND RD E,04-At/near private drive,02-Thru lane,01-Clear,01-Daylight,MIDBLOCK,Tuesday,September,0,HIGHLAND RD E,2,ROAD,LOCAL,13.0,24.0,PAVED,TwoWay,PAVED,6,50,7-7 MON-SUN,N,1855.0,132.705758343507
HIGHLAND RD E,04-At/near private drive,02-Thru lane,01-Clear,01-Daylight,MIDBLOCK,Tuesday,September,0,HIGHLAND RD E,2,ROAD,MAJOR,11.0,24.0,PAVED,TwoWay,PAVED,3,50,7-7 MON-SUN,Y,1948.0,141.346687778302
HIGHLAND RD E,04-At/near private drive,02-Thru lane,01-Clear,01-Daylight,MIDBLOCK,Tuesday,September,0,HIGHLAND RD E,2,ROAD,MAJOR,11.0,24.0,PAVED,TwoWay,PAVED,3,50,7-7 MON-SUN,N,1905.0,294.32992471614
HIGHLAND RD E,04-At/near private drive,02-Thru lane,01-Clear,01-Daylight,MIDBLOCK,Tuesday,September,0,HIGHLAND RD E,2,ROAD,MAJOR,11.0,25.0,PAVED,TwoWay,PAVED,3,50,7-7 MON-SUN,N,1948.0,96.7640103658707
HIGHLAND RD E,04-At/near private drive,02-Thru lane,01-Clear,01-Daylight,MIDBLOCK,Tuesday,September,0,HIGHLAND RD E,3,ROAD,MAJOR,13.0,24.0,PAVED,TwoWay,PAVED,3,50,7-7 MON-SUN,N,1950.0,108.732713463662
HIGHLAND RD E,04-At/near private drive,02-Thru lane,01-Clear,01-Daylight,MIDBLOCK,Tuesday,September,0,HIGHLAND RD E,1,BULB,LOCAL,13.0,25.0,PAVED,FromTo,PAVED,6,50,NO ACCESS,N,1855.0,39.492716362065295
HIGHLAND RD E,04-At/near private drive,02-Thru lane,01-Clear,01-Daylight,MIDBLOCK,Tuesday,September,0,HIGHLAND RD E,3,ROAD,MAJOR,14.0,24.0,PAVED,TwoWay,PAVED,3,50,7-7 MON-SUN,N,1950.0,258.645039064155
HIGHLAND RD E,04-At/near private drive,02-Thru lane,01-Clear,01-Daylight,MIDBLOCK,Tuesday,September,0,HIGHLAND RD E,2,ROAD,MAJOR,11.0,25.0,PAVED,TwoWay,PAVED,3,50,7-7 MON-SUN,Y,1946.0,188.56766027137297
HIGHLAND RD E,04-At/near private drive,02-Thru lane,01-Clear,01-Daylight,MIDBLOCK,Tuesday,September,0,HIGHLAND RD E,2,ROAD,MAJOR,11.0,24.0,PAVED,TwoWay,PAVED,3,50,7-7 MON-SUN,N,1925.0,78.56547325280141
HIGHLAND RD E,04-At/near private drive,02-Thru lane,01-Clear,01-Daylight,MIDBLOCK,Monday,April,0,HIGHLAND RD E,3,ROAD,MAJOR,13.0,24.0,PAVED,TwoWay,PAVED,3,50,7-7 MON-SUN,Y,1855.0,354.803231257599
HIGHLAND RD E,04-At/near private drive,02-Thru lane,01-Clear,01-Daylight,MIDBLOCK,Monday,April,0,HIGHLAND RD E,2,ROAD,LOCAL,13.0,24.0,PAVED,TwoWay,PAVED,6,50,7-7 MON-SUN,N,1855.0,132.705758343507
HIGHLAND RD E,04-At/near private drive,02-Thru lane,01-Clear,01-Daylight,MIDBLOCK,Monday,April,0,HIGHLAND RD E,2,ROAD,MAJOR,11.0,24.0,PAVED,TwoWay,PAVED,3,50,7-7 MON-SUN,Y,1948.0,141.346687778302
HIGHLAND RD E,04-At/near private drive,02-Thru lane,01-Clear,01-Daylight,MIDBLOCK,Monday,April,0,HIGHLAND RD E,2,ROAD,MAJOR,11.0,24.0,PAVED,TwoWay,PAVED,3,50,7-7 MON-SUN,N,1905.0,294.32992471614
HIGHLAND RD E,04-At/near private drive,02-Thru lane,01-Clear,01-Daylight,MIDBLOCK,Monday,April,0,HIGHLAND RD E,2,ROAD,MAJOR,11.0,25.0,PAVED,TwoWay,PAVED,3,50,7-7 MON-SUN,N,1948.0,96.7640103658707
HIGHLAND RD E,04-At/near private drive,02-Thru lane,01-Clear,01-Daylight,MIDBLOCK,Monday,April,0,HIGHLAND RD E,3,ROAD,MAJOR,13.0,24.0,PAVED,TwoWay,PAVED,3,50,7-7 MON-SUN,N,1950.0,108.732713463662
HIGHLAND RD E,04-At/near private drive,02-Thru lane,01-Clear,01-Daylight,MIDBLOCK,Monday,April,0,HIGHLAND RD E,1,BULB,LOCAL,13.0,25.0,PAVED,FromTo,PAVED,6,50,NO ACCESS,N,1855.0,39.492716362065295
HIGHLAND RD E,04-At/near private drive,02-Thru lane,01-Clear,01-Daylight,MIDBLOCK,Monday,April,0,HIGHLAND RD E,3,ROAD,MAJOR,14.0,24.0,PAVED,TwoWay,PAVED,3,50,7-7 MON-SUN,N,1950.0,258.645039064155
HIGHLAND RD E,04-At/near private drive,02-Thru lane,01-Clear,01-Daylight,MIDBLOCK,Monday,April,0,HIGHLAND RD E,2,ROAD,MAJOR,11.0,25.0,PAVED,TwoWay,PAVED,3,50,7-7 MON-SUN,Y,1946.0,188.56766027137297
HIGHLAND RD E,04-At/near private drive,02-Thru lane,01-Clear,01-Daylight,MIDBLOCK,Monday,April,0,HIGHLAND RD E,2,ROAD,MAJOR,11.0,24.0,PAVED,TwoWay,PAVED,3,50,7-7 MON-SUN,N,1925.0,78.56547325280141
HIGHLAND RD E,04-At/near private drive,02-Thru lane,02-Rain,01-Daylight,MIDBLOCK,Thursday,April,0,HIGHLAND RD E,3,ROAD,MAJOR,13.0,24.0,PAVED,TwoWay,PAVED,3,50,7-7 MON-SUN,Y,1855.0,354.803231257599
HIGHLAND RD E,04-At/near private drive,02-Thru lane,02-Rain,01-Daylight,MIDBLOCK,Thursday,April,0,HIGHLAND RD E,2,ROAD,LOCAL,13.0,24.0,PAVED,TwoWay,PAVED,6,50,7-7 MON-SUN,N,1855.0,132.705758343507
HIGHLAND RD E,04-At/near private drive,02-Thru lane,02-Rain,01-Daylight,MIDBLOCK,Thursday,April,0,HIGHLAND RD E,2,ROAD,MAJOR,11.0,24.0,PAVED,TwoWay,PAVED,3,50,7-7 MON-SUN,Y,1948.0,141.346687778302
HIGHLAND RD E,04-At/near private drive,02-Thru lane,02-Rain,01-Daylight,MIDBLOCK,Thursday,April,0,HIGHLAND RD E,2,ROAD,MAJOR,11.0,24.0,PAVED,TwoWay,PAVED,3,50,7-7 MON-SUN,N,1905.0,294.32992471614
HIGHLAND RD E,04-At/near private drive,02-Thru lane,02-Rain,01-Daylight,MIDBLOCK,Thursday,April,0,HIGHLAND RD E,2,ROAD,MAJOR,11.0,25.0,PAVED,TwoWay,PAVED,3,50,7-7 MON-SUN,N,1948.0,96.7640103658707
HIGHLAND RD E,04-At/near private drive,02-Thru lane,02-Rain,01-Daylight,MIDBLOCK,Thursday,April,0,HIGHLAND RD E,3,ROAD,MAJOR,13.0,24.0,PAVED,TwoWay,PAVED,3,50,7-7 MON-SUN,N,1950.0,108.732713463662
HIGHLAND RD E,04-At/near private drive,02-Thru lane,02-Rain,01-Daylight,MIDBLOCK,Thursday,April,0,HIGHLAND RD E,1,BULB,LOCAL,13.0,25.0,PAVED,FromTo,PAVED,6,50,NO ACCESS,N,1855.0,39.492716362065295
HIGHLAND RD E,04-At/near private drive,02-Thru lane,02-Rain,01-Daylight,MIDBLOCK,Thursday,April,0,HIGHLAND RD E,3,ROAD,MAJOR,14.0,24.0,PAVED,TwoWay,PAVED,3,50,7-7 MON-SUN,N,1950.0,258.645039064155
HIGHLAND RD E,04-At/near private drive,02-Thru lane,02-Rain,01-Daylight,MIDBLOCK,Thursday,April,0,HIGHLAND RD E,2,ROAD,MAJOR,11.0,25.0,PAVED,TwoWay,PAVED,3,50,7-7 MON-SUN,Y,1946.0,188.56766027137297
HIGHLAND RD E,04-At/near private drive,02-Thru lane,02-Rain,01-Daylight,MIDBLOCK,Thursday,April,0,HIGHLAND RD E,2,ROAD,MAJOR,11.0,24.0,PAVED,TwoWay,PAVED,3,50,7-7 MON-SUN,N,1925.0,78.56547325280141
HIGHLAND RD E,04-At/near private drive,02-Thru lane,01-Clear,01-Daylight,MIDBLOCK,Wednesday,May,0,HIGHLAND RD E,3,ROAD,MAJOR,13.0,24.0,PAVED,TwoWay,PAVED,3,50,7-7 MON-SUN,Y,1855.0,354.803231257599
HIGHLAND RD E,04-At/near private drive,02-Thru lane,01-Clear,01-Daylight,MIDBLOCK,Wednesday,May,0,HIGHLAND RD E,2,ROAD,LOCAL,13.0,24.0,PAVED,TwoWay,PAVED,6,50,7-7 MON-SUN,N,1855.0,132.705758343507
HIGHLAND RD E,04-At/near private drive,02-Thru lane,01-Clear,01-Daylight,MIDBLOCK,Wednesday,May,0,HIGHLAND RD E,2,ROAD,MAJOR,11.0,24.0,PAVED,TwoWay,PAVED,3,50,7-7 MON-SUN,Y,1948.0,141.346687778302
HIGHLAND RD E,04-At/near private drive,02-Thru lane,01-Clear,01-Daylight,MIDBLOCK,Wednesday,May,0,HIGHLAND RD E,2,ROAD,MAJOR,11.0,24.0,PAVED,TwoWay,PAVED,3,50,7-7 MON-SUN,N,1905.0,294.32992471614
HIGHLAND RD E,04-At/near private drive,02-Thru lane,01-Clear,01-Daylight,MIDBLOCK,Wednesday,May,0,HIGHLAND RD E,2,ROAD,MAJOR,11.0,25.0,PAVED,TwoWay,PAVED,3,50,7-7 MON-SUN,N,1948.0,96.7640103658707
HIGHLAND RD E,04-At/near private drive,02-Thru lane,01-Clear,01-Daylight,MIDBLOCK,Wednesday,May,0,HIGHLAND RD E,3,ROAD,MAJOR,13.0,24.0,PAVED,TwoWay,PAVED,3,50,7-7 MON-SUN,N,1950.0,108.732713463662
HIGHLAND RD E,04-At/near private drive,02-Thru lane,01-Clear,01-Daylight,MIDBLOCK,Wednesday,May,0,HIGHLAND RD E,1,BULB,LOCAL,13.0,25.0,PAVED,FromTo,PAVED,6,50,NO ACCESS,N,1855.0,39.492716362065295
HIGHLAND RD E,04-At/near private drive,02-Thru lane,01-Clear,01-Daylight,MIDBLOCK,Wednesday,May,0,HIGHLAND RD E,3,ROAD,MAJOR,14.0,24.0,PAVED,TwoWay,PAVED,3,50,7-7 MON-SUN,N,1950.0,258.645039064155
HIGHLAND RD E,04-At/near private drive,02-Thru lane,01-Clear,01-Daylight,MIDBLOCK,Wednesday,May,0,HIGHLAND RD E,2,ROAD,MAJOR,11.0,25.0,PAVED,TwoWay,PAVED,3,50,7-7 MON-SUN,Y,1946.0,188.56766027137297
HIGHLAND RD E,04-At/near private drive,02-Thru lane,01-Clear,01-Daylight,MIDBLOCK,Wednesday,May,0,HIGHLAND RD E,2,ROAD,MAJOR,11.0,24.0,PAVED,TwoWay,PAVED,3,50,7-7 MON-SUN,N,1925.0,78.56547325280141
HIGHLAND RD E,04-At/near private drive,02-Thru lane,01-Clear,01-Daylight,MIDBLOCK,Friday,December,0,HIGHLAND RD E,3,ROAD,MAJOR,13.0,24.0,PAVED,TwoWay,PAVED,3,50,7-7 MON-SUN,Y,1855.0,354.803231257599
HIGHLAND RD E,04-At/near private drive,02-Thru lane,01-Clear,01-Daylight,MIDBLOCK,Friday,December,0,HIGHLAND RD E,2,ROAD,LOCAL,13.0,24.0,PAVED,TwoWay,PAVED,6,50,7-7 MON-SUN,N,1855.0,132.705758343507
HIGHLAND RD E,04-At/near private drive,02-Thru lane,01-Clear,01-Daylight,MIDBLOCK,Friday,December,0,HIGHLAND RD E,2,ROAD,MAJOR,11.0,24.0,PAVED,TwoWay,PAVED,3,50,7-7 MON-SUN,Y,1948.0,141.346687778302
HIGHLAND RD E,04-At/near private drive,02-Thru lane,01-Clear,01-Daylight,MIDBLOCK,Friday,December,0,HIGHLAND RD E,2,ROAD,MAJOR,11.0,24.0,PAVED,TwoWay,PAVED,3,50,7-7 MON-SUN,N,1905.0,294.32992471614
HIGHLAND RD E,04-At/near private drive,02-Thru lane,01-Clear,01-Daylight,MIDBLOCK,Friday,December,0,HIGHLAND RD E,2,ROAD,MAJOR,11.0,25.0,PAVED,TwoWay,PAVED,3,50,7-7 MON-SUN,N,1948.0,96.7640103658707
HIGHLAND RD E,04-At/near private drive,02-Thru lane,01-Clear,01-Daylight,MIDBLOCK,Friday,December,0,HIGHLAND RD E,3,ROAD,MAJOR,13.0,24.0,PAVED,TwoWay,PAVED,3,50,7-7 MON-SUN,N,1950.0,108.732713463662
HIGHLAND RD E,04-At/near private drive,02-Thru lane,01-Clear,01-Daylight,MIDBLOCK,Friday,December,0,HIGHLAND RD E,1,BULB,LOCAL,13.0,25.0,PAVED,FromTo,PAVED,6,50,NO ACCESS,N,1855.0,39.492716362065295
HIGHLAND RD E,04-At/near private drive,02-Thru lane,01-Clear,01-Daylight,MIDBLOCK,Friday,December,0,HIGHLAND RD E,3,ROAD,MAJOR,14.0,24.0,PAVED,TwoWay,PAVED,3,50,7-7 MON-SUN,N,1950.0,258.645039064155
HIGHLAND RD E,04-At/near private drive,02-Thru lane,01-Clear,01-Daylight,MIDBLOCK,Friday,December,0,HIGHLAND RD E,2,ROAD,MAJOR,11.0,25.0,PAVED,TwoWay,PAVED,3,50,7-7 MON-SUN,Y,1946.0,188.56766027137297
HIGHLAND RD E,04-At/near private drive,02-Thru lane,01-Clear,01-Daylight,MIDBLOCK,Friday,December,0,HIGHLAND RD E,2,ROAD,MAJOR,11.0,24.0,PAVED,TwoWay,PAVED,3,50,7-7 MON-SUN,N,1925.0,78.56547325280141
HIGHLAND RD E,01-Non intersection,02-Thru lane,01-Clear,01-Daylight,MIDBLOCK,Monday,November,0,HIGHLAND RD E,3,ROAD,MAJOR,13.0,24.0,PAVED,TwoWay,PAVED,3,50,7-7 MON-SUN,Y,1855.0,354.803231257599
HIGHLAND RD E,01-Non intersection,02-Thru lane,01-Clear,01-Daylight,MIDBLOCK,Monday,November,0,HIGHLAND RD E,2,ROAD,LOCAL,13.0,24.0,PAVED,TwoWay,PAVED,6,50,7-7 MON-SUN,N,1855.0,132.705758343507
HIGHLAND RD E,01-Non intersection,02-Thru lane,01-Clear,01-Daylight,MIDBLOCK,Monday,November,0,HIGHLAND RD E,2,ROAD,MAJOR,11.0,24.0,PAVED,TwoWay,PAVED,3,50,7-7 MON-SUN,Y,1948.0,141.346687778302
HIGHLAND RD E,01-Non intersection,02-Thru lane,01-Clear,01-Daylight,MIDBLOCK,Monday,November,0,HIGHLAND RD E,2,ROAD,MAJOR,11.0,24.0,PAVED,TwoWay,PAVED,3,50,7-7 MON-SUN,N,1905.0,294.32992471614
HIGHLAND RD E,01-Non intersection,02-Thru lane,01-Clear,01-Daylight,MIDBLOCK,Monday,November,0,HIGHLAND RD E,2,ROAD,MAJOR,11.0,25.0,PAVED,TwoWay,PAVED,3,50,7-7 MON-SUN,N,1948.0,96.7640103658707
HIGHLAND RD E,01-Non intersection,02-Thru lane,01-Clear,01-Daylight,MIDBLOCK,Monday,November,0,HIGHLAND RD E,3,ROAD,MAJOR,13.0,24.0,PAVED,TwoWay,PAVED,3,50,7-7 MON-SUN,N,1950.0,108.732713463662
HIGHLAND RD E,01-Non intersection,02-Thru lane,01-Clear,01-Daylight,MIDBLOCK,Monday,November,0,HIGHLAND RD E,1,BULB,LOCAL,13.0,25.0,PAVED,FromTo,PAVED,6,50,NO ACCESS,N,1855.0,39.492716362065295
HIGHLAND RD E,01-Non intersection,02-Thru lane,01-Clear,01-Daylight,MIDBLOCK,Monday,November,0,HIGHLAND RD E,3,ROAD,MAJOR,14.0,24.0,PAVED,TwoWay,PAVED,3,50,7-7 MON-SUN,N,1950.0,258.645039064155
HIGHLAND RD E,01-Non intersection,02-Thru lane,01-Clear,01-Daylight,MIDBLOCK,Monday,November,0,HIGHLAND RD E,2,ROAD,MAJOR,11.0,25.0,PAVED,TwoWay,PAVED,3,50,7-7 MON-SUN,Y,1946.0,188.56766027137297
HIGHLAND RD E,01-Non intersection,02-Thru lane,01-Clear,01-Daylight,MIDBLOCK,Monday,November,0,HIGHLAND RD E,2,ROAD,MAJOR,11.0,24.0,PAVED,TwoWay,PAVED,3,50,7-7 MON-SUN,N,1925.0,78.56547325280141
HIGHLAND RD E,01-Non intersection,02-Thru lane,01-Clear,01-Daylight,MIDBLOCK,Saturday,May,1,HIGHLAND RD E,3,ROAD,MAJOR,13.0,24.0,PAVED,TwoWay,PAVED,3,50,7-7 MON-SUN,Y,1855.0,354.803231257599
HIGHLAND RD E,01-Non intersection,02-Thru lane,01-Clear,01-Daylight,MIDBLOCK,Saturday,May,1,HIGHLAND RD E,2,ROAD,LOCAL,13.0,24.0,PAVED,TwoWay,PAVED,6,50,7-7 MON-SUN,N,1855.0,132.705758343507
HIGHLAND RD E,01-Non intersection,02-Thru lane,01-Clear,01-Daylight,MIDBLOCK,Saturday,May,1,HIGHLAND RD E,2,ROAD,MAJOR,11.0,24.0,PAVED,TwoWay,PAVED,3,50,7-7 MON-SUN,Y,1948.0,141.346687778302
HIGHLAND RD E,01-Non intersection,02-Thru lane,01-Clear,01-Daylight,MIDBLOCK,Saturday,May,1,HIGHLAND RD E,2,ROAD,MAJOR,11.0,24.0,PAVED,TwoWay,PAVED,3,50,7-7 MON-SUN,N,1905.0,294.32992471614
HIGHLAND RD E,01-Non intersection,02-Thru lane,01-Clear,01-Daylight,MIDBLOCK,Saturday,May,1,HIGHLAND RD E,2,ROAD,MAJOR,11.0,25.0,PAVED,TwoWay,PAVED,3,50,7-7 MON-SUN,N,1948.0,96.7640103658707
HIGHLAND RD E,01-Non intersection,02-Thru lane,01-Clear,01-Daylight,MIDBLOCK,Saturday,May,1,HIGHLAND RD E,3,ROAD,MAJOR,13.0,24.0,PAVED,TwoWay,PAVED,3,50,7-7 MON-SUN,N,1950.0,108.732713463662
HIGHLAND RD E,01-Non intersection,02-Thru lane,01-Clear,01-Daylight,MIDBLOCK,Saturday,May,1,HIGHLAND RD E,1,BULB,LOCAL,13.0,25.0,PAVED,FromTo,PAVED,6,50,NO ACCESS,N,1855.0,39.492716362065295
HIGHLAND RD E,01-Non intersection,02-Thru lane,01-Clear,01-Daylight,MIDBLOCK,Saturday,May,1,HIGHLAND RD E,3,ROAD,MAJOR,14.0,24.0,PAVED,TwoWay,PAVED,3,50,7-7 MON-SUN,N,1950.0,258.645039064155
HIGHLAND RD E,01-Non intersection,02-Thru lane,01-Clear,01-Daylight,MIDBLOCK,Saturday,May,1,HIGHLAND RD E,2,ROAD,MAJOR,11.0,25.0,PAVED,TwoWay,PAVED,3,50,7-7 MON-SUN,Y,1946.0,188.56766027137297
HIGHLAND RD E,01-Non intersection,02-Thru lane,01-Clear,01-Daylight,MIDBLOCK,Saturday,May,1,HIGHLAND RD E,2,ROAD,MAJOR,11.0,24.0,PAVED,TwoWay,PAVED,3,50,7-7 MON-SUN,N,1925.0,78.56547325280141
HIGHLAND RD E,04-At/near private drive,02-Thru lane,02-Rain,07-Dark,MIDBLOCK,Monday,May,0,HIGHLAND RD E,3,ROAD,MAJOR,13.0,24.0,PAVED,TwoWay,PAVED,3,50,7-7 MON-SUN,Y,1855.0,354.803231257599
HIGHLAND RD E,04-At/near private drive,02-Thru lane,02-Rain,07-Dark,MIDBLOCK,Monday,May,0,HIGHLAND RD E,2,ROAD,LOCAL,13.0,24.0,PAVED,TwoWay,PAVED,6,50,7-7 MON-SUN,N,1855.0,132.705758343507
HIGHLAND RD E,04-At/near private drive,02-Thru lane,02-Rain,07-Dark,MIDBLOCK,Monday,May,0,HIGHLAND RD E,2,ROAD,MAJOR,11.0,24.0,PAVED,TwoWay,PAVED,3,50,7-7 MON-SUN,Y,1948.0,141.346687778302
HIGHLAND RD E,04-At/near private drive,02-Thru lane,02-Rain,07-Dark,MIDBLOCK,Monday,May,0,HIGHLAND RD E,2,ROAD,MAJOR,11.0,24.0,PAVED,TwoWay,PAVED,3,50,7-7 MON-SUN,N,1905.0,294.32992471614
HIGHLAND RD E,04-At/near private drive,02-Thru lane,02-Rain,07-Dark,MIDBLOCK,Monday,May,0,HIGHLAND RD E,2,ROAD,MAJOR,11.0,25.0,PAVED,TwoWay,PAVED,3,50,7-7 MON-SUN,N,1948.0,96.7640103658707
HIGHLAND RD E,04-At/near private drive,02-Thru lane,02-Rain,07-Dark,MIDBLOCK,Monday,May,0,HIGHLAND RD E,3,ROAD,MAJOR,13.0,24.0,PAVED,TwoWay,PAVED,3,50,7-7 MON-SUN,N,1950.0,108.732713463662
HIGHLAND RD E,04-At/near private drive,02-Thru lane,02-Rain,07-Dark,MIDBLOCK,Monday,May,0,HIGHLAND RD E,1,BULB,LOCAL,13.0,25.0,PAVED,FromTo,PAVED,6,50,NO ACCESS,N,1855.0,39.492716362065295
HIGHLAND RD E,04-At/near private drive,02-Thru lane,02-Rain,07-Dark,MIDBLOCK,Monday,May,0,HIGHLAND RD E,3,ROAD,MAJOR,14.0,24.0,PAVED,TwoWay,PAVED,3,50,7-7 MON-SUN,N,1950.0,258.645039064155
HIGHLAND RD E,04-At/near private drive,02-Thru lane,02-Rain,07-Dark,MIDBLOCK,Monday,May,0,HIGHLAND RD E,2,ROAD,MAJOR,11.0,25.0,PAVED,TwoWay,PAVED,3,50,7-7 MON-SUN,Y,1946.0,188.56766027137297
HIGHLAND RD E,04-At/near private drive,02-Thru lane,02-Rain,07-Dark,MIDBLOCK,Monday,May,0,HIGHLAND RD E,2,ROAD,MAJOR,11.0,24.0,PAVED,TwoWay,PAVED,3,50,7-7 MON-SUN,N,1925.0,78.56547325280141
HIGHLAND RD E,04-At/near private drive,11-Not on roadway - right side,01-Clear,"08-Dark, artificial",MIDBLOCK,Tuesday,June,0,HIGHLAND RD E,3,ROAD,MAJOR,13.0,24.0,PAVED,TwoWay,PAVED,3,50,7-7 MON-SUN,Y,1855.0,354.803231257599
HIGHLAND RD E,04-At/near private drive,11-Not on roadway - right side,01-Clear,"08-Dark, artificial",MIDBLOCK,Tuesday,June,0,HIGHLAND RD E,2,ROAD,LOCAL,13.0,24.0,PAVED,TwoWay,PAVED,6,50,7-7 MON-SUN,N,1855.0,132.705758343507
HIGHLAND RD E,04-At/near private drive,11-Not on roadway - right side,01-Clear,"08-Dark, artificial",MIDBLOCK,Tuesday,June,0,HIGHLAND RD E,2,ROAD,MAJOR,11.0,24.0,PAVED,TwoWay,PAVED,3,50,7-7 MON-SUN,Y,1948.0,141.346687778302
HIGHLAND RD E,04-At/near private drive,11-Not on roadway - right side,01-Clear,"08-Dark, artificial",MIDBLOCK,Tuesday,June,0,HIGHLAND RD E,2,ROAD,MAJOR,11.0,24.0,PAVED,TwoWay,PAVED,3,50,7-7 MON-SUN,N,1905.0,294.32992471614
HIGHLAND RD E,04-At/near private drive,11-Not on roadway - right side,01-Clear,"08-Dark, artificial",MIDBLOCK,Tuesday,June,0,HIGHLAND RD E,2,ROAD,MAJOR,11.0,25.0,PAVED,TwoWay,PAVED,3,50,7-7 MON-SUN,N,1948.0,96.7640103658707
HIGHLAND RD E,04-At/near private drive,11-Not on roadway - right side,01-Clear,"08-Dark, artificial",MIDBLOCK,Tuesday,June,0,HIGHLAND RD E,3,ROAD,MAJOR,13.0,24.0,PAVED,TwoWay,PAVED,3,50,7-7 MON-SUN,N,1950.0,108.732713463662
HIGHLAND RD E,04-At/near private drive,11-Not on roadway - right side,01-Clear,"08-Dark, artificial",MIDBLOCK,Tuesday,June,0,HIGHLAND RD E,1,BULB,LOCAL,13.0,25.0,PAVED,FromTo,PAVED,6,50,NO ACCESS,N,1855.0,39.492716362065295
HIGHLAND RD E,04-At/near private drive,11-Not on roadway - right side,01-Clear,"08-Dark, artificial",MIDBLOCK,Tuesday,June,0,HIGHLAND RD E,3,ROAD,MAJOR,14.0,24.0,PAVED,TwoWay,PAVED,3,50,7-7 MON-SUN,N,1950.0,258.645039064155
HIGHLAND RD E,04-At/near private drive,11-Not on roadway - right side,01-Clear,"08-Dark, artificial",MIDBLOCK,Tuesday,June,0,HIGHLAND RD E,2,ROAD,MAJOR,11.0,25.0,PAVED,TwoWay,PAVED,3,50,7-7 MON-SUN,Y,1946.0,188.56766027137297