LOCATION,ACCIDENT_LOCATION,IMPACT_LOCATION,ENVIRONMENT_CONDITION,LIGHT,COLLISION_TYPE,DAY_OF_WEEK,MONTH,IS_WEEKEND,STREET,LANES,CATEGORY,SUBCATEGORY,PAVEMENT_WIDTH,ROW_WIDTH,SHOULDER,FLOW_DIRECTION,SURFACE_LAYER_TYPE,OFFICIAL_ROAD_CLASSIFICATION,SPEED_LIMIT_KM,TRUCK_ACCESS,BUS_ROUTE,SERVICE_YEAR,Shape__Length
HIGHLAND RD E,01-Non intersection,99-Other,01-Clear,"08-Dark, artificial",MIDBLOCK,Sunday,January,1,HIGHLAND RD E,3,ROAD,MAJOR,13.0,24.0,PAVED,TwoWay,PAVED,3,50,7-7 MON-SUN,Y,1855.0,354.803231257599
HIGHLAND RD E,01-Non intersection,99-Other,01-Clear,"08-Dark, artificial",MIDBLOCK,Sunday,January,1,HIGHLAND RD E,2,ROAD,LOCAL,13.0,24.0,PAVED,TwoWay,PAVED,6,50,7-7 MON-SUN,N,1855.0,132.705758343507
HIGHLAND RD E,01-Non intersection,99-Other,01-Clear,"08-Dark, artificial",MIDBLOCK,Sunday,January,1,HIGHLAND RD E,2,ROAD,MAJOR,11.0,24.0,PAVED,TwoWay,PAVED,3,50,7-7 MON-SUN,Y,1948.0,141.346687778302
HIGHLAND RD E,01-Non intersection,99-Other,01-Clear,"08-Dark, artificial",MIDBLOCK,Sunday,January,1,HIGHLAND RD E,2,ROAD,MAJOR,11.0,24.0,PAVED,TwoWay,PAVED,3,50,7-7 MON-SUN,N,1905.0,294.32992471614
HIGHLAND RD E,01-Non intersection,99-Other,01-Clear,"08-Dark, artificial",MIDBLOCK,Sunday,January,1,HIGHLAND RD E,2,ROAD,MAJOR,11.0,25.0,PAVED,TwoWay,PAVED,3,50,7-7 MON-SUN,N,1948.0,96.7640103658707
HIGHLAND RD E,01-Non intersection,99-Other,01-Clear,"08-Dark, artificial",MIDBLOCK,Sunday,January,1,HIGHLAND RD E,3,ROAD,MAJOR,13.0,24.0,PAVED,TwoWay,PAVED,3,50,7-7 MON-SUN,N,1950.0,108.732713463662
HIGHLAND RD E,01-Non intersection,99-Other,01-Clear,"08-Dark, artificial",MIDBLOCK,Sunday,January,1,HIGHLAND RD E,1,BULB,LOCAL,13.0,25.0,PAVED,FromTo,PAVED,6,50,NO ACCESS,N,1855.0,39.492716362065295
HIGHLAND RD E,01-Non intersection,99-Other,01-Clear,"08-Dark, artificial",MIDBLOCK,Sunday,January,1,HIGHLAND RD E,3,ROAD,MAJOR,14.0,24.0,PAVED,TwoWay,PAVED,3,50,7-7 MON-SUN,N,1950.0,258.645039064155
HIGHLAND RD E,01-Non intersection,99-Other,01-Clear,"08-Dark, artificial",MIDBLOCK,Sunday,January,1,HIGHLAND RD E,2,ROAD,MAJOR,11.0,25.0,PAVED,TwoWay,PAVED,3,50,7-7 MON-SUN,Y,1946.0,188.56766027137297
HIGHLAND RD E,01-Non intersection,99-Other,01-Clear,"08-Dark, artificial",MIDBLOCK,Sunday,January,1,HIGHLAND RD E,2,ROAD,MAJOR,11.0,24.0,PAVED,TwoWay,PAVED,3,50,7-7 MON-SUN,N,1925.0,78.56547325280141
HIGHLAND RD E,04-At/near private drive,02-Thru lane,01-Clear,07-Dark,MIDBLOCK,Sunday,June,1,HIGHLAND RD E,3,ROAD,MAJOR,13.0,24.0,PAVED,TwoWay,PAVED,3,50,7-7 MON-SUN,Y,1855.0,354.803231257599
HIGHLAND RD E,04-At/near private drive,02-Thru lane,01-Clear,07-Dark,MIDBLOCK,Sunday,June,1,HIGHLAND RD E,2,ROAD,LOCAL,13.0,24.0,PAVED,TwoWay,PAVED,6,50,7-7 MON-SUN,N,1855.0,132.705758343507
HIGHLAND RD E,04-At/near private drive,02-Thru lane,01-Clear,07-Dark,MIDBLOCK,Sunday,June,1,HIGHLAND RD E,2,ROAD,MAJOR,11.0,24.0,PAVED,TwoWay,PAVED,3,50,7-7 MON-SUN,Y,1948.0,141.346687778302
HIGHLAND RD E,04-At/near private drive,02-Thru lane,01-Clear,07-Dark,MIDBLOCK,Sunday,June,1,HIGHLAND RD E,2,ROAD,MAJOR,11.0,24.0,PAVED,TwoWay,PAVED,3,50,7-7 MON-SUN,N,1905.0,294.32992471614
HIGHLAND RD E,04-At/near private drive,02-Thru lane,01-Clear,07-Dark,MIDBLOCK,Sunday,June,1,HIGHLAND RD E,2,ROAD,MAJOR,11.0,25.0,PAVED,TwoWay,PAVED,3,50,7-7 MON-SUN,N,1948.0,96.7640103658707
HIGHLAND RD E,04-At/near private drive,02-Thru lane,01-Clear,07-Dark,MIDBLOCK,Sunday,June,1,HIGHLAND RD E,3,ROAD,MAJOR,13.0,24.0,PAVED,TwoWay,PAVED,3,50,7-7 MON-SUN,N,1950.0,108.732713463662
HIGHLAND RD E,04-At/near private drive,02-Thru lane,01-Clear,07-Dark,MIDBLOCK,Sunday,June,1,HIGHLAND RD E,1,BULB,LOCAL,13.0,25.0,PAVED,FromTo,PAVED,6,50,NO ACCESS,N,1855.0,39.492716362065295
HIGHLAND RD E,04-At/near private drive,02-Thru lane,01-Clear,07-Dark,MIDBLOCK,Sunday,June,1,HIGHLAND RD E,3,ROAD,MAJOR,14.0,24.0,PAVED,TwoWay,PAVED,3,50,7-7 MON-SUN,N,1950.0,258.645039064155
HIGHLAND RD E,04-At/near private drive,02-Thru lane,01-Clear,07-Dark,MIDBLOCK,Sunday,June,1,HIGHLAND RD E,2,ROAD,MAJOR,11.0,25.0,PAVED,TwoWay,PAVED,3,50,7-7 MON-SUN,Y,1946.0,188.56766027137297
HIGHLAND RD E,04-At/near private drive,02-Thru lane,01-Clear,07-Dark,MIDBLOCK,Sunday,June,1,HIGHLAND RD E,2,ROAD,MAJOR,11.0,24.0,PAVED,TwoWay,PAVED,3,50,7-7 MON-SUN,N,1925.0,78.56547325280141
HIGHLAND RD E,04-At/near private drive,02-Thru lane,01-Clear,01-Daylight,MIDBLOCK,Friday,February,0,HIGHLAND RD E,3,ROAD,MAJOR,13.0,24.0,PAVED,TwoWay,PAVED,3,50,7-7 MON-SUN,Y,1855.0,354.803231257599
HIGHLAND RD E,04-At/near private drive,02-Thru lane,01-Clear,01-Daylight,MIDBLOCK,Friday,February,0,HIGHLAND RD E,2,ROAD,LOCAL,13.0,24.0,PAVED,TwoWay,PAVED,6,50,7-7 MON-SUN,N,1855.0,132.705758343507
HIGHLAND RD E,04-At/near private drive,02-Thru lane,01-Clear,01-Daylight,MIDBLOCK,Friday,February,0,HIGHLAND RD E,2,ROAD,MAJOR,11.0,24.0,PAVED,TwoWay,PAVED,3,50,7-7 MON-SUN,Y,1948.0,141.346687778302
HIGHLAND RD E,04-At/near private drive,02-Thru lane,01-Clear,01-Daylight,MIDBLOCK,Friday,February,0,HIGHLAND RD E,2,ROAD,MAJOR,11.0,24.0,PAVED,TwoWay,PAVED,3,50,7-7 MON-SUN,N,1905.0,294.32992471614
HIGHLAND RD E,04-At/near private drive,02-Thru lane,01-Clear,01-Daylight,MIDBLOCK,Friday,February,0,HIGHLAND RD E,2,ROAD,MAJOR,11.0,25.0,PAVED,TwoWay,PAVED,3,50,7-7 MON-SUN,N,1948.0,96.7640103658707
HIGHLAND RD E,04-At/near private drive,02-Thru lane,01-Clear,01-Daylight,MIDBLOCK,Friday,February,0,HIGHLAND RD E,3,ROAD,MAJOR,13.0,24.0,PAVED,TwoWay,PAVED,3,50,7-7 MON-SUN,N,1950.0,108.732713463662
HIGHLAND RD E,04-At/near private drive,02-Thru lane,01-Clear,01-Daylight,MIDBLOCK,Friday,February,0,HIGHLAND RD E,1,BULB,LOCAL,13.0,25.0,PAVED,FromTo,PAVED,6,50,NO ACCESS,N,1855.0,39.492716362065295
HIGHLAND RD E,04-At/near private drive,02-Thru lane,01-Clear,01-Daylight,MIDBLOCK,Friday,February,0,HIGHLAND RD E,3,ROAD,MAJOR,14.0,24.0,PAVED,TwoWay,PAVED,3,50,7-7 MON-SUN,N,1950.0,258.645039064155
HIGHLAND RD E,04-At/near private drive,02-Thru lane,01-Clear,01-Daylight,MIDBLOCK,Friday,February,0,HIGHLAND RD E,2,ROAD,MAJOR,11.0,25.0,PAVED,TwoWay,PAVED,3,50,7-7 MON-SUN,Y,1946.0,188.56766027137297
HIGHLAND RD E,04-At/near private drive,02-Thru lane,01-Clear,01-Daylight,MIDBLOCK,Friday,February,0,HIGHLAND RD E,2,ROAD,MAJOR,11.0,24.0,PAVED,TwoWay,PAVED,3,50,7-7 MON-SUN,N,1925.0,78.56547325280141
HIGHLAND RD E,04-At/near private drive,02-Thru lane,01-Clear,01-Daylight,MIDBLOCK,Saturday,February,1,HIGHLAND RD E,3,ROAD,MAJOR,13.0,24.0,PAVED,TwoWay,PAVED,3,50,7-7 MON-SUN,Y,1855.0,354.803231257599
HIGHLAND RD E,04-At/near private drive,02-Thru lane,01-Clear,01-Daylight,MIDBLOCK,Saturday,February,1,HIGHLAND RD E,2,ROAD,LOCAL,13.0,24.0,PAVED,TwoWay,PAVED,6,50,7-7 MON-SUN,N,1855.0,132.705758343507
HIGHLAND RD E,04-At/near private drive,02-Thru lane,01-Clear,01-Daylight,MIDBLOCK,Saturday,February,1,HIGHLAND RD E,2,ROAD,MAJOR,11.0,24.0,PAVED,TwoWay,PAVED,3,50,7-7 MON-SUN,Y,1948.0,141.346687778302
HIGHLAND RD E,04-At/near private drive,02-Thru lane,01-Clear,01-Daylight,MIDBLOCK,Saturday,February,1,HIGHLAND RD E,2,ROAD,MAJOR,11.0,24.0,PAVED,TwoWay,PAVED,3,50,7-7 MON-SUN,N,1905.0,294.32992471614
HIGHLAND RD E,04-At/near private drive,02-Thru lane,01-Clear,01-Daylight,MIDBLOCK,Saturday,February,1,HIGHLAND RD E,2,ROAD,MAJOR,11.0,25.0,PAVED,TwoWay,PAVED,3,50,7-7 MON-SUN,N,1948.0,96.7640103658707
HIGHLAND RD E,04-At/near private drive,02-Thru lane,01-Clear,01-Daylight,MIDBLOCK,Saturday,February,1,HIGHLAND RD E,3,ROAD,MAJOR,13.0,24.0,PAVED,TwoWay,PAVED,3,50,7-7 MON-SUN,N,1950.0,108.732713463662
HIGHLAND RD E,04-At/near private drive,02-Thru lane,01-Clear,01-Daylight,MIDBLOCK,Saturday,February,1,HIGHLAND RD E,1,BULB,LOCAL,13.0,25.0,PAVED,FromTo,PAVED,6,50,NO ACCESS,N,1855.0,39.492716362065295
HIGHLAND RD E,04-At/near private drive,02-Thru lane,01-Clear,01-Daylight,MIDBLOCK,Saturday,February,1,HIGHLAND RD E,3,ROAD,MAJOR,14.0,24.0,PAVED,TwoWay,PAVED,3,50,7-7 MON-SUN,N,1950.0,258.645039064155
HIGHLAND RD E,04-At/near private drive,02-Thru lane,01-Clear,01-Daylight,MIDBLOCK,Saturday,February,1,HIGHLAND RD E,2,ROAD,MAJOR,11.0,25.0,PAVED,TwoWay,PAVED,3,50,7-7 MON-SUN,Y,1946.0,188.56766027137297
HIGHLAND RD E,04-At/near private drive,02-Thru lane,01-Clear,01-Daylight,MIDBLOCK,Saturday,February,1,HIGHLAND RD E,2,ROAD,MAJOR,11.0,24.0,PAVED,TwoWay,PAVED,3,50,7-7 MON-SUN,N,1925.0,78.56547325280141
HIGHLAND RD E,01-Non intersection,02-Thru lane,01-Clear,"08-Dark, artificial",MIDBLOCK,Sunday,May,1,HIGHLAND RD E,3,ROAD,MAJOR,13.0,24.0,PAVED,TwoWay,PAVED,3,50,7-7 MON-SUN,Y,1855.0,354.803231257599
HIGHLAND RD E,01-Non intersection,02-Thru lane,01-Clear,"08-Dark, artificial",MIDBLOCK,Sunday,May,1,HIGHLAND RD E,2,ROAD,LOCAL,13.0,24.0,PAVED,TwoWay,PAVED,6,50,7-7 MON-SUN,N,1855.0,132.705758343507
HIGHLAND RD E,01-Non intersection,02-Thru lane,01-Clear,"08-Dark, artificial",MIDBLOCK,Sunday,May,1,HIGHLAND RD E,2,ROAD,MAJOR,11.0,24.0,PAVED,TwoWay,PAVED,3,50,7-7 MON-SUN,Y,1948.0,141.346687778302
HIGHLAND RD E,01-Non intersection,02-Thru lane,01-Clear,"08-Dark, artificial",MIDBLOCK,Sunday,May,1,HIGHLAND RD E,2,ROAD,MAJOR,11.0,24.0,PAVED,TwoWay,PAVED,3,50,7-7 MON-SUN,N,1905.0,294.32992471614
HIGHLAND RD E,01-Non intersection,02-Thru lane,01-Clear,"08-Dark, artificial",MIDBLOCK,Sunday,May,1,HIGHLAND RD E,2,ROAD,MAJOR,11.0,25.0,PAVED,TwoWay,PAVED,3,50,7-7 MON-SUN,N,1948.0,96.7640103658707
HIGHLAND RD E,01-Non intersection,02-Thru lane,01-Clear,"08-Dark, artificial",MIDBLOCK,Sunday,May,1,HIGHLAND RD E,3,ROAD,MAJOR,13.0,24.0,PAVED,TwoWay,PAVED,3,50,7-7 MON-SUN,N,1950.0,108.732713463662
HIGHLAND RD E,01-Non intersection,02-Thru lane,01-Clear,"08-Dark, artificial",MIDBLOCK,Sunday,May,1,HIGHLAND RD E,1,BULB,LOCAL,13.0,25.0,PAVED,FromTo,PAVED,6,50,NO ACCESS,N,1855.0,39.492716362065295
HIGHLAND RD E,01-Non intersection,02-Thru lane,01-Clear,"08-Dark, artificial",MIDBLOCK,Sunday,May,1,HIGHLAND RD E,3,ROAD,MAJOR,14.0,24.0,PAVED,TwoWay,PAVED,3,50,7-7 MON-SUN,N,1950.0,258.645039064155
HIGHLAND RD E,01-Non intersection,02-Thru lane,01-Clear,"08-Dark, artificial",MIDBLOCK,Sunday,May,1,HIGHLAND RD E,2,ROAD,MAJOR,11.0,25.0,PAVED,TwoWay,PAVED,3,50,7-7 MON-SUN,Y,1946.0,188.56766027137297
HIGHLAND RD E,01-Non intersection,02-Thru lane,01-Clear,"08-Dark, artificial",MIDBLOCK,Sunday,May,1,HIGHLAND RD E,2,ROAD,MAJOR,11.0,24.0,PAVED,TwoWay,PAVED,3,50,7-7 MON-SUN,N,1925.0,78.56547325280141
HIGHLAND RD E,01-Non intersection,02-Thru lane,01-Clear,01-Daylight,MIDBLOCK,Sunday,May,1,HIGHLAND RD E,3,ROAD,MAJOR,13.0,24.0,PAVED,TwoWay,PAVED,3,50,7-7 MON-SUN,Y,1855.0,354.803231257599
HIGHLAND RD E,01-Non intersection,02-Thru lane,01-Clear,01-Daylight,MIDBLOCK,Sunday,May,1,HIGHLAND RD E,2,ROAD,LOCAL,13.0,24.0,PAVED,TwoWay,PAVED,6,50,7-7 MON-SUN,N,1855.0,132.705758343507
HIGHLAND RD E,01-Non intersection,02-Thru lane,01-Clear,01-Daylight,MIDBLOCK,Sunday,May,1,HIGHLAND RD E,2,ROAD,MAJOR,11.0,24.0,PAVED,TwoWay,PAVED,3,50,7-7 MON-SUN,Y,1948.0,141.346687778302
HIGHLAND RD E,01-Non intersection,02-Thru lane,01-Clear,01-Daylight,MIDBLOCK,Sunday,May,1,HIGHLAND RD E,2,ROAD,MAJOR,11.0,24.0,PAVED,TwoWay,PAVED,3,50,7-7 MON-SUN,N,1905.0,294.32992471614
HIGHLAND RD E,01-Non intersection,02-Thru lane,01-Clear,01-Daylight,MIDBLOCK,Sunday,May,1,HIGHLAND RD E,2,ROAD,MAJOR,11.0,25.0,PAVED,TwoWay,PAVED,3,50,7-7 MON-SUN,N,1948.0,96.7640103658707
HIGHLAND RD E,01-Non intersection,02-Thru lane,01-Clear,01-Daylight,MIDBLOCK,Sunday,May,1,HIGHLAND RD E,3,ROAD,MAJOR,13.0,24.0,PAVED,TwoWay,PAVED,3,50,7-7 MON-SUN,N,1950.0,108.732713463662
HIGHLAND RD E,01-Non intersection,02-Thru lane,01-Clear,01-Daylight,MIDBLOCK,Sunday,May,1,HIGHLAND RD E,1,BULB,LOCAL,13.0,25.0,PAVED,FromTo,PAVED,6,50,NO ACCESS,N,1855.0,39.492716362065295
HIGHLAND RD E,01-Non intersection,02-Thru lane,01-Clear,01-Daylight,MIDBLOCK,Sunday,May,1,HIGHLAND RD E,3,ROAD,MAJOR,14.0,24.0,PAVED,TwoWay,PAVED,3,50,7-7 MON-SUN,N,1950.0,258.645039064155
HIGHLAND RD E,01-Non intersection,02-Thru lane,01-Clear,01-Daylight,MIDBLOCK,Sunday,May,1,HIGHLAND RD E,2,ROAD,MAJOR,11.0,25.0,PAVED,TwoWay,PAVED,3,50,7-7 MON-SUN,Y,1946.0,188.56766027137297
HIGHLAND RD E,01-Non intersection,02-Thru lane,01-Clear,01-Daylight,MIDBLOCK,Sunday,May,1,HIGHLAND RD E,2,ROAD,MAJOR,11.0,24.0,PAVED,TwoWay,PAVED,3,50,7-7 MON-SUN,N,1925.0,78.56547325280141
HIGHLAND RD E,04-At/near private drive,02-Thru lane,01-Clear,01-Daylight,MIDBLOCK,Friday,May,0,HIGHLAND RD E,3,ROAD,MAJOR,13.0,24.0,PAVED,TwoWay,PAVED,3,50,7-7 MON-SUN,Y,1855.0,354.803231257599
HIGHLAND RD E,04-At/near private drive,02-Thru lane,01-Clear,01-Daylight,MIDBLOCK,Friday,May,0,HIGHLAND RD E,2,ROAD,LOCAL,13.0,24.0,PAVED,TwoWay,PAVED,6,50,7-7 MON-SUN,N,1855.0,132.705758343507
HIGHLAND RD E,04-At/near private drive,02-Thru lane,01-Clear,01-Daylight,MIDBLOCK,Friday,May,0,HIGHLAND RD E,2,ROAD,MAJOR,11.0,24.0,PAVED,TwoWay,PAVED,3,50,7-7 MON-SUN,Y,1948.0,141.346687778302
HIGHLAND RD E,04-At/near private drive,02-Thru lane,01-Clear,01-Daylight,MIDBLOCK,Friday,May,0,HIGHLAND RD E,2,ROAD,MAJOR,11.0,24.0,PAVED,TwoWay,PAVED,3,50,7-7 MON-SUN,N,1905.0,294.32992471614
HIGHLAND RD E,04-At/near private drive,02-Thru lane,01-Clear,01-Daylight,MIDBLOCK,Friday,May,0,HIGHLAND RD E,2,ROAD,MAJOR,11.0,25.0,PAVED,TwoWay,PAVED,3,50,7-7 MON-SUN,N,1948.0,96.7640103658707
HIGHLAND RD E,04-At/near private drive,02-Thru lane,01-Clear,01-Daylight,MIDBLOCK,Friday,May,0,HIGHLAND RD E,3,ROAD,MAJOR,13.0,24.0,PAVED,TwoWay,PAVED,3,50,7-7 MON-SUN,N,1950.0,108.732713463662
HIGHLAND RD E,04-At/near private drive,02-Thru lane,01-Clear,01-Daylight,MIDBLOCK,Friday,May,0,HIGHLAND RD E,1,BULB,LOCAL,13.0,25.0,PAVED,FromTo,PAVED,6,50,NO ACCESS,N,1855.0,39.492716362065295
HIGHLAND RD E,04-At/near private drive,02-Thru lane,01-Clear,01-Daylight,MIDBLOCK,Friday,May,0,HIGHLAND RD E,3,ROAD,MAJOR,14.0,24.0,PAVED,TwoWay,PAVED,3,50,7-7 MON-SUN,N,1950.0,258.645039064155
HIGHLAND RD E,04-At/near private drive,02-Thru lane,01-Clear,01-Daylight,MIDBLOCK,Friday,May,0,HIGHLAND RD E,2,ROAD,MAJOR,11.0,25.0,PAVED,TwoWay,PAVED,3,50,7-7 MON-SUN,Y,1946.0,188.56766027137297
HIGHLAND RD E,04-At/near private drive,02-Thru lane,01-Clear,01-Daylight,MIDBLOCK,Friday,May,0,HIGHLAND RD E,2,ROAD,MAJOR,11.0,24.0,PAVED,TwoWay,PAVED,3,50,7-7 MON-SUN,N,1925.0,78.56547325280141
HIGHLAND RD E,01-Non intersection,02-Thru lane,01-Clear,07-Dark,MIDBLOCK,Thursday,July,0,HIGHLAND RD E,3,ROAD,MAJOR,13.0,24.0,PAVED,TwoWay,PAVED,3,50,7-7 MON-SUN,Y,1855.0,354.803231257599
HIGHLAND RD E,01-Non intersection,02-Thru lane,01-Clear,07-Dark,MIDBLOCK,Thursday,July,0,HIGHLAND RD E,2,ROAD,LOCAL,13.0,24.0,PAVED,TwoWay,PAVED,6,50,7-7 MON-SUN,N,1855.0,132.705758343507
HIGHLAND RD E,01-Non intersection,02-Thru lane,01-Clear,07-Dark,MIDBLOCK,Thursday,July,0,HIGHLAND RD E,2,ROAD,MAJOR,11.0,24.0,PAVED,TwoWay,PAVED,3,50,7-7 MON-SUN,Y,1948.0,141.346687778302
HIGHLAND RD E,01-Non intersection,02-Thru lane,01-Clear,07-Dark,MIDBLOCK,Thursday,July,0,HIGHLAND RD E,2,ROAD,MAJOR,11.0,24.0,PAVED,TwoWay,PAVED,3,50,7-7 MON-SUN,N,1905.0,294.32992471614
HIGHLAND RD E,01-Non intersection,02-Thru lane,01-Clear,07-Dark,MIDBLOCK,Thursday,July,0,HIGHLAND RD E,2,ROAD,MAJOR,11.0,25.0,PAVED,TwoWay,PAVED,3,50,7-7 MON-SUN,N,1948.0,96.7640103658707
HIGHLAND RD E,01-Non intersection,02-Thru lane,01-Clear,07-Dark,MIDBLOCK,Thursday,July,0,HIGHLAND RD E,3,ROAD,MAJOR,13.0,24.0,PAVED,TwoWay,PAVED,3,50,7-7 MON-SUN,N,1950.0,108.732713463662
HIGHLAND RD E,01-Non intersection,02-Thru lane,01-Clear,07-Dark,MIDBLOCK,Thursday,July,0,HIGHLAND RD E,1,BULB,LOCAL,13.0,25.0,PAVED,FromTo,PAVED,6,50,NO ACCESS,N,1855.0,39.492716362065295
HIGHLAND RD E,01-Non intersection,02-Thru lane,01-Clear,07-Dark,MIDBLOCK,Thursday,July,0,HIGHLAND RD E,3,ROAD,MAJOR,14.0,24.0,PAVED,TwoWay,PAVED,3,50,7-7 MON-SUN,N,1950.0,258.645039064155
HIGHLAND RD E,01-Non intersection,02-Thru lane,01-Clear,07-Dark,MIDBLOCK,Thursday,July,0,HIGHLAND RD E,2,ROAD,MAJOR,11.0,25.0,PAVED,TwoWay,PAVED,3,50,7-7 MON-SUN,Y,1946.0,188.56766027137297
HIGHLAND RD E,01-Non intersection,02-Thru lane,01-Clear,07-Dark,MIDBLOCK,Thursday,July,0,HIGHLAND RD E,2,ROAD,MAJOR,11.0,24.0,PAVED,TwoWay,PAVED,3,50,7-7 MON-SUN,N,1925.0,78.56547325280141
HIGHLAND RD E,01-Non intersection,11-Not on roadway - right side,01-Clear,01-Daylight,MIDBLOCK,Friday,May,0,HIGHLAND RD E,3,ROAD,MAJOR,13.0,24.0,PAVED,TwoWay,PAVED,3,50,7-7 MON-SUN,Y,1855.0,354.803231257599
HIGHLAND RD E,01-Non intersection,11-Not on roadway - right side,01-Clear,01-Daylight,MIDBLOCK,Friday,May,0,HIGHLAND RD E,2,ROAD,LOCAL,13.0,24.0,PAVED,TwoWay,PAVED,6,50,7-7 MON-SUN,N,1855.0,132.705758343507
HIGHLAND RD E,01-Non intersection,11-Not on roadway - right side,01-Clear,01-Daylight,MIDBLOCK,Friday,May,0,HIGHLAND RD E,2,ROAD,MAJOR,11.0,24.0,PAVED,TwoWay,PAVED,3,50,7-7 MON-SUN,Y,1948.0,141.346687778302
HIGHLAND RD E,01-Non intersection,11-Not on roadway - right side,01-Clear,01-Daylight,MIDBLOCK,Friday,May,0,HIGHLAND RD E,2,ROAD,MAJOR,11.0,24.0,PAVED,TwoWay,PAVED,3,50,7-7 MON-SUN,N,1905.0,294.32992471614
HIGHLAND RD E,01-Non intersection,11-Not on roadway - right side,01-Clear,01-Daylight,MIDBLOCK,Friday,May,0,HIGHLAND RD E,2,ROAD,MAJOR,11.0,25.0,PAVED,TwoWay,PAVED,3,50,7-7 MON-SUN,N,1948.0,96.7640103658707
HIGHLAND RD E,01-Non intersection,11-Not on roadway - right side,01-Clear,01-Daylight,MIDBLOCK,Friday,May,0,HIGHLAND RD E,3,ROAD,MAJOR,13.0,24.0,PAVED,TwoWay,PAVED,3,50,7-7 MON-SUN,N,1950.0,108.732713463662
HIGHLAND RD E,01-Non intersection,11-Not on roadway - right side,01-Clear,01-Daylight,MIDBLOCK,Friday,May,0,HIGHLAND RD E,1,BULB,LOCAL,13.0,25.0,PAVED,FromTo,PAVED,6,50,NO ACCESS,N,1855.0,39.492716362065295
HIGHLAND RD E,01-Non intersection,11-Not on roadway - right side,01-Clear,01-Daylight,MIDBLOCK,Friday,May,0,HIGHLAND RD E,3,ROAD,MAJOR,14.0,24.0,PAVED,TwoWay,PAVED,3,50,7-7 MON-SUN,N,1950.0,258.645039064155
HIGHLAND RD E,01-Non intersection,11-Not on roadway - right side,01-Clear,01-Daylight,MIDBLOCK,Friday,May,0,HIGHLAND RD E,2,ROAD,MAJOR,11.0,25.0,PAVED,TwoWay,PAVED,3,50,7-7 MON-SUN,Y,1946.0,188.56766027137297
HIGHLAND RD E,01-Non intersection,11-Not on roadway - right side,01-Clear,01-Daylight,MIDBLOCK,Friday,May,0,HIGHLAND RD E,2,ROAD,MAJOR,11.0,24.0,PAVED,TwoWay,PAVED,3,50,7-7 MON-SUN,N,1925.0,78.56547325280141
HIGHLAND RD E,04-At/near private drive,02-Thru lane,01-Clear,01-Daylight,MIDBLOCK,Monday,February,0,HIGHLAND RD E,3,ROAD,MAJOR,13.0,24.0,PAVED,TwoWay,PAVED,3,50,7-7 MON-SUN,Y,1855.0,354.803231257599
HIGHLAND RD E,04-At/near private drive,02-Thru lane,01-Clear,01-Daylight,MIDBLOCK,Monday,February,0,HIGHLAND RD E,2,ROAD,LOCAL,13.0,24.0,PAVED,TwoWay,PAVED,6,50,7-7 MON-SUN,N,1855.0,132.705758343507
HIGHLAND RD E,04-At/near private drive,02-Thru lane,01-Clear,01-Daylight,MIDBLOCK,Monday,February,0,HIGHLAND RD E,2,ROAD,MAJOR,11.0,24.0,PAVED,TwoWay,PAVED,3,50,7-7 MON-SUN,Y,1948.0,141.346687778302
HIGHLAND RD E,04-At/near private drive,02-Thru lane,01-Clear,01-Daylight,MIDBLOCK,Monday,February,0,HIGHLAND RD E,2,ROAD,MAJOR,11.0,24.0,PAVED,TwoWay,PAVED,3,50,7-7 MON-SUN,N,1905.0,294.32992471614
HIGHLAND RD E,04-At/near private drive,02-Thru lane,01-Clear,01-Daylight,MIDBLOCK,Monday,February,0,HIGHLAND RD E,2,ROAD,MAJOR,11.0,25.0,PAVED,TwoWay,PAVED,3,50,7-7 MON-SUN,N,1948.0,96.7640103658707
HIGHLAND RD E,04-At/near private drive,02-Thru lane,01-Clear,01-Daylight,MIDBLOCK,Monday,February,0,HIGHLAND RD E,3,ROAD,MAJOR,13.0,24.0,PAVED,TwoWay,PAVED,3,50,7-7 MON-SUN,N,1950.0,108.732713463662
HIGHLAND RD E,04-At/near private drive,02-Thru lane,01-Clear,01-Daylight,MIDBLOCK,Monday,February,0,HIGHLAND RD E,1,BULB,LOCAL,13.0,25.0,PAVED,FromTo,PAVED,6,50,NO ACCESS,N,1855.0,39.492716362065295
HIGHLAND RD E,04-At/near private drive,02-Thru lane,01-Clear,01-Daylight,MIDBLOCK,Monday,February,0,HIGHLAND RD E,3,ROAD,MAJOR,14.0,24.0,PAVED,TwoWay,PAVED,3,50,7-7 MON-SUN,N,1950.0,258.645039064155
HIGHLAND RD E,04-At/near private drive,02-Thru lane,01-Clear,01-Daylight,MIDBLOCK,Monday,February,0,HIGHLAND RD E,2,ROAD,MAJOR,11.0,25.0,PAVED,TwoWay,PAVED,3,50,7-7 MON-SUN,Y,1946.0,188.56766027137297
HIGHLAND RD E,04-At/near private drive,02-Thru lane,01-Clear,01-Daylight,MIDBLOCK,Monday,February,0,HIGHLAND RD E,2,ROAD,MAJOR,11.0,24.0,PAVED,TwoWay,PAVED,3,50,7-7 MON-SUN,N,1925.0,78.56547325280141
HIGHLAND RD E,04-At/near private drive,03-Left turn lane,01-Clear,01-Daylight,MIDBLOCK,Tuesday,August,0,HIGHLAND RD E,3,ROAD,MAJOR,13.0,24.0,PAVED,TwoWay,PAVED,3,50,7-7 MON-SUN,Y,1855.0,354.803231257599
HIGHLAND RD E,04-At/near private drive,03-Left turn lane,01-Clear,01-Daylight,MIDBLOCK,Tuesday,August,0,HIGHLAND RD E,2,ROAD,LOCAL,13.0,24.0,PAVED,TwoWay,PAVED,6,50,7-7 MON-SUN,N,1855.0,132.705758343507
HIGHLAND RD E,04-At/near private drive,03-Left turn lane,01-Clear,01-Daylight,MIDBLOCK,Tuesday,August,0,HIGHLAND RD E,2,ROAD,MAJOR,11.0,24.0,PAVED,TwoWay,PAVED,3,50,7-7 MON-SUN,Y,1948.0,141.346687778302