LOCATION,ACCIDENT_LOCATION,IMPACT_LOCATION,ENVIRONMENT_CONDITION,LIGHT,COLLISION_TYPE,DAY_OF_WEEK,MONTH,IS_WEEKEND,STREET,LANES,CATEGORY,SUBCATEGORY,PAVEMENT_WIDTH,ROW_WIDTH,SHOULDER,FLOW_DIRECTION,SURFACE_LAYER_TYPE,OFFICIAL_ROAD_CLASSIFICATION,SPEED_LIMIT_KM,TRUCK_ACCESS,BUS_ROUTE,SERVICE_YEAR,Shape__Length
HIGHLAND RD E,04-At/near private drive,03-Left turn lane,01-Clear,01-Daylight,MIDBLOCK,Tuesday,August,0,HIGHLAND RD E,2,ROAD,MAJOR,11.0,24.0,PAVED,TwoWay,PAVED,3,50,7-7 MON-SUN,N,1905.0,294.32992471614
HIGHLAND RD E,04-At/near private drive,03-Left turn lane,01-Clear,01-Daylight,MIDBLOCK,Tuesday,August,0,HIGHLAND RD E,2,ROAD,MAJOR,11.0,25.0,PAVED,TwoWay,PAVED,3,50,7-7 MON-SUN,N,1948.0,96.7640103658707
HIGHLAND RD E,04-At/near private drive,03-Left turn lane,01-Clear,01-Daylight,MIDBLOCK,Tuesday,August,0,HIGHLAND RD E,3,ROAD,MAJOR,13.0,24.0,PAVED,TwoWay,PAVED,3,50,7-7 MON-SUN,N,1950.0,108.732713463662
HIGHLAND RD E,04-At/near private drive,03-Left turn lane,01-Clear,01-Daylight,MIDBLOCK,Tuesday,August,0,HIGHLAND RD E,1,BULB,LOCAL,13.0,25.0,PAVED,FromTo,PAVED,6,50,NO ACCESS,N,1855.0,39.492716362065295
HIGHLAND RD E,04-At/near private drive,03-Left turn lane,01-Clear,01-Daylight,MIDBLOCK,Tuesday,August,0,HIGHLAND RD E,3,ROAD,MAJOR,14.0,24.0,PAVED,TwoWay,PAVED,3,50,7-7 MON-SUN,N,1950.0,258.645039064155
HIGHLAND RD E,04-At/near private drive,03-Left turn lane,01-Clear,01-Daylight,MIDBLOCK,Tuesday,August,0,HIGHLAND RD E,2,ROAD,MAJOR,11.0,25.0,PAVED,TwoWay,PAVED,3,50,7-7 MON-SUN,Y,1946.0,188.56766027137297
HIGHLAND RD E,04-At/near private drive,03-Left turn lane,01-Clear,01-Daylight,MIDBLOCK,Tuesday,August,0,HIGHLAND RD E,2,ROAD,MAJOR,11.0,24.0,PAVED,TwoWay,PAVED,3,50,7-7 MON-SUN,N,1925.0,78.56547325280141
HIGHLAND RD E,04-At/near private drive,03-Left turn lane,01-Clear,01-Daylight,MIDBLOCK,Tuesday,October,0,HIGHLAND RD E,3,ROAD,MAJOR,13.0,24.0,PAVED,TwoWay,PAVED,3,50,7-7 MON-SUN,Y,1855.0,354.803231257599
HIGHLAND RD E,04-At/near private drive,03-Left turn lane,01-Clear,01-Daylight,MIDBLOCK,Tuesday,October,0,HIGHLAND RD E,2,ROAD,LOCAL,13.0,24.0,PAVED,TwoWay,PAVED,6,50,7-7 MON-SUN,N,1855.0,132.705758343507
HIGHLAND RD E,04-At/near private drive,03-Left turn lane,01-Clear,01-Daylight,MIDBLOCK,Tuesday,October,0,HIGHLAND RD E,2,ROAD,MAJOR,11.0,24.0,PAVED,TwoWay,PAVED,3,50,7-7 MON-SUN,Y,1948.0,141.346687778302
HIGHLAND RD E,04-At/near private drive,03-Left turn lane,01-Clear,01-Daylight,MIDBLOCK,Tuesday,October,0,HIGHLAND RD E,2,ROAD,MAJOR,11.0,24.0,PAVED,TwoWay,PAVED,3,50,7-7 MON-SUN,N,1905.0,294.32992471614
HIGHLAND RD E,04-At/near private drive,03-Left turn lane,01-Clear,01-Daylight,MIDBLOCK,Tuesday,October,0,HIGHLAND RD E,2,ROAD,MAJOR,11.0,25.0,PAVED,TwoWay,PAVED,3,50,7-7 MON-SUN,N,1948.0,96.7640103658707
HIGHLAND RD E,04-At/near private drive,03-Left turn lane,01-Clear,01-Daylight,MIDBLOCK,Tuesday,October,0,HIGHLAND RD E,3,ROAD,MAJOR,13.0,24.0,PAVED,TwoWay,PAVED,3,50,7-7 MON-SUN,N,1950.0,108.732713463662
HIGHLAND RD E,04-At/near private drive,03-Left turn lane,01-Clear,01-Daylight,MIDBLOCK,Tuesday,October,0,HIGHLAND RD E,1,BULB,LOCAL,13.0,25.0,PAVED,FromTo,PAVED,6,50,NO ACCESS,N,1855.0,39.492716362065295
HIGHLAND RD E,04-At/near private drive,03-Left turn lane,01-Clear,01-Daylight,MIDBLOCK,Tuesday,October,0,HIGHLAND RD E,3,ROAD,MAJOR,14.0,24.0,PAVED,TwoWay,PAVED,3,50,7-7 MON-SUN,N,1950.0,258.645039064155
HIGHLAND RD E,04-At/near private drive,03-Left turn lane,01-Clear,01-Daylight,MIDBLOCK,Tuesday,October,0,HIGHLAND RD E,2,ROAD,MAJOR,11.0,25.0,PAVED,TwoWay,PAVED,3,50,7-7 MON-SUN,Y,1946.0,188.56766027137297
HIGHLAND RD E,04-At/near private drive,03-Left turn lane,01-Clear,01-Daylight,MIDBLOCK,Tuesday,October,0,HIGHLAND RD E,2,ROAD,MAJOR,11.0,24.0,PAVED,TwoWay,PAVED,3,50,7-7 MON-SUN,N,1925.0,78.56547325280141
HIGHLAND RD E,99-Other,12-Off highway,03-Snow,"08-Dark, artificial",MIDBLOCK,Friday,January,0,HIGHLAND RD E,3,ROAD,MAJOR,13.0,24.0,PAVED,TwoWay,PAVED,3,50,7-7 MON-SUN,Y,1855.0,354.803231257599
HIGHLAND RD E,99-Other,12-Off highway,03-Snow,"08-Dark, artificial",MIDBLOCK,Friday,January,0,HIGHLAND RD E,2,ROAD,LOCAL,13.0,24.0,PAVED,TwoWay,PAVED,6,50,7-7 MON-SUN,N,1855.0,132.705758343507
HIGHLAND RD E,99-Other,12-Off highway,03-Snow,"08-Dark, artificial",MIDBLOCK,Friday,January,0,HIGHLAND RD E,2,ROAD,MAJOR,11.0,24.0,PAVED,TwoWay,PAVED,3,50,7-7 MON-SUN,Y,1948.0,141.346687778302
HIGHLAND RD E,99-Other,12-Off highway,03-Snow,"08-Dark, artificial",MIDBLOCK,Friday,January,0,HIGHLAND RD E,2,ROAD,MAJOR,11.0,24.0,PAVED,TwoWay,PAVED,3,50,7-7 MON-SUN,N,1905.0,294.32992471614
HIGHLAND RD E,99-Other,12-Off highway,03-Snow,"08-Dark, artificial",MIDBLOCK,Friday,January,0,HIGHLAND RD E,2,ROAD,MAJOR,11.0,25.0,PAVED,TwoWay,PAVED,3,50,7-7 MON-SUN,N,1948.0,96.7640103658707
HIGHLAND RD E,99-Other,12-Off highway,03-Snow,"08-Dark, artificial",MIDBLOCK,Friday,January,0,HIGHLAND RD E,3,ROAD,MAJOR,13.0,24.0,PAVED,TwoWay,PAVED,3,50,7-7 MON-SUN,N,1950.0,108.732713463662
HIGHLAND RD E,99-Other,12-Off highway,03-Snow,"08-Dark, artificial",MIDBLOCK,Friday,January,0,HIGHLAND RD E,1,BULB,LOCAL,13.0,25.0,PAVED,FromTo,PAVED,6,50,NO ACCESS,N,1855.0,39.492716362065295
HIGHLAND RD E,99-Other,12-Off highway,03-Snow,"08-Dark, artificial",MIDBLOCK,Friday,January,0,HIGHLAND RD E,3,ROAD,MAJOR,14.0,24.0,PAVED,TwoWay,PAVED,3,50,7-7 MON-SUN,N,1950.0,258.645039064155
HIGHLAND RD E,99-Other,12-Off highway,03-Snow,"08-Dark, artificial",MIDBLOCK,Friday,January,0,HIGHLAND RD E,2,ROAD,MAJOR,11.0,25.0,PAVED,TwoWay,PAVED,3,50,7-7 MON-SUN,Y,1946.0,188.56766027137297
HIGHLAND RD E,99-Other,12-Off highway,03-Snow,"08-Dark, artificial",MIDBLOCK,Friday,January,0,HIGHLAND RD E,2,ROAD,MAJOR,11.0,24.0,PAVED,TwoWay,PAVED,3,50,7-7 MON-SUN,N,1925.0,78.56547325280141
HIGHLAND RD E,01-Non intersection,02-Thru lane,01-Clear,01-Daylight,MIDBLOCK,Friday,October,0,HIGHLAND RD E,3,ROAD,MAJOR,13.0,24.0,PAVED,TwoWay,PAVED,3,50,7-7 MON-SUN,Y,1855.0,354.803231257599
HIGHLAND RD E,01-Non intersection,02-Thru lane,01-Clear,01-Daylight,MIDBLOCK,Friday,October,0,HIGHLAND RD E,2,ROAD,LOCAL,13.0,24.0,PAVED,TwoWay,PAVED,6,50,7-7 MON-SUN,N,1855.0,132.705758343507
HIGHLAND RD E,01-Non intersection,02-Thru lane,01-Clear,01-Daylight,MIDBLOCK,Friday,October,0,HIGHLAND RD E,2,ROAD,MAJOR,11.0,24.0,PAVED,TwoWay,PAVED,3,50,7-7 MON-SUN,Y,1948.0,141.346687778302
HIGHLAND RD E,01-Non intersection,02-Thru lane,01-Clear,01-Daylight,MIDBLOCK,Friday,October,0,HIGHLAND RD E,2,ROAD,MAJOR,11.0,24.0,PAVED,TwoWay,PAVED,3,50,7-7 MON-SUN,N,1905.0,294.32992471614
HIGHLAND RD E,01-Non intersection,02-Thru lane,01-Clear,01-Daylight,MIDBLOCK,Friday,October,0,HIGHLAND RD E,2,ROAD,MAJOR,11.0,25.0,PAVED,TwoWay,PAVED,3,50,7-7 MON-SUN,N,1948.0,96.7640103658707
HIGHLAND RD E,01-Non intersection,02-Thru lane,01-Clear,01-Daylight,MIDBLOCK,Friday,October,0,HIGHLAND RD E,3,ROAD,MAJOR,13.0,24.0,PAVED,TwoWay,PAVED,3,50,7-7 MON-SUN,N,1950.0,108.732713463662
HIGHLAND RD E,01-Non intersection,02-Thru lane,01-Clear,01-Daylight,MIDBLOCK,Friday,October,0,HIGHLAND RD E,1,BULB,LOCAL,13.0,25.0,PAVED,FromTo,PAVED,6,50,NO ACCESS,N,1855.0,39.492716362065295
HIGHLAND RD E,01-Non intersection,02-Thru lane,01-Clear,01-Daylight,MIDBLOCK,Friday,October,0,HIGHLAND RD E,3,ROAD,MAJOR,14.0,24.0,PAVED,TwoWay,PAVED,3,50,7-7 MON-SUN,N,1950.0,258.645039064155
HIGHLAND RD E,01-Non intersection,02-Thru lane,01-Clear,01-Daylight,MIDBLOCK,Friday,October,0,HIGHLAND RD E,2,ROAD,MAJOR,11.0,25.0,PAVED,TwoWay,PAVED,3,50,7-7 MON-SUN,Y,1946.0,188.56766027137297
HIGHLAND RD E,01-Non intersection,02-Thru lane,01-Clear,01-Daylight,MIDBLOCK,Friday,October,0,HIGHLAND RD E,2,ROAD,MAJOR,11.0,24.0,PAVED,TwoWay,PAVED,3,50,7-7 MON-SUN,N,1925.0,78.56547325280141
HIGHLAND RD E,01-Non intersection,11-Not on roadway - right side,01-Clear,05-Dusk,MIDBLOCK,Saturday,March,1,HIGHLAND RD E,3,ROAD,MAJOR,13.0,24.0,PAVED,TwoWay,PAVED,3,50,7-7 MON-SUN,Y,1855.0,354.803231257599
HIGHLAND RD E,01-Non intersection,11-Not on roadway - right side,01-Clear,05-Dusk,MIDBLOCK,Saturday,March,1,HIGHLAND RD E,2,ROAD,LOCAL,13.0,24.0,PAVED,TwoWay,PAVED,6,50,7-7 MON-SUN,N,1855.0,132.705758343507
HIGHLAND RD E,01-Non intersection,11-Not on roadway - right side,01-Clear,05-Dusk,MIDBLOCK,Saturday,March,1,HIGHLAND RD E,2,ROAD,MAJOR,11.0,24.0,PAVED,TwoWay,PAVED,3,50,7-7 MON-SUN,Y,1948.0,141.346687778302
HIGHLAND RD E,01-Non intersection,11-Not on roadway - right side,01-Clear,05-Dusk,MIDBLOCK,Saturday,March,1,HIGHLAND RD E,2,ROAD,MAJOR,11.0,24.0,PAVED,TwoWay,PAVED,3,50,7-7 MON-SUN,N,1905.0,294.32992471614
HIGHLAND RD E,01-Non intersection,11-Not on roadway - right side,01-Clear,05-Dusk,MIDBLOCK,Saturday,March,1,HIGHLAND RD E,2,ROAD,MAJOR,11.0,25.0,PAVED,TwoWay,PAVED,3,50,7-7 MON-SUN,N,1948.0,96.7640103658707
HIGHLAND RD E,01-Non intersection,11-Not on roadway - right side,01-Clear,05-Dusk,MIDBLOCK,Saturday,March,1,HIGHLAND RD E,3,ROAD,MAJOR,13.0,24.0,PAVED,TwoWay,PAVED,3,50,7-7 MON-SUN,N,1950.0,108.732713463662
HIGHLAND RD E,01-Non intersection,11-Not on roadway - right side,01-Clear,05-Dusk,MIDBLOCK,Saturday,March,1,HIGHLAND RD E,1,BULB,LOCAL,13.0,25.0,PAVED,FromTo,PAVED,6,50,NO ACCESS,N,1855.0,39.492716362065295
HIGHLAND RD E,01-Non intersection,11-Not on roadway - right side,01-Clear,05-Dusk,MIDBLOCK,Saturday,March,1,HIGHLAND RD E,3,ROAD,MAJOR,14.0,24.0,PAVED,TwoWay,PAVED,3,50,7-7 MON-SUN,N,1950.0,258.645039064155
HIGHLAND RD E,01-Non intersection,11-Not on roadway - right side,01-Clear,05-Dusk,MIDBLOCK,Saturday,March,1,HIGHLAND RD E,2,ROAD,MAJOR,11.0,25.0,PAVED,TwoWay,PAVED,3,50,7-7 MON-SUN,Y,1946.0,188.56766027137297
HIGHLAND RD E,01-Non intersection,11-Not on roadway - right side,01-Clear,05-Dusk,MIDBLOCK,Saturday,March,1,HIGHLAND RD E,2,ROAD,MAJOR,11.0,24.0,PAVED,TwoWay,PAVED,3,50,7-7 MON-SUN,N,1925.0,78.56547325280141
HIGHLAND RD E,01-Non intersection,02-Thru lane,01-Clear,07-Dark,MIDBLOCK,Wednesday,September,0,HIGHLAND RD E,3,ROAD,MAJOR,13.0,24.0,PAVED,TwoWay,PAVED,3,50,7-7 MON-SUN,Y,1855.0,354.803231257599
HIGHLAND RD E,01-Non intersection,02-Thru lane,01-Clear,07-Dark,MIDBLOCK,Wednesday,September,0,HIGHLAND RD E,2,ROAD,LOCAL,13.0,24.0,PAVED,TwoWay,PAVED,6,50,7-7 MON-SUN,N,1855.0,132.705758343507
HIGHLAND RD E,01-Non intersection,02-Thru lane,01-Clear,07-Dark,MIDBLOCK,Wednesday,September,0,HIGHLAND RD E,2,ROAD,MAJOR,11.0,24.0,PAVED,TwoWay,PAVED,3,50,7-7 MON-SUN,Y,1948.0,141.346687778302
HIGHLAND RD E,01-Non intersection,02-Thru lane,01-Clear,07-Dark,MIDBLOCK,Wednesday,September,0,HIGHLAND RD E,2,ROAD,MAJOR,11.0,24.0,PAVED,TwoWay,PAVED,3,50,7-7 MON-SUN,N,1905.0,294.32992471614
HIGHLAND RD E,01-Non intersection,02-Thru lane,01-Clear,07-Dark,MIDBLOCK,Wednesday,September,0,HIGHLAND RD E,2,ROAD,MAJOR,11.0,25.0,PAVED,TwoWay,PAVED,3,50,7-7 MON-SUN,N,1948.0,96.7640103658707
HIGHLAND RD E,01-Non intersection,02-Thru lane,01-Clear,07-Dark,MIDBLOCK,Wednesday,September,0,HIGHLAND RD E,3,ROAD,MAJOR,13.0,24.0,PAVED,TwoWay,PAVED,3,50,7-7 MON-SUN,N,1950.0,108.732713463662
HIGHLAND RD E,01-Non intersection,02-Thru lane,01-Clear,07-Dark,MIDBLOCK,Wednesday,September,0,HIGHLAND RD E,1,BULB,LOCAL,13.0,25.0,PAVED,FromTo,PAVED,6,50,NO ACCESS,N,1855.0,39.492716362065295
HIGHLAND RD E,01-Non intersection,02-Thru lane,01-Clear,07-Dark,MIDBLOCK,Wednesday,September,0,HIGHLAND RD E,3,ROAD,MAJOR,14.0,24.0,PAVED,TwoWay,PAVED,3,50,7-7 MON-SUN,N,1950.0,258.645039064155
HIGHLAND RD E,01-Non intersection,02-Thru lane,01-Clear,07-Dark,MIDBLOCK,Wednesday,September,0,HIGHLAND RD E,2,ROAD,MAJOR,11.0,25.0,PAVED,TwoWay,PAVED,3,50,7-7 MON-SUN,Y,1946.0,188.56766027137297
HIGHLAND RD E,01-Non intersection,02-Thru lane,01-Clear,07-Dark,MIDBLOCK,Wednesday,September,0,HIGHLAND RD E,2,ROAD,MAJOR,11.0,24.0,PAVED,TwoWay,PAVED,3,50,7-7 MON-SUN,N,1925.0,78.56547325280141
HIGHLAND RD E,01-Non intersection,11-Not on roadway - right side,01-Clear,"08-Dark, artificial",MIDBLOCK,Sunday,December,1,HIGHLAND RD E,3,ROAD,MAJOR,13.0,24.0,PAVED,TwoWay,PAVED,3,50,7-7 MON-SUN,Y,1855.0,354.803231257599
HIGHLAND RD E,01-Non intersection,11-Not on roadway - right side,01-Clear,"08-Dark, artificial",MIDBLOCK,Sunday,December,1,HIGHLAND RD E,2,ROAD,LOCAL,13.0,24.0,PAVED,TwoWay,PAVED,6,50,7-7 MON-SUN,N,1855.0,132.705758343507
HIGHLAND RD E,01-Non intersection,11-Not on roadway - right side,01-Clear,"08-Dark, artificial",MIDBLOCK,Sunday,December,1,HIGHLAND RD E,2,ROAD,MAJOR,11.0,24.0,PAVED,TwoWay,PAVED,3,50,7-7 MON-SUN,Y,1948.0,141.346687778302
HIGHLAND RD E,01-Non intersection,11-Not on roadway - right side,01-Clear,"08-Dark, artificial",MIDBLOCK,Sunday,December,1,HIGHLAND RD E,2,ROAD,MAJOR,11.0,24.0,PAVED,TwoWay,PAVED,3,50,7-7 MON-SUN,N,1905.0,294.32992471614
HIGHLAND RD E,01-Non intersection,11-Not on roadway - right side,01-Clear,"08-Dark, artificial",MIDBLOCK,Sunday,December,1,HIGHLAND RD E,2,ROAD,MAJOR,11.0,25.0,PAVED,TwoWay,PAVED,3,50,7-7 MON-SUN,N,1948.0,96.7640103658707
HIGHLAND RD E,01-Non intersection,11-Not on roadway - right side,01-Clear,"08-Dark, artificial",MIDBLOCK,Sunday,December,1,HIGHLAND RD E,3,ROAD,MAJOR,13.0,24.0,PAVED,TwoWay,PAVED,3,50,7-7 MON-SUN,N,1950.0,108.732713463662
HIGHLAND RD E,01-Non intersection,11-Not on roadway - right side,01-Clear,"08-Dark, artificial",MIDBLOCK,Sunday,December,1,HIGHLAND RD E,1,BULB,LOCAL,13.0,25.0,PAVED,FromTo,PAVED,6,50,NO ACCESS,N,1855.0,39.492716362065295
HIGHLAND RD E,01-Non intersection,11-Not on roadway - right side,01-Clear,"08-Dark, artificial",MIDBLOCK,Sunday,December,1,HIGHLAND RD E,3,ROAD,MAJOR,14.0,24.0,PAVED,TwoWay,PAVED,3,50,7-7 MON-SUN,N,1950.0,258.645039064155
HIGHLAND RD E,01-Non intersection,11-Not on roadway - right side,01-Clear,"08-Dark, artificial",MIDBLOCK,Sunday,December,1,HIGHLAND RD E,2,ROAD,MAJOR,11.0,25.0,PAVED,TwoWay,PAVED,3,50,7-7 MON-SUN,Y,1946.0,188.56766027137297
HIGHLAND RD E,01-Non intersection,11-Not on roadway - right side,01-Clear,"08-Dark, artificial",MIDBLOCK,Sunday,December,1,HIGHLAND RD E,2,ROAD,MAJOR,11.0,24.0,PAVED,TwoWay,PAVED,3,50,7-7 MON-SUN,N,1925.0,78.56547325280141
HIGHLAND RD E,04-At/near private drive,02-Thru lane,02-Rain,01-Daylight,MIDBLOCK,Thursday,October,0,HIGHLAND RD E,3,ROAD,MAJOR,13.0,24.0,PAVED,TwoWay,PAVED,3,50,7-7 MON-SUN,Y,1855.0,354.803231257599
HIGHLAND RD E,04-At/near private drive,02-Thru lane,02-Rain,01-Daylight,MIDBLOCK,Thursday,October,0,HIGHLAND RD E,2,ROAD,LOCAL,13.0,24.0,PAVED,TwoWay,PAVED,6,50,7-7 MON-SUN,N,1855.0,132.705758343507
HIGHLAND RD E,04-At/near private drive,02-Thru lane,02-Rain,01-Daylight,MIDBLOCK,Thursday,October,0,HIGHLAND RD E,2,ROAD,MAJOR,11.0,24.0,PAVED,TwoWay,PAVED,3,50,7-7 MON-SUN,Y,1948.0,141.346687778302
HIGHLAND RD E,04-At/near private drive,02-Thru lane,02-Rain,01-Daylight,MIDBLOCK,Thursday,October,0,HIGHLAND RD E,2,ROAD,MAJOR,11.0,24.0,PAVED,TwoWay,PAVED,3,50,7-7 MON-SUN,N,1905.0,294.32992471614
HIGHLAND RD E,04-At/near private drive,02-Thru lane,02-Rain,01-Daylight,MIDBLOCK,Thursday,October,0,HIGHLAND RD E,2,ROAD,MAJOR,11.0,25.0,PAVED,TwoWay,PAVED,3,50,7-7 MON-SUN,N,1948.0,96.7640103658707
HIGHLAND RD E,04-At/near private drive,02-Thru lane,02-Rain,01-Daylight,MIDBLOCK,Thursday,October,0,HIGHLAND RD E,3,ROAD,MAJOR,13.0,24.0,PAVED,TwoWay,PAVED,3,50,7-7 MON-SUN,N,1950.0,108.732713463662
HIGHLAND RD E,04-At/near private drive,02-Thru lane,02-Rain,01-Daylight,MIDBLOCK,Thursday,October,0,HIGHLAND RD E,1,BULB,LOCAL,13.0,25.0,PAVED,FromTo,PAVED,6,50,NO ACCESS,N,1855.0,39.492716362065295
HIGHLAND RD E,04-At/near private drive,02-Thru lane,02-Rain,01-Daylight,MIDBLOCK,Thursday,October,0,HIGHLAND RD E,3,ROAD,MAJOR,14.0,24.0,PAVED,TwoWay,PAVED,3,50,7-7 MON-SUN,N,1950.0,258.645039064155
HIGHLAND RD E,04-At/near private drive,02-Thru lane,02-Rain,01-Daylight,MIDBLOCK,Thursday,October,0,HIGHLAND RD E,2,ROAD,MAJOR,11.0,25.0,PAVED,TwoWay,PAVED,3,50,7-7 MON-SUN,Y,1946.0,188.56766027137297
HIGHLAND RD E,04-At/near private drive,02-Thru lane,02-Rain,01-Daylight,MIDBLOCK,Thursday,October,0,HIGHLAND RD E,2,ROAD,MAJOR,11.0,24.0,PAVED,TwoWay,PAVED,3,50,7-7 MON-SUN,N,1925.0,78.56547325280141
HIGHLAND RD E,04-At/near private drive,02-Thru lane,01-Clear,01-Daylight,MIDBLOCK,Saturday,March,1,HIGHLAND RD E,3,ROAD,MAJOR,13.0,24.0,PAVED,TwoWay,PAVED,3,50,7-7 MON-SUN,Y,1855.0,354.803231257599
HIGHLAND RD E,04-At/near private drive,02-Thru lane,01-Clear,01-Daylight,MIDBLOCK,Saturday,March,1,HIGHLAND RD E,2,ROAD,LOCAL,13.0,24.0,PAVED,TwoWay,PAVED,6,50,7-7 MON-SUN,N,1855.0,132.705758343507
HIGHLAND RD E,04-At/near private drive,02-Thru lane,01-Clear,01-Daylight,MIDBLOCK,Saturday,March,1,HIGHLAND RD E,2,ROAD,MAJOR,11.0,24.0,PAVED,TwoWay,PAVED,3,50,7-7 MON-SUN,Y,1948.0,141.346687778302
HIGHLAND RD E,04-At/near private drive,02-Thru lane,01-Clear,01-Daylight,MIDBLOCK,Saturday,March,1,HIGHLAND RD E,2,ROAD,MAJOR,11.0,24.0,PAVED,TwoWay,PAVED,3,50,7-7 MON-SUN,N,1905.0,294.32992471614
HIGHLAND RD E,04-At/near private drive,02-Thru lane,01-Clear,01-Daylight,MIDBLOCK,Saturday,March,1,HIGHLAND RD E,2,ROAD,MAJOR,11.0,25.0,PAVED,TwoWay,PAVED,3,50,7-7 MON-SUN,N,1948.0,96.7640103658707
HIGHLAND RD E,04-At/near private drive,02-Thru lane,01-Clear,01-Daylight,MIDBLOCK,Saturday,March,1,HIGHLAND RD E,3,ROAD,MAJOR,13.0,24.0,PAVED,TwoWay,PAVED,3,50,7-7 MON-SUN,N,1950.0,108.732713463662
HIGHLAND RD E,04-At/near private drive,02-Thru lane,01-Clear,01-Daylight,MIDBLOCK,Saturday,March,1,HIGHLAND RD E,1,BULB,LOCAL,13.0,25.0,PAVED,FromTo,PAVED,6,50,NO ACCESS,N,1855.0,39.492716362065295
HIGHLAND RD E,04-At/near private drive,02-Thru lane,01-Clear,01-Daylight,MIDBLOCK,Saturday,March,1,HIGHLAND RD E,3,ROAD,MAJOR,14.0,24.0,PAVED,TwoWay,PAVED,3,50,7-7 MON-SUN,N,1950.0,258.645039064155
HIGHLAND RD E,04-At/near private drive,02-Thru lane,01-Clear,01-Daylight,MIDBLOCK,Saturday,March,1,HIGHLAND RD E,2,ROAD,MAJOR,11.0,25.0,PAVED,TwoWay,PAVED,3,50,7-7 MON-SUN,Y,1946.0,188.56766027137297
HIGHLAND RD E,04-At/near private drive,02-Thru lane,01-Clear,01-Daylight,MIDBLOCK,Saturday,March,1,HIGHLAND RD E,2,ROAD,MAJOR,11.0,24.0,PAVED,TwoWay,PAVED,3,50,7-7 MON-SUN,N,1925.0,78.56547325280141
HALIFAX DR,04-At/near private drive,02-Thru lane,01-Clear,01-Daylight,MIDBLOCK,Saturday,December,1,HALIFAX DR,2,ROAD,MINOR,9.0,20.0,PAVED,TwoWay,PAVED,4,50,NO ACCESS,Y,1968.0,134.121675440512
HALIFAX DR,04-At/near private drive,02-Thru lane,01-Clear,01-Daylight,MIDBLOCK,Saturday,December,1,HALIFAX DR,2,ROAD,LOCAL,9.0,20.0,PAVED,TwoWay,PAVED,6,40,NO ACCESS,Y,1966.0,314.473705236757
HALIFAX DR,01-Non intersection,02-Thru lane,01-Clear,01-Daylight,MIDBLOCK,Wednesday,September,0,HALIFAX DR,2,ROAD,MINOR,9.0,20.0,PAVED,TwoWay,PAVED,4,50,NO ACCESS,Y,1968.0,134.121675440512
HALIFAX DR,01-Non intersection,02-Thru lane,01-Clear,01-Daylight,MIDBLOCK,Wednesday,September,0,HALIFAX DR,2,ROAD,LOCAL,9.0,20.0,PAVED,TwoWay,PAVED,6,40,NO ACCESS,Y,1966.0,314.473705236757
HALIFAX DR,04-At/near private drive,10-Not on roadway - left side,01-Clear,01-Daylight,MIDBLOCK,Saturday,October,1,HALIFAX DR,2,ROAD,MINOR,9.0,20.0,PAVED,TwoWay,PAVED,4,50,NO ACCESS,Y,1968.0,134.121675440512
HALIFAX DR,04-At/near private drive,10-Not on roadway - left side,01-Clear,01-Daylight,MIDBLOCK,Saturday,October,1,HALIFAX DR,2,ROAD,LOCAL,9.0,20.0,PAVED,TwoWay,PAVED,6,40,NO ACCESS,Y,1966.0,314.473705236757
MARKWOOD DR,04-At/near private drive,11-Not on roadway - right side,02-Rain,01-Daylight,MIDBLOCK,Wednesday,December,0,MARKWOOD DR,2,ROAD,LOCAL,9.0,20.0,PAVED,TwoWay,PAVED,6,50,NO ACCESS,N,2001.0,505.652334752995
MARKWOOD DR,04-At/near private drive,11-Not on roadway - right side,02-Rain,01-Daylight,MIDBLOCK,Wednesday,December,0,MARKWOOD DR,2,ROAD,LOCAL,9.0,20.0,PAVED,TwoWay,PAVED,6,50,NO ACCESS,N,2001.0,103.18245522595501
MARKWOOD DR,04-At/near private drive,11-Not on roadway - right side,02-Rain,01-Daylight,MIDBLOCK,Wednesday,December,0,MARKWOOD DR,2,ROAD,LOCAL,9.0,20.0,PAVED,TwoWay,PAVED,6,50,NO ACCESS,N,2001.0,80.8092667521864
MARKWOOD DR,04-At/near private drive,02-Thru lane,01-Clear,01-Daylight,MIDBLOCK,Monday,September,0,MARKWOOD DR,2,ROAD,LOCAL,9.0,20.0,PAVED,TwoWay,PAVED,6,50,NO ACCESS,N,2001.0,505.652334752995
MARKWOOD DR,04-At/near private drive,02-Thru lane,01-Clear,01-Daylight,MIDBLOCK,Monday,September,0,MARKWOOD DR,2,ROAD,LOCAL,9.0,20.0,PAVED,TwoWay,PAVED,6,50,NO ACCESS,N,2001.0,103.18245522595501
MARKWOOD DR,04-At/near private drive,02-Thru lane,01-Clear,01-Daylight,MIDBLOCK,Monday,September,0,MARKWOOD DR,2,ROAD,LOCAL,9.0,20.0,PAVED,TwoWay,PAVED,6,50,NO ACCESS,N,2001.0,80.8092667521864
MARKWOOD DR,01-Non intersection,09-Right shoulder,01-Clear,07-Dark,MIDBLOCK,Saturday,May,1,MARKWOOD DR,2,ROAD,LOCAL,9.0,20.0,PAVED,TwoWay,PAVED,6,50,NO ACCESS,N,2001.0,505.652334752995
MARKWOOD DR,01-Non intersection,09-Right shoulder,01-Clear,07-Dark,MIDBLOCK,Saturday,May,1,MARKWOOD DR,2,ROAD,LOCAL,9.0,20.0,PAVED,TwoWay,PAVED,6,50,NO ACCESS,N,2001.0,103.18245522595501