LOCATION,ACCIDENT_LOCATION,IMPACT_LOCATION,ENVIRONMENT_CONDITION,LIGHT,COLLISION_TYPE,DAY_OF_WEEK,MONTH,IS_WEEKEND,STREET,LANES,CATEGORY,SUBCATEGORY,PAVEMENT_WIDTH,ROW_WIDTH,SHOULDER,FLOW_DIRECTION,SURFACE_LAYER_TYPE,OFFICIAL_ROAD_CLASSIFICATION,SPEED_LIMIT_KM,TRUCK_ACCESS,BUS_ROUTE,SERVICE_YEAR,Shape__Length
COTTON GRASS ST,04-At/near private drive,02-Thru lane,03-Snow,01-Daylight,MIDBLOCK,Wednesday,December,0,COTTON GRASS ST,2,ROAD,LOCAL,13.0,20.0,PAVED,TwoWay,PAVED,6,50,NO ACCESS,N,2002.0,150.68571309983298
COTTON GRASS ST,04-At/near private drive,02-Thru lane,03-Snow,01-Daylight,MIDBLOCK,Wednesday,December,0,COTTON GRASS ST,2,ROAD,LOCAL,8.0,20.0,PAVED,TwoWay,PAVED,6,50,NO ACCESS,N,2002.0,258.51765073993903
COTTON GRASS ST,04-At/near private drive,02-Thru lane,03-Snow,01-Daylight,MIDBLOCK,Wednesday,December,0,COTTON GRASS ST,2,ROAD,LOCAL,8.0,18.0,PAVED,TwoWay,PAVED,6,50,NO ACCESS,N,1999.0,348.798915499681
COTTON GRASS ST,04-At/near private drive,02-Thru lane,03-Snow,01-Daylight,MIDBLOCK,Wednesday,December,0,COTTON GRASS ST,2,ROAD,LOCAL,9.0,18.0,PAVED,TwoWay,PAVED,6,50,NO ACCESS,N,2002.0,84.59719601982358
COTTON GRASS ST,01-Non intersection,02-Thru lane,01-Clear,01-Daylight,MIDBLOCK,Wednesday,March,0,COTTON GRASS ST,2,ROAD,LOCAL,13.0,20.0,PAVED,TwoWay,PAVED,6,50,NO ACCESS,N,2002.0,150.68571309983298
COTTON GRASS ST,01-Non intersection,02-Thru lane,01-Clear,01-Daylight,MIDBLOCK,Wednesday,March,0,COTTON GRASS ST,2,ROAD,LOCAL,8.0,20.0,PAVED,TwoWay,PAVED,6,50,NO ACCESS,N,2002.0,258.51765073993903
COTTON GRASS ST,01-Non intersection,02-Thru lane,01-Clear,01-Daylight,MIDBLOCK,Wednesday,March,0,COTTON GRASS ST,2,ROAD,LOCAL,8.0,18.0,PAVED,TwoWay,PAVED,6,50,NO ACCESS,N,1999.0,348.798915499681
COTTON GRASS ST,01-Non intersection,02-Thru lane,01-Clear,01-Daylight,MIDBLOCK,Wednesday,March,0,COTTON GRASS ST,2,ROAD,LOCAL,9.0,18.0,PAVED,TwoWay,PAVED,6,50,NO ACCESS,N,2002.0,84.59719601982358
COTTON GRASS ST,04-At/near private drive,02-Thru lane,01-Clear,01-Daylight,MIDBLOCK,Friday,February,0,COTTON GRASS ST,2,ROAD,LOCAL,13.0,20.0,PAVED,TwoWay,PAVED,6,50,NO ACCESS,N,2002.0,150.68571309983298
COTTON GRASS ST,04-At/near private drive,02-Thru lane,01-Clear,01-Daylight,MIDBLOCK,Friday,February,0,COTTON GRASS ST,2,ROAD,LOCAL,8.0,20.0,PAVED,TwoWay,PAVED,6,50,NO ACCESS,N,2002.0,258.51765073993903
COTTON GRASS ST,04-At/near private drive,02-Thru lane,01-Clear,01-Daylight,MIDBLOCK,Friday,February,0,COTTON GRASS ST,2,ROAD,LOCAL,8.0,18.0,PAVED,TwoWay,PAVED,6,50,NO ACCESS,N,1999.0,348.798915499681
COTTON GRASS ST,04-At/near private drive,02-Thru lane,01-Clear,01-Daylight,MIDBLOCK,Friday,February,0,COTTON GRASS ST,2,ROAD,LOCAL,9.0,18.0,PAVED,TwoWay,PAVED,6,50,NO ACCESS,N,2002.0,84.59719601982358
COTTON GRASS ST,04-At/near private drive,02-Thru lane,01-Clear,01-Daylight,MIDBLOCK,Monday,June,0,COTTON GRASS ST,2,ROAD,LOCAL,13.0,20.0,PAVED,TwoWay,PAVED,6,50,NO ACCESS,N,2002.0,150.68571309983298
COTTON GRASS ST,04-At/near private drive,02-Thru lane,01-Clear,01-Daylight,MIDBLOCK,Monday,June,0,COTTON GRASS ST,2,ROAD,LOCAL,8.0,20.0,PAVED,TwoWay,PAVED,6,50,NO ACCESS,N,2002.0,258.51765073993903
COTTON GRASS ST,04-At/near private drive,02-Thru lane,01-Clear,01-Daylight,MIDBLOCK,Monday,June,0,COTTON GRASS ST,2,ROAD,LOCAL,8.0,18.0,PAVED,TwoWay,PAVED,6,50,NO ACCESS,N,1999.0,348.798915499681
COTTON GRASS ST,04-At/near private drive,02-Thru lane,01-Clear,01-Daylight,MIDBLOCK,Monday,June,0,COTTON GRASS ST,2,ROAD,LOCAL,9.0,18.0,PAVED,TwoWay,PAVED,6,50,NO ACCESS,N,2002.0,84.59719601982358
COTTON GRASS ST,01-Non intersection,02-Thru lane,01-Clear,01-Daylight,MIDBLOCK,Monday,February,0,COTTON GRASS ST,2,ROAD,LOCAL,13.0,20.0,PAVED,TwoWay,PAVED,6,50,NO ACCESS,N,2002.0,150.68571309983298
COTTON GRASS ST,01-Non intersection,02-Thru lane,01-Clear,01-Daylight,MIDBLOCK,Monday,February,0,COTTON GRASS ST,2,ROAD,LOCAL,8.0,20.0,PAVED,TwoWay,PAVED,6,50,NO ACCESS,N,2002.0,258.51765073993903
COTTON GRASS ST,01-Non intersection,02-Thru lane,01-Clear,01-Daylight,MIDBLOCK,Monday,February,0,COTTON GRASS ST,2,ROAD,LOCAL,8.0,18.0,PAVED,TwoWay,PAVED,6,50,NO ACCESS,N,1999.0,348.798915499681
COTTON GRASS ST,01-Non intersection,02-Thru lane,01-Clear,01-Daylight,MIDBLOCK,Monday,February,0,COTTON GRASS ST,2,ROAD,LOCAL,9.0,18.0,PAVED,TwoWay,PAVED,6,50,NO ACCESS,N,2002.0,84.59719601982358
SCHNEIDER AVE,04-At/near private drive,02-Thru lane,01-Clear,01-Daylight,MIDBLOCK,Friday,February,0,SCHNEIDER AVE,2,ROAD,LOCAL,6.0,15.0,PAVED,TwoWay,PAVED,6,50,NO ACCESS,N,2000.0,155.912504794972
SCHNEIDER AVE,04-At/near private drive,02-Thru lane,01-Clear,01-Daylight,MIDBLOCK,Friday,February,0,SCHNEIDER AVE,2,ROAD,LOCAL,7.0,15.0,PAVED,TwoWay,PAVED,6,50,NO ACCESS,N,2000.0,160.318693139573
SCHNEIDER AVE,04-At/near private drive,02-Thru lane,01-Clear,01-Daylight,MIDBLOCK,Friday,April,0,SCHNEIDER AVE,2,ROAD,LOCAL,6.0,15.0,PAVED,TwoWay,PAVED,6,50,NO ACCESS,N,2000.0,155.912504794972
SCHNEIDER AVE,04-At/near private drive,02-Thru lane,01-Clear,01-Daylight,MIDBLOCK,Friday,April,0,SCHNEIDER AVE,2,ROAD,LOCAL,7.0,15.0,PAVED,TwoWay,PAVED,6,50,NO ACCESS,N,2000.0,160.318693139573
SCHNEIDER AVE,04-At/near private drive,09-Right shoulder,01-Clear,01-Daylight,MIDBLOCK,Sunday,May,1,SCHNEIDER AVE,2,ROAD,LOCAL,6.0,15.0,PAVED,TwoWay,PAVED,6,50,NO ACCESS,N,2000.0,155.912504794972
SCHNEIDER AVE,04-At/near private drive,09-Right shoulder,01-Clear,01-Daylight,MIDBLOCK,Sunday,May,1,SCHNEIDER AVE,2,ROAD,LOCAL,7.0,15.0,PAVED,TwoWay,PAVED,6,50,NO ACCESS,N,2000.0,160.318693139573
SCHNEIDER AVE,01-Non intersection,02-Thru lane,01-Clear,01-Daylight,MIDBLOCK,Thursday,April,0,SCHNEIDER AVE,2,ROAD,LOCAL,6.0,15.0,PAVED,TwoWay,PAVED,6,50,NO ACCESS,N,2000.0,155.912504794972
SCHNEIDER AVE,01-Non intersection,02-Thru lane,01-Clear,01-Daylight,MIDBLOCK,Thursday,April,0,SCHNEIDER AVE,2,ROAD,LOCAL,7.0,15.0,PAVED,TwoWay,PAVED,6,50,NO ACCESS,N,2000.0,160.318693139573
SCHNEIDER AVE,01-Non intersection,02-Thru lane,02-Rain,05-Dusk,MIDBLOCK,Sunday,July,1,SCHNEIDER AVE,2,ROAD,LOCAL,6.0,15.0,PAVED,TwoWay,PAVED,6,50,NO ACCESS,N,2000.0,155.912504794972
SCHNEIDER AVE,01-Non intersection,02-Thru lane,02-Rain,05-Dusk,MIDBLOCK,Sunday,July,1,SCHNEIDER AVE,2,ROAD,LOCAL,7.0,15.0,PAVED,TwoWay,PAVED,6,50,NO ACCESS,N,2000.0,160.318693139573
SCHNEIDER AVE,01-Non intersection,02-Thru lane,01-Clear,01-Daylight,MIDBLOCK,Sunday,August,1,SCHNEIDER AVE,2,ROAD,LOCAL,6.0,15.0,PAVED,TwoWay,PAVED,6,50,NO ACCESS,N,2000.0,155.912504794972
SCHNEIDER AVE,01-Non intersection,02-Thru lane,01-Clear,01-Daylight,MIDBLOCK,Sunday,August,1,SCHNEIDER AVE,2,ROAD,LOCAL,7.0,15.0,PAVED,TwoWay,PAVED,6,50,NO ACCESS,N,2000.0,160.318693139573
SCHNEIDER AVE,01-Non intersection,02-Thru lane,01-Clear,01-Daylight,MIDBLOCK,Sunday,July,1,SCHNEIDER AVE,2,ROAD,LOCAL,6.0,15.0,PAVED,TwoWay,PAVED,6,50,NO ACCESS,N,2000.0,155.912504794972
SCHNEIDER AVE,01-Non intersection,02-Thru lane,01-Clear,01-Daylight,MIDBLOCK,Sunday,July,1,SCHNEIDER AVE,2,ROAD,LOCAL,7.0,15.0,PAVED,TwoWay,PAVED,6,50,NO ACCESS,N,2000.0,160.318693139573
GLOUCESTER CRT,04-At/near private drive,09-Right shoulder,01-Clear,01-Daylight,MIDBLOCK,Saturday,April,1,GLOUCESTER CRT,2,ROAD,LOCAL,8.0,16.0,PAVED,TwoWay,PAVED,6,50,NO ACCESS,N,1995.0,80.44123097462
GLOUCESTER CRT,04-At/near private drive,09-Right shoulder,01-Clear,01-Daylight,MIDBLOCK,Saturday,April,1,GLOUCESTER CRT,1,BULB,LOCAL,8.0,40.0,PAVED,FromTo,PAVED,6,50,NO ACCESS,N,1995.0,97.28851974941679
HUCK CRES,01-Non intersection,02-Thru lane,02-Rain,01-Daylight,MIDBLOCK,Monday,February,0,HUCK CRES,2,ROAD,LOCAL,10.0,20.0,PAVED,TwoWay,PAVED,6,50,NO ACCESS,N,1999.0,157.555303848227
HUCK CRES,01-Non intersection,02-Thru lane,02-Rain,01-Daylight,MIDBLOCK,Monday,February,0,HUCK CRES,2,ROAD,LOCAL,10.0,20.0,PAVED,TwoWay,PAVED,6,50,NO ACCESS,N,2007.0,667.321389560418
HUCK CRES,01-Non intersection,02-Thru lane,02-Rain,01-Daylight,MIDBLOCK,Monday,February,0,HUCK CRES,2,ROAD,LOCAL,10.0,20.0,PAVED,TwoWay,PAVED,6,50,NO ACCESS,N,1999.0,108.891528970285
HUCK CRES,04-At/near private drive,11-Not on roadway - right side,01-Clear,01-Daylight,MIDBLOCK,Wednesday,November,0,HUCK CRES,2,ROAD,LOCAL,10.0,20.0,PAVED,TwoWay,PAVED,6,50,NO ACCESS,N,1999.0,157.555303848227
HUCK CRES,04-At/near private drive,11-Not on roadway - right side,01-Clear,01-Daylight,MIDBLOCK,Wednesday,November,0,HUCK CRES,2,ROAD,LOCAL,10.0,20.0,PAVED,TwoWay,PAVED,6,50,NO ACCESS,N,2007.0,667.321389560418
HUCK CRES,04-At/near private drive,11-Not on roadway - right side,01-Clear,01-Daylight,MIDBLOCK,Wednesday,November,0,HUCK CRES,2,ROAD,LOCAL,10.0,20.0,PAVED,TwoWay,PAVED,6,50,NO ACCESS,N,1999.0,108.891528970285
HUCK CRES,04-At/near private drive,08-Left shoulder,05-Drifting Snow,01-Daylight,MIDBLOCK,Sunday,December,1,HUCK CRES,2,ROAD,LOCAL,10.0,20.0,PAVED,TwoWay,PAVED,6,50,NO ACCESS,N,1999.0,157.555303848227
HUCK CRES,04-At/near private drive,08-Left shoulder,05-Drifting Snow,01-Daylight,MIDBLOCK,Sunday,December,1,HUCK CRES,2,ROAD,LOCAL,10.0,20.0,PAVED,TwoWay,PAVED,6,50,NO ACCESS,N,2007.0,667.321389560418
HUCK CRES,04-At/near private drive,08-Left shoulder,05-Drifting Snow,01-Daylight,MIDBLOCK,Sunday,December,1,HUCK CRES,2,ROAD,LOCAL,10.0,20.0,PAVED,TwoWay,PAVED,6,50,NO ACCESS,N,1999.0,108.891528970285
HUCK CRES,01-Non intersection,02-Thru lane,03-Snow,01-Daylight,MIDBLOCK,Friday,January,0,HUCK CRES,2,ROAD,LOCAL,10.0,20.0,PAVED,TwoWay,PAVED,6,50,NO ACCESS,N,1999.0,157.555303848227
HUCK CRES,01-Non intersection,02-Thru lane,03-Snow,01-Daylight,MIDBLOCK,Friday,January,0,HUCK CRES,2,ROAD,LOCAL,10.0,20.0,PAVED,TwoWay,PAVED,6,50,NO ACCESS,N,2007.0,667.321389560418
HUCK CRES,01-Non intersection,02-Thru lane,03-Snow,01-Daylight,MIDBLOCK,Friday,January,0,HUCK CRES,2,ROAD,LOCAL,10.0,20.0,PAVED,TwoWay,PAVED,6,50,NO ACCESS,N,1999.0,108.891528970285
HUCK CRES,01-Non intersection,02-Thru lane,01-Clear,01-Daylight,MIDBLOCK,Saturday,March,1,HUCK CRES,2,ROAD,LOCAL,10.0,20.0,PAVED,TwoWay,PAVED,6,50,NO ACCESS,N,1999.0,157.555303848227
HUCK CRES,01-Non intersection,02-Thru lane,01-Clear,01-Daylight,MIDBLOCK,Saturday,March,1,HUCK CRES,2,ROAD,LOCAL,10.0,20.0,PAVED,TwoWay,PAVED,6,50,NO ACCESS,N,2007.0,667.321389560418
HUCK CRES,01-Non intersection,02-Thru lane,01-Clear,01-Daylight,MIDBLOCK,Saturday,March,1,HUCK CRES,2,ROAD,LOCAL,10.0,20.0,PAVED,TwoWay,PAVED,6,50,NO ACCESS,N,1999.0,108.891528970285
HUCK CRES,01-Non intersection,09-Right shoulder,01-Clear,05-Dusk,MIDBLOCK,Saturday,February,1,HUCK CRES,2,ROAD,LOCAL,10.0,20.0,PAVED,TwoWay,PAVED,6,50,NO ACCESS,N,1999.0,157.555303848227
HUCK CRES,01-Non intersection,09-Right shoulder,01-Clear,05-Dusk,MIDBLOCK,Saturday,February,1,HUCK CRES,2,ROAD,LOCAL,10.0,20.0,PAVED,TwoWay,PAVED,6,50,NO ACCESS,N,2007.0,667.321389560418
HUCK CRES,01-Non intersection,09-Right shoulder,01-Clear,05-Dusk,MIDBLOCK,Saturday,February,1,HUCK CRES,2,ROAD,LOCAL,10.0,20.0,PAVED,TwoWay,PAVED,6,50,NO ACCESS,N,1999.0,108.891528970285
HUCK CRES,04-At/near private drive,09-Right shoulder,01-Clear,01-Daylight,MIDBLOCK,Saturday,October,1,HUCK CRES,2,ROAD,LOCAL,10.0,20.0,PAVED,TwoWay,PAVED,6,50,NO ACCESS,N,1999.0,157.555303848227
HUCK CRES,04-At/near private drive,09-Right shoulder,01-Clear,01-Daylight,MIDBLOCK,Saturday,October,1,HUCK CRES,2,ROAD,LOCAL,10.0,20.0,PAVED,TwoWay,PAVED,6,50,NO ACCESS,N,2007.0,667.321389560418
HUCK CRES,04-At/near private drive,09-Right shoulder,01-Clear,01-Daylight,MIDBLOCK,Saturday,October,1,HUCK CRES,2,ROAD,LOCAL,10.0,20.0,PAVED,TwoWay,PAVED,6,50,NO ACCESS,N,1999.0,108.891528970285
VILLAGE RD,04-At/near private drive,02-Thru lane,01-Clear,01-Daylight,MIDBLOCK,Wednesday,June,0,VILLAGE RD,2,ROAD,LOCAL,9.0,20.0,PAVED,TwoWay,PAVED,6,50,NO ACCESS,N,2005.0,67.887998201792
VILLAGE RD,01-Non intersection,09-Right shoulder,01-Clear,01-Daylight,MIDBLOCK,Thursday,February,0,VILLAGE RD,2,ROAD,LOCAL,9.0,20.0,PAVED,TwoWay,PAVED,6,50,NO ACCESS,N,2005.0,67.887998201792
VILLAGE RD,01-Non intersection,02-Thru lane,01-Clear,01-Daylight,MIDBLOCK,Saturday,March,1,VILLAGE RD,2,ROAD,LOCAL,9.0,20.0,PAVED,TwoWay,PAVED,6,50,NO ACCESS,N,2005.0,67.887998201792
VILLAGE RD,04-At/near private drive,02-Thru lane,01-Clear,01-Daylight,MIDBLOCK,Tuesday,February,0,VILLAGE RD,2,ROAD,LOCAL,9.0,20.0,PAVED,TwoWay,PAVED,6,50,NO ACCESS,N,2005.0,67.887998201792
VILLAGE RD,04-At/near private drive,09-Right shoulder,03-Snow,01-Daylight,MIDBLOCK,Friday,November,0,VILLAGE RD,2,ROAD,LOCAL,9.0,20.0,PAVED,TwoWay,PAVED,6,50,NO ACCESS,N,2005.0,67.887998201792
VILLAGE RD,04-At/near private drive,11-Not on roadway - right side,03-Snow,"08-Dark, artificial",MIDBLOCK,Sunday,December,1,VILLAGE RD,2,ROAD,LOCAL,9.0,20.0,PAVED,TwoWay,PAVED,6,50,NO ACCESS,N,2005.0,67.887998201792
REICHERT DR,01-Non intersection,10-Not on roadway - left side,01-Clear,01-Daylight,MIDBLOCK,Sunday,March,1,REICHERT DR,2,ROAD,LOCAL,7.0,14.0,PAVED,TwoWay,PAVED,6,50,NO ACCESS,N,1870.0,521.268828485539
REICHERT DR,01-Non intersection,10-Not on roadway - left side,04-Freezing Rain,07-Dark,MIDBLOCK,Monday,February,0,REICHERT DR,2,ROAD,LOCAL,7.0,14.0,PAVED,TwoWay,PAVED,6,50,NO ACCESS,N,1870.0,521.268828485539
REICHERT DR,01-Non intersection,09-Right shoulder,01-Clear,07-Dark,MIDBLOCK,Tuesday,October,0,REICHERT DR,2,ROAD,LOCAL,7.0,14.0,PAVED,TwoWay,PAVED,6,50,NO ACCESS,N,1870.0,521.268828485539
DUMFRIES AVE,01-Non intersection,10-Not on roadway - left side,01-Clear,07-Dark,MIDBLOCK,Sunday,November,1,DUMFRIES AVE,2,ROAD,LOCAL,9.0,20.0,PAVED,TwoWay,PAVED,6,50,NO ACCESS,N,1952.0,495.58913028360803
DUMFRIES AVE,01-Non intersection,10-Not on roadway - left side,01-Clear,07-Dark,MIDBLOCK,Sunday,November,1,DUMFRIES AVE,2,ROAD,LOCAL,10.0,20.0,PAVED,TwoWay,PAVED,6,50,NO ACCESS,N,1886.0,155.972444623549
DUMFRIES AVE,01-Non intersection,02-Thru lane,01-Clear,01-Daylight,MIDBLOCK,Sunday,November,1,DUMFRIES AVE,2,ROAD,LOCAL,9.0,20.0,PAVED,TwoWay,PAVED,6,50,NO ACCESS,N,1952.0,495.58913028360803
DUMFRIES AVE,01-Non intersection,02-Thru lane,01-Clear,01-Daylight,MIDBLOCK,Sunday,November,1,DUMFRIES AVE,2,ROAD,LOCAL,10.0,20.0,PAVED,TwoWay,PAVED,6,50,NO ACCESS,N,1886.0,155.972444623549
DUMFRIES AVE,01-Non intersection,02-Thru lane,02-Rain,"08-Dark, artificial",MIDBLOCK,Wednesday,April,0,DUMFRIES AVE,2,ROAD,LOCAL,9.0,20.0,PAVED,TwoWay,PAVED,6,50,NO ACCESS,N,1952.0,495.58913028360803
DUMFRIES AVE,01-Non intersection,02-Thru lane,02-Rain,"08-Dark, artificial",MIDBLOCK,Wednesday,April,0,DUMFRIES AVE,2,ROAD,LOCAL,10.0,20.0,PAVED,TwoWay,PAVED,6,50,NO ACCESS,N,1886.0,155.972444623549
DUMFRIES AVE,04-At/near private drive,02-Thru lane,01-Clear,01-Daylight,MIDBLOCK,Friday,October,0,DUMFRIES AVE,2,ROAD,LOCAL,9.0,20.0,PAVED,TwoWay,PAVED,6,50,NO ACCESS,N,1952.0,495.58913028360803
DUMFRIES AVE,04-At/near private drive,02-Thru lane,01-Clear,01-Daylight,MIDBLOCK,Friday,October,0,DUMFRIES AVE,2,ROAD,LOCAL,10.0,20.0,PAVED,TwoWay,PAVED,6,50,NO ACCESS,N,1886.0,155.972444623549
DUMFRIES AVE,01-Non intersection,09-Right shoulder,01-Clear,"08-Dark, artificial",MIDBLOCK,Tuesday,December,0,DUMFRIES AVE,2,ROAD,LOCAL,9.0,20.0,PAVED,TwoWay,PAVED,6,50,NO ACCESS,N,1952.0,495.58913028360803
DUMFRIES AVE,01-Non intersection,09-Right shoulder,01-Clear,"08-Dark, artificial",MIDBLOCK,Tuesday,December,0,DUMFRIES AVE,2,ROAD,LOCAL,10.0,20.0,PAVED,TwoWay,PAVED,6,50,NO ACCESS,N,1886.0,155.972444623549
DUMFRIES AVE,01-Non intersection,02-Thru lane,01-Clear,"08-Dark, artificial",MIDBLOCK,Thursday,March,0,DUMFRIES AVE,2,ROAD,LOCAL,9.0,20.0,PAVED,TwoWay,PAVED,6,50,NO ACCESS,N,1952.0,495.58913028360803
DUMFRIES AVE,01-Non intersection,02-Thru lane,01-Clear,"08-Dark, artificial",MIDBLOCK,Thursday,March,0,DUMFRIES AVE,2,ROAD,LOCAL,10.0,20.0,PAVED,TwoWay,PAVED,6,50,NO ACCESS,N,1886.0,155.972444623549
DUMFRIES AVE,04-At/near private drive,02-Thru lane,01-Clear,07-Dark,MIDBLOCK,Thursday,February,0,DUMFRIES AVE,2,ROAD,LOCAL,9.0,20.0,PAVED,TwoWay,PAVED,6,50,NO ACCESS,N,1952.0,495.58913028360803
DUMFRIES AVE,04-At/near private drive,02-Thru lane,01-Clear,07-Dark,MIDBLOCK,Thursday,February,0,DUMFRIES AVE,2,ROAD,LOCAL,10.0,20.0,PAVED,TwoWay,PAVED,6,50,NO ACCESS,N,1886.0,155.972444623549
DUMFRIES AVE,04-At/near private drive,09-Right shoulder,01-Clear,"08-Dark, artificial",MIDBLOCK,Monday,September,0,DUMFRIES AVE,2,ROAD,LOCAL,9.0,20.0,PAVED,TwoWay,PAVED,6,50,NO ACCESS,N,1952.0,495.58913028360803
DUMFRIES AVE,04-At/near private drive,09-Right shoulder,01-Clear,"08-Dark, artificial",MIDBLOCK,Monday,September,0,DUMFRIES AVE,2,ROAD,LOCAL,10.0,20.0,PAVED,TwoWay,PAVED,6,50,NO ACCESS,N,1886.0,155.972444623549
DUMFRIES AVE,04-At/near private drive,09-Right shoulder,01-Clear,01-Daylight,MIDBLOCK,Sunday,January,1,DUMFRIES AVE,2,ROAD,LOCAL,9.0,20.0,PAVED,TwoWay,PAVED,6,50,NO ACCESS,N,1952.0,495.58913028360803
DUMFRIES AVE,04-At/near private drive,09-Right shoulder,01-Clear,01-Daylight,MIDBLOCK,Sunday,January,1,DUMFRIES AVE,2,ROAD,LOCAL,10.0,20.0,PAVED,TwoWay,PAVED,6,50,NO ACCESS,N,1886.0,155.972444623549
DUMFRIES AVE,01-Non intersection,02-Thru lane,01-Clear,"08-Dark, artificial",MIDBLOCK,Tuesday,December,0,DUMFRIES AVE,2,ROAD,LOCAL,9.0,20.0,PAVED,TwoWay,PAVED,6,50,NO ACCESS,N,1952.0,495.58913028360803
DUMFRIES AVE,01-Non intersection,02-Thru lane,01-Clear,"08-Dark, artificial",MIDBLOCK,Tuesday,December,0,DUMFRIES AVE,2,ROAD,LOCAL,10.0,20.0,PAVED,TwoWay,PAVED,6,50,NO ACCESS,N,1886.0,155.972444623549
DUMFRIES AVE,04-At/near private drive,02-Thru lane,01-Clear,07-Dark,MIDBLOCK,Saturday,October,1,DUMFRIES AVE,2,ROAD,LOCAL,9.0,20.0,PAVED,TwoWay,PAVED,6,50,NO ACCESS,N,1952.0,495.58913028360803
DUMFRIES AVE,04-At/near private drive,02-Thru lane,01-Clear,07-Dark,MIDBLOCK,Saturday,October,1,DUMFRIES AVE,2,ROAD,LOCAL,10.0,20.0,PAVED,TwoWay,PAVED,6,50,NO ACCESS,N,1886.0,155.972444623549
RED CLOVER CRT,99-Other,12-Off highway,01-Clear,07-Dark,MIDBLOCK,Saturday,November,1,RED CLOVER CRT,1,BULB,LOCAL,8.0,16.0,PAVED,FromTo,PAVED,6,50,NO ACCESS,N,2005.0,75.30312183972829
RED CLOVER CRT,99-Other,12-Off highway,01-Clear,07-Dark,MIDBLOCK,Saturday,November,1,RED CLOVER CRT,2,ROAD,LOCAL,8.0,16.0,PAVED,TwoWay,PAVED,6,50,NO ACCESS,N,2005.0,118.696007549818
RED CLOVER CRT,04-At/near private drive,02-Thru lane,03-Snow,07-Dark,MIDBLOCK,Friday,December,0,RED CLOVER CRT,1,BULB,LOCAL,8.0,16.0,PAVED,FromTo,PAVED,6,50,NO ACCESS,N,2005.0,75.30312183972829
RED CLOVER CRT,04-At/near private drive,02-Thru lane,03-Snow,07-Dark,MIDBLOCK,Friday,December,0,RED CLOVER CRT,2,ROAD,LOCAL,8.0,16.0,PAVED,TwoWay,PAVED,6,50,NO ACCESS,N,2005.0,118.696007549818
RED CLOVER CRT,01-Non intersection,01-Within intersection,01-Clear,"08-Dark, artificial",MIDBLOCK,Sunday,April,1,RED CLOVER CRT,1,BULB,LOCAL,8.0,16.0,PAVED,FromTo,PAVED,6,50,NO ACCESS,N,2005.0,75.30312183972829
RED CLOVER CRT,01-Non intersection,01-Within intersection,01-Clear,"08-Dark, artificial",MIDBLOCK,Sunday,April,1,RED CLOVER CRT,2,ROAD,LOCAL,8.0,16.0,PAVED,TwoWay,PAVED,6,50,NO ACCESS,N,2005.0,118.696007549818
RED CLOVER CRT,04-At/near private drive,02-Thru lane,01-Clear,03-Dawn,MIDBLOCK,Thursday,October,0,RED CLOVER CRT,1,BULB,LOCAL,8.0,16.0,PAVED,FromTo,PAVED,6,50,NO ACCESS,N,2005.0,75.30312183972829
RED CLOVER CRT,04-At/near private drive,02-Thru lane,01-Clear,03-Dawn,MIDBLOCK,Thursday,October,0,RED CLOVER CRT,2,ROAD,LOCAL,8.0,16.0,PAVED,TwoWay,PAVED,6,50,NO ACCESS,N,2005.0,118.696007549818
WEST AVE,01-Non intersection,02-Thru lane,"07-Fog, mist, smoke, dust",01-Daylight,MIDBLOCK,Friday,December,0,WEST AVE,2,ROAD,MINOR,9.0,20.0,PAVED,TwoWay,PAVED,3,50,NO ACCESS,N,1920.0,81.46557042866179
WEST AVE,01-Non intersection,02-Thru lane,"07-Fog, mist, smoke, dust",01-Daylight,MIDBLOCK,Friday,December,0,WEST AVE,2,ROAD,MINOR,9.0,20.0,PAVED,TwoWay,PAVED,3,50,NO ACCESS,N,1887.0,154.383098486119
WEST AVE,04-At/near private drive,02-Thru lane,02-Rain,07-Dark,MIDBLOCK,Monday,April,0,WEST AVE,2,ROAD,MINOR,9.0,20.0,PAVED,TwoWay,PAVED,3,50,NO ACCESS,N,1920.0,81.46557042866179
WEST AVE,04-At/near private drive,02-Thru lane,02-Rain,07-Dark,MIDBLOCK,Monday,April,0,WEST AVE,2,ROAD,MINOR,9.0,20.0,PAVED,TwoWay,PAVED,3,50,NO ACCESS,N,1887.0,154.383098486119
WEST AVE,04-At/near private drive,02-Thru lane,01-Clear,01-Daylight,MIDBLOCK,Friday,August,0,WEST AVE,2,ROAD,MINOR,9.0,20.0,PAVED,TwoWay,PAVED,3,50,NO ACCESS,N,1920.0,81.46557042866179
WEST AVE,04-At/near private drive,02-Thru lane,01-Clear,01-Daylight,MIDBLOCK,Friday,August,0,WEST AVE,2,ROAD,MINOR,9.0,20.0,PAVED,TwoWay,PAVED,3,50,NO ACCESS,N,1887.0,154.383098486119
WEST AVE,01-Non intersection,02-Thru lane,01-Clear,01-Daylight,MIDBLOCK,Tuesday,June,0,WEST AVE,2,ROAD,MINOR,9.0,20.0,PAVED,TwoWay,PAVED,3,50,NO ACCESS,N,1920.0,81.46557042866179
WEST AVE,01-Non intersection,02-Thru lane,01-Clear,01-Daylight,MIDBLOCK,Tuesday,June,0,WEST AVE,2,ROAD,MINOR,9.0,20.0,PAVED,TwoWay,PAVED,3,50,NO ACCESS,N,1887.0,154.383098486119
WEST AVE,01-Non intersection,09-Right shoulder,03-Snow,01-Daylight,MIDBLOCK,Thursday,February,0,WEST AVE,2,ROAD,MINOR,9.0,20.0,PAVED,TwoWay,PAVED,3,50,NO ACCESS,N,1920.0,81.46557042866179