LOCATION,ACCIDENT_LOCATION,IMPACT_LOCATION,ENVIRONMENT_CONDITION,LIGHT,COLLISION_TYPE,DAY_OF_WEEK,MONTH,IS_WEEKEND,STREET,LANES,CATEGORY,SUBCATEGORY,PAVEMENT_WIDTH,ROW_WIDTH,SHOULDER,FLOW_DIRECTION,SURFACE_LAYER_TYPE,OFFICIAL_ROAD_CLASSIFICATION,SPEED_LIMIT_KM,TRUCK_ACCESS,BUS_ROUTE,SERVICE_YEAR,Shape__Length
WEST AVE,01-Non intersection,09-Right shoulder,03-Snow,01-Daylight,MIDBLOCK,Thursday,February,0,WEST AVE,2,ROAD,MINOR,9.0,20.0,PAVED,TwoWay,PAVED,3,50,NO ACCESS,N,1887.0,154.383098486119
WEST AVE,01-Non intersection,12-Off highway,01-Clear,07-Dark,MIDBLOCK,Thursday,July,0,WEST AVE,2,ROAD,MINOR,9.0,20.0,PAVED,TwoWay,PAVED,3,50,NO ACCESS,N,1920.0,81.46557042866179
WEST AVE,01-Non intersection,12-Off highway,01-Clear,07-Dark,MIDBLOCK,Thursday,July,0,WEST AVE,2,ROAD,MINOR,9.0,20.0,PAVED,TwoWay,PAVED,3,50,NO ACCESS,N,1887.0,154.383098486119
WEST AVE,01-Non intersection,02-Thru lane,01-Clear,01-Daylight,MIDBLOCK,Thursday,August,0,WEST AVE,2,ROAD,MINOR,9.0,20.0,PAVED,TwoWay,PAVED,3,50,NO ACCESS,N,1920.0,81.46557042866179
WEST AVE,01-Non intersection,02-Thru lane,01-Clear,01-Daylight,MIDBLOCK,Thursday,August,0,WEST AVE,2,ROAD,MINOR,9.0,20.0,PAVED,TwoWay,PAVED,3,50,NO ACCESS,N,1887.0,154.383098486119
WEST AVE,01-Non intersection,02-Thru lane,03-Snow,07-Dark,MIDBLOCK,Friday,January,0,WEST AVE,2,ROAD,MINOR,9.0,20.0,PAVED,TwoWay,PAVED,3,50,NO ACCESS,N,1920.0,81.46557042866179
WEST AVE,01-Non intersection,02-Thru lane,03-Snow,07-Dark,MIDBLOCK,Friday,January,0,WEST AVE,2,ROAD,MINOR,9.0,20.0,PAVED,TwoWay,PAVED,3,50,NO ACCESS,N,1887.0,154.383098486119
WEST AVE,01-Non intersection,02-Thru lane,01-Clear,01-Daylight,MIDBLOCK,Friday,June,0,WEST AVE,2,ROAD,MINOR,9.0,20.0,PAVED,TwoWay,PAVED,3,50,NO ACCESS,N,1920.0,81.46557042866179
WEST AVE,01-Non intersection,02-Thru lane,01-Clear,01-Daylight,MIDBLOCK,Friday,June,0,WEST AVE,2,ROAD,MINOR,9.0,20.0,PAVED,TwoWay,PAVED,3,50,NO ACCESS,N,1887.0,154.383098486119
WEST AVE,01-Non intersection,02-Thru lane,01-Clear,01-Daylight,MIDBLOCK,Sunday,September,1,WEST AVE,2,ROAD,MINOR,9.0,20.0,PAVED,TwoWay,PAVED,3,50,NO ACCESS,N,1920.0,81.46557042866179
WEST AVE,01-Non intersection,02-Thru lane,01-Clear,01-Daylight,MIDBLOCK,Sunday,September,1,WEST AVE,2,ROAD,MINOR,9.0,20.0,PAVED,TwoWay,PAVED,3,50,NO ACCESS,N,1887.0,154.383098486119
EIGHTH AVE,04-At/near private drive,09-Right shoulder,01-Clear,01-Daylight,MIDBLOCK,Friday,December,0,EIGHTH AVE,2,ROAD,LOCAL,9.0,20.0,PAVED,TwoWay,PAVED,6,50,NO ACCESS,N,1914.0,411.6266366502349
EIGHTH AVE,04-At/near private drive,09-Right shoulder,01-Clear,01-Daylight,MIDBLOCK,Friday,December,0,EIGHTH AVE,2,ROAD,LOCAL,9.0,20.0,PAVED,TwoWay,PAVED,6,50,NO ACCESS,N,1914.0,271.549606097581
EIGHTH AVE,04-At/near private drive,09-Right shoulder,01-Clear,01-Daylight,MIDBLOCK,Friday,December,0,EIGHTH AVE,2,ROAD,LOCAL,9.0,20.0,PAVED,TwoWay,PAVED,6,50,NO ACCESS,N,1914.0,141.697439543571
EIGHTH AVE,01-Non intersection,02-Thru lane,02-Rain,07-Dark,MIDBLOCK,Monday,June,0,EIGHTH AVE,2,ROAD,LOCAL,9.0,20.0,PAVED,TwoWay,PAVED,6,50,NO ACCESS,N,1914.0,411.6266366502349
EIGHTH AVE,01-Non intersection,02-Thru lane,02-Rain,07-Dark,MIDBLOCK,Monday,June,0,EIGHTH AVE,2,ROAD,LOCAL,9.0,20.0,PAVED,TwoWay,PAVED,6,50,NO ACCESS,N,1914.0,271.549606097581
EIGHTH AVE,01-Non intersection,02-Thru lane,02-Rain,07-Dark,MIDBLOCK,Monday,June,0,EIGHTH AVE,2,ROAD,LOCAL,9.0,20.0,PAVED,TwoWay,PAVED,6,50,NO ACCESS,N,1914.0,141.697439543571
EIGHTH AVE,04-At/near private drive,09-Right shoulder,01-Clear,01-Daylight,MIDBLOCK,Tuesday,April,0,EIGHTH AVE,2,ROAD,LOCAL,9.0,20.0,PAVED,TwoWay,PAVED,6,50,NO ACCESS,N,1914.0,411.6266366502349
EIGHTH AVE,04-At/near private drive,09-Right shoulder,01-Clear,01-Daylight,MIDBLOCK,Tuesday,April,0,EIGHTH AVE,2,ROAD,LOCAL,9.0,20.0,PAVED,TwoWay,PAVED,6,50,NO ACCESS,N,1914.0,271.549606097581
EIGHTH AVE,04-At/near private drive,09-Right shoulder,01-Clear,01-Daylight,MIDBLOCK,Tuesday,April,0,EIGHTH AVE,2,ROAD,LOCAL,9.0,20.0,PAVED,TwoWay,PAVED,6,50,NO ACCESS,N,1914.0,141.697439543571
OLD FOREST CRES,01-Non intersection,11-Not on roadway - right side,02-Rain,"08-Dark, artificial",MIDBLOCK,Friday,January,0,OLD FOREST CRES,2,ROAD,LOCAL,8.0,16.0,PAVED,TwoWay,PAVED,6,50,NO ACCESS,N,1980.0,519.804416613604
OLD FOREST CRES,04-At/near private drive,02-Thru lane,01-Clear,01-Daylight,MIDBLOCK,Saturday,February,1,OLD FOREST CRES,2,ROAD,LOCAL,8.0,16.0,PAVED,TwoWay,PAVED,6,50,NO ACCESS,N,1980.0,519.804416613604
OLD FOREST CRES,04-At/near private drive,02-Thru lane,01-Clear,01-Daylight,MIDBLOCK,Sunday,August,1,OLD FOREST CRES,2,ROAD,LOCAL,8.0,16.0,PAVED,TwoWay,PAVED,6,50,NO ACCESS,N,1980.0,519.804416613604
RIEHM ST,04-At/near private drive,09-Right shoulder,02-Rain,01-Daylight,MIDBLOCK,Sunday,May,1,RIEHM ST,2,ROAD,LOCAL,9.0,18.0,PAVED,TwoWay,PAVED,6,50,NO ACCESS,N,2006.0,352.524774479769
RIEHM ST,04-At/near private drive,09-Right shoulder,02-Rain,01-Daylight,MIDBLOCK,Sunday,May,1,RIEHM ST,2,ROAD,LOCAL,9.0,18.0,PAVED,TwoWay,PAVED,6,50,NO ACCESS,N,2006.0,84.1910129542126
RIEHM ST,04-At/near private drive,02-Thru lane,02-Rain,01-Daylight,MIDBLOCK,Saturday,October,1,RIEHM ST,2,ROAD,LOCAL,9.0,18.0,PAVED,TwoWay,PAVED,6,50,NO ACCESS,N,2006.0,352.524774479769
RIEHM ST,04-At/near private drive,02-Thru lane,02-Rain,01-Daylight,MIDBLOCK,Saturday,October,1,RIEHM ST,2,ROAD,LOCAL,9.0,18.0,PAVED,TwoWay,PAVED,6,50,NO ACCESS,N,2006.0,84.1910129542126
JOSEPH ST,02-Intersection related,02-Thru lane,01-Clear,"08-Dark, artificial",MIDBLOCK,Sunday,August,1,JOSEPH ST,2,ROAD,MINOR,8.0,14.0,PAVED,TwoWay,PAVED,3,50,NO ACCESS,Y,2007.0,113.880475292039
JOSEPH ST,02-Intersection related,02-Thru lane,01-Clear,"08-Dark, artificial",MIDBLOCK,Sunday,August,1,JOSEPH ST,2,ROAD,MINOR,8.0,20.0,PAVED,TwoWay,PAVED,3,50,NO ACCESS,N,2005.0,112.011214001464
JOSEPH ST,02-Intersection related,02-Thru lane,01-Clear,"08-Dark, artificial",MIDBLOCK,Sunday,August,1,JOSEPH ST,2,ROAD,LOCAL,9.0,12.0,PAVED,TwoWay,PAVED,6,50,NO ACCESS,N,2005.0,245.781302720779
JOSEPH ST,02-Intersection related,02-Thru lane,01-Clear,"08-Dark, artificial",MIDBLOCK,Sunday,August,1,JOSEPH ST,2,ROAD,MINOR,12.0,28.0,PAVED,TwoWay,PAVED,3,50,NO ACCESS,N,2007.0,108.230395386038
JOSEPH ST,02-Intersection related,02-Thru lane,01-Clear,"08-Dark, artificial",MIDBLOCK,Sunday,August,1,JOSEPH ST,2,ROAD,MINOR,13.0,18.0,PAVED,TwoWay,PAVED,3,50,NO ACCESS,Y,2007.0,91.99931216773052
JOSEPH ST,02-Intersection related,02-Thru lane,01-Clear,"08-Dark, artificial",MIDBLOCK,Sunday,August,1,JOSEPH ST,2,ROAD,MINOR,11.0,19.0,PAVED,TwoWay,PAVED,3,50,NO ACCESS,Y,2007.0,36.09252839269271
JOSEPH ST,02-Intersection related,02-Thru lane,01-Clear,"08-Dark, artificial",MIDBLOCK,Sunday,August,1,JOSEPH ST,2,ROAD,MINOR,10.0,20.0,PAVED,TwoWay,PAVED,3,50,NO ACCESS,N,2007.0,79.5389151250865
JOSEPH ST,02-Intersection related,02-Thru lane,01-Clear,"08-Dark, artificial",MIDBLOCK,Sunday,August,1,JOSEPH ST,2,ROAD,MINOR,8.0,20.0,PAVED,TwoWay,PAVED,3,50,NO ACCESS,N,2005.0,49.0037595242324
JOSEPH ST,05-At railway crossing,11-Not on roadway - right side,01-Clear,01-Daylight,MIDBLOCK,Friday,April,0,JOSEPH ST,2,ROAD,MINOR,8.0,14.0,PAVED,TwoWay,PAVED,3,50,NO ACCESS,Y,2007.0,113.880475292039
JOSEPH ST,05-At railway crossing,11-Not on roadway - right side,01-Clear,01-Daylight,MIDBLOCK,Friday,April,0,JOSEPH ST,2,ROAD,MINOR,8.0,20.0,PAVED,TwoWay,PAVED,3,50,NO ACCESS,N,2005.0,112.011214001464
JOSEPH ST,05-At railway crossing,11-Not on roadway - right side,01-Clear,01-Daylight,MIDBLOCK,Friday,April,0,JOSEPH ST,2,ROAD,LOCAL,9.0,12.0,PAVED,TwoWay,PAVED,6,50,NO ACCESS,N,2005.0,245.781302720779
JOSEPH ST,05-At railway crossing,11-Not on roadway - right side,01-Clear,01-Daylight,MIDBLOCK,Friday,April,0,JOSEPH ST,2,ROAD,MINOR,12.0,28.0,PAVED,TwoWay,PAVED,3,50,NO ACCESS,N,2007.0,108.230395386038
JOSEPH ST,05-At railway crossing,11-Not on roadway - right side,01-Clear,01-Daylight,MIDBLOCK,Friday,April,0,JOSEPH ST,2,ROAD,MINOR,13.0,18.0,PAVED,TwoWay,PAVED,3,50,NO ACCESS,Y,2007.0,91.99931216773052
JOSEPH ST,05-At railway crossing,11-Not on roadway - right side,01-Clear,01-Daylight,MIDBLOCK,Friday,April,0,JOSEPH ST,2,ROAD,MINOR,11.0,19.0,PAVED,TwoWay,PAVED,3,50,NO ACCESS,Y,2007.0,36.09252839269271
JOSEPH ST,05-At railway crossing,11-Not on roadway - right side,01-Clear,01-Daylight,MIDBLOCK,Friday,April,0,JOSEPH ST,2,ROAD,MINOR,10.0,20.0,PAVED,TwoWay,PAVED,3,50,NO ACCESS,N,2007.0,79.5389151250865
JOSEPH ST,05-At railway crossing,11-Not on roadway - right side,01-Clear,01-Daylight,MIDBLOCK,Friday,April,0,JOSEPH ST,2,ROAD,MINOR,8.0,20.0,PAVED,TwoWay,PAVED,3,50,NO ACCESS,N,2005.0,49.0037595242324
JOSEPH ST,04-At/near private drive,09-Right shoulder,01-Clear,07-Dark,MIDBLOCK,Saturday,March,1,JOSEPH ST,2,ROAD,MINOR,8.0,14.0,PAVED,TwoWay,PAVED,3,50,NO ACCESS,Y,2007.0,113.880475292039
JOSEPH ST,04-At/near private drive,09-Right shoulder,01-Clear,07-Dark,MIDBLOCK,Saturday,March,1,JOSEPH ST,2,ROAD,MINOR,8.0,20.0,PAVED,TwoWay,PAVED,3,50,NO ACCESS,N,2005.0,112.011214001464
JOSEPH ST,04-At/near private drive,09-Right shoulder,01-Clear,07-Dark,MIDBLOCK,Saturday,March,1,JOSEPH ST,2,ROAD,LOCAL,9.0,12.0,PAVED,TwoWay,PAVED,6,50,NO ACCESS,N,2005.0,245.781302720779
JOSEPH ST,04-At/near private drive,09-Right shoulder,01-Clear,07-Dark,MIDBLOCK,Saturday,March,1,JOSEPH ST,2,ROAD,MINOR,12.0,28.0,PAVED,TwoWay,PAVED,3,50,NO ACCESS,N,2007.0,108.230395386038
JOSEPH ST,04-At/near private drive,09-Right shoulder,01-Clear,07-Dark,MIDBLOCK,Saturday,March,1,JOSEPH ST,2,ROAD,MINOR,13.0,18.0,PAVED,TwoWay,PAVED,3,50,NO ACCESS,Y,2007.0,91.99931216773052
JOSEPH ST,04-At/near private drive,09-Right shoulder,01-Clear,07-Dark,MIDBLOCK,Saturday,March,1,JOSEPH ST,2,ROAD,MINOR,11.0,19.0,PAVED,TwoWay,PAVED,3,50,NO ACCESS,Y,2007.0,36.09252839269271
JOSEPH ST,04-At/near private drive,09-Right shoulder,01-Clear,07-Dark,MIDBLOCK,Saturday,March,1,JOSEPH ST,2,ROAD,MINOR,10.0,20.0,PAVED,TwoWay,PAVED,3,50,NO ACCESS,N,2007.0,79.5389151250865
JOSEPH ST,04-At/near private drive,09-Right shoulder,01-Clear,07-Dark,MIDBLOCK,Saturday,March,1,JOSEPH ST,2,ROAD,MINOR,8.0,20.0,PAVED,TwoWay,PAVED,3,50,NO ACCESS,N,2005.0,49.0037595242324
TINATAWA CRT,04-At/near private drive,02-Thru lane,01-Clear,01-Daylight,MIDBLOCK,Friday,August,0,TINATAWA CRT,1,BULB,LOCAL,12.0,43.0,PAVED,FromTo,PAVED,6,50,NO ACCESS,N,1978.0,82.26677812723341
TINATAWA CRT,04-At/near private drive,02-Thru lane,01-Clear,01-Daylight,MIDBLOCK,Friday,August,0,TINATAWA CRT,2,ROAD,LOCAL,7.0,32.0,PAVED,TwoWay,PAVED,6,50,NO ACCESS,N,1978.0,204.009596941648
DALEGROVE DR,01-Non intersection,02-Thru lane,02-Rain,01-Daylight,MIDBLOCK,Friday,September,0,DALEGROVE DR,2,ROAD,LOCAL,9.0,20.0,PAVED,TwoWay,PAVED,6,50,NO ACCESS,N,1969.0,431.222042825997
DALEGROVE DR,01-Non intersection,02-Thru lane,02-Rain,01-Daylight,MIDBLOCK,Friday,September,0,DALEGROVE DR,2,ROAD,LOCAL,9.0,20.0,PAVED,TwoWay,PAVED,6,50,NO ACCESS,Y,2001.0,175.089116173228
DALEGROVE DR,04-At/near private drive,02-Thru lane,01-Clear,"08-Dark, artificial",MIDBLOCK,Saturday,May,1,DALEGROVE DR,2,ROAD,LOCAL,9.0,20.0,PAVED,TwoWay,PAVED,6,50,NO ACCESS,N,1969.0,431.222042825997
DALEGROVE DR,04-At/near private drive,02-Thru lane,01-Clear,"08-Dark, artificial",MIDBLOCK,Saturday,May,1,DALEGROVE DR,2,ROAD,LOCAL,9.0,20.0,PAVED,TwoWay,PAVED,6,50,NO ACCESS,Y,2001.0,175.089116173228
DALEGROVE DR,04-At/near private drive,02-Thru lane,01-Clear,05-Dusk,MIDBLOCK,Saturday,January,1,DALEGROVE DR,2,ROAD,LOCAL,9.0,20.0,PAVED,TwoWay,PAVED,6,50,NO ACCESS,N,1969.0,431.222042825997
DALEGROVE DR,04-At/near private drive,02-Thru lane,01-Clear,05-Dusk,MIDBLOCK,Saturday,January,1,DALEGROVE DR,2,ROAD,LOCAL,9.0,20.0,PAVED,TwoWay,PAVED,6,50,NO ACCESS,Y,2001.0,175.089116173228
DALEGROVE DR,01-Non intersection,11-Not on roadway - right side,02-Rain,"08-Dark, artificial",MIDBLOCK,Wednesday,October,0,DALEGROVE DR,2,ROAD,LOCAL,9.0,20.0,PAVED,TwoWay,PAVED,6,50,NO ACCESS,N,1969.0,431.222042825997
DALEGROVE DR,01-Non intersection,11-Not on roadway - right side,02-Rain,"08-Dark, artificial",MIDBLOCK,Wednesday,October,0,DALEGROVE DR,2,ROAD,LOCAL,9.0,20.0,PAVED,TwoWay,PAVED,6,50,NO ACCESS,Y,2001.0,175.089116173228
DALEGROVE DR,04-At/near private drive,02-Thru lane,02-Rain,"08-Dark, artificial",MIDBLOCK,Sunday,December,1,DALEGROVE DR,2,ROAD,LOCAL,9.0,20.0,PAVED,TwoWay,PAVED,6,50,NO ACCESS,N,1969.0,431.222042825997
DALEGROVE DR,04-At/near private drive,02-Thru lane,02-Rain,"08-Dark, artificial",MIDBLOCK,Sunday,December,1,DALEGROVE DR,2,ROAD,LOCAL,9.0,20.0,PAVED,TwoWay,PAVED,6,50,NO ACCESS,Y,2001.0,175.089116173228
DALEGROVE DR,04-At/near private drive,11-Not on roadway - right side,01-Clear,01-Daylight,MIDBLOCK,Saturday,September,1,DALEGROVE DR,2,ROAD,LOCAL,9.0,20.0,PAVED,TwoWay,PAVED,6,50,NO ACCESS,N,1969.0,431.222042825997
DALEGROVE DR,04-At/near private drive,11-Not on roadway - right side,01-Clear,01-Daylight,MIDBLOCK,Saturday,September,1,DALEGROVE DR,2,ROAD,LOCAL,9.0,20.0,PAVED,TwoWay,PAVED,6,50,NO ACCESS,Y,2001.0,175.089116173228
DALEGROVE DR,04-At/near private drive,02-Thru lane,01-Clear,99-Other,MIDBLOCK,Sunday,April,1,DALEGROVE DR,2,ROAD,LOCAL,9.0,20.0,PAVED,TwoWay,PAVED,6,50,NO ACCESS,N,1969.0,431.222042825997
DALEGROVE DR,04-At/near private drive,02-Thru lane,01-Clear,99-Other,MIDBLOCK,Sunday,April,1,DALEGROVE DR,2,ROAD,LOCAL,9.0,20.0,PAVED,TwoWay,PAVED,6,50,NO ACCESS,Y,2001.0,175.089116173228
DALEGROVE DR,01-Non intersection,02-Thru lane,02-Rain,05-Dusk,MIDBLOCK,Saturday,August,1,DALEGROVE DR,2,ROAD,LOCAL,9.0,20.0,PAVED,TwoWay,PAVED,6,50,NO ACCESS,N,1969.0,431.222042825997
DALEGROVE DR,01-Non intersection,02-Thru lane,02-Rain,05-Dusk,MIDBLOCK,Saturday,August,1,DALEGROVE DR,2,ROAD,LOCAL,9.0,20.0,PAVED,TwoWay,PAVED,6,50,NO ACCESS,Y,2001.0,175.089116173228
DALEGROVE DR,01-Non intersection,02-Thru lane,06-Strong wind,01-Daylight,MIDBLOCK,Wednesday,March,0,DALEGROVE DR,2,ROAD,LOCAL,9.0,20.0,PAVED,TwoWay,PAVED,6,50,NO ACCESS,N,1969.0,431.222042825997
DALEGROVE DR,01-Non intersection,02-Thru lane,06-Strong wind,01-Daylight,MIDBLOCK,Wednesday,March,0,DALEGROVE DR,2,ROAD,LOCAL,9.0,20.0,PAVED,TwoWay,PAVED,6,50,NO ACCESS,Y,2001.0,175.089116173228
DALEGROVE DR,01-Non intersection,11-Not on roadway - right side,01-Clear,01-Daylight,MIDBLOCK,Wednesday,April,0,DALEGROVE DR,2,ROAD,LOCAL,9.0,20.0,PAVED,TwoWay,PAVED,6,50,NO ACCESS,N,1969.0,431.222042825997
DALEGROVE DR,01-Non intersection,11-Not on roadway - right side,01-Clear,01-Daylight,MIDBLOCK,Wednesday,April,0,DALEGROVE DR,2,ROAD,LOCAL,9.0,20.0,PAVED,TwoWay,PAVED,6,50,NO ACCESS,Y,2001.0,175.089116173228
DALEGROVE DR,04-At/near private drive,11-Not on roadway - right side,01-Clear,05-Dusk,MIDBLOCK,Wednesday,May,0,DALEGROVE DR,2,ROAD,LOCAL,9.0,20.0,PAVED,TwoWay,PAVED,6,50,NO ACCESS,N,1969.0,431.222042825997
DALEGROVE DR,04-At/near private drive,11-Not on roadway - right side,01-Clear,05-Dusk,MIDBLOCK,Wednesday,May,0,DALEGROVE DR,2,ROAD,LOCAL,9.0,20.0,PAVED,TwoWay,PAVED,6,50,NO ACCESS,Y,2001.0,175.089116173228
DALEGROVE DR,04-At/near private drive,02-Thru lane,01-Clear,01-Daylight,MIDBLOCK,Wednesday,May,0,DALEGROVE DR,2,ROAD,LOCAL,9.0,20.0,PAVED,TwoWay,PAVED,6,50,NO ACCESS,N,1969.0,431.222042825997
DALEGROVE DR,04-At/near private drive,02-Thru lane,01-Clear,01-Daylight,MIDBLOCK,Wednesday,May,0,DALEGROVE DR,2,ROAD,LOCAL,9.0,20.0,PAVED,TwoWay,PAVED,6,50,NO ACCESS,Y,2001.0,175.089116173228
HIDDEN CREEK DR,04-At/near private drive,09-Right shoulder,03-Snow,01-Daylight,MIDBLOCK,Friday,December,0,HIDDEN CREEK DR,2,ROAD,LOCAL,11.0,20.0,PAVED,TwoWay,PAVED,6,50,NO ACCESS,N,2001.0,397.31384523319
HIDDEN CREEK DR,04-At/near private drive,09-Right shoulder,03-Snow,01-Daylight,MIDBLOCK,Friday,December,0,HIDDEN CREEK DR,2,ROAD,LOCAL,10.0,20.0,PAVED,TwoWay,PAVED,6,50,NO ACCESS,N,1997.0,90.0107383872021
HIDDEN CREEK DR,04-At/near private drive,09-Right shoulder,03-Snow,01-Daylight,MIDBLOCK,Friday,December,0,HIDDEN CREEK DR,2,ROAD,LOCAL,9.0,20.0,PAVED,TwoWay,PAVED,6,50,NO ACCESS,N,2000.0,629.2005352278981
HIDDEN CREEK DR,04-At/near private drive,02-Thru lane,01-Clear,01-Daylight,MIDBLOCK,Thursday,June,0,HIDDEN CREEK DR,2,ROAD,LOCAL,11.0,20.0,PAVED,TwoWay,PAVED,6,50,NO ACCESS,N,2001.0,397.31384523319
HIDDEN CREEK DR,04-At/near private drive,02-Thru lane,01-Clear,01-Daylight,MIDBLOCK,Thursday,June,0,HIDDEN CREEK DR,2,ROAD,LOCAL,10.0,20.0,PAVED,TwoWay,PAVED,6,50,NO ACCESS,N,1997.0,90.0107383872021
HIDDEN CREEK DR,04-At/near private drive,02-Thru lane,01-Clear,01-Daylight,MIDBLOCK,Thursday,June,0,HIDDEN CREEK DR,2,ROAD,LOCAL,9.0,20.0,PAVED,TwoWay,PAVED,6,50,NO ACCESS,N,2000.0,629.2005352278981
HIDDEN CREEK DR,04-At/near private drive,10-Not on roadway - left side,03-Snow,"08-Dark, artificial",MIDBLOCK,Wednesday,November,0,HIDDEN CREEK DR,2,ROAD,LOCAL,11.0,20.0,PAVED,TwoWay,PAVED,6,50,NO ACCESS,N,2001.0,397.31384523319
HIDDEN CREEK DR,04-At/near private drive,10-Not on roadway - left side,03-Snow,"08-Dark, artificial",MIDBLOCK,Wednesday,November,0,HIDDEN CREEK DR,2,ROAD,LOCAL,10.0,20.0,PAVED,TwoWay,PAVED,6,50,NO ACCESS,N,1997.0,90.0107383872021
HIDDEN CREEK DR,04-At/near private drive,10-Not on roadway - left side,03-Snow,"08-Dark, artificial",MIDBLOCK,Wednesday,November,0,HIDDEN CREEK DR,2,ROAD,LOCAL,9.0,20.0,PAVED,TwoWay,PAVED,6,50,NO ACCESS,N,2000.0,629.2005352278981
HIDDEN CREEK DR,04-At/near private drive,02-Thru lane,01-Clear,01-Daylight,MIDBLOCK,Saturday,July,1,HIDDEN CREEK DR,2,ROAD,LOCAL,11.0,20.0,PAVED,TwoWay,PAVED,6,50,NO ACCESS,N,2001.0,397.31384523319
HIDDEN CREEK DR,04-At/near private drive,02-Thru lane,01-Clear,01-Daylight,MIDBLOCK,Saturday,July,1,HIDDEN CREEK DR,2,ROAD,LOCAL,10.0,20.0,PAVED,TwoWay,PAVED,6,50,NO ACCESS,N,1997.0,90.0107383872021
HIDDEN CREEK DR,04-At/near private drive,02-Thru lane,01-Clear,01-Daylight,MIDBLOCK,Saturday,July,1,HIDDEN CREEK DR,2,ROAD,LOCAL,9.0,20.0,PAVED,TwoWay,PAVED,6,50,NO ACCESS,N,2000.0,629.2005352278981
HIDDEN CREEK DR,01-Non intersection,12-Off highway,01-Clear,"08-Dark, artificial",MIDBLOCK,Saturday,July,1,HIDDEN CREEK DR,2,ROAD,LOCAL,11.0,20.0,PAVED,TwoWay,PAVED,6,50,NO ACCESS,N,2001.0,397.31384523319
HIDDEN CREEK DR,01-Non intersection,12-Off highway,01-Clear,"08-Dark, artificial",MIDBLOCK,Saturday,July,1,HIDDEN CREEK DR,2,ROAD,LOCAL,10.0,20.0,PAVED,TwoWay,PAVED,6,50,NO ACCESS,N,1997.0,90.0107383872021
HIDDEN CREEK DR,01-Non intersection,12-Off highway,01-Clear,"08-Dark, artificial",MIDBLOCK,Saturday,July,1,HIDDEN CREEK DR,2,ROAD,LOCAL,9.0,20.0,PAVED,TwoWay,PAVED,6,50,NO ACCESS,N,2000.0,629.2005352278981
HIDDEN CREEK DR,01-Non intersection,02-Thru lane,01-Clear,01-Daylight,MIDBLOCK,Saturday,February,1,HIDDEN CREEK DR,2,ROAD,LOCAL,11.0,20.0,PAVED,TwoWay,PAVED,6,50,NO ACCESS,N,2001.0,397.31384523319
HIDDEN CREEK DR,01-Non intersection,02-Thru lane,01-Clear,01-Daylight,MIDBLOCK,Saturday,February,1,HIDDEN CREEK DR,2,ROAD,LOCAL,10.0,20.0,PAVED,TwoWay,PAVED,6,50,NO ACCESS,N,1997.0,90.0107383872021
HIDDEN CREEK DR,01-Non intersection,02-Thru lane,01-Clear,01-Daylight,MIDBLOCK,Saturday,February,1,HIDDEN CREEK DR,2,ROAD,LOCAL,9.0,20.0,PAVED,TwoWay,PAVED,6,50,NO ACCESS,N,2000.0,629.2005352278981
HIDDEN CREEK DR,04-At/near private drive,02-Thru lane,01-Clear,07-Dark,MIDBLOCK,Saturday,October,1,HIDDEN CREEK DR,2,ROAD,LOCAL,11.0,20.0,PAVED,TwoWay,PAVED,6,50,NO ACCESS,N,2001.0,397.31384523319
HIDDEN CREEK DR,04-At/near private drive,02-Thru lane,01-Clear,07-Dark,MIDBLOCK,Saturday,October,1,HIDDEN CREEK DR,2,ROAD,LOCAL,10.0,20.0,PAVED,TwoWay,PAVED,6,50,NO ACCESS,N,1997.0,90.0107383872021
HIDDEN CREEK DR,04-At/near private drive,02-Thru lane,01-Clear,07-Dark,MIDBLOCK,Saturday,October,1,HIDDEN CREEK DR,2,ROAD,LOCAL,9.0,20.0,PAVED,TwoWay,PAVED,6,50,NO ACCESS,N,2000.0,629.2005352278981
HIDDEN CREEK DR,04-At/near private drive,02-Thru lane,01-Clear,01-Daylight,MIDBLOCK,Sunday,January,1,HIDDEN CREEK DR,2,ROAD,LOCAL,11.0,20.0,PAVED,TwoWay,PAVED,6,50,NO ACCESS,N,2001.0,397.31384523319
HIDDEN CREEK DR,04-At/near private drive,02-Thru lane,01-Clear,01-Daylight,MIDBLOCK,Sunday,January,1,HIDDEN CREEK DR,2,ROAD,LOCAL,10.0,20.0,PAVED,TwoWay,PAVED,6,50,NO ACCESS,N,1997.0,90.0107383872021
HIDDEN CREEK DR,04-At/near private drive,02-Thru lane,01-Clear,01-Daylight,MIDBLOCK,Sunday,January,1,HIDDEN CREEK DR,2,ROAD,LOCAL,9.0,20.0,PAVED,TwoWay,PAVED,6,50,NO ACCESS,N,2000.0,629.2005352278981
HIDDEN CREEK DR,04-At/near private drive,02-Thru lane,01-Clear,07-Dark,MIDBLOCK,Thursday,February,0,HIDDEN CREEK DR,2,ROAD,LOCAL,11.0,20.0,PAVED,TwoWay,PAVED,6,50,NO ACCESS,N,2001.0,397.31384523319
HIDDEN CREEK DR,04-At/near private drive,02-Thru lane,01-Clear,07-Dark,MIDBLOCK,Thursday,February,0,HIDDEN CREEK DR,2,ROAD,LOCAL,10.0,20.0,PAVED,TwoWay,PAVED,6,50,NO ACCESS,N,1997.0,90.0107383872021
HIDDEN CREEK DR,04-At/near private drive,02-Thru lane,01-Clear,07-Dark,MIDBLOCK,Thursday,February,0,HIDDEN CREEK DR,2,ROAD,LOCAL,9.0,20.0,PAVED,TwoWay,PAVED,6,50,NO ACCESS,N,2000.0,629.2005352278981