LOCATION,ACCIDENT_LOCATION,IMPACT_LOCATION,ENVIRONMENT_CONDITION,LIGHT,COLLISION_TYPE,DAY_OF_WEEK,MONTH,IS_WEEKEND,STREET,LANES,CATEGORY,SUBCATEGORY,PAVEMENT_WIDTH,ROW_WIDTH,SHOULDER,FLOW_DIRECTION,SURFACE_LAYER_TYPE,OFFICIAL_ROAD_CLASSIFICATION,SPEED_LIMIT_KM,TRUCK_ACCESS,BUS_ROUTE,SERVICE_YEAR,Shape__Length
HIDDEN CREEK DR,01-Non intersection,09-Right shoulder,01-Clear,01-Daylight,MIDBLOCK,Sunday,August,1,HIDDEN CREEK DR,2,ROAD,LOCAL,11.0,20.0,PAVED,TwoWay,PAVED,6,50,NO ACCESS,N,2001.0,397.31384523319
HIDDEN CREEK DR,01-Non intersection,09-Right shoulder,01-Clear,01-Daylight,MIDBLOCK,Sunday,August,1,HIDDEN CREEK DR,2,ROAD,LOCAL,10.0,20.0,PAVED,TwoWay,PAVED,6,50,NO ACCESS,N,1997.0,90.0107383872021
HIDDEN CREEK DR,01-Non intersection,09-Right shoulder,01-Clear,01-Daylight,MIDBLOCK,Sunday,August,1,HIDDEN CREEK DR,2,ROAD,LOCAL,9.0,20.0,PAVED,TwoWay,PAVED,6,50,NO ACCESS,N,2000.0,629.2005352278981
HIDDEN CREEK DR,01-Non intersection,02-Thru lane,01-Clear,01-Daylight,MIDBLOCK,Friday,April,0,HIDDEN CREEK DR,2,ROAD,LOCAL,11.0,20.0,PAVED,TwoWay,PAVED,6,50,NO ACCESS,N,2001.0,397.31384523319
HIDDEN CREEK DR,01-Non intersection,02-Thru lane,01-Clear,01-Daylight,MIDBLOCK,Friday,April,0,HIDDEN CREEK DR,2,ROAD,LOCAL,10.0,20.0,PAVED,TwoWay,PAVED,6,50,NO ACCESS,N,1997.0,90.0107383872021
HIDDEN CREEK DR,01-Non intersection,02-Thru lane,01-Clear,01-Daylight,MIDBLOCK,Friday,April,0,HIDDEN CREEK DR,2,ROAD,LOCAL,9.0,20.0,PAVED,TwoWay,PAVED,6,50,NO ACCESS,N,2000.0,629.2005352278981
HIDDEN CREEK DR,04-At/near private drive,02-Thru lane,01-Clear,01-Daylight,MIDBLOCK,Sunday,June,1,HIDDEN CREEK DR,2,ROAD,LOCAL,11.0,20.0,PAVED,TwoWay,PAVED,6,50,NO ACCESS,N,2001.0,397.31384523319
HIDDEN CREEK DR,04-At/near private drive,02-Thru lane,01-Clear,01-Daylight,MIDBLOCK,Sunday,June,1,HIDDEN CREEK DR,2,ROAD,LOCAL,10.0,20.0,PAVED,TwoWay,PAVED,6,50,NO ACCESS,N,1997.0,90.0107383872021
HIDDEN CREEK DR,04-At/near private drive,02-Thru lane,01-Clear,01-Daylight,MIDBLOCK,Sunday,June,1,HIDDEN CREEK DR,2,ROAD,LOCAL,9.0,20.0,PAVED,TwoWay,PAVED,6,50,NO ACCESS,N,2000.0,629.2005352278981
HIDDEN CREEK DR,01-Non intersection,02-Thru lane,01-Clear,07-Dark,MIDBLOCK,Monday,April,0,HIDDEN CREEK DR,2,ROAD,LOCAL,11.0,20.0,PAVED,TwoWay,PAVED,6,50,NO ACCESS,N,2001.0,397.31384523319
HIDDEN CREEK DR,01-Non intersection,02-Thru lane,01-Clear,07-Dark,MIDBLOCK,Monday,April,0,HIDDEN CREEK DR,2,ROAD,LOCAL,10.0,20.0,PAVED,TwoWay,PAVED,6,50,NO ACCESS,N,1997.0,90.0107383872021
HIDDEN CREEK DR,01-Non intersection,02-Thru lane,01-Clear,07-Dark,MIDBLOCK,Monday,April,0,HIDDEN CREEK DR,2,ROAD,LOCAL,9.0,20.0,PAVED,TwoWay,PAVED,6,50,NO ACCESS,N,2000.0,629.2005352278981
HIDDEN CREEK DR,04-At/near private drive,09-Right shoulder,01-Clear,"08-Dark, artificial",MIDBLOCK,Wednesday,December,0,HIDDEN CREEK DR,2,ROAD,LOCAL,11.0,20.0,PAVED,TwoWay,PAVED,6,50,NO ACCESS,N,2001.0,397.31384523319
HIDDEN CREEK DR,04-At/near private drive,09-Right shoulder,01-Clear,"08-Dark, artificial",MIDBLOCK,Wednesday,December,0,HIDDEN CREEK DR,2,ROAD,LOCAL,10.0,20.0,PAVED,TwoWay,PAVED,6,50,NO ACCESS,N,1997.0,90.0107383872021
HIDDEN CREEK DR,04-At/near private drive,09-Right shoulder,01-Clear,"08-Dark, artificial",MIDBLOCK,Wednesday,December,0,HIDDEN CREEK DR,2,ROAD,LOCAL,9.0,20.0,PAVED,TwoWay,PAVED,6,50,NO ACCESS,N,2000.0,629.2005352278981
HIDDEN CREEK DR,04-At/near private drive,10-Not on roadway - left side,03-Snow,07-Dark,MIDBLOCK,Sunday,January,1,HIDDEN CREEK DR,2,ROAD,LOCAL,11.0,20.0,PAVED,TwoWay,PAVED,6,50,NO ACCESS,N,2001.0,397.31384523319
HIDDEN CREEK DR,04-At/near private drive,10-Not on roadway - left side,03-Snow,07-Dark,MIDBLOCK,Sunday,January,1,HIDDEN CREEK DR,2,ROAD,LOCAL,10.0,20.0,PAVED,TwoWay,PAVED,6,50,NO ACCESS,N,1997.0,90.0107383872021
HIDDEN CREEK DR,04-At/near private drive,10-Not on roadway - left side,03-Snow,07-Dark,MIDBLOCK,Sunday,January,1,HIDDEN CREEK DR,2,ROAD,LOCAL,9.0,20.0,PAVED,TwoWay,PAVED,6,50,NO ACCESS,N,2000.0,629.2005352278981
ROBERTSON CRES,01-Non intersection,02-Thru lane,01-Clear,03-Dawn,MIDBLOCK,Wednesday,April,0,ROBERTSON CRES,2,ROAD,LOCAL,9.0,20.0,PAVED,TwoWay,PAVED,6,50,NO ACCESS,N,1987.0,216.258403208826
ROBERTSON CRES,01-Non intersection,02-Thru lane,01-Clear,03-Dawn,MIDBLOCK,Wednesday,April,0,ROBERTSON CRES,2,ROAD,LOCAL,9.0,20.0,PAVED,TwoWay,PAVED,6,50,NO ACCESS,N,1987.0,44.9158157001014
ROBERTSON CRES,01-Non intersection,02-Thru lane,01-Clear,03-Dawn,MIDBLOCK,Wednesday,April,0,ROBERTSON CRES,2,ROAD,LOCAL,9.0,20.0,PAVED,TwoWay,PAVED,6,50,NO ACCESS,N,1987.0,146.725658255408
ROBERTSON CRES,01-Non intersection,02-Thru lane,01-Clear,03-Dawn,MIDBLOCK,Wednesday,April,0,ROBERTSON CRES,2,ROAD,LOCAL,9.0,20.0,PAVED,TwoWay,PAVED,6,50,NO ACCESS,N,1987.0,203.033512220122
ROBERTSON CRES,04-At/near private drive,09-Right shoulder,01-Clear,01-Daylight,MIDBLOCK,Thursday,January,0,ROBERTSON CRES,2,ROAD,LOCAL,9.0,20.0,PAVED,TwoWay,PAVED,6,50,NO ACCESS,N,1987.0,216.258403208826
ROBERTSON CRES,04-At/near private drive,09-Right shoulder,01-Clear,01-Daylight,MIDBLOCK,Thursday,January,0,ROBERTSON CRES,2,ROAD,LOCAL,9.0,20.0,PAVED,TwoWay,PAVED,6,50,NO ACCESS,N,1987.0,44.9158157001014
ROBERTSON CRES,04-At/near private drive,09-Right shoulder,01-Clear,01-Daylight,MIDBLOCK,Thursday,January,0,ROBERTSON CRES,2,ROAD,LOCAL,9.0,20.0,PAVED,TwoWay,PAVED,6,50,NO ACCESS,N,1987.0,146.725658255408
ROBERTSON CRES,04-At/near private drive,09-Right shoulder,01-Clear,01-Daylight,MIDBLOCK,Thursday,January,0,ROBERTSON CRES,2,ROAD,LOCAL,9.0,20.0,PAVED,TwoWay,PAVED,6,50,NO ACCESS,N,1987.0,203.033512220122
STOKE DR,04-At/near private drive,09-Right shoulder,02-Rain,01-Daylight,MIDBLOCK,Saturday,May,1,STOKE DR,2,ROAD,MINOR,10.0,20.0,PAVED,TwoWay,PAVED,4,50,NO ACCESS,N,2001.0,134.779418239946
STOKE DR,04-At/near private drive,09-Right shoulder,02-Rain,01-Daylight,MIDBLOCK,Saturday,May,1,STOKE DR,2,ROAD,MINOR,10.0,20.0,PAVED,TwoWay,PAVED,4,50,NO ACCESS,N,2001.0,140.755238343916
STOKE DR,04-At/near private drive,09-Right shoulder,02-Rain,01-Daylight,MIDBLOCK,Saturday,May,1,STOKE DR,2,ROAD,MINOR,10.0,20.0,PAVED,TwoWay,PAVED,4,50,NO ACCESS,N,2005.0,77.2987531093841
STOKE DR,04-At/near private drive,09-Right shoulder,02-Rain,01-Daylight,MIDBLOCK,Saturday,May,1,STOKE DR,2,ROAD,MINOR,9.0,20.0,PAVED,TwoWay,PAVED,4,50,NO ACCESS,N,1979.0,200.984242966766
STOKE DR,04-At/near private drive,09-Right shoulder,02-Rain,01-Daylight,MIDBLOCK,Saturday,May,1,STOKE DR,2,ROAD,MINOR,10.0,20.0,PAVED,TwoWay,PAVED,4,50,NO ACCESS,N,1979.0,348.833464262416
STOKE DR,04-At/near private drive,09-Right shoulder,02-Rain,01-Daylight,MIDBLOCK,Saturday,May,1,STOKE DR,2,ROAD,MINOR,9.0,20.0,PAVED,TwoWay,PAVED,4,50,NO ACCESS,N,1979.0,148.30406810195404
STOKE DR,04-At/near private drive,09-Right shoulder,02-Rain,01-Daylight,MIDBLOCK,Saturday,May,1,STOKE DR,2,ROAD,MINOR,10.0,20.0,PAVED,TwoWay,PAVED,4,50,NO ACCESS,N,2005.0,46.5677264884799
STOKE DR,01-Non intersection,02-Thru lane,01-Clear,"08-Dark, artificial",MIDBLOCK,Saturday,November,1,STOKE DR,2,ROAD,MINOR,10.0,20.0,PAVED,TwoWay,PAVED,4,50,NO ACCESS,N,2001.0,134.779418239946
STOKE DR,01-Non intersection,02-Thru lane,01-Clear,"08-Dark, artificial",MIDBLOCK,Saturday,November,1,STOKE DR,2,ROAD,MINOR,10.0,20.0,PAVED,TwoWay,PAVED,4,50,NO ACCESS,N,2001.0,140.755238343916
STOKE DR,01-Non intersection,02-Thru lane,01-Clear,"08-Dark, artificial",MIDBLOCK,Saturday,November,1,STOKE DR,2,ROAD,MINOR,10.0,20.0,PAVED,TwoWay,PAVED,4,50,NO ACCESS,N,2005.0,77.2987531093841
STOKE DR,01-Non intersection,02-Thru lane,01-Clear,"08-Dark, artificial",MIDBLOCK,Saturday,November,1,STOKE DR,2,ROAD,MINOR,9.0,20.0,PAVED,TwoWay,PAVED,4,50,NO ACCESS,N,1979.0,200.984242966766
STOKE DR,01-Non intersection,02-Thru lane,01-Clear,"08-Dark, artificial",MIDBLOCK,Saturday,November,1,STOKE DR,2,ROAD,MINOR,10.0,20.0,PAVED,TwoWay,PAVED,4,50,NO ACCESS,N,1979.0,348.833464262416
STOKE DR,01-Non intersection,02-Thru lane,01-Clear,"08-Dark, artificial",MIDBLOCK,Saturday,November,1,STOKE DR,2,ROAD,MINOR,9.0,20.0,PAVED,TwoWay,PAVED,4,50,NO ACCESS,N,1979.0,148.30406810195404
STOKE DR,01-Non intersection,02-Thru lane,01-Clear,"08-Dark, artificial",MIDBLOCK,Saturday,November,1,STOKE DR,2,ROAD,MINOR,10.0,20.0,PAVED,TwoWay,PAVED,4,50,NO ACCESS,N,2005.0,46.5677264884799
STOKE DR,04-At/near private drive,02-Thru lane,01-Clear,07-Dark,MIDBLOCK,Tuesday,February,0,STOKE DR,2,ROAD,MINOR,10.0,20.0,PAVED,TwoWay,PAVED,4,50,NO ACCESS,N,2001.0,134.779418239946
STOKE DR,04-At/near private drive,02-Thru lane,01-Clear,07-Dark,MIDBLOCK,Tuesday,February,0,STOKE DR,2,ROAD,MINOR,10.0,20.0,PAVED,TwoWay,PAVED,4,50,NO ACCESS,N,2001.0,140.755238343916
STOKE DR,04-At/near private drive,02-Thru lane,01-Clear,07-Dark,MIDBLOCK,Tuesday,February,0,STOKE DR,2,ROAD,MINOR,10.0,20.0,PAVED,TwoWay,PAVED,4,50,NO ACCESS,N,2005.0,77.2987531093841
STOKE DR,04-At/near private drive,02-Thru lane,01-Clear,07-Dark,MIDBLOCK,Tuesday,February,0,STOKE DR,2,ROAD,MINOR,9.0,20.0,PAVED,TwoWay,PAVED,4,50,NO ACCESS,N,1979.0,200.984242966766
STOKE DR,04-At/near private drive,02-Thru lane,01-Clear,07-Dark,MIDBLOCK,Tuesday,February,0,STOKE DR,2,ROAD,MINOR,10.0,20.0,PAVED,TwoWay,PAVED,4,50,NO ACCESS,N,1979.0,348.833464262416
STOKE DR,04-At/near private drive,02-Thru lane,01-Clear,07-Dark,MIDBLOCK,Tuesday,February,0,STOKE DR,2,ROAD,MINOR,9.0,20.0,PAVED,TwoWay,PAVED,4,50,NO ACCESS,N,1979.0,148.30406810195404
STOKE DR,04-At/near private drive,02-Thru lane,01-Clear,07-Dark,MIDBLOCK,Tuesday,February,0,STOKE DR,2,ROAD,MINOR,10.0,20.0,PAVED,TwoWay,PAVED,4,50,NO ACCESS,N,2005.0,46.5677264884799
STOKE DR,04-At/near private drive,02-Thru lane,01-Clear,01-Daylight,MIDBLOCK,Tuesday,February,0,STOKE DR,2,ROAD,MINOR,10.0,20.0,PAVED,TwoWay,PAVED,4,50,NO ACCESS,N,2001.0,134.779418239946
STOKE DR,04-At/near private drive,02-Thru lane,01-Clear,01-Daylight,MIDBLOCK,Tuesday,February,0,STOKE DR,2,ROAD,MINOR,10.0,20.0,PAVED,TwoWay,PAVED,4,50,NO ACCESS,N,2001.0,140.755238343916
STOKE DR,04-At/near private drive,02-Thru lane,01-Clear,01-Daylight,MIDBLOCK,Tuesday,February,0,STOKE DR,2,ROAD,MINOR,10.0,20.0,PAVED,TwoWay,PAVED,4,50,NO ACCESS,N,2005.0,77.2987531093841
STOKE DR,04-At/near private drive,02-Thru lane,01-Clear,01-Daylight,MIDBLOCK,Tuesday,February,0,STOKE DR,2,ROAD,MINOR,9.0,20.0,PAVED,TwoWay,PAVED,4,50,NO ACCESS,N,1979.0,200.984242966766
STOKE DR,04-At/near private drive,02-Thru lane,01-Clear,01-Daylight,MIDBLOCK,Tuesday,February,0,STOKE DR,2,ROAD,MINOR,10.0,20.0,PAVED,TwoWay,PAVED,4,50,NO ACCESS,N,1979.0,348.833464262416
STOKE DR,04-At/near private drive,02-Thru lane,01-Clear,01-Daylight,MIDBLOCK,Tuesday,February,0,STOKE DR,2,ROAD,MINOR,9.0,20.0,PAVED,TwoWay,PAVED,4,50,NO ACCESS,N,1979.0,148.30406810195404
STOKE DR,04-At/near private drive,02-Thru lane,01-Clear,01-Daylight,MIDBLOCK,Tuesday,February,0,STOKE DR,2,ROAD,MINOR,10.0,20.0,PAVED,TwoWay,PAVED,4,50,NO ACCESS,N,2005.0,46.5677264884799
STOKE DR,01-Non intersection,11-Not on roadway - right side,03-Snow,01-Daylight,MIDBLOCK,Thursday,December,0,STOKE DR,2,ROAD,MINOR,10.0,20.0,PAVED,TwoWay,PAVED,4,50,NO ACCESS,N,2001.0,134.779418239946
STOKE DR,01-Non intersection,11-Not on roadway - right side,03-Snow,01-Daylight,MIDBLOCK,Thursday,December,0,STOKE DR,2,ROAD,MINOR,10.0,20.0,PAVED,TwoWay,PAVED,4,50,NO ACCESS,N,2001.0,140.755238343916
STOKE DR,01-Non intersection,11-Not on roadway - right side,03-Snow,01-Daylight,MIDBLOCK,Thursday,December,0,STOKE DR,2,ROAD,MINOR,10.0,20.0,PAVED,TwoWay,PAVED,4,50,NO ACCESS,N,2005.0,77.2987531093841
STOKE DR,01-Non intersection,11-Not on roadway - right side,03-Snow,01-Daylight,MIDBLOCK,Thursday,December,0,STOKE DR,2,ROAD,MINOR,9.0,20.0,PAVED,TwoWay,PAVED,4,50,NO ACCESS,N,1979.0,200.984242966766
STOKE DR,01-Non intersection,11-Not on roadway - right side,03-Snow,01-Daylight,MIDBLOCK,Thursday,December,0,STOKE DR,2,ROAD,MINOR,10.0,20.0,PAVED,TwoWay,PAVED,4,50,NO ACCESS,N,1979.0,348.833464262416
STOKE DR,01-Non intersection,11-Not on roadway - right side,03-Snow,01-Daylight,MIDBLOCK,Thursday,December,0,STOKE DR,2,ROAD,MINOR,9.0,20.0,PAVED,TwoWay,PAVED,4,50,NO ACCESS,N,1979.0,148.30406810195404
STOKE DR,01-Non intersection,11-Not on roadway - right side,03-Snow,01-Daylight,MIDBLOCK,Thursday,December,0,STOKE DR,2,ROAD,MINOR,10.0,20.0,PAVED,TwoWay,PAVED,4,50,NO ACCESS,N,2005.0,46.5677264884799
STOKE DR,01-Non intersection,02-Thru lane,01-Clear,01-Daylight,MIDBLOCK,Friday,November,0,STOKE DR,2,ROAD,MINOR,10.0,20.0,PAVED,TwoWay,PAVED,4,50,NO ACCESS,N,2001.0,134.779418239946
STOKE DR,01-Non intersection,02-Thru lane,01-Clear,01-Daylight,MIDBLOCK,Friday,November,0,STOKE DR,2,ROAD,MINOR,10.0,20.0,PAVED,TwoWay,PAVED,4,50,NO ACCESS,N,2001.0,140.755238343916
STOKE DR,01-Non intersection,02-Thru lane,01-Clear,01-Daylight,MIDBLOCK,Friday,November,0,STOKE DR,2,ROAD,MINOR,10.0,20.0,PAVED,TwoWay,PAVED,4,50,NO ACCESS,N,2005.0,77.2987531093841
STOKE DR,01-Non intersection,02-Thru lane,01-Clear,01-Daylight,MIDBLOCK,Friday,November,0,STOKE DR,2,ROAD,MINOR,9.0,20.0,PAVED,TwoWay,PAVED,4,50,NO ACCESS,N,1979.0,200.984242966766
STOKE DR,01-Non intersection,02-Thru lane,01-Clear,01-Daylight,MIDBLOCK,Friday,November,0,STOKE DR,2,ROAD,MINOR,10.0,20.0,PAVED,TwoWay,PAVED,4,50,NO ACCESS,N,1979.0,348.833464262416
STOKE DR,01-Non intersection,02-Thru lane,01-Clear,01-Daylight,MIDBLOCK,Friday,November,0,STOKE DR,2,ROAD,MINOR,9.0,20.0,PAVED,TwoWay,PAVED,4,50,NO ACCESS,N,1979.0,148.30406810195404
STOKE DR,01-Non intersection,02-Thru lane,01-Clear,01-Daylight,MIDBLOCK,Friday,November,0,STOKE DR,2,ROAD,MINOR,10.0,20.0,PAVED,TwoWay,PAVED,4,50,NO ACCESS,N,2005.0,46.5677264884799
STOKE DR,04-At/near private drive,02-Thru lane,01-Clear,01-Daylight,MIDBLOCK,Friday,March,0,STOKE DR,2,ROAD,MINOR,10.0,20.0,PAVED,TwoWay,PAVED,4,50,NO ACCESS,N,2001.0,134.779418239946
STOKE DR,04-At/near private drive,02-Thru lane,01-Clear,01-Daylight,MIDBLOCK,Friday,March,0,STOKE DR,2,ROAD,MINOR,10.0,20.0,PAVED,TwoWay,PAVED,4,50,NO ACCESS,N,2001.0,140.755238343916
STOKE DR,04-At/near private drive,02-Thru lane,01-Clear,01-Daylight,MIDBLOCK,Friday,March,0,STOKE DR,2,ROAD,MINOR,10.0,20.0,PAVED,TwoWay,PAVED,4,50,NO ACCESS,N,2005.0,77.2987531093841
STOKE DR,04-At/near private drive,02-Thru lane,01-Clear,01-Daylight,MIDBLOCK,Friday,March,0,STOKE DR,2,ROAD,MINOR,9.0,20.0,PAVED,TwoWay,PAVED,4,50,NO ACCESS,N,1979.0,200.984242966766
STOKE DR,04-At/near private drive,02-Thru lane,01-Clear,01-Daylight,MIDBLOCK,Friday,March,0,STOKE DR,2,ROAD,MINOR,10.0,20.0,PAVED,TwoWay,PAVED,4,50,NO ACCESS,N,1979.0,348.833464262416
STOKE DR,04-At/near private drive,02-Thru lane,01-Clear,01-Daylight,MIDBLOCK,Friday,March,0,STOKE DR,2,ROAD,MINOR,9.0,20.0,PAVED,TwoWay,PAVED,4,50,NO ACCESS,N,1979.0,148.30406810195404
STOKE DR,04-At/near private drive,02-Thru lane,01-Clear,01-Daylight,MIDBLOCK,Friday,March,0,STOKE DR,2,ROAD,MINOR,10.0,20.0,PAVED,TwoWay,PAVED,4,50,NO ACCESS,N,2005.0,46.5677264884799
STOKE DR,01-Non intersection,02-Thru lane,01-Clear,01-Daylight,MIDBLOCK,Friday,September,0,STOKE DR,2,ROAD,MINOR,10.0,20.0,PAVED,TwoWay,PAVED,4,50,NO ACCESS,N,2001.0,134.779418239946
STOKE DR,01-Non intersection,02-Thru lane,01-Clear,01-Daylight,MIDBLOCK,Friday,September,0,STOKE DR,2,ROAD,MINOR,10.0,20.0,PAVED,TwoWay,PAVED,4,50,NO ACCESS,N,2001.0,140.755238343916
STOKE DR,01-Non intersection,02-Thru lane,01-Clear,01-Daylight,MIDBLOCK,Friday,September,0,STOKE DR,2,ROAD,MINOR,10.0,20.0,PAVED,TwoWay,PAVED,4,50,NO ACCESS,N,2005.0,77.2987531093841
STOKE DR,01-Non intersection,02-Thru lane,01-Clear,01-Daylight,MIDBLOCK,Friday,September,0,STOKE DR,2,ROAD,MINOR,9.0,20.0,PAVED,TwoWay,PAVED,4,50,NO ACCESS,N,1979.0,200.984242966766
STOKE DR,01-Non intersection,02-Thru lane,01-Clear,01-Daylight,MIDBLOCK,Friday,September,0,STOKE DR,2,ROAD,MINOR,10.0,20.0,PAVED,TwoWay,PAVED,4,50,NO ACCESS,N,1979.0,348.833464262416
STOKE DR,01-Non intersection,02-Thru lane,01-Clear,01-Daylight,MIDBLOCK,Friday,September,0,STOKE DR,2,ROAD,MINOR,9.0,20.0,PAVED,TwoWay,PAVED,4,50,NO ACCESS,N,1979.0,148.30406810195404
STOKE DR,01-Non intersection,02-Thru lane,01-Clear,01-Daylight,MIDBLOCK,Friday,September,0,STOKE DR,2,ROAD,MINOR,10.0,20.0,PAVED,TwoWay,PAVED,4,50,NO ACCESS,N,2005.0,46.5677264884799
STOKE DR,99-Other,12-Off highway,01-Clear,07-Dark,MIDBLOCK,Thursday,December,0,STOKE DR,2,ROAD,MINOR,10.0,20.0,PAVED,TwoWay,PAVED,4,50,NO ACCESS,N,2001.0,134.779418239946
STOKE DR,99-Other,12-Off highway,01-Clear,07-Dark,MIDBLOCK,Thursday,December,0,STOKE DR,2,ROAD,MINOR,10.0,20.0,PAVED,TwoWay,PAVED,4,50,NO ACCESS,N,2001.0,140.755238343916
STOKE DR,99-Other,12-Off highway,01-Clear,07-Dark,MIDBLOCK,Thursday,December,0,STOKE DR,2,ROAD,MINOR,10.0,20.0,PAVED,TwoWay,PAVED,4,50,NO ACCESS,N,2005.0,77.2987531093841
STOKE DR,99-Other,12-Off highway,01-Clear,07-Dark,MIDBLOCK,Thursday,December,0,STOKE DR,2,ROAD,MINOR,9.0,20.0,PAVED,TwoWay,PAVED,4,50,NO ACCESS,N,1979.0,200.984242966766
STOKE DR,99-Other,12-Off highway,01-Clear,07-Dark,MIDBLOCK,Thursday,December,0,STOKE DR,2,ROAD,MINOR,10.0,20.0,PAVED,TwoWay,PAVED,4,50,NO ACCESS,N,1979.0,348.833464262416
STOKE DR,99-Other,12-Off highway,01-Clear,07-Dark,MIDBLOCK,Thursday,December,0,STOKE DR,2,ROAD,MINOR,9.0,20.0,PAVED,TwoWay,PAVED,4,50,NO ACCESS,N,1979.0,148.30406810195404
STOKE DR,99-Other,12-Off highway,01-Clear,07-Dark,MIDBLOCK,Thursday,December,0,STOKE DR,2,ROAD,MINOR,10.0,20.0,PAVED,TwoWay,PAVED,4,50,NO ACCESS,N,2005.0,46.5677264884799
STOKE DR,04-At/near private drive,02-Thru lane,01-Clear,01-Daylight,MIDBLOCK,Thursday,March,0,STOKE DR,2,ROAD,MINOR,10.0,20.0,PAVED,TwoWay,PAVED,4,50,NO ACCESS,N,2001.0,134.779418239946
STOKE DR,04-At/near private drive,02-Thru lane,01-Clear,01-Daylight,MIDBLOCK,Thursday,March,0,STOKE DR,2,ROAD,MINOR,10.0,20.0,PAVED,TwoWay,PAVED,4,50,NO ACCESS,N,2001.0,140.755238343916
STOKE DR,04-At/near private drive,02-Thru lane,01-Clear,01-Daylight,MIDBLOCK,Thursday,March,0,STOKE DR,2,ROAD,MINOR,10.0,20.0,PAVED,TwoWay,PAVED,4,50,NO ACCESS,N,2005.0,77.2987531093841
STOKE DR,04-At/near private drive,02-Thru lane,01-Clear,01-Daylight,MIDBLOCK,Thursday,March,0,STOKE DR,2,ROAD,MINOR,9.0,20.0,PAVED,TwoWay,PAVED,4,50,NO ACCESS,N,1979.0,200.984242966766
STOKE DR,04-At/near private drive,02-Thru lane,01-Clear,01-Daylight,MIDBLOCK,Thursday,March,0,STOKE DR,2,ROAD,MINOR,10.0,20.0,PAVED,TwoWay,PAVED,4,50,NO ACCESS,N,1979.0,348.833464262416
STOKE DR,04-At/near private drive,02-Thru lane,01-Clear,01-Daylight,MIDBLOCK,Thursday,March,0,STOKE DR,2,ROAD,MINOR,9.0,20.0,PAVED,TwoWay,PAVED,4,50,NO ACCESS,N,1979.0,148.30406810195404
STOKE DR,04-At/near private drive,02-Thru lane,01-Clear,01-Daylight,MIDBLOCK,Thursday,March,0,STOKE DR,2,ROAD,MINOR,10.0,20.0,PAVED,TwoWay,PAVED,4,50,NO ACCESS,N,2005.0,46.5677264884799
SIXTH AVE,04-At/near private drive,09-Right shoulder,01-Clear,07-Dark,MIDBLOCK,Wednesday,June,0,SIXTH AVE,2,ROAD,LOCAL,10.0,20.0,PAVED,TwoWay,PAVED,6,50,NO ACCESS,N,1957.0,272.065338923318
SIXTH AVE,04-At/near private drive,09-Right shoulder,01-Clear,07-Dark,MIDBLOCK,Wednesday,June,0,SIXTH AVE,2,ROAD,LOCAL,9.0,20.0,PAVED,TwoWay,PAVED,6,50,NO ACCESS,N,1914.0,413.710866427844
FRANKLIN ST S,98-Other,99-Other,01-Clear,01-Daylight,MIDBLOCK,Thursday,June,0,FRANKLIN ST S,3,ROAD,MINOR,8.0,35.0,PAVED,TwoWay,PAVED,3,50,NO ACCESS,N,1914.0,54.6393401411133
FRANKLIN ST S,01-Non intersection,02-Thru lane,01-Clear,"08-Dark, artificial",MIDBLOCK,Monday,September,0,FRANKLIN ST S,3,ROAD,MINOR,8.0,35.0,PAVED,TwoWay,PAVED,3,50,NO ACCESS,N,1914.0,54.6393401411133
FRANKLIN ST S,01-Non intersection,09-Right shoulder,01-Clear,01-Daylight,MIDBLOCK,Sunday,July,1,FRANKLIN ST S,3,ROAD,MINOR,8.0,35.0,PAVED,TwoWay,PAVED,3,50,NO ACCESS,N,1914.0,54.6393401411133
FRANKLIN ST S,04-At/near private drive,03-Left turn lane,01-Clear,01-Daylight,MIDBLOCK,Friday,December,0,FRANKLIN ST S,3,ROAD,MINOR,8.0,35.0,PAVED,TwoWay,PAVED,3,50,NO ACCESS,N,1914.0,54.6393401411133
FRANKLIN ST S,04-At/near private drive,02-Thru lane,01-Clear,01-Daylight,MIDBLOCK,Tuesday,February,0,FRANKLIN ST S,3,ROAD,MINOR,8.0,35.0,PAVED,TwoWay,PAVED,3,50,NO ACCESS,N,1914.0,54.6393401411133
FRANKLIN ST S,01-Non intersection,02-Thru lane,02-Rain,"08-Dark, artificial",MIDBLOCK,Saturday,October,1,FRANKLIN ST S,3,ROAD,MINOR,8.0,35.0,PAVED,TwoWay,PAVED,3,50,NO ACCESS,N,1914.0,54.6393401411133
FRANKLIN ST S,04-At/near private drive,02-Thru lane,03-Snow,01-Daylight,MIDBLOCK,Thursday,March,0,FRANKLIN ST S,3,ROAD,MINOR,8.0,35.0,PAVED,TwoWay,PAVED,3,50,NO ACCESS,N,1914.0,54.6393401411133
FRANKLIN ST S,04-At/near private drive,02-Thru lane,01-Clear,01-Daylight,MIDBLOCK,Tuesday,March,0,FRANKLIN ST S,3,ROAD,MINOR,8.0,35.0,PAVED,TwoWay,PAVED,3,50,NO ACCESS,N,1914.0,54.6393401411133
FRANKLIN ST S,01-Non intersection,02-Thru lane,01-Clear,"08-Dark, artificial",MIDBLOCK,Thursday,February,0,FRANKLIN ST S,3,ROAD,MINOR,8.0,35.0,PAVED,TwoWay,PAVED,3,50,NO ACCESS,N,1914.0,54.6393401411133