LOCATION,ACCIDENT_LOCATION,IMPACT_LOCATION,ENVIRONMENT_CONDITION,LIGHT,COLLISION_TYPE,DAY_OF_WEEK,MONTH,IS_WEEKEND,STREET,LANES,CATEGORY,SUBCATEGORY,PAVEMENT_WIDTH,ROW_WIDTH,SHOULDER,FLOW_DIRECTION,SURFACE_LAYER_TYPE,OFFICIAL_ROAD_CLASSIFICATION,SPEED_LIMIT_KM,TRUCK_ACCESS,BUS_ROUTE,SERVICE_YEAR,Shape__Length
FRANKLIN ST S,01-Non intersection,02-Thru lane,01-Clear,01-Daylight,MIDBLOCK,Friday,November,0,FRANKLIN ST S,3,ROAD,MINOR,8.0,35.0,PAVED,TwoWay,PAVED,3,50,NO ACCESS,N,1914.0,54.6393401411133
FRANKLIN ST S,01-Non intersection,02-Thru lane,02-Rain,01-Daylight,MIDBLOCK,Thursday,November,0,FRANKLIN ST S,3,ROAD,MINOR,8.0,35.0,PAVED,TwoWay,PAVED,3,50,NO ACCESS,N,1914.0,54.6393401411133
FRANKLIN ST S,04-At/near private drive,02-Thru lane,01-Clear,01-Daylight,MIDBLOCK,Friday,May,0,FRANKLIN ST S,3,ROAD,MINOR,8.0,35.0,PAVED,TwoWay,PAVED,3,50,NO ACCESS,N,1914.0,54.6393401411133
FRANKLIN ST S,04-At/near private drive,02-Thru lane,01-Clear,01-Daylight,MIDBLOCK,Thursday,August,0,FRANKLIN ST S,3,ROAD,MINOR,8.0,35.0,PAVED,TwoWay,PAVED,3,50,NO ACCESS,N,1914.0,54.6393401411133
LOUISA ST,04-At/near private drive,99-Other,01-Clear,01-Daylight,MIDBLOCK,Friday,June,0,LOUISA ST,2,ROAD,LOCAL,7.0,17.0,PAVED,TwoWay,PAVED,6,50,NO ACCESS,N,2004.0,191.486811441124
LOUISA ST,04-At/near private drive,99-Other,01-Clear,01-Daylight,MIDBLOCK,Friday,June,0,LOUISA ST,2,ROAD,LOCAL,10.0,20.0,PAVED,TwoWay,PAVED,6,50,NO ACCESS,N,1986.0,81.53798472932891
LOUISA ST,04-At/near private drive,99-Other,01-Clear,01-Daylight,MIDBLOCK,Friday,June,0,LOUISA ST,2,ROAD,LOCAL,7.0,17.0,PAVED,TwoWay,PAVED,6,50,NO ACCESS,N,1994.0,181.73318390954492
LOUISA ST,04-At/near private drive,99-Other,01-Clear,01-Daylight,MIDBLOCK,Friday,June,0,LOUISA ST,2,ROAD,LOCAL,9.0,20.0,PAVED,TwoWay,PAVED,6,50,NO ACCESS,N,1854.0,302.973817389757
LOUISA ST,04-At/near private drive,99-Other,01-Clear,01-Daylight,MIDBLOCK,Friday,June,0,LOUISA ST,2,ROAD,LOCAL,7.0,18.0,PAVED,TwoWay,PAVED,6,50,NO ACCESS,N,2004.0,241.08254289579
LOUISA ST,04-At/near private drive,99-Other,01-Clear,01-Daylight,MIDBLOCK,Friday,June,0,LOUISA ST,2,ROAD,LOCAL,7.0,17.0,PAVED,TwoWay,PAVED,6,50,NO ACCESS,N,1993.0,181.663399033092
LOUISA ST,04-At/near private drive,99-Other,01-Clear,01-Daylight,MIDBLOCK,Friday,June,0,LOUISA ST,2,ROAD,LOCAL,8.0,17.0,PAVED,TwoWay,PAVED,6,50,NO ACCESS,N,1997.0,240.24506885035598
LOUISA ST,04-At/near private drive,99-Other,01-Clear,01-Daylight,MIDBLOCK,Friday,June,0,LOUISA ST,2,ROAD,LOCAL,10.0,20.0,PAVED,TwoWay,PAVED,6,50,NO ACCESS,N,1986.0,130.905478407689
LOUISA ST,04-At/near private drive,99-Other,01-Clear,01-Daylight,MIDBLOCK,Friday,June,0,LOUISA ST,2,ROAD,LOCAL,11.0,20.0,PAVED,TwoWay,PAVED,6,50,NO ACCESS,N,1986.0,137.972068706398
LOUISA ST,04-At/near private drive,02-Thru lane,01-Clear,01-Daylight,MIDBLOCK,Friday,June,0,LOUISA ST,2,ROAD,LOCAL,7.0,17.0,PAVED,TwoWay,PAVED,6,50,NO ACCESS,N,2004.0,191.486811441124
LOUISA ST,04-At/near private drive,02-Thru lane,01-Clear,01-Daylight,MIDBLOCK,Friday,June,0,LOUISA ST,2,ROAD,LOCAL,10.0,20.0,PAVED,TwoWay,PAVED,6,50,NO ACCESS,N,1986.0,81.53798472932891
LOUISA ST,04-At/near private drive,02-Thru lane,01-Clear,01-Daylight,MIDBLOCK,Friday,June,0,LOUISA ST,2,ROAD,LOCAL,7.0,17.0,PAVED,TwoWay,PAVED,6,50,NO ACCESS,N,1994.0,181.73318390954492
LOUISA ST,04-At/near private drive,02-Thru lane,01-Clear,01-Daylight,MIDBLOCK,Friday,June,0,LOUISA ST,2,ROAD,LOCAL,9.0,20.0,PAVED,TwoWay,PAVED,6,50,NO ACCESS,N,1854.0,302.973817389757
LOUISA ST,04-At/near private drive,02-Thru lane,01-Clear,01-Daylight,MIDBLOCK,Friday,June,0,LOUISA ST,2,ROAD,LOCAL,7.0,18.0,PAVED,TwoWay,PAVED,6,50,NO ACCESS,N,2004.0,241.08254289579
LOUISA ST,04-At/near private drive,02-Thru lane,01-Clear,01-Daylight,MIDBLOCK,Friday,June,0,LOUISA ST,2,ROAD,LOCAL,7.0,17.0,PAVED,TwoWay,PAVED,6,50,NO ACCESS,N,1993.0,181.663399033092
LOUISA ST,04-At/near private drive,02-Thru lane,01-Clear,01-Daylight,MIDBLOCK,Friday,June,0,LOUISA ST,2,ROAD,LOCAL,8.0,17.0,PAVED,TwoWay,PAVED,6,50,NO ACCESS,N,1997.0,240.24506885035598
LOUISA ST,04-At/near private drive,02-Thru lane,01-Clear,01-Daylight,MIDBLOCK,Friday,June,0,LOUISA ST,2,ROAD,LOCAL,10.0,20.0,PAVED,TwoWay,PAVED,6,50,NO ACCESS,N,1986.0,130.905478407689
LOUISA ST,04-At/near private drive,02-Thru lane,01-Clear,01-Daylight,MIDBLOCK,Friday,June,0,LOUISA ST,2,ROAD,LOCAL,11.0,20.0,PAVED,TwoWay,PAVED,6,50,NO ACCESS,N,1986.0,137.972068706398
LOUISA ST,01-Non intersection,02-Thru lane,01-Clear,07-Dark,MIDBLOCK,Saturday,July,1,LOUISA ST,2,ROAD,LOCAL,7.0,17.0,PAVED,TwoWay,PAVED,6,50,NO ACCESS,N,2004.0,191.486811441124
LOUISA ST,01-Non intersection,02-Thru lane,01-Clear,07-Dark,MIDBLOCK,Saturday,July,1,LOUISA ST,2,ROAD,LOCAL,10.0,20.0,PAVED,TwoWay,PAVED,6,50,NO ACCESS,N,1986.0,81.53798472932891
LOUISA ST,01-Non intersection,02-Thru lane,01-Clear,07-Dark,MIDBLOCK,Saturday,July,1,LOUISA ST,2,ROAD,LOCAL,7.0,17.0,PAVED,TwoWay,PAVED,6,50,NO ACCESS,N,1994.0,181.73318390954492
LOUISA ST,01-Non intersection,02-Thru lane,01-Clear,07-Dark,MIDBLOCK,Saturday,July,1,LOUISA ST,2,ROAD,LOCAL,9.0,20.0,PAVED,TwoWay,PAVED,6,50,NO ACCESS,N,1854.0,302.973817389757
LOUISA ST,01-Non intersection,02-Thru lane,01-Clear,07-Dark,MIDBLOCK,Saturday,July,1,LOUISA ST,2,ROAD,LOCAL,7.0,18.0,PAVED,TwoWay,PAVED,6,50,NO ACCESS,N,2004.0,241.08254289579
LOUISA ST,01-Non intersection,02-Thru lane,01-Clear,07-Dark,MIDBLOCK,Saturday,July,1,LOUISA ST,2,ROAD,LOCAL,7.0,17.0,PAVED,TwoWay,PAVED,6,50,NO ACCESS,N,1993.0,181.663399033092
LOUISA ST,01-Non intersection,02-Thru lane,01-Clear,07-Dark,MIDBLOCK,Saturday,July,1,LOUISA ST,2,ROAD,LOCAL,8.0,17.0,PAVED,TwoWay,PAVED,6,50,NO ACCESS,N,1997.0,240.24506885035598
LOUISA ST,01-Non intersection,02-Thru lane,01-Clear,07-Dark,MIDBLOCK,Saturday,July,1,LOUISA ST,2,ROAD,LOCAL,10.0,20.0,PAVED,TwoWay,PAVED,6,50,NO ACCESS,N,1986.0,130.905478407689
LOUISA ST,01-Non intersection,02-Thru lane,01-Clear,07-Dark,MIDBLOCK,Saturday,July,1,LOUISA ST,2,ROAD,LOCAL,11.0,20.0,PAVED,TwoWay,PAVED,6,50,NO ACCESS,N,1986.0,137.972068706398
LOUISA ST,04-At/near private drive,02-Thru lane,01-Clear,01-Daylight,MIDBLOCK,Wednesday,September,0,LOUISA ST,2,ROAD,LOCAL,7.0,17.0,PAVED,TwoWay,PAVED,6,50,NO ACCESS,N,2004.0,191.486811441124
LOUISA ST,04-At/near private drive,02-Thru lane,01-Clear,01-Daylight,MIDBLOCK,Wednesday,September,0,LOUISA ST,2,ROAD,LOCAL,10.0,20.0,PAVED,TwoWay,PAVED,6,50,NO ACCESS,N,1986.0,81.53798472932891
LOUISA ST,04-At/near private drive,02-Thru lane,01-Clear,01-Daylight,MIDBLOCK,Wednesday,September,0,LOUISA ST,2,ROAD,LOCAL,7.0,17.0,PAVED,TwoWay,PAVED,6,50,NO ACCESS,N,1994.0,181.73318390954492
LOUISA ST,04-At/near private drive,02-Thru lane,01-Clear,01-Daylight,MIDBLOCK,Wednesday,September,0,LOUISA ST,2,ROAD,LOCAL,9.0,20.0,PAVED,TwoWay,PAVED,6,50,NO ACCESS,N,1854.0,302.973817389757
LOUISA ST,04-At/near private drive,02-Thru lane,01-Clear,01-Daylight,MIDBLOCK,Wednesday,September,0,LOUISA ST,2,ROAD,LOCAL,7.0,18.0,PAVED,TwoWay,PAVED,6,50,NO ACCESS,N,2004.0,241.08254289579
LOUISA ST,04-At/near private drive,02-Thru lane,01-Clear,01-Daylight,MIDBLOCK,Wednesday,September,0,LOUISA ST,2,ROAD,LOCAL,7.0,17.0,PAVED,TwoWay,PAVED,6,50,NO ACCESS,N,1993.0,181.663399033092
LOUISA ST,04-At/near private drive,02-Thru lane,01-Clear,01-Daylight,MIDBLOCK,Wednesday,September,0,LOUISA ST,2,ROAD,LOCAL,8.0,17.0,PAVED,TwoWay,PAVED,6,50,NO ACCESS,N,1997.0,240.24506885035598
LOUISA ST,04-At/near private drive,02-Thru lane,01-Clear,01-Daylight,MIDBLOCK,Wednesday,September,0,LOUISA ST,2,ROAD,LOCAL,10.0,20.0,PAVED,TwoWay,PAVED,6,50,NO ACCESS,N,1986.0,130.905478407689
LOUISA ST,04-At/near private drive,02-Thru lane,01-Clear,01-Daylight,MIDBLOCK,Wednesday,September,0,LOUISA ST,2,ROAD,LOCAL,11.0,20.0,PAVED,TwoWay,PAVED,6,50,NO ACCESS,N,1986.0,137.972068706398
LOUISA ST,04-At/near private drive,09-Right shoulder,01-Clear,01-Daylight,MIDBLOCK,Monday,February,0,LOUISA ST,2,ROAD,LOCAL,7.0,17.0,PAVED,TwoWay,PAVED,6,50,NO ACCESS,N,2004.0,191.486811441124
LOUISA ST,04-At/near private drive,09-Right shoulder,01-Clear,01-Daylight,MIDBLOCK,Monday,February,0,LOUISA ST,2,ROAD,LOCAL,10.0,20.0,PAVED,TwoWay,PAVED,6,50,NO ACCESS,N,1986.0,81.53798472932891
LOUISA ST,04-At/near private drive,09-Right shoulder,01-Clear,01-Daylight,MIDBLOCK,Monday,February,0,LOUISA ST,2,ROAD,LOCAL,7.0,17.0,PAVED,TwoWay,PAVED,6,50,NO ACCESS,N,1994.0,181.73318390954492
LOUISA ST,04-At/near private drive,09-Right shoulder,01-Clear,01-Daylight,MIDBLOCK,Monday,February,0,LOUISA ST,2,ROAD,LOCAL,9.0,20.0,PAVED,TwoWay,PAVED,6,50,NO ACCESS,N,1854.0,302.973817389757
LOUISA ST,04-At/near private drive,09-Right shoulder,01-Clear,01-Daylight,MIDBLOCK,Monday,February,0,LOUISA ST,2,ROAD,LOCAL,7.0,18.0,PAVED,TwoWay,PAVED,6,50,NO ACCESS,N,2004.0,241.08254289579
LOUISA ST,04-At/near private drive,09-Right shoulder,01-Clear,01-Daylight,MIDBLOCK,Monday,February,0,LOUISA ST,2,ROAD,LOCAL,7.0,17.0,PAVED,TwoWay,PAVED,6,50,NO ACCESS,N,1993.0,181.663399033092
LOUISA ST,04-At/near private drive,09-Right shoulder,01-Clear,01-Daylight,MIDBLOCK,Monday,February,0,LOUISA ST,2,ROAD,LOCAL,8.0,17.0,PAVED,TwoWay,PAVED,6,50,NO ACCESS,N,1997.0,240.24506885035598
LOUISA ST,04-At/near private drive,09-Right shoulder,01-Clear,01-Daylight,MIDBLOCK,Monday,February,0,LOUISA ST,2,ROAD,LOCAL,10.0,20.0,PAVED,TwoWay,PAVED,6,50,NO ACCESS,N,1986.0,130.905478407689
LOUISA ST,04-At/near private drive,09-Right shoulder,01-Clear,01-Daylight,MIDBLOCK,Monday,February,0,LOUISA ST,2,ROAD,LOCAL,11.0,20.0,PAVED,TwoWay,PAVED,6,50,NO ACCESS,N,1986.0,137.972068706398
LOUISA ST,04-At/near private drive,02-Thru lane,02-Rain,07-Dark,MIDBLOCK,Friday,June,0,LOUISA ST,2,ROAD,LOCAL,7.0,17.0,PAVED,TwoWay,PAVED,6,50,NO ACCESS,N,2004.0,191.486811441124
LOUISA ST,04-At/near private drive,02-Thru lane,02-Rain,07-Dark,MIDBLOCK,Friday,June,0,LOUISA ST,2,ROAD,LOCAL,10.0,20.0,PAVED,TwoWay,PAVED,6,50,NO ACCESS,N,1986.0,81.53798472932891
LOUISA ST,04-At/near private drive,02-Thru lane,02-Rain,07-Dark,MIDBLOCK,Friday,June,0,LOUISA ST,2,ROAD,LOCAL,7.0,17.0,PAVED,TwoWay,PAVED,6,50,NO ACCESS,N,1994.0,181.73318390954492
LOUISA ST,04-At/near private drive,02-Thru lane,02-Rain,07-Dark,MIDBLOCK,Friday,June,0,LOUISA ST,2,ROAD,LOCAL,9.0,20.0,PAVED,TwoWay,PAVED,6,50,NO ACCESS,N,1854.0,302.973817389757
LOUISA ST,04-At/near private drive,02-Thru lane,02-Rain,07-Dark,MIDBLOCK,Friday,June,0,LOUISA ST,2,ROAD,LOCAL,7.0,18.0,PAVED,TwoWay,PAVED,6,50,NO ACCESS,N,2004.0,241.08254289579
LOUISA ST,04-At/near private drive,02-Thru lane,02-Rain,07-Dark,MIDBLOCK,Friday,June,0,LOUISA ST,2,ROAD,LOCAL,7.0,17.0,PAVED,TwoWay,PAVED,6,50,NO ACCESS,N,1993.0,181.663399033092
LOUISA ST,04-At/near private drive,02-Thru lane,02-Rain,07-Dark,MIDBLOCK,Friday,June,0,LOUISA ST,2,ROAD,LOCAL,8.0,17.0,PAVED,TwoWay,PAVED,6,50,NO ACCESS,N,1997.0,240.24506885035598
LOUISA ST,04-At/near private drive,02-Thru lane,02-Rain,07-Dark,MIDBLOCK,Friday,June,0,LOUISA ST,2,ROAD,LOCAL,10.0,20.0,PAVED,TwoWay,PAVED,6,50,NO ACCESS,N,1986.0,130.905478407689
LOUISA ST,04-At/near private drive,02-Thru lane,02-Rain,07-Dark,MIDBLOCK,Friday,June,0,LOUISA ST,2,ROAD,LOCAL,11.0,20.0,PAVED,TwoWay,PAVED,6,50,NO ACCESS,N,1986.0,137.972068706398
LOUISA ST,01-Non intersection,02-Thru lane,01-Clear,"08-Dark, artificial",MIDBLOCK,Friday,March,0,LOUISA ST,2,ROAD,LOCAL,7.0,17.0,PAVED,TwoWay,PAVED,6,50,NO ACCESS,N,2004.0,191.486811441124
LOUISA ST,01-Non intersection,02-Thru lane,01-Clear,"08-Dark, artificial",MIDBLOCK,Friday,March,0,LOUISA ST,2,ROAD,LOCAL,10.0,20.0,PAVED,TwoWay,PAVED,6,50,NO ACCESS,N,1986.0,81.53798472932891
LOUISA ST,01-Non intersection,02-Thru lane,01-Clear,"08-Dark, artificial",MIDBLOCK,Friday,March,0,LOUISA ST,2,ROAD,LOCAL,7.0,17.0,PAVED,TwoWay,PAVED,6,50,NO ACCESS,N,1994.0,181.73318390954492
LOUISA ST,01-Non intersection,02-Thru lane,01-Clear,"08-Dark, artificial",MIDBLOCK,Friday,March,0,LOUISA ST,2,ROAD,LOCAL,9.0,20.0,PAVED,TwoWay,PAVED,6,50,NO ACCESS,N,1854.0,302.973817389757
LOUISA ST,01-Non intersection,02-Thru lane,01-Clear,"08-Dark, artificial",MIDBLOCK,Friday,March,0,LOUISA ST,2,ROAD,LOCAL,7.0,18.0,PAVED,TwoWay,PAVED,6,50,NO ACCESS,N,2004.0,241.08254289579
LOUISA ST,01-Non intersection,02-Thru lane,01-Clear,"08-Dark, artificial",MIDBLOCK,Friday,March,0,LOUISA ST,2,ROAD,LOCAL,7.0,17.0,PAVED,TwoWay,PAVED,6,50,NO ACCESS,N,1993.0,181.663399033092
LOUISA ST,01-Non intersection,02-Thru lane,01-Clear,"08-Dark, artificial",MIDBLOCK,Friday,March,0,LOUISA ST,2,ROAD,LOCAL,8.0,17.0,PAVED,TwoWay,PAVED,6,50,NO ACCESS,N,1997.0,240.24506885035598
LOUISA ST,01-Non intersection,02-Thru lane,01-Clear,"08-Dark, artificial",MIDBLOCK,Friday,March,0,LOUISA ST,2,ROAD,LOCAL,10.0,20.0,PAVED,TwoWay,PAVED,6,50,NO ACCESS,N,1986.0,130.905478407689
LOUISA ST,01-Non intersection,02-Thru lane,01-Clear,"08-Dark, artificial",MIDBLOCK,Friday,March,0,LOUISA ST,2,ROAD,LOCAL,11.0,20.0,PAVED,TwoWay,PAVED,6,50,NO ACCESS,N,1986.0,137.972068706398
LOUISA ST,04-At/near private drive,09-Right shoulder,01-Clear,01-Daylight,MIDBLOCK,Sunday,February,1,LOUISA ST,2,ROAD,LOCAL,7.0,17.0,PAVED,TwoWay,PAVED,6,50,NO ACCESS,N,2004.0,191.486811441124
LOUISA ST,04-At/near private drive,09-Right shoulder,01-Clear,01-Daylight,MIDBLOCK,Sunday,February,1,LOUISA ST,2,ROAD,LOCAL,10.0,20.0,PAVED,TwoWay,PAVED,6,50,NO ACCESS,N,1986.0,81.53798472932891
LOUISA ST,04-At/near private drive,09-Right shoulder,01-Clear,01-Daylight,MIDBLOCK,Sunday,February,1,LOUISA ST,2,ROAD,LOCAL,7.0,17.0,PAVED,TwoWay,PAVED,6,50,NO ACCESS,N,1994.0,181.73318390954492
LOUISA ST,04-At/near private drive,09-Right shoulder,01-Clear,01-Daylight,MIDBLOCK,Sunday,February,1,LOUISA ST,2,ROAD,LOCAL,9.0,20.0,PAVED,TwoWay,PAVED,6,50,NO ACCESS,N,1854.0,302.973817389757
LOUISA ST,04-At/near private drive,09-Right shoulder,01-Clear,01-Daylight,MIDBLOCK,Sunday,February,1,LOUISA ST,2,ROAD,LOCAL,7.0,18.0,PAVED,TwoWay,PAVED,6,50,NO ACCESS,N,2004.0,241.08254289579
LOUISA ST,04-At/near private drive,09-Right shoulder,01-Clear,01-Daylight,MIDBLOCK,Sunday,February,1,LOUISA ST,2,ROAD,LOCAL,7.0,17.0,PAVED,TwoWay,PAVED,6,50,NO ACCESS,N,1993.0,181.663399033092
LOUISA ST,04-At/near private drive,09-Right shoulder,01-Clear,01-Daylight,MIDBLOCK,Sunday,February,1,LOUISA ST,2,ROAD,LOCAL,8.0,17.0,PAVED,TwoWay,PAVED,6,50,NO ACCESS,N,1997.0,240.24506885035598
LOUISA ST,04-At/near private drive,09-Right shoulder,01-Clear,01-Daylight,MIDBLOCK,Sunday,February,1,LOUISA ST,2,ROAD,LOCAL,10.0,20.0,PAVED,TwoWay,PAVED,6,50,NO ACCESS,N,1986.0,130.905478407689
LOUISA ST,04-At/near private drive,09-Right shoulder,01-Clear,01-Daylight,MIDBLOCK,Sunday,February,1,LOUISA ST,2,ROAD,LOCAL,11.0,20.0,PAVED,TwoWay,PAVED,6,50,NO ACCESS,N,1986.0,137.972068706398
LOUISA ST,04-At/near private drive,02-Thru lane,05-Drifting Snow,01-Daylight,MIDBLOCK,Wednesday,January,0,LOUISA ST,2,ROAD,LOCAL,7.0,17.0,PAVED,TwoWay,PAVED,6,50,NO ACCESS,N,2004.0,191.486811441124
LOUISA ST,04-At/near private drive,02-Thru lane,05-Drifting Snow,01-Daylight,MIDBLOCK,Wednesday,January,0,LOUISA ST,2,ROAD,LOCAL,10.0,20.0,PAVED,TwoWay,PAVED,6,50,NO ACCESS,N,1986.0,81.53798472932891
LOUISA ST,04-At/near private drive,02-Thru lane,05-Drifting Snow,01-Daylight,MIDBLOCK,Wednesday,January,0,LOUISA ST,2,ROAD,LOCAL,7.0,17.0,PAVED,TwoWay,PAVED,6,50,NO ACCESS,N,1994.0,181.73318390954492
LOUISA ST,04-At/near private drive,02-Thru lane,05-Drifting Snow,01-Daylight,MIDBLOCK,Wednesday,January,0,LOUISA ST,2,ROAD,LOCAL,9.0,20.0,PAVED,TwoWay,PAVED,6,50,NO ACCESS,N,1854.0,302.973817389757
LOUISA ST,04-At/near private drive,02-Thru lane,05-Drifting Snow,01-Daylight,MIDBLOCK,Wednesday,January,0,LOUISA ST,2,ROAD,LOCAL,7.0,18.0,PAVED,TwoWay,PAVED,6,50,NO ACCESS,N,2004.0,241.08254289579
LOUISA ST,04-At/near private drive,02-Thru lane,05-Drifting Snow,01-Daylight,MIDBLOCK,Wednesday,January,0,LOUISA ST,2,ROAD,LOCAL,7.0,17.0,PAVED,TwoWay,PAVED,6,50,NO ACCESS,N,1993.0,181.663399033092
LOUISA ST,04-At/near private drive,02-Thru lane,05-Drifting Snow,01-Daylight,MIDBLOCK,Wednesday,January,0,LOUISA ST,2,ROAD,LOCAL,8.0,17.0,PAVED,TwoWay,PAVED,6,50,NO ACCESS,N,1997.0,240.24506885035598
LOUISA ST,04-At/near private drive,02-Thru lane,05-Drifting Snow,01-Daylight,MIDBLOCK,Wednesday,January,0,LOUISA ST,2,ROAD,LOCAL,10.0,20.0,PAVED,TwoWay,PAVED,6,50,NO ACCESS,N,1986.0,130.905478407689
LOUISA ST,04-At/near private drive,02-Thru lane,05-Drifting Snow,01-Daylight,MIDBLOCK,Wednesday,January,0,LOUISA ST,2,ROAD,LOCAL,11.0,20.0,PAVED,TwoWay,PAVED,6,50,NO ACCESS,N,1986.0,137.972068706398
LOUISA ST,04-At/near private drive,02-Thru lane,01-Clear,01-Daylight,MIDBLOCK,Wednesday,February,0,LOUISA ST,2,ROAD,LOCAL,7.0,17.0,PAVED,TwoWay,PAVED,6,50,NO ACCESS,N,2004.0,191.486811441124
LOUISA ST,04-At/near private drive,02-Thru lane,01-Clear,01-Daylight,MIDBLOCK,Wednesday,February,0,LOUISA ST,2,ROAD,LOCAL,10.0,20.0,PAVED,TwoWay,PAVED,6,50,NO ACCESS,N,1986.0,81.53798472932891
LOUISA ST,04-At/near private drive,02-Thru lane,01-Clear,01-Daylight,MIDBLOCK,Wednesday,February,0,LOUISA ST,2,ROAD,LOCAL,7.0,17.0,PAVED,TwoWay,PAVED,6,50,NO ACCESS,N,1994.0,181.73318390954492
LOUISA ST,04-At/near private drive,02-Thru lane,01-Clear,01-Daylight,MIDBLOCK,Wednesday,February,0,LOUISA ST,2,ROAD,LOCAL,9.0,20.0,PAVED,TwoWay,PAVED,6,50,NO ACCESS,N,1854.0,302.973817389757
LOUISA ST,04-At/near private drive,02-Thru lane,01-Clear,01-Daylight,MIDBLOCK,Wednesday,February,0,LOUISA ST,2,ROAD,LOCAL,7.0,18.0,PAVED,TwoWay,PAVED,6,50,NO ACCESS,N,2004.0,241.08254289579
LOUISA ST,04-At/near private drive,02-Thru lane,01-Clear,01-Daylight,MIDBLOCK,Wednesday,February,0,LOUISA ST,2,ROAD,LOCAL,7.0,17.0,PAVED,TwoWay,PAVED,6,50,NO ACCESS,N,1993.0,181.663399033092
LOUISA ST,04-At/near private drive,02-Thru lane,01-Clear,01-Daylight,MIDBLOCK,Wednesday,February,0,LOUISA ST,2,ROAD,LOCAL,8.0,17.0,PAVED,TwoWay,PAVED,6,50,NO ACCESS,N,1997.0,240.24506885035598
LOUISA ST,04-At/near private drive,02-Thru lane,01-Clear,01-Daylight,MIDBLOCK,Wednesday,February,0,LOUISA ST,2,ROAD,LOCAL,10.0,20.0,PAVED,TwoWay,PAVED,6,50,NO ACCESS,N,1986.0,130.905478407689
LOUISA ST,04-At/near private drive,02-Thru lane,01-Clear,01-Daylight,MIDBLOCK,Wednesday,February,0,LOUISA ST,2,ROAD,LOCAL,11.0,20.0,PAVED,TwoWay,PAVED,6,50,NO ACCESS,N,1986.0,137.972068706398
LOUISA ST,01-Non intersection,02-Thru lane,01-Clear,01-Daylight,MIDBLOCK,Thursday,May,0,LOUISA ST,2,ROAD,LOCAL,7.0,17.0,PAVED,TwoWay,PAVED,6,50,NO ACCESS,N,2004.0,191.486811441124
LOUISA ST,01-Non intersection,02-Thru lane,01-Clear,01-Daylight,MIDBLOCK,Thursday,May,0,LOUISA ST,2,ROAD,LOCAL,10.0,20.0,PAVED,TwoWay,PAVED,6,50,NO ACCESS,N,1986.0,81.53798472932891
LOUISA ST,01-Non intersection,02-Thru lane,01-Clear,01-Daylight,MIDBLOCK,Thursday,May,0,LOUISA ST,2,ROAD,LOCAL,7.0,17.0,PAVED,TwoWay,PAVED,6,50,NO ACCESS,N,1994.0,181.73318390954492
LOUISA ST,01-Non intersection,02-Thru lane,01-Clear,01-Daylight,MIDBLOCK,Thursday,May,0,LOUISA ST,2,ROAD,LOCAL,9.0,20.0,PAVED,TwoWay,PAVED,6,50,NO ACCESS,N,1854.0,302.973817389757
LOUISA ST,01-Non intersection,02-Thru lane,01-Clear,01-Daylight,MIDBLOCK,Thursday,May,0,LOUISA ST,2,ROAD,LOCAL,7.0,18.0,PAVED,TwoWay,PAVED,6,50,NO ACCESS,N,2004.0,241.08254289579
LOUISA ST,01-Non intersection,02-Thru lane,01-Clear,01-Daylight,MIDBLOCK,Thursday,May,0,LOUISA ST,2,ROAD,LOCAL,7.0,17.0,PAVED,TwoWay,PAVED,6,50,NO ACCESS,N,1993.0,181.663399033092
LOUISA ST,01-Non intersection,02-Thru lane,01-Clear,01-Daylight,MIDBLOCK,Thursday,May,0,LOUISA ST,2,ROAD,LOCAL,8.0,17.0,PAVED,TwoWay,PAVED,6,50,NO ACCESS,N,1997.0,240.24506885035598
LOUISA ST,01-Non intersection,02-Thru lane,01-Clear,01-Daylight,MIDBLOCK,Thursday,May,0,LOUISA ST,2,ROAD,LOCAL,10.0,20.0,PAVED,TwoWay,PAVED,6,50,NO ACCESS,N,1986.0,130.905478407689
LOUISA ST,01-Non intersection,02-Thru lane,01-Clear,01-Daylight,MIDBLOCK,Thursday,May,0,LOUISA ST,2,ROAD,LOCAL,11.0,20.0,PAVED,TwoWay,PAVED,6,50,NO ACCESS,N,1986.0,137.972068706398
LOUISA ST,04-At/near private drive,09-Right shoulder,01-Clear,"08-Dark, artificial",MIDBLOCK,Saturday,September,1,LOUISA ST,2,ROAD,LOCAL,7.0,17.0,PAVED,TwoWay,PAVED,6,50,NO ACCESS,N,2004.0,191.486811441124
LOUISA ST,04-At/near private drive,09-Right shoulder,01-Clear,"08-Dark, artificial",MIDBLOCK,Saturday,September,1,LOUISA ST,2,ROAD,LOCAL,10.0,20.0,PAVED,TwoWay,PAVED,6,50,NO ACCESS,N,1986.0,81.53798472932891
LOUISA ST,04-At/near private drive,09-Right shoulder,01-Clear,"08-Dark, artificial",MIDBLOCK,Saturday,September,1,LOUISA ST,2,ROAD,LOCAL,7.0,17.0,PAVED,TwoWay,PAVED,6,50,NO ACCESS,N,1994.0,181.73318390954492
LOUISA ST,04-At/near private drive,09-Right shoulder,01-Clear,"08-Dark, artificial",MIDBLOCK,Saturday,September,1,LOUISA ST,2,ROAD,LOCAL,9.0,20.0,PAVED,TwoWay,PAVED,6,50,NO ACCESS,N,1854.0,302.973817389757