LOCATION,ACCIDENT_LOCATION,IMPACT_LOCATION,ENVIRONMENT_CONDITION,LIGHT,COLLISION_TYPE,DAY_OF_WEEK,MONTH,IS_WEEKEND,STREET,LANES,CATEGORY,SUBCATEGORY,PAVEMENT_WIDTH,ROW_WIDTH,SHOULDER,FLOW_DIRECTION,SURFACE_LAYER_TYPE,OFFICIAL_ROAD_CLASSIFICATION,SPEED_LIMIT_KM,TRUCK_ACCESS,BUS_ROUTE,SERVICE_YEAR,Shape__Length
GREENFIELD AVE,04-At/near private drive,02-Thru lane,01-Clear,01-Daylight,MIDBLOCK,Thursday,February,0,GREENFIELD AVE,2,ROAD,LOCAL,9.0,20.0,PAVED,TwoWay,PAVED,6,50,NO ACCESS,N,2006.0,100.185768111455
GREENFIELD AVE,04-At/near private drive,02-Thru lane,01-Clear,01-Daylight,MIDBLOCK,Thursday,February,0,GREENFIELD AVE,2,ROAD,LOCAL,9.0,20.0,PAVED,TwoWay,PAVED,6,50,NO ACCESS,N,2006.0,90.39302311599079
GREENFIELD AVE,04-At/near private drive,02-Thru lane,01-Clear,01-Daylight,MIDBLOCK,Thursday,February,0,GREENFIELD AVE,2,ROAD,LOCAL,9.0,20.0,PAVED,TwoWay,PAVED,6,50,NO ACCESS,N,2006.0,81.4274675402344
GREENFIELD AVE,04-At/near private drive,02-Thru lane,01-Clear,01-Daylight,MIDBLOCK,Thursday,February,0,GREENFIELD AVE,2,ROAD,LOCAL,9.0,20.0,PAVED,TwoWay,PAVED,6,50,NO ACCESS,N,2006.0,95.42703918766328
GREENFIELD AVE,04-At/near private drive,02-Thru lane,01-Clear,01-Daylight,MIDBLOCK,Monday,December,0,GREENFIELD AVE,2,ROAD,LOCAL,9.0,20.0,PAVED,TwoWay,PAVED,6,50,NO ACCESS,N,2006.0,100.61912554823601
GREENFIELD AVE,04-At/near private drive,02-Thru lane,01-Clear,01-Daylight,MIDBLOCK,Monday,December,0,GREENFIELD AVE,2,ROAD,LOCAL,8.0,20.0,PAVED,TwoWay,PAVED,6,50,NO ACCESS,N,2006.0,89.9278560841564
GREENFIELD AVE,04-At/near private drive,02-Thru lane,01-Clear,01-Daylight,MIDBLOCK,Monday,December,0,GREENFIELD AVE,2,ROAD,LOCAL,8.0,20.0,PAVED,TwoWay,PAVED,6,50,NO ACCESS,N,2006.0,118.07293628985501
GREENFIELD AVE,04-At/near private drive,02-Thru lane,01-Clear,01-Daylight,MIDBLOCK,Monday,December,0,GREENFIELD AVE,2,ROAD,LOCAL,9.0,20.0,PAVED,TwoWay,PAVED,6,50,NO ACCESS,N,2006.0,100.185768111455
GREENFIELD AVE,04-At/near private drive,02-Thru lane,01-Clear,01-Daylight,MIDBLOCK,Monday,December,0,GREENFIELD AVE,2,ROAD,LOCAL,9.0,20.0,PAVED,TwoWay,PAVED,6,50,NO ACCESS,N,2006.0,90.39302311599079
GREENFIELD AVE,04-At/near private drive,02-Thru lane,01-Clear,01-Daylight,MIDBLOCK,Monday,December,0,GREENFIELD AVE,2,ROAD,LOCAL,9.0,20.0,PAVED,TwoWay,PAVED,6,50,NO ACCESS,N,2006.0,81.4274675402344
GREENFIELD AVE,04-At/near private drive,02-Thru lane,01-Clear,01-Daylight,MIDBLOCK,Monday,December,0,GREENFIELD AVE,2,ROAD,LOCAL,9.0,20.0,PAVED,TwoWay,PAVED,6,50,NO ACCESS,N,2006.0,95.42703918766328
GREENFIELD AVE,04-At/near private drive,02-Thru lane,01-Clear,01-Daylight,MIDBLOCK,Saturday,November,1,GREENFIELD AVE,2,ROAD,LOCAL,9.0,20.0,PAVED,TwoWay,PAVED,6,50,NO ACCESS,N,2006.0,100.61912554823601
GREENFIELD AVE,04-At/near private drive,02-Thru lane,01-Clear,01-Daylight,MIDBLOCK,Saturday,November,1,GREENFIELD AVE,2,ROAD,LOCAL,8.0,20.0,PAVED,TwoWay,PAVED,6,50,NO ACCESS,N,2006.0,89.9278560841564
GREENFIELD AVE,04-At/near private drive,02-Thru lane,01-Clear,01-Daylight,MIDBLOCK,Saturday,November,1,GREENFIELD AVE,2,ROAD,LOCAL,8.0,20.0,PAVED,TwoWay,PAVED,6,50,NO ACCESS,N,2006.0,118.07293628985501
GREENFIELD AVE,04-At/near private drive,02-Thru lane,01-Clear,01-Daylight,MIDBLOCK,Saturday,November,1,GREENFIELD AVE,2,ROAD,LOCAL,9.0,20.0,PAVED,TwoWay,PAVED,6,50,NO ACCESS,N,2006.0,100.185768111455
GREENFIELD AVE,04-At/near private drive,02-Thru lane,01-Clear,01-Daylight,MIDBLOCK,Saturday,November,1,GREENFIELD AVE,2,ROAD,LOCAL,9.0,20.0,PAVED,TwoWay,PAVED,6,50,NO ACCESS,N,2006.0,90.39302311599079
GREENFIELD AVE,04-At/near private drive,02-Thru lane,01-Clear,01-Daylight,MIDBLOCK,Saturday,November,1,GREENFIELD AVE,2,ROAD,LOCAL,9.0,20.0,PAVED,TwoWay,PAVED,6,50,NO ACCESS,N,2006.0,81.4274675402344
GREENFIELD AVE,04-At/near private drive,02-Thru lane,01-Clear,01-Daylight,MIDBLOCK,Saturday,November,1,GREENFIELD AVE,2,ROAD,LOCAL,9.0,20.0,PAVED,TwoWay,PAVED,6,50,NO ACCESS,N,2006.0,95.42703918766328
GREENFIELD AVE,04-At/near private drive,02-Thru lane,02-Rain,01-Daylight,MIDBLOCK,Saturday,July,1,GREENFIELD AVE,2,ROAD,LOCAL,9.0,20.0,PAVED,TwoWay,PAVED,6,50,NO ACCESS,N,2006.0,100.61912554823601
GREENFIELD AVE,04-At/near private drive,02-Thru lane,02-Rain,01-Daylight,MIDBLOCK,Saturday,July,1,GREENFIELD AVE,2,ROAD,LOCAL,8.0,20.0,PAVED,TwoWay,PAVED,6,50,NO ACCESS,N,2006.0,89.9278560841564
GREENFIELD AVE,04-At/near private drive,02-Thru lane,02-Rain,01-Daylight,MIDBLOCK,Saturday,July,1,GREENFIELD AVE,2,ROAD,LOCAL,8.0,20.0,PAVED,TwoWay,PAVED,6,50,NO ACCESS,N,2006.0,118.07293628985501
GREENFIELD AVE,04-At/near private drive,02-Thru lane,02-Rain,01-Daylight,MIDBLOCK,Saturday,July,1,GREENFIELD AVE,2,ROAD,LOCAL,9.0,20.0,PAVED,TwoWay,PAVED,6,50,NO ACCESS,N,2006.0,100.185768111455
GREENFIELD AVE,04-At/near private drive,02-Thru lane,02-Rain,01-Daylight,MIDBLOCK,Saturday,July,1,GREENFIELD AVE,2,ROAD,LOCAL,9.0,20.0,PAVED,TwoWay,PAVED,6,50,NO ACCESS,N,2006.0,90.39302311599079
GREENFIELD AVE,04-At/near private drive,02-Thru lane,02-Rain,01-Daylight,MIDBLOCK,Saturday,July,1,GREENFIELD AVE,2,ROAD,LOCAL,9.0,20.0,PAVED,TwoWay,PAVED,6,50,NO ACCESS,N,2006.0,81.4274675402344
GREENFIELD AVE,04-At/near private drive,02-Thru lane,02-Rain,01-Daylight,MIDBLOCK,Saturday,July,1,GREENFIELD AVE,2,ROAD,LOCAL,9.0,20.0,PAVED,TwoWay,PAVED,6,50,NO ACCESS,N,2006.0,95.42703918766328
GREENFIELD AVE,01-Non intersection,02-Thru lane,01-Clear,01-Daylight,MIDBLOCK,Friday,January,0,GREENFIELD AVE,2,ROAD,LOCAL,9.0,20.0,PAVED,TwoWay,PAVED,6,50,NO ACCESS,N,2006.0,100.61912554823601
GREENFIELD AVE,01-Non intersection,02-Thru lane,01-Clear,01-Daylight,MIDBLOCK,Friday,January,0,GREENFIELD AVE,2,ROAD,LOCAL,8.0,20.0,PAVED,TwoWay,PAVED,6,50,NO ACCESS,N,2006.0,89.9278560841564
GREENFIELD AVE,01-Non intersection,02-Thru lane,01-Clear,01-Daylight,MIDBLOCK,Friday,January,0,GREENFIELD AVE,2,ROAD,LOCAL,8.0,20.0,PAVED,TwoWay,PAVED,6,50,NO ACCESS,N,2006.0,118.07293628985501
GREENFIELD AVE,01-Non intersection,02-Thru lane,01-Clear,01-Daylight,MIDBLOCK,Friday,January,0,GREENFIELD AVE,2,ROAD,LOCAL,9.0,20.0,PAVED,TwoWay,PAVED,6,50,NO ACCESS,N,2006.0,100.185768111455
GREENFIELD AVE,01-Non intersection,02-Thru lane,01-Clear,01-Daylight,MIDBLOCK,Friday,January,0,GREENFIELD AVE,2,ROAD,LOCAL,9.0,20.0,PAVED,TwoWay,PAVED,6,50,NO ACCESS,N,2006.0,90.39302311599079
GREENFIELD AVE,01-Non intersection,02-Thru lane,01-Clear,01-Daylight,MIDBLOCK,Friday,January,0,GREENFIELD AVE,2,ROAD,LOCAL,9.0,20.0,PAVED,TwoWay,PAVED,6,50,NO ACCESS,N,2006.0,81.4274675402344
GREENFIELD AVE,01-Non intersection,02-Thru lane,01-Clear,01-Daylight,MIDBLOCK,Friday,January,0,GREENFIELD AVE,2,ROAD,LOCAL,9.0,20.0,PAVED,TwoWay,PAVED,6,50,NO ACCESS,N,2006.0,95.42703918766328
GREENFIELD AVE,04-At/near private drive,02-Thru lane,01-Clear,"08-Dark, artificial",MIDBLOCK,Monday,January,0,GREENFIELD AVE,2,ROAD,LOCAL,9.0,20.0,PAVED,TwoWay,PAVED,6,50,NO ACCESS,N,2006.0,100.61912554823601
GREENFIELD AVE,04-At/near private drive,02-Thru lane,01-Clear,"08-Dark, artificial",MIDBLOCK,Monday,January,0,GREENFIELD AVE,2,ROAD,LOCAL,8.0,20.0,PAVED,TwoWay,PAVED,6,50,NO ACCESS,N,2006.0,89.9278560841564
GREENFIELD AVE,04-At/near private drive,02-Thru lane,01-Clear,"08-Dark, artificial",MIDBLOCK,Monday,January,0,GREENFIELD AVE,2,ROAD,LOCAL,8.0,20.0,PAVED,TwoWay,PAVED,6,50,NO ACCESS,N,2006.0,118.07293628985501
GREENFIELD AVE,04-At/near private drive,02-Thru lane,01-Clear,"08-Dark, artificial",MIDBLOCK,Monday,January,0,GREENFIELD AVE,2,ROAD,LOCAL,9.0,20.0,PAVED,TwoWay,PAVED,6,50,NO ACCESS,N,2006.0,100.185768111455
GREENFIELD AVE,04-At/near private drive,02-Thru lane,01-Clear,"08-Dark, artificial",MIDBLOCK,Monday,January,0,GREENFIELD AVE,2,ROAD,LOCAL,9.0,20.0,PAVED,TwoWay,PAVED,6,50,NO ACCESS,N,2006.0,90.39302311599079
GREENFIELD AVE,04-At/near private drive,02-Thru lane,01-Clear,"08-Dark, artificial",MIDBLOCK,Monday,January,0,GREENFIELD AVE,2,ROAD,LOCAL,9.0,20.0,PAVED,TwoWay,PAVED,6,50,NO ACCESS,N,2006.0,81.4274675402344
GREENFIELD AVE,04-At/near private drive,02-Thru lane,01-Clear,"08-Dark, artificial",MIDBLOCK,Monday,January,0,GREENFIELD AVE,2,ROAD,LOCAL,9.0,20.0,PAVED,TwoWay,PAVED,6,50,NO ACCESS,N,2006.0,95.42703918766328
GREENFIELD AVE,04-At/near private drive,02-Thru lane,01-Clear,01-Daylight,MIDBLOCK,Monday,July,0,GREENFIELD AVE,2,ROAD,LOCAL,9.0,20.0,PAVED,TwoWay,PAVED,6,50,NO ACCESS,N,2006.0,100.61912554823601
GREENFIELD AVE,04-At/near private drive,02-Thru lane,01-Clear,01-Daylight,MIDBLOCK,Monday,July,0,GREENFIELD AVE,2,ROAD,LOCAL,8.0,20.0,PAVED,TwoWay,PAVED,6,50,NO ACCESS,N,2006.0,89.9278560841564
GREENFIELD AVE,04-At/near private drive,02-Thru lane,01-Clear,01-Daylight,MIDBLOCK,Monday,July,0,GREENFIELD AVE,2,ROAD,LOCAL,8.0,20.0,PAVED,TwoWay,PAVED,6,50,NO ACCESS,N,2006.0,118.07293628985501
GREENFIELD AVE,04-At/near private drive,02-Thru lane,01-Clear,01-Daylight,MIDBLOCK,Monday,July,0,GREENFIELD AVE,2,ROAD,LOCAL,9.0,20.0,PAVED,TwoWay,PAVED,6,50,NO ACCESS,N,2006.0,100.185768111455
GREENFIELD AVE,04-At/near private drive,02-Thru lane,01-Clear,01-Daylight,MIDBLOCK,Monday,July,0,GREENFIELD AVE,2,ROAD,LOCAL,9.0,20.0,PAVED,TwoWay,PAVED,6,50,NO ACCESS,N,2006.0,90.39302311599079
GREENFIELD AVE,04-At/near private drive,02-Thru lane,01-Clear,01-Daylight,MIDBLOCK,Monday,July,0,GREENFIELD AVE,2,ROAD,LOCAL,9.0,20.0,PAVED,TwoWay,PAVED,6,50,NO ACCESS,N,2006.0,81.4274675402344
GREENFIELD AVE,04-At/near private drive,02-Thru lane,01-Clear,01-Daylight,MIDBLOCK,Monday,July,0,GREENFIELD AVE,2,ROAD,LOCAL,9.0,20.0,PAVED,TwoWay,PAVED,6,50,NO ACCESS,N,2006.0,95.42703918766328
GREENFIELD AVE,01-Non intersection,02-Thru lane,01-Clear,01-Daylight,MIDBLOCK,Monday,August,0,GREENFIELD AVE,2,ROAD,LOCAL,9.0,20.0,PAVED,TwoWay,PAVED,6,50,NO ACCESS,N,2006.0,100.61912554823601
GREENFIELD AVE,01-Non intersection,02-Thru lane,01-Clear,01-Daylight,MIDBLOCK,Monday,August,0,GREENFIELD AVE,2,ROAD,LOCAL,8.0,20.0,PAVED,TwoWay,PAVED,6,50,NO ACCESS,N,2006.0,89.9278560841564
GREENFIELD AVE,01-Non intersection,02-Thru lane,01-Clear,01-Daylight,MIDBLOCK,Monday,August,0,GREENFIELD AVE,2,ROAD,LOCAL,8.0,20.0,PAVED,TwoWay,PAVED,6,50,NO ACCESS,N,2006.0,118.07293628985501
GREENFIELD AVE,01-Non intersection,02-Thru lane,01-Clear,01-Daylight,MIDBLOCK,Monday,August,0,GREENFIELD AVE,2,ROAD,LOCAL,9.0,20.0,PAVED,TwoWay,PAVED,6,50,NO ACCESS,N,2006.0,100.185768111455
GREENFIELD AVE,01-Non intersection,02-Thru lane,01-Clear,01-Daylight,MIDBLOCK,Monday,August,0,GREENFIELD AVE,2,ROAD,LOCAL,9.0,20.0,PAVED,TwoWay,PAVED,6,50,NO ACCESS,N,2006.0,90.39302311599079
GREENFIELD AVE,01-Non intersection,02-Thru lane,01-Clear,01-Daylight,MIDBLOCK,Monday,August,0,GREENFIELD AVE,2,ROAD,LOCAL,9.0,20.0,PAVED,TwoWay,PAVED,6,50,NO ACCESS,N,2006.0,81.4274675402344
GREENFIELD AVE,01-Non intersection,02-Thru lane,01-Clear,01-Daylight,MIDBLOCK,Monday,August,0,GREENFIELD AVE,2,ROAD,LOCAL,9.0,20.0,PAVED,TwoWay,PAVED,6,50,NO ACCESS,N,2006.0,95.42703918766328
GREENFIELD AVE,01-Non intersection,02-Thru lane,05-Drifting Snow,"06-Dusk, artificial",MIDBLOCK,Thursday,November,0,GREENFIELD AVE,2,ROAD,LOCAL,9.0,20.0,PAVED,TwoWay,PAVED,6,50,NO ACCESS,N,2006.0,100.61912554823601
GREENFIELD AVE,01-Non intersection,02-Thru lane,05-Drifting Snow,"06-Dusk, artificial",MIDBLOCK,Thursday,November,0,GREENFIELD AVE,2,ROAD,LOCAL,8.0,20.0,PAVED,TwoWay,PAVED,6,50,NO ACCESS,N,2006.0,89.9278560841564
GREENFIELD AVE,01-Non intersection,02-Thru lane,05-Drifting Snow,"06-Dusk, artificial",MIDBLOCK,Thursday,November,0,GREENFIELD AVE,2,ROAD,LOCAL,8.0,20.0,PAVED,TwoWay,PAVED,6,50,NO ACCESS,N,2006.0,118.07293628985501
GREENFIELD AVE,01-Non intersection,02-Thru lane,05-Drifting Snow,"06-Dusk, artificial",MIDBLOCK,Thursday,November,0,GREENFIELD AVE,2,ROAD,LOCAL,9.0,20.0,PAVED,TwoWay,PAVED,6,50,NO ACCESS,N,2006.0,100.185768111455
GREENFIELD AVE,01-Non intersection,02-Thru lane,05-Drifting Snow,"06-Dusk, artificial",MIDBLOCK,Thursday,November,0,GREENFIELD AVE,2,ROAD,LOCAL,9.0,20.0,PAVED,TwoWay,PAVED,6,50,NO ACCESS,N,2006.0,90.39302311599079
GREENFIELD AVE,01-Non intersection,02-Thru lane,05-Drifting Snow,"06-Dusk, artificial",MIDBLOCK,Thursday,November,0,GREENFIELD AVE,2,ROAD,LOCAL,9.0,20.0,PAVED,TwoWay,PAVED,6,50,NO ACCESS,N,2006.0,81.4274675402344
GREENFIELD AVE,01-Non intersection,02-Thru lane,05-Drifting Snow,"06-Dusk, artificial",MIDBLOCK,Thursday,November,0,GREENFIELD AVE,2,ROAD,LOCAL,9.0,20.0,PAVED,TwoWay,PAVED,6,50,NO ACCESS,N,2006.0,95.42703918766328
GREENFIELD AVE,01-Non intersection,02-Thru lane,01-Clear,01-Daylight,MIDBLOCK,Wednesday,August,0,GREENFIELD AVE,2,ROAD,LOCAL,9.0,20.0,PAVED,TwoWay,PAVED,6,50,NO ACCESS,N,2006.0,100.61912554823601
GREENFIELD AVE,01-Non intersection,02-Thru lane,01-Clear,01-Daylight,MIDBLOCK,Wednesday,August,0,GREENFIELD AVE,2,ROAD,LOCAL,8.0,20.0,PAVED,TwoWay,PAVED,6,50,NO ACCESS,N,2006.0,89.9278560841564
GREENFIELD AVE,01-Non intersection,02-Thru lane,01-Clear,01-Daylight,MIDBLOCK,Wednesday,August,0,GREENFIELD AVE,2,ROAD,LOCAL,8.0,20.0,PAVED,TwoWay,PAVED,6,50,NO ACCESS,N,2006.0,118.07293628985501
GREENFIELD AVE,01-Non intersection,02-Thru lane,01-Clear,01-Daylight,MIDBLOCK,Wednesday,August,0,GREENFIELD AVE,2,ROAD,LOCAL,9.0,20.0,PAVED,TwoWay,PAVED,6,50,NO ACCESS,N,2006.0,100.185768111455
GREENFIELD AVE,01-Non intersection,02-Thru lane,01-Clear,01-Daylight,MIDBLOCK,Wednesday,August,0,GREENFIELD AVE,2,ROAD,LOCAL,9.0,20.0,PAVED,TwoWay,PAVED,6,50,NO ACCESS,N,2006.0,90.39302311599079
GREENFIELD AVE,01-Non intersection,02-Thru lane,01-Clear,01-Daylight,MIDBLOCK,Wednesday,August,0,GREENFIELD AVE,2,ROAD,LOCAL,9.0,20.0,PAVED,TwoWay,PAVED,6,50,NO ACCESS,N,2006.0,81.4274675402344
GREENFIELD AVE,01-Non intersection,02-Thru lane,01-Clear,01-Daylight,MIDBLOCK,Wednesday,August,0,GREENFIELD AVE,2,ROAD,LOCAL,9.0,20.0,PAVED,TwoWay,PAVED,6,50,NO ACCESS,N,2006.0,95.42703918766328
GREENFIELD AVE,04-At/near private drive,02-Thru lane,01-Clear,01-Daylight,MIDBLOCK,Thursday,December,0,GREENFIELD AVE,2,ROAD,LOCAL,9.0,20.0,PAVED,TwoWay,PAVED,6,50,NO ACCESS,N,2006.0,100.61912554823601
GREENFIELD AVE,04-At/near private drive,02-Thru lane,01-Clear,01-Daylight,MIDBLOCK,Thursday,December,0,GREENFIELD AVE,2,ROAD,LOCAL,8.0,20.0,PAVED,TwoWay,PAVED,6,50,NO ACCESS,N,2006.0,89.9278560841564
GREENFIELD AVE,04-At/near private drive,02-Thru lane,01-Clear,01-Daylight,MIDBLOCK,Thursday,December,0,GREENFIELD AVE,2,ROAD,LOCAL,8.0,20.0,PAVED,TwoWay,PAVED,6,50,NO ACCESS,N,2006.0,118.07293628985501
GREENFIELD AVE,04-At/near private drive,02-Thru lane,01-Clear,01-Daylight,MIDBLOCK,Thursday,December,0,GREENFIELD AVE,2,ROAD,LOCAL,9.0,20.0,PAVED,TwoWay,PAVED,6,50,NO ACCESS,N,2006.0,100.185768111455
GREENFIELD AVE,04-At/near private drive,02-Thru lane,01-Clear,01-Daylight,MIDBLOCK,Thursday,December,0,GREENFIELD AVE,2,ROAD,LOCAL,9.0,20.0,PAVED,TwoWay,PAVED,6,50,NO ACCESS,N,2006.0,90.39302311599079
GREENFIELD AVE,04-At/near private drive,02-Thru lane,01-Clear,01-Daylight,MIDBLOCK,Thursday,December,0,GREENFIELD AVE,2,ROAD,LOCAL,9.0,20.0,PAVED,TwoWay,PAVED,6,50,NO ACCESS,N,2006.0,81.4274675402344
GREENFIELD AVE,04-At/near private drive,02-Thru lane,01-Clear,01-Daylight,MIDBLOCK,Thursday,December,0,GREENFIELD AVE,2,ROAD,LOCAL,9.0,20.0,PAVED,TwoWay,PAVED,6,50,NO ACCESS,N,2006.0,95.42703918766328
GREENFIELD AVE,01-Non intersection,09-Right shoulder,01-Clear,01-Daylight,MIDBLOCK,Friday,August,0,GREENFIELD AVE,2,ROAD,LOCAL,9.0,20.0,PAVED,TwoWay,PAVED,6,50,NO ACCESS,N,2006.0,100.61912554823601
GREENFIELD AVE,01-Non intersection,09-Right shoulder,01-Clear,01-Daylight,MIDBLOCK,Friday,August,0,GREENFIELD AVE,2,ROAD,LOCAL,8.0,20.0,PAVED,TwoWay,PAVED,6,50,NO ACCESS,N,2006.0,89.9278560841564
GREENFIELD AVE,01-Non intersection,09-Right shoulder,01-Clear,01-Daylight,MIDBLOCK,Friday,August,0,GREENFIELD AVE,2,ROAD,LOCAL,8.0,20.0,PAVED,TwoWay,PAVED,6,50,NO ACCESS,N,2006.0,118.07293628985501
GREENFIELD AVE,01-Non intersection,09-Right shoulder,01-Clear,01-Daylight,MIDBLOCK,Friday,August,0,GREENFIELD AVE,2,ROAD,LOCAL,9.0,20.0,PAVED,TwoWay,PAVED,6,50,NO ACCESS,N,2006.0,100.185768111455
GREENFIELD AVE,01-Non intersection,09-Right shoulder,01-Clear,01-Daylight,MIDBLOCK,Friday,August,0,GREENFIELD AVE,2,ROAD,LOCAL,9.0,20.0,PAVED,TwoWay,PAVED,6,50,NO ACCESS,N,2006.0,90.39302311599079
GREENFIELD AVE,01-Non intersection,09-Right shoulder,01-Clear,01-Daylight,MIDBLOCK,Friday,August,0,GREENFIELD AVE,2,ROAD,LOCAL,9.0,20.0,PAVED,TwoWay,PAVED,6,50,NO ACCESS,N,2006.0,81.4274675402344
GREENFIELD AVE,01-Non intersection,09-Right shoulder,01-Clear,01-Daylight,MIDBLOCK,Friday,August,0,GREENFIELD AVE,2,ROAD,LOCAL,9.0,20.0,PAVED,TwoWay,PAVED,6,50,NO ACCESS,N,2006.0,95.42703918766328
GREENFIELD AVE,04-At/near private drive,02-Thru lane,03-Snow,01-Daylight,MIDBLOCK,Tuesday,January,0,GREENFIELD AVE,2,ROAD,LOCAL,9.0,20.0,PAVED,TwoWay,PAVED,6,50,NO ACCESS,N,2006.0,100.61912554823601
GREENFIELD AVE,04-At/near private drive,02-Thru lane,03-Snow,01-Daylight,MIDBLOCK,Tuesday,January,0,GREENFIELD AVE,2,ROAD,LOCAL,8.0,20.0,PAVED,TwoWay,PAVED,6,50,NO ACCESS,N,2006.0,89.9278560841564
GREENFIELD AVE,04-At/near private drive,02-Thru lane,03-Snow,01-Daylight,MIDBLOCK,Tuesday,January,0,GREENFIELD AVE,2,ROAD,LOCAL,8.0,20.0,PAVED,TwoWay,PAVED,6,50,NO ACCESS,N,2006.0,118.07293628985501
GREENFIELD AVE,04-At/near private drive,02-Thru lane,03-Snow,01-Daylight,MIDBLOCK,Tuesday,January,0,GREENFIELD AVE,2,ROAD,LOCAL,9.0,20.0,PAVED,TwoWay,PAVED,6,50,NO ACCESS,N,2006.0,100.185768111455
GREENFIELD AVE,04-At/near private drive,02-Thru lane,03-Snow,01-Daylight,MIDBLOCK,Tuesday,January,0,GREENFIELD AVE,2,ROAD,LOCAL,9.0,20.0,PAVED,TwoWay,PAVED,6,50,NO ACCESS,N,2006.0,90.39302311599079
GREENFIELD AVE,04-At/near private drive,02-Thru lane,03-Snow,01-Daylight,MIDBLOCK,Tuesday,January,0,GREENFIELD AVE,2,ROAD,LOCAL,9.0,20.0,PAVED,TwoWay,PAVED,6,50,NO ACCESS,N,2006.0,81.4274675402344
GREENFIELD AVE,04-At/near private drive,02-Thru lane,03-Snow,01-Daylight,MIDBLOCK,Tuesday,January,0,GREENFIELD AVE,2,ROAD,LOCAL,9.0,20.0,PAVED,TwoWay,PAVED,6,50,NO ACCESS,N,2006.0,95.42703918766328
GREENFIELD AVE,04-At/near private drive,02-Thru lane,03-Snow,01-Daylight,MIDBLOCK,Friday,February,0,GREENFIELD AVE,2,ROAD,LOCAL,9.0,20.0,PAVED,TwoWay,PAVED,6,50,NO ACCESS,N,2006.0,100.61912554823601
GREENFIELD AVE,04-At/near private drive,02-Thru lane,03-Snow,01-Daylight,MIDBLOCK,Friday,February,0,GREENFIELD AVE,2,ROAD,LOCAL,8.0,20.0,PAVED,TwoWay,PAVED,6,50,NO ACCESS,N,2006.0,89.9278560841564
GREENFIELD AVE,04-At/near private drive,02-Thru lane,03-Snow,01-Daylight,MIDBLOCK,Friday,February,0,GREENFIELD AVE,2,ROAD,LOCAL,8.0,20.0,PAVED,TwoWay,PAVED,6,50,NO ACCESS,N,2006.0,118.07293628985501
GREENFIELD AVE,04-At/near private drive,02-Thru lane,03-Snow,01-Daylight,MIDBLOCK,Friday,February,0,GREENFIELD AVE,2,ROAD,LOCAL,9.0,20.0,PAVED,TwoWay,PAVED,6,50,NO ACCESS,N,2006.0,100.185768111455
GREENFIELD AVE,04-At/near private drive,02-Thru lane,03-Snow,01-Daylight,MIDBLOCK,Friday,February,0,GREENFIELD AVE,2,ROAD,LOCAL,9.0,20.0,PAVED,TwoWay,PAVED,6,50,NO ACCESS,N,2006.0,90.39302311599079
GREENFIELD AVE,04-At/near private drive,02-Thru lane,03-Snow,01-Daylight,MIDBLOCK,Friday,February,0,GREENFIELD AVE,2,ROAD,LOCAL,9.0,20.0,PAVED,TwoWay,PAVED,6,50,NO ACCESS,N,2006.0,81.4274675402344
GREENFIELD AVE,04-At/near private drive,02-Thru lane,03-Snow,01-Daylight,MIDBLOCK,Friday,February,0,GREENFIELD AVE,2,ROAD,LOCAL,9.0,20.0,PAVED,TwoWay,PAVED,6,50,NO ACCESS,N,2006.0,95.42703918766328
STRANGE ST,04-At/near private drive,09-Right shoulder,01-Clear,07-Dark,MIDBLOCK,Wednesday,May,0,STRANGE ST,1,ROAD,MINOR,7.0,16.0,PAVED,ToFrom,PAVED,3,50,NO ACCESS,N,2006.0,168.521489156066
STRANGE ST,04-At/near private drive,09-Right shoulder,01-Clear,07-Dark,MIDBLOCK,Wednesday,May,0,STRANGE ST,2,ROAD,MINOR,7.0,12.0,PAVED,TwoWay,PAVED,3,50,NO ACCESS,N,2007.0,126.28378797469999
STRANGE ST,04-At/near private drive,09-Right shoulder,01-Clear,07-Dark,MIDBLOCK,Wednesday,May,0,STRANGE ST,2,ROAD,MINOR,7.0,12.0,PAVED,TwoWay,PAVED,3,50,NO ACCESS,N,2006.0,121.493626200372
STRANGE ST,04-At/near private drive,09-Right shoulder,01-Clear,07-Dark,MIDBLOCK,Wednesday,May,0,STRANGE ST,1,ROAD,MINOR,7.0,12.0,PAVED,ToFrom,PAVED,3,50,NO ACCESS,N,2006.0,105.003719532799
STRANGE ST,04-At/near private drive,09-Right shoulder,01-Clear,07-Dark,MIDBLOCK,Wednesday,May,0,STRANGE ST,2,ROAD,MINOR,7.0,16.0,PAVED,TwoWay,PAVED,3,50,NO ACCESS,N,2007.0,360.578277718557
STRANGE ST,04-At/near private drive,02-Thru lane,01-Clear,"08-Dark, artificial",MIDBLOCK,Tuesday,May,0,STRANGE ST,1,ROAD,MINOR,7.0,16.0,PAVED,ToFrom,PAVED,3,50,NO ACCESS,N,2006.0,168.521489156066
STRANGE ST,04-At/near private drive,02-Thru lane,01-Clear,"08-Dark, artificial",MIDBLOCK,Tuesday,May,0,STRANGE ST,2,ROAD,MINOR,7.0,12.0,PAVED,TwoWay,PAVED,3,50,NO ACCESS,N,2007.0,126.28378797469999
STRANGE ST,04-At/near private drive,02-Thru lane,01-Clear,"08-Dark, artificial",MIDBLOCK,Tuesday,May,0,STRANGE ST,2,ROAD,MINOR,7.0,12.0,PAVED,TwoWay,PAVED,3,50,NO ACCESS,N,2006.0,121.493626200372