LOCATION,ACCIDENT_LOCATION,IMPACT_LOCATION,ENVIRONMENT_CONDITION,LIGHT,COLLISION_TYPE,DAY_OF_WEEK,MONTH,IS_WEEKEND,STREET,LANES,CATEGORY,SUBCATEGORY,PAVEMENT_WIDTH,ROW_WIDTH,SHOULDER,FLOW_DIRECTION,SURFACE_LAYER_TYPE,OFFICIAL_ROAD_CLASSIFICATION,SPEED_LIMIT_KM,TRUCK_ACCESS,BUS_ROUTE,SERVICE_YEAR,Shape__Length
STRANGE ST,04-At/near private drive,02-Thru lane,01-Clear,"08-Dark, artificial",MIDBLOCK,Tuesday,May,0,STRANGE ST,1,ROAD,MINOR,7.0,12.0,PAVED,ToFrom,PAVED,3,50,NO ACCESS,N,2006.0,105.003719532799
STRANGE ST,04-At/near private drive,02-Thru lane,01-Clear,"08-Dark, artificial",MIDBLOCK,Tuesday,May,0,STRANGE ST,2,ROAD,MINOR,7.0,16.0,PAVED,TwoWay,PAVED,3,50,NO ACCESS,N,2007.0,360.578277718557
STRANGE ST,04-At/near private drive,02-Thru lane,01-Clear,01-Daylight,MIDBLOCK,Thursday,April,0,STRANGE ST,1,ROAD,MINOR,7.0,16.0,PAVED,ToFrom,PAVED,3,50,NO ACCESS,N,2006.0,168.521489156066
STRANGE ST,04-At/near private drive,02-Thru lane,01-Clear,01-Daylight,MIDBLOCK,Thursday,April,0,STRANGE ST,2,ROAD,MINOR,7.0,12.0,PAVED,TwoWay,PAVED,3,50,NO ACCESS,N,2007.0,126.28378797469999
STRANGE ST,04-At/near private drive,02-Thru lane,01-Clear,01-Daylight,MIDBLOCK,Thursday,April,0,STRANGE ST,2,ROAD,MINOR,7.0,12.0,PAVED,TwoWay,PAVED,3,50,NO ACCESS,N,2006.0,121.493626200372
STRANGE ST,04-At/near private drive,02-Thru lane,01-Clear,01-Daylight,MIDBLOCK,Thursday,April,0,STRANGE ST,1,ROAD,MINOR,7.0,12.0,PAVED,ToFrom,PAVED,3,50,NO ACCESS,N,2006.0,105.003719532799
STRANGE ST,04-At/near private drive,02-Thru lane,01-Clear,01-Daylight,MIDBLOCK,Thursday,April,0,STRANGE ST,2,ROAD,MINOR,7.0,16.0,PAVED,TwoWay,PAVED,3,50,NO ACCESS,N,2007.0,360.578277718557
STRANGE ST,99-Other,02-Thru lane,01-Clear,01-Daylight,MIDBLOCK,Wednesday,December,0,STRANGE ST,1,ROAD,MINOR,7.0,16.0,PAVED,ToFrom,PAVED,3,50,NO ACCESS,N,2006.0,168.521489156066
STRANGE ST,99-Other,02-Thru lane,01-Clear,01-Daylight,MIDBLOCK,Wednesday,December,0,STRANGE ST,2,ROAD,MINOR,7.0,12.0,PAVED,TwoWay,PAVED,3,50,NO ACCESS,N,2007.0,126.28378797469999
STRANGE ST,99-Other,02-Thru lane,01-Clear,01-Daylight,MIDBLOCK,Wednesday,December,0,STRANGE ST,2,ROAD,MINOR,7.0,12.0,PAVED,TwoWay,PAVED,3,50,NO ACCESS,N,2006.0,121.493626200372
STRANGE ST,99-Other,02-Thru lane,01-Clear,01-Daylight,MIDBLOCK,Wednesday,December,0,STRANGE ST,1,ROAD,MINOR,7.0,12.0,PAVED,ToFrom,PAVED,3,50,NO ACCESS,N,2006.0,105.003719532799
STRANGE ST,99-Other,02-Thru lane,01-Clear,01-Daylight,MIDBLOCK,Wednesday,December,0,STRANGE ST,2,ROAD,MINOR,7.0,16.0,PAVED,TwoWay,PAVED,3,50,NO ACCESS,N,2007.0,360.578277718557
STRANGE ST,01-Non intersection,10-Not on roadway - left side,01-Clear,"08-Dark, artificial",MIDBLOCK,Friday,December,0,STRANGE ST,1,ROAD,MINOR,7.0,16.0,PAVED,ToFrom,PAVED,3,50,NO ACCESS,N,2006.0,168.521489156066
STRANGE ST,01-Non intersection,10-Not on roadway - left side,01-Clear,"08-Dark, artificial",MIDBLOCK,Friday,December,0,STRANGE ST,2,ROAD,MINOR,7.0,12.0,PAVED,TwoWay,PAVED,3,50,NO ACCESS,N,2007.0,126.28378797469999
STRANGE ST,01-Non intersection,10-Not on roadway - left side,01-Clear,"08-Dark, artificial",MIDBLOCK,Friday,December,0,STRANGE ST,2,ROAD,MINOR,7.0,12.0,PAVED,TwoWay,PAVED,3,50,NO ACCESS,N,2006.0,121.493626200372
STRANGE ST,01-Non intersection,10-Not on roadway - left side,01-Clear,"08-Dark, artificial",MIDBLOCK,Friday,December,0,STRANGE ST,1,ROAD,MINOR,7.0,12.0,PAVED,ToFrom,PAVED,3,50,NO ACCESS,N,2006.0,105.003719532799
STRANGE ST,01-Non intersection,10-Not on roadway - left side,01-Clear,"08-Dark, artificial",MIDBLOCK,Friday,December,0,STRANGE ST,2,ROAD,MINOR,7.0,16.0,PAVED,TwoWay,PAVED,3,50,NO ACCESS,N,2007.0,360.578277718557
STRANGE ST,01-Non intersection,02-Thru lane,01-Clear,"08-Dark, artificial",MIDBLOCK,Monday,October,0,STRANGE ST,1,ROAD,MINOR,7.0,16.0,PAVED,ToFrom,PAVED,3,50,NO ACCESS,N,2006.0,168.521489156066
STRANGE ST,01-Non intersection,02-Thru lane,01-Clear,"08-Dark, artificial",MIDBLOCK,Monday,October,0,STRANGE ST,2,ROAD,MINOR,7.0,12.0,PAVED,TwoWay,PAVED,3,50,NO ACCESS,N,2007.0,126.28378797469999
STRANGE ST,01-Non intersection,02-Thru lane,01-Clear,"08-Dark, artificial",MIDBLOCK,Monday,October,0,STRANGE ST,2,ROAD,MINOR,7.0,12.0,PAVED,TwoWay,PAVED,3,50,NO ACCESS,N,2006.0,121.493626200372
STRANGE ST,01-Non intersection,02-Thru lane,01-Clear,"08-Dark, artificial",MIDBLOCK,Monday,October,0,STRANGE ST,1,ROAD,MINOR,7.0,12.0,PAVED,ToFrom,PAVED,3,50,NO ACCESS,N,2006.0,105.003719532799
STRANGE ST,01-Non intersection,02-Thru lane,01-Clear,"08-Dark, artificial",MIDBLOCK,Monday,October,0,STRANGE ST,2,ROAD,MINOR,7.0,16.0,PAVED,TwoWay,PAVED,3,50,NO ACCESS,N,2007.0,360.578277718557
STRANGE ST,01-Non intersection,02-Thru lane,01-Clear,01-Daylight,MIDBLOCK,Thursday,April,0,STRANGE ST,1,ROAD,MINOR,7.0,16.0,PAVED,ToFrom,PAVED,3,50,NO ACCESS,N,2006.0,168.521489156066
STRANGE ST,01-Non intersection,02-Thru lane,01-Clear,01-Daylight,MIDBLOCK,Thursday,April,0,STRANGE ST,2,ROAD,MINOR,7.0,12.0,PAVED,TwoWay,PAVED,3,50,NO ACCESS,N,2007.0,126.28378797469999
STRANGE ST,01-Non intersection,02-Thru lane,01-Clear,01-Daylight,MIDBLOCK,Thursday,April,0,STRANGE ST,2,ROAD,MINOR,7.0,12.0,PAVED,TwoWay,PAVED,3,50,NO ACCESS,N,2006.0,121.493626200372
STRANGE ST,01-Non intersection,02-Thru lane,01-Clear,01-Daylight,MIDBLOCK,Thursday,April,0,STRANGE ST,1,ROAD,MINOR,7.0,12.0,PAVED,ToFrom,PAVED,3,50,NO ACCESS,N,2006.0,105.003719532799
STRANGE ST,01-Non intersection,02-Thru lane,01-Clear,01-Daylight,MIDBLOCK,Thursday,April,0,STRANGE ST,2,ROAD,MINOR,7.0,16.0,PAVED,TwoWay,PAVED,3,50,NO ACCESS,N,2007.0,360.578277718557
STRANGE ST,01-Non intersection,02-Thru lane,01-Clear,01-Daylight,MIDBLOCK,Wednesday,July,0,STRANGE ST,1,ROAD,MINOR,7.0,16.0,PAVED,ToFrom,PAVED,3,50,NO ACCESS,N,2006.0,168.521489156066
STRANGE ST,01-Non intersection,02-Thru lane,01-Clear,01-Daylight,MIDBLOCK,Wednesday,July,0,STRANGE ST,2,ROAD,MINOR,7.0,12.0,PAVED,TwoWay,PAVED,3,50,NO ACCESS,N,2007.0,126.28378797469999
STRANGE ST,01-Non intersection,02-Thru lane,01-Clear,01-Daylight,MIDBLOCK,Wednesday,July,0,STRANGE ST,2,ROAD,MINOR,7.0,12.0,PAVED,TwoWay,PAVED,3,50,NO ACCESS,N,2006.0,121.493626200372
STRANGE ST,01-Non intersection,02-Thru lane,01-Clear,01-Daylight,MIDBLOCK,Wednesday,July,0,STRANGE ST,1,ROAD,MINOR,7.0,12.0,PAVED,ToFrom,PAVED,3,50,NO ACCESS,N,2006.0,105.003719532799
STRANGE ST,01-Non intersection,02-Thru lane,01-Clear,01-Daylight,MIDBLOCK,Wednesday,July,0,STRANGE ST,2,ROAD,MINOR,7.0,16.0,PAVED,TwoWay,PAVED,3,50,NO ACCESS,N,2007.0,360.578277718557
STRANGE ST,01-Non intersection,02-Thru lane,01-Clear,07-Dark,MIDBLOCK,Saturday,February,1,STRANGE ST,1,ROAD,MINOR,7.0,16.0,PAVED,ToFrom,PAVED,3,50,NO ACCESS,N,2006.0,168.521489156066
STRANGE ST,01-Non intersection,02-Thru lane,01-Clear,07-Dark,MIDBLOCK,Saturday,February,1,STRANGE ST,2,ROAD,MINOR,7.0,12.0,PAVED,TwoWay,PAVED,3,50,NO ACCESS,N,2007.0,126.28378797469999
STRANGE ST,01-Non intersection,02-Thru lane,01-Clear,07-Dark,MIDBLOCK,Saturday,February,1,STRANGE ST,2,ROAD,MINOR,7.0,12.0,PAVED,TwoWay,PAVED,3,50,NO ACCESS,N,2006.0,121.493626200372
STRANGE ST,01-Non intersection,02-Thru lane,01-Clear,07-Dark,MIDBLOCK,Saturday,February,1,STRANGE ST,1,ROAD,MINOR,7.0,12.0,PAVED,ToFrom,PAVED,3,50,NO ACCESS,N,2006.0,105.003719532799
STRANGE ST,01-Non intersection,02-Thru lane,01-Clear,07-Dark,MIDBLOCK,Saturday,February,1,STRANGE ST,2,ROAD,MINOR,7.0,16.0,PAVED,TwoWay,PAVED,3,50,NO ACCESS,N,2007.0,360.578277718557
STRANGE ST,01-Non intersection,02-Thru lane,01-Clear,07-Dark,MIDBLOCK,Saturday,October,1,STRANGE ST,1,ROAD,MINOR,7.0,16.0,PAVED,ToFrom,PAVED,3,50,NO ACCESS,N,2006.0,168.521489156066
STRANGE ST,01-Non intersection,02-Thru lane,01-Clear,07-Dark,MIDBLOCK,Saturday,October,1,STRANGE ST,2,ROAD,MINOR,7.0,12.0,PAVED,TwoWay,PAVED,3,50,NO ACCESS,N,2007.0,126.28378797469999
STRANGE ST,01-Non intersection,02-Thru lane,01-Clear,07-Dark,MIDBLOCK,Saturday,October,1,STRANGE ST,2,ROAD,MINOR,7.0,12.0,PAVED,TwoWay,PAVED,3,50,NO ACCESS,N,2006.0,121.493626200372
STRANGE ST,01-Non intersection,02-Thru lane,01-Clear,07-Dark,MIDBLOCK,Saturday,October,1,STRANGE ST,1,ROAD,MINOR,7.0,12.0,PAVED,ToFrom,PAVED,3,50,NO ACCESS,N,2006.0,105.003719532799
STRANGE ST,01-Non intersection,02-Thru lane,01-Clear,07-Dark,MIDBLOCK,Saturday,October,1,STRANGE ST,2,ROAD,MINOR,7.0,16.0,PAVED,TwoWay,PAVED,3,50,NO ACCESS,N,2007.0,360.578277718557
STRANGE ST,01-Non intersection,02-Thru lane,01-Clear,01-Daylight,MIDBLOCK,Monday,February,0,STRANGE ST,1,ROAD,MINOR,7.0,16.0,PAVED,ToFrom,PAVED,3,50,NO ACCESS,N,2006.0,168.521489156066
STRANGE ST,01-Non intersection,02-Thru lane,01-Clear,01-Daylight,MIDBLOCK,Monday,February,0,STRANGE ST,2,ROAD,MINOR,7.0,12.0,PAVED,TwoWay,PAVED,3,50,NO ACCESS,N,2007.0,126.28378797469999
STRANGE ST,01-Non intersection,02-Thru lane,01-Clear,01-Daylight,MIDBLOCK,Monday,February,0,STRANGE ST,2,ROAD,MINOR,7.0,12.0,PAVED,TwoWay,PAVED,3,50,NO ACCESS,N,2006.0,121.493626200372
STRANGE ST,01-Non intersection,02-Thru lane,01-Clear,01-Daylight,MIDBLOCK,Monday,February,0,STRANGE ST,1,ROAD,MINOR,7.0,12.0,PAVED,ToFrom,PAVED,3,50,NO ACCESS,N,2006.0,105.003719532799
STRANGE ST,01-Non intersection,02-Thru lane,01-Clear,01-Daylight,MIDBLOCK,Monday,February,0,STRANGE ST,2,ROAD,MINOR,7.0,16.0,PAVED,TwoWay,PAVED,3,50,NO ACCESS,N,2007.0,360.578277718557
BUSH CLOVER CRES,04-At/near private drive,02-Thru lane,01-Clear,01-Daylight,MIDBLOCK,Saturday,October,1,BUSH CLOVER CRES,2,ROAD,LOCAL,8.0,20.0,PAVED,TwoWay,PAVED,6,50,NO ACCESS,N,1997.0,467.827929003605
BUSH CLOVER CRES,04-At/near private drive,02-Thru lane,01-Clear,01-Daylight,MIDBLOCK,Saturday,October,1,BUSH CLOVER CRES,2,ROAD,LOCAL,9.0,20.0,PAVED,TwoWay,PAVED,6,50,NO ACCESS,N,1997.0,149.917052810611
BUSH CLOVER CRES,04-At/near private drive,02-Thru lane,01-Clear,01-Daylight,MIDBLOCK,Saturday,March,1,BUSH CLOVER CRES,2,ROAD,LOCAL,8.0,20.0,PAVED,TwoWay,PAVED,6,50,NO ACCESS,N,1997.0,467.827929003605
BUSH CLOVER CRES,04-At/near private drive,02-Thru lane,01-Clear,01-Daylight,MIDBLOCK,Saturday,March,1,BUSH CLOVER CRES,2,ROAD,LOCAL,9.0,20.0,PAVED,TwoWay,PAVED,6,50,NO ACCESS,N,1997.0,149.917052810611
BUSH CLOVER CRES,04-At/near private drive,02-Thru lane,01-Clear,"08-Dark, artificial",MIDBLOCK,Sunday,December,1,BUSH CLOVER CRES,2,ROAD,LOCAL,8.0,20.0,PAVED,TwoWay,PAVED,6,50,NO ACCESS,N,1997.0,467.827929003605
BUSH CLOVER CRES,04-At/near private drive,02-Thru lane,01-Clear,"08-Dark, artificial",MIDBLOCK,Sunday,December,1,BUSH CLOVER CRES,2,ROAD,LOCAL,9.0,20.0,PAVED,TwoWay,PAVED,6,50,NO ACCESS,N,1997.0,149.917052810611
BUSH CLOVER CRES,04-At/near private drive,11-Not on roadway - right side,01-Clear,"08-Dark, artificial",MIDBLOCK,Saturday,October,1,BUSH CLOVER CRES,2,ROAD,LOCAL,8.0,20.0,PAVED,TwoWay,PAVED,6,50,NO ACCESS,N,1997.0,467.827929003605
BUSH CLOVER CRES,04-At/near private drive,11-Not on roadway - right side,01-Clear,"08-Dark, artificial",MIDBLOCK,Saturday,October,1,BUSH CLOVER CRES,2,ROAD,LOCAL,9.0,20.0,PAVED,TwoWay,PAVED,6,50,NO ACCESS,N,1997.0,149.917052810611
BUSH CLOVER CRES,04-At/near private drive,02-Thru lane,01-Clear,01-Daylight,MIDBLOCK,Wednesday,June,0,BUSH CLOVER CRES,2,ROAD,LOCAL,8.0,20.0,PAVED,TwoWay,PAVED,6,50,NO ACCESS,N,1997.0,467.827929003605
BUSH CLOVER CRES,04-At/near private drive,02-Thru lane,01-Clear,01-Daylight,MIDBLOCK,Wednesday,June,0,BUSH CLOVER CRES,2,ROAD,LOCAL,9.0,20.0,PAVED,TwoWay,PAVED,6,50,NO ACCESS,N,1997.0,149.917052810611
LANG CRES,01-Non intersection,11-Not on roadway - right side,01-Clear,01-Daylight,MIDBLOCK,Monday,April,0,LANG CRES,2,ROAD,LOCAL,7.0,20.0,PAVED,TwoWay,PAVED,6,50,NO ACCESS,N,1929.0,287.421798960574
LANG CRES,01-Non intersection,11-Not on roadway - right side,01-Clear,01-Daylight,MIDBLOCK,Monday,April,0,LANG CRES,2,ROAD,LOCAL,7.0,20.0,PAVED,TwoWay,PAVED,6,50,NO ACCESS,N,1962.0,209.54824126616901
LANG CRES,01-Non intersection,11-Not on roadway - right side,01-Clear,01-Daylight,MIDBLOCK,Monday,April,0,LANG CRES,2,ROAD,LOCAL,7.0,12.0,PAVED,TwoWay,PAVED,6,50,NO ACCESS,N,1910.0,334.50638879181304
LANG CRES,01-Non intersection,02-Thru lane,01-Clear,01-Daylight,MIDBLOCK,Monday,September,0,LANG CRES,2,ROAD,LOCAL,7.0,20.0,PAVED,TwoWay,PAVED,6,50,NO ACCESS,N,1929.0,287.421798960574
LANG CRES,01-Non intersection,02-Thru lane,01-Clear,01-Daylight,MIDBLOCK,Monday,September,0,LANG CRES,2,ROAD,LOCAL,7.0,20.0,PAVED,TwoWay,PAVED,6,50,NO ACCESS,N,1962.0,209.54824126616901
LANG CRES,01-Non intersection,02-Thru lane,01-Clear,01-Daylight,MIDBLOCK,Monday,September,0,LANG CRES,2,ROAD,LOCAL,7.0,12.0,PAVED,TwoWay,PAVED,6,50,NO ACCESS,N,1910.0,334.50638879181304
HACKBERRY ST,04-At/near private drive,02-Thru lane,03-Snow,"08-Dark, artificial",MIDBLOCK,Tuesday,January,0,HACKBERRY ST,2,ROAD,LOCAL,9.0,18.0,PAVED,TwoWay,PAVED,6,50,NO ACCESS,N,1997.0,288.105438467362
HACKBERRY ST,04-At/near private drive,11-Not on roadway - right side,01-Clear,05-Dusk,MIDBLOCK,Monday,June,0,HACKBERRY ST,2,ROAD,LOCAL,9.0,18.0,PAVED,TwoWay,PAVED,6,50,NO ACCESS,N,1997.0,288.105438467362
HACKBERRY ST,04-At/near private drive,02-Thru lane,01-Clear,01-Daylight,MIDBLOCK,Thursday,April,0,HACKBERRY ST,2,ROAD,LOCAL,9.0,18.0,PAVED,TwoWay,PAVED,6,50,NO ACCESS,N,1997.0,288.105438467362
HACKBERRY ST,04-At/near private drive,02-Thru lane,02-Rain,07-Dark,MIDBLOCK,Sunday,December,1,HACKBERRY ST,2,ROAD,LOCAL,9.0,18.0,PAVED,TwoWay,PAVED,6,50,NO ACCESS,N,1997.0,288.105438467362
HACKBERRY ST,01-Non intersection,02-Thru lane,01-Clear,01-Daylight,MIDBLOCK,Tuesday,February,0,HACKBERRY ST,2,ROAD,LOCAL,9.0,18.0,PAVED,TwoWay,PAVED,6,50,NO ACCESS,N,1997.0,288.105438467362
ROSEMOUNT DR,01-Non intersection,02-Thru lane,01-Clear,01-Daylight,MIDBLOCK,Monday,March,0,ROSEMOUNT DR,2,ROAD,LOCAL,8.0,20.0,PAVED,TwoWay,PAVED,6,50,NO ACCESS,N,1958.0,236.46125524060002
ROSEMOUNT DR,01-Non intersection,02-Thru lane,01-Clear,01-Daylight,MIDBLOCK,Monday,March,0,ROSEMOUNT DR,2,ROAD,LOCAL,9.0,20.0,PAVED,TwoWay,PAVED,6,50,NO ACCESS,N,1953.0,37.3225401461293
ROSEMOUNT DR,01-Non intersection,02-Thru lane,01-Clear,01-Daylight,MIDBLOCK,Monday,March,0,ROSEMOUNT DR,2,ROAD,LOCAL,8.0,20.0,PAVED,TwoWay,PAVED,6,50,NO ACCESS,N,1953.0,97.8526153068107
ROSEMOUNT DR,01-Non intersection,02-Thru lane,01-Clear,01-Daylight,MIDBLOCK,Monday,March,0,ROSEMOUNT DR,2,ROAD,LOCAL,9.0,20.0,PAVED,TwoWay,PAVED,6,50,NO ACCESS,N,1953.0,58.693991727966996
ROSEMOUNT DR,01-Non intersection,02-Thru lane,01-Clear,01-Daylight,MIDBLOCK,Monday,March,0,ROSEMOUNT DR,2,ROAD,LOCAL,9.0,20.0,PAVED,TwoWay,PAVED,6,50,NO ACCESS,N,1958.0,193.664725321739
ROSEMOUNT DR,01-Non intersection,02-Thru lane,01-Clear,01-Daylight,MIDBLOCK,Monday,March,0,ROSEMOUNT DR,2,ROAD,LOCAL,8.0,20.0,PAVED,TwoWay,PAVED,6,50,NO ACCESS,N,1952.0,157.946990539559
ROSEMOUNT DR,01-Non intersection,02-Thru lane,01-Clear,01-Daylight,MIDBLOCK,Thursday,April,0,ROSEMOUNT DR,2,ROAD,LOCAL,8.0,20.0,PAVED,TwoWay,PAVED,6,50,NO ACCESS,N,1958.0,236.46125524060002
ROSEMOUNT DR,01-Non intersection,02-Thru lane,01-Clear,01-Daylight,MIDBLOCK,Thursday,April,0,ROSEMOUNT DR,2,ROAD,LOCAL,9.0,20.0,PAVED,TwoWay,PAVED,6,50,NO ACCESS,N,1953.0,37.3225401461293
ROSEMOUNT DR,01-Non intersection,02-Thru lane,01-Clear,01-Daylight,MIDBLOCK,Thursday,April,0,ROSEMOUNT DR,2,ROAD,LOCAL,8.0,20.0,PAVED,TwoWay,PAVED,6,50,NO ACCESS,N,1953.0,97.8526153068107
ROSEMOUNT DR,01-Non intersection,02-Thru lane,01-Clear,01-Daylight,MIDBLOCK,Thursday,April,0,ROSEMOUNT DR,2,ROAD,LOCAL,9.0,20.0,PAVED,TwoWay,PAVED,6,50,NO ACCESS,N,1953.0,58.693991727966996
ROSEMOUNT DR,01-Non intersection,02-Thru lane,01-Clear,01-Daylight,MIDBLOCK,Thursday,April,0,ROSEMOUNT DR,2,ROAD,LOCAL,9.0,20.0,PAVED,TwoWay,PAVED,6,50,NO ACCESS,N,1958.0,193.664725321739
ROSEMOUNT DR,01-Non intersection,02-Thru lane,01-Clear,01-Daylight,MIDBLOCK,Thursday,April,0,ROSEMOUNT DR,2,ROAD,LOCAL,8.0,20.0,PAVED,TwoWay,PAVED,6,50,NO ACCESS,N,1952.0,157.946990539559
ROSEMOUNT DR,01-Non intersection,02-Thru lane,03-Snow,"08-Dark, artificial",MIDBLOCK,Monday,December,0,ROSEMOUNT DR,2,ROAD,LOCAL,8.0,20.0,PAVED,TwoWay,PAVED,6,50,NO ACCESS,N,1958.0,236.46125524060002
ROSEMOUNT DR,01-Non intersection,02-Thru lane,03-Snow,"08-Dark, artificial",MIDBLOCK,Monday,December,0,ROSEMOUNT DR,2,ROAD,LOCAL,9.0,20.0,PAVED,TwoWay,PAVED,6,50,NO ACCESS,N,1953.0,37.3225401461293
ROSEMOUNT DR,01-Non intersection,02-Thru lane,03-Snow,"08-Dark, artificial",MIDBLOCK,Monday,December,0,ROSEMOUNT DR,2,ROAD,LOCAL,8.0,20.0,PAVED,TwoWay,PAVED,6,50,NO ACCESS,N,1953.0,97.8526153068107
ROSEMOUNT DR,01-Non intersection,02-Thru lane,03-Snow,"08-Dark, artificial",MIDBLOCK,Monday,December,0,ROSEMOUNT DR,2,ROAD,LOCAL,9.0,20.0,PAVED,TwoWay,PAVED,6,50,NO ACCESS,N,1953.0,58.693991727966996
ROSEMOUNT DR,01-Non intersection,02-Thru lane,03-Snow,"08-Dark, artificial",MIDBLOCK,Monday,December,0,ROSEMOUNT DR,2,ROAD,LOCAL,9.0,20.0,PAVED,TwoWay,PAVED,6,50,NO ACCESS,N,1958.0,193.664725321739
ROSEMOUNT DR,01-Non intersection,02-Thru lane,03-Snow,"08-Dark, artificial",MIDBLOCK,Monday,December,0,ROSEMOUNT DR,2,ROAD,LOCAL,8.0,20.0,PAVED,TwoWay,PAVED,6,50,NO ACCESS,N,1952.0,157.946990539559
ROSEMOUNT DR,04-At/near private drive,02-Thru lane,01-Clear,"08-Dark, artificial",MIDBLOCK,Tuesday,April,0,ROSEMOUNT DR,2,ROAD,LOCAL,8.0,20.0,PAVED,TwoWay,PAVED,6,50,NO ACCESS,N,1958.0,236.46125524060002
ROSEMOUNT DR,04-At/near private drive,02-Thru lane,01-Clear,"08-Dark, artificial",MIDBLOCK,Tuesday,April,0,ROSEMOUNT DR,2,ROAD,LOCAL,9.0,20.0,PAVED,TwoWay,PAVED,6,50,NO ACCESS,N,1953.0,37.3225401461293
ROSEMOUNT DR,04-At/near private drive,02-Thru lane,01-Clear,"08-Dark, artificial",MIDBLOCK,Tuesday,April,0,ROSEMOUNT DR,2,ROAD,LOCAL,8.0,20.0,PAVED,TwoWay,PAVED,6,50,NO ACCESS,N,1953.0,97.8526153068107
ROSEMOUNT DR,04-At/near private drive,02-Thru lane,01-Clear,"08-Dark, artificial",MIDBLOCK,Tuesday,April,0,ROSEMOUNT DR,2,ROAD,LOCAL,9.0,20.0,PAVED,TwoWay,PAVED,6,50,NO ACCESS,N,1953.0,58.693991727966996
ROSEMOUNT DR,04-At/near private drive,02-Thru lane,01-Clear,"08-Dark, artificial",MIDBLOCK,Tuesday,April,0,ROSEMOUNT DR,2,ROAD,LOCAL,9.0,20.0,PAVED,TwoWay,PAVED,6,50,NO ACCESS,N,1958.0,193.664725321739
ROSEMOUNT DR,04-At/near private drive,02-Thru lane,01-Clear,"08-Dark, artificial",MIDBLOCK,Tuesday,April,0,ROSEMOUNT DR,2,ROAD,LOCAL,8.0,20.0,PAVED,TwoWay,PAVED,6,50,NO ACCESS,N,1952.0,157.946990539559
HURON RD,07-Overpass or bridge,02-Thru lane,03-Snow,01-Daylight,MIDBLOCK,Friday,February,0,HURON RD,2,ROAD,LOCAL,8.0,16.0,PAVED,TwoWay,PAVED,4,50,24HR,N,1951.0,488.2924978673549
HURON RD,01-Non intersection,02-Thru lane,01-Clear,01-Daylight,MIDBLOCK,Monday,May,0,HURON RD,2,ROAD,LOCAL,8.0,16.0,PAVED,TwoWay,PAVED,4,50,24HR,N,1951.0,488.2924978673549
HURON RD,01-Non intersection,11-Not on roadway - right side,03-Snow,01-Daylight,MIDBLOCK,Friday,February,0,HURON RD,2,ROAD,LOCAL,8.0,16.0,PAVED,TwoWay,PAVED,4,50,24HR,N,1951.0,488.2924978673549
HURON RD,01-Non intersection,11-Not on roadway - right side,01-Clear,01-Daylight,MIDBLOCK,Tuesday,August,0,HURON RD,2,ROAD,LOCAL,8.0,16.0,PAVED,TwoWay,PAVED,4,50,24HR,N,1951.0,488.2924978673549
HURON RD,01-Non intersection,02-Thru lane,01-Clear,"08-Dark, artificial",MIDBLOCK,Monday,March,0,HURON RD,2,ROAD,LOCAL,8.0,16.0,PAVED,TwoWay,PAVED,4,50,24HR,N,1951.0,488.2924978673549
HURON RD,01-Non intersection,02-Thru lane,03-Snow,07-Dark,MIDBLOCK,Friday,December,0,HURON RD,2,ROAD,LOCAL,8.0,16.0,PAVED,TwoWay,PAVED,4,50,24HR,N,1951.0,488.2924978673549
HURON RD,01-Non intersection,02-Thru lane,01-Clear,01-Daylight,MIDBLOCK,Friday,September,0,HURON RD,2,ROAD,LOCAL,8.0,16.0,PAVED,TwoWay,PAVED,4,50,24HR,N,1951.0,488.2924978673549
HURON RD,01-Non intersection,02-Thru lane,01-Clear,01-Daylight,MIDBLOCK,Saturday,May,1,HURON RD,2,ROAD,LOCAL,8.0,16.0,PAVED,TwoWay,PAVED,4,50,24HR,N,1951.0,488.2924978673549
HURON RD,01-Non intersection,02-Thru lane,01-Clear,01-Daylight,MIDBLOCK,Wednesday,July,0,HURON RD,2,ROAD,LOCAL,8.0,16.0,PAVED,TwoWay,PAVED,4,50,24HR,N,1951.0,488.2924978673549
HURON RD,01-Non intersection,02-Thru lane,01-Clear,07-Dark,MIDBLOCK,Tuesday,August,0,HURON RD,2,ROAD,LOCAL,8.0,16.0,PAVED,TwoWay,PAVED,4,50,24HR,N,1951.0,488.2924978673549
HURON RD,01-Non intersection,01-Within intersection,01-Clear,07-Dark,MIDBLOCK,Saturday,January,1,HURON RD,2,ROAD,LOCAL,8.0,16.0,PAVED,TwoWay,PAVED,4,50,24HR,N,1951.0,488.2924978673549
HURON RD,01-Non intersection,02-Thru lane,03-Snow,07-Dark,MIDBLOCK,Tuesday,March,0,HURON RD,2,ROAD,LOCAL,8.0,16.0,PAVED,TwoWay,PAVED,4,50,24HR,N,1951.0,488.2924978673549
HURON RD,04-At/near private drive,02-Thru lane,03-Snow,01-Daylight,MIDBLOCK,Tuesday,February,0,HURON RD,2,ROAD,LOCAL,8.0,16.0,PAVED,TwoWay,PAVED,4,50,24HR,N,1951.0,488.2924978673549
HURON RD,01-Non intersection,10-Not on roadway - left side,03-Snow,01-Daylight,MIDBLOCK,Tuesday,November,0,HURON RD,2,ROAD,LOCAL,8.0,16.0,PAVED,TwoWay,PAVED,4,50,24HR,N,1951.0,488.2924978673549