LOCATION,ACCIDENT_LOCATION,IMPACT_LOCATION,ENVIRONMENT_CONDITION,LIGHT,COLLISION_TYPE,DAY_OF_WEEK,MONTH,IS_WEEKEND,STREET,LANES,CATEGORY,SUBCATEGORY,PAVEMENT_WIDTH,ROW_WIDTH,SHOULDER,FLOW_DIRECTION,SURFACE_LAYER_TYPE,OFFICIAL_ROAD_CLASSIFICATION,SPEED_LIMIT_KM,TRUCK_ACCESS,BUS_ROUTE,SERVICE_YEAR,Shape__Length
HURON RD,01-Non intersection,12-Off highway,01-Clear,01-Daylight,MIDBLOCK,Saturday,December,1,HURON RD,2,ROAD,LOCAL,8.0,16.0,PAVED,TwoWay,PAVED,4,50,24HR,N,1951.0,488.2924978673549
HURON RD,01-Non intersection,02-Thru lane,01-Clear,01-Daylight,MIDBLOCK,Saturday,November,1,HURON RD,2,ROAD,LOCAL,8.0,16.0,PAVED,TwoWay,PAVED,4,50,24HR,N,1951.0,488.2924978673549
HURON RD,99-Other,12-Off highway,01-Clear,01-Daylight,MIDBLOCK,Thursday,June,0,HURON RD,2,ROAD,LOCAL,8.0,16.0,PAVED,TwoWay,PAVED,4,50,24HR,N,1951.0,488.2924978673549
HURON RD,04-At/near private drive,02-Thru lane,02-Rain,01-Daylight,MIDBLOCK,Friday,November,0,HURON RD,2,ROAD,LOCAL,8.0,16.0,PAVED,TwoWay,PAVED,4,50,24HR,N,1951.0,488.2924978673549
HURON RD,04-At/near private drive,02-Thru lane,03-Snow,01-Daylight,MIDBLOCK,Wednesday,February,0,HURON RD,2,ROAD,LOCAL,8.0,16.0,PAVED,TwoWay,PAVED,4,50,24HR,N,1951.0,488.2924978673549
HURON RD,01-Non intersection,02-Thru lane,01-Clear,"08-Dark, artificial",MIDBLOCK,Saturday,February,1,HURON RD,2,ROAD,LOCAL,8.0,16.0,PAVED,TwoWay,PAVED,4,50,24HR,N,1951.0,488.2924978673549
HURON RD,01-Non intersection,02-Thru lane,01-Clear,07-Dark,MIDBLOCK,Saturday,June,1,HURON RD,2,ROAD,LOCAL,8.0,16.0,PAVED,TwoWay,PAVED,4,50,24HR,N,1951.0,488.2924978673549
HURON RD,01-Non intersection,02-Thru lane,01-Clear,07-Dark,MIDBLOCK,Sunday,October,1,HURON RD,2,ROAD,LOCAL,8.0,16.0,PAVED,TwoWay,PAVED,4,50,24HR,N,1951.0,488.2924978673549
HURON RD,01-Non intersection,02-Thru lane,01-Clear,01-Daylight,MIDBLOCK,Monday,April,0,HURON RD,2,ROAD,LOCAL,8.0,16.0,PAVED,TwoWay,PAVED,4,50,24HR,N,1951.0,488.2924978673549
HURON RD,01-Non intersection,02-Thru lane,01-Clear,"08-Dark, artificial",MIDBLOCK,Sunday,July,1,HURON RD,2,ROAD,LOCAL,8.0,16.0,PAVED,TwoWay,PAVED,4,50,24HR,N,1951.0,488.2924978673549
HURON RD,01-Non intersection,02-Thru lane,01-Clear,01-Daylight,MIDBLOCK,Wednesday,June,0,HURON RD,2,ROAD,LOCAL,8.0,16.0,PAVED,TwoWay,PAVED,4,50,24HR,N,1951.0,488.2924978673549
HURON RD,07-Overpass or bridge,09-Right shoulder,01-Clear,"08-Dark, artificial",MIDBLOCK,Sunday,April,1,HURON RD,2,ROAD,LOCAL,8.0,16.0,PAVED,TwoWay,PAVED,4,50,24HR,N,1951.0,488.2924978673549
HURON RD,01-Non intersection,12-Off highway,01-Clear,01-Daylight,MIDBLOCK,Sunday,December,1,HURON RD,2,ROAD,LOCAL,8.0,16.0,PAVED,TwoWay,PAVED,4,50,24HR,N,1951.0,488.2924978673549
HURON RD,99-Other,12-Off highway,03-Snow,07-Dark,MIDBLOCK,Saturday,December,1,HURON RD,2,ROAD,LOCAL,8.0,16.0,PAVED,TwoWay,PAVED,4,50,24HR,N,1951.0,488.2924978673549
HURON RD,01-Non intersection,02-Thru lane,01-Clear,01-Daylight,MIDBLOCK,Tuesday,June,0,HURON RD,2,ROAD,LOCAL,8.0,16.0,PAVED,TwoWay,PAVED,4,50,24HR,N,1951.0,488.2924978673549
HURON RD,01-Non intersection,02-Thru lane,03-Snow,01-Daylight,MIDBLOCK,Saturday,February,1,HURON RD,2,ROAD,LOCAL,8.0,16.0,PAVED,TwoWay,PAVED,4,50,24HR,N,1951.0,488.2924978673549
HURON RD,01-Non intersection,10-Not on roadway - left side,05-Drifting Snow,01-Daylight,MIDBLOCK,Friday,April,0,HURON RD,2,ROAD,LOCAL,8.0,16.0,PAVED,TwoWay,PAVED,4,50,24HR,N,1951.0,488.2924978673549
HURON RD,01-Non intersection,02-Thru lane,01-Clear,01-Daylight,MIDBLOCK,Friday,August,0,HURON RD,2,ROAD,LOCAL,8.0,16.0,PAVED,TwoWay,PAVED,4,50,24HR,N,1951.0,488.2924978673549
HURON RD,04-At/near private drive,02-Thru lane,01-Clear,05-Dusk,MIDBLOCK,Wednesday,November,0,HURON RD,2,ROAD,LOCAL,8.0,16.0,PAVED,TwoWay,PAVED,4,50,24HR,N,1951.0,488.2924978673549
HURON RD,01-Non intersection,10-Not on roadway - left side,01-Clear,07-Dark,MIDBLOCK,Friday,November,0,HURON RD,2,ROAD,LOCAL,8.0,16.0,PAVED,TwoWay,PAVED,4,50,24HR,N,1951.0,488.2924978673549
HURON RD,01-Non intersection,11-Not on roadway - right side,05-Drifting Snow,01-Daylight,MIDBLOCK,Tuesday,March,0,HURON RD,2,ROAD,LOCAL,8.0,16.0,PAVED,TwoWay,PAVED,4,50,24HR,N,1951.0,488.2924978673549
GREEN VALLEY DR,01-Non intersection,02-Thru lane,03-Snow,"08-Dark, artificial",MIDBLOCK,Thursday,January,0,GREEN VALLEY DR,2,ROAD,LOCAL,10.0,20.0,PAVED,TwoWay,PAVED,6,50,NO ACCESS,N,1971.0,549.629538080741
GREEN VALLEY DR,01-Non intersection,02-Thru lane,03-Snow,"08-Dark, artificial",MIDBLOCK,Thursday,January,0,GREEN VALLEY DR,2,ROAD,LOCAL,10.0,20.0,PAVED,TwoWay,PAVED,6,50,NO ACCESS,Y,1971.0,154.135405147953
GREEN VALLEY DR,01-Non intersection,02-Thru lane,03-Snow,"08-Dark, artificial",MIDBLOCK,Thursday,January,0,GREEN VALLEY DR,2,ROAD,LOCAL,10.0,20.0,PAVED,TwoWay,PAVED,6,50,NO ACCESS,Y,1971.0,171.543646093151
GREEN VALLEY DR,01-Non intersection,02-Thru lane,03-Snow,"08-Dark, artificial",MIDBLOCK,Thursday,January,0,GREEN VALLEY DR,2,ROAD,LOCAL,10.0,20.0,PAVED,TwoWay,PAVED,6,50,NO ACCESS,Y,1971.0,170.21155135188
GREEN VALLEY DR,01-Non intersection,02-Thru lane,01-Clear,01-Daylight,MIDBLOCK,Wednesday,June,0,GREEN VALLEY DR,2,ROAD,LOCAL,10.0,20.0,PAVED,TwoWay,PAVED,6,50,NO ACCESS,N,1971.0,549.629538080741
GREEN VALLEY DR,01-Non intersection,02-Thru lane,01-Clear,01-Daylight,MIDBLOCK,Wednesday,June,0,GREEN VALLEY DR,2,ROAD,LOCAL,10.0,20.0,PAVED,TwoWay,PAVED,6,50,NO ACCESS,Y,1971.0,154.135405147953
GREEN VALLEY DR,01-Non intersection,02-Thru lane,01-Clear,01-Daylight,MIDBLOCK,Wednesday,June,0,GREEN VALLEY DR,2,ROAD,LOCAL,10.0,20.0,PAVED,TwoWay,PAVED,6,50,NO ACCESS,Y,1971.0,171.543646093151
GREEN VALLEY DR,01-Non intersection,02-Thru lane,01-Clear,01-Daylight,MIDBLOCK,Wednesday,June,0,GREEN VALLEY DR,2,ROAD,LOCAL,10.0,20.0,PAVED,TwoWay,PAVED,6,50,NO ACCESS,Y,1971.0,170.21155135188
GREEN VALLEY DR,01-Non intersection,02-Thru lane,01-Clear,01-Daylight,MIDBLOCK,Thursday,October,0,GREEN VALLEY DR,2,ROAD,LOCAL,10.0,20.0,PAVED,TwoWay,PAVED,6,50,NO ACCESS,N,1971.0,549.629538080741
GREEN VALLEY DR,01-Non intersection,02-Thru lane,01-Clear,01-Daylight,MIDBLOCK,Thursday,October,0,GREEN VALLEY DR,2,ROAD,LOCAL,10.0,20.0,PAVED,TwoWay,PAVED,6,50,NO ACCESS,Y,1971.0,154.135405147953
GREEN VALLEY DR,01-Non intersection,02-Thru lane,01-Clear,01-Daylight,MIDBLOCK,Thursday,October,0,GREEN VALLEY DR,2,ROAD,LOCAL,10.0,20.0,PAVED,TwoWay,PAVED,6,50,NO ACCESS,Y,1971.0,171.543646093151
GREEN VALLEY DR,01-Non intersection,02-Thru lane,01-Clear,01-Daylight,MIDBLOCK,Thursday,October,0,GREEN VALLEY DR,2,ROAD,LOCAL,10.0,20.0,PAVED,TwoWay,PAVED,6,50,NO ACCESS,Y,1971.0,170.21155135188
GREEN VALLEY DR,01-Non intersection,02-Thru lane,01-Clear,01-Daylight,MIDBLOCK,Monday,March,0,GREEN VALLEY DR,2,ROAD,LOCAL,10.0,20.0,PAVED,TwoWay,PAVED,6,50,NO ACCESS,N,1971.0,549.629538080741
GREEN VALLEY DR,01-Non intersection,02-Thru lane,01-Clear,01-Daylight,MIDBLOCK,Monday,March,0,GREEN VALLEY DR,2,ROAD,LOCAL,10.0,20.0,PAVED,TwoWay,PAVED,6,50,NO ACCESS,Y,1971.0,154.135405147953
GREEN VALLEY DR,01-Non intersection,02-Thru lane,01-Clear,01-Daylight,MIDBLOCK,Monday,March,0,GREEN VALLEY DR,2,ROAD,LOCAL,10.0,20.0,PAVED,TwoWay,PAVED,6,50,NO ACCESS,Y,1971.0,171.543646093151
GREEN VALLEY DR,01-Non intersection,02-Thru lane,01-Clear,01-Daylight,MIDBLOCK,Monday,March,0,GREEN VALLEY DR,2,ROAD,LOCAL,10.0,20.0,PAVED,TwoWay,PAVED,6,50,NO ACCESS,Y,1971.0,170.21155135188
GREEN VALLEY DR,04-At/near private drive,02-Thru lane,01-Clear,01-Daylight,MIDBLOCK,Thursday,March,0,GREEN VALLEY DR,2,ROAD,LOCAL,10.0,20.0,PAVED,TwoWay,PAVED,6,50,NO ACCESS,N,1971.0,549.629538080741
GREEN VALLEY DR,04-At/near private drive,02-Thru lane,01-Clear,01-Daylight,MIDBLOCK,Thursday,March,0,GREEN VALLEY DR,2,ROAD,LOCAL,10.0,20.0,PAVED,TwoWay,PAVED,6,50,NO ACCESS,Y,1971.0,154.135405147953
GREEN VALLEY DR,04-At/near private drive,02-Thru lane,01-Clear,01-Daylight,MIDBLOCK,Thursday,March,0,GREEN VALLEY DR,2,ROAD,LOCAL,10.0,20.0,PAVED,TwoWay,PAVED,6,50,NO ACCESS,Y,1971.0,171.543646093151
GREEN VALLEY DR,04-At/near private drive,02-Thru lane,01-Clear,01-Daylight,MIDBLOCK,Thursday,March,0,GREEN VALLEY DR,2,ROAD,LOCAL,10.0,20.0,PAVED,TwoWay,PAVED,6,50,NO ACCESS,Y,1971.0,170.21155135188
GREEN VALLEY DR,04-At/near private drive,12-Off highway,06-Strong wind,01-Daylight,MIDBLOCK,Sunday,February,1,GREEN VALLEY DR,2,ROAD,LOCAL,10.0,20.0,PAVED,TwoWay,PAVED,6,50,NO ACCESS,N,1971.0,549.629538080741
GREEN VALLEY DR,04-At/near private drive,12-Off highway,06-Strong wind,01-Daylight,MIDBLOCK,Sunday,February,1,GREEN VALLEY DR,2,ROAD,LOCAL,10.0,20.0,PAVED,TwoWay,PAVED,6,50,NO ACCESS,Y,1971.0,154.135405147953
GREEN VALLEY DR,04-At/near private drive,12-Off highway,06-Strong wind,01-Daylight,MIDBLOCK,Sunday,February,1,GREEN VALLEY DR,2,ROAD,LOCAL,10.0,20.0,PAVED,TwoWay,PAVED,6,50,NO ACCESS,Y,1971.0,171.543646093151
GREEN VALLEY DR,04-At/near private drive,12-Off highway,06-Strong wind,01-Daylight,MIDBLOCK,Sunday,February,1,GREEN VALLEY DR,2,ROAD,LOCAL,10.0,20.0,PAVED,TwoWay,PAVED,6,50,NO ACCESS,Y,1971.0,170.21155135188
GREEN VALLEY DR,04-At/near private drive,02-Thru lane,01-Clear,01-Daylight,MIDBLOCK,Friday,November,0,GREEN VALLEY DR,2,ROAD,LOCAL,10.0,20.0,PAVED,TwoWay,PAVED,6,50,NO ACCESS,N,1971.0,549.629538080741
GREEN VALLEY DR,04-At/near private drive,02-Thru lane,01-Clear,01-Daylight,MIDBLOCK,Friday,November,0,GREEN VALLEY DR,2,ROAD,LOCAL,10.0,20.0,PAVED,TwoWay,PAVED,6,50,NO ACCESS,Y,1971.0,154.135405147953
GREEN VALLEY DR,04-At/near private drive,02-Thru lane,01-Clear,01-Daylight,MIDBLOCK,Friday,November,0,GREEN VALLEY DR,2,ROAD,LOCAL,10.0,20.0,PAVED,TwoWay,PAVED,6,50,NO ACCESS,Y,1971.0,171.543646093151
GREEN VALLEY DR,04-At/near private drive,02-Thru lane,01-Clear,01-Daylight,MIDBLOCK,Friday,November,0,GREEN VALLEY DR,2,ROAD,LOCAL,10.0,20.0,PAVED,TwoWay,PAVED,6,50,NO ACCESS,Y,1971.0,170.21155135188
GREEN VALLEY DR,01-Non intersection,02-Thru lane,01-Clear,"08-Dark, artificial",MIDBLOCK,Sunday,January,1,GREEN VALLEY DR,2,ROAD,LOCAL,10.0,20.0,PAVED,TwoWay,PAVED,6,50,NO ACCESS,N,1971.0,549.629538080741
GREEN VALLEY DR,01-Non intersection,02-Thru lane,01-Clear,"08-Dark, artificial",MIDBLOCK,Sunday,January,1,GREEN VALLEY DR,2,ROAD,LOCAL,10.0,20.0,PAVED,TwoWay,PAVED,6,50,NO ACCESS,Y,1971.0,154.135405147953
GREEN VALLEY DR,01-Non intersection,02-Thru lane,01-Clear,"08-Dark, artificial",MIDBLOCK,Sunday,January,1,GREEN VALLEY DR,2,ROAD,LOCAL,10.0,20.0,PAVED,TwoWay,PAVED,6,50,NO ACCESS,Y,1971.0,171.543646093151
GREEN VALLEY DR,01-Non intersection,02-Thru lane,01-Clear,"08-Dark, artificial",MIDBLOCK,Sunday,January,1,GREEN VALLEY DR,2,ROAD,LOCAL,10.0,20.0,PAVED,TwoWay,PAVED,6,50,NO ACCESS,Y,1971.0,170.21155135188
GREEN VALLEY DR,01-Non intersection,11-Not on roadway - right side,03-Snow,"02-Daylight, artificial",MIDBLOCK,Monday,February,0,GREEN VALLEY DR,2,ROAD,LOCAL,10.0,20.0,PAVED,TwoWay,PAVED,6,50,NO ACCESS,N,1971.0,549.629538080741
GREEN VALLEY DR,01-Non intersection,11-Not on roadway - right side,03-Snow,"02-Daylight, artificial",MIDBLOCK,Monday,February,0,GREEN VALLEY DR,2,ROAD,LOCAL,10.0,20.0,PAVED,TwoWay,PAVED,6,50,NO ACCESS,Y,1971.0,154.135405147953
GREEN VALLEY DR,01-Non intersection,11-Not on roadway - right side,03-Snow,"02-Daylight, artificial",MIDBLOCK,Monday,February,0,GREEN VALLEY DR,2,ROAD,LOCAL,10.0,20.0,PAVED,TwoWay,PAVED,6,50,NO ACCESS,Y,1971.0,171.543646093151
GREEN VALLEY DR,01-Non intersection,11-Not on roadway - right side,03-Snow,"02-Daylight, artificial",MIDBLOCK,Monday,February,0,GREEN VALLEY DR,2,ROAD,LOCAL,10.0,20.0,PAVED,TwoWay,PAVED,6,50,NO ACCESS,Y,1971.0,170.21155135188
GREEN VALLEY DR,04-At/near private drive,02-Thru lane,01-Clear,01-Daylight,MIDBLOCK,Thursday,August,0,GREEN VALLEY DR,2,ROAD,LOCAL,10.0,20.0,PAVED,TwoWay,PAVED,6,50,NO ACCESS,N,1971.0,549.629538080741
GREEN VALLEY DR,04-At/near private drive,02-Thru lane,01-Clear,01-Daylight,MIDBLOCK,Thursday,August,0,GREEN VALLEY DR,2,ROAD,LOCAL,10.0,20.0,PAVED,TwoWay,PAVED,6,50,NO ACCESS,Y,1971.0,154.135405147953
GREEN VALLEY DR,04-At/near private drive,02-Thru lane,01-Clear,01-Daylight,MIDBLOCK,Thursday,August,0,GREEN VALLEY DR,2,ROAD,LOCAL,10.0,20.0,PAVED,TwoWay,PAVED,6,50,NO ACCESS,Y,1971.0,171.543646093151
GREEN VALLEY DR,04-At/near private drive,02-Thru lane,01-Clear,01-Daylight,MIDBLOCK,Thursday,August,0,GREEN VALLEY DR,2,ROAD,LOCAL,10.0,20.0,PAVED,TwoWay,PAVED,6,50,NO ACCESS,Y,1971.0,170.21155135188
GREEN VALLEY DR,01-Non intersection,02-Thru lane,01-Clear,01-Daylight,MIDBLOCK,Wednesday,July,0,GREEN VALLEY DR,2,ROAD,LOCAL,10.0,20.0,PAVED,TwoWay,PAVED,6,50,NO ACCESS,N,1971.0,549.629538080741
GREEN VALLEY DR,01-Non intersection,02-Thru lane,01-Clear,01-Daylight,MIDBLOCK,Wednesday,July,0,GREEN VALLEY DR,2,ROAD,LOCAL,10.0,20.0,PAVED,TwoWay,PAVED,6,50,NO ACCESS,Y,1971.0,154.135405147953
GREEN VALLEY DR,01-Non intersection,02-Thru lane,01-Clear,01-Daylight,MIDBLOCK,Wednesday,July,0,GREEN VALLEY DR,2,ROAD,LOCAL,10.0,20.0,PAVED,TwoWay,PAVED,6,50,NO ACCESS,Y,1971.0,171.543646093151
GREEN VALLEY DR,01-Non intersection,02-Thru lane,01-Clear,01-Daylight,MIDBLOCK,Wednesday,July,0,GREEN VALLEY DR,2,ROAD,LOCAL,10.0,20.0,PAVED,TwoWay,PAVED,6,50,NO ACCESS,Y,1971.0,170.21155135188
GREEN VALLEY DR,04-At/near private drive,02-Thru lane,01-Clear,01-Daylight,MIDBLOCK,Friday,January,0,GREEN VALLEY DR,2,ROAD,LOCAL,10.0,20.0,PAVED,TwoWay,PAVED,6,50,NO ACCESS,N,1971.0,549.629538080741
GREEN VALLEY DR,04-At/near private drive,02-Thru lane,01-Clear,01-Daylight,MIDBLOCK,Friday,January,0,GREEN VALLEY DR,2,ROAD,LOCAL,10.0,20.0,PAVED,TwoWay,PAVED,6,50,NO ACCESS,Y,1971.0,154.135405147953
GREEN VALLEY DR,04-At/near private drive,02-Thru lane,01-Clear,01-Daylight,MIDBLOCK,Friday,January,0,GREEN VALLEY DR,2,ROAD,LOCAL,10.0,20.0,PAVED,TwoWay,PAVED,6,50,NO ACCESS,Y,1971.0,171.543646093151
GREEN VALLEY DR,04-At/near private drive,02-Thru lane,01-Clear,01-Daylight,MIDBLOCK,Friday,January,0,GREEN VALLEY DR,2,ROAD,LOCAL,10.0,20.0,PAVED,TwoWay,PAVED,6,50,NO ACCESS,Y,1971.0,170.21155135188
GREEN VALLEY DR,01-Non intersection,02-Thru lane,01-Clear,05-Dusk,MIDBLOCK,Wednesday,August,0,GREEN VALLEY DR,2,ROAD,LOCAL,10.0,20.0,PAVED,TwoWay,PAVED,6,50,NO ACCESS,N,1971.0,549.629538080741
GREEN VALLEY DR,01-Non intersection,02-Thru lane,01-Clear,05-Dusk,MIDBLOCK,Wednesday,August,0,GREEN VALLEY DR,2,ROAD,LOCAL,10.0,20.0,PAVED,TwoWay,PAVED,6,50,NO ACCESS,Y,1971.0,154.135405147953
GREEN VALLEY DR,01-Non intersection,02-Thru lane,01-Clear,05-Dusk,MIDBLOCK,Wednesday,August,0,GREEN VALLEY DR,2,ROAD,LOCAL,10.0,20.0,PAVED,TwoWay,PAVED,6,50,NO ACCESS,Y,1971.0,171.543646093151
GREEN VALLEY DR,01-Non intersection,02-Thru lane,01-Clear,05-Dusk,MIDBLOCK,Wednesday,August,0,GREEN VALLEY DR,2,ROAD,LOCAL,10.0,20.0,PAVED,TwoWay,PAVED,6,50,NO ACCESS,Y,1971.0,170.21155135188
GREEN VALLEY DR,01-Non intersection,02-Thru lane,01-Clear,01-Daylight,MIDBLOCK,Tuesday,January,0,GREEN VALLEY DR,2,ROAD,LOCAL,10.0,20.0,PAVED,TwoWay,PAVED,6,50,NO ACCESS,N,1971.0,549.629538080741
GREEN VALLEY DR,01-Non intersection,02-Thru lane,01-Clear,01-Daylight,MIDBLOCK,Tuesday,January,0,GREEN VALLEY DR,2,ROAD,LOCAL,10.0,20.0,PAVED,TwoWay,PAVED,6,50,NO ACCESS,Y,1971.0,154.135405147953
GREEN VALLEY DR,01-Non intersection,02-Thru lane,01-Clear,01-Daylight,MIDBLOCK,Tuesday,January,0,GREEN VALLEY DR,2,ROAD,LOCAL,10.0,20.0,PAVED,TwoWay,PAVED,6,50,NO ACCESS,Y,1971.0,171.543646093151
GREEN VALLEY DR,01-Non intersection,02-Thru lane,01-Clear,01-Daylight,MIDBLOCK,Tuesday,January,0,GREEN VALLEY DR,2,ROAD,LOCAL,10.0,20.0,PAVED,TwoWay,PAVED,6,50,NO ACCESS,Y,1971.0,170.21155135188
GOUNDRY CRES,04-At/near private drive,09-Right shoulder,01-Clear,01-Daylight,MIDBLOCK,Friday,January,0,GOUNDRY CRES,2,ROAD,LOCAL,8.0,16.0,PAVED,TwoWay,PAVED,6,50,NO ACCESS,N,1985.0,220.44138513097
GOUNDRY CRES,04-At/near private drive,02-Thru lane,01-Clear,01-Daylight,MIDBLOCK,Tuesday,September,0,GOUNDRY CRES,2,ROAD,LOCAL,8.0,16.0,PAVED,TwoWay,PAVED,6,50,NO ACCESS,N,1985.0,220.44138513097
GOUNDRY CRES,01-Non intersection,02-Thru lane,01-Clear,03-Dawn,MIDBLOCK,Thursday,May,0,GOUNDRY CRES,2,ROAD,LOCAL,8.0,16.0,PAVED,TwoWay,PAVED,6,50,NO ACCESS,N,1985.0,220.44138513097
MARGARET AVE,01-Non intersection,02-Thru lane,01-Clear,01-Daylight,MIDBLOCK,Saturday,July,1,MARGARET AVE,3,ROAD,MAJOR,14.0,23.0,PAVED,TwoWay,PAVED,3,50,NO ACCESS,Y,2004.0,119.39195281918998
MARGARET AVE,01-Non intersection,02-Thru lane,01-Clear,01-Daylight,MIDBLOCK,Saturday,July,1,MARGARET AVE,3,ROAD,MAJOR,12.0,20.0,PAVED,TwoWay,PAVED,3,50,NO ACCESS,Y,1861.0,224.303881542271
MARGARET AVE,01-Non intersection,02-Thru lane,01-Clear,01-Daylight,MIDBLOCK,Saturday,July,1,MARGARET AVE,3,ROAD,MAJOR,12.0,20.0,PAVED,TwoWay,PAVED,3,50,NO ACCESS,Y,1861.0,99.9198268989028
MARGARET AVE,01-Non intersection,02-Thru lane,01-Clear,01-Daylight,MIDBLOCK,Saturday,July,1,MARGARET AVE,3,ROAD,MAJOR,14.0,23.0,PAVED,TwoWay,PAVED,3,50,NO ACCESS,Y,2004.0,102.25733225544901
MARGARET AVE,01-Non intersection,02-Thru lane,01-Clear,01-Daylight,MIDBLOCK,Saturday,July,1,MARGARET AVE,2,ROAD,MAJOR,14.0,23.0,PAVED,TwoWay,PAVED,3,50,NO ACCESS,Y,2006.0,21.268161650451
MARGARET AVE,01-Non intersection,02-Thru lane,01-Clear,01-Daylight,MIDBLOCK,Saturday,July,1,MARGARET AVE,3,ROAD,MAJOR,14.0,29.0,PAVED,TwoWay,PAVED,3,50,NO ACCESS,Y,1854.0,87.2925882659388
MARGARET AVE,01-Non intersection,02-Thru lane,01-Clear,01-Daylight,MIDBLOCK,Saturday,July,1,MARGARET AVE,3,ROAD,MAJOR,12.0,23.0,PAVED,TwoWay,PAVED,3,50,NO ACCESS,Y,1861.0,254.84879080148997
MARGARET AVE,01-Non intersection,02-Thru lane,01-Clear,01-Daylight,MIDBLOCK,Saturday,July,1,MARGARET AVE,3,ROAD,MAJOR,13.0,31.0,PAVED,TwoWay,PAVED,3,50,NO ACCESS,Y,1954.0,13.6240033263889
MARGARET AVE,01-Non intersection,02-Thru lane,01-Clear,01-Daylight,MIDBLOCK,Saturday,July,1,MARGARET AVE,3,ROAD,MAJOR,12.0,27.0,PAVED,TwoWay,PAVED,3,50,NO ACCESS,Y,1861.0,161.334735232561
MARGARET AVE,01-Non intersection,02-Thru lane,01-Clear,01-Daylight,MIDBLOCK,Saturday,July,1,MARGARET AVE,3,ROAD,MAJOR,13.0,27.0,PAVED,TwoWay,PAVED,3,50,NO ACCESS,Y,1861.0,76.940051675311
MARGARET AVE,01-Non intersection,02-Thru lane,01-Clear,01-Daylight,MIDBLOCK,Saturday,July,1,MARGARET AVE,3,ROAD,MAJOR,14.0,35.0,PAVED,TwoWay,PAVED,3,50,NO ACCESS,Y,1854.0,69.7246021722687
MARGARET AVE,01-Non intersection,02-Thru lane,01-Clear,01-Daylight,MIDBLOCK,Monday,May,0,MARGARET AVE,3,ROAD,MAJOR,14.0,23.0,PAVED,TwoWay,PAVED,3,50,NO ACCESS,Y,2004.0,119.39195281918998
MARGARET AVE,01-Non intersection,02-Thru lane,01-Clear,01-Daylight,MIDBLOCK,Monday,May,0,MARGARET AVE,3,ROAD,MAJOR,12.0,20.0,PAVED,TwoWay,PAVED,3,50,NO ACCESS,Y,1861.0,224.303881542271
MARGARET AVE,01-Non intersection,02-Thru lane,01-Clear,01-Daylight,MIDBLOCK,Monday,May,0,MARGARET AVE,3,ROAD,MAJOR,12.0,20.0,PAVED,TwoWay,PAVED,3,50,NO ACCESS,Y,1861.0,99.9198268989028
MARGARET AVE,01-Non intersection,02-Thru lane,01-Clear,01-Daylight,MIDBLOCK,Monday,May,0,MARGARET AVE,3,ROAD,MAJOR,14.0,23.0,PAVED,TwoWay,PAVED,3,50,NO ACCESS,Y,2004.0,102.25733225544901
MARGARET AVE,01-Non intersection,02-Thru lane,01-Clear,01-Daylight,MIDBLOCK,Monday,May,0,MARGARET AVE,2,ROAD,MAJOR,14.0,23.0,PAVED,TwoWay,PAVED,3,50,NO ACCESS,Y,2006.0,21.268161650451
MARGARET AVE,01-Non intersection,02-Thru lane,01-Clear,01-Daylight,MIDBLOCK,Monday,May,0,MARGARET AVE,3,ROAD,MAJOR,14.0,29.0,PAVED,TwoWay,PAVED,3,50,NO ACCESS,Y,1854.0,87.2925882659388
MARGARET AVE,01-Non intersection,02-Thru lane,01-Clear,01-Daylight,MIDBLOCK,Monday,May,0,MARGARET AVE,3,ROAD,MAJOR,12.0,23.0,PAVED,TwoWay,PAVED,3,50,NO ACCESS,Y,1861.0,254.84879080148997
MARGARET AVE,01-Non intersection,02-Thru lane,01-Clear,01-Daylight,MIDBLOCK,Monday,May,0,MARGARET AVE,3,ROAD,MAJOR,13.0,31.0,PAVED,TwoWay,PAVED,3,50,NO ACCESS,Y,1954.0,13.6240033263889
MARGARET AVE,01-Non intersection,02-Thru lane,01-Clear,01-Daylight,MIDBLOCK,Monday,May,0,MARGARET AVE,3,ROAD,MAJOR,12.0,27.0,PAVED,TwoWay,PAVED,3,50,NO ACCESS,Y,1861.0,161.334735232561
MARGARET AVE,01-Non intersection,02-Thru lane,01-Clear,01-Daylight,MIDBLOCK,Monday,May,0,MARGARET AVE,3,ROAD,MAJOR,13.0,27.0,PAVED,TwoWay,PAVED,3,50,NO ACCESS,Y,1861.0,76.940051675311
MARGARET AVE,01-Non intersection,02-Thru lane,01-Clear,01-Daylight,MIDBLOCK,Monday,May,0,MARGARET AVE,3,ROAD,MAJOR,14.0,35.0,PAVED,TwoWay,PAVED,3,50,NO ACCESS,Y,1854.0,69.7246021722687
MARGARET AVE,04-At/near private drive,02-Thru lane,01-Clear,01-Daylight,MIDBLOCK,Monday,June,0,MARGARET AVE,3,ROAD,MAJOR,14.0,23.0,PAVED,TwoWay,PAVED,3,50,NO ACCESS,Y,2004.0,119.39195281918998
MARGARET AVE,04-At/near private drive,02-Thru lane,01-Clear,01-Daylight,MIDBLOCK,Monday,June,0,MARGARET AVE,3,ROAD,MAJOR,12.0,20.0,PAVED,TwoWay,PAVED,3,50,NO ACCESS,Y,1861.0,224.303881542271
MARGARET AVE,04-At/near private drive,02-Thru lane,01-Clear,01-Daylight,MIDBLOCK,Monday,June,0,MARGARET AVE,3,ROAD,MAJOR,12.0,20.0,PAVED,TwoWay,PAVED,3,50,NO ACCESS,Y,1861.0,99.9198268989028