LOCATION,ACCIDENT_LOCATION,IMPACT_LOCATION,ENVIRONMENT_CONDITION,LIGHT,COLLISION_TYPE,DAY_OF_WEEK,MONTH,IS_WEEKEND,STREET,LANES,CATEGORY,SUBCATEGORY,PAVEMENT_WIDTH,ROW_WIDTH,SHOULDER,FLOW_DIRECTION,SURFACE_LAYER_TYPE,OFFICIAL_ROAD_CLASSIFICATION,SPEED_LIMIT_KM,TRUCK_ACCESS,BUS_ROUTE,SERVICE_YEAR,Shape__Length
MARGARET AVE,01-Non intersection,02-Thru lane,03-Snow,"08-Dark, artificial",MIDBLOCK,Wednesday,January,0,MARGARET AVE,3,ROAD,MAJOR,13.0,31.0,PAVED,TwoWay,PAVED,3,50,NO ACCESS,Y,1954.0,13.6240033263889
MARGARET AVE,01-Non intersection,02-Thru lane,03-Snow,"08-Dark, artificial",MIDBLOCK,Wednesday,January,0,MARGARET AVE,3,ROAD,MAJOR,12.0,27.0,PAVED,TwoWay,PAVED,3,50,NO ACCESS,Y,1861.0,161.334735232561
MARGARET AVE,01-Non intersection,02-Thru lane,03-Snow,"08-Dark, artificial",MIDBLOCK,Wednesday,January,0,MARGARET AVE,3,ROAD,MAJOR,13.0,27.0,PAVED,TwoWay,PAVED,3,50,NO ACCESS,Y,1861.0,76.940051675311
MARGARET AVE,01-Non intersection,02-Thru lane,03-Snow,"08-Dark, artificial",MIDBLOCK,Wednesday,January,0,MARGARET AVE,3,ROAD,MAJOR,14.0,35.0,PAVED,TwoWay,PAVED,3,50,NO ACCESS,Y,1854.0,69.7246021722687
MARGARET AVE,04-At/near private drive,09-Right shoulder,01-Clear,"06-Dusk, artificial",MIDBLOCK,Sunday,October,1,MARGARET AVE,3,ROAD,MAJOR,14.0,23.0,PAVED,TwoWay,PAVED,3,50,NO ACCESS,Y,2004.0,119.39195281918998
MARGARET AVE,04-At/near private drive,09-Right shoulder,01-Clear,"06-Dusk, artificial",MIDBLOCK,Sunday,October,1,MARGARET AVE,3,ROAD,MAJOR,12.0,20.0,PAVED,TwoWay,PAVED,3,50,NO ACCESS,Y,1861.0,224.303881542271
MARGARET AVE,04-At/near private drive,09-Right shoulder,01-Clear,"06-Dusk, artificial",MIDBLOCK,Sunday,October,1,MARGARET AVE,3,ROAD,MAJOR,12.0,20.0,PAVED,TwoWay,PAVED,3,50,NO ACCESS,Y,1861.0,99.9198268989028
MARGARET AVE,04-At/near private drive,09-Right shoulder,01-Clear,"06-Dusk, artificial",MIDBLOCK,Sunday,October,1,MARGARET AVE,3,ROAD,MAJOR,14.0,23.0,PAVED,TwoWay,PAVED,3,50,NO ACCESS,Y,2004.0,102.25733225544901
MARGARET AVE,04-At/near private drive,09-Right shoulder,01-Clear,"06-Dusk, artificial",MIDBLOCK,Sunday,October,1,MARGARET AVE,2,ROAD,MAJOR,14.0,23.0,PAVED,TwoWay,PAVED,3,50,NO ACCESS,Y,2006.0,21.268161650451
MARGARET AVE,04-At/near private drive,09-Right shoulder,01-Clear,"06-Dusk, artificial",MIDBLOCK,Sunday,October,1,MARGARET AVE,3,ROAD,MAJOR,14.0,29.0,PAVED,TwoWay,PAVED,3,50,NO ACCESS,Y,1854.0,87.2925882659388
MARGARET AVE,04-At/near private drive,09-Right shoulder,01-Clear,"06-Dusk, artificial",MIDBLOCK,Sunday,October,1,MARGARET AVE,3,ROAD,MAJOR,12.0,23.0,PAVED,TwoWay,PAVED,3,50,NO ACCESS,Y,1861.0,254.84879080148997
MARGARET AVE,04-At/near private drive,09-Right shoulder,01-Clear,"06-Dusk, artificial",MIDBLOCK,Sunday,October,1,MARGARET AVE,3,ROAD,MAJOR,13.0,31.0,PAVED,TwoWay,PAVED,3,50,NO ACCESS,Y,1954.0,13.6240033263889
MARGARET AVE,04-At/near private drive,09-Right shoulder,01-Clear,"06-Dusk, artificial",MIDBLOCK,Sunday,October,1,MARGARET AVE,3,ROAD,MAJOR,12.0,27.0,PAVED,TwoWay,PAVED,3,50,NO ACCESS,Y,1861.0,161.334735232561
MARGARET AVE,04-At/near private drive,09-Right shoulder,01-Clear,"06-Dusk, artificial",MIDBLOCK,Sunday,October,1,MARGARET AVE,3,ROAD,MAJOR,13.0,27.0,PAVED,TwoWay,PAVED,3,50,NO ACCESS,Y,1861.0,76.940051675311
MARGARET AVE,04-At/near private drive,09-Right shoulder,01-Clear,"06-Dusk, artificial",MIDBLOCK,Sunday,October,1,MARGARET AVE,3,ROAD,MAJOR,14.0,35.0,PAVED,TwoWay,PAVED,3,50,NO ACCESS,Y,1854.0,69.7246021722687
MARGARET AVE,04-At/near private drive,02-Thru lane,01-Clear,01-Daylight,MIDBLOCK,Tuesday,October,0,MARGARET AVE,3,ROAD,MAJOR,14.0,23.0,PAVED,TwoWay,PAVED,3,50,NO ACCESS,Y,2004.0,119.39195281918998
MARGARET AVE,04-At/near private drive,02-Thru lane,01-Clear,01-Daylight,MIDBLOCK,Tuesday,October,0,MARGARET AVE,3,ROAD,MAJOR,12.0,20.0,PAVED,TwoWay,PAVED,3,50,NO ACCESS,Y,1861.0,224.303881542271
MARGARET AVE,04-At/near private drive,02-Thru lane,01-Clear,01-Daylight,MIDBLOCK,Tuesday,October,0,MARGARET AVE,3,ROAD,MAJOR,12.0,20.0,PAVED,TwoWay,PAVED,3,50,NO ACCESS,Y,1861.0,99.9198268989028
MARGARET AVE,04-At/near private drive,02-Thru lane,01-Clear,01-Daylight,MIDBLOCK,Tuesday,October,0,MARGARET AVE,3,ROAD,MAJOR,14.0,23.0,PAVED,TwoWay,PAVED,3,50,NO ACCESS,Y,2004.0,102.25733225544901
MARGARET AVE,04-At/near private drive,02-Thru lane,01-Clear,01-Daylight,MIDBLOCK,Tuesday,October,0,MARGARET AVE,2,ROAD,MAJOR,14.0,23.0,PAVED,TwoWay,PAVED,3,50,NO ACCESS,Y,2006.0,21.268161650451
MARGARET AVE,04-At/near private drive,02-Thru lane,01-Clear,01-Daylight,MIDBLOCK,Tuesday,October,0,MARGARET AVE,3,ROAD,MAJOR,14.0,29.0,PAVED,TwoWay,PAVED,3,50,NO ACCESS,Y,1854.0,87.2925882659388
MARGARET AVE,04-At/near private drive,02-Thru lane,01-Clear,01-Daylight,MIDBLOCK,Tuesday,October,0,MARGARET AVE,3,ROAD,MAJOR,12.0,23.0,PAVED,TwoWay,PAVED,3,50,NO ACCESS,Y,1861.0,254.84879080148997
MARGARET AVE,04-At/near private drive,02-Thru lane,01-Clear,01-Daylight,MIDBLOCK,Tuesday,October,0,MARGARET AVE,3,ROAD,MAJOR,13.0,31.0,PAVED,TwoWay,PAVED,3,50,NO ACCESS,Y,1954.0,13.6240033263889
MARGARET AVE,04-At/near private drive,02-Thru lane,01-Clear,01-Daylight,MIDBLOCK,Tuesday,October,0,MARGARET AVE,3,ROAD,MAJOR,12.0,27.0,PAVED,TwoWay,PAVED,3,50,NO ACCESS,Y,1861.0,161.334735232561
MARGARET AVE,04-At/near private drive,02-Thru lane,01-Clear,01-Daylight,MIDBLOCK,Tuesday,October,0,MARGARET AVE,3,ROAD,MAJOR,13.0,27.0,PAVED,TwoWay,PAVED,3,50,NO ACCESS,Y,1861.0,76.940051675311
MARGARET AVE,04-At/near private drive,02-Thru lane,01-Clear,01-Daylight,MIDBLOCK,Tuesday,October,0,MARGARET AVE,3,ROAD,MAJOR,14.0,35.0,PAVED,TwoWay,PAVED,3,50,NO ACCESS,Y,1854.0,69.7246021722687
MARGARET AVE,04-At/near private drive,02-Thru lane,03-Snow,"08-Dark, artificial",MIDBLOCK,Monday,February,0,MARGARET AVE,3,ROAD,MAJOR,14.0,23.0,PAVED,TwoWay,PAVED,3,50,NO ACCESS,Y,2004.0,119.39195281918998
MARGARET AVE,04-At/near private drive,02-Thru lane,03-Snow,"08-Dark, artificial",MIDBLOCK,Monday,February,0,MARGARET AVE,3,ROAD,MAJOR,12.0,20.0,PAVED,TwoWay,PAVED,3,50,NO ACCESS,Y,1861.0,224.303881542271
MARGARET AVE,04-At/near private drive,02-Thru lane,03-Snow,"08-Dark, artificial",MIDBLOCK,Monday,February,0,MARGARET AVE,3,ROAD,MAJOR,12.0,20.0,PAVED,TwoWay,PAVED,3,50,NO ACCESS,Y,1861.0,99.9198268989028
MARGARET AVE,04-At/near private drive,02-Thru lane,03-Snow,"08-Dark, artificial",MIDBLOCK,Monday,February,0,MARGARET AVE,3,ROAD,MAJOR,14.0,23.0,PAVED,TwoWay,PAVED,3,50,NO ACCESS,Y,2004.0,102.25733225544901
MARGARET AVE,04-At/near private drive,02-Thru lane,03-Snow,"08-Dark, artificial",MIDBLOCK,Monday,February,0,MARGARET AVE,2,ROAD,MAJOR,14.0,23.0,PAVED,TwoWay,PAVED,3,50,NO ACCESS,Y,2006.0,21.268161650451
MARGARET AVE,04-At/near private drive,02-Thru lane,03-Snow,"08-Dark, artificial",MIDBLOCK,Monday,February,0,MARGARET AVE,3,ROAD,MAJOR,14.0,29.0,PAVED,TwoWay,PAVED,3,50,NO ACCESS,Y,1854.0,87.2925882659388
MARGARET AVE,04-At/near private drive,02-Thru lane,03-Snow,"08-Dark, artificial",MIDBLOCK,Monday,February,0,MARGARET AVE,3,ROAD,MAJOR,12.0,23.0,PAVED,TwoWay,PAVED,3,50,NO ACCESS,Y,1861.0,254.84879080148997
MARGARET AVE,04-At/near private drive,02-Thru lane,03-Snow,"08-Dark, artificial",MIDBLOCK,Monday,February,0,MARGARET AVE,3,ROAD,MAJOR,13.0,31.0,PAVED,TwoWay,PAVED,3,50,NO ACCESS,Y,1954.0,13.6240033263889
MARGARET AVE,04-At/near private drive,02-Thru lane,03-Snow,"08-Dark, artificial",MIDBLOCK,Monday,February,0,MARGARET AVE,3,ROAD,MAJOR,12.0,27.0,PAVED,TwoWay,PAVED,3,50,NO ACCESS,Y,1861.0,161.334735232561
MARGARET AVE,04-At/near private drive,02-Thru lane,03-Snow,"08-Dark, artificial",MIDBLOCK,Monday,February,0,MARGARET AVE,3,ROAD,MAJOR,13.0,27.0,PAVED,TwoWay,PAVED,3,50,NO ACCESS,Y,1861.0,76.940051675311
MARGARET AVE,04-At/near private drive,02-Thru lane,03-Snow,"08-Dark, artificial",MIDBLOCK,Monday,February,0,MARGARET AVE,3,ROAD,MAJOR,14.0,35.0,PAVED,TwoWay,PAVED,3,50,NO ACCESS,Y,1854.0,69.7246021722687
MARGARET AVE,01-Non intersection,10-Not on roadway - left side,04-Freezing Rain,01-Daylight,MIDBLOCK,Wednesday,January,0,MARGARET AVE,3,ROAD,MAJOR,14.0,23.0,PAVED,TwoWay,PAVED,3,50,NO ACCESS,Y,2004.0,119.39195281918998
MARGARET AVE,01-Non intersection,10-Not on roadway - left side,04-Freezing Rain,01-Daylight,MIDBLOCK,Wednesday,January,0,MARGARET AVE,3,ROAD,MAJOR,12.0,20.0,PAVED,TwoWay,PAVED,3,50,NO ACCESS,Y,1861.0,224.303881542271
MARGARET AVE,01-Non intersection,10-Not on roadway - left side,04-Freezing Rain,01-Daylight,MIDBLOCK,Wednesday,January,0,MARGARET AVE,3,ROAD,MAJOR,12.0,20.0,PAVED,TwoWay,PAVED,3,50,NO ACCESS,Y,1861.0,99.9198268989028
MARGARET AVE,01-Non intersection,10-Not on roadway - left side,04-Freezing Rain,01-Daylight,MIDBLOCK,Wednesday,January,0,MARGARET AVE,3,ROAD,MAJOR,14.0,23.0,PAVED,TwoWay,PAVED,3,50,NO ACCESS,Y,2004.0,102.25733225544901
MARGARET AVE,01-Non intersection,10-Not on roadway - left side,04-Freezing Rain,01-Daylight,MIDBLOCK,Wednesday,January,0,MARGARET AVE,2,ROAD,MAJOR,14.0,23.0,PAVED,TwoWay,PAVED,3,50,NO ACCESS,Y,2006.0,21.268161650451
MARGARET AVE,01-Non intersection,10-Not on roadway - left side,04-Freezing Rain,01-Daylight,MIDBLOCK,Wednesday,January,0,MARGARET AVE,3,ROAD,MAJOR,14.0,29.0,PAVED,TwoWay,PAVED,3,50,NO ACCESS,Y,1854.0,87.2925882659388
MARGARET AVE,01-Non intersection,10-Not on roadway - left side,04-Freezing Rain,01-Daylight,MIDBLOCK,Wednesday,January,0,MARGARET AVE,3,ROAD,MAJOR,12.0,23.0,PAVED,TwoWay,PAVED,3,50,NO ACCESS,Y,1861.0,254.84879080148997
MARGARET AVE,01-Non intersection,10-Not on roadway - left side,04-Freezing Rain,01-Daylight,MIDBLOCK,Wednesday,January,0,MARGARET AVE,3,ROAD,MAJOR,13.0,31.0,PAVED,TwoWay,PAVED,3,50,NO ACCESS,Y,1954.0,13.6240033263889
MARGARET AVE,01-Non intersection,10-Not on roadway - left side,04-Freezing Rain,01-Daylight,MIDBLOCK,Wednesday,January,0,MARGARET AVE,3,ROAD,MAJOR,12.0,27.0,PAVED,TwoWay,PAVED,3,50,NO ACCESS,Y,1861.0,161.334735232561
MARGARET AVE,01-Non intersection,10-Not on roadway - left side,04-Freezing Rain,01-Daylight,MIDBLOCK,Wednesday,January,0,MARGARET AVE,3,ROAD,MAJOR,13.0,27.0,PAVED,TwoWay,PAVED,3,50,NO ACCESS,Y,1861.0,76.940051675311
MARGARET AVE,01-Non intersection,10-Not on roadway - left side,04-Freezing Rain,01-Daylight,MIDBLOCK,Wednesday,January,0,MARGARET AVE,3,ROAD,MAJOR,14.0,35.0,PAVED,TwoWay,PAVED,3,50,NO ACCESS,Y,1854.0,69.7246021722687
MARGARET AVE,04-At/near private drive,02-Thru lane,01-Clear,01-Daylight,MIDBLOCK,Wednesday,November,0,MARGARET AVE,3,ROAD,MAJOR,14.0,23.0,PAVED,TwoWay,PAVED,3,50,NO ACCESS,Y,2004.0,119.39195281918998
MARGARET AVE,04-At/near private drive,02-Thru lane,01-Clear,01-Daylight,MIDBLOCK,Wednesday,November,0,MARGARET AVE,3,ROAD,MAJOR,12.0,20.0,PAVED,TwoWay,PAVED,3,50,NO ACCESS,Y,1861.0,224.303881542271
MARGARET AVE,04-At/near private drive,02-Thru lane,01-Clear,01-Daylight,MIDBLOCK,Wednesday,November,0,MARGARET AVE,3,ROAD,MAJOR,12.0,20.0,PAVED,TwoWay,PAVED,3,50,NO ACCESS,Y,1861.0,99.9198268989028
MARGARET AVE,04-At/near private drive,02-Thru lane,01-Clear,01-Daylight,MIDBLOCK,Wednesday,November,0,MARGARET AVE,3,ROAD,MAJOR,14.0,23.0,PAVED,TwoWay,PAVED,3,50,NO ACCESS,Y,2004.0,102.25733225544901
MARGARET AVE,04-At/near private drive,02-Thru lane,01-Clear,01-Daylight,MIDBLOCK,Wednesday,November,0,MARGARET AVE,2,ROAD,MAJOR,14.0,23.0,PAVED,TwoWay,PAVED,3,50,NO ACCESS,Y,2006.0,21.268161650451
MARGARET AVE,04-At/near private drive,02-Thru lane,01-Clear,01-Daylight,MIDBLOCK,Wednesday,November,0,MARGARET AVE,3,ROAD,MAJOR,14.0,29.0,PAVED,TwoWay,PAVED,3,50,NO ACCESS,Y,1854.0,87.2925882659388
MARGARET AVE,04-At/near private drive,02-Thru lane,01-Clear,01-Daylight,MIDBLOCK,Wednesday,November,0,MARGARET AVE,3,ROAD,MAJOR,12.0,23.0,PAVED,TwoWay,PAVED,3,50,NO ACCESS,Y,1861.0,254.84879080148997
MARGARET AVE,04-At/near private drive,02-Thru lane,01-Clear,01-Daylight,MIDBLOCK,Wednesday,November,0,MARGARET AVE,3,ROAD,MAJOR,13.0,31.0,PAVED,TwoWay,PAVED,3,50,NO ACCESS,Y,1954.0,13.6240033263889
MARGARET AVE,04-At/near private drive,02-Thru lane,01-Clear,01-Daylight,MIDBLOCK,Wednesday,November,0,MARGARET AVE,3,ROAD,MAJOR,12.0,27.0,PAVED,TwoWay,PAVED,3,50,NO ACCESS,Y,1861.0,161.334735232561
MARGARET AVE,04-At/near private drive,02-Thru lane,01-Clear,01-Daylight,MIDBLOCK,Wednesday,November,0,MARGARET AVE,3,ROAD,MAJOR,13.0,27.0,PAVED,TwoWay,PAVED,3,50,NO ACCESS,Y,1861.0,76.940051675311
MARGARET AVE,04-At/near private drive,02-Thru lane,01-Clear,01-Daylight,MIDBLOCK,Wednesday,November,0,MARGARET AVE,3,ROAD,MAJOR,14.0,35.0,PAVED,TwoWay,PAVED,3,50,NO ACCESS,Y,1854.0,69.7246021722687
MARGARET AVE,01-Non intersection,02-Thru lane,01-Clear,"08-Dark, artificial",MIDBLOCK,Thursday,May,0,MARGARET AVE,3,ROAD,MAJOR,14.0,23.0,PAVED,TwoWay,PAVED,3,50,NO ACCESS,Y,2004.0,119.39195281918998
MARGARET AVE,01-Non intersection,02-Thru lane,01-Clear,"08-Dark, artificial",MIDBLOCK,Thursday,May,0,MARGARET AVE,3,ROAD,MAJOR,12.0,20.0,PAVED,TwoWay,PAVED,3,50,NO ACCESS,Y,1861.0,224.303881542271
MARGARET AVE,01-Non intersection,02-Thru lane,01-Clear,"08-Dark, artificial",MIDBLOCK,Thursday,May,0,MARGARET AVE,3,ROAD,MAJOR,12.0,20.0,PAVED,TwoWay,PAVED,3,50,NO ACCESS,Y,1861.0,99.9198268989028
MARGARET AVE,01-Non intersection,02-Thru lane,01-Clear,"08-Dark, artificial",MIDBLOCK,Thursday,May,0,MARGARET AVE,3,ROAD,MAJOR,14.0,23.0,PAVED,TwoWay,PAVED,3,50,NO ACCESS,Y,2004.0,102.25733225544901
MARGARET AVE,01-Non intersection,02-Thru lane,01-Clear,"08-Dark, artificial",MIDBLOCK,Thursday,May,0,MARGARET AVE,2,ROAD,MAJOR,14.0,23.0,PAVED,TwoWay,PAVED,3,50,NO ACCESS,Y,2006.0,21.268161650451
MARGARET AVE,01-Non intersection,02-Thru lane,01-Clear,"08-Dark, artificial",MIDBLOCK,Thursday,May,0,MARGARET AVE,3,ROAD,MAJOR,14.0,29.0,PAVED,TwoWay,PAVED,3,50,NO ACCESS,Y,1854.0,87.2925882659388
MARGARET AVE,01-Non intersection,02-Thru lane,01-Clear,"08-Dark, artificial",MIDBLOCK,Thursday,May,0,MARGARET AVE,3,ROAD,MAJOR,12.0,23.0,PAVED,TwoWay,PAVED,3,50,NO ACCESS,Y,1861.0,254.84879080148997
MARGARET AVE,01-Non intersection,02-Thru lane,01-Clear,"08-Dark, artificial",MIDBLOCK,Thursday,May,0,MARGARET AVE,3,ROAD,MAJOR,13.0,31.0,PAVED,TwoWay,PAVED,3,50,NO ACCESS,Y,1954.0,13.6240033263889
MARGARET AVE,01-Non intersection,02-Thru lane,01-Clear,"08-Dark, artificial",MIDBLOCK,Thursday,May,0,MARGARET AVE,3,ROAD,MAJOR,12.0,27.0,PAVED,TwoWay,PAVED,3,50,NO ACCESS,Y,1861.0,161.334735232561
MARGARET AVE,01-Non intersection,02-Thru lane,01-Clear,"08-Dark, artificial",MIDBLOCK,Thursday,May,0,MARGARET AVE,3,ROAD,MAJOR,13.0,27.0,PAVED,TwoWay,PAVED,3,50,NO ACCESS,Y,1861.0,76.940051675311
MARGARET AVE,01-Non intersection,02-Thru lane,01-Clear,"08-Dark, artificial",MIDBLOCK,Thursday,May,0,MARGARET AVE,3,ROAD,MAJOR,14.0,35.0,PAVED,TwoWay,PAVED,3,50,NO ACCESS,Y,1854.0,69.7246021722687
MARGARET AVE,01-Non intersection,12-Off highway,01-Clear,01-Daylight,MIDBLOCK,Sunday,July,1,MARGARET AVE,3,ROAD,MAJOR,14.0,23.0,PAVED,TwoWay,PAVED,3,50,NO ACCESS,Y,2004.0,119.39195281918998
MARGARET AVE,01-Non intersection,12-Off highway,01-Clear,01-Daylight,MIDBLOCK,Sunday,July,1,MARGARET AVE,3,ROAD,MAJOR,12.0,20.0,PAVED,TwoWay,PAVED,3,50,NO ACCESS,Y,1861.0,224.303881542271
MARGARET AVE,01-Non intersection,12-Off highway,01-Clear,01-Daylight,MIDBLOCK,Sunday,July,1,MARGARET AVE,3,ROAD,MAJOR,12.0,20.0,PAVED,TwoWay,PAVED,3,50,NO ACCESS,Y,1861.0,99.9198268989028
MARGARET AVE,01-Non intersection,12-Off highway,01-Clear,01-Daylight,MIDBLOCK,Sunday,July,1,MARGARET AVE,3,ROAD,MAJOR,14.0,23.0,PAVED,TwoWay,PAVED,3,50,NO ACCESS,Y,2004.0,102.25733225544901
MARGARET AVE,01-Non intersection,12-Off highway,01-Clear,01-Daylight,MIDBLOCK,Sunday,July,1,MARGARET AVE,2,ROAD,MAJOR,14.0,23.0,PAVED,TwoWay,PAVED,3,50,NO ACCESS,Y,2006.0,21.268161650451
MARGARET AVE,01-Non intersection,12-Off highway,01-Clear,01-Daylight,MIDBLOCK,Sunday,July,1,MARGARET AVE,3,ROAD,MAJOR,14.0,29.0,PAVED,TwoWay,PAVED,3,50,NO ACCESS,Y,1854.0,87.2925882659388
MARGARET AVE,01-Non intersection,12-Off highway,01-Clear,01-Daylight,MIDBLOCK,Sunday,July,1,MARGARET AVE,3,ROAD,MAJOR,12.0,23.0,PAVED,TwoWay,PAVED,3,50,NO ACCESS,Y,1861.0,254.84879080148997
MARGARET AVE,01-Non intersection,12-Off highway,01-Clear,01-Daylight,MIDBLOCK,Sunday,July,1,MARGARET AVE,3,ROAD,MAJOR,13.0,31.0,PAVED,TwoWay,PAVED,3,50,NO ACCESS,Y,1954.0,13.6240033263889
MARGARET AVE,01-Non intersection,12-Off highway,01-Clear,01-Daylight,MIDBLOCK,Sunday,July,1,MARGARET AVE,3,ROAD,MAJOR,12.0,27.0,PAVED,TwoWay,PAVED,3,50,NO ACCESS,Y,1861.0,161.334735232561
MARGARET AVE,01-Non intersection,12-Off highway,01-Clear,01-Daylight,MIDBLOCK,Sunday,July,1,MARGARET AVE,3,ROAD,MAJOR,13.0,27.0,PAVED,TwoWay,PAVED,3,50,NO ACCESS,Y,1861.0,76.940051675311
MARGARET AVE,01-Non intersection,12-Off highway,01-Clear,01-Daylight,MIDBLOCK,Sunday,July,1,MARGARET AVE,3,ROAD,MAJOR,14.0,35.0,PAVED,TwoWay,PAVED,3,50,NO ACCESS,Y,1854.0,69.7246021722687
MARGARET AVE,01-Non intersection,02-Thru lane,01-Clear,05-Dusk,MIDBLOCK,Friday,April,0,MARGARET AVE,3,ROAD,MAJOR,14.0,23.0,PAVED,TwoWay,PAVED,3,50,NO ACCESS,Y,2004.0,119.39195281918998
MARGARET AVE,01-Non intersection,02-Thru lane,01-Clear,05-Dusk,MIDBLOCK,Friday,April,0,MARGARET AVE,3,ROAD,MAJOR,12.0,20.0,PAVED,TwoWay,PAVED,3,50,NO ACCESS,Y,1861.0,224.303881542271
MARGARET AVE,01-Non intersection,02-Thru lane,01-Clear,05-Dusk,MIDBLOCK,Friday,April,0,MARGARET AVE,3,ROAD,MAJOR,12.0,20.0,PAVED,TwoWay,PAVED,3,50,NO ACCESS,Y,1861.0,99.9198268989028
MARGARET AVE,01-Non intersection,02-Thru lane,01-Clear,05-Dusk,MIDBLOCK,Friday,April,0,MARGARET AVE,3,ROAD,MAJOR,14.0,23.0,PAVED,TwoWay,PAVED,3,50,NO ACCESS,Y,2004.0,102.25733225544901
MARGARET AVE,01-Non intersection,02-Thru lane,01-Clear,05-Dusk,MIDBLOCK,Friday,April,0,MARGARET AVE,2,ROAD,MAJOR,14.0,23.0,PAVED,TwoWay,PAVED,3,50,NO ACCESS,Y,2006.0,21.268161650451
MARGARET AVE,01-Non intersection,02-Thru lane,01-Clear,05-Dusk,MIDBLOCK,Friday,April,0,MARGARET AVE,3,ROAD,MAJOR,14.0,29.0,PAVED,TwoWay,PAVED,3,50,NO ACCESS,Y,1854.0,87.2925882659388
MARGARET AVE,01-Non intersection,02-Thru lane,01-Clear,05-Dusk,MIDBLOCK,Friday,April,0,MARGARET AVE,3,ROAD,MAJOR,12.0,23.0,PAVED,TwoWay,PAVED,3,50,NO ACCESS,Y,1861.0,254.84879080148997
MARGARET AVE,01-Non intersection,02-Thru lane,01-Clear,05-Dusk,MIDBLOCK,Friday,April,0,MARGARET AVE,3,ROAD,MAJOR,13.0,31.0,PAVED,TwoWay,PAVED,3,50,NO ACCESS,Y,1954.0,13.6240033263889
MARGARET AVE,01-Non intersection,02-Thru lane,01-Clear,05-Dusk,MIDBLOCK,Friday,April,0,MARGARET AVE,3,ROAD,MAJOR,12.0,27.0,PAVED,TwoWay,PAVED,3,50,NO ACCESS,Y,1861.0,161.334735232561
MARGARET AVE,01-Non intersection,02-Thru lane,01-Clear,05-Dusk,MIDBLOCK,Friday,April,0,MARGARET AVE,3,ROAD,MAJOR,13.0,27.0,PAVED,TwoWay,PAVED,3,50,NO ACCESS,Y,1861.0,76.940051675311
MARGARET AVE,01-Non intersection,02-Thru lane,01-Clear,05-Dusk,MIDBLOCK,Friday,April,0,MARGARET AVE,3,ROAD,MAJOR,14.0,35.0,PAVED,TwoWay,PAVED,3,50,NO ACCESS,Y,1854.0,69.7246021722687
MARGARET AVE,01-Non intersection,09-Right shoulder,01-Clear,01-Daylight,MIDBLOCK,Tuesday,February,0,MARGARET AVE,3,ROAD,MAJOR,14.0,23.0,PAVED,TwoWay,PAVED,3,50,NO ACCESS,Y,2004.0,119.39195281918998
MARGARET AVE,01-Non intersection,09-Right shoulder,01-Clear,01-Daylight,MIDBLOCK,Tuesday,February,0,MARGARET AVE,3,ROAD,MAJOR,12.0,20.0,PAVED,TwoWay,PAVED,3,50,NO ACCESS,Y,1861.0,224.303881542271
MARGARET AVE,01-Non intersection,09-Right shoulder,01-Clear,01-Daylight,MIDBLOCK,Tuesday,February,0,MARGARET AVE,3,ROAD,MAJOR,12.0,20.0,PAVED,TwoWay,PAVED,3,50,NO ACCESS,Y,1861.0,99.9198268989028
MARGARET AVE,01-Non intersection,09-Right shoulder,01-Clear,01-Daylight,MIDBLOCK,Tuesday,February,0,MARGARET AVE,3,ROAD,MAJOR,14.0,23.0,PAVED,TwoWay,PAVED,3,50,NO ACCESS,Y,2004.0,102.25733225544901
MARGARET AVE,01-Non intersection,09-Right shoulder,01-Clear,01-Daylight,MIDBLOCK,Tuesday,February,0,MARGARET AVE,2,ROAD,MAJOR,14.0,23.0,PAVED,TwoWay,PAVED,3,50,NO ACCESS,Y,2006.0,21.268161650451
MARGARET AVE,01-Non intersection,09-Right shoulder,01-Clear,01-Daylight,MIDBLOCK,Tuesday,February,0,MARGARET AVE,3,ROAD,MAJOR,14.0,29.0,PAVED,TwoWay,PAVED,3,50,NO ACCESS,Y,1854.0,87.2925882659388
MARGARET AVE,01-Non intersection,09-Right shoulder,01-Clear,01-Daylight,MIDBLOCK,Tuesday,February,0,MARGARET AVE,3,ROAD,MAJOR,12.0,23.0,PAVED,TwoWay,PAVED,3,50,NO ACCESS,Y,1861.0,254.84879080148997
MARGARET AVE,01-Non intersection,09-Right shoulder,01-Clear,01-Daylight,MIDBLOCK,Tuesday,February,0,MARGARET AVE,3,ROAD,MAJOR,13.0,31.0,PAVED,TwoWay,PAVED,3,50,NO ACCESS,Y,1954.0,13.6240033263889
MARGARET AVE,01-Non intersection,09-Right shoulder,01-Clear,01-Daylight,MIDBLOCK,Tuesday,February,0,MARGARET AVE,3,ROAD,MAJOR,12.0,27.0,PAVED,TwoWay,PAVED,3,50,NO ACCESS,Y,1861.0,161.334735232561
MARGARET AVE,01-Non intersection,09-Right shoulder,01-Clear,01-Daylight,MIDBLOCK,Tuesday,February,0,MARGARET AVE,3,ROAD,MAJOR,13.0,27.0,PAVED,TwoWay,PAVED,3,50,NO ACCESS,Y,1861.0,76.940051675311