LOCATION,ACCIDENT_LOCATION,IMPACT_LOCATION,ENVIRONMENT_CONDITION,LIGHT,COLLISION_TYPE,DAY_OF_WEEK,MONTH,IS_WEEKEND,STREET,LANES,CATEGORY,SUBCATEGORY,PAVEMENT_WIDTH,ROW_WIDTH,SHOULDER,FLOW_DIRECTION,SURFACE_LAYER_TYPE,OFFICIAL_ROAD_CLASSIFICATION,SPEED_LIMIT_KM,TRUCK_ACCESS,BUS_ROUTE,SERVICE_YEAR,Shape__Length
MARGARET AVE,01-Non intersection,09-Right shoulder,01-Clear,01-Daylight,MIDBLOCK,Tuesday,February,0,MARGARET AVE,3,ROAD,MAJOR,14.0,35.0,PAVED,TwoWay,PAVED,3,50,NO ACCESS,Y,1854.0,69.7246021722687
MARGARET AVE,01-Non intersection,11-Not on roadway - right side,01-Clear,07-Dark,MIDBLOCK,Sunday,December,1,MARGARET AVE,3,ROAD,MAJOR,14.0,23.0,PAVED,TwoWay,PAVED,3,50,NO ACCESS,Y,2004.0,119.39195281918998
MARGARET AVE,01-Non intersection,11-Not on roadway - right side,01-Clear,07-Dark,MIDBLOCK,Sunday,December,1,MARGARET AVE,3,ROAD,MAJOR,12.0,20.0,PAVED,TwoWay,PAVED,3,50,NO ACCESS,Y,1861.0,224.303881542271
MARGARET AVE,01-Non intersection,11-Not on roadway - right side,01-Clear,07-Dark,MIDBLOCK,Sunday,December,1,MARGARET AVE,3,ROAD,MAJOR,12.0,20.0,PAVED,TwoWay,PAVED,3,50,NO ACCESS,Y,1861.0,99.9198268989028
MARGARET AVE,01-Non intersection,11-Not on roadway - right side,01-Clear,07-Dark,MIDBLOCK,Sunday,December,1,MARGARET AVE,3,ROAD,MAJOR,14.0,23.0,PAVED,TwoWay,PAVED,3,50,NO ACCESS,Y,2004.0,102.25733225544901
MARGARET AVE,01-Non intersection,11-Not on roadway - right side,01-Clear,07-Dark,MIDBLOCK,Sunday,December,1,MARGARET AVE,2,ROAD,MAJOR,14.0,23.0,PAVED,TwoWay,PAVED,3,50,NO ACCESS,Y,2006.0,21.268161650451
MARGARET AVE,01-Non intersection,11-Not on roadway - right side,01-Clear,07-Dark,MIDBLOCK,Sunday,December,1,MARGARET AVE,3,ROAD,MAJOR,14.0,29.0,PAVED,TwoWay,PAVED,3,50,NO ACCESS,Y,1854.0,87.2925882659388
MARGARET AVE,01-Non intersection,11-Not on roadway - right side,01-Clear,07-Dark,MIDBLOCK,Sunday,December,1,MARGARET AVE,3,ROAD,MAJOR,12.0,23.0,PAVED,TwoWay,PAVED,3,50,NO ACCESS,Y,1861.0,254.84879080148997
MARGARET AVE,01-Non intersection,11-Not on roadway - right side,01-Clear,07-Dark,MIDBLOCK,Sunday,December,1,MARGARET AVE,3,ROAD,MAJOR,13.0,31.0,PAVED,TwoWay,PAVED,3,50,NO ACCESS,Y,1954.0,13.6240033263889
MARGARET AVE,01-Non intersection,11-Not on roadway - right side,01-Clear,07-Dark,MIDBLOCK,Sunday,December,1,MARGARET AVE,3,ROAD,MAJOR,12.0,27.0,PAVED,TwoWay,PAVED,3,50,NO ACCESS,Y,1861.0,161.334735232561
MARGARET AVE,01-Non intersection,11-Not on roadway - right side,01-Clear,07-Dark,MIDBLOCK,Sunday,December,1,MARGARET AVE,3,ROAD,MAJOR,13.0,27.0,PAVED,TwoWay,PAVED,3,50,NO ACCESS,Y,1861.0,76.940051675311
MARGARET AVE,01-Non intersection,11-Not on roadway - right side,01-Clear,07-Dark,MIDBLOCK,Sunday,December,1,MARGARET AVE,3,ROAD,MAJOR,14.0,35.0,PAVED,TwoWay,PAVED,3,50,NO ACCESS,Y,1854.0,69.7246021722687
MARGARET AVE,01-Non intersection,02-Thru lane,02-Rain,01-Daylight,MIDBLOCK,Friday,January,0,MARGARET AVE,3,ROAD,MAJOR,14.0,23.0,PAVED,TwoWay,PAVED,3,50,NO ACCESS,Y,2004.0,119.39195281918998
MARGARET AVE,01-Non intersection,02-Thru lane,02-Rain,01-Daylight,MIDBLOCK,Friday,January,0,MARGARET AVE,3,ROAD,MAJOR,12.0,20.0,PAVED,TwoWay,PAVED,3,50,NO ACCESS,Y,1861.0,224.303881542271
MARGARET AVE,01-Non intersection,02-Thru lane,02-Rain,01-Daylight,MIDBLOCK,Friday,January,0,MARGARET AVE,3,ROAD,MAJOR,12.0,20.0,PAVED,TwoWay,PAVED,3,50,NO ACCESS,Y,1861.0,99.9198268989028
MARGARET AVE,01-Non intersection,02-Thru lane,02-Rain,01-Daylight,MIDBLOCK,Friday,January,0,MARGARET AVE,3,ROAD,MAJOR,14.0,23.0,PAVED,TwoWay,PAVED,3,50,NO ACCESS,Y,2004.0,102.25733225544901
MARGARET AVE,01-Non intersection,02-Thru lane,02-Rain,01-Daylight,MIDBLOCK,Friday,January,0,MARGARET AVE,2,ROAD,MAJOR,14.0,23.0,PAVED,TwoWay,PAVED,3,50,NO ACCESS,Y,2006.0,21.268161650451
MARGARET AVE,01-Non intersection,02-Thru lane,02-Rain,01-Daylight,MIDBLOCK,Friday,January,0,MARGARET AVE,3,ROAD,MAJOR,14.0,29.0,PAVED,TwoWay,PAVED,3,50,NO ACCESS,Y,1854.0,87.2925882659388
MARGARET AVE,01-Non intersection,02-Thru lane,02-Rain,01-Daylight,MIDBLOCK,Friday,January,0,MARGARET AVE,3,ROAD,MAJOR,12.0,23.0,PAVED,TwoWay,PAVED,3,50,NO ACCESS,Y,1861.0,254.84879080148997
MARGARET AVE,01-Non intersection,02-Thru lane,02-Rain,01-Daylight,MIDBLOCK,Friday,January,0,MARGARET AVE,3,ROAD,MAJOR,13.0,31.0,PAVED,TwoWay,PAVED,3,50,NO ACCESS,Y,1954.0,13.6240033263889
MARGARET AVE,01-Non intersection,02-Thru lane,02-Rain,01-Daylight,MIDBLOCK,Friday,January,0,MARGARET AVE,3,ROAD,MAJOR,12.0,27.0,PAVED,TwoWay,PAVED,3,50,NO ACCESS,Y,1861.0,161.334735232561
MARGARET AVE,01-Non intersection,02-Thru lane,02-Rain,01-Daylight,MIDBLOCK,Friday,January,0,MARGARET AVE,3,ROAD,MAJOR,13.0,27.0,PAVED,TwoWay,PAVED,3,50,NO ACCESS,Y,1861.0,76.940051675311
MARGARET AVE,01-Non intersection,02-Thru lane,02-Rain,01-Daylight,MIDBLOCK,Friday,January,0,MARGARET AVE,3,ROAD,MAJOR,14.0,35.0,PAVED,TwoWay,PAVED,3,50,NO ACCESS,Y,1854.0,69.7246021722687
MARGARET AVE,01-Non intersection,09-Right shoulder,01-Clear,"08-Dark, artificial",MIDBLOCK,Sunday,December,1,MARGARET AVE,3,ROAD,MAJOR,14.0,23.0,PAVED,TwoWay,PAVED,3,50,NO ACCESS,Y,2004.0,119.39195281918998
MARGARET AVE,01-Non intersection,09-Right shoulder,01-Clear,"08-Dark, artificial",MIDBLOCK,Sunday,December,1,MARGARET AVE,3,ROAD,MAJOR,12.0,20.0,PAVED,TwoWay,PAVED,3,50,NO ACCESS,Y,1861.0,224.303881542271
MARGARET AVE,01-Non intersection,09-Right shoulder,01-Clear,"08-Dark, artificial",MIDBLOCK,Sunday,December,1,MARGARET AVE,3,ROAD,MAJOR,12.0,20.0,PAVED,TwoWay,PAVED,3,50,NO ACCESS,Y,1861.0,99.9198268989028
MARGARET AVE,01-Non intersection,09-Right shoulder,01-Clear,"08-Dark, artificial",MIDBLOCK,Sunday,December,1,MARGARET AVE,3,ROAD,MAJOR,14.0,23.0,PAVED,TwoWay,PAVED,3,50,NO ACCESS,Y,2004.0,102.25733225544901
MARGARET AVE,01-Non intersection,09-Right shoulder,01-Clear,"08-Dark, artificial",MIDBLOCK,Sunday,December,1,MARGARET AVE,2,ROAD,MAJOR,14.0,23.0,PAVED,TwoWay,PAVED,3,50,NO ACCESS,Y,2006.0,21.268161650451
MARGARET AVE,01-Non intersection,09-Right shoulder,01-Clear,"08-Dark, artificial",MIDBLOCK,Sunday,December,1,MARGARET AVE,3,ROAD,MAJOR,14.0,29.0,PAVED,TwoWay,PAVED,3,50,NO ACCESS,Y,1854.0,87.2925882659388
MARGARET AVE,01-Non intersection,09-Right shoulder,01-Clear,"08-Dark, artificial",MIDBLOCK,Sunday,December,1,MARGARET AVE,3,ROAD,MAJOR,12.0,23.0,PAVED,TwoWay,PAVED,3,50,NO ACCESS,Y,1861.0,254.84879080148997
MARGARET AVE,01-Non intersection,09-Right shoulder,01-Clear,"08-Dark, artificial",MIDBLOCK,Sunday,December,1,MARGARET AVE,3,ROAD,MAJOR,13.0,31.0,PAVED,TwoWay,PAVED,3,50,NO ACCESS,Y,1954.0,13.6240033263889
MARGARET AVE,01-Non intersection,09-Right shoulder,01-Clear,"08-Dark, artificial",MIDBLOCK,Sunday,December,1,MARGARET AVE,3,ROAD,MAJOR,12.0,27.0,PAVED,TwoWay,PAVED,3,50,NO ACCESS,Y,1861.0,161.334735232561
MARGARET AVE,01-Non intersection,09-Right shoulder,01-Clear,"08-Dark, artificial",MIDBLOCK,Sunday,December,1,MARGARET AVE,3,ROAD,MAJOR,13.0,27.0,PAVED,TwoWay,PAVED,3,50,NO ACCESS,Y,1861.0,76.940051675311
MARGARET AVE,01-Non intersection,09-Right shoulder,01-Clear,"08-Dark, artificial",MIDBLOCK,Sunday,December,1,MARGARET AVE,3,ROAD,MAJOR,14.0,35.0,PAVED,TwoWay,PAVED,3,50,NO ACCESS,Y,1854.0,69.7246021722687
MARGARET AVE,01-Non intersection,02-Thru lane,01-Clear,01-Daylight,MIDBLOCK,Wednesday,November,0,MARGARET AVE,3,ROAD,MAJOR,14.0,23.0,PAVED,TwoWay,PAVED,3,50,NO ACCESS,Y,2004.0,119.39195281918998
MARGARET AVE,01-Non intersection,02-Thru lane,01-Clear,01-Daylight,MIDBLOCK,Wednesday,November,0,MARGARET AVE,3,ROAD,MAJOR,12.0,20.0,PAVED,TwoWay,PAVED,3,50,NO ACCESS,Y,1861.0,224.303881542271
MARGARET AVE,01-Non intersection,02-Thru lane,01-Clear,01-Daylight,MIDBLOCK,Wednesday,November,0,MARGARET AVE,3,ROAD,MAJOR,12.0,20.0,PAVED,TwoWay,PAVED,3,50,NO ACCESS,Y,1861.0,99.9198268989028
MARGARET AVE,01-Non intersection,02-Thru lane,01-Clear,01-Daylight,MIDBLOCK,Wednesday,November,0,MARGARET AVE,3,ROAD,MAJOR,14.0,23.0,PAVED,TwoWay,PAVED,3,50,NO ACCESS,Y,2004.0,102.25733225544901
MARGARET AVE,01-Non intersection,02-Thru lane,01-Clear,01-Daylight,MIDBLOCK,Wednesday,November,0,MARGARET AVE,2,ROAD,MAJOR,14.0,23.0,PAVED,TwoWay,PAVED,3,50,NO ACCESS,Y,2006.0,21.268161650451
MARGARET AVE,01-Non intersection,02-Thru lane,01-Clear,01-Daylight,MIDBLOCK,Wednesday,November,0,MARGARET AVE,3,ROAD,MAJOR,14.0,29.0,PAVED,TwoWay,PAVED,3,50,NO ACCESS,Y,1854.0,87.2925882659388
MARGARET AVE,01-Non intersection,02-Thru lane,01-Clear,01-Daylight,MIDBLOCK,Wednesday,November,0,MARGARET AVE,3,ROAD,MAJOR,12.0,23.0,PAVED,TwoWay,PAVED,3,50,NO ACCESS,Y,1861.0,254.84879080148997
MARGARET AVE,01-Non intersection,02-Thru lane,01-Clear,01-Daylight,MIDBLOCK,Wednesday,November,0,MARGARET AVE,3,ROAD,MAJOR,13.0,31.0,PAVED,TwoWay,PAVED,3,50,NO ACCESS,Y,1954.0,13.6240033263889
MARGARET AVE,01-Non intersection,02-Thru lane,01-Clear,01-Daylight,MIDBLOCK,Wednesday,November,0,MARGARET AVE,3,ROAD,MAJOR,12.0,27.0,PAVED,TwoWay,PAVED,3,50,NO ACCESS,Y,1861.0,161.334735232561
MARGARET AVE,01-Non intersection,02-Thru lane,01-Clear,01-Daylight,MIDBLOCK,Wednesday,November,0,MARGARET AVE,3,ROAD,MAJOR,13.0,27.0,PAVED,TwoWay,PAVED,3,50,NO ACCESS,Y,1861.0,76.940051675311
MARGARET AVE,01-Non intersection,02-Thru lane,01-Clear,01-Daylight,MIDBLOCK,Wednesday,November,0,MARGARET AVE,3,ROAD,MAJOR,14.0,35.0,PAVED,TwoWay,PAVED,3,50,NO ACCESS,Y,1854.0,69.7246021722687
SIMEON ST,04-At/near private drive,09-Right shoulder,01-Clear,07-Dark,MIDBLOCK,Friday,September,0,SIMEON ST,2,ROAD,LOCAL,7.0,20.0,PAVED,TwoWay,PAVED,6,50,NO ACCESS,N,2007.0,155.841059073172
SIMEON ST,04-At/near private drive,09-Right shoulder,01-Clear,07-Dark,MIDBLOCK,Friday,September,0,SIMEON ST,2,ROAD,LOCAL,7.0,20.0,PAVED,TwoWay,PAVED,6,50,NO ACCESS,N,2004.0,226.092102095225
SIMEON ST,04-At/near private drive,09-Right shoulder,01-Clear,07-Dark,MIDBLOCK,Friday,September,0,SIMEON ST,2,ROAD,LOCAL,7.0,20.0,PAVED,TwoWay,PAVED,6,50,NO ACCESS,N,1920.0,143.87531603776
SIMEON ST,04-At/near private drive,09-Right shoulder,01-Clear,07-Dark,MIDBLOCK,Friday,September,0,SIMEON ST,2,ROAD,LOCAL,7.0,20.0,PAVED,TwoWay,PAVED,6,50,NO ACCESS,N,2003.0,147.786796293843
SIMEON ST,04-At/near private drive,09-Right shoulder,01-Clear,07-Dark,MIDBLOCK,Friday,September,0,SIMEON ST,2,ROAD,LOCAL,14.0,20.0,PAVED,TwoWay,PAVED,6,50,NO ACCESS,N,1931.0,89.1867305779418
SIMEON ST,04-At/near private drive,09-Right shoulder,01-Clear,07-Dark,MIDBLOCK,Friday,September,0,SIMEON ST,2,ROAD,LOCAL,8.0,20.0,PAVED,TwoWay,PAVED,6,50,NO ACCESS,N,2003.0,97.47046054636793
SIMEON ST,04-At/near private drive,09-Right shoulder,01-Clear,07-Dark,MIDBLOCK,Friday,September,0,SIMEON ST,2,ROAD,LOCAL,8.0,20.0,PAVED,TwoWay,PAVED,6,50,NO ACCESS,N,2003.0,85.78544960754509
SIMEON ST,04-At/near private drive,09-Right shoulder,01-Clear,07-Dark,MIDBLOCK,Friday,September,0,SIMEON ST,2,ROAD,LOCAL,7.0,20.0,PAVED,TwoWay,PAVED,6,50,NO ACCESS,N,1920.0,100.225284973339
SIMEON ST,04-At/near private drive,02-Thru lane,01-Clear,01-Daylight,MIDBLOCK,Friday,August,0,SIMEON ST,2,ROAD,LOCAL,7.0,20.0,PAVED,TwoWay,PAVED,6,50,NO ACCESS,N,2007.0,155.841059073172
SIMEON ST,04-At/near private drive,02-Thru lane,01-Clear,01-Daylight,MIDBLOCK,Friday,August,0,SIMEON ST,2,ROAD,LOCAL,7.0,20.0,PAVED,TwoWay,PAVED,6,50,NO ACCESS,N,2004.0,226.092102095225
SIMEON ST,04-At/near private drive,02-Thru lane,01-Clear,01-Daylight,MIDBLOCK,Friday,August,0,SIMEON ST,2,ROAD,LOCAL,7.0,20.0,PAVED,TwoWay,PAVED,6,50,NO ACCESS,N,1920.0,143.87531603776
SIMEON ST,04-At/near private drive,02-Thru lane,01-Clear,01-Daylight,MIDBLOCK,Friday,August,0,SIMEON ST,2,ROAD,LOCAL,7.0,20.0,PAVED,TwoWay,PAVED,6,50,NO ACCESS,N,2003.0,147.786796293843
SIMEON ST,04-At/near private drive,02-Thru lane,01-Clear,01-Daylight,MIDBLOCK,Friday,August,0,SIMEON ST,2,ROAD,LOCAL,14.0,20.0,PAVED,TwoWay,PAVED,6,50,NO ACCESS,N,1931.0,89.1867305779418
SIMEON ST,04-At/near private drive,02-Thru lane,01-Clear,01-Daylight,MIDBLOCK,Friday,August,0,SIMEON ST,2,ROAD,LOCAL,8.0,20.0,PAVED,TwoWay,PAVED,6,50,NO ACCESS,N,2003.0,97.47046054636793
SIMEON ST,04-At/near private drive,02-Thru lane,01-Clear,01-Daylight,MIDBLOCK,Friday,August,0,SIMEON ST,2,ROAD,LOCAL,8.0,20.0,PAVED,TwoWay,PAVED,6,50,NO ACCESS,N,2003.0,85.78544960754509
SIMEON ST,04-At/near private drive,02-Thru lane,01-Clear,01-Daylight,MIDBLOCK,Friday,August,0,SIMEON ST,2,ROAD,LOCAL,7.0,20.0,PAVED,TwoWay,PAVED,6,50,NO ACCESS,N,1920.0,100.225284973339
SIMEON ST,04-At/near private drive,02-Thru lane,01-Clear,99-Other,MIDBLOCK,Sunday,May,1,SIMEON ST,2,ROAD,LOCAL,7.0,20.0,PAVED,TwoWay,PAVED,6,50,NO ACCESS,N,2007.0,155.841059073172
SIMEON ST,04-At/near private drive,02-Thru lane,01-Clear,99-Other,MIDBLOCK,Sunday,May,1,SIMEON ST,2,ROAD,LOCAL,7.0,20.0,PAVED,TwoWay,PAVED,6,50,NO ACCESS,N,2004.0,226.092102095225
SIMEON ST,04-At/near private drive,02-Thru lane,01-Clear,99-Other,MIDBLOCK,Sunday,May,1,SIMEON ST,2,ROAD,LOCAL,7.0,20.0,PAVED,TwoWay,PAVED,6,50,NO ACCESS,N,1920.0,143.87531603776
SIMEON ST,04-At/near private drive,02-Thru lane,01-Clear,99-Other,MIDBLOCK,Sunday,May,1,SIMEON ST,2,ROAD,LOCAL,7.0,20.0,PAVED,TwoWay,PAVED,6,50,NO ACCESS,N,2003.0,147.786796293843
SIMEON ST,04-At/near private drive,02-Thru lane,01-Clear,99-Other,MIDBLOCK,Sunday,May,1,SIMEON ST,2,ROAD,LOCAL,14.0,20.0,PAVED,TwoWay,PAVED,6,50,NO ACCESS,N,1931.0,89.1867305779418
SIMEON ST,04-At/near private drive,02-Thru lane,01-Clear,99-Other,MIDBLOCK,Sunday,May,1,SIMEON ST,2,ROAD,LOCAL,8.0,20.0,PAVED,TwoWay,PAVED,6,50,NO ACCESS,N,2003.0,97.47046054636793
SIMEON ST,04-At/near private drive,02-Thru lane,01-Clear,99-Other,MIDBLOCK,Sunday,May,1,SIMEON ST,2,ROAD,LOCAL,8.0,20.0,PAVED,TwoWay,PAVED,6,50,NO ACCESS,N,2003.0,85.78544960754509
SIMEON ST,04-At/near private drive,02-Thru lane,01-Clear,99-Other,MIDBLOCK,Sunday,May,1,SIMEON ST,2,ROAD,LOCAL,7.0,20.0,PAVED,TwoWay,PAVED,6,50,NO ACCESS,N,1920.0,100.225284973339
SIMEON ST,04-At/near private drive,02-Thru lane,01-Clear,01-Daylight,MIDBLOCK,Saturday,July,1,SIMEON ST,2,ROAD,LOCAL,7.0,20.0,PAVED,TwoWay,PAVED,6,50,NO ACCESS,N,2007.0,155.841059073172
SIMEON ST,04-At/near private drive,02-Thru lane,01-Clear,01-Daylight,MIDBLOCK,Saturday,July,1,SIMEON ST,2,ROAD,LOCAL,7.0,20.0,PAVED,TwoWay,PAVED,6,50,NO ACCESS,N,2004.0,226.092102095225
SIMEON ST,04-At/near private drive,02-Thru lane,01-Clear,01-Daylight,MIDBLOCK,Saturday,July,1,SIMEON ST,2,ROAD,LOCAL,7.0,20.0,PAVED,TwoWay,PAVED,6,50,NO ACCESS,N,1920.0,143.87531603776
SIMEON ST,04-At/near private drive,02-Thru lane,01-Clear,01-Daylight,MIDBLOCK,Saturday,July,1,SIMEON ST,2,ROAD,LOCAL,7.0,20.0,PAVED,TwoWay,PAVED,6,50,NO ACCESS,N,2003.0,147.786796293843
SIMEON ST,04-At/near private drive,02-Thru lane,01-Clear,01-Daylight,MIDBLOCK,Saturday,July,1,SIMEON ST,2,ROAD,LOCAL,14.0,20.0,PAVED,TwoWay,PAVED,6,50,NO ACCESS,N,1931.0,89.1867305779418
SIMEON ST,04-At/near private drive,02-Thru lane,01-Clear,01-Daylight,MIDBLOCK,Saturday,July,1,SIMEON ST,2,ROAD,LOCAL,8.0,20.0,PAVED,TwoWay,PAVED,6,50,NO ACCESS,N,2003.0,97.47046054636793
SIMEON ST,04-At/near private drive,02-Thru lane,01-Clear,01-Daylight,MIDBLOCK,Saturday,July,1,SIMEON ST,2,ROAD,LOCAL,8.0,20.0,PAVED,TwoWay,PAVED,6,50,NO ACCESS,N,2003.0,85.78544960754509
SIMEON ST,04-At/near private drive,02-Thru lane,01-Clear,01-Daylight,MIDBLOCK,Saturday,July,1,SIMEON ST,2,ROAD,LOCAL,7.0,20.0,PAVED,TwoWay,PAVED,6,50,NO ACCESS,N,1920.0,100.225284973339
REX DR,04-At/near private drive,99-Other,03-Snow,01-Daylight,MIDBLOCK,Wednesday,March,0,REX DR,2,ROAD,LOCAL,7.0,18.0,PAVED,TwoWay,PAVED,6,50,NO ACCESS,N,1913.0,340.68360252819
REX DR,04-At/near private drive,02-Thru lane,02-Rain,01-Daylight,MIDBLOCK,Friday,May,0,REX DR,2,ROAD,LOCAL,7.0,18.0,PAVED,TwoWay,PAVED,6,50,NO ACCESS,N,1913.0,340.68360252819
REX DR,04-At/near private drive,02-Thru lane,01-Clear,01-Daylight,MIDBLOCK,Thursday,June,0,REX DR,2,ROAD,LOCAL,7.0,18.0,PAVED,TwoWay,PAVED,6,50,NO ACCESS,N,1913.0,340.68360252819
REX DR,04-At/near private drive,09-Right shoulder,01-Clear,01-Daylight,MIDBLOCK,Tuesday,January,0,REX DR,2,ROAD,LOCAL,7.0,18.0,PAVED,TwoWay,PAVED,6,50,NO ACCESS,N,1913.0,340.68360252819
HOHNER AVE,04-At/near private drive,09-Right shoulder,01-Clear,01-Daylight,MIDBLOCK,Friday,April,0,HOHNER AVE,2,ROAD,LOCAL,7.0,12.0,PAVED,TwoWay,PAVED,6,50,NO ACCESS,N,1887.0,324.398068958209
HOHNER AVE,10-Parking lot,12-Off highway,01-Clear,01-Daylight,MIDBLOCK,Tuesday,December,0,HOHNER AVE,2,ROAD,LOCAL,7.0,12.0,PAVED,TwoWay,PAVED,6,50,NO ACCESS,N,1887.0,324.398068958209
HOHNER AVE,04-At/near private drive,02-Thru lane,03-Snow,01-Daylight,MIDBLOCK,Wednesday,January,0,HOHNER AVE,2,ROAD,LOCAL,7.0,12.0,PAVED,TwoWay,PAVED,6,50,NO ACCESS,N,1887.0,324.398068958209
HOHNER AVE,01-Non intersection,02-Thru lane,01-Clear,01-Daylight,MIDBLOCK,Friday,January,0,HOHNER AVE,2,ROAD,LOCAL,7.0,12.0,PAVED,TwoWay,PAVED,6,50,NO ACCESS,N,1887.0,324.398068958209
HOHNER AVE,01-Non intersection,09-Right shoulder,01-Clear,01-Daylight,MIDBLOCK,Saturday,April,1,HOHNER AVE,2,ROAD,LOCAL,7.0,12.0,PAVED,TwoWay,PAVED,6,50,NO ACCESS,N,1887.0,324.398068958209
SHOEMAKER ST,01-Non intersection,10-Not on roadway - left side,01-Clear,01-Daylight,MIDBLOCK,Thursday,February,0,SHOEMAKER ST,2,ROAD,LOCAL,11.0,20.0,PAVED,TwoWay,PAVED,6,50,NO ACCESS,N,1963.0,1126.54437471931
SHOEMAKER ST,04-At/near private drive,02-Thru lane,01-Clear,01-Daylight,MIDBLOCK,Wednesday,April,0,SHOEMAKER ST,2,ROAD,LOCAL,11.0,20.0,PAVED,TwoWay,PAVED,6,50,NO ACCESS,N,1963.0,1126.54437471931
SHOEMAKER ST,01-Non intersection,02-Thru lane,01-Clear,01-Daylight,MIDBLOCK,Friday,March,0,SHOEMAKER ST,2,ROAD,LOCAL,11.0,20.0,PAVED,TwoWay,PAVED,6,50,NO ACCESS,N,1963.0,1126.54437471931
SHOEMAKER ST,04-At/near private drive,10-Not on roadway - left side,03-Snow,01-Daylight,MIDBLOCK,Wednesday,January,0,SHOEMAKER ST,2,ROAD,LOCAL,11.0,20.0,PAVED,TwoWay,PAVED,6,50,NO ACCESS,N,1963.0,1126.54437471931
SHOEMAKER ST,04-At/near private drive,02-Thru lane,01-Clear,01-Daylight,MIDBLOCK,Friday,February,0,SHOEMAKER ST,2,ROAD,LOCAL,11.0,20.0,PAVED,TwoWay,PAVED,6,50,NO ACCESS,N,1963.0,1126.54437471931
SHOEMAKER ST,04-At/near private drive,02-Thru lane,01-Clear,01-Daylight,MIDBLOCK,Monday,February,0,SHOEMAKER ST,2,ROAD,LOCAL,11.0,20.0,PAVED,TwoWay,PAVED,6,50,NO ACCESS,N,1963.0,1126.54437471931
SHOEMAKER ST,04-At/near private drive,10-Not on roadway - left side,03-Snow,01-Daylight,MIDBLOCK,Friday,November,0,SHOEMAKER ST,2,ROAD,LOCAL,11.0,20.0,PAVED,TwoWay,PAVED,6,50,NO ACCESS,N,1963.0,1126.54437471931
SHOEMAKER ST,04-At/near private drive,11-Not on roadway - right side,01-Clear,01-Daylight,MIDBLOCK,Friday,September,0,SHOEMAKER ST,2,ROAD,LOCAL,11.0,20.0,PAVED,TwoWay,PAVED,6,50,NO ACCESS,N,1963.0,1126.54437471931
SHOEMAKER ST,04-At/near private drive,02-Thru lane,01-Clear,05-Dusk,MIDBLOCK,Wednesday,December,0,SHOEMAKER ST,2,ROAD,LOCAL,11.0,20.0,PAVED,TwoWay,PAVED,6,50,NO ACCESS,N,1963.0,1126.54437471931
RISTAU PL,04-At/near private drive,02-Thru lane,01-Clear,"08-Dark, artificial",MIDBLOCK,Sunday,August,1,RISTAU PL,2,ROAD,LOCAL,8.0,21.0,PAVED,TwoWay,PAVED,6,50,NO ACCESS,N,1986.0,20.987978321047198
RISTAU PL,04-At/near private drive,02-Thru lane,01-Clear,"08-Dark, artificial",MIDBLOCK,Sunday,August,1,RISTAU PL,1,BULB,LOCAL,8.0,41.0,PAVED,FromTo,PAVED,6,50,NO ACCESS,N,1986.0,123.077623139447
RISTAU PL,01-Non intersection,02-Thru lane,01-Clear,01-Daylight,MIDBLOCK,Monday,April,0,RISTAU PL,2,ROAD,LOCAL,8.0,21.0,PAVED,TwoWay,PAVED,6,50,NO ACCESS,N,1986.0,20.987978321047198
RISTAU PL,01-Non intersection,02-Thru lane,01-Clear,01-Daylight,MIDBLOCK,Monday,April,0,RISTAU PL,1,BULB,LOCAL,8.0,41.0,PAVED,FromTo,PAVED,6,50,NO ACCESS,N,1986.0,123.077623139447
GREENOCK DR,04-At/near private drive,09-Right shoulder,01-Clear,01-Daylight,MIDBLOCK,Tuesday,July,0,GREENOCK DR,2,ROAD,LOCAL,9.0,20.0,PAVED,TwoWay,PAVED,6,50,NO ACCESS,N,1974.0,279.145614533867
GREENOCK DR,04-At/near private drive,09-Right shoulder,01-Clear,01-Daylight,MIDBLOCK,Tuesday,July,0,GREENOCK DR,2,ROAD,LOCAL,9.0,20.0,PAVED,TwoWay,PAVED,6,50,NO ACCESS,N,1974.0,83.46141154999171
GREENOCK DR,04-At/near private drive,02-Thru lane,01-Clear,01-Daylight,MIDBLOCK,Tuesday,April,0,GREENOCK DR,2,ROAD,LOCAL,9.0,20.0,PAVED,TwoWay,PAVED,6,50,NO ACCESS,N,1974.0,279.145614533867
GREENOCK DR,04-At/near private drive,02-Thru lane,01-Clear,01-Daylight,MIDBLOCK,Tuesday,April,0,GREENOCK DR,2,ROAD,LOCAL,9.0,20.0,PAVED,TwoWay,PAVED,6,50,NO ACCESS,N,1974.0,83.46141154999171
BRIDLEWREATH ST,04-At/near private drive,12-Off highway,02-Rain,01-Daylight,MIDBLOCK,Saturday,October,1,BRIDLEWREATH ST,2,ROAD,LOCAL,9.0,18.0,PAVED,TwoWay,PAVED,6,50,NO ACCESS,N,2001.0,85.1259953176023
BRIDLEWREATH ST,04-At/near private drive,12-Off highway,02-Rain,01-Daylight,MIDBLOCK,Saturday,October,1,BRIDLEWREATH ST,2,ROAD,LOCAL,9.0,18.0,PAVED,TwoWay,PAVED,6,50,NO ACCESS,N,2006.0,311.392328982464