LOCATION,ACCIDENT_LOCATION,IMPACT_LOCATION,ENVIRONMENT_CONDITION,LIGHT,COLLISION_TYPE,DAY_OF_WEEK,MONTH,IS_WEEKEND,STREET,LANES,CATEGORY,SUBCATEGORY,PAVEMENT_WIDTH,ROW_WIDTH,SHOULDER,FLOW_DIRECTION,SURFACE_LAYER_TYPE,OFFICIAL_ROAD_CLASSIFICATION,SPEED_LIMIT_KM,TRUCK_ACCESS,BUS_ROUTE,SERVICE_YEAR,Shape__Length
BRIDLEWREATH ST,04-At/near private drive,12-Off highway,02-Rain,01-Daylight,MIDBLOCK,Saturday,October,1,BRIDLEWREATH ST,2,ROAD,LOCAL,9.0,18.0,PAVED,TwoWay,PAVED,6,50,NO ACCESS,N,2000.0,263.05739225293996
BRIDLEWREATH ST,04-At/near private drive,12-Off highway,02-Rain,01-Daylight,MIDBLOCK,Saturday,October,1,BRIDLEWREATH ST,2,ROAD,LOCAL,10.0,18.0,PAVED,TwoWay,PAVED,6,50,NO ACCESS,N,2006.0,76.68195543191341
BRIDLEWREATH ST,04-At/near private drive,12-Off highway,02-Rain,01-Daylight,MIDBLOCK,Saturday,October,1,BRIDLEWREATH ST,2,ROAD,LOCAL,9.0,18.0,PAVED,TwoWay,PAVED,6,50,NO ACCESS,N,2000.0,82.99975612800759
BRIDLEWREATH ST,01-Non intersection,02-Thru lane,01-Clear,07-Dark,MIDBLOCK,Thursday,December,0,BRIDLEWREATH ST,2,ROAD,LOCAL,9.0,18.0,PAVED,TwoWay,PAVED,6,50,NO ACCESS,N,2001.0,85.1259953176023
BRIDLEWREATH ST,01-Non intersection,02-Thru lane,01-Clear,07-Dark,MIDBLOCK,Thursday,December,0,BRIDLEWREATH ST,2,ROAD,LOCAL,9.0,18.0,PAVED,TwoWay,PAVED,6,50,NO ACCESS,N,2006.0,311.392328982464
BRIDLEWREATH ST,01-Non intersection,02-Thru lane,01-Clear,07-Dark,MIDBLOCK,Thursday,December,0,BRIDLEWREATH ST,2,ROAD,LOCAL,9.0,18.0,PAVED,TwoWay,PAVED,6,50,NO ACCESS,N,2000.0,263.05739225293996
BRIDLEWREATH ST,01-Non intersection,02-Thru lane,01-Clear,07-Dark,MIDBLOCK,Thursday,December,0,BRIDLEWREATH ST,2,ROAD,LOCAL,10.0,18.0,PAVED,TwoWay,PAVED,6,50,NO ACCESS,N,2006.0,76.68195543191341
BRIDLEWREATH ST,01-Non intersection,02-Thru lane,01-Clear,07-Dark,MIDBLOCK,Thursday,December,0,BRIDLEWREATH ST,2,ROAD,LOCAL,9.0,18.0,PAVED,TwoWay,PAVED,6,50,NO ACCESS,N,2000.0,82.99975612800759
BRIDLEWREATH ST,04-At/near private drive,02-Thru lane,01-Clear,01-Daylight,MIDBLOCK,Thursday,February,0,BRIDLEWREATH ST,2,ROAD,LOCAL,9.0,18.0,PAVED,TwoWay,PAVED,6,50,NO ACCESS,N,2001.0,85.1259953176023
BRIDLEWREATH ST,04-At/near private drive,02-Thru lane,01-Clear,01-Daylight,MIDBLOCK,Thursday,February,0,BRIDLEWREATH ST,2,ROAD,LOCAL,9.0,18.0,PAVED,TwoWay,PAVED,6,50,NO ACCESS,N,2006.0,311.392328982464
BRIDLEWREATH ST,04-At/near private drive,02-Thru lane,01-Clear,01-Daylight,MIDBLOCK,Thursday,February,0,BRIDLEWREATH ST,2,ROAD,LOCAL,9.0,18.0,PAVED,TwoWay,PAVED,6,50,NO ACCESS,N,2000.0,263.05739225293996
BRIDLEWREATH ST,04-At/near private drive,02-Thru lane,01-Clear,01-Daylight,MIDBLOCK,Thursday,February,0,BRIDLEWREATH ST,2,ROAD,LOCAL,10.0,18.0,PAVED,TwoWay,PAVED,6,50,NO ACCESS,N,2006.0,76.68195543191341
BRIDLEWREATH ST,04-At/near private drive,02-Thru lane,01-Clear,01-Daylight,MIDBLOCK,Thursday,February,0,BRIDLEWREATH ST,2,ROAD,LOCAL,9.0,18.0,PAVED,TwoWay,PAVED,6,50,NO ACCESS,N,2000.0,82.99975612800759
BRIDLEWREATH ST,04-At/near private drive,09-Right shoulder,01-Clear,01-Daylight,MIDBLOCK,Sunday,March,1,BRIDLEWREATH ST,2,ROAD,LOCAL,9.0,18.0,PAVED,TwoWay,PAVED,6,50,NO ACCESS,N,2001.0,85.1259953176023
BRIDLEWREATH ST,04-At/near private drive,09-Right shoulder,01-Clear,01-Daylight,MIDBLOCK,Sunday,March,1,BRIDLEWREATH ST,2,ROAD,LOCAL,9.0,18.0,PAVED,TwoWay,PAVED,6,50,NO ACCESS,N,2006.0,311.392328982464
BRIDLEWREATH ST,04-At/near private drive,09-Right shoulder,01-Clear,01-Daylight,MIDBLOCK,Sunday,March,1,BRIDLEWREATH ST,2,ROAD,LOCAL,9.0,18.0,PAVED,TwoWay,PAVED,6,50,NO ACCESS,N,2000.0,263.05739225293996
BRIDLEWREATH ST,04-At/near private drive,09-Right shoulder,01-Clear,01-Daylight,MIDBLOCK,Sunday,March,1,BRIDLEWREATH ST,2,ROAD,LOCAL,10.0,18.0,PAVED,TwoWay,PAVED,6,50,NO ACCESS,N,2006.0,76.68195543191341
BRIDLEWREATH ST,04-At/near private drive,09-Right shoulder,01-Clear,01-Daylight,MIDBLOCK,Sunday,March,1,BRIDLEWREATH ST,2,ROAD,LOCAL,9.0,18.0,PAVED,TwoWay,PAVED,6,50,NO ACCESS,N,2000.0,82.99975612800759
BRIDLEWREATH ST,01-Non intersection,02-Thru lane,01-Clear,01-Daylight,MIDBLOCK,Tuesday,December,0,BRIDLEWREATH ST,2,ROAD,LOCAL,9.0,18.0,PAVED,TwoWay,PAVED,6,50,NO ACCESS,N,2001.0,85.1259953176023
BRIDLEWREATH ST,01-Non intersection,02-Thru lane,01-Clear,01-Daylight,MIDBLOCK,Tuesday,December,0,BRIDLEWREATH ST,2,ROAD,LOCAL,9.0,18.0,PAVED,TwoWay,PAVED,6,50,NO ACCESS,N,2006.0,311.392328982464
BRIDLEWREATH ST,01-Non intersection,02-Thru lane,01-Clear,01-Daylight,MIDBLOCK,Tuesday,December,0,BRIDLEWREATH ST,2,ROAD,LOCAL,9.0,18.0,PAVED,TwoWay,PAVED,6,50,NO ACCESS,N,2000.0,263.05739225293996
BRIDLEWREATH ST,01-Non intersection,02-Thru lane,01-Clear,01-Daylight,MIDBLOCK,Tuesday,December,0,BRIDLEWREATH ST,2,ROAD,LOCAL,10.0,18.0,PAVED,TwoWay,PAVED,6,50,NO ACCESS,N,2006.0,76.68195543191341
BRIDLEWREATH ST,01-Non intersection,02-Thru lane,01-Clear,01-Daylight,MIDBLOCK,Tuesday,December,0,BRIDLEWREATH ST,2,ROAD,LOCAL,9.0,18.0,PAVED,TwoWay,PAVED,6,50,NO ACCESS,N,2000.0,82.99975612800759
BRIDLEWREATH ST,04-At/near private drive,09-Right shoulder,01-Clear,01-Daylight,MIDBLOCK,Saturday,August,1,BRIDLEWREATH ST,2,ROAD,LOCAL,9.0,18.0,PAVED,TwoWay,PAVED,6,50,NO ACCESS,N,2001.0,85.1259953176023
BRIDLEWREATH ST,04-At/near private drive,09-Right shoulder,01-Clear,01-Daylight,MIDBLOCK,Saturday,August,1,BRIDLEWREATH ST,2,ROAD,LOCAL,9.0,18.0,PAVED,TwoWay,PAVED,6,50,NO ACCESS,N,2006.0,311.392328982464
BRIDLEWREATH ST,04-At/near private drive,09-Right shoulder,01-Clear,01-Daylight,MIDBLOCK,Saturday,August,1,BRIDLEWREATH ST,2,ROAD,LOCAL,9.0,18.0,PAVED,TwoWay,PAVED,6,50,NO ACCESS,N,2000.0,263.05739225293996
BRIDLEWREATH ST,04-At/near private drive,09-Right shoulder,01-Clear,01-Daylight,MIDBLOCK,Saturday,August,1,BRIDLEWREATH ST,2,ROAD,LOCAL,10.0,18.0,PAVED,TwoWay,PAVED,6,50,NO ACCESS,N,2006.0,76.68195543191341
BRIDLEWREATH ST,04-At/near private drive,09-Right shoulder,01-Clear,01-Daylight,MIDBLOCK,Saturday,August,1,BRIDLEWREATH ST,2,ROAD,LOCAL,9.0,18.0,PAVED,TwoWay,PAVED,6,50,NO ACCESS,N,2000.0,82.99975612800759
BLACKHORNE DR,01-Non intersection,02-Thru lane,03-Snow,01-Daylight,MIDBLOCK,Monday,January,0,BLACKHORNE DR,2,ROAD,LOCAL,10.0,20.0,PAVED,TwoWay,PAVED,6,50,NO ACCESS,N,1973.0,215.18029685939496
BLACKHORNE DR,01-Non intersection,02-Thru lane,03-Snow,01-Daylight,MIDBLOCK,Monday,January,0,BLACKHORNE DR,2,ROAD,LOCAL,10.0,20.0,PAVED,TwoWay,PAVED,6,50,NO ACCESS,N,1974.0,118.775658816129
BLACKHORNE DR,01-Non intersection,02-Thru lane,03-Snow,01-Daylight,MIDBLOCK,Monday,January,0,BLACKHORNE DR,2,ROAD,LOCAL,10.0,20.0,PAVED,TwoWay,PAVED,6,50,NO ACCESS,N,1974.0,119.832964738507
BLACKHORNE DR,01-Non intersection,02-Thru lane,03-Snow,01-Daylight,MIDBLOCK,Monday,January,0,BLACKHORNE DR,2,ROAD,LOCAL,10.0,20.0,PAVED,TwoWay,PAVED,6,50,NO ACCESS,N,1974.0,264.548279122552
BLACKHORNE DR,01-Non intersection,02-Thru lane,03-Snow,01-Daylight,MIDBLOCK,Monday,January,0,BLACKHORNE DR,2,ROAD,LOCAL,10.0,20.0,PAVED,TwoWay,PAVED,6,50,NO ACCESS,N,1973.0,92.31157025701022
BLACKHORNE DR,01-Non intersection,02-Thru lane,03-Snow,01-Daylight,MIDBLOCK,Monday,January,0,BLACKHORNE DR,2,ROAD,LOCAL,10.0,20.0,PAVED,TwoWay,PAVED,6,50,NO ACCESS,N,1973.0,197.53376189441798
BLACKHORNE DR,01-Non intersection,02-Thru lane,03-Snow,01-Daylight,MIDBLOCK,Monday,January,0,BLACKHORNE DR,2,ROAD,LOCAL,10.0,20.0,PAVED,TwoWay,PAVED,6,50,NO ACCESS,N,1973.0,163.18654515857202
BLACKHORNE DR,01-Non intersection,09-Right shoulder,01-Clear,01-Daylight,MIDBLOCK,Saturday,April,1,BLACKHORNE DR,2,ROAD,LOCAL,10.0,20.0,PAVED,TwoWay,PAVED,6,50,NO ACCESS,N,1973.0,215.18029685939496
BLACKHORNE DR,01-Non intersection,09-Right shoulder,01-Clear,01-Daylight,MIDBLOCK,Saturday,April,1,BLACKHORNE DR,2,ROAD,LOCAL,10.0,20.0,PAVED,TwoWay,PAVED,6,50,NO ACCESS,N,1974.0,118.775658816129
BLACKHORNE DR,01-Non intersection,09-Right shoulder,01-Clear,01-Daylight,MIDBLOCK,Saturday,April,1,BLACKHORNE DR,2,ROAD,LOCAL,10.0,20.0,PAVED,TwoWay,PAVED,6,50,NO ACCESS,N,1974.0,119.832964738507
BLACKHORNE DR,01-Non intersection,09-Right shoulder,01-Clear,01-Daylight,MIDBLOCK,Saturday,April,1,BLACKHORNE DR,2,ROAD,LOCAL,10.0,20.0,PAVED,TwoWay,PAVED,6,50,NO ACCESS,N,1974.0,264.548279122552
BLACKHORNE DR,01-Non intersection,09-Right shoulder,01-Clear,01-Daylight,MIDBLOCK,Saturday,April,1,BLACKHORNE DR,2,ROAD,LOCAL,10.0,20.0,PAVED,TwoWay,PAVED,6,50,NO ACCESS,N,1973.0,92.31157025701022
BLACKHORNE DR,01-Non intersection,09-Right shoulder,01-Clear,01-Daylight,MIDBLOCK,Saturday,April,1,BLACKHORNE DR,2,ROAD,LOCAL,10.0,20.0,PAVED,TwoWay,PAVED,6,50,NO ACCESS,N,1973.0,197.53376189441798
BLACKHORNE DR,01-Non intersection,09-Right shoulder,01-Clear,01-Daylight,MIDBLOCK,Saturday,April,1,BLACKHORNE DR,2,ROAD,LOCAL,10.0,20.0,PAVED,TwoWay,PAVED,6,50,NO ACCESS,N,1973.0,163.18654515857202
BLACKHORNE DR,04-At/near private drive,02-Thru lane,01-Clear,07-Dark,MIDBLOCK,Sunday,December,1,BLACKHORNE DR,2,ROAD,LOCAL,10.0,20.0,PAVED,TwoWay,PAVED,6,50,NO ACCESS,N,1973.0,215.18029685939496
BLACKHORNE DR,04-At/near private drive,02-Thru lane,01-Clear,07-Dark,MIDBLOCK,Sunday,December,1,BLACKHORNE DR,2,ROAD,LOCAL,10.0,20.0,PAVED,TwoWay,PAVED,6,50,NO ACCESS,N,1974.0,118.775658816129
BLACKHORNE DR,04-At/near private drive,02-Thru lane,01-Clear,07-Dark,MIDBLOCK,Sunday,December,1,BLACKHORNE DR,2,ROAD,LOCAL,10.0,20.0,PAVED,TwoWay,PAVED,6,50,NO ACCESS,N,1974.0,119.832964738507
BLACKHORNE DR,04-At/near private drive,02-Thru lane,01-Clear,07-Dark,MIDBLOCK,Sunday,December,1,BLACKHORNE DR,2,ROAD,LOCAL,10.0,20.0,PAVED,TwoWay,PAVED,6,50,NO ACCESS,N,1974.0,264.548279122552
BLACKHORNE DR,04-At/near private drive,02-Thru lane,01-Clear,07-Dark,MIDBLOCK,Sunday,December,1,BLACKHORNE DR,2,ROAD,LOCAL,10.0,20.0,PAVED,TwoWay,PAVED,6,50,NO ACCESS,N,1973.0,92.31157025701022
BLACKHORNE DR,04-At/near private drive,02-Thru lane,01-Clear,07-Dark,MIDBLOCK,Sunday,December,1,BLACKHORNE DR,2,ROAD,LOCAL,10.0,20.0,PAVED,TwoWay,PAVED,6,50,NO ACCESS,N,1973.0,197.53376189441798
BLACKHORNE DR,04-At/near private drive,02-Thru lane,01-Clear,07-Dark,MIDBLOCK,Sunday,December,1,BLACKHORNE DR,2,ROAD,LOCAL,10.0,20.0,PAVED,TwoWay,PAVED,6,50,NO ACCESS,N,1973.0,163.18654515857202
BLACKHORNE DR,04-At/near private drive,02-Thru lane,01-Clear,01-Daylight,MIDBLOCK,Monday,May,0,BLACKHORNE DR,2,ROAD,LOCAL,10.0,20.0,PAVED,TwoWay,PAVED,6,50,NO ACCESS,N,1973.0,215.18029685939496
BLACKHORNE DR,04-At/near private drive,02-Thru lane,01-Clear,01-Daylight,MIDBLOCK,Monday,May,0,BLACKHORNE DR,2,ROAD,LOCAL,10.0,20.0,PAVED,TwoWay,PAVED,6,50,NO ACCESS,N,1974.0,118.775658816129
BLACKHORNE DR,04-At/near private drive,02-Thru lane,01-Clear,01-Daylight,MIDBLOCK,Monday,May,0,BLACKHORNE DR,2,ROAD,LOCAL,10.0,20.0,PAVED,TwoWay,PAVED,6,50,NO ACCESS,N,1974.0,119.832964738507
BLACKHORNE DR,04-At/near private drive,02-Thru lane,01-Clear,01-Daylight,MIDBLOCK,Monday,May,0,BLACKHORNE DR,2,ROAD,LOCAL,10.0,20.0,PAVED,TwoWay,PAVED,6,50,NO ACCESS,N,1974.0,264.548279122552
BLACKHORNE DR,04-At/near private drive,02-Thru lane,01-Clear,01-Daylight,MIDBLOCK,Monday,May,0,BLACKHORNE DR,2,ROAD,LOCAL,10.0,20.0,PAVED,TwoWay,PAVED,6,50,NO ACCESS,N,1973.0,92.31157025701022
BLACKHORNE DR,04-At/near private drive,02-Thru lane,01-Clear,01-Daylight,MIDBLOCK,Monday,May,0,BLACKHORNE DR,2,ROAD,LOCAL,10.0,20.0,PAVED,TwoWay,PAVED,6,50,NO ACCESS,N,1973.0,197.53376189441798
BLACKHORNE DR,04-At/near private drive,02-Thru lane,01-Clear,01-Daylight,MIDBLOCK,Monday,May,0,BLACKHORNE DR,2,ROAD,LOCAL,10.0,20.0,PAVED,TwoWay,PAVED,6,50,NO ACCESS,N,1973.0,163.18654515857202
BLACKHORNE DR,01-Non intersection,02-Thru lane,01-Clear,"08-Dark, artificial",MIDBLOCK,Thursday,October,0,BLACKHORNE DR,2,ROAD,LOCAL,10.0,20.0,PAVED,TwoWay,PAVED,6,50,NO ACCESS,N,1973.0,215.18029685939496
BLACKHORNE DR,01-Non intersection,02-Thru lane,01-Clear,"08-Dark, artificial",MIDBLOCK,Thursday,October,0,BLACKHORNE DR,2,ROAD,LOCAL,10.0,20.0,PAVED,TwoWay,PAVED,6,50,NO ACCESS,N,1974.0,118.775658816129
BLACKHORNE DR,01-Non intersection,02-Thru lane,01-Clear,"08-Dark, artificial",MIDBLOCK,Thursday,October,0,BLACKHORNE DR,2,ROAD,LOCAL,10.0,20.0,PAVED,TwoWay,PAVED,6,50,NO ACCESS,N,1974.0,119.832964738507
BLACKHORNE DR,01-Non intersection,02-Thru lane,01-Clear,"08-Dark, artificial",MIDBLOCK,Thursday,October,0,BLACKHORNE DR,2,ROAD,LOCAL,10.0,20.0,PAVED,TwoWay,PAVED,6,50,NO ACCESS,N,1974.0,264.548279122552
BLACKHORNE DR,01-Non intersection,02-Thru lane,01-Clear,"08-Dark, artificial",MIDBLOCK,Thursday,October,0,BLACKHORNE DR,2,ROAD,LOCAL,10.0,20.0,PAVED,TwoWay,PAVED,6,50,NO ACCESS,N,1973.0,92.31157025701022
BLACKHORNE DR,01-Non intersection,02-Thru lane,01-Clear,"08-Dark, artificial",MIDBLOCK,Thursday,October,0,BLACKHORNE DR,2,ROAD,LOCAL,10.0,20.0,PAVED,TwoWay,PAVED,6,50,NO ACCESS,N,1973.0,197.53376189441798
BLACKHORNE DR,01-Non intersection,02-Thru lane,01-Clear,"08-Dark, artificial",MIDBLOCK,Thursday,October,0,BLACKHORNE DR,2,ROAD,LOCAL,10.0,20.0,PAVED,TwoWay,PAVED,6,50,NO ACCESS,N,1973.0,163.18654515857202
BLACKHORNE DR,04-At/near private drive,02-Thru lane,01-Clear,01-Daylight,MIDBLOCK,Thursday,September,0,BLACKHORNE DR,2,ROAD,LOCAL,10.0,20.0,PAVED,TwoWay,PAVED,6,50,NO ACCESS,N,1973.0,215.18029685939496
BLACKHORNE DR,04-At/near private drive,02-Thru lane,01-Clear,01-Daylight,MIDBLOCK,Thursday,September,0,BLACKHORNE DR,2,ROAD,LOCAL,10.0,20.0,PAVED,TwoWay,PAVED,6,50,NO ACCESS,N,1974.0,118.775658816129
BLACKHORNE DR,04-At/near private drive,02-Thru lane,01-Clear,01-Daylight,MIDBLOCK,Thursday,September,0,BLACKHORNE DR,2,ROAD,LOCAL,10.0,20.0,PAVED,TwoWay,PAVED,6,50,NO ACCESS,N,1974.0,119.832964738507
BLACKHORNE DR,04-At/near private drive,02-Thru lane,01-Clear,01-Daylight,MIDBLOCK,Thursday,September,0,BLACKHORNE DR,2,ROAD,LOCAL,10.0,20.0,PAVED,TwoWay,PAVED,6,50,NO ACCESS,N,1974.0,264.548279122552
BLACKHORNE DR,04-At/near private drive,02-Thru lane,01-Clear,01-Daylight,MIDBLOCK,Thursday,September,0,BLACKHORNE DR,2,ROAD,LOCAL,10.0,20.0,PAVED,TwoWay,PAVED,6,50,NO ACCESS,N,1973.0,92.31157025701022
BLACKHORNE DR,04-At/near private drive,02-Thru lane,01-Clear,01-Daylight,MIDBLOCK,Thursday,September,0,BLACKHORNE DR,2,ROAD,LOCAL,10.0,20.0,PAVED,TwoWay,PAVED,6,50,NO ACCESS,N,1973.0,197.53376189441798
BLACKHORNE DR,04-At/near private drive,02-Thru lane,01-Clear,01-Daylight,MIDBLOCK,Thursday,September,0,BLACKHORNE DR,2,ROAD,LOCAL,10.0,20.0,PAVED,TwoWay,PAVED,6,50,NO ACCESS,N,1973.0,163.18654515857202
BLACKHORNE DR,01-Non intersection,02-Thru lane,01-Clear,"08-Dark, artificial",MIDBLOCK,Saturday,September,1,BLACKHORNE DR,2,ROAD,LOCAL,10.0,20.0,PAVED,TwoWay,PAVED,6,50,NO ACCESS,N,1973.0,215.18029685939496
BLACKHORNE DR,01-Non intersection,02-Thru lane,01-Clear,"08-Dark, artificial",MIDBLOCK,Saturday,September,1,BLACKHORNE DR,2,ROAD,LOCAL,10.0,20.0,PAVED,TwoWay,PAVED,6,50,NO ACCESS,N,1974.0,118.775658816129
BLACKHORNE DR,01-Non intersection,02-Thru lane,01-Clear,"08-Dark, artificial",MIDBLOCK,Saturday,September,1,BLACKHORNE DR,2,ROAD,LOCAL,10.0,20.0,PAVED,TwoWay,PAVED,6,50,NO ACCESS,N,1974.0,119.832964738507
BLACKHORNE DR,01-Non intersection,02-Thru lane,01-Clear,"08-Dark, artificial",MIDBLOCK,Saturday,September,1,BLACKHORNE DR,2,ROAD,LOCAL,10.0,20.0,PAVED,TwoWay,PAVED,6,50,NO ACCESS,N,1974.0,264.548279122552
BLACKHORNE DR,01-Non intersection,02-Thru lane,01-Clear,"08-Dark, artificial",MIDBLOCK,Saturday,September,1,BLACKHORNE DR,2,ROAD,LOCAL,10.0,20.0,PAVED,TwoWay,PAVED,6,50,NO ACCESS,N,1973.0,92.31157025701022
BLACKHORNE DR,01-Non intersection,02-Thru lane,01-Clear,"08-Dark, artificial",MIDBLOCK,Saturday,September,1,BLACKHORNE DR,2,ROAD,LOCAL,10.0,20.0,PAVED,TwoWay,PAVED,6,50,NO ACCESS,N,1973.0,197.53376189441798
BLACKHORNE DR,01-Non intersection,02-Thru lane,01-Clear,"08-Dark, artificial",MIDBLOCK,Saturday,September,1,BLACKHORNE DR,2,ROAD,LOCAL,10.0,20.0,PAVED,TwoWay,PAVED,6,50,NO ACCESS,N,1973.0,163.18654515857202
BLACKHORNE DR,04-At/near private drive,12-Off highway,01-Clear,01-Daylight,MIDBLOCK,Friday,June,0,BLACKHORNE DR,2,ROAD,LOCAL,10.0,20.0,PAVED,TwoWay,PAVED,6,50,NO ACCESS,N,1973.0,215.18029685939496
BLACKHORNE DR,04-At/near private drive,12-Off highway,01-Clear,01-Daylight,MIDBLOCK,Friday,June,0,BLACKHORNE DR,2,ROAD,LOCAL,10.0,20.0,PAVED,TwoWay,PAVED,6,50,NO ACCESS,N,1974.0,118.775658816129
BLACKHORNE DR,04-At/near private drive,12-Off highway,01-Clear,01-Daylight,MIDBLOCK,Friday,June,0,BLACKHORNE DR,2,ROAD,LOCAL,10.0,20.0,PAVED,TwoWay,PAVED,6,50,NO ACCESS,N,1974.0,119.832964738507
BLACKHORNE DR,04-At/near private drive,12-Off highway,01-Clear,01-Daylight,MIDBLOCK,Friday,June,0,BLACKHORNE DR,2,ROAD,LOCAL,10.0,20.0,PAVED,TwoWay,PAVED,6,50,NO ACCESS,N,1974.0,264.548279122552
BLACKHORNE DR,04-At/near private drive,12-Off highway,01-Clear,01-Daylight,MIDBLOCK,Friday,June,0,BLACKHORNE DR,2,ROAD,LOCAL,10.0,20.0,PAVED,TwoWay,PAVED,6,50,NO ACCESS,N,1973.0,92.31157025701022
BLACKHORNE DR,04-At/near private drive,12-Off highway,01-Clear,01-Daylight,MIDBLOCK,Friday,June,0,BLACKHORNE DR,2,ROAD,LOCAL,10.0,20.0,PAVED,TwoWay,PAVED,6,50,NO ACCESS,N,1973.0,197.53376189441798
BLACKHORNE DR,04-At/near private drive,12-Off highway,01-Clear,01-Daylight,MIDBLOCK,Friday,June,0,BLACKHORNE DR,2,ROAD,LOCAL,10.0,20.0,PAVED,TwoWay,PAVED,6,50,NO ACCESS,N,1973.0,163.18654515857202
BLACKHORNE DR,04-At/near private drive,02-Thru lane,01-Clear,01-Daylight,MIDBLOCK,Friday,April,0,BLACKHORNE DR,2,ROAD,LOCAL,10.0,20.0,PAVED,TwoWay,PAVED,6,50,NO ACCESS,N,1973.0,215.18029685939496
BLACKHORNE DR,04-At/near private drive,02-Thru lane,01-Clear,01-Daylight,MIDBLOCK,Friday,April,0,BLACKHORNE DR,2,ROAD,LOCAL,10.0,20.0,PAVED,TwoWay,PAVED,6,50,NO ACCESS,N,1974.0,118.775658816129
BLACKHORNE DR,04-At/near private drive,02-Thru lane,01-Clear,01-Daylight,MIDBLOCK,Friday,April,0,BLACKHORNE DR,2,ROAD,LOCAL,10.0,20.0,PAVED,TwoWay,PAVED,6,50,NO ACCESS,N,1974.0,119.832964738507
BLACKHORNE DR,04-At/near private drive,02-Thru lane,01-Clear,01-Daylight,MIDBLOCK,Friday,April,0,BLACKHORNE DR,2,ROAD,LOCAL,10.0,20.0,PAVED,TwoWay,PAVED,6,50,NO ACCESS,N,1974.0,264.548279122552
BLACKHORNE DR,04-At/near private drive,02-Thru lane,01-Clear,01-Daylight,MIDBLOCK,Friday,April,0,BLACKHORNE DR,2,ROAD,LOCAL,10.0,20.0,PAVED,TwoWay,PAVED,6,50,NO ACCESS,N,1973.0,92.31157025701022
BLACKHORNE DR,04-At/near private drive,02-Thru lane,01-Clear,01-Daylight,MIDBLOCK,Friday,April,0,BLACKHORNE DR,2,ROAD,LOCAL,10.0,20.0,PAVED,TwoWay,PAVED,6,50,NO ACCESS,N,1973.0,197.53376189441798
BLACKHORNE DR,04-At/near private drive,02-Thru lane,01-Clear,01-Daylight,MIDBLOCK,Friday,April,0,BLACKHORNE DR,2,ROAD,LOCAL,10.0,20.0,PAVED,TwoWay,PAVED,6,50,NO ACCESS,N,1973.0,163.18654515857202
BLACKHORNE DR,01-Non intersection,02-Thru lane,01-Clear,07-Dark,MIDBLOCK,Thursday,January,0,BLACKHORNE DR,2,ROAD,LOCAL,10.0,20.0,PAVED,TwoWay,PAVED,6,50,NO ACCESS,N,1973.0,215.18029685939496
BLACKHORNE DR,01-Non intersection,02-Thru lane,01-Clear,07-Dark,MIDBLOCK,Thursday,January,0,BLACKHORNE DR,2,ROAD,LOCAL,10.0,20.0,PAVED,TwoWay,PAVED,6,50,NO ACCESS,N,1974.0,118.775658816129
BLACKHORNE DR,01-Non intersection,02-Thru lane,01-Clear,07-Dark,MIDBLOCK,Thursday,January,0,BLACKHORNE DR,2,ROAD,LOCAL,10.0,20.0,PAVED,TwoWay,PAVED,6,50,NO ACCESS,N,1974.0,119.832964738507
BLACKHORNE DR,01-Non intersection,02-Thru lane,01-Clear,07-Dark,MIDBLOCK,Thursday,January,0,BLACKHORNE DR,2,ROAD,LOCAL,10.0,20.0,PAVED,TwoWay,PAVED,6,50,NO ACCESS,N,1974.0,264.548279122552
BLACKHORNE DR,01-Non intersection,02-Thru lane,01-Clear,07-Dark,MIDBLOCK,Thursday,January,0,BLACKHORNE DR,2,ROAD,LOCAL,10.0,20.0,PAVED,TwoWay,PAVED,6,50,NO ACCESS,N,1973.0,92.31157025701022
BLACKHORNE DR,01-Non intersection,02-Thru lane,01-Clear,07-Dark,MIDBLOCK,Thursday,January,0,BLACKHORNE DR,2,ROAD,LOCAL,10.0,20.0,PAVED,TwoWay,PAVED,6,50,NO ACCESS,N,1973.0,197.53376189441798
BLACKHORNE DR,01-Non intersection,02-Thru lane,01-Clear,07-Dark,MIDBLOCK,Thursday,January,0,BLACKHORNE DR,2,ROAD,LOCAL,10.0,20.0,PAVED,TwoWay,PAVED,6,50,NO ACCESS,N,1973.0,163.18654515857202
MANCHESTER RD,01-Non intersection,10-Not on roadway - left side,01-Clear,07-Dark,MIDBLOCK,Wednesday,February,0,MANCHESTER RD,2,ROAD,MINOR,9.0,20.0,PAVED,TwoWay,PAVED,4,40,NO ACCESS,N,1914.0,792.40818451948
MANCHESTER RD,01-Non intersection,10-Not on roadway - left side,01-Clear,07-Dark,MIDBLOCK,Wednesday,February,0,MANCHESTER RD,2,ROAD,LOCAL,9.0,20.0,PAVED,TwoWay,PAVED,6,50,NO ACCESS,N,1958.0,86.7657309174342
MANCHESTER RD,01-Non intersection,10-Not on roadway - left side,01-Clear,07-Dark,MIDBLOCK,Wednesday,February,0,MANCHESTER RD,2,ROAD,LOCAL,9.0,20.0,PAVED,TwoWay,PAVED,6,50,NO ACCESS,N,1958.0,147.619382854544
MANCHESTER RD,01-Non intersection,10-Not on roadway - left side,01-Clear,07-Dark,MIDBLOCK,Wednesday,February,0,MANCHESTER RD,2,ROAD,LOCAL,9.0,20.0,PAVED,TwoWay,PAVED,6,50,NO ACCESS,N,1982.0,87.3410025052371
MANCHESTER RD,01-Non intersection,10-Not on roadway - left side,01-Clear,07-Dark,MIDBLOCK,Wednesday,February,0,MANCHESTER RD,1,BULB,LOCAL,9.0,40.0,PAVED,FromTo,PAVED,6,50,NO ACCESS,N,1982.0,72.92642299639058