LOCATION,ACCIDENT_LOCATION,IMPACT_LOCATION,ENVIRONMENT_CONDITION,LIGHT,COLLISION_TYPE,DAY_OF_WEEK,MONTH,IS_WEEKEND,STREET,LANES,CATEGORY,SUBCATEGORY,PAVEMENT_WIDTH,ROW_WIDTH,SHOULDER,FLOW_DIRECTION,SURFACE_LAYER_TYPE,OFFICIAL_ROAD_CLASSIFICATION,SPEED_LIMIT_KM,TRUCK_ACCESS,BUS_ROUTE,SERVICE_YEAR,Shape__Length
MANCHESTER RD,01-Non intersection,10-Not on roadway - left side,01-Clear,07-Dark,MIDBLOCK,Wednesday,February,0,MANCHESTER RD,2,ROAD,LOCAL,9.0,20.0,PAVED,TwoWay,PAVED,6,50,NO ACCESS,N,1958.0,87.09357986849442
MANCHESTER RD,01-Non intersection,10-Not on roadway - left side,01-Clear,07-Dark,MIDBLOCK,Wednesday,February,0,MANCHESTER RD,2,ROAD,LOCAL,9.0,20.0,PAVED,TwoWay,PAVED,6,50,NO ACCESS,N,1958.0,86.7239779166069
MANCHESTER RD,01-Non intersection,10-Not on roadway - left side,01-Clear,07-Dark,MIDBLOCK,Wednesday,February,0,MANCHESTER RD,2,ROAD,LOCAL,9.0,20.0,PAVED,TwoWay,PAVED,6,50,NO ACCESS,N,1958.0,122.74500661597901
MANCHESTER RD,01-Non intersection,10-Not on roadway - left side,01-Clear,07-Dark,MIDBLOCK,Wednesday,February,0,MANCHESTER RD,2,ROAD,MINOR,9.0,20.0,PAVED,TwoWay,PAVED,4,40,NO ACCESS,N,1959.0,466.915937877295
MANCHESTER RD,01-Non intersection,02-Thru lane,01-Clear,01-Daylight,MIDBLOCK,Tuesday,June,0,MANCHESTER RD,2,ROAD,MINOR,9.0,20.0,PAVED,TwoWay,PAVED,4,40,NO ACCESS,N,1914.0,792.40818451948
MANCHESTER RD,01-Non intersection,02-Thru lane,01-Clear,01-Daylight,MIDBLOCK,Tuesday,June,0,MANCHESTER RD,2,ROAD,LOCAL,9.0,20.0,PAVED,TwoWay,PAVED,6,50,NO ACCESS,N,1958.0,86.7657309174342
MANCHESTER RD,01-Non intersection,02-Thru lane,01-Clear,01-Daylight,MIDBLOCK,Tuesday,June,0,MANCHESTER RD,2,ROAD,LOCAL,9.0,20.0,PAVED,TwoWay,PAVED,6,50,NO ACCESS,N,1958.0,147.619382854544
MANCHESTER RD,01-Non intersection,02-Thru lane,01-Clear,01-Daylight,MIDBLOCK,Tuesday,June,0,MANCHESTER RD,2,ROAD,LOCAL,9.0,20.0,PAVED,TwoWay,PAVED,6,50,NO ACCESS,N,1982.0,87.3410025052371
MANCHESTER RD,01-Non intersection,02-Thru lane,01-Clear,01-Daylight,MIDBLOCK,Tuesday,June,0,MANCHESTER RD,1,BULB,LOCAL,9.0,40.0,PAVED,FromTo,PAVED,6,50,NO ACCESS,N,1982.0,72.92642299639058
MANCHESTER RD,01-Non intersection,02-Thru lane,01-Clear,01-Daylight,MIDBLOCK,Tuesday,June,0,MANCHESTER RD,2,ROAD,LOCAL,9.0,20.0,PAVED,TwoWay,PAVED,6,50,NO ACCESS,N,1958.0,87.09357986849442
MANCHESTER RD,01-Non intersection,02-Thru lane,01-Clear,01-Daylight,MIDBLOCK,Tuesday,June,0,MANCHESTER RD,2,ROAD,LOCAL,9.0,20.0,PAVED,TwoWay,PAVED,6,50,NO ACCESS,N,1958.0,86.7239779166069
MANCHESTER RD,01-Non intersection,02-Thru lane,01-Clear,01-Daylight,MIDBLOCK,Tuesday,June,0,MANCHESTER RD,2,ROAD,LOCAL,9.0,20.0,PAVED,TwoWay,PAVED,6,50,NO ACCESS,N,1958.0,122.74500661597901
MANCHESTER RD,01-Non intersection,02-Thru lane,01-Clear,01-Daylight,MIDBLOCK,Tuesday,June,0,MANCHESTER RD,2,ROAD,MINOR,9.0,20.0,PAVED,TwoWay,PAVED,4,40,NO ACCESS,N,1959.0,466.915937877295
MANCHESTER RD,01-Non intersection,02-Thru lane,01-Clear,"06-Dusk, artificial",MIDBLOCK,Saturday,May,1,MANCHESTER RD,2,ROAD,MINOR,9.0,20.0,PAVED,TwoWay,PAVED,4,40,NO ACCESS,N,1914.0,792.40818451948
MANCHESTER RD,01-Non intersection,02-Thru lane,01-Clear,"06-Dusk, artificial",MIDBLOCK,Saturday,May,1,MANCHESTER RD,2,ROAD,LOCAL,9.0,20.0,PAVED,TwoWay,PAVED,6,50,NO ACCESS,N,1958.0,86.7657309174342
MANCHESTER RD,01-Non intersection,02-Thru lane,01-Clear,"06-Dusk, artificial",MIDBLOCK,Saturday,May,1,MANCHESTER RD,2,ROAD,LOCAL,9.0,20.0,PAVED,TwoWay,PAVED,6,50,NO ACCESS,N,1958.0,147.619382854544
MANCHESTER RD,01-Non intersection,02-Thru lane,01-Clear,"06-Dusk, artificial",MIDBLOCK,Saturday,May,1,MANCHESTER RD,2,ROAD,LOCAL,9.0,20.0,PAVED,TwoWay,PAVED,6,50,NO ACCESS,N,1982.0,87.3410025052371
MANCHESTER RD,01-Non intersection,02-Thru lane,01-Clear,"06-Dusk, artificial",MIDBLOCK,Saturday,May,1,MANCHESTER RD,1,BULB,LOCAL,9.0,40.0,PAVED,FromTo,PAVED,6,50,NO ACCESS,N,1982.0,72.92642299639058
MANCHESTER RD,01-Non intersection,02-Thru lane,01-Clear,"06-Dusk, artificial",MIDBLOCK,Saturday,May,1,MANCHESTER RD,2,ROAD,LOCAL,9.0,20.0,PAVED,TwoWay,PAVED,6,50,NO ACCESS,N,1958.0,87.09357986849442
MANCHESTER RD,01-Non intersection,02-Thru lane,01-Clear,"06-Dusk, artificial",MIDBLOCK,Saturday,May,1,MANCHESTER RD,2,ROAD,LOCAL,9.0,20.0,PAVED,TwoWay,PAVED,6,50,NO ACCESS,N,1958.0,86.7239779166069
MANCHESTER RD,01-Non intersection,02-Thru lane,01-Clear,"06-Dusk, artificial",MIDBLOCK,Saturday,May,1,MANCHESTER RD,2,ROAD,LOCAL,9.0,20.0,PAVED,TwoWay,PAVED,6,50,NO ACCESS,N,1958.0,122.74500661597901
MANCHESTER RD,01-Non intersection,02-Thru lane,01-Clear,"06-Dusk, artificial",MIDBLOCK,Saturday,May,1,MANCHESTER RD,2,ROAD,MINOR,9.0,20.0,PAVED,TwoWay,PAVED,4,40,NO ACCESS,N,1959.0,466.915937877295
MANCHESTER RD,01-Non intersection,12-Off highway,03-Snow,01-Daylight,MIDBLOCK,Tuesday,January,0,MANCHESTER RD,2,ROAD,MINOR,9.0,20.0,PAVED,TwoWay,PAVED,4,40,NO ACCESS,N,1914.0,792.40818451948
MANCHESTER RD,01-Non intersection,12-Off highway,03-Snow,01-Daylight,MIDBLOCK,Tuesday,January,0,MANCHESTER RD,2,ROAD,LOCAL,9.0,20.0,PAVED,TwoWay,PAVED,6,50,NO ACCESS,N,1958.0,86.7657309174342
MANCHESTER RD,01-Non intersection,12-Off highway,03-Snow,01-Daylight,MIDBLOCK,Tuesday,January,0,MANCHESTER RD,2,ROAD,LOCAL,9.0,20.0,PAVED,TwoWay,PAVED,6,50,NO ACCESS,N,1958.0,147.619382854544
MANCHESTER RD,01-Non intersection,12-Off highway,03-Snow,01-Daylight,MIDBLOCK,Tuesday,January,0,MANCHESTER RD,2,ROAD,LOCAL,9.0,20.0,PAVED,TwoWay,PAVED,6,50,NO ACCESS,N,1982.0,87.3410025052371
MANCHESTER RD,01-Non intersection,12-Off highway,03-Snow,01-Daylight,MIDBLOCK,Tuesday,January,0,MANCHESTER RD,1,BULB,LOCAL,9.0,40.0,PAVED,FromTo,PAVED,6,50,NO ACCESS,N,1982.0,72.92642299639058
MANCHESTER RD,01-Non intersection,12-Off highway,03-Snow,01-Daylight,MIDBLOCK,Tuesday,January,0,MANCHESTER RD,2,ROAD,LOCAL,9.0,20.0,PAVED,TwoWay,PAVED,6,50,NO ACCESS,N,1958.0,87.09357986849442
MANCHESTER RD,01-Non intersection,12-Off highway,03-Snow,01-Daylight,MIDBLOCK,Tuesday,January,0,MANCHESTER RD,2,ROAD,LOCAL,9.0,20.0,PAVED,TwoWay,PAVED,6,50,NO ACCESS,N,1958.0,86.7239779166069
MANCHESTER RD,01-Non intersection,12-Off highway,03-Snow,01-Daylight,MIDBLOCK,Tuesday,January,0,MANCHESTER RD,2,ROAD,LOCAL,9.0,20.0,PAVED,TwoWay,PAVED,6,50,NO ACCESS,N,1958.0,122.74500661597901
MANCHESTER RD,01-Non intersection,12-Off highway,03-Snow,01-Daylight,MIDBLOCK,Tuesday,January,0,MANCHESTER RD,2,ROAD,MINOR,9.0,20.0,PAVED,TwoWay,PAVED,4,40,NO ACCESS,N,1959.0,466.915937877295
MANCHESTER RD,01-Non intersection,02-Thru lane,01-Clear,"08-Dark, artificial",MIDBLOCK,Tuesday,July,0,MANCHESTER RD,2,ROAD,MINOR,9.0,20.0,PAVED,TwoWay,PAVED,4,40,NO ACCESS,N,1914.0,792.40818451948
MANCHESTER RD,01-Non intersection,02-Thru lane,01-Clear,"08-Dark, artificial",MIDBLOCK,Tuesday,July,0,MANCHESTER RD,2,ROAD,LOCAL,9.0,20.0,PAVED,TwoWay,PAVED,6,50,NO ACCESS,N,1958.0,86.7657309174342
MANCHESTER RD,01-Non intersection,02-Thru lane,01-Clear,"08-Dark, artificial",MIDBLOCK,Tuesday,July,0,MANCHESTER RD,2,ROAD,LOCAL,9.0,20.0,PAVED,TwoWay,PAVED,6,50,NO ACCESS,N,1958.0,147.619382854544
MANCHESTER RD,01-Non intersection,02-Thru lane,01-Clear,"08-Dark, artificial",MIDBLOCK,Tuesday,July,0,MANCHESTER RD,2,ROAD,LOCAL,9.0,20.0,PAVED,TwoWay,PAVED,6,50,NO ACCESS,N,1982.0,87.3410025052371
MANCHESTER RD,01-Non intersection,02-Thru lane,01-Clear,"08-Dark, artificial",MIDBLOCK,Tuesday,July,0,MANCHESTER RD,1,BULB,LOCAL,9.0,40.0,PAVED,FromTo,PAVED,6,50,NO ACCESS,N,1982.0,72.92642299639058
MANCHESTER RD,01-Non intersection,02-Thru lane,01-Clear,"08-Dark, artificial",MIDBLOCK,Tuesday,July,0,MANCHESTER RD,2,ROAD,LOCAL,9.0,20.0,PAVED,TwoWay,PAVED,6,50,NO ACCESS,N,1958.0,87.09357986849442
MANCHESTER RD,01-Non intersection,02-Thru lane,01-Clear,"08-Dark, artificial",MIDBLOCK,Tuesday,July,0,MANCHESTER RD,2,ROAD,LOCAL,9.0,20.0,PAVED,TwoWay,PAVED,6,50,NO ACCESS,N,1958.0,86.7239779166069
MANCHESTER RD,01-Non intersection,02-Thru lane,01-Clear,"08-Dark, artificial",MIDBLOCK,Tuesday,July,0,MANCHESTER RD,2,ROAD,LOCAL,9.0,20.0,PAVED,TwoWay,PAVED,6,50,NO ACCESS,N,1958.0,122.74500661597901
MANCHESTER RD,01-Non intersection,02-Thru lane,01-Clear,"08-Dark, artificial",MIDBLOCK,Tuesday,July,0,MANCHESTER RD,2,ROAD,MINOR,9.0,20.0,PAVED,TwoWay,PAVED,4,40,NO ACCESS,N,1959.0,466.915937877295
MANCHESTER RD,04-At/near private drive,02-Thru lane,01-Clear,01-Daylight,MIDBLOCK,Wednesday,April,0,MANCHESTER RD,2,ROAD,MINOR,9.0,20.0,PAVED,TwoWay,PAVED,4,40,NO ACCESS,N,1914.0,792.40818451948
MANCHESTER RD,04-At/near private drive,02-Thru lane,01-Clear,01-Daylight,MIDBLOCK,Wednesday,April,0,MANCHESTER RD,2,ROAD,LOCAL,9.0,20.0,PAVED,TwoWay,PAVED,6,50,NO ACCESS,N,1958.0,86.7657309174342
MANCHESTER RD,04-At/near private drive,02-Thru lane,01-Clear,01-Daylight,MIDBLOCK,Wednesday,April,0,MANCHESTER RD,2,ROAD,LOCAL,9.0,20.0,PAVED,TwoWay,PAVED,6,50,NO ACCESS,N,1958.0,147.619382854544
MANCHESTER RD,04-At/near private drive,02-Thru lane,01-Clear,01-Daylight,MIDBLOCK,Wednesday,April,0,MANCHESTER RD,2,ROAD,LOCAL,9.0,20.0,PAVED,TwoWay,PAVED,6,50,NO ACCESS,N,1982.0,87.3410025052371
MANCHESTER RD,04-At/near private drive,02-Thru lane,01-Clear,01-Daylight,MIDBLOCK,Wednesday,April,0,MANCHESTER RD,1,BULB,LOCAL,9.0,40.0,PAVED,FromTo,PAVED,6,50,NO ACCESS,N,1982.0,72.92642299639058
MANCHESTER RD,04-At/near private drive,02-Thru lane,01-Clear,01-Daylight,MIDBLOCK,Wednesday,April,0,MANCHESTER RD,2,ROAD,LOCAL,9.0,20.0,PAVED,TwoWay,PAVED,6,50,NO ACCESS,N,1958.0,87.09357986849442
MANCHESTER RD,04-At/near private drive,02-Thru lane,01-Clear,01-Daylight,MIDBLOCK,Wednesday,April,0,MANCHESTER RD,2,ROAD,LOCAL,9.0,20.0,PAVED,TwoWay,PAVED,6,50,NO ACCESS,N,1958.0,86.7239779166069
MANCHESTER RD,04-At/near private drive,02-Thru lane,01-Clear,01-Daylight,MIDBLOCK,Wednesday,April,0,MANCHESTER RD,2,ROAD,LOCAL,9.0,20.0,PAVED,TwoWay,PAVED,6,50,NO ACCESS,N,1958.0,122.74500661597901
MANCHESTER RD,04-At/near private drive,02-Thru lane,01-Clear,01-Daylight,MIDBLOCK,Wednesday,April,0,MANCHESTER RD,2,ROAD,MINOR,9.0,20.0,PAVED,TwoWay,PAVED,4,40,NO ACCESS,N,1959.0,466.915937877295
MANCHESTER RD,01-Non intersection,02-Thru lane,01-Clear,01-Daylight,MIDBLOCK,Monday,August,0,MANCHESTER RD,2,ROAD,MINOR,9.0,20.0,PAVED,TwoWay,PAVED,4,40,NO ACCESS,N,1914.0,792.40818451948
MANCHESTER RD,01-Non intersection,02-Thru lane,01-Clear,01-Daylight,MIDBLOCK,Monday,August,0,MANCHESTER RD,2,ROAD,LOCAL,9.0,20.0,PAVED,TwoWay,PAVED,6,50,NO ACCESS,N,1958.0,86.7657309174342
MANCHESTER RD,01-Non intersection,02-Thru lane,01-Clear,01-Daylight,MIDBLOCK,Monday,August,0,MANCHESTER RD,2,ROAD,LOCAL,9.0,20.0,PAVED,TwoWay,PAVED,6,50,NO ACCESS,N,1958.0,147.619382854544
MANCHESTER RD,01-Non intersection,02-Thru lane,01-Clear,01-Daylight,MIDBLOCK,Monday,August,0,MANCHESTER RD,2,ROAD,LOCAL,9.0,20.0,PAVED,TwoWay,PAVED,6,50,NO ACCESS,N,1982.0,87.3410025052371
MANCHESTER RD,01-Non intersection,02-Thru lane,01-Clear,01-Daylight,MIDBLOCK,Monday,August,0,MANCHESTER RD,1,BULB,LOCAL,9.0,40.0,PAVED,FromTo,PAVED,6,50,NO ACCESS,N,1982.0,72.92642299639058
MANCHESTER RD,01-Non intersection,02-Thru lane,01-Clear,01-Daylight,MIDBLOCK,Monday,August,0,MANCHESTER RD,2,ROAD,LOCAL,9.0,20.0,PAVED,TwoWay,PAVED,6,50,NO ACCESS,N,1958.0,87.09357986849442
MANCHESTER RD,01-Non intersection,02-Thru lane,01-Clear,01-Daylight,MIDBLOCK,Monday,August,0,MANCHESTER RD,2,ROAD,LOCAL,9.0,20.0,PAVED,TwoWay,PAVED,6,50,NO ACCESS,N,1958.0,86.7239779166069
MANCHESTER RD,01-Non intersection,02-Thru lane,01-Clear,01-Daylight,MIDBLOCK,Monday,August,0,MANCHESTER RD,2,ROAD,LOCAL,9.0,20.0,PAVED,TwoWay,PAVED,6,50,NO ACCESS,N,1958.0,122.74500661597901
MANCHESTER RD,01-Non intersection,02-Thru lane,01-Clear,01-Daylight,MIDBLOCK,Monday,August,0,MANCHESTER RD,2,ROAD,MINOR,9.0,20.0,PAVED,TwoWay,PAVED,4,40,NO ACCESS,N,1959.0,466.915937877295
MANCHESTER RD,04-At/near private drive,02-Thru lane,01-Clear,01-Daylight,MIDBLOCK,Tuesday,November,0,MANCHESTER RD,2,ROAD,MINOR,9.0,20.0,PAVED,TwoWay,PAVED,4,40,NO ACCESS,N,1914.0,792.40818451948
MANCHESTER RD,04-At/near private drive,02-Thru lane,01-Clear,01-Daylight,MIDBLOCK,Tuesday,November,0,MANCHESTER RD,2,ROAD,LOCAL,9.0,20.0,PAVED,TwoWay,PAVED,6,50,NO ACCESS,N,1958.0,86.7657309174342
MANCHESTER RD,04-At/near private drive,02-Thru lane,01-Clear,01-Daylight,MIDBLOCK,Tuesday,November,0,MANCHESTER RD,2,ROAD,LOCAL,9.0,20.0,PAVED,TwoWay,PAVED,6,50,NO ACCESS,N,1958.0,147.619382854544
MANCHESTER RD,04-At/near private drive,02-Thru lane,01-Clear,01-Daylight,MIDBLOCK,Tuesday,November,0,MANCHESTER RD,2,ROAD,LOCAL,9.0,20.0,PAVED,TwoWay,PAVED,6,50,NO ACCESS,N,1982.0,87.3410025052371
MANCHESTER RD,04-At/near private drive,02-Thru lane,01-Clear,01-Daylight,MIDBLOCK,Tuesday,November,0,MANCHESTER RD,1,BULB,LOCAL,9.0,40.0,PAVED,FromTo,PAVED,6,50,NO ACCESS,N,1982.0,72.92642299639058
MANCHESTER RD,04-At/near private drive,02-Thru lane,01-Clear,01-Daylight,MIDBLOCK,Tuesday,November,0,MANCHESTER RD,2,ROAD,LOCAL,9.0,20.0,PAVED,TwoWay,PAVED,6,50,NO ACCESS,N,1958.0,87.09357986849442
MANCHESTER RD,04-At/near private drive,02-Thru lane,01-Clear,01-Daylight,MIDBLOCK,Tuesday,November,0,MANCHESTER RD,2,ROAD,LOCAL,9.0,20.0,PAVED,TwoWay,PAVED,6,50,NO ACCESS,N,1958.0,86.7239779166069
MANCHESTER RD,04-At/near private drive,02-Thru lane,01-Clear,01-Daylight,MIDBLOCK,Tuesday,November,0,MANCHESTER RD,2,ROAD,LOCAL,9.0,20.0,PAVED,TwoWay,PAVED,6,50,NO ACCESS,N,1958.0,122.74500661597901
MANCHESTER RD,04-At/near private drive,02-Thru lane,01-Clear,01-Daylight,MIDBLOCK,Tuesday,November,0,MANCHESTER RD,2,ROAD,MINOR,9.0,20.0,PAVED,TwoWay,PAVED,4,40,NO ACCESS,N,1959.0,466.915937877295
MANCHESTER RD,01-Non intersection,12-Off highway,01-Clear,01-Daylight,MIDBLOCK,Sunday,November,1,MANCHESTER RD,2,ROAD,MINOR,9.0,20.0,PAVED,TwoWay,PAVED,4,40,NO ACCESS,N,1914.0,792.40818451948
MANCHESTER RD,01-Non intersection,12-Off highway,01-Clear,01-Daylight,MIDBLOCK,Sunday,November,1,MANCHESTER RD,2,ROAD,LOCAL,9.0,20.0,PAVED,TwoWay,PAVED,6,50,NO ACCESS,N,1958.0,86.7657309174342
MANCHESTER RD,01-Non intersection,12-Off highway,01-Clear,01-Daylight,MIDBLOCK,Sunday,November,1,MANCHESTER RD,2,ROAD,LOCAL,9.0,20.0,PAVED,TwoWay,PAVED,6,50,NO ACCESS,N,1958.0,147.619382854544
MANCHESTER RD,01-Non intersection,12-Off highway,01-Clear,01-Daylight,MIDBLOCK,Sunday,November,1,MANCHESTER RD,2,ROAD,LOCAL,9.0,20.0,PAVED,TwoWay,PAVED,6,50,NO ACCESS,N,1982.0,87.3410025052371
MANCHESTER RD,01-Non intersection,12-Off highway,01-Clear,01-Daylight,MIDBLOCK,Sunday,November,1,MANCHESTER RD,1,BULB,LOCAL,9.0,40.0,PAVED,FromTo,PAVED,6,50,NO ACCESS,N,1982.0,72.92642299639058
MANCHESTER RD,01-Non intersection,12-Off highway,01-Clear,01-Daylight,MIDBLOCK,Sunday,November,1,MANCHESTER RD,2,ROAD,LOCAL,9.0,20.0,PAVED,TwoWay,PAVED,6,50,NO ACCESS,N,1958.0,87.09357986849442
MANCHESTER RD,01-Non intersection,12-Off highway,01-Clear,01-Daylight,MIDBLOCK,Sunday,November,1,MANCHESTER RD,2,ROAD,LOCAL,9.0,20.0,PAVED,TwoWay,PAVED,6,50,NO ACCESS,N,1958.0,86.7239779166069
MANCHESTER RD,01-Non intersection,12-Off highway,01-Clear,01-Daylight,MIDBLOCK,Sunday,November,1,MANCHESTER RD,2,ROAD,LOCAL,9.0,20.0,PAVED,TwoWay,PAVED,6,50,NO ACCESS,N,1958.0,122.74500661597901
MANCHESTER RD,01-Non intersection,12-Off highway,01-Clear,01-Daylight,MIDBLOCK,Sunday,November,1,MANCHESTER RD,2,ROAD,MINOR,9.0,20.0,PAVED,TwoWay,PAVED,4,40,NO ACCESS,N,1959.0,466.915937877295
MANCHESTER RD,01-Non intersection,09-Right shoulder,01-Clear,01-Daylight,MIDBLOCK,Tuesday,April,0,MANCHESTER RD,2,ROAD,MINOR,9.0,20.0,PAVED,TwoWay,PAVED,4,40,NO ACCESS,N,1914.0,792.40818451948
MANCHESTER RD,01-Non intersection,09-Right shoulder,01-Clear,01-Daylight,MIDBLOCK,Tuesday,April,0,MANCHESTER RD,2,ROAD,LOCAL,9.0,20.0,PAVED,TwoWay,PAVED,6,50,NO ACCESS,N,1958.0,86.7657309174342
MANCHESTER RD,01-Non intersection,09-Right shoulder,01-Clear,01-Daylight,MIDBLOCK,Tuesday,April,0,MANCHESTER RD,2,ROAD,LOCAL,9.0,20.0,PAVED,TwoWay,PAVED,6,50,NO ACCESS,N,1958.0,147.619382854544
MANCHESTER RD,01-Non intersection,09-Right shoulder,01-Clear,01-Daylight,MIDBLOCK,Tuesday,April,0,MANCHESTER RD,2,ROAD,LOCAL,9.0,20.0,PAVED,TwoWay,PAVED,6,50,NO ACCESS,N,1982.0,87.3410025052371
MANCHESTER RD,01-Non intersection,09-Right shoulder,01-Clear,01-Daylight,MIDBLOCK,Tuesday,April,0,MANCHESTER RD,1,BULB,LOCAL,9.0,40.0,PAVED,FromTo,PAVED,6,50,NO ACCESS,N,1982.0,72.92642299639058
MANCHESTER RD,01-Non intersection,09-Right shoulder,01-Clear,01-Daylight,MIDBLOCK,Tuesday,April,0,MANCHESTER RD,2,ROAD,LOCAL,9.0,20.0,PAVED,TwoWay,PAVED,6,50,NO ACCESS,N,1958.0,87.09357986849442
MANCHESTER RD,01-Non intersection,09-Right shoulder,01-Clear,01-Daylight,MIDBLOCK,Tuesday,April,0,MANCHESTER RD,2,ROAD,LOCAL,9.0,20.0,PAVED,TwoWay,PAVED,6,50,NO ACCESS,N,1958.0,86.7239779166069
MANCHESTER RD,01-Non intersection,09-Right shoulder,01-Clear,01-Daylight,MIDBLOCK,Tuesday,April,0,MANCHESTER RD,2,ROAD,LOCAL,9.0,20.0,PAVED,TwoWay,PAVED,6,50,NO ACCESS,N,1958.0,122.74500661597901
MANCHESTER RD,01-Non intersection,09-Right shoulder,01-Clear,01-Daylight,MIDBLOCK,Tuesday,April,0,MANCHESTER RD,2,ROAD,MINOR,9.0,20.0,PAVED,TwoWay,PAVED,4,40,NO ACCESS,N,1959.0,466.915937877295
MANCHESTER RD,01-Non intersection,02-Thru lane,01-Clear,01-Daylight,MIDBLOCK,Wednesday,December,0,MANCHESTER RD,2,ROAD,MINOR,9.0,20.0,PAVED,TwoWay,PAVED,4,40,NO ACCESS,N,1914.0,792.40818451948
MANCHESTER RD,01-Non intersection,02-Thru lane,01-Clear,01-Daylight,MIDBLOCK,Wednesday,December,0,MANCHESTER RD,2,ROAD,LOCAL,9.0,20.0,PAVED,TwoWay,PAVED,6,50,NO ACCESS,N,1958.0,86.7657309174342
MANCHESTER RD,01-Non intersection,02-Thru lane,01-Clear,01-Daylight,MIDBLOCK,Wednesday,December,0,MANCHESTER RD,2,ROAD,LOCAL,9.0,20.0,PAVED,TwoWay,PAVED,6,50,NO ACCESS,N,1958.0,147.619382854544
MANCHESTER RD,01-Non intersection,02-Thru lane,01-Clear,01-Daylight,MIDBLOCK,Wednesday,December,0,MANCHESTER RD,2,ROAD,LOCAL,9.0,20.0,PAVED,TwoWay,PAVED,6,50,NO ACCESS,N,1982.0,87.3410025052371
MANCHESTER RD,01-Non intersection,02-Thru lane,01-Clear,01-Daylight,MIDBLOCK,Wednesday,December,0,MANCHESTER RD,1,BULB,LOCAL,9.0,40.0,PAVED,FromTo,PAVED,6,50,NO ACCESS,N,1982.0,72.92642299639058
MANCHESTER RD,01-Non intersection,02-Thru lane,01-Clear,01-Daylight,MIDBLOCK,Wednesday,December,0,MANCHESTER RD,2,ROAD,LOCAL,9.0,20.0,PAVED,TwoWay,PAVED,6,50,NO ACCESS,N,1958.0,87.09357986849442
MANCHESTER RD,01-Non intersection,02-Thru lane,01-Clear,01-Daylight,MIDBLOCK,Wednesday,December,0,MANCHESTER RD,2,ROAD,LOCAL,9.0,20.0,PAVED,TwoWay,PAVED,6,50,NO ACCESS,N,1958.0,86.7239779166069
MANCHESTER RD,01-Non intersection,02-Thru lane,01-Clear,01-Daylight,MIDBLOCK,Wednesday,December,0,MANCHESTER RD,2,ROAD,LOCAL,9.0,20.0,PAVED,TwoWay,PAVED,6,50,NO ACCESS,N,1958.0,122.74500661597901
MANCHESTER RD,01-Non intersection,02-Thru lane,01-Clear,01-Daylight,MIDBLOCK,Wednesday,December,0,MANCHESTER RD,2,ROAD,MINOR,9.0,20.0,PAVED,TwoWay,PAVED,4,40,NO ACCESS,N,1959.0,466.915937877295
MANCHESTER RD,01-Non intersection,02-Thru lane,01-Clear,07-Dark,MIDBLOCK,Friday,February,0,MANCHESTER RD,2,ROAD,MINOR,9.0,20.0,PAVED,TwoWay,PAVED,4,40,NO ACCESS,N,1914.0,792.40818451948
MANCHESTER RD,01-Non intersection,02-Thru lane,01-Clear,07-Dark,MIDBLOCK,Friday,February,0,MANCHESTER RD,2,ROAD,LOCAL,9.0,20.0,PAVED,TwoWay,PAVED,6,50,NO ACCESS,N,1958.0,86.7657309174342
MANCHESTER RD,01-Non intersection,02-Thru lane,01-Clear,07-Dark,MIDBLOCK,Friday,February,0,MANCHESTER RD,2,ROAD,LOCAL,9.0,20.0,PAVED,TwoWay,PAVED,6,50,NO ACCESS,N,1958.0,147.619382854544
MANCHESTER RD,01-Non intersection,02-Thru lane,01-Clear,07-Dark,MIDBLOCK,Friday,February,0,MANCHESTER RD,2,ROAD,LOCAL,9.0,20.0,PAVED,TwoWay,PAVED,6,50,NO ACCESS,N,1982.0,87.3410025052371
MANCHESTER RD,01-Non intersection,02-Thru lane,01-Clear,07-Dark,MIDBLOCK,Friday,February,0,MANCHESTER RD,1,BULB,LOCAL,9.0,40.0,PAVED,FromTo,PAVED,6,50,NO ACCESS,N,1982.0,72.92642299639058
MANCHESTER RD,01-Non intersection,02-Thru lane,01-Clear,07-Dark,MIDBLOCK,Friday,February,0,MANCHESTER RD,2,ROAD,LOCAL,9.0,20.0,PAVED,TwoWay,PAVED,6,50,NO ACCESS,N,1958.0,87.09357986849442
MANCHESTER RD,01-Non intersection,02-Thru lane,01-Clear,07-Dark,MIDBLOCK,Friday,February,0,MANCHESTER RD,2,ROAD,LOCAL,9.0,20.0,PAVED,TwoWay,PAVED,6,50,NO ACCESS,N,1958.0,86.7239779166069
MANCHESTER RD,01-Non intersection,02-Thru lane,01-Clear,07-Dark,MIDBLOCK,Friday,February,0,MANCHESTER RD,2,ROAD,LOCAL,9.0,20.0,PAVED,TwoWay,PAVED,6,50,NO ACCESS,N,1958.0,122.74500661597901
MANCHESTER RD,01-Non intersection,02-Thru lane,01-Clear,07-Dark,MIDBLOCK,Friday,February,0,MANCHESTER RD,2,ROAD,MINOR,9.0,20.0,PAVED,TwoWay,PAVED,4,40,NO ACCESS,N,1959.0,466.915937877295
MANCHESTER RD,01-Non intersection,10-Not on roadway - left side,03-Snow,01-Daylight,MIDBLOCK,Tuesday,February,0,MANCHESTER RD,2,ROAD,MINOR,9.0,20.0,PAVED,TwoWay,PAVED,4,40,NO ACCESS,N,1914.0,792.40818451948
MANCHESTER RD,01-Non intersection,10-Not on roadway - left side,03-Snow,01-Daylight,MIDBLOCK,Tuesday,February,0,MANCHESTER RD,2,ROAD,LOCAL,9.0,20.0,PAVED,TwoWay,PAVED,6,50,NO ACCESS,N,1958.0,86.7657309174342