LOCATION,ACCIDENT_LOCATION,IMPACT_LOCATION,ENVIRONMENT_CONDITION,LIGHT,COLLISION_TYPE,DAY_OF_WEEK,MONTH,IS_WEEKEND,STREET,LANES,CATEGORY,SUBCATEGORY,PAVEMENT_WIDTH,ROW_WIDTH,SHOULDER,FLOW_DIRECTION,SURFACE_LAYER_TYPE,OFFICIAL_ROAD_CLASSIFICATION,SPEED_LIMIT_KM,TRUCK_ACCESS,BUS_ROUTE,SERVICE_YEAR,Shape__Length
MANCHESTER RD,01-Non intersection,10-Not on roadway - left side,03-Snow,01-Daylight,MIDBLOCK,Tuesday,February,0,MANCHESTER RD,2,ROAD,LOCAL,9.0,20.0,PAVED,TwoWay,PAVED,6,50,NO ACCESS,N,1958.0,147.619382854544
MANCHESTER RD,01-Non intersection,10-Not on roadway - left side,03-Snow,01-Daylight,MIDBLOCK,Tuesday,February,0,MANCHESTER RD,2,ROAD,LOCAL,9.0,20.0,PAVED,TwoWay,PAVED,6,50,NO ACCESS,N,1982.0,87.3410025052371
MANCHESTER RD,01-Non intersection,10-Not on roadway - left side,03-Snow,01-Daylight,MIDBLOCK,Tuesday,February,0,MANCHESTER RD,1,BULB,LOCAL,9.0,40.0,PAVED,FromTo,PAVED,6,50,NO ACCESS,N,1982.0,72.92642299639058
MANCHESTER RD,01-Non intersection,10-Not on roadway - left side,03-Snow,01-Daylight,MIDBLOCK,Tuesday,February,0,MANCHESTER RD,2,ROAD,LOCAL,9.0,20.0,PAVED,TwoWay,PAVED,6,50,NO ACCESS,N,1958.0,87.09357986849442
MANCHESTER RD,01-Non intersection,10-Not on roadway - left side,03-Snow,01-Daylight,MIDBLOCK,Tuesday,February,0,MANCHESTER RD,2,ROAD,LOCAL,9.0,20.0,PAVED,TwoWay,PAVED,6,50,NO ACCESS,N,1958.0,86.7239779166069
MANCHESTER RD,01-Non intersection,10-Not on roadway - left side,03-Snow,01-Daylight,MIDBLOCK,Tuesday,February,0,MANCHESTER RD,2,ROAD,LOCAL,9.0,20.0,PAVED,TwoWay,PAVED,6,50,NO ACCESS,N,1958.0,122.74500661597901
MANCHESTER RD,01-Non intersection,10-Not on roadway - left side,03-Snow,01-Daylight,MIDBLOCK,Tuesday,February,0,MANCHESTER RD,2,ROAD,MINOR,9.0,20.0,PAVED,TwoWay,PAVED,4,40,NO ACCESS,N,1959.0,466.915937877295
FREY CRES,04-At/near private drive,02-Thru lane,01-Clear,01-Daylight,MIDBLOCK,Wednesday,September,0,FREY CRES,2,ROAD,LOCAL,9.0,18.0,PAVED,TwoWay,PAVED,6,50,NO ACCESS,N,2006.0,351.61316899234595
FREY CRES,04-At/near private drive,02-Thru lane,01-Clear,01-Daylight,MIDBLOCK,Tuesday,September,0,FREY CRES,2,ROAD,LOCAL,9.0,18.0,PAVED,TwoWay,PAVED,6,50,NO ACCESS,N,2006.0,351.61316899234595
SECOND AVE,01-Non intersection,02-Thru lane,01-Clear,01-Daylight,MIDBLOCK,Saturday,January,1,SECOND AVE,2,ROAD,LOCAL,9.0,20.0,PAVED,TwoWay,PAVED,6,50,NO ACCESS,N,1914.0,404.259369840608
SECOND AVE,04-At/near private drive,12-Off highway,01-Clear,01-Daylight,MIDBLOCK,Tuesday,July,0,SECOND AVE,2,ROAD,LOCAL,9.0,20.0,PAVED,TwoWay,PAVED,6,50,NO ACCESS,N,1914.0,404.259369840608
SECOND AVE,01-Non intersection,02-Thru lane,03-Snow,01-Daylight,MIDBLOCK,Sunday,December,1,SECOND AVE,2,ROAD,LOCAL,9.0,20.0,PAVED,TwoWay,PAVED,6,50,NO ACCESS,N,1914.0,404.259369840608
SECOND AVE,04-At/near private drive,02-Thru lane,01-Clear,"08-Dark, artificial",MIDBLOCK,Friday,January,0,SECOND AVE,2,ROAD,LOCAL,9.0,20.0,PAVED,TwoWay,PAVED,6,50,NO ACCESS,N,1914.0,404.259369840608
SECOND AVE,04-At/near private drive,09-Right shoulder,01-Clear,01-Daylight,MIDBLOCK,Sunday,August,1,SECOND AVE,2,ROAD,LOCAL,9.0,20.0,PAVED,TwoWay,PAVED,6,50,NO ACCESS,N,1914.0,404.259369840608
SECOND AVE,04-At/near private drive,02-Thru lane,02-Rain,07-Dark,MIDBLOCK,Saturday,December,1,SECOND AVE,2,ROAD,LOCAL,9.0,20.0,PAVED,TwoWay,PAVED,6,50,NO ACCESS,N,1914.0,404.259369840608
BREITHAUPT ST,01-Non intersection,02-Thru lane,01-Clear,01-Daylight,MIDBLOCK,Thursday,January,0,BREITHAUPT ST,2,ROAD,LOCAL,9.0,20.0,PAVED,TwoWay,PAVED,6,50,NO ACCESS,N,1854.0,126.745432940717
BREITHAUPT ST,01-Non intersection,02-Thru lane,01-Clear,01-Daylight,MIDBLOCK,Thursday,January,0,BREITHAUPT ST,2,ROAD,LOCAL,9.0,20.0,PAVED,TwoWay,PAVED,6,50,NO ACCESS,N,1991.0,174.098558296134
BREITHAUPT ST,01-Non intersection,02-Thru lane,01-Clear,01-Daylight,MIDBLOCK,Wednesday,June,0,BREITHAUPT ST,2,ROAD,LOCAL,9.0,20.0,PAVED,TwoWay,PAVED,6,50,NO ACCESS,N,1854.0,126.745432940717
BREITHAUPT ST,01-Non intersection,02-Thru lane,01-Clear,01-Daylight,MIDBLOCK,Wednesday,June,0,BREITHAUPT ST,2,ROAD,LOCAL,9.0,20.0,PAVED,TwoWay,PAVED,6,50,NO ACCESS,N,1991.0,174.098558296134
BREITHAUPT ST,04-At/near private drive,09-Right shoulder,01-Clear,"02-Daylight, artificial",MIDBLOCK,Sunday,April,1,BREITHAUPT ST,2,ROAD,LOCAL,9.0,20.0,PAVED,TwoWay,PAVED,6,50,NO ACCESS,N,1854.0,126.745432940717
BREITHAUPT ST,04-At/near private drive,09-Right shoulder,01-Clear,"02-Daylight, artificial",MIDBLOCK,Sunday,April,1,BREITHAUPT ST,2,ROAD,LOCAL,9.0,20.0,PAVED,TwoWay,PAVED,6,50,NO ACCESS,N,1991.0,174.098558296134
BREITHAUPT ST,04-At/near private drive,02-Thru lane,01-Clear,"08-Dark, artificial",MIDBLOCK,Wednesday,January,0,BREITHAUPT ST,2,ROAD,LOCAL,9.0,20.0,PAVED,TwoWay,PAVED,6,50,NO ACCESS,N,1854.0,126.745432940717
BREITHAUPT ST,04-At/near private drive,02-Thru lane,01-Clear,"08-Dark, artificial",MIDBLOCK,Wednesday,January,0,BREITHAUPT ST,2,ROAD,LOCAL,9.0,20.0,PAVED,TwoWay,PAVED,6,50,NO ACCESS,N,1991.0,174.098558296134
BREITHAUPT ST,01-Non intersection,02-Thru lane,01-Clear,"08-Dark, artificial",MIDBLOCK,Thursday,July,0,BREITHAUPT ST,2,ROAD,LOCAL,9.0,20.0,PAVED,TwoWay,PAVED,6,50,NO ACCESS,N,1854.0,126.745432940717
BREITHAUPT ST,01-Non intersection,02-Thru lane,01-Clear,"08-Dark, artificial",MIDBLOCK,Thursday,July,0,BREITHAUPT ST,2,ROAD,LOCAL,9.0,20.0,PAVED,TwoWay,PAVED,6,50,NO ACCESS,N,1991.0,174.098558296134
BREITHAUPT ST,04-At/near private drive,02-Thru lane,01-Clear,"08-Dark, artificial",MIDBLOCK,Saturday,December,1,BREITHAUPT ST,2,ROAD,LOCAL,9.0,20.0,PAVED,TwoWay,PAVED,6,50,NO ACCESS,N,1854.0,126.745432940717
BREITHAUPT ST,04-At/near private drive,02-Thru lane,01-Clear,"08-Dark, artificial",MIDBLOCK,Saturday,December,1,BREITHAUPT ST,2,ROAD,LOCAL,9.0,20.0,PAVED,TwoWay,PAVED,6,50,NO ACCESS,N,1991.0,174.098558296134
BREITHAUPT ST,04-At/near private drive,02-Thru lane,02-Rain,"08-Dark, artificial",MIDBLOCK,Tuesday,November,0,BREITHAUPT ST,2,ROAD,LOCAL,9.0,20.0,PAVED,TwoWay,PAVED,6,50,NO ACCESS,N,1854.0,126.745432940717
BREITHAUPT ST,04-At/near private drive,02-Thru lane,02-Rain,"08-Dark, artificial",MIDBLOCK,Tuesday,November,0,BREITHAUPT ST,2,ROAD,LOCAL,9.0,20.0,PAVED,TwoWay,PAVED,6,50,NO ACCESS,N,1991.0,174.098558296134
BREITHAUPT ST,99-Other,12-Off highway,01-Clear,01-Daylight,MIDBLOCK,Friday,July,0,BREITHAUPT ST,2,ROAD,LOCAL,9.0,20.0,PAVED,TwoWay,PAVED,6,50,NO ACCESS,N,1854.0,126.745432940717
BREITHAUPT ST,99-Other,12-Off highway,01-Clear,01-Daylight,MIDBLOCK,Friday,July,0,BREITHAUPT ST,2,ROAD,LOCAL,9.0,20.0,PAVED,TwoWay,PAVED,6,50,NO ACCESS,N,1991.0,174.098558296134
BREITHAUPT ST,04-At/near private drive,02-Thru lane,01-Clear,01-Daylight,MIDBLOCK,Monday,March,0,BREITHAUPT ST,2,ROAD,LOCAL,9.0,20.0,PAVED,TwoWay,PAVED,6,50,NO ACCESS,N,1854.0,126.745432940717
BREITHAUPT ST,04-At/near private drive,02-Thru lane,01-Clear,01-Daylight,MIDBLOCK,Monday,March,0,BREITHAUPT ST,2,ROAD,LOCAL,9.0,20.0,PAVED,TwoWay,PAVED,6,50,NO ACCESS,N,1991.0,174.098558296134
BREITHAUPT ST,04-At/near private drive,02-Thru lane,01-Clear,01-Daylight,MIDBLOCK,Wednesday,October,0,BREITHAUPT ST,2,ROAD,LOCAL,9.0,20.0,PAVED,TwoWay,PAVED,6,50,NO ACCESS,N,1854.0,126.745432940717
BREITHAUPT ST,04-At/near private drive,02-Thru lane,01-Clear,01-Daylight,MIDBLOCK,Wednesday,October,0,BREITHAUPT ST,2,ROAD,LOCAL,9.0,20.0,PAVED,TwoWay,PAVED,6,50,NO ACCESS,N,1991.0,174.098558296134
BREITHAUPT ST,04-At/near private drive,02-Thru lane,01-Clear,01-Daylight,MIDBLOCK,Thursday,June,0,BREITHAUPT ST,2,ROAD,LOCAL,9.0,20.0,PAVED,TwoWay,PAVED,6,50,NO ACCESS,N,1854.0,126.745432940717
BREITHAUPT ST,04-At/near private drive,02-Thru lane,01-Clear,01-Daylight,MIDBLOCK,Thursday,June,0,BREITHAUPT ST,2,ROAD,LOCAL,9.0,20.0,PAVED,TwoWay,PAVED,6,50,NO ACCESS,N,1991.0,174.098558296134
ST JEROME CRES,04-At/near private drive,11-Not on roadway - right side,01-Clear,01-Daylight,MIDBLOCK,Wednesday,April,0,ST JEROME CRES,2,ROAD,LOCAL,9.0,20.0,PAVED,TwoWay,PAVED,6,50,NO ACCESS,N,1974.0,544.804437873336
ST JEROME CRES,04-At/near private drive,02-Thru lane,02-Rain,01-Daylight,MIDBLOCK,Tuesday,December,0,ST JEROME CRES,2,ROAD,LOCAL,9.0,20.0,PAVED,TwoWay,PAVED,6,50,NO ACCESS,N,1974.0,544.804437873336
MOORE AVE,01-Non intersection,02-Thru lane,01-Clear,01-Daylight,MIDBLOCK,Saturday,July,1,MOORE AVE,2,ROAD,MINOR,9.0,20.0,PAVED,TwoWay,PAVED,4,50,NO ACCESS,Y,1997.0,96.0728686996059
MOORE AVE,01-Non intersection,02-Thru lane,01-Clear,01-Daylight,MIDBLOCK,Saturday,July,1,MOORE AVE,2,ROAD,MINOR,9.0,20.0,PAVED,TwoWay,PAVED,4,50,NO ACCESS,Y,1997.0,110.914772412943
MOORE AVE,01-Non intersection,02-Thru lane,01-Clear,01-Daylight,MIDBLOCK,Saturday,July,1,MOORE AVE,2,ROAD,MINOR,9.0,20.0,PAVED,TwoWay,PAVED,4,50,NO ACCESS,Y,2003.0,150.949928993403
MOORE AVE,01-Non intersection,02-Thru lane,01-Clear,01-Daylight,MIDBLOCK,Saturday,July,1,MOORE AVE,2,ROAD,MINOR,8.0,20.0,PAVED,TwoWay,PAVED,4,50,NO ACCESS,Y,2007.0,72.7457825856934
MOORE AVE,01-Non intersection,02-Thru lane,01-Clear,01-Daylight,MIDBLOCK,Saturday,July,1,MOORE AVE,2,ROAD,MINOR,8.0,20.0,PAVED,TwoWay,PAVED,4,50,NO ACCESS,Y,1997.0,97.29571624669079
MOORE AVE,01-Non intersection,02-Thru lane,01-Clear,01-Daylight,MIDBLOCK,Saturday,July,1,MOORE AVE,2,ROAD,MINOR,9.0,20.0,PAVED,TwoWay,PAVED,4,50,NO ACCESS,Y,1855.0,96.2548883473411
MOORE AVE,01-Non intersection,02-Thru lane,01-Clear,01-Daylight,MIDBLOCK,Saturday,July,1,MOORE AVE,2,ROAD,MINOR,9.0,20.0,PAVED,TwoWay,PAVED,4,50,NO ACCESS,Y,1855.0,45.6551988986403
MOORE AVE,01-Non intersection,02-Thru lane,01-Clear,07-Dark,MIDBLOCK,Sunday,August,1,MOORE AVE,2,ROAD,MINOR,9.0,20.0,PAVED,TwoWay,PAVED,4,50,NO ACCESS,Y,1997.0,96.0728686996059
MOORE AVE,01-Non intersection,02-Thru lane,01-Clear,07-Dark,MIDBLOCK,Sunday,August,1,MOORE AVE,2,ROAD,MINOR,9.0,20.0,PAVED,TwoWay,PAVED,4,50,NO ACCESS,Y,1997.0,110.914772412943
MOORE AVE,01-Non intersection,02-Thru lane,01-Clear,07-Dark,MIDBLOCK,Sunday,August,1,MOORE AVE,2,ROAD,MINOR,9.0,20.0,PAVED,TwoWay,PAVED,4,50,NO ACCESS,Y,2003.0,150.949928993403
MOORE AVE,01-Non intersection,02-Thru lane,01-Clear,07-Dark,MIDBLOCK,Sunday,August,1,MOORE AVE,2,ROAD,MINOR,8.0,20.0,PAVED,TwoWay,PAVED,4,50,NO ACCESS,Y,2007.0,72.7457825856934
MOORE AVE,01-Non intersection,02-Thru lane,01-Clear,07-Dark,MIDBLOCK,Sunday,August,1,MOORE AVE,2,ROAD,MINOR,8.0,20.0,PAVED,TwoWay,PAVED,4,50,NO ACCESS,Y,1997.0,97.29571624669079
MOORE AVE,01-Non intersection,02-Thru lane,01-Clear,07-Dark,MIDBLOCK,Sunday,August,1,MOORE AVE,2,ROAD,MINOR,9.0,20.0,PAVED,TwoWay,PAVED,4,50,NO ACCESS,Y,1855.0,96.2548883473411
MOORE AVE,01-Non intersection,02-Thru lane,01-Clear,07-Dark,MIDBLOCK,Sunday,August,1,MOORE AVE,2,ROAD,MINOR,9.0,20.0,PAVED,TwoWay,PAVED,4,50,NO ACCESS,Y,1855.0,45.6551988986403
MOORE AVE,04-At/near private drive,02-Thru lane,99-Other,01-Daylight,MIDBLOCK,Wednesday,January,0,MOORE AVE,2,ROAD,MINOR,9.0,20.0,PAVED,TwoWay,PAVED,4,50,NO ACCESS,Y,1997.0,96.0728686996059
MOORE AVE,04-At/near private drive,02-Thru lane,99-Other,01-Daylight,MIDBLOCK,Wednesday,January,0,MOORE AVE,2,ROAD,MINOR,9.0,20.0,PAVED,TwoWay,PAVED,4,50,NO ACCESS,Y,1997.0,110.914772412943
MOORE AVE,04-At/near private drive,02-Thru lane,99-Other,01-Daylight,MIDBLOCK,Wednesday,January,0,MOORE AVE,2,ROAD,MINOR,9.0,20.0,PAVED,TwoWay,PAVED,4,50,NO ACCESS,Y,2003.0,150.949928993403
MOORE AVE,04-At/near private drive,02-Thru lane,99-Other,01-Daylight,MIDBLOCK,Wednesday,January,0,MOORE AVE,2,ROAD,MINOR,8.0,20.0,PAVED,TwoWay,PAVED,4,50,NO ACCESS,Y,2007.0,72.7457825856934
MOORE AVE,04-At/near private drive,02-Thru lane,99-Other,01-Daylight,MIDBLOCK,Wednesday,January,0,MOORE AVE,2,ROAD,MINOR,8.0,20.0,PAVED,TwoWay,PAVED,4,50,NO ACCESS,Y,1997.0,97.29571624669079
MOORE AVE,04-At/near private drive,02-Thru lane,99-Other,01-Daylight,MIDBLOCK,Wednesday,January,0,MOORE AVE,2,ROAD,MINOR,9.0,20.0,PAVED,TwoWay,PAVED,4,50,NO ACCESS,Y,1855.0,96.2548883473411
MOORE AVE,04-At/near private drive,02-Thru lane,99-Other,01-Daylight,MIDBLOCK,Wednesday,January,0,MOORE AVE,2,ROAD,MINOR,9.0,20.0,PAVED,TwoWay,PAVED,4,50,NO ACCESS,Y,1855.0,45.6551988986403
MOORE AVE,01-Non intersection,02-Thru lane,02-Rain,03-Dawn,MIDBLOCK,Friday,October,0,MOORE AVE,2,ROAD,MINOR,9.0,20.0,PAVED,TwoWay,PAVED,4,50,NO ACCESS,Y,1997.0,96.0728686996059
MOORE AVE,01-Non intersection,02-Thru lane,02-Rain,03-Dawn,MIDBLOCK,Friday,October,0,MOORE AVE,2,ROAD,MINOR,9.0,20.0,PAVED,TwoWay,PAVED,4,50,NO ACCESS,Y,1997.0,110.914772412943
MOORE AVE,01-Non intersection,02-Thru lane,02-Rain,03-Dawn,MIDBLOCK,Friday,October,0,MOORE AVE,2,ROAD,MINOR,9.0,20.0,PAVED,TwoWay,PAVED,4,50,NO ACCESS,Y,2003.0,150.949928993403
MOORE AVE,01-Non intersection,02-Thru lane,02-Rain,03-Dawn,MIDBLOCK,Friday,October,0,MOORE AVE,2,ROAD,MINOR,8.0,20.0,PAVED,TwoWay,PAVED,4,50,NO ACCESS,Y,2007.0,72.7457825856934
MOORE AVE,01-Non intersection,02-Thru lane,02-Rain,03-Dawn,MIDBLOCK,Friday,October,0,MOORE AVE,2,ROAD,MINOR,8.0,20.0,PAVED,TwoWay,PAVED,4,50,NO ACCESS,Y,1997.0,97.29571624669079
MOORE AVE,01-Non intersection,02-Thru lane,02-Rain,03-Dawn,MIDBLOCK,Friday,October,0,MOORE AVE,2,ROAD,MINOR,9.0,20.0,PAVED,TwoWay,PAVED,4,50,NO ACCESS,Y,1855.0,96.2548883473411
MOORE AVE,01-Non intersection,02-Thru lane,02-Rain,03-Dawn,MIDBLOCK,Friday,October,0,MOORE AVE,2,ROAD,MINOR,9.0,20.0,PAVED,TwoWay,PAVED,4,50,NO ACCESS,Y,1855.0,45.6551988986403
WINDING WOOD CRES,04-At/near private drive,02-Thru lane,01-Clear,"08-Dark, artificial",MIDBLOCK,Monday,January,0,WINDING WOOD CRES,2,ROAD,LOCAL,9.0,18.0,PAVED,TwoWay,PAVED,6,50,NO ACCESS,N,2000.0,168.09403590035
WINDING WOOD CRES,04-At/near private drive,02-Thru lane,01-Clear,"08-Dark, artificial",MIDBLOCK,Monday,January,0,WINDING WOOD CRES,2,ROAD,LOCAL,9.0,18.0,PAVED,TwoWay,PAVED,6,50,NO ACCESS,N,2000.0,438.108628823265
WINDING WOOD CRES,04-At/near private drive,02-Thru lane,01-Clear,01-Daylight,MIDBLOCK,Saturday,August,1,WINDING WOOD CRES,2,ROAD,LOCAL,9.0,18.0,PAVED,TwoWay,PAVED,6,50,NO ACCESS,N,2000.0,168.09403590035
WINDING WOOD CRES,04-At/near private drive,02-Thru lane,01-Clear,01-Daylight,MIDBLOCK,Saturday,August,1,WINDING WOOD CRES,2,ROAD,LOCAL,9.0,18.0,PAVED,TwoWay,PAVED,6,50,NO ACCESS,N,2000.0,438.108628823265
HARCOURT CRES,04-At/near private drive,02-Thru lane,01-Clear,01-Daylight,MIDBLOCK,Sunday,May,1,HARCOURT CRES,2,ROAD,LOCAL,8.0,15.0,PAVED,TwoWay,PAVED,6,50,NO ACCESS,N,1976.0,356.65969988847604
HARCOURT CRES,04-At/near private drive,02-Thru lane,01-Clear,"08-Dark, artificial",MIDBLOCK,Wednesday,November,0,HARCOURT CRES,2,ROAD,LOCAL,8.0,15.0,PAVED,TwoWay,PAVED,6,50,NO ACCESS,N,1976.0,356.65969988847604
HARCOURT CRES,01-Non intersection,11-Not on roadway - right side,01-Clear,01-Daylight,MIDBLOCK,Thursday,March,0,HARCOURT CRES,2,ROAD,LOCAL,8.0,15.0,PAVED,TwoWay,PAVED,6,50,NO ACCESS,N,1976.0,356.65969988847604
MADISON AVE S,04-At/near private drive,12-Off highway,03-Snow,"08-Dark, artificial",MIDBLOCK,Saturday,January,1,MADISON AVE S,2,ROAD,MINOR,7.0,12.0,PAVED,TwoWay,PAVED,5,50,NO ACCESS,N,1866.0,253.834518829858
MADISON AVE S,04-At/near private drive,12-Off highway,03-Snow,"08-Dark, artificial",MIDBLOCK,Saturday,January,1,MADISON AVE S,2,ROAD,MINOR,7.0,12.0,PAVED,TwoWay,PAVED,5,50,NO ACCESS,N,1861.0,183.89641728630198
MADISON AVE S,04-At/near private drive,12-Off highway,03-Snow,"08-Dark, artificial",MIDBLOCK,Saturday,January,1,MADISON AVE S,2,ROAD,LOCAL,7.0,14.0,PAVED,TwoWay,PAVED,6,50,NO ACCESS,N,2002.0,328.628617775831
MADISON AVE S,04-At/near private drive,02-Thru lane,01-Clear,07-Dark,MIDBLOCK,Wednesday,March,0,MADISON AVE S,2,ROAD,MINOR,7.0,12.0,PAVED,TwoWay,PAVED,5,50,NO ACCESS,N,1866.0,253.834518829858
MADISON AVE S,04-At/near private drive,02-Thru lane,01-Clear,07-Dark,MIDBLOCK,Wednesday,March,0,MADISON AVE S,2,ROAD,MINOR,7.0,12.0,PAVED,TwoWay,PAVED,5,50,NO ACCESS,N,1861.0,183.89641728630198
MADISON AVE S,04-At/near private drive,02-Thru lane,01-Clear,07-Dark,MIDBLOCK,Wednesday,March,0,MADISON AVE S,2,ROAD,LOCAL,7.0,14.0,PAVED,TwoWay,PAVED,6,50,NO ACCESS,N,2002.0,328.628617775831
MADISON AVE S,01-Non intersection,11-Not on roadway - right side,01-Clear,07-Dark,MIDBLOCK,Friday,April,0,MADISON AVE S,2,ROAD,MINOR,7.0,12.0,PAVED,TwoWay,PAVED,5,50,NO ACCESS,N,1866.0,253.834518829858
MADISON AVE S,01-Non intersection,11-Not on roadway - right side,01-Clear,07-Dark,MIDBLOCK,Friday,April,0,MADISON AVE S,2,ROAD,MINOR,7.0,12.0,PAVED,TwoWay,PAVED,5,50,NO ACCESS,N,1861.0,183.89641728630198
MADISON AVE S,01-Non intersection,11-Not on roadway - right side,01-Clear,07-Dark,MIDBLOCK,Friday,April,0,MADISON AVE S,2,ROAD,LOCAL,7.0,14.0,PAVED,TwoWay,PAVED,6,50,NO ACCESS,N,2002.0,328.628617775831
MADISON AVE S,04-At/near private drive,02-Thru lane,04-Freezing Rain,"08-Dark, artificial",MIDBLOCK,Sunday,February,1,MADISON AVE S,2,ROAD,MINOR,7.0,12.0,PAVED,TwoWay,PAVED,5,50,NO ACCESS,N,1866.0,253.834518829858
MADISON AVE S,04-At/near private drive,02-Thru lane,04-Freezing Rain,"08-Dark, artificial",MIDBLOCK,Sunday,February,1,MADISON AVE S,2,ROAD,MINOR,7.0,12.0,PAVED,TwoWay,PAVED,5,50,NO ACCESS,N,1861.0,183.89641728630198
MADISON AVE S,04-At/near private drive,02-Thru lane,04-Freezing Rain,"08-Dark, artificial",MIDBLOCK,Sunday,February,1,MADISON AVE S,2,ROAD,LOCAL,7.0,14.0,PAVED,TwoWay,PAVED,6,50,NO ACCESS,N,2002.0,328.628617775831
MADISON AVE S,04-At/near private drive,02-Thru lane,01-Clear,01-Daylight,MIDBLOCK,Tuesday,March,0,MADISON AVE S,2,ROAD,MINOR,7.0,12.0,PAVED,TwoWay,PAVED,5,50,NO ACCESS,N,1866.0,253.834518829858
MADISON AVE S,04-At/near private drive,02-Thru lane,01-Clear,01-Daylight,MIDBLOCK,Tuesday,March,0,MADISON AVE S,2,ROAD,MINOR,7.0,12.0,PAVED,TwoWay,PAVED,5,50,NO ACCESS,N,1861.0,183.89641728630198
MADISON AVE S,04-At/near private drive,02-Thru lane,01-Clear,01-Daylight,MIDBLOCK,Tuesday,March,0,MADISON AVE S,2,ROAD,LOCAL,7.0,14.0,PAVED,TwoWay,PAVED,6,50,NO ACCESS,N,2002.0,328.628617775831
MADISON AVE S,04-At/near private drive,02-Thru lane,04-Freezing Rain,"04-Dawn, artificial",MIDBLOCK,Monday,January,0,MADISON AVE S,2,ROAD,MINOR,7.0,12.0,PAVED,TwoWay,PAVED,5,50,NO ACCESS,N,1866.0,253.834518829858
MADISON AVE S,04-At/near private drive,02-Thru lane,04-Freezing Rain,"04-Dawn, artificial",MIDBLOCK,Monday,January,0,MADISON AVE S,2,ROAD,MINOR,7.0,12.0,PAVED,TwoWay,PAVED,5,50,NO ACCESS,N,1861.0,183.89641728630198
MADISON AVE S,04-At/near private drive,02-Thru lane,04-Freezing Rain,"04-Dawn, artificial",MIDBLOCK,Monday,January,0,MADISON AVE S,2,ROAD,LOCAL,7.0,14.0,PAVED,TwoWay,PAVED,6,50,NO ACCESS,N,2002.0,328.628617775831
MADISON AVE S,04-At/near private drive,02-Thru lane,01-Clear,01-Daylight,MIDBLOCK,Sunday,June,1,MADISON AVE S,2,ROAD,MINOR,7.0,12.0,PAVED,TwoWay,PAVED,5,50,NO ACCESS,N,1866.0,253.834518829858
MADISON AVE S,04-At/near private drive,02-Thru lane,01-Clear,01-Daylight,MIDBLOCK,Sunday,June,1,MADISON AVE S,2,ROAD,MINOR,7.0,12.0,PAVED,TwoWay,PAVED,5,50,NO ACCESS,N,1861.0,183.89641728630198
MADISON AVE S,04-At/near private drive,02-Thru lane,01-Clear,01-Daylight,MIDBLOCK,Sunday,June,1,MADISON AVE S,2,ROAD,LOCAL,7.0,14.0,PAVED,TwoWay,PAVED,6,50,NO ACCESS,N,2002.0,328.628617775831
MADISON AVE S,04-At/near private drive,02-Thru lane,01-Clear,"08-Dark, artificial",MIDBLOCK,Saturday,February,1,MADISON AVE S,2,ROAD,MINOR,7.0,12.0,PAVED,TwoWay,PAVED,5,50,NO ACCESS,N,1866.0,253.834518829858
MADISON AVE S,04-At/near private drive,02-Thru lane,01-Clear,"08-Dark, artificial",MIDBLOCK,Saturday,February,1,MADISON AVE S,2,ROAD,MINOR,7.0,12.0,PAVED,TwoWay,PAVED,5,50,NO ACCESS,N,1861.0,183.89641728630198
MADISON AVE S,04-At/near private drive,02-Thru lane,01-Clear,"08-Dark, artificial",MIDBLOCK,Saturday,February,1,MADISON AVE S,2,ROAD,LOCAL,7.0,14.0,PAVED,TwoWay,PAVED,6,50,NO ACCESS,N,2002.0,328.628617775831
MADISON AVE S,04-At/near private drive,12-Off highway,01-Clear,01-Daylight,MIDBLOCK,Sunday,July,1,MADISON AVE S,2,ROAD,MINOR,7.0,12.0,PAVED,TwoWay,PAVED,5,50,NO ACCESS,N,1866.0,253.834518829858
MADISON AVE S,04-At/near private drive,12-Off highway,01-Clear,01-Daylight,MIDBLOCK,Sunday,July,1,MADISON AVE S,2,ROAD,MINOR,7.0,12.0,PAVED,TwoWay,PAVED,5,50,NO ACCESS,N,1861.0,183.89641728630198
MADISON AVE S,04-At/near private drive,12-Off highway,01-Clear,01-Daylight,MIDBLOCK,Sunday,July,1,MADISON AVE S,2,ROAD,LOCAL,7.0,14.0,PAVED,TwoWay,PAVED,6,50,NO ACCESS,N,2002.0,328.628617775831
MADISON AVE S,04-At/near private drive,02-Thru lane,01-Clear,01-Daylight,MIDBLOCK,Thursday,December,0,MADISON AVE S,2,ROAD,MINOR,7.0,12.0,PAVED,TwoWay,PAVED,5,50,NO ACCESS,N,1866.0,253.834518829858
MADISON AVE S,04-At/near private drive,02-Thru lane,01-Clear,01-Daylight,MIDBLOCK,Thursday,December,0,MADISON AVE S,2,ROAD,MINOR,7.0,12.0,PAVED,TwoWay,PAVED,5,50,NO ACCESS,N,1861.0,183.89641728630198
MADISON AVE S,04-At/near private drive,02-Thru lane,01-Clear,01-Daylight,MIDBLOCK,Thursday,December,0,MADISON AVE S,2,ROAD,LOCAL,7.0,14.0,PAVED,TwoWay,PAVED,6,50,NO ACCESS,N,2002.0,328.628617775831