LOCATION,ACCIDENT_LOCATION,IMPACT_LOCATION,ENVIRONMENT_CONDITION,LIGHT,COLLISION_TYPE,DAY_OF_WEEK,MONTH,IS_WEEKEND,STREET,LANES,CATEGORY,SUBCATEGORY,PAVEMENT_WIDTH,ROW_WIDTH,SHOULDER,FLOW_DIRECTION,SURFACE_LAYER_TYPE,OFFICIAL_ROAD_CLASSIFICATION,SPEED_LIMIT_KM,TRUCK_ACCESS,BUS_ROUTE,SERVICE_YEAR,Shape__Length
MADISON AVE S,01-Non intersection,04-Right turn lane,03-Snow,07-Dark,MIDBLOCK,Sunday,November,1,MADISON AVE S,2,ROAD,MINOR,7.0,12.0,PAVED,TwoWay,PAVED,5,50,NO ACCESS,N,1866.0,253.834518829858
MADISON AVE S,01-Non intersection,04-Right turn lane,03-Snow,07-Dark,MIDBLOCK,Sunday,November,1,MADISON AVE S,2,ROAD,MINOR,7.0,12.0,PAVED,TwoWay,PAVED,5,50,NO ACCESS,N,1861.0,183.89641728630198
MADISON AVE S,01-Non intersection,04-Right turn lane,03-Snow,07-Dark,MIDBLOCK,Sunday,November,1,MADISON AVE S,2,ROAD,LOCAL,7.0,14.0,PAVED,TwoWay,PAVED,6,50,NO ACCESS,N,2002.0,328.628617775831
MADISON AVE S,04-At/near private drive,02-Thru lane,01-Clear,01-Daylight,MIDBLOCK,Friday,January,0,MADISON AVE S,2,ROAD,MINOR,7.0,12.0,PAVED,TwoWay,PAVED,5,50,NO ACCESS,N,1866.0,253.834518829858
MADISON AVE S,04-At/near private drive,02-Thru lane,01-Clear,01-Daylight,MIDBLOCK,Friday,January,0,MADISON AVE S,2,ROAD,MINOR,7.0,12.0,PAVED,TwoWay,PAVED,5,50,NO ACCESS,N,1861.0,183.89641728630198
MADISON AVE S,04-At/near private drive,02-Thru lane,01-Clear,01-Daylight,MIDBLOCK,Friday,January,0,MADISON AVE S,2,ROAD,LOCAL,7.0,14.0,PAVED,TwoWay,PAVED,6,50,NO ACCESS,N,2002.0,328.628617775831
MADISON AVE S,04-At/near private drive,12-Off highway,03-Snow,01-Daylight,MIDBLOCK,Wednesday,February,0,MADISON AVE S,2,ROAD,MINOR,7.0,12.0,PAVED,TwoWay,PAVED,5,50,NO ACCESS,N,1866.0,253.834518829858
MADISON AVE S,04-At/near private drive,12-Off highway,03-Snow,01-Daylight,MIDBLOCK,Wednesday,February,0,MADISON AVE S,2,ROAD,MINOR,7.0,12.0,PAVED,TwoWay,PAVED,5,50,NO ACCESS,N,1861.0,183.89641728630198
MADISON AVE S,04-At/near private drive,12-Off highway,03-Snow,01-Daylight,MIDBLOCK,Wednesday,February,0,MADISON AVE S,2,ROAD,LOCAL,7.0,14.0,PAVED,TwoWay,PAVED,6,50,NO ACCESS,N,2002.0,328.628617775831
MADISON AVE S,04-At/near private drive,02-Thru lane,01-Clear,01-Daylight,MIDBLOCK,Tuesday,November,0,MADISON AVE S,2,ROAD,MINOR,7.0,12.0,PAVED,TwoWay,PAVED,5,50,NO ACCESS,N,1866.0,253.834518829858
MADISON AVE S,04-At/near private drive,02-Thru lane,01-Clear,01-Daylight,MIDBLOCK,Tuesday,November,0,MADISON AVE S,2,ROAD,MINOR,7.0,12.0,PAVED,TwoWay,PAVED,5,50,NO ACCESS,N,1861.0,183.89641728630198
MADISON AVE S,04-At/near private drive,02-Thru lane,01-Clear,01-Daylight,MIDBLOCK,Tuesday,November,0,MADISON AVE S,2,ROAD,LOCAL,7.0,14.0,PAVED,TwoWay,PAVED,6,50,NO ACCESS,N,2002.0,328.628617775831
MADISON AVE S,01-Non intersection,02-Thru lane,03-Snow,01-Daylight,MIDBLOCK,Friday,March,0,MADISON AVE S,2,ROAD,MINOR,7.0,12.0,PAVED,TwoWay,PAVED,5,50,NO ACCESS,N,1866.0,253.834518829858
MADISON AVE S,01-Non intersection,02-Thru lane,03-Snow,01-Daylight,MIDBLOCK,Friday,March,0,MADISON AVE S,2,ROAD,MINOR,7.0,12.0,PAVED,TwoWay,PAVED,5,50,NO ACCESS,N,1861.0,183.89641728630198
MADISON AVE S,01-Non intersection,02-Thru lane,03-Snow,01-Daylight,MIDBLOCK,Friday,March,0,MADISON AVE S,2,ROAD,LOCAL,7.0,14.0,PAVED,TwoWay,PAVED,6,50,NO ACCESS,N,2002.0,328.628617775831
MADISON AVE S,05-At railway crossing,09-Right shoulder,03-Snow,07-Dark,MIDBLOCK,Tuesday,December,0,MADISON AVE S,2,ROAD,MINOR,7.0,12.0,PAVED,TwoWay,PAVED,5,50,NO ACCESS,N,1866.0,253.834518829858
MADISON AVE S,05-At railway crossing,09-Right shoulder,03-Snow,07-Dark,MIDBLOCK,Tuesday,December,0,MADISON AVE S,2,ROAD,MINOR,7.0,12.0,PAVED,TwoWay,PAVED,5,50,NO ACCESS,N,1861.0,183.89641728630198
MADISON AVE S,05-At railway crossing,09-Right shoulder,03-Snow,07-Dark,MIDBLOCK,Tuesday,December,0,MADISON AVE S,2,ROAD,LOCAL,7.0,14.0,PAVED,TwoWay,PAVED,6,50,NO ACCESS,N,2002.0,328.628617775831
MADISON AVE S,04-At/near private drive,02-Thru lane,01-Clear,01-Daylight,MIDBLOCK,Friday,July,0,MADISON AVE S,2,ROAD,MINOR,7.0,12.0,PAVED,TwoWay,PAVED,5,50,NO ACCESS,N,1866.0,253.834518829858
MADISON AVE S,04-At/near private drive,02-Thru lane,01-Clear,01-Daylight,MIDBLOCK,Friday,July,0,MADISON AVE S,2,ROAD,MINOR,7.0,12.0,PAVED,TwoWay,PAVED,5,50,NO ACCESS,N,1861.0,183.89641728630198
MADISON AVE S,04-At/near private drive,02-Thru lane,01-Clear,01-Daylight,MIDBLOCK,Friday,July,0,MADISON AVE S,2,ROAD,LOCAL,7.0,14.0,PAVED,TwoWay,PAVED,6,50,NO ACCESS,N,2002.0,328.628617775831
MAPLE AVE,04-At/near private drive,02-Thru lane,01-Clear,"08-Dark, artificial",MIDBLOCK,Monday,January,0,MAPLE AVE,2,ROAD,LOCAL,8.0,20.0,PAVED,TwoWay,PAVED,6,50,NO ACCESS,Y,1947.0,322.107098896447
MAPLE AVE,04-At/near private drive,02-Thru lane,01-Clear,"08-Dark, artificial",MIDBLOCK,Monday,January,0,MAPLE AVE,2,ROAD,LOCAL,12.0,20.0,PAVED,TwoWay,PAVED,6,50,NO ACCESS,N,1947.0,66.2725931664082
MAPLE AVE,04-At/near private drive,02-Thru lane,01-Clear,"08-Dark, artificial",MIDBLOCK,Monday,January,0,MAPLE AVE,1,BULB,LOCAL,12.0,43.0,PAVED,FromTo,PAVED,6,50,NO ACCESS,N,1947.0,75.33940172590451
MAPLE AVE,04-At/near private drive,02-Thru lane,01-Clear,"08-Dark, artificial",MIDBLOCK,Monday,January,0,MAPLE AVE,2,ROAD,LOCAL,9.0,20.0,PAVED,TwoWay,PAVED,6,50,NO ACCESS,Y,1903.0,288.6184002432271
MAPLE AVE,98-Other,99-Other,03-Snow,01-Daylight,MIDBLOCK,Wednesday,February,0,MAPLE AVE,2,ROAD,LOCAL,8.0,20.0,PAVED,TwoWay,PAVED,6,50,NO ACCESS,Y,1947.0,322.107098896447
MAPLE AVE,98-Other,99-Other,03-Snow,01-Daylight,MIDBLOCK,Wednesday,February,0,MAPLE AVE,2,ROAD,LOCAL,12.0,20.0,PAVED,TwoWay,PAVED,6,50,NO ACCESS,N,1947.0,66.2725931664082
MAPLE AVE,98-Other,99-Other,03-Snow,01-Daylight,MIDBLOCK,Wednesday,February,0,MAPLE AVE,1,BULB,LOCAL,12.0,43.0,PAVED,FromTo,PAVED,6,50,NO ACCESS,N,1947.0,75.33940172590451
MAPLE AVE,98-Other,99-Other,03-Snow,01-Daylight,MIDBLOCK,Wednesday,February,0,MAPLE AVE,2,ROAD,LOCAL,9.0,20.0,PAVED,TwoWay,PAVED,6,50,NO ACCESS,Y,1903.0,288.6184002432271
MAPLE AVE,01-Non intersection,02-Thru lane,01-Clear,01-Daylight,MIDBLOCK,Wednesday,February,0,MAPLE AVE,2,ROAD,LOCAL,8.0,20.0,PAVED,TwoWay,PAVED,6,50,NO ACCESS,Y,1947.0,322.107098896447
MAPLE AVE,01-Non intersection,02-Thru lane,01-Clear,01-Daylight,MIDBLOCK,Wednesday,February,0,MAPLE AVE,2,ROAD,LOCAL,12.0,20.0,PAVED,TwoWay,PAVED,6,50,NO ACCESS,N,1947.0,66.2725931664082
MAPLE AVE,01-Non intersection,02-Thru lane,01-Clear,01-Daylight,MIDBLOCK,Wednesday,February,0,MAPLE AVE,1,BULB,LOCAL,12.0,43.0,PAVED,FromTo,PAVED,6,50,NO ACCESS,N,1947.0,75.33940172590451
MAPLE AVE,01-Non intersection,02-Thru lane,01-Clear,01-Daylight,MIDBLOCK,Wednesday,February,0,MAPLE AVE,2,ROAD,LOCAL,9.0,20.0,PAVED,TwoWay,PAVED,6,50,NO ACCESS,Y,1903.0,288.6184002432271
MAPLE AVE,01-Non intersection,02-Thru lane,01-Clear,01-Daylight,MIDBLOCK,Monday,July,0,MAPLE AVE,2,ROAD,LOCAL,8.0,20.0,PAVED,TwoWay,PAVED,6,50,NO ACCESS,Y,1947.0,322.107098896447
MAPLE AVE,01-Non intersection,02-Thru lane,01-Clear,01-Daylight,MIDBLOCK,Monday,July,0,MAPLE AVE,2,ROAD,LOCAL,12.0,20.0,PAVED,TwoWay,PAVED,6,50,NO ACCESS,N,1947.0,66.2725931664082
MAPLE AVE,01-Non intersection,02-Thru lane,01-Clear,01-Daylight,MIDBLOCK,Monday,July,0,MAPLE AVE,1,BULB,LOCAL,12.0,43.0,PAVED,FromTo,PAVED,6,50,NO ACCESS,N,1947.0,75.33940172590451
MAPLE AVE,01-Non intersection,02-Thru lane,01-Clear,01-Daylight,MIDBLOCK,Monday,July,0,MAPLE AVE,2,ROAD,LOCAL,9.0,20.0,PAVED,TwoWay,PAVED,6,50,NO ACCESS,Y,1903.0,288.6184002432271
MAPLE AVE,04-At/near private drive,02-Thru lane,01-Clear,01-Daylight,MIDBLOCK,Wednesday,May,0,MAPLE AVE,2,ROAD,LOCAL,8.0,20.0,PAVED,TwoWay,PAVED,6,50,NO ACCESS,Y,1947.0,322.107098896447
MAPLE AVE,04-At/near private drive,02-Thru lane,01-Clear,01-Daylight,MIDBLOCK,Wednesday,May,0,MAPLE AVE,2,ROAD,LOCAL,12.0,20.0,PAVED,TwoWay,PAVED,6,50,NO ACCESS,N,1947.0,66.2725931664082
MAPLE AVE,04-At/near private drive,02-Thru lane,01-Clear,01-Daylight,MIDBLOCK,Wednesday,May,0,MAPLE AVE,1,BULB,LOCAL,12.0,43.0,PAVED,FromTo,PAVED,6,50,NO ACCESS,N,1947.0,75.33940172590451
MAPLE AVE,04-At/near private drive,02-Thru lane,01-Clear,01-Daylight,MIDBLOCK,Wednesday,May,0,MAPLE AVE,2,ROAD,LOCAL,9.0,20.0,PAVED,TwoWay,PAVED,6,50,NO ACCESS,Y,1903.0,288.6184002432271
MAPLE AVE,04-At/near private drive,02-Thru lane,01-Clear,07-Dark,MIDBLOCK,Wednesday,November,0,MAPLE AVE,2,ROAD,LOCAL,8.0,20.0,PAVED,TwoWay,PAVED,6,50,NO ACCESS,Y,1947.0,322.107098896447
MAPLE AVE,04-At/near private drive,02-Thru lane,01-Clear,07-Dark,MIDBLOCK,Wednesday,November,0,MAPLE AVE,2,ROAD,LOCAL,12.0,20.0,PAVED,TwoWay,PAVED,6,50,NO ACCESS,N,1947.0,66.2725931664082
MAPLE AVE,04-At/near private drive,02-Thru lane,01-Clear,07-Dark,MIDBLOCK,Wednesday,November,0,MAPLE AVE,1,BULB,LOCAL,12.0,43.0,PAVED,FromTo,PAVED,6,50,NO ACCESS,N,1947.0,75.33940172590451
MAPLE AVE,04-At/near private drive,02-Thru lane,01-Clear,07-Dark,MIDBLOCK,Wednesday,November,0,MAPLE AVE,2,ROAD,LOCAL,9.0,20.0,PAVED,TwoWay,PAVED,6,50,NO ACCESS,Y,1903.0,288.6184002432271
MAPLE AVE,04-At/near private drive,02-Thru lane,01-Clear,01-Daylight,MIDBLOCK,Wednesday,July,0,MAPLE AVE,2,ROAD,LOCAL,8.0,20.0,PAVED,TwoWay,PAVED,6,50,NO ACCESS,Y,1947.0,322.107098896447
MAPLE AVE,04-At/near private drive,02-Thru lane,01-Clear,01-Daylight,MIDBLOCK,Wednesday,July,0,MAPLE AVE,2,ROAD,LOCAL,12.0,20.0,PAVED,TwoWay,PAVED,6,50,NO ACCESS,N,1947.0,66.2725931664082
MAPLE AVE,04-At/near private drive,02-Thru lane,01-Clear,01-Daylight,MIDBLOCK,Wednesday,July,0,MAPLE AVE,1,BULB,LOCAL,12.0,43.0,PAVED,FromTo,PAVED,6,50,NO ACCESS,N,1947.0,75.33940172590451
MAPLE AVE,04-At/near private drive,02-Thru lane,01-Clear,01-Daylight,MIDBLOCK,Wednesday,July,0,MAPLE AVE,2,ROAD,LOCAL,9.0,20.0,PAVED,TwoWay,PAVED,6,50,NO ACCESS,Y,1903.0,288.6184002432271
WAGON ST,04-At/near private drive,02-Thru lane,01-Clear,01-Daylight,MIDBLOCK,Monday,June,0,WAGON ST,2,ROAD,LOCAL,10.0,16.0,PAVED,TwoWay,PAVED,6,50,NO ACCESS,N,2003.0,332.451421614536
WAGON ST,04-At/near private drive,02-Thru lane,01-Clear,01-Daylight,MIDBLOCK,Monday,June,0,WAGON ST,2,ROAD,LOCAL,8.0,16.0,PAVED,TwoWay,PAVED,6,50,NO ACCESS,N,2004.0,94.7458643568886
NORTHMANOR CRES,04-At/near private drive,02-Thru lane,01-Clear,"08-Dark, artificial",MIDBLOCK,Wednesday,September,0,NORTHMANOR CRES,2,ROAD,LOCAL,8.0,18.0,PAVED,TwoWay,PAVED,6,50,NO ACCESS,N,1990.0,550.456353108729
NORTHMANOR CRES,04-At/near private drive,02-Thru lane,01-Clear,01-Daylight,MIDBLOCK,Monday,June,0,NORTHMANOR CRES,2,ROAD,LOCAL,8.0,18.0,PAVED,TwoWay,PAVED,6,50,NO ACCESS,N,1990.0,550.456353108729
NORTHMANOR CRES,01-Non intersection,02-Thru lane,01-Clear,07-Dark,MIDBLOCK,Wednesday,July,0,NORTHMANOR CRES,2,ROAD,LOCAL,8.0,18.0,PAVED,TwoWay,PAVED,6,50,NO ACCESS,N,1990.0,550.456353108729
NORTHMANOR CRES,04-At/near private drive,02-Thru lane,02-Rain,01-Daylight,MIDBLOCK,Friday,May,0,NORTHMANOR CRES,2,ROAD,LOCAL,8.0,18.0,PAVED,TwoWay,PAVED,6,50,NO ACCESS,N,1990.0,550.456353108729
NORTHMANOR CRES,01-Non intersection,02-Thru lane,01-Clear,01-Daylight,MIDBLOCK,Monday,September,0,NORTHMANOR CRES,2,ROAD,LOCAL,8.0,18.0,PAVED,TwoWay,PAVED,6,50,NO ACCESS,N,1990.0,550.456353108729
ARNOLD ST,04-At/near private drive,02-Thru lane,01-Clear,01-Daylight,MIDBLOCK,Thursday,July,0,ARNOLD ST,2,ROAD,LOCAL,9.0,20.0,PAVED,TwoWay,PAVED,6,50,NO ACCESS,N,1890.0,342.710214774553
ARNOLD ST,04-At/near private drive,02-Thru lane,01-Clear,01-Daylight,MIDBLOCK,Thursday,July,0,ARNOLD ST,2,ROAD,LOCAL,9.0,20.0,PAVED,TwoWay,PAVED,6,50,NO ACCESS,N,1947.0,136.412283557931
ARNOLD ST,04-At/near private drive,02-Thru lane,01-Clear,01-Daylight,MIDBLOCK,Thursday,July,0,ARNOLD ST,2,ROAD,LOCAL,9.0,20.0,PAVED,TwoWay,PAVED,6,50,NO ACCESS,N,1896.0,95.27140217013807
ARNOLD ST,04-At/near private drive,02-Thru lane,01-Clear,01-Daylight,MIDBLOCK,Thursday,July,0,ARNOLD ST,2,ROAD,LOCAL,9.0,20.0,PAVED,TwoWay,PAVED,6,50,NO ACCESS,N,1926.0,205.615430308103
ARNOLD ST,04-At/near private drive,02-Thru lane,01-Clear,01-Daylight,MIDBLOCK,Thursday,July,0,ARNOLD ST,2,ROAD,LOCAL,8.0,20.0,PAVED,TwoWay,PAVED,6,50,NO ACCESS,N,1947.0,104.77360156135401
ARNOLD ST,04-At/near private drive,02-Thru lane,01-Clear,01-Daylight,MIDBLOCK,Thursday,July,0,ARNOLD ST,2,ROAD,LOCAL,10.0,20.0,PAVED,TwoWay,PAVED,6,50,NO ACCESS,N,1946.0,67.81346607055839
ARNOLD ST,04-At/near private drive,02-Thru lane,01-Clear,01-Daylight,MIDBLOCK,Thursday,July,0,ARNOLD ST,2,ROAD,LOCAL,9.0,20.0,PAVED,TwoWay,PAVED,6,50,NO ACCESS,N,1999.0,150.365769460221
ARNOLD ST,04-At/near private drive,02-Thru lane,01-Clear,07-Dark,MIDBLOCK,Sunday,October,1,ARNOLD ST,2,ROAD,LOCAL,9.0,20.0,PAVED,TwoWay,PAVED,6,50,NO ACCESS,N,1890.0,342.710214774553
ARNOLD ST,04-At/near private drive,02-Thru lane,01-Clear,07-Dark,MIDBLOCK,Sunday,October,1,ARNOLD ST,2,ROAD,LOCAL,9.0,20.0,PAVED,TwoWay,PAVED,6,50,NO ACCESS,N,1947.0,136.412283557931
ARNOLD ST,04-At/near private drive,02-Thru lane,01-Clear,07-Dark,MIDBLOCK,Sunday,October,1,ARNOLD ST,2,ROAD,LOCAL,9.0,20.0,PAVED,TwoWay,PAVED,6,50,NO ACCESS,N,1896.0,95.27140217013807
ARNOLD ST,04-At/near private drive,02-Thru lane,01-Clear,07-Dark,MIDBLOCK,Sunday,October,1,ARNOLD ST,2,ROAD,LOCAL,9.0,20.0,PAVED,TwoWay,PAVED,6,50,NO ACCESS,N,1926.0,205.615430308103
ARNOLD ST,04-At/near private drive,02-Thru lane,01-Clear,07-Dark,MIDBLOCK,Sunday,October,1,ARNOLD ST,2,ROAD,LOCAL,8.0,20.0,PAVED,TwoWay,PAVED,6,50,NO ACCESS,N,1947.0,104.77360156135401
ARNOLD ST,04-At/near private drive,02-Thru lane,01-Clear,07-Dark,MIDBLOCK,Sunday,October,1,ARNOLD ST,2,ROAD,LOCAL,10.0,20.0,PAVED,TwoWay,PAVED,6,50,NO ACCESS,N,1946.0,67.81346607055839
ARNOLD ST,04-At/near private drive,02-Thru lane,01-Clear,07-Dark,MIDBLOCK,Sunday,October,1,ARNOLD ST,2,ROAD,LOCAL,9.0,20.0,PAVED,TwoWay,PAVED,6,50,NO ACCESS,N,1999.0,150.365769460221
ARNOLD ST,04-At/near private drive,02-Thru lane,01-Clear,01-Daylight,MIDBLOCK,Thursday,January,0,ARNOLD ST,2,ROAD,LOCAL,9.0,20.0,PAVED,TwoWay,PAVED,6,50,NO ACCESS,N,1890.0,342.710214774553
ARNOLD ST,04-At/near private drive,02-Thru lane,01-Clear,01-Daylight,MIDBLOCK,Thursday,January,0,ARNOLD ST,2,ROAD,LOCAL,9.0,20.0,PAVED,TwoWay,PAVED,6,50,NO ACCESS,N,1947.0,136.412283557931
ARNOLD ST,04-At/near private drive,02-Thru lane,01-Clear,01-Daylight,MIDBLOCK,Thursday,January,0,ARNOLD ST,2,ROAD,LOCAL,9.0,20.0,PAVED,TwoWay,PAVED,6,50,NO ACCESS,N,1896.0,95.27140217013807
ARNOLD ST,04-At/near private drive,02-Thru lane,01-Clear,01-Daylight,MIDBLOCK,Thursday,January,0,ARNOLD ST,2,ROAD,LOCAL,9.0,20.0,PAVED,TwoWay,PAVED,6,50,NO ACCESS,N,1926.0,205.615430308103
ARNOLD ST,04-At/near private drive,02-Thru lane,01-Clear,01-Daylight,MIDBLOCK,Thursday,January,0,ARNOLD ST,2,ROAD,LOCAL,8.0,20.0,PAVED,TwoWay,PAVED,6,50,NO ACCESS,N,1947.0,104.77360156135401
ARNOLD ST,04-At/near private drive,02-Thru lane,01-Clear,01-Daylight,MIDBLOCK,Thursday,January,0,ARNOLD ST,2,ROAD,LOCAL,10.0,20.0,PAVED,TwoWay,PAVED,6,50,NO ACCESS,N,1946.0,67.81346607055839
ARNOLD ST,04-At/near private drive,02-Thru lane,01-Clear,01-Daylight,MIDBLOCK,Thursday,January,0,ARNOLD ST,2,ROAD,LOCAL,9.0,20.0,PAVED,TwoWay,PAVED,6,50,NO ACCESS,N,1999.0,150.365769460221
SUGAR MAPLE ST,04-At/near private drive,09-Right shoulder,01-Clear,"08-Dark, artificial",MIDBLOCK,Tuesday,June,0,SUGAR MAPLE ST,2,ROAD,LOCAL,8.0,20.0,PAVED,TwoWay,PAVED,6,50,NO ACCESS,N,1979.0,115.126907599423
SUGAR MAPLE ST,04-At/near private drive,09-Right shoulder,01-Clear,"08-Dark, artificial",MIDBLOCK,Tuesday,June,0,SUGAR MAPLE ST,2,ROAD,LOCAL,8.0,20.0,PAVED,TwoWay,PAVED,6,50,NO ACCESS,N,1978.0,266.714174462944
SUGAR MAPLE ST,04-At/near private drive,09-Right shoulder,01-Clear,"08-Dark, artificial",MIDBLOCK,Tuesday,June,0,SUGAR MAPLE ST,2,ROAD,LOCAL,8.0,20.0,PAVED,TwoWay,PAVED,6,50,NO ACCESS,N,1979.0,266.664985601795
SUGAR MAPLE ST,01-Non intersection,02-Thru lane,01-Clear,"06-Dusk, artificial",MIDBLOCK,Monday,March,0,SUGAR MAPLE ST,2,ROAD,LOCAL,8.0,20.0,PAVED,TwoWay,PAVED,6,50,NO ACCESS,N,1979.0,115.126907599423
SUGAR MAPLE ST,01-Non intersection,02-Thru lane,01-Clear,"06-Dusk, artificial",MIDBLOCK,Monday,March,0,SUGAR MAPLE ST,2,ROAD,LOCAL,8.0,20.0,PAVED,TwoWay,PAVED,6,50,NO ACCESS,N,1978.0,266.714174462944
SUGAR MAPLE ST,01-Non intersection,02-Thru lane,01-Clear,"06-Dusk, artificial",MIDBLOCK,Monday,March,0,SUGAR MAPLE ST,2,ROAD,LOCAL,8.0,20.0,PAVED,TwoWay,PAVED,6,50,NO ACCESS,N,1979.0,266.664985601795
SUGAR MAPLE ST,04-At/near private drive,09-Right shoulder,01-Clear,01-Daylight,MIDBLOCK,Thursday,June,0,SUGAR MAPLE ST,2,ROAD,LOCAL,8.0,20.0,PAVED,TwoWay,PAVED,6,50,NO ACCESS,N,1979.0,115.126907599423
SUGAR MAPLE ST,04-At/near private drive,09-Right shoulder,01-Clear,01-Daylight,MIDBLOCK,Thursday,June,0,SUGAR MAPLE ST,2,ROAD,LOCAL,8.0,20.0,PAVED,TwoWay,PAVED,6,50,NO ACCESS,N,1978.0,266.714174462944
SUGAR MAPLE ST,04-At/near private drive,09-Right shoulder,01-Clear,01-Daylight,MIDBLOCK,Thursday,June,0,SUGAR MAPLE ST,2,ROAD,LOCAL,8.0,20.0,PAVED,TwoWay,PAVED,6,50,NO ACCESS,N,1979.0,266.664985601795
WINDFLOWER CRES,04-At/near private drive,02-Thru lane,01-Clear,01-Daylight,MIDBLOCK,Friday,October,0,WINDFLOWER CRES,2,ROAD,LOCAL,9.0,20.0,PAVED,TwoWay,PAVED,6,50,NO ACCESS,N,2003.0,504.666535008165
WINDFLOWER CRES,04-At/near private drive,02-Thru lane,01-Clear,01-Daylight,MIDBLOCK,Saturday,June,1,WINDFLOWER CRES,2,ROAD,LOCAL,9.0,20.0,PAVED,TwoWay,PAVED,6,50,NO ACCESS,N,2003.0,504.666535008165
WINDFLOWER CRES,01-Non intersection,09-Right shoulder,01-Clear,07-Dark,MIDBLOCK,Friday,April,0,WINDFLOWER CRES,2,ROAD,LOCAL,9.0,20.0,PAVED,TwoWay,PAVED,6,50,NO ACCESS,N,2003.0,504.666535008165
RANDERSON AVE,04-At/near private drive,02-Thru lane,01-Clear,01-Daylight,MIDBLOCK,Monday,June,0,RANDERSON AVE,2,ROAD,LOCAL,9.0,20.0,PAVED,TwoWay,PAVED,6,50,NO ACCESS,N,1946.0,447.923639065533
WINDING MEADOW CRT,04-At/near private drive,02-Thru lane,01-Clear,01-Daylight,MIDBLOCK,Wednesday,February,0,WINDING MEADOW CRT,2,ROAD,LOCAL,8.0,16.0,PAVED,TwoWay,PAVED,6,50,NO ACCESS,N,2004.0,185.107039125135
WINDING MEADOW CRT,04-At/near private drive,02-Thru lane,01-Clear,01-Daylight,MIDBLOCK,Wednesday,February,0,WINDING MEADOW CRT,1,BULB,LOCAL,8.0,16.0,PAVED,FromTo,PAVED,6,50,NO ACCESS,N,2004.0,62.7522201043744
WINDING MEADOW CRT,04-At/near private drive,02-Thru lane,01-Clear,01-Daylight,MIDBLOCK,Saturday,November,1,WINDING MEADOW CRT,2,ROAD,LOCAL,8.0,16.0,PAVED,TwoWay,PAVED,6,50,NO ACCESS,N,2004.0,185.107039125135
WINDING MEADOW CRT,04-At/near private drive,02-Thru lane,01-Clear,01-Daylight,MIDBLOCK,Saturday,November,1,WINDING MEADOW CRT,1,BULB,LOCAL,8.0,16.0,PAVED,FromTo,PAVED,6,50,NO ACCESS,N,2004.0,62.7522201043744
BRUBACHER ST,04-At/near private drive,02-Thru lane,01-Clear,01-Daylight,MIDBLOCK,Saturday,June,1,BRUBACHER ST,2,ROAD,LOCAL,8.0,16.0,PAVED,TwoWay,PAVED,6,50,NO ACCESS,N,1991.0,94.9692337228609
BRUBACHER ST,04-At/near private drive,02-Thru lane,01-Clear,01-Daylight,MIDBLOCK,Saturday,June,1,BRUBACHER ST,2,ROAD,LOCAL,7.0,16.0,PAVED,TwoWay,PAVED,6,50,NO ACCESS,N,2001.0,100.425351769037
BRUBACHER ST,04-At/near private drive,02-Thru lane,01-Clear,01-Daylight,MIDBLOCK,Saturday,June,1,BRUBACHER ST,2,ROAD,LOCAL,7.0,16.0,PAVED,TwoWay,PAVED,6,50,NO ACCESS,N,1886.0,360.620189398174
BRUBACHER ST,04-At/near private drive,02-Thru lane,01-Clear,01-Daylight,MIDBLOCK,Saturday,June,1,BRUBACHER ST,2,ROAD,LOCAL,7.0,16.0,PAVED,TwoWay,PAVED,6,50,NO ACCESS,N,1886.0,100.44811185877501
BRUBACHER ST,04-At/near private drive,02-Thru lane,01-Clear,01-Daylight,MIDBLOCK,Friday,February,0,BRUBACHER ST,2,ROAD,LOCAL,8.0,16.0,PAVED,TwoWay,PAVED,6,50,NO ACCESS,N,1991.0,94.9692337228609
BRUBACHER ST,04-At/near private drive,02-Thru lane,01-Clear,01-Daylight,MIDBLOCK,Friday,February,0,BRUBACHER ST,2,ROAD,LOCAL,7.0,16.0,PAVED,TwoWay,PAVED,6,50,NO ACCESS,N,2001.0,100.425351769037
BRUBACHER ST,04-At/near private drive,02-Thru lane,01-Clear,01-Daylight,MIDBLOCK,Friday,February,0,BRUBACHER ST,2,ROAD,LOCAL,7.0,16.0,PAVED,TwoWay,PAVED,6,50,NO ACCESS,N,1886.0,360.620189398174
BRUBACHER ST,04-At/near private drive,02-Thru lane,01-Clear,01-Daylight,MIDBLOCK,Friday,February,0,BRUBACHER ST,2,ROAD,LOCAL,7.0,16.0,PAVED,TwoWay,PAVED,6,50,NO ACCESS,N,1886.0,100.44811185877501
BRUBACHER ST,01-Non intersection,09-Right shoulder,03-Snow,07-Dark,MIDBLOCK,Friday,December,0,BRUBACHER ST,2,ROAD,LOCAL,8.0,16.0,PAVED,TwoWay,PAVED,6,50,NO ACCESS,N,1991.0,94.9692337228609
BRUBACHER ST,01-Non intersection,09-Right shoulder,03-Snow,07-Dark,MIDBLOCK,Friday,December,0,BRUBACHER ST,2,ROAD,LOCAL,7.0,16.0,PAVED,TwoWay,PAVED,6,50,NO ACCESS,N,2001.0,100.425351769037
BRUBACHER ST,01-Non intersection,09-Right shoulder,03-Snow,07-Dark,MIDBLOCK,Friday,December,0,BRUBACHER ST,2,ROAD,LOCAL,7.0,16.0,PAVED,TwoWay,PAVED,6,50,NO ACCESS,N,1886.0,360.620189398174
BRUBACHER ST,01-Non intersection,09-Right shoulder,03-Snow,07-Dark,MIDBLOCK,Friday,December,0,BRUBACHER ST,2,ROAD,LOCAL,7.0,16.0,PAVED,TwoWay,PAVED,6,50,NO ACCESS,N,1886.0,100.44811185877501