LOCATION,ACCIDENT_LOCATION,IMPACT_LOCATION,ENVIRONMENT_CONDITION,LIGHT,COLLISION_TYPE,DAY_OF_WEEK,MONTH,IS_WEEKEND,STREET,LANES,CATEGORY,SUBCATEGORY,PAVEMENT_WIDTH,ROW_WIDTH,SHOULDER,FLOW_DIRECTION,SURFACE_LAYER_TYPE,OFFICIAL_ROAD_CLASSIFICATION,SPEED_LIMIT_KM,TRUCK_ACCESS,BUS_ROUTE,SERVICE_YEAR,Shape__Length
BRUBACHER ST,01-Non intersection,02-Thru lane,01-Clear,01-Daylight,MIDBLOCK,Friday,November,0,BRUBACHER ST,2,ROAD,LOCAL,8.0,16.0,PAVED,TwoWay,PAVED,6,50,NO ACCESS,N,1991.0,94.9692337228609
BRUBACHER ST,01-Non intersection,02-Thru lane,01-Clear,01-Daylight,MIDBLOCK,Friday,November,0,BRUBACHER ST,2,ROAD,LOCAL,7.0,16.0,PAVED,TwoWay,PAVED,6,50,NO ACCESS,N,2001.0,100.425351769037
BRUBACHER ST,01-Non intersection,02-Thru lane,01-Clear,01-Daylight,MIDBLOCK,Friday,November,0,BRUBACHER ST,2,ROAD,LOCAL,7.0,16.0,PAVED,TwoWay,PAVED,6,50,NO ACCESS,N,1886.0,360.620189398174
BRUBACHER ST,01-Non intersection,02-Thru lane,01-Clear,01-Daylight,MIDBLOCK,Friday,November,0,BRUBACHER ST,2,ROAD,LOCAL,7.0,16.0,PAVED,TwoWay,PAVED,6,50,NO ACCESS,N,1886.0,100.44811185877501
BRUBACHER ST,01-Non intersection,02-Thru lane,01-Clear,01-Daylight,MIDBLOCK,Monday,July,0,BRUBACHER ST,2,ROAD,LOCAL,8.0,16.0,PAVED,TwoWay,PAVED,6,50,NO ACCESS,N,1991.0,94.9692337228609
BRUBACHER ST,01-Non intersection,02-Thru lane,01-Clear,01-Daylight,MIDBLOCK,Monday,July,0,BRUBACHER ST,2,ROAD,LOCAL,7.0,16.0,PAVED,TwoWay,PAVED,6,50,NO ACCESS,N,2001.0,100.425351769037
BRUBACHER ST,01-Non intersection,02-Thru lane,01-Clear,01-Daylight,MIDBLOCK,Monday,July,0,BRUBACHER ST,2,ROAD,LOCAL,7.0,16.0,PAVED,TwoWay,PAVED,6,50,NO ACCESS,N,1886.0,360.620189398174
BRUBACHER ST,01-Non intersection,02-Thru lane,01-Clear,01-Daylight,MIDBLOCK,Monday,July,0,BRUBACHER ST,2,ROAD,LOCAL,7.0,16.0,PAVED,TwoWay,PAVED,6,50,NO ACCESS,N,1886.0,100.44811185877501
LUCERNE DR,04-At/near private drive,02-Thru lane,01-Clear,01-Daylight,MIDBLOCK,Wednesday,October,0,LUCERNE DR,2,ROAD,LOCAL,9.0,20.0,PAVED,TwoWay,PAVED,6,40,NO ACCESS,N,1968.0,423.549390263439
LUCERNE DR,04-At/near private drive,02-Thru lane,01-Clear,01-Daylight,MIDBLOCK,Sunday,May,1,LUCERNE DR,2,ROAD,LOCAL,9.0,20.0,PAVED,TwoWay,PAVED,6,40,NO ACCESS,N,1968.0,423.549390263439
LUCERNE DR,01-Non intersection,02-Thru lane,02-Rain,01-Daylight,MIDBLOCK,Wednesday,February,0,LUCERNE DR,2,ROAD,LOCAL,9.0,20.0,PAVED,TwoWay,PAVED,6,40,NO ACCESS,N,1968.0,423.549390263439
LUCERNE DR,04-At/near private drive,02-Thru lane,01-Clear,01-Daylight,MIDBLOCK,Monday,December,0,LUCERNE DR,2,ROAD,LOCAL,9.0,20.0,PAVED,TwoWay,PAVED,6,40,NO ACCESS,N,1968.0,423.549390263439
LUCERNE DR,04-At/near private drive,09-Right shoulder,02-Rain,01-Daylight,MIDBLOCK,Friday,March,0,LUCERNE DR,2,ROAD,LOCAL,9.0,20.0,PAVED,TwoWay,PAVED,6,40,NO ACCESS,N,1968.0,423.549390263439
LUCERNE DR,01-Non intersection,02-Thru lane,01-Clear,01-Daylight,MIDBLOCK,Tuesday,January,0,LUCERNE DR,2,ROAD,LOCAL,9.0,20.0,PAVED,TwoWay,PAVED,6,40,NO ACCESS,N,1968.0,423.549390263439
LUCERNE DR,04-At/near private drive,02-Thru lane,01-Clear,07-Dark,MIDBLOCK,Sunday,August,1,LUCERNE DR,2,ROAD,LOCAL,9.0,20.0,PAVED,TwoWay,PAVED,6,40,NO ACCESS,N,1968.0,423.549390263439
LUCERNE DR,04-At/near private drive,02-Thru lane,01-Clear,01-Daylight,MIDBLOCK,Friday,March,0,LUCERNE DR,2,ROAD,LOCAL,9.0,20.0,PAVED,TwoWay,PAVED,6,40,NO ACCESS,N,1968.0,423.549390263439
LUCERNE DR,04-At/near private drive,02-Thru lane,01-Clear,01-Daylight,MIDBLOCK,Thursday,September,0,LUCERNE DR,2,ROAD,LOCAL,9.0,20.0,PAVED,TwoWay,PAVED,6,40,NO ACCESS,N,1968.0,423.549390263439
STEEPLERIDGE ST,04-At/near private drive,02-Thru lane,01-Clear,01-Daylight,MIDBLOCK,Sunday,May,1,STEEPLERIDGE ST,2,ROAD,LOCAL,9.0,18.0,PAVED,TwoWay,PAVED,6,50,NO ACCESS,N,2004.0,278.008594558817
STEEPLERIDGE ST,04-At/near private drive,02-Thru lane,01-Clear,01-Daylight,MIDBLOCK,Sunday,May,1,STEEPLERIDGE ST,2,ROAD,LOCAL,9.0,18.0,PAVED,TwoWay,PAVED,6,50,NO ACCESS,N,2004.0,78.2536624135087
STEEPLERIDGE ST,04-At/near private drive,02-Thru lane,01-Clear,01-Daylight,MIDBLOCK,Sunday,May,1,STEEPLERIDGE ST,2,ROAD,LOCAL,9.0,18.0,PAVED,TwoWay,PAVED,6,50,NO ACCESS,N,2004.0,275.567568210634
STEEPLERIDGE ST,04-At/near private drive,02-Thru lane,01-Clear,07-Dark,MIDBLOCK,Tuesday,October,0,STEEPLERIDGE ST,2,ROAD,LOCAL,9.0,18.0,PAVED,TwoWay,PAVED,6,50,NO ACCESS,N,2004.0,278.008594558817
STEEPLERIDGE ST,04-At/near private drive,02-Thru lane,01-Clear,07-Dark,MIDBLOCK,Tuesday,October,0,STEEPLERIDGE ST,2,ROAD,LOCAL,9.0,18.0,PAVED,TwoWay,PAVED,6,50,NO ACCESS,N,2004.0,78.2536624135087
STEEPLERIDGE ST,04-At/near private drive,02-Thru lane,01-Clear,07-Dark,MIDBLOCK,Tuesday,October,0,STEEPLERIDGE ST,2,ROAD,LOCAL,9.0,18.0,PAVED,TwoWay,PAVED,6,50,NO ACCESS,N,2004.0,275.567568210634
STEEPLERIDGE ST,04-At/near private drive,02-Thru lane,03-Snow,01-Daylight,MIDBLOCK,Wednesday,January,0,STEEPLERIDGE ST,2,ROAD,LOCAL,9.0,18.0,PAVED,TwoWay,PAVED,6,50,NO ACCESS,N,2004.0,278.008594558817
STEEPLERIDGE ST,04-At/near private drive,02-Thru lane,03-Snow,01-Daylight,MIDBLOCK,Wednesday,January,0,STEEPLERIDGE ST,2,ROAD,LOCAL,9.0,18.0,PAVED,TwoWay,PAVED,6,50,NO ACCESS,N,2004.0,78.2536624135087
STEEPLERIDGE ST,04-At/near private drive,02-Thru lane,03-Snow,01-Daylight,MIDBLOCK,Wednesday,January,0,STEEPLERIDGE ST,2,ROAD,LOCAL,9.0,18.0,PAVED,TwoWay,PAVED,6,50,NO ACCESS,N,2004.0,275.567568210634
STEEPLERIDGE ST,01-Non intersection,02-Thru lane,01-Clear,01-Daylight,MIDBLOCK,Sunday,April,1,STEEPLERIDGE ST,2,ROAD,LOCAL,9.0,18.0,PAVED,TwoWay,PAVED,6,50,NO ACCESS,N,2004.0,278.008594558817
STEEPLERIDGE ST,01-Non intersection,02-Thru lane,01-Clear,01-Daylight,MIDBLOCK,Sunday,April,1,STEEPLERIDGE ST,2,ROAD,LOCAL,9.0,18.0,PAVED,TwoWay,PAVED,6,50,NO ACCESS,N,2004.0,78.2536624135087
STEEPLERIDGE ST,01-Non intersection,02-Thru lane,01-Clear,01-Daylight,MIDBLOCK,Sunday,April,1,STEEPLERIDGE ST,2,ROAD,LOCAL,9.0,18.0,PAVED,TwoWay,PAVED,6,50,NO ACCESS,N,2004.0,275.567568210634
STEEPLERIDGE ST,04-At/near private drive,02-Thru lane,01-Clear,01-Daylight,MIDBLOCK,Wednesday,June,0,STEEPLERIDGE ST,2,ROAD,LOCAL,9.0,18.0,PAVED,TwoWay,PAVED,6,50,NO ACCESS,N,2004.0,278.008594558817
STEEPLERIDGE ST,04-At/near private drive,02-Thru lane,01-Clear,01-Daylight,MIDBLOCK,Wednesday,June,0,STEEPLERIDGE ST,2,ROAD,LOCAL,9.0,18.0,PAVED,TwoWay,PAVED,6,50,NO ACCESS,N,2004.0,78.2536624135087
STEEPLERIDGE ST,04-At/near private drive,02-Thru lane,01-Clear,01-Daylight,MIDBLOCK,Wednesday,June,0,STEEPLERIDGE ST,2,ROAD,LOCAL,9.0,18.0,PAVED,TwoWay,PAVED,6,50,NO ACCESS,N,2004.0,275.567568210634
COUNTRY CLAIR ST,04-At/near private drive,02-Thru lane,01-Clear,01-Daylight,MIDBLOCK,Tuesday,November,0,COUNTRY CLAIR ST,2,ROAD,LOCAL,8.0,18.0,PAVED,TwoWay,PAVED,6,50,NO ACCESS,N,2006.0,266.382233718563
COUNTRY CLAIR ST,04-At/near private drive,02-Thru lane,01-Clear,01-Daylight,MIDBLOCK,Sunday,September,1,COUNTRY CLAIR ST,2,ROAD,LOCAL,8.0,18.0,PAVED,TwoWay,PAVED,6,50,NO ACCESS,N,2006.0,266.382233718563
COUNTRY CLAIR ST,04-At/near private drive,02-Thru lane,01-Clear,01-Daylight,MIDBLOCK,Monday,May,0,COUNTRY CLAIR ST,2,ROAD,LOCAL,8.0,18.0,PAVED,TwoWay,PAVED,6,50,NO ACCESS,N,2006.0,266.382233718563
COUNTRY CLAIR ST,01-Non intersection,02-Thru lane,01-Clear,"08-Dark, artificial",MIDBLOCK,Sunday,October,1,COUNTRY CLAIR ST,2,ROAD,LOCAL,8.0,18.0,PAVED,TwoWay,PAVED,6,50,NO ACCESS,N,2006.0,266.382233718563
COUNTRY CLAIR ST,04-At/near private drive,11-Not on roadway - right side,03-Snow,"08-Dark, artificial",MIDBLOCK,Wednesday,December,0,COUNTRY CLAIR ST,2,ROAD,LOCAL,8.0,18.0,PAVED,TwoWay,PAVED,6,50,NO ACCESS,N,2006.0,266.382233718563
COUNTRY CLAIR ST,01-Non intersection,02-Thru lane,99-Other,07-Dark,MIDBLOCK,Friday,January,0,COUNTRY CLAIR ST,2,ROAD,LOCAL,8.0,18.0,PAVED,TwoWay,PAVED,6,50,NO ACCESS,N,2006.0,266.382233718563
TAGGE CRES,04-At/near private drive,09-Right shoulder,01-Clear,01-Daylight,MIDBLOCK,Thursday,June,0,TAGGE CRES,2,ROAD,LOCAL,8.0,16.0,PAVED,TwoWay,PAVED,6,50,NO ACCESS,N,1989.0,309.984508278984
GLEN LAKE CRES,04-At/near private drive,02-Thru lane,01-Clear,01-Daylight,MIDBLOCK,Wednesday,June,0,GLEN LAKE CRES,2,ROAD,LOCAL,9.0,20.0,PAVED,TwoWay,PAVED,6,50,NO ACCESS,N,1969.0,494.382346977231
GLEN LAKE CRES,04-At/near private drive,02-Thru lane,01-Clear,01-Daylight,MIDBLOCK,Saturday,February,1,GLEN LAKE CRES,2,ROAD,LOCAL,9.0,20.0,PAVED,TwoWay,PAVED,6,50,NO ACCESS,N,1969.0,494.382346977231
GLEN LAKE CRES,04-At/near private drive,02-Thru lane,01-Clear,01-Daylight,MIDBLOCK,Friday,September,0,GLEN LAKE CRES,2,ROAD,LOCAL,9.0,20.0,PAVED,TwoWay,PAVED,6,50,NO ACCESS,N,1969.0,494.382346977231
GLEN LAKE CRES,04-At/near private drive,02-Thru lane,01-Clear,01-Daylight,MIDBLOCK,Friday,December,0,GLEN LAKE CRES,2,ROAD,LOCAL,9.0,20.0,PAVED,TwoWay,PAVED,6,50,NO ACCESS,N,1969.0,494.382346977231
GLEN LAKE CRES,01-Non intersection,02-Thru lane,02-Rain,"08-Dark, artificial",MIDBLOCK,Saturday,December,1,GLEN LAKE CRES,2,ROAD,LOCAL,9.0,20.0,PAVED,TwoWay,PAVED,6,50,NO ACCESS,N,1969.0,494.382346977231
GLEN LAKE CRES,04-At/near private drive,02-Thru lane,01-Clear,"08-Dark, artificial",MIDBLOCK,Sunday,January,1,GLEN LAKE CRES,2,ROAD,LOCAL,9.0,20.0,PAVED,TwoWay,PAVED,6,50,NO ACCESS,N,1969.0,494.382346977231
GLEN LAKE CRES,04-At/near private drive,02-Thru lane,01-Clear,07-Dark,MIDBLOCK,Thursday,December,0,GLEN LAKE CRES,2,ROAD,LOCAL,9.0,20.0,PAVED,TwoWay,PAVED,6,50,NO ACCESS,N,1969.0,494.382346977231
NEWBURY DR,04-At/near private drive,09-Right shoulder,02-Rain,"08-Dark, artificial",MIDBLOCK,Saturday,June,1,NEWBURY DR,2,ROAD,LOCAL,9.0,20.0,PAVED,TwoWay,PAVED,6,50,NO ACCESS,N,1989.0,267.23319118055
NEWBURY DR,04-At/near private drive,09-Right shoulder,02-Rain,"08-Dark, artificial",MIDBLOCK,Saturday,June,1,NEWBURY DR,2,ROAD,LOCAL,9.0,20.0,PAVED,TwoWay,PAVED,6,50,NO ACCESS,N,1982.0,76.2147619675552
NEWBURY DR,04-At/near private drive,09-Right shoulder,02-Rain,"08-Dark, artificial",MIDBLOCK,Saturday,June,1,NEWBURY DR,2,ROAD,LOCAL,8.0,20.0,PAVED,TwoWay,PAVED,6,50,NO ACCESS,N,1994.0,87.8797185435545
NEWBURY DR,04-At/near private drive,09-Right shoulder,02-Rain,"08-Dark, artificial",MIDBLOCK,Saturday,June,1,NEWBURY DR,2,ROAD,LOCAL,8.0,20.0,PAVED,TwoWay,PAVED,6,50,NO ACCESS,N,1982.0,571.8538155200799
NEWBURY DR,04-At/near private drive,09-Right shoulder,02-Rain,"08-Dark, artificial",MIDBLOCK,Saturday,June,1,NEWBURY DR,2,ROAD,LOCAL,8.0,20.0,PAVED,TwoWay,PAVED,6,50,NO ACCESS,N,1982.0,79.8091967743173
NEWBURY DR,04-At/near private drive,02-Thru lane,01-Clear,01-Daylight,MIDBLOCK,Tuesday,March,0,NEWBURY DR,2,ROAD,LOCAL,9.0,20.0,PAVED,TwoWay,PAVED,6,50,NO ACCESS,N,1989.0,267.23319118055
NEWBURY DR,04-At/near private drive,02-Thru lane,01-Clear,01-Daylight,MIDBLOCK,Tuesday,March,0,NEWBURY DR,2,ROAD,LOCAL,9.0,20.0,PAVED,TwoWay,PAVED,6,50,NO ACCESS,N,1982.0,76.2147619675552
NEWBURY DR,04-At/near private drive,02-Thru lane,01-Clear,01-Daylight,MIDBLOCK,Tuesday,March,0,NEWBURY DR,2,ROAD,LOCAL,8.0,20.0,PAVED,TwoWay,PAVED,6,50,NO ACCESS,N,1994.0,87.8797185435545
NEWBURY DR,04-At/near private drive,02-Thru lane,01-Clear,01-Daylight,MIDBLOCK,Tuesday,March,0,NEWBURY DR,2,ROAD,LOCAL,8.0,20.0,PAVED,TwoWay,PAVED,6,50,NO ACCESS,N,1982.0,571.8538155200799
NEWBURY DR,04-At/near private drive,02-Thru lane,01-Clear,01-Daylight,MIDBLOCK,Tuesday,March,0,NEWBURY DR,2,ROAD,LOCAL,8.0,20.0,PAVED,TwoWay,PAVED,6,50,NO ACCESS,N,1982.0,79.8091967743173
NEWBURY DR,04-At/near private drive,11-Not on roadway - right side,01-Clear,01-Daylight,MIDBLOCK,Thursday,May,0,NEWBURY DR,2,ROAD,LOCAL,9.0,20.0,PAVED,TwoWay,PAVED,6,50,NO ACCESS,N,1989.0,267.23319118055
NEWBURY DR,04-At/near private drive,11-Not on roadway - right side,01-Clear,01-Daylight,MIDBLOCK,Thursday,May,0,NEWBURY DR,2,ROAD,LOCAL,9.0,20.0,PAVED,TwoWay,PAVED,6,50,NO ACCESS,N,1982.0,76.2147619675552
NEWBURY DR,04-At/near private drive,11-Not on roadway - right side,01-Clear,01-Daylight,MIDBLOCK,Thursday,May,0,NEWBURY DR,2,ROAD,LOCAL,8.0,20.0,PAVED,TwoWay,PAVED,6,50,NO ACCESS,N,1994.0,87.8797185435545
NEWBURY DR,04-At/near private drive,11-Not on roadway - right side,01-Clear,01-Daylight,MIDBLOCK,Thursday,May,0,NEWBURY DR,2,ROAD,LOCAL,8.0,20.0,PAVED,TwoWay,PAVED,6,50,NO ACCESS,N,1982.0,571.8538155200799
NEWBURY DR,04-At/near private drive,11-Not on roadway - right side,01-Clear,01-Daylight,MIDBLOCK,Thursday,May,0,NEWBURY DR,2,ROAD,LOCAL,8.0,20.0,PAVED,TwoWay,PAVED,6,50,NO ACCESS,N,1982.0,79.8091967743173
NEWBURY DR,01-Non intersection,12-Off highway,01-Clear,01-Daylight,MIDBLOCK,Friday,March,0,NEWBURY DR,2,ROAD,LOCAL,9.0,20.0,PAVED,TwoWay,PAVED,6,50,NO ACCESS,N,1989.0,267.23319118055
NEWBURY DR,01-Non intersection,12-Off highway,01-Clear,01-Daylight,MIDBLOCK,Friday,March,0,NEWBURY DR,2,ROAD,LOCAL,9.0,20.0,PAVED,TwoWay,PAVED,6,50,NO ACCESS,N,1982.0,76.2147619675552
NEWBURY DR,01-Non intersection,12-Off highway,01-Clear,01-Daylight,MIDBLOCK,Friday,March,0,NEWBURY DR,2,ROAD,LOCAL,8.0,20.0,PAVED,TwoWay,PAVED,6,50,NO ACCESS,N,1994.0,87.8797185435545
NEWBURY DR,01-Non intersection,12-Off highway,01-Clear,01-Daylight,MIDBLOCK,Friday,March,0,NEWBURY DR,2,ROAD,LOCAL,8.0,20.0,PAVED,TwoWay,PAVED,6,50,NO ACCESS,N,1982.0,571.8538155200799
NEWBURY DR,01-Non intersection,12-Off highway,01-Clear,01-Daylight,MIDBLOCK,Friday,March,0,NEWBURY DR,2,ROAD,LOCAL,8.0,20.0,PAVED,TwoWay,PAVED,6,50,NO ACCESS,N,1982.0,79.8091967743173
NEWBURY DR,98-Other,02-Thru lane,01-Clear,07-Dark,MIDBLOCK,Wednesday,November,0,NEWBURY DR,2,ROAD,LOCAL,9.0,20.0,PAVED,TwoWay,PAVED,6,50,NO ACCESS,N,1989.0,267.23319118055
NEWBURY DR,98-Other,02-Thru lane,01-Clear,07-Dark,MIDBLOCK,Wednesday,November,0,NEWBURY DR,2,ROAD,LOCAL,9.0,20.0,PAVED,TwoWay,PAVED,6,50,NO ACCESS,N,1982.0,76.2147619675552
NEWBURY DR,98-Other,02-Thru lane,01-Clear,07-Dark,MIDBLOCK,Wednesday,November,0,NEWBURY DR,2,ROAD,LOCAL,8.0,20.0,PAVED,TwoWay,PAVED,6,50,NO ACCESS,N,1994.0,87.8797185435545
NEWBURY DR,98-Other,02-Thru lane,01-Clear,07-Dark,MIDBLOCK,Wednesday,November,0,NEWBURY DR,2,ROAD,LOCAL,8.0,20.0,PAVED,TwoWay,PAVED,6,50,NO ACCESS,N,1982.0,571.8538155200799
NEWBURY DR,98-Other,02-Thru lane,01-Clear,07-Dark,MIDBLOCK,Wednesday,November,0,NEWBURY DR,2,ROAD,LOCAL,8.0,20.0,PAVED,TwoWay,PAVED,6,50,NO ACCESS,N,1982.0,79.8091967743173
NEWBURY DR,04-At/near private drive,02-Thru lane,01-Clear,01-Daylight,MIDBLOCK,Tuesday,May,0,NEWBURY DR,2,ROAD,LOCAL,9.0,20.0,PAVED,TwoWay,PAVED,6,50,NO ACCESS,N,1989.0,267.23319118055
NEWBURY DR,04-At/near private drive,02-Thru lane,01-Clear,01-Daylight,MIDBLOCK,Tuesday,May,0,NEWBURY DR,2,ROAD,LOCAL,9.0,20.0,PAVED,TwoWay,PAVED,6,50,NO ACCESS,N,1982.0,76.2147619675552
NEWBURY DR,04-At/near private drive,02-Thru lane,01-Clear,01-Daylight,MIDBLOCK,Tuesday,May,0,NEWBURY DR,2,ROAD,LOCAL,8.0,20.0,PAVED,TwoWay,PAVED,6,50,NO ACCESS,N,1994.0,87.8797185435545
NEWBURY DR,04-At/near private drive,02-Thru lane,01-Clear,01-Daylight,MIDBLOCK,Tuesday,May,0,NEWBURY DR,2,ROAD,LOCAL,8.0,20.0,PAVED,TwoWay,PAVED,6,50,NO ACCESS,N,1982.0,571.8538155200799
NEWBURY DR,04-At/near private drive,02-Thru lane,01-Clear,01-Daylight,MIDBLOCK,Tuesday,May,0,NEWBURY DR,2,ROAD,LOCAL,8.0,20.0,PAVED,TwoWay,PAVED,6,50,NO ACCESS,N,1982.0,79.8091967743173
NEWBURY DR,04-At/near private drive,02-Thru lane,01-Clear,01-Daylight,MIDBLOCK,Saturday,July,1,NEWBURY DR,2,ROAD,LOCAL,9.0,20.0,PAVED,TwoWay,PAVED,6,50,NO ACCESS,N,1989.0,267.23319118055
NEWBURY DR,04-At/near private drive,02-Thru lane,01-Clear,01-Daylight,MIDBLOCK,Saturday,July,1,NEWBURY DR,2,ROAD,LOCAL,9.0,20.0,PAVED,TwoWay,PAVED,6,50,NO ACCESS,N,1982.0,76.2147619675552
NEWBURY DR,04-At/near private drive,02-Thru lane,01-Clear,01-Daylight,MIDBLOCK,Saturday,July,1,NEWBURY DR,2,ROAD,LOCAL,8.0,20.0,PAVED,TwoWay,PAVED,6,50,NO ACCESS,N,1994.0,87.8797185435545
NEWBURY DR,04-At/near private drive,02-Thru lane,01-Clear,01-Daylight,MIDBLOCK,Saturday,July,1,NEWBURY DR,2,ROAD,LOCAL,8.0,20.0,PAVED,TwoWay,PAVED,6,50,NO ACCESS,N,1982.0,571.8538155200799
NEWBURY DR,04-At/near private drive,02-Thru lane,01-Clear,01-Daylight,MIDBLOCK,Saturday,July,1,NEWBURY DR,2,ROAD,LOCAL,8.0,20.0,PAVED,TwoWay,PAVED,6,50,NO ACCESS,N,1982.0,79.8091967743173
NEWBURY DR,01-Non intersection,02-Thru lane,01-Clear,01-Daylight,MIDBLOCK,Friday,December,0,NEWBURY DR,2,ROAD,LOCAL,9.0,20.0,PAVED,TwoWay,PAVED,6,50,NO ACCESS,N,1989.0,267.23319118055
NEWBURY DR,01-Non intersection,02-Thru lane,01-Clear,01-Daylight,MIDBLOCK,Friday,December,0,NEWBURY DR,2,ROAD,LOCAL,9.0,20.0,PAVED,TwoWay,PAVED,6,50,NO ACCESS,N,1982.0,76.2147619675552
NEWBURY DR,01-Non intersection,02-Thru lane,01-Clear,01-Daylight,MIDBLOCK,Friday,December,0,NEWBURY DR,2,ROAD,LOCAL,8.0,20.0,PAVED,TwoWay,PAVED,6,50,NO ACCESS,N,1994.0,87.8797185435545
NEWBURY DR,01-Non intersection,02-Thru lane,01-Clear,01-Daylight,MIDBLOCK,Friday,December,0,NEWBURY DR,2,ROAD,LOCAL,8.0,20.0,PAVED,TwoWay,PAVED,6,50,NO ACCESS,N,1982.0,571.8538155200799
NEWBURY DR,01-Non intersection,02-Thru lane,01-Clear,01-Daylight,MIDBLOCK,Friday,December,0,NEWBURY DR,2,ROAD,LOCAL,8.0,20.0,PAVED,TwoWay,PAVED,6,50,NO ACCESS,N,1982.0,79.8091967743173
NEWBURY DR,04-At/near private drive,02-Thru lane,01-Clear,01-Daylight,MIDBLOCK,Sunday,July,1,NEWBURY DR,2,ROAD,LOCAL,9.0,20.0,PAVED,TwoWay,PAVED,6,50,NO ACCESS,N,1989.0,267.23319118055
NEWBURY DR,04-At/near private drive,02-Thru lane,01-Clear,01-Daylight,MIDBLOCK,Sunday,July,1,NEWBURY DR,2,ROAD,LOCAL,9.0,20.0,PAVED,TwoWay,PAVED,6,50,NO ACCESS,N,1982.0,76.2147619675552
NEWBURY DR,04-At/near private drive,02-Thru lane,01-Clear,01-Daylight,MIDBLOCK,Sunday,July,1,NEWBURY DR,2,ROAD,LOCAL,8.0,20.0,PAVED,TwoWay,PAVED,6,50,NO ACCESS,N,1994.0,87.8797185435545
NEWBURY DR,04-At/near private drive,02-Thru lane,01-Clear,01-Daylight,MIDBLOCK,Sunday,July,1,NEWBURY DR,2,ROAD,LOCAL,8.0,20.0,PAVED,TwoWay,PAVED,6,50,NO ACCESS,N,1982.0,571.8538155200799
NEWBURY DR,04-At/near private drive,02-Thru lane,01-Clear,01-Daylight,MIDBLOCK,Sunday,July,1,NEWBURY DR,2,ROAD,LOCAL,8.0,20.0,PAVED,TwoWay,PAVED,6,50,NO ACCESS,N,1982.0,79.8091967743173
NEWBURY DR,04-At/near private drive,02-Thru lane,01-Clear,01-Daylight,MIDBLOCK,Wednesday,July,0,NEWBURY DR,2,ROAD,LOCAL,9.0,20.0,PAVED,TwoWay,PAVED,6,50,NO ACCESS,N,1989.0,267.23319118055
NEWBURY DR,04-At/near private drive,02-Thru lane,01-Clear,01-Daylight,MIDBLOCK,Wednesday,July,0,NEWBURY DR,2,ROAD,LOCAL,9.0,20.0,PAVED,TwoWay,PAVED,6,50,NO ACCESS,N,1982.0,76.2147619675552
NEWBURY DR,04-At/near private drive,02-Thru lane,01-Clear,01-Daylight,MIDBLOCK,Wednesday,July,0,NEWBURY DR,2,ROAD,LOCAL,8.0,20.0,PAVED,TwoWay,PAVED,6,50,NO ACCESS,N,1994.0,87.8797185435545
NEWBURY DR,04-At/near private drive,02-Thru lane,01-Clear,01-Daylight,MIDBLOCK,Wednesday,July,0,NEWBURY DR,2,ROAD,LOCAL,8.0,20.0,PAVED,TwoWay,PAVED,6,50,NO ACCESS,N,1982.0,571.8538155200799
NEWBURY DR,04-At/near private drive,02-Thru lane,01-Clear,01-Daylight,MIDBLOCK,Wednesday,July,0,NEWBURY DR,2,ROAD,LOCAL,8.0,20.0,PAVED,TwoWay,PAVED,6,50,NO ACCESS,N,1982.0,79.8091967743173
NEWBURY DR,04-At/near private drive,02-Thru lane,02-Rain,07-Dark,MIDBLOCK,Wednesday,November,0,NEWBURY DR,2,ROAD,LOCAL,9.0,20.0,PAVED,TwoWay,PAVED,6,50,NO ACCESS,N,1989.0,267.23319118055
NEWBURY DR,04-At/near private drive,02-Thru lane,02-Rain,07-Dark,MIDBLOCK,Wednesday,November,0,NEWBURY DR,2,ROAD,LOCAL,9.0,20.0,PAVED,TwoWay,PAVED,6,50,NO ACCESS,N,1982.0,76.2147619675552
NEWBURY DR,04-At/near private drive,02-Thru lane,02-Rain,07-Dark,MIDBLOCK,Wednesday,November,0,NEWBURY DR,2,ROAD,LOCAL,8.0,20.0,PAVED,TwoWay,PAVED,6,50,NO ACCESS,N,1994.0,87.8797185435545
NEWBURY DR,04-At/near private drive,02-Thru lane,02-Rain,07-Dark,MIDBLOCK,Wednesday,November,0,NEWBURY DR,2,ROAD,LOCAL,8.0,20.0,PAVED,TwoWay,PAVED,6,50,NO ACCESS,N,1982.0,571.8538155200799
NEWBURY DR,04-At/near private drive,02-Thru lane,02-Rain,07-Dark,MIDBLOCK,Wednesday,November,0,NEWBURY DR,2,ROAD,LOCAL,8.0,20.0,PAVED,TwoWay,PAVED,6,50,NO ACCESS,N,1982.0,79.8091967743173
NEWBURY DR,04-At/near private drive,02-Thru lane,01-Clear,01-Daylight,MIDBLOCK,Friday,April,0,NEWBURY DR,2,ROAD,LOCAL,9.0,20.0,PAVED,TwoWay,PAVED,6,50,NO ACCESS,N,1989.0,267.23319118055
NEWBURY DR,04-At/near private drive,02-Thru lane,01-Clear,01-Daylight,MIDBLOCK,Friday,April,0,NEWBURY DR,2,ROAD,LOCAL,9.0,20.0,PAVED,TwoWay,PAVED,6,50,NO ACCESS,N,1982.0,76.2147619675552
NEWBURY DR,04-At/near private drive,02-Thru lane,01-Clear,01-Daylight,MIDBLOCK,Friday,April,0,NEWBURY DR,2,ROAD,LOCAL,8.0,20.0,PAVED,TwoWay,PAVED,6,50,NO ACCESS,N,1994.0,87.8797185435545
NEWBURY DR,04-At/near private drive,02-Thru lane,01-Clear,01-Daylight,MIDBLOCK,Friday,April,0,NEWBURY DR,2,ROAD,LOCAL,8.0,20.0,PAVED,TwoWay,PAVED,6,50,NO ACCESS,N,1982.0,571.8538155200799
NEWBURY DR,04-At/near private drive,02-Thru lane,01-Clear,01-Daylight,MIDBLOCK,Friday,April,0,NEWBURY DR,2,ROAD,LOCAL,8.0,20.0,PAVED,TwoWay,PAVED,6,50,NO ACCESS,N,1982.0,79.8091967743173