LOCATION,ACCIDENT_LOCATION,IMPACT_LOCATION,ENVIRONMENT_CONDITION,LIGHT,COLLISION_TYPE,DAY_OF_WEEK,MONTH,IS_WEEKEND,STREET,LANES,CATEGORY,SUBCATEGORY,PAVEMENT_WIDTH,ROW_WIDTH,SHOULDER,FLOW_DIRECTION,SURFACE_LAYER_TYPE,OFFICIAL_ROAD_CLASSIFICATION,SPEED_LIMIT_KM,TRUCK_ACCESS,BUS_ROUTE,SERVICE_YEAR,Shape__Length
FOURTH AVE,01-Non intersection,02-Thru lane,01-Clear,07-Dark,MIDBLOCK,Sunday,January,1,FOURTH AVE,2,ROAD,LOCAL,9.0,20.0,PAVED,TwoWay,PAVED,6,40,NO ACCESS,Y,1914.0,412.306852475204
FOURTH AVE,01-Non intersection,02-Thru lane,01-Clear,07-Dark,MIDBLOCK,Sunday,January,1,FOURTH AVE,2,ROAD,LOCAL,9.0,20.0,PAVED,TwoWay,PAVED,6,40,NO ACCESS,Y,1949.0,325.92525546409803
FOURTH AVE,04-At/near private drive,12-Off highway,01-Clear,01-Daylight,MIDBLOCK,Thursday,April,0,FOURTH AVE,2,ROAD,LOCAL,9.0,20.0,PAVED,TwoWay,PAVED,6,40,NO ACCESS,Y,1914.0,412.306852475204
FOURTH AVE,04-At/near private drive,12-Off highway,01-Clear,01-Daylight,MIDBLOCK,Thursday,April,0,FOURTH AVE,2,ROAD,LOCAL,9.0,20.0,PAVED,TwoWay,PAVED,6,40,NO ACCESS,Y,1949.0,325.92525546409803
FOURTH AVE,01-Non intersection,02-Thru lane,01-Clear,01-Daylight,MIDBLOCK,Tuesday,April,0,FOURTH AVE,2,ROAD,LOCAL,9.0,20.0,PAVED,TwoWay,PAVED,6,40,NO ACCESS,Y,1914.0,412.306852475204
FOURTH AVE,01-Non intersection,02-Thru lane,01-Clear,01-Daylight,MIDBLOCK,Tuesday,April,0,FOURTH AVE,2,ROAD,LOCAL,9.0,20.0,PAVED,TwoWay,PAVED,6,40,NO ACCESS,Y,1949.0,325.92525546409803
FOURTH AVE,04-At/near private drive,02-Thru lane,01-Clear,"08-Dark, artificial",MIDBLOCK,Wednesday,November,0,FOURTH AVE,2,ROAD,LOCAL,9.0,20.0,PAVED,TwoWay,PAVED,6,40,NO ACCESS,Y,1914.0,412.306852475204
FOURTH AVE,04-At/near private drive,02-Thru lane,01-Clear,"08-Dark, artificial",MIDBLOCK,Wednesday,November,0,FOURTH AVE,2,ROAD,LOCAL,9.0,20.0,PAVED,TwoWay,PAVED,6,40,NO ACCESS,Y,1949.0,325.92525546409803
FOURTH AVE,01-Non intersection,02-Thru lane,01-Clear,01-Daylight,MIDBLOCK,Friday,October,0,FOURTH AVE,2,ROAD,LOCAL,9.0,20.0,PAVED,TwoWay,PAVED,6,40,NO ACCESS,Y,1914.0,412.306852475204
FOURTH AVE,01-Non intersection,02-Thru lane,01-Clear,01-Daylight,MIDBLOCK,Friday,October,0,FOURTH AVE,2,ROAD,LOCAL,9.0,20.0,PAVED,TwoWay,PAVED,6,40,NO ACCESS,Y,1949.0,325.92525546409803
FOURTH AVE,04-At/near private drive,02-Thru lane,01-Clear,01-Daylight,MIDBLOCK,Saturday,October,1,FOURTH AVE,2,ROAD,LOCAL,9.0,20.0,PAVED,TwoWay,PAVED,6,40,NO ACCESS,Y,1914.0,412.306852475204
FOURTH AVE,04-At/near private drive,02-Thru lane,01-Clear,01-Daylight,MIDBLOCK,Saturday,October,1,FOURTH AVE,2,ROAD,LOCAL,9.0,20.0,PAVED,TwoWay,PAVED,6,40,NO ACCESS,Y,1949.0,325.92525546409803
FOURTH AVE,04-At/near private drive,02-Thru lane,01-Clear,01-Daylight,MIDBLOCK,Friday,May,0,FOURTH AVE,2,ROAD,LOCAL,9.0,20.0,PAVED,TwoWay,PAVED,6,40,NO ACCESS,Y,1914.0,412.306852475204
FOURTH AVE,04-At/near private drive,02-Thru lane,01-Clear,01-Daylight,MIDBLOCK,Friday,May,0,FOURTH AVE,2,ROAD,LOCAL,9.0,20.0,PAVED,TwoWay,PAVED,6,40,NO ACCESS,Y,1949.0,325.92525546409803
FOURTH AVE,04-At/near private drive,02-Thru lane,01-Clear,01-Daylight,MIDBLOCK,Monday,January,0,FOURTH AVE,2,ROAD,LOCAL,9.0,20.0,PAVED,TwoWay,PAVED,6,40,NO ACCESS,Y,1914.0,412.306852475204
FOURTH AVE,04-At/near private drive,02-Thru lane,01-Clear,01-Daylight,MIDBLOCK,Monday,January,0,FOURTH AVE,2,ROAD,LOCAL,9.0,20.0,PAVED,TwoWay,PAVED,6,40,NO ACCESS,Y,1949.0,325.92525546409803
FOURTH AVE,04-At/near private drive,02-Thru lane,03-Snow,07-Dark,MIDBLOCK,Wednesday,December,0,FOURTH AVE,2,ROAD,LOCAL,9.0,20.0,PAVED,TwoWay,PAVED,6,40,NO ACCESS,Y,1914.0,412.306852475204
FOURTH AVE,04-At/near private drive,02-Thru lane,03-Snow,07-Dark,MIDBLOCK,Wednesday,December,0,FOURTH AVE,2,ROAD,LOCAL,9.0,20.0,PAVED,TwoWay,PAVED,6,40,NO ACCESS,Y,1949.0,325.92525546409803
FOURTH AVE,04-At/near private drive,09-Right shoulder,01-Clear,01-Daylight,MIDBLOCK,Saturday,March,1,FOURTH AVE,2,ROAD,LOCAL,9.0,20.0,PAVED,TwoWay,PAVED,6,40,NO ACCESS,Y,1914.0,412.306852475204
FOURTH AVE,04-At/near private drive,09-Right shoulder,01-Clear,01-Daylight,MIDBLOCK,Saturday,March,1,FOURTH AVE,2,ROAD,LOCAL,9.0,20.0,PAVED,TwoWay,PAVED,6,40,NO ACCESS,Y,1949.0,325.92525546409803
FOURTH AVE,04-At/near private drive,02-Thru lane,01-Clear,01-Daylight,MIDBLOCK,Saturday,June,1,FOURTH AVE,2,ROAD,LOCAL,9.0,20.0,PAVED,TwoWay,PAVED,6,40,NO ACCESS,Y,1914.0,412.306852475204
FOURTH AVE,04-At/near private drive,02-Thru lane,01-Clear,01-Daylight,MIDBLOCK,Saturday,June,1,FOURTH AVE,2,ROAD,LOCAL,9.0,20.0,PAVED,TwoWay,PAVED,6,40,NO ACCESS,Y,1949.0,325.92525546409803
FOURTH AVE,04-At/near private drive,02-Thru lane,01-Clear,01-Daylight,MIDBLOCK,Sunday,August,1,FOURTH AVE,2,ROAD,LOCAL,9.0,20.0,PAVED,TwoWay,PAVED,6,40,NO ACCESS,Y,1914.0,412.306852475204
FOURTH AVE,04-At/near private drive,02-Thru lane,01-Clear,01-Daylight,MIDBLOCK,Sunday,August,1,FOURTH AVE,2,ROAD,LOCAL,9.0,20.0,PAVED,TwoWay,PAVED,6,40,NO ACCESS,Y,1949.0,325.92525546409803
FOURTH AVE,04-At/near private drive,02-Thru lane,01-Clear,"08-Dark, artificial",MIDBLOCK,Thursday,October,0,FOURTH AVE,2,ROAD,LOCAL,9.0,20.0,PAVED,TwoWay,PAVED,6,40,NO ACCESS,Y,1914.0,412.306852475204
FOURTH AVE,04-At/near private drive,02-Thru lane,01-Clear,"08-Dark, artificial",MIDBLOCK,Thursday,October,0,FOURTH AVE,2,ROAD,LOCAL,9.0,20.0,PAVED,TwoWay,PAVED,6,40,NO ACCESS,Y,1949.0,325.92525546409803
FOURTH AVE,04-At/near private drive,02-Thru lane,01-Clear,"08-Dark, artificial",MIDBLOCK,Thursday,November,0,FOURTH AVE,2,ROAD,LOCAL,9.0,20.0,PAVED,TwoWay,PAVED,6,40,NO ACCESS,Y,1914.0,412.306852475204
FOURTH AVE,04-At/near private drive,02-Thru lane,01-Clear,"08-Dark, artificial",MIDBLOCK,Thursday,November,0,FOURTH AVE,2,ROAD,LOCAL,9.0,20.0,PAVED,TwoWay,PAVED,6,40,NO ACCESS,Y,1949.0,325.92525546409803
DAWN RIDGE DR,04-At/near private drive,02-Thru lane,01-Clear,"08-Dark, artificial",MIDBLOCK,Thursday,May,0,DAWN RIDGE DR,2,ROAD,LOCAL,4.0,20.0,PAVED,TwoWay,PAVED,6,50,NO ACCESS,N,1994.0,22.2880831630168
DAWN RIDGE DR,04-At/near private drive,02-Thru lane,01-Clear,"08-Dark, artificial",MIDBLOCK,Thursday,May,0,DAWN RIDGE DR,2,ROAD,LOCAL,9.0,18.0,PAVED,TwoWay,PAVED,6,50,NO ACCESS,N,1994.0,132.076202865571
DAWN RIDGE DR,04-At/near private drive,02-Thru lane,01-Clear,"08-Dark, artificial",MIDBLOCK,Thursday,May,0,DAWN RIDGE DR,2,ROAD,LOCAL,9.0,18.0,PAVED,TwoWay,PAVED,6,50,NO ACCESS,N,1994.0,252.58319679645302
DAWN RIDGE DR,04-At/near private drive,02-Thru lane,01-Clear,01-Daylight,MIDBLOCK,Wednesday,October,0,DAWN RIDGE DR,2,ROAD,LOCAL,4.0,20.0,PAVED,TwoWay,PAVED,6,50,NO ACCESS,N,1994.0,22.2880831630168
DAWN RIDGE DR,04-At/near private drive,02-Thru lane,01-Clear,01-Daylight,MIDBLOCK,Wednesday,October,0,DAWN RIDGE DR,2,ROAD,LOCAL,9.0,18.0,PAVED,TwoWay,PAVED,6,50,NO ACCESS,N,1994.0,132.076202865571
DAWN RIDGE DR,04-At/near private drive,02-Thru lane,01-Clear,01-Daylight,MIDBLOCK,Wednesday,October,0,DAWN RIDGE DR,2,ROAD,LOCAL,9.0,18.0,PAVED,TwoWay,PAVED,6,50,NO ACCESS,N,1994.0,252.58319679645302
DAWN RIDGE DR,01-Non intersection,02-Thru lane,03-Snow,01-Daylight,MIDBLOCK,Wednesday,February,0,DAWN RIDGE DR,2,ROAD,LOCAL,4.0,20.0,PAVED,TwoWay,PAVED,6,50,NO ACCESS,N,1994.0,22.2880831630168
DAWN RIDGE DR,01-Non intersection,02-Thru lane,03-Snow,01-Daylight,MIDBLOCK,Wednesday,February,0,DAWN RIDGE DR,2,ROAD,LOCAL,9.0,18.0,PAVED,TwoWay,PAVED,6,50,NO ACCESS,N,1994.0,132.076202865571
DAWN RIDGE DR,01-Non intersection,02-Thru lane,03-Snow,01-Daylight,MIDBLOCK,Wednesday,February,0,DAWN RIDGE DR,2,ROAD,LOCAL,9.0,18.0,PAVED,TwoWay,PAVED,6,50,NO ACCESS,N,1994.0,252.58319679645302
MICHENER CRES,01-Non intersection,02-Thru lane,01-Clear,01-Daylight,MIDBLOCK,Friday,January,0,MICHENER CRES,2,ROAD,LOCAL,9.0,18.0,PAVED,TwoWay,PAVED,6,50,NO ACCESS,N,1987.0,487.465245744489
MICHENER CRES,01-Non intersection,02-Thru lane,01-Clear,01-Daylight,MIDBLOCK,Friday,January,0,MICHENER CRES,2,ROAD,LOCAL,9.0,20.0,PAVED,TwoWay,PAVED,6,50,NO ACCESS,N,1987.0,100.346876002635
MICHENER CRES,01-Non intersection,02-Thru lane,01-Clear,01-Daylight,MIDBLOCK,Friday,January,0,MICHENER CRES,2,ROAD,LOCAL,9.0,20.0,PAVED,TwoWay,PAVED,6,50,NO ACCESS,N,1987.0,91.90778209276188
MICHENER CRES,01-Non intersection,02-Thru lane,01-Clear,01-Daylight,MIDBLOCK,Saturday,October,1,MICHENER CRES,2,ROAD,LOCAL,9.0,18.0,PAVED,TwoWay,PAVED,6,50,NO ACCESS,N,1987.0,487.465245744489
MICHENER CRES,01-Non intersection,02-Thru lane,01-Clear,01-Daylight,MIDBLOCK,Saturday,October,1,MICHENER CRES,2,ROAD,LOCAL,9.0,20.0,PAVED,TwoWay,PAVED,6,50,NO ACCESS,N,1987.0,100.346876002635
MICHENER CRES,01-Non intersection,02-Thru lane,01-Clear,01-Daylight,MIDBLOCK,Saturday,October,1,MICHENER CRES,2,ROAD,LOCAL,9.0,20.0,PAVED,TwoWay,PAVED,6,50,NO ACCESS,N,1987.0,91.90778209276188
MICHENER CRES,01-Non intersection,02-Thru lane,01-Clear,01-Daylight,MIDBLOCK,Wednesday,October,0,MICHENER CRES,2,ROAD,LOCAL,9.0,18.0,PAVED,TwoWay,PAVED,6,50,NO ACCESS,N,1987.0,487.465245744489
MICHENER CRES,01-Non intersection,02-Thru lane,01-Clear,01-Daylight,MIDBLOCK,Wednesday,October,0,MICHENER CRES,2,ROAD,LOCAL,9.0,20.0,PAVED,TwoWay,PAVED,6,50,NO ACCESS,N,1987.0,100.346876002635
MICHENER CRES,01-Non intersection,02-Thru lane,01-Clear,01-Daylight,MIDBLOCK,Wednesday,October,0,MICHENER CRES,2,ROAD,LOCAL,9.0,20.0,PAVED,TwoWay,PAVED,6,50,NO ACCESS,N,1987.0,91.90778209276188
ALBION ST,04-At/near private drive,02-Thru lane,01-Clear,01-Daylight,MIDBLOCK,Thursday,October,0,ALBION ST,2,ROAD,LOCAL,9.0,20.0,PAVED,TwoWay,PAVED,6,50,NO ACCESS,N,1979.0,161.263344102193
ALBION ST,04-At/near private drive,02-Thru lane,01-Clear,01-Daylight,MIDBLOCK,Thursday,October,0,ALBION ST,2,ROAD,LOCAL,9.0,20.0,PAVED,TwoWay,PAVED,6,50,NO ACCESS,N,1979.0,92.5370339096537
ALBION ST,04-At/near private drive,02-Thru lane,01-Clear,07-Dark,MIDBLOCK,Friday,January,0,ALBION ST,2,ROAD,LOCAL,9.0,20.0,PAVED,TwoWay,PAVED,6,50,NO ACCESS,N,1979.0,161.263344102193
ALBION ST,04-At/near private drive,02-Thru lane,01-Clear,07-Dark,MIDBLOCK,Friday,January,0,ALBION ST,2,ROAD,LOCAL,9.0,20.0,PAVED,TwoWay,PAVED,6,50,NO ACCESS,N,1979.0,92.5370339096537
ALBION ST,04-At/near private drive,02-Thru lane,01-Clear,01-Daylight,MIDBLOCK,Saturday,October,1,ALBION ST,2,ROAD,LOCAL,9.0,20.0,PAVED,TwoWay,PAVED,6,50,NO ACCESS,N,1979.0,161.263344102193
ALBION ST,04-At/near private drive,02-Thru lane,01-Clear,01-Daylight,MIDBLOCK,Saturday,October,1,ALBION ST,2,ROAD,LOCAL,9.0,20.0,PAVED,TwoWay,PAVED,6,50,NO ACCESS,N,1979.0,92.5370339096537
ALBION ST,04-At/near private drive,02-Thru lane,01-Clear,01-Daylight,MIDBLOCK,Wednesday,May,0,ALBION ST,2,ROAD,LOCAL,9.0,20.0,PAVED,TwoWay,PAVED,6,50,NO ACCESS,N,1979.0,161.263344102193
ALBION ST,04-At/near private drive,02-Thru lane,01-Clear,01-Daylight,MIDBLOCK,Wednesday,May,0,ALBION ST,2,ROAD,LOCAL,9.0,20.0,PAVED,TwoWay,PAVED,6,50,NO ACCESS,N,1979.0,92.5370339096537
BRIARMEADOW DR,01-Non intersection,02-Thru lane,01-Clear,01-Daylight,MIDBLOCK,Monday,June,0,BRIARMEADOW DR,2,ROAD,MINOR,10.0,20.0,PAVED,TwoWay,PAVED,4,50,NO ACCESS,N,1995.0,54.7913148124747
BRIARMEADOW DR,01-Non intersection,02-Thru lane,01-Clear,01-Daylight,MIDBLOCK,Monday,June,0,BRIARMEADOW DR,2,ROAD,MINOR,10.0,20.0,PAVED,TwoWay,PAVED,4,50,NO ACCESS,N,2001.0,81.65024900248291
BRIARMEADOW DR,01-Non intersection,02-Thru lane,01-Clear,01-Daylight,MIDBLOCK,Monday,June,0,BRIARMEADOW DR,2,ROAD,MINOR,10.0,20.0,PAVED,TwoWay,PAVED,4,50,NO ACCESS,N,1995.0,75.9211362436707
BRIARMEADOW DR,01-Non intersection,02-Thru lane,01-Clear,01-Daylight,MIDBLOCK,Monday,June,0,BRIARMEADOW DR,2,ROAD,MINOR,10.0,20.0,PAVED,TwoWay,PAVED,4,50,NO ACCESS,N,1994.0,77.5186068927818
BRIARMEADOW DR,01-Non intersection,02-Thru lane,01-Clear,01-Daylight,MIDBLOCK,Monday,June,0,BRIARMEADOW DR,2,ROAD,MINOR,10.0,20.0,PAVED,TwoWay,PAVED,4,50,NO ACCESS,N,1995.0,76.41861144489779
BRIARMEADOW DR,01-Non intersection,02-Thru lane,01-Clear,01-Daylight,MIDBLOCK,Monday,June,0,BRIARMEADOW DR,2,ROAD,MINOR,10.0,20.0,PAVED,TwoWay,PAVED,4,50,NO ACCESS,N,2001.0,180.645802970392
BRIARMEADOW DR,04-At/near private drive,99-Other,01-Clear,07-Dark,MIDBLOCK,Sunday,February,1,BRIARMEADOW DR,2,ROAD,MINOR,10.0,20.0,PAVED,TwoWay,PAVED,4,50,NO ACCESS,N,1995.0,54.7913148124747
BRIARMEADOW DR,04-At/near private drive,99-Other,01-Clear,07-Dark,MIDBLOCK,Sunday,February,1,BRIARMEADOW DR,2,ROAD,MINOR,10.0,20.0,PAVED,TwoWay,PAVED,4,50,NO ACCESS,N,2001.0,81.65024900248291
BRIARMEADOW DR,04-At/near private drive,99-Other,01-Clear,07-Dark,MIDBLOCK,Sunday,February,1,BRIARMEADOW DR,2,ROAD,MINOR,10.0,20.0,PAVED,TwoWay,PAVED,4,50,NO ACCESS,N,1995.0,75.9211362436707
BRIARMEADOW DR,04-At/near private drive,99-Other,01-Clear,07-Dark,MIDBLOCK,Sunday,February,1,BRIARMEADOW DR,2,ROAD,MINOR,10.0,20.0,PAVED,TwoWay,PAVED,4,50,NO ACCESS,N,1994.0,77.5186068927818
BRIARMEADOW DR,04-At/near private drive,99-Other,01-Clear,07-Dark,MIDBLOCK,Sunday,February,1,BRIARMEADOW DR,2,ROAD,MINOR,10.0,20.0,PAVED,TwoWay,PAVED,4,50,NO ACCESS,N,1995.0,76.41861144489779
BRIARMEADOW DR,04-At/near private drive,99-Other,01-Clear,07-Dark,MIDBLOCK,Sunday,February,1,BRIARMEADOW DR,2,ROAD,MINOR,10.0,20.0,PAVED,TwoWay,PAVED,4,50,NO ACCESS,N,2001.0,180.645802970392
BRIARMEADOW DR,04-At/near private drive,02-Thru lane,03-Snow,07-Dark,MIDBLOCK,Saturday,November,1,BRIARMEADOW DR,2,ROAD,MINOR,10.0,20.0,PAVED,TwoWay,PAVED,4,50,NO ACCESS,N,1995.0,54.7913148124747
BRIARMEADOW DR,04-At/near private drive,02-Thru lane,03-Snow,07-Dark,MIDBLOCK,Saturday,November,1,BRIARMEADOW DR,2,ROAD,MINOR,10.0,20.0,PAVED,TwoWay,PAVED,4,50,NO ACCESS,N,2001.0,81.65024900248291
BRIARMEADOW DR,04-At/near private drive,02-Thru lane,03-Snow,07-Dark,MIDBLOCK,Saturday,November,1,BRIARMEADOW DR,2,ROAD,MINOR,10.0,20.0,PAVED,TwoWay,PAVED,4,50,NO ACCESS,N,1995.0,75.9211362436707
BRIARMEADOW DR,04-At/near private drive,02-Thru lane,03-Snow,07-Dark,MIDBLOCK,Saturday,November,1,BRIARMEADOW DR,2,ROAD,MINOR,10.0,20.0,PAVED,TwoWay,PAVED,4,50,NO ACCESS,N,1994.0,77.5186068927818
BRIARMEADOW DR,04-At/near private drive,02-Thru lane,03-Snow,07-Dark,MIDBLOCK,Saturday,November,1,BRIARMEADOW DR,2,ROAD,MINOR,10.0,20.0,PAVED,TwoWay,PAVED,4,50,NO ACCESS,N,1995.0,76.41861144489779
BRIARMEADOW DR,04-At/near private drive,02-Thru lane,03-Snow,07-Dark,MIDBLOCK,Saturday,November,1,BRIARMEADOW DR,2,ROAD,MINOR,10.0,20.0,PAVED,TwoWay,PAVED,4,50,NO ACCESS,N,2001.0,180.645802970392
BRIARMEADOW DR,01-Non intersection,02-Thru lane,01-Clear,"08-Dark, artificial",MIDBLOCK,Saturday,August,1,BRIARMEADOW DR,2,ROAD,MINOR,10.0,20.0,PAVED,TwoWay,PAVED,4,50,NO ACCESS,N,1995.0,54.7913148124747
BRIARMEADOW DR,01-Non intersection,02-Thru lane,01-Clear,"08-Dark, artificial",MIDBLOCK,Saturday,August,1,BRIARMEADOW DR,2,ROAD,MINOR,10.0,20.0,PAVED,TwoWay,PAVED,4,50,NO ACCESS,N,2001.0,81.65024900248291
BRIARMEADOW DR,01-Non intersection,02-Thru lane,01-Clear,"08-Dark, artificial",MIDBLOCK,Saturday,August,1,BRIARMEADOW DR,2,ROAD,MINOR,10.0,20.0,PAVED,TwoWay,PAVED,4,50,NO ACCESS,N,1995.0,75.9211362436707
BRIARMEADOW DR,01-Non intersection,02-Thru lane,01-Clear,"08-Dark, artificial",MIDBLOCK,Saturday,August,1,BRIARMEADOW DR,2,ROAD,MINOR,10.0,20.0,PAVED,TwoWay,PAVED,4,50,NO ACCESS,N,1994.0,77.5186068927818
BRIARMEADOW DR,01-Non intersection,02-Thru lane,01-Clear,"08-Dark, artificial",MIDBLOCK,Saturday,August,1,BRIARMEADOW DR,2,ROAD,MINOR,10.0,20.0,PAVED,TwoWay,PAVED,4,50,NO ACCESS,N,1995.0,76.41861144489779
BRIARMEADOW DR,01-Non intersection,02-Thru lane,01-Clear,"08-Dark, artificial",MIDBLOCK,Saturday,August,1,BRIARMEADOW DR,2,ROAD,MINOR,10.0,20.0,PAVED,TwoWay,PAVED,4,50,NO ACCESS,N,2001.0,180.645802970392
BRIARMEADOW DR,04-At/near private drive,02-Thru lane,01-Clear,01-Daylight,MIDBLOCK,Monday,November,0,BRIARMEADOW DR,2,ROAD,MINOR,10.0,20.0,PAVED,TwoWay,PAVED,4,50,NO ACCESS,N,1995.0,54.7913148124747
BRIARMEADOW DR,04-At/near private drive,02-Thru lane,01-Clear,01-Daylight,MIDBLOCK,Monday,November,0,BRIARMEADOW DR,2,ROAD,MINOR,10.0,20.0,PAVED,TwoWay,PAVED,4,50,NO ACCESS,N,2001.0,81.65024900248291
BRIARMEADOW DR,04-At/near private drive,02-Thru lane,01-Clear,01-Daylight,MIDBLOCK,Monday,November,0,BRIARMEADOW DR,2,ROAD,MINOR,10.0,20.0,PAVED,TwoWay,PAVED,4,50,NO ACCESS,N,1995.0,75.9211362436707
BRIARMEADOW DR,04-At/near private drive,02-Thru lane,01-Clear,01-Daylight,MIDBLOCK,Monday,November,0,BRIARMEADOW DR,2,ROAD,MINOR,10.0,20.0,PAVED,TwoWay,PAVED,4,50,NO ACCESS,N,1994.0,77.5186068927818
BRIARMEADOW DR,04-At/near private drive,02-Thru lane,01-Clear,01-Daylight,MIDBLOCK,Monday,November,0,BRIARMEADOW DR,2,ROAD,MINOR,10.0,20.0,PAVED,TwoWay,PAVED,4,50,NO ACCESS,N,1995.0,76.41861144489779
BRIARMEADOW DR,04-At/near private drive,02-Thru lane,01-Clear,01-Daylight,MIDBLOCK,Monday,November,0,BRIARMEADOW DR,2,ROAD,MINOR,10.0,20.0,PAVED,TwoWay,PAVED,4,50,NO ACCESS,N,2001.0,180.645802970392
BRIARMEADOW DR,04-At/near private drive,02-Thru lane,01-Clear,01-Daylight,MIDBLOCK,Saturday,July,1,BRIARMEADOW DR,2,ROAD,MINOR,10.0,20.0,PAVED,TwoWay,PAVED,4,50,NO ACCESS,N,1995.0,54.7913148124747
BRIARMEADOW DR,04-At/near private drive,02-Thru lane,01-Clear,01-Daylight,MIDBLOCK,Saturday,July,1,BRIARMEADOW DR,2,ROAD,MINOR,10.0,20.0,PAVED,TwoWay,PAVED,4,50,NO ACCESS,N,2001.0,81.65024900248291
BRIARMEADOW DR,04-At/near private drive,02-Thru lane,01-Clear,01-Daylight,MIDBLOCK,Saturday,July,1,BRIARMEADOW DR,2,ROAD,MINOR,10.0,20.0,PAVED,TwoWay,PAVED,4,50,NO ACCESS,N,1995.0,75.9211362436707
BRIARMEADOW DR,04-At/near private drive,02-Thru lane,01-Clear,01-Daylight,MIDBLOCK,Saturday,July,1,BRIARMEADOW DR,2,ROAD,MINOR,10.0,20.0,PAVED,TwoWay,PAVED,4,50,NO ACCESS,N,1994.0,77.5186068927818
BRIARMEADOW DR,04-At/near private drive,02-Thru lane,01-Clear,01-Daylight,MIDBLOCK,Saturday,July,1,BRIARMEADOW DR,2,ROAD,MINOR,10.0,20.0,PAVED,TwoWay,PAVED,4,50,NO ACCESS,N,1995.0,76.41861144489779
BRIARMEADOW DR,04-At/near private drive,02-Thru lane,01-Clear,01-Daylight,MIDBLOCK,Saturday,July,1,BRIARMEADOW DR,2,ROAD,MINOR,10.0,20.0,PAVED,TwoWay,PAVED,4,50,NO ACCESS,N,2001.0,180.645802970392
BRIARMEADOW DR,04-At/near private drive,10-Not on roadway - left side,01-Clear,01-Daylight,MIDBLOCK,Sunday,November,1,BRIARMEADOW DR,2,ROAD,MINOR,10.0,20.0,PAVED,TwoWay,PAVED,4,50,NO ACCESS,N,1995.0,54.7913148124747
BRIARMEADOW DR,04-At/near private drive,10-Not on roadway - left side,01-Clear,01-Daylight,MIDBLOCK,Sunday,November,1,BRIARMEADOW DR,2,ROAD,MINOR,10.0,20.0,PAVED,TwoWay,PAVED,4,50,NO ACCESS,N,2001.0,81.65024900248291
BRIARMEADOW DR,04-At/near private drive,10-Not on roadway - left side,01-Clear,01-Daylight,MIDBLOCK,Sunday,November,1,BRIARMEADOW DR,2,ROAD,MINOR,10.0,20.0,PAVED,TwoWay,PAVED,4,50,NO ACCESS,N,1995.0,75.9211362436707
BRIARMEADOW DR,04-At/near private drive,10-Not on roadway - left side,01-Clear,01-Daylight,MIDBLOCK,Sunday,November,1,BRIARMEADOW DR,2,ROAD,MINOR,10.0,20.0,PAVED,TwoWay,PAVED,4,50,NO ACCESS,N,1994.0,77.5186068927818
BRIARMEADOW DR,04-At/near private drive,10-Not on roadway - left side,01-Clear,01-Daylight,MIDBLOCK,Sunday,November,1,BRIARMEADOW DR,2,ROAD,MINOR,10.0,20.0,PAVED,TwoWay,PAVED,4,50,NO ACCESS,N,1995.0,76.41861144489779
BRIARMEADOW DR,04-At/near private drive,10-Not on roadway - left side,01-Clear,01-Daylight,MIDBLOCK,Sunday,November,1,BRIARMEADOW DR,2,ROAD,MINOR,10.0,20.0,PAVED,TwoWay,PAVED,4,50,NO ACCESS,N,2001.0,180.645802970392
SOUTHWOOD DR,01-Non intersection,02-Thru lane,03-Snow,01-Daylight,MIDBLOCK,Tuesday,January,0,SOUTHWOOD DR,2,ROAD,LOCAL,9.0,20.0,PAVED,TwoWay,PAVED,6,50,NO ACCESS,N,1976.0,313.347088845919
SOUTHWOOD DR,01-Non intersection,02-Thru lane,03-Snow,01-Daylight,MIDBLOCK,Tuesday,January,0,SOUTHWOOD DR,2,ROAD,LOCAL,9.0,20.0,PAVED,TwoWay,PAVED,6,50,NO ACCESS,N,1980.0,273.704428018795
SOUTHWOOD DR,01-Non intersection,02-Thru lane,03-Snow,01-Daylight,MIDBLOCK,Tuesday,January,0,SOUTHWOOD DR,2,ROAD,LOCAL,9.0,20.0,PAVED,TwoWay,PAVED,6,50,NO ACCESS,N,1976.0,101.89739493014099
SOUTHWOOD DR,01-Non intersection,02-Thru lane,03-Snow,01-Daylight,MIDBLOCK,Tuesday,January,0,SOUTHWOOD DR,2,ROAD,LOCAL,9.0,20.0,PAVED,TwoWay,PAVED,6,50,NO ACCESS,N,1980.0,106.617806420137
SOUTHWOOD DR,01-Non intersection,02-Thru lane,03-Snow,01-Daylight,MIDBLOCK,Tuesday,January,0,SOUTHWOOD DR,2,ROAD,LOCAL,9.0,20.0,PAVED,TwoWay,PAVED,6,50,NO ACCESS,N,1976.0,90.75436679291607
SOUTHWOOD DR,04-At/near private drive,02-Thru lane,01-Clear,01-Daylight,MIDBLOCK,Tuesday,March,0,SOUTHWOOD DR,2,ROAD,LOCAL,9.0,20.0,PAVED,TwoWay,PAVED,6,50,NO ACCESS,N,1976.0,313.347088845919
SOUTHWOOD DR,04-At/near private drive,02-Thru lane,01-Clear,01-Daylight,MIDBLOCK,Tuesday,March,0,SOUTHWOOD DR,2,ROAD,LOCAL,9.0,20.0,PAVED,TwoWay,PAVED,6,50,NO ACCESS,N,1980.0,273.704428018795
SOUTHWOOD DR,04-At/near private drive,02-Thru lane,01-Clear,01-Daylight,MIDBLOCK,Tuesday,March,0,SOUTHWOOD DR,2,ROAD,LOCAL,9.0,20.0,PAVED,TwoWay,PAVED,6,50,NO ACCESS,N,1976.0,101.89739493014099
SOUTHWOOD DR,04-At/near private drive,02-Thru lane,01-Clear,01-Daylight,MIDBLOCK,Tuesday,March,0,SOUTHWOOD DR,2,ROAD,LOCAL,9.0,20.0,PAVED,TwoWay,PAVED,6,50,NO ACCESS,N,1980.0,106.617806420137