LOCATION,ACCIDENT_LOCATION,IMPACT_LOCATION,ENVIRONMENT_CONDITION,LIGHT,COLLISION_TYPE,DAY_OF_WEEK,MONTH,IS_WEEKEND,STREET,LANES,CATEGORY,SUBCATEGORY,PAVEMENT_WIDTH,ROW_WIDTH,SHOULDER,FLOW_DIRECTION,SURFACE_LAYER_TYPE,OFFICIAL_ROAD_CLASSIFICATION,SPEED_LIMIT_KM,TRUCK_ACCESS,BUS_ROUTE,SERVICE_YEAR,Shape__Length
SOUTHWOOD DR,04-At/near private drive,02-Thru lane,01-Clear,01-Daylight,MIDBLOCK,Tuesday,March,0,SOUTHWOOD DR,2,ROAD,LOCAL,9.0,20.0,PAVED,TwoWay,PAVED,6,50,NO ACCESS,N,1976.0,90.75436679291607
SOUTHWOOD DR,04-At/near private drive,09-Right shoulder,01-Clear,01-Daylight,MIDBLOCK,Friday,April,0,SOUTHWOOD DR,2,ROAD,LOCAL,9.0,20.0,PAVED,TwoWay,PAVED,6,50,NO ACCESS,N,1976.0,313.347088845919
SOUTHWOOD DR,04-At/near private drive,09-Right shoulder,01-Clear,01-Daylight,MIDBLOCK,Friday,April,0,SOUTHWOOD DR,2,ROAD,LOCAL,9.0,20.0,PAVED,TwoWay,PAVED,6,50,NO ACCESS,N,1980.0,273.704428018795
SOUTHWOOD DR,04-At/near private drive,09-Right shoulder,01-Clear,01-Daylight,MIDBLOCK,Friday,April,0,SOUTHWOOD DR,2,ROAD,LOCAL,9.0,20.0,PAVED,TwoWay,PAVED,6,50,NO ACCESS,N,1976.0,101.89739493014099
SOUTHWOOD DR,04-At/near private drive,09-Right shoulder,01-Clear,01-Daylight,MIDBLOCK,Friday,April,0,SOUTHWOOD DR,2,ROAD,LOCAL,9.0,20.0,PAVED,TwoWay,PAVED,6,50,NO ACCESS,N,1980.0,106.617806420137
SOUTHWOOD DR,04-At/near private drive,09-Right shoulder,01-Clear,01-Daylight,MIDBLOCK,Friday,April,0,SOUTHWOOD DR,2,ROAD,LOCAL,9.0,20.0,PAVED,TwoWay,PAVED,6,50,NO ACCESS,N,1976.0,90.75436679291607
FREDERICK ST,01-Non intersection,09-Right shoulder,01-Clear,"08-Dark, artificial",MIDBLOCK,Sunday,January,1,FREDERICK ST,3,ROAD,MAJOR,13.0,28.0,PAVED,TwoWay,PAVED,2,50,MON-SUN,Y,1939.0,179.85987344092098
FREDERICK ST,01-Non intersection,09-Right shoulder,01-Clear,"08-Dark, artificial",MIDBLOCK,Sunday,January,1,FREDERICK ST,3,ROAD,MAJOR,15.0,30.0,PAVED,TwoWay,PAVED,2,50,MON-SUN,Y,1951.0,143.38679987843702
FREDERICK ST,04-At/near private drive,02-Thru lane,01-Clear,01-Daylight,MIDBLOCK,Friday,March,0,FREDERICK ST,3,ROAD,MAJOR,13.0,28.0,PAVED,TwoWay,PAVED,2,50,MON-SUN,Y,1939.0,179.85987344092098
FREDERICK ST,04-At/near private drive,02-Thru lane,01-Clear,01-Daylight,MIDBLOCK,Friday,March,0,FREDERICK ST,3,ROAD,MAJOR,15.0,30.0,PAVED,TwoWay,PAVED,2,50,MON-SUN,Y,1951.0,143.38679987843702
FREDERICK ST,01-Non intersection,08-Left shoulder,01-Clear,07-Dark,MIDBLOCK,Sunday,February,1,FREDERICK ST,3,ROAD,MAJOR,13.0,28.0,PAVED,TwoWay,PAVED,2,50,MON-SUN,Y,1939.0,179.85987344092098
FREDERICK ST,01-Non intersection,08-Left shoulder,01-Clear,07-Dark,MIDBLOCK,Sunday,February,1,FREDERICK ST,3,ROAD,MAJOR,15.0,30.0,PAVED,TwoWay,PAVED,2,50,MON-SUN,Y,1951.0,143.38679987843702
FREDERICK ST,04-At/near private drive,11-Not on roadway - right side,01-Clear,01-Daylight,MIDBLOCK,Monday,June,0,FREDERICK ST,3,ROAD,MAJOR,13.0,28.0,PAVED,TwoWay,PAVED,2,50,MON-SUN,Y,1939.0,179.85987344092098
FREDERICK ST,04-At/near private drive,11-Not on roadway - right side,01-Clear,01-Daylight,MIDBLOCK,Monday,June,0,FREDERICK ST,3,ROAD,MAJOR,15.0,30.0,PAVED,TwoWay,PAVED,2,50,MON-SUN,Y,1951.0,143.38679987843702
FREDERICK ST,04-At/near private drive,02-Thru lane,01-Clear,01-Daylight,MIDBLOCK,Sunday,August,1,FREDERICK ST,3,ROAD,MAJOR,13.0,28.0,PAVED,TwoWay,PAVED,2,50,MON-SUN,Y,1939.0,179.85987344092098
FREDERICK ST,04-At/near private drive,02-Thru lane,01-Clear,01-Daylight,MIDBLOCK,Sunday,August,1,FREDERICK ST,3,ROAD,MAJOR,15.0,30.0,PAVED,TwoWay,PAVED,2,50,MON-SUN,Y,1951.0,143.38679987843702
FREDERICK ST,04-At/near private drive,02-Thru lane,01-Clear,01-Daylight,MIDBLOCK,Tuesday,January,0,FREDERICK ST,3,ROAD,MAJOR,13.0,28.0,PAVED,TwoWay,PAVED,2,50,MON-SUN,Y,1939.0,179.85987344092098
FREDERICK ST,04-At/near private drive,02-Thru lane,01-Clear,01-Daylight,MIDBLOCK,Tuesday,January,0,FREDERICK ST,3,ROAD,MAJOR,15.0,30.0,PAVED,TwoWay,PAVED,2,50,MON-SUN,Y,1951.0,143.38679987843702
FREDERICK ST,01-Non intersection,02-Thru lane,03-Snow,"08-Dark, artificial",MIDBLOCK,Monday,February,0,FREDERICK ST,3,ROAD,MAJOR,13.0,28.0,PAVED,TwoWay,PAVED,2,50,MON-SUN,Y,1939.0,179.85987344092098
FREDERICK ST,01-Non intersection,02-Thru lane,03-Snow,"08-Dark, artificial",MIDBLOCK,Monday,February,0,FREDERICK ST,3,ROAD,MAJOR,15.0,30.0,PAVED,TwoWay,PAVED,2,50,MON-SUN,Y,1951.0,143.38679987843702
FREDERICK ST,01-Non intersection,02-Thru lane,01-Clear,01-Daylight,MIDBLOCK,Tuesday,May,0,FREDERICK ST,3,ROAD,MAJOR,13.0,28.0,PAVED,TwoWay,PAVED,2,50,MON-SUN,Y,1939.0,179.85987344092098
FREDERICK ST,01-Non intersection,02-Thru lane,01-Clear,01-Daylight,MIDBLOCK,Tuesday,May,0,FREDERICK ST,3,ROAD,MAJOR,15.0,30.0,PAVED,TwoWay,PAVED,2,50,MON-SUN,Y,1951.0,143.38679987843702
FREDERICK ST,04-At/near private drive,02-Thru lane,01-Clear,01-Daylight,MIDBLOCK,Monday,June,0,FREDERICK ST,3,ROAD,MAJOR,13.0,28.0,PAVED,TwoWay,PAVED,2,50,MON-SUN,Y,1939.0,179.85987344092098
FREDERICK ST,04-At/near private drive,02-Thru lane,01-Clear,01-Daylight,MIDBLOCK,Monday,June,0,FREDERICK ST,3,ROAD,MAJOR,15.0,30.0,PAVED,TwoWay,PAVED,2,50,MON-SUN,Y,1951.0,143.38679987843702
FREDERICK ST,04-At/near private drive,02-Thru lane,01-Clear,01-Daylight,MIDBLOCK,Saturday,July,1,FREDERICK ST,3,ROAD,MAJOR,13.0,28.0,PAVED,TwoWay,PAVED,2,50,MON-SUN,Y,1939.0,179.85987344092098
FREDERICK ST,04-At/near private drive,02-Thru lane,01-Clear,01-Daylight,MIDBLOCK,Saturday,July,1,FREDERICK ST,3,ROAD,MAJOR,15.0,30.0,PAVED,TwoWay,PAVED,2,50,MON-SUN,Y,1951.0,143.38679987843702
FREDERICK ST,01-Non intersection,02-Thru lane,01-Clear,"08-Dark, artificial",MIDBLOCK,Monday,November,0,FREDERICK ST,3,ROAD,MAJOR,13.0,28.0,PAVED,TwoWay,PAVED,2,50,MON-SUN,Y,1939.0,179.85987344092098
FREDERICK ST,01-Non intersection,02-Thru lane,01-Clear,"08-Dark, artificial",MIDBLOCK,Monday,November,0,FREDERICK ST,3,ROAD,MAJOR,15.0,30.0,PAVED,TwoWay,PAVED,2,50,MON-SUN,Y,1951.0,143.38679987843702
FREDERICK ST,01-Non intersection,02-Thru lane,01-Clear,01-Daylight,MIDBLOCK,Saturday,October,1,FREDERICK ST,3,ROAD,MAJOR,13.0,28.0,PAVED,TwoWay,PAVED,2,50,MON-SUN,Y,1939.0,179.85987344092098
FREDERICK ST,01-Non intersection,02-Thru lane,01-Clear,01-Daylight,MIDBLOCK,Saturday,October,1,FREDERICK ST,3,ROAD,MAJOR,15.0,30.0,PAVED,TwoWay,PAVED,2,50,MON-SUN,Y,1951.0,143.38679987843702
FREDERICK ST,01-Non intersection,02-Thru lane,01-Clear,01-Daylight,MIDBLOCK,Wednesday,August,0,FREDERICK ST,3,ROAD,MAJOR,13.0,28.0,PAVED,TwoWay,PAVED,2,50,MON-SUN,Y,1939.0,179.85987344092098
FREDERICK ST,01-Non intersection,02-Thru lane,01-Clear,01-Daylight,MIDBLOCK,Wednesday,August,0,FREDERICK ST,3,ROAD,MAJOR,15.0,30.0,PAVED,TwoWay,PAVED,2,50,MON-SUN,Y,1951.0,143.38679987843702
BRENTWOOD AVE,04-At/near private drive,02-Thru lane,01-Clear,01-Daylight,MIDBLOCK,Friday,June,0,BRENTWOOD AVE,2,ROAD,LOCAL,12.0,20.0,PAVED,TwoWay,PAVED,6,50,NO ACCESS,N,2005.0,100.008556314338
BRENTWOOD AVE,04-At/near private drive,02-Thru lane,01-Clear,01-Daylight,MIDBLOCK,Friday,June,0,BRENTWOOD AVE,2,ROAD,LOCAL,12.0,20.0,PAVED,TwoWay,PAVED,6,50,NO ACCESS,N,2005.0,51.482627462505995
BRENTWOOD AVE,04-At/near private drive,02-Thru lane,01-Clear,01-Daylight,MIDBLOCK,Friday,June,0,BRENTWOOD AVE,2,ROAD,LOCAL,9.0,20.0,PAVED,TwoWay,PAVED,6,50,NO ACCESS,N,2005.0,281.209438778738
BRENTWOOD AVE,04-At/near private drive,02-Thru lane,01-Clear,01-Daylight,MIDBLOCK,Friday,June,0,BRENTWOOD AVE,2,ROAD,LOCAL,12.0,20.0,PAVED,TwoWay,PAVED,6,50,NO ACCESS,N,2005.0,48.830357813796
BRENTWOOD AVE,04-At/near private drive,02-Thru lane,01-Clear,01-Daylight,MIDBLOCK,Friday,June,0,BRENTWOOD AVE,2,ROAD,LOCAL,12.0,20.0,PAVED,TwoWay,PAVED,6,50,NO ACCESS,N,2005.0,100.46452301351
BRENTWOOD AVE,01-Non intersection,02-Thru lane,04-Freezing Rain,07-Dark,MIDBLOCK,Tuesday,July,0,BRENTWOOD AVE,2,ROAD,LOCAL,12.0,20.0,PAVED,TwoWay,PAVED,6,50,NO ACCESS,N,2005.0,100.008556314338
BRENTWOOD AVE,01-Non intersection,02-Thru lane,04-Freezing Rain,07-Dark,MIDBLOCK,Tuesday,July,0,BRENTWOOD AVE,2,ROAD,LOCAL,12.0,20.0,PAVED,TwoWay,PAVED,6,50,NO ACCESS,N,2005.0,51.482627462505995
BRENTWOOD AVE,01-Non intersection,02-Thru lane,04-Freezing Rain,07-Dark,MIDBLOCK,Tuesday,July,0,BRENTWOOD AVE,2,ROAD,LOCAL,9.0,20.0,PAVED,TwoWay,PAVED,6,50,NO ACCESS,N,2005.0,281.209438778738
BRENTWOOD AVE,01-Non intersection,02-Thru lane,04-Freezing Rain,07-Dark,MIDBLOCK,Tuesday,July,0,BRENTWOOD AVE,2,ROAD,LOCAL,12.0,20.0,PAVED,TwoWay,PAVED,6,50,NO ACCESS,N,2005.0,48.830357813796
BRENTWOOD AVE,01-Non intersection,02-Thru lane,04-Freezing Rain,07-Dark,MIDBLOCK,Tuesday,July,0,BRENTWOOD AVE,2,ROAD,LOCAL,12.0,20.0,PAVED,TwoWay,PAVED,6,50,NO ACCESS,N,2005.0,100.46452301351
BRENTWOOD AVE,04-At/near private drive,02-Thru lane,06-Strong wind,07-Dark,MIDBLOCK,Sunday,October,1,BRENTWOOD AVE,2,ROAD,LOCAL,12.0,20.0,PAVED,TwoWay,PAVED,6,50,NO ACCESS,N,2005.0,100.008556314338
BRENTWOOD AVE,04-At/near private drive,02-Thru lane,06-Strong wind,07-Dark,MIDBLOCK,Sunday,October,1,BRENTWOOD AVE,2,ROAD,LOCAL,12.0,20.0,PAVED,TwoWay,PAVED,6,50,NO ACCESS,N,2005.0,51.482627462505995
BRENTWOOD AVE,04-At/near private drive,02-Thru lane,06-Strong wind,07-Dark,MIDBLOCK,Sunday,October,1,BRENTWOOD AVE,2,ROAD,LOCAL,9.0,20.0,PAVED,TwoWay,PAVED,6,50,NO ACCESS,N,2005.0,281.209438778738
BRENTWOOD AVE,04-At/near private drive,02-Thru lane,06-Strong wind,07-Dark,MIDBLOCK,Sunday,October,1,BRENTWOOD AVE,2,ROAD,LOCAL,12.0,20.0,PAVED,TwoWay,PAVED,6,50,NO ACCESS,N,2005.0,48.830357813796
BRENTWOOD AVE,04-At/near private drive,02-Thru lane,06-Strong wind,07-Dark,MIDBLOCK,Sunday,October,1,BRENTWOOD AVE,2,ROAD,LOCAL,12.0,20.0,PAVED,TwoWay,PAVED,6,50,NO ACCESS,N,2005.0,100.46452301351
HOFFMAN ST,04-At/near private drive,10-Not on roadway - left side,01-Clear,01-Daylight,MIDBLOCK,Thursday,June,0,HOFFMAN ST,2,ROAD,LOCAL,9.0,20.0,PAVED,TwoWay,PAVED,6,50,NO ACCESS,Y,1956.0,106.659065691527
HOFFMAN ST,04-At/near private drive,10-Not on roadway - left side,01-Clear,01-Daylight,MIDBLOCK,Thursday,June,0,HOFFMAN ST,2,ROAD,LOCAL,9.0,20.0,PAVED,TwoWay,PAVED,6,50,NO ACCESS,Y,1956.0,33.3910317298491
HOFFMAN ST,04-At/near private drive,10-Not on roadway - left side,01-Clear,01-Daylight,MIDBLOCK,Thursday,June,0,HOFFMAN ST,2,ROAD,LOCAL,9.0,20.0,PAVED,TwoWay,PAVED,6,50,NO ACCESS,Y,1956.0,163.634698994039
HOFFMAN ST,04-At/near private drive,10-Not on roadway - left side,01-Clear,01-Daylight,MIDBLOCK,Thursday,June,0,HOFFMAN ST,2,ROAD,LOCAL,9.0,20.0,PAVED,TwoWay,PAVED,6,50,NO ACCESS,Y,1855.0,84.7023022120909
HOFFMAN ST,04-At/near private drive,10-Not on roadway - left side,01-Clear,01-Daylight,MIDBLOCK,Thursday,June,0,HOFFMAN ST,2,ROAD,LOCAL,9.0,20.0,PAVED,TwoWay,PAVED,6,50,NO ACCESS,Y,1855.0,159.093909462076
HOFFMAN ST,04-At/near private drive,10-Not on roadway - left side,01-Clear,01-Daylight,MIDBLOCK,Thursday,June,0,HOFFMAN ST,2,ROAD,LOCAL,9.0,20.0,PAVED,TwoWay,PAVED,6,40,NO ACCESS,Y,1855.0,136.233954651184
HOFFMAN ST,04-At/near private drive,02-Thru lane,01-Clear,"08-Dark, artificial",MIDBLOCK,Friday,August,0,HOFFMAN ST,2,ROAD,LOCAL,9.0,20.0,PAVED,TwoWay,PAVED,6,50,NO ACCESS,Y,1956.0,106.659065691527
HOFFMAN ST,04-At/near private drive,02-Thru lane,01-Clear,"08-Dark, artificial",MIDBLOCK,Friday,August,0,HOFFMAN ST,2,ROAD,LOCAL,9.0,20.0,PAVED,TwoWay,PAVED,6,50,NO ACCESS,Y,1956.0,33.3910317298491
HOFFMAN ST,04-At/near private drive,02-Thru lane,01-Clear,"08-Dark, artificial",MIDBLOCK,Friday,August,0,HOFFMAN ST,2,ROAD,LOCAL,9.0,20.0,PAVED,TwoWay,PAVED,6,50,NO ACCESS,Y,1956.0,163.634698994039
HOFFMAN ST,04-At/near private drive,02-Thru lane,01-Clear,"08-Dark, artificial",MIDBLOCK,Friday,August,0,HOFFMAN ST,2,ROAD,LOCAL,9.0,20.0,PAVED,TwoWay,PAVED,6,50,NO ACCESS,Y,1855.0,84.7023022120909
HOFFMAN ST,04-At/near private drive,02-Thru lane,01-Clear,"08-Dark, artificial",MIDBLOCK,Friday,August,0,HOFFMAN ST,2,ROAD,LOCAL,9.0,20.0,PAVED,TwoWay,PAVED,6,50,NO ACCESS,Y,1855.0,159.093909462076
HOFFMAN ST,04-At/near private drive,02-Thru lane,01-Clear,"08-Dark, artificial",MIDBLOCK,Friday,August,0,HOFFMAN ST,2,ROAD,LOCAL,9.0,20.0,PAVED,TwoWay,PAVED,6,40,NO ACCESS,Y,1855.0,136.233954651184
HOFFMAN ST,04-At/near private drive,09-Right shoulder,01-Clear,01-Daylight,MIDBLOCK,Friday,May,0,HOFFMAN ST,2,ROAD,LOCAL,9.0,20.0,PAVED,TwoWay,PAVED,6,50,NO ACCESS,Y,1956.0,106.659065691527
HOFFMAN ST,04-At/near private drive,09-Right shoulder,01-Clear,01-Daylight,MIDBLOCK,Friday,May,0,HOFFMAN ST,2,ROAD,LOCAL,9.0,20.0,PAVED,TwoWay,PAVED,6,50,NO ACCESS,Y,1956.0,33.3910317298491
HOFFMAN ST,04-At/near private drive,09-Right shoulder,01-Clear,01-Daylight,MIDBLOCK,Friday,May,0,HOFFMAN ST,2,ROAD,LOCAL,9.0,20.0,PAVED,TwoWay,PAVED,6,50,NO ACCESS,Y,1956.0,163.634698994039
HOFFMAN ST,04-At/near private drive,09-Right shoulder,01-Clear,01-Daylight,MIDBLOCK,Friday,May,0,HOFFMAN ST,2,ROAD,LOCAL,9.0,20.0,PAVED,TwoWay,PAVED,6,50,NO ACCESS,Y,1855.0,84.7023022120909
HOFFMAN ST,04-At/near private drive,09-Right shoulder,01-Clear,01-Daylight,MIDBLOCK,Friday,May,0,HOFFMAN ST,2,ROAD,LOCAL,9.0,20.0,PAVED,TwoWay,PAVED,6,50,NO ACCESS,Y,1855.0,159.093909462076
HOFFMAN ST,04-At/near private drive,09-Right shoulder,01-Clear,01-Daylight,MIDBLOCK,Friday,May,0,HOFFMAN ST,2,ROAD,LOCAL,9.0,20.0,PAVED,TwoWay,PAVED,6,40,NO ACCESS,Y,1855.0,136.233954651184
HOFFMAN ST,01-Non intersection,12-Off highway,04-Freezing Rain,"08-Dark, artificial",MIDBLOCK,Monday,December,0,HOFFMAN ST,2,ROAD,LOCAL,9.0,20.0,PAVED,TwoWay,PAVED,6,50,NO ACCESS,Y,1956.0,106.659065691527
HOFFMAN ST,01-Non intersection,12-Off highway,04-Freezing Rain,"08-Dark, artificial",MIDBLOCK,Monday,December,0,HOFFMAN ST,2,ROAD,LOCAL,9.0,20.0,PAVED,TwoWay,PAVED,6,50,NO ACCESS,Y,1956.0,33.3910317298491
HOFFMAN ST,01-Non intersection,12-Off highway,04-Freezing Rain,"08-Dark, artificial",MIDBLOCK,Monday,December,0,HOFFMAN ST,2,ROAD,LOCAL,9.0,20.0,PAVED,TwoWay,PAVED,6,50,NO ACCESS,Y,1956.0,163.634698994039
HOFFMAN ST,01-Non intersection,12-Off highway,04-Freezing Rain,"08-Dark, artificial",MIDBLOCK,Monday,December,0,HOFFMAN ST,2,ROAD,LOCAL,9.0,20.0,PAVED,TwoWay,PAVED,6,50,NO ACCESS,Y,1855.0,84.7023022120909
HOFFMAN ST,01-Non intersection,12-Off highway,04-Freezing Rain,"08-Dark, artificial",MIDBLOCK,Monday,December,0,HOFFMAN ST,2,ROAD,LOCAL,9.0,20.0,PAVED,TwoWay,PAVED,6,50,NO ACCESS,Y,1855.0,159.093909462076
HOFFMAN ST,01-Non intersection,12-Off highway,04-Freezing Rain,"08-Dark, artificial",MIDBLOCK,Monday,December,0,HOFFMAN ST,2,ROAD,LOCAL,9.0,20.0,PAVED,TwoWay,PAVED,6,40,NO ACCESS,Y,1855.0,136.233954651184
HOFFMAN ST,04-At/near private drive,02-Thru lane,01-Clear,01-Daylight,MIDBLOCK,Tuesday,July,0,HOFFMAN ST,2,ROAD,LOCAL,9.0,20.0,PAVED,TwoWay,PAVED,6,50,NO ACCESS,Y,1956.0,106.659065691527
HOFFMAN ST,04-At/near private drive,02-Thru lane,01-Clear,01-Daylight,MIDBLOCK,Tuesday,July,0,HOFFMAN ST,2,ROAD,LOCAL,9.0,20.0,PAVED,TwoWay,PAVED,6,50,NO ACCESS,Y,1956.0,33.3910317298491
HOFFMAN ST,04-At/near private drive,02-Thru lane,01-Clear,01-Daylight,MIDBLOCK,Tuesday,July,0,HOFFMAN ST,2,ROAD,LOCAL,9.0,20.0,PAVED,TwoWay,PAVED,6,50,NO ACCESS,Y,1956.0,163.634698994039
HOFFMAN ST,04-At/near private drive,02-Thru lane,01-Clear,01-Daylight,MIDBLOCK,Tuesday,July,0,HOFFMAN ST,2,ROAD,LOCAL,9.0,20.0,PAVED,TwoWay,PAVED,6,50,NO ACCESS,Y,1855.0,84.7023022120909
HOFFMAN ST,04-At/near private drive,02-Thru lane,01-Clear,01-Daylight,MIDBLOCK,Tuesday,July,0,HOFFMAN ST,2,ROAD,LOCAL,9.0,20.0,PAVED,TwoWay,PAVED,6,50,NO ACCESS,Y,1855.0,159.093909462076
HOFFMAN ST,04-At/near private drive,02-Thru lane,01-Clear,01-Daylight,MIDBLOCK,Tuesday,July,0,HOFFMAN ST,2,ROAD,LOCAL,9.0,20.0,PAVED,TwoWay,PAVED,6,40,NO ACCESS,Y,1855.0,136.233954651184
HOFFMAN ST,04-At/near private drive,02-Thru lane,01-Clear,01-Daylight,MIDBLOCK,Saturday,May,1,HOFFMAN ST,2,ROAD,LOCAL,9.0,20.0,PAVED,TwoWay,PAVED,6,50,NO ACCESS,Y,1956.0,106.659065691527
HOFFMAN ST,04-At/near private drive,02-Thru lane,01-Clear,01-Daylight,MIDBLOCK,Saturday,May,1,HOFFMAN ST,2,ROAD,LOCAL,9.0,20.0,PAVED,TwoWay,PAVED,6,50,NO ACCESS,Y,1956.0,33.3910317298491
HOFFMAN ST,04-At/near private drive,02-Thru lane,01-Clear,01-Daylight,MIDBLOCK,Saturday,May,1,HOFFMAN ST,2,ROAD,LOCAL,9.0,20.0,PAVED,TwoWay,PAVED,6,50,NO ACCESS,Y,1956.0,163.634698994039
HOFFMAN ST,04-At/near private drive,02-Thru lane,01-Clear,01-Daylight,MIDBLOCK,Saturday,May,1,HOFFMAN ST,2,ROAD,LOCAL,9.0,20.0,PAVED,TwoWay,PAVED,6,50,NO ACCESS,Y,1855.0,84.7023022120909
HOFFMAN ST,04-At/near private drive,02-Thru lane,01-Clear,01-Daylight,MIDBLOCK,Saturday,May,1,HOFFMAN ST,2,ROAD,LOCAL,9.0,20.0,PAVED,TwoWay,PAVED,6,50,NO ACCESS,Y,1855.0,159.093909462076
HOFFMAN ST,04-At/near private drive,02-Thru lane,01-Clear,01-Daylight,MIDBLOCK,Saturday,May,1,HOFFMAN ST,2,ROAD,LOCAL,9.0,20.0,PAVED,TwoWay,PAVED,6,40,NO ACCESS,Y,1855.0,136.233954651184
HOFFMAN ST,01-Non intersection,10-Not on roadway - left side,01-Clear,07-Dark,MIDBLOCK,Thursday,December,0,HOFFMAN ST,2,ROAD,LOCAL,9.0,20.0,PAVED,TwoWay,PAVED,6,50,NO ACCESS,Y,1956.0,106.659065691527
HOFFMAN ST,01-Non intersection,10-Not on roadway - left side,01-Clear,07-Dark,MIDBLOCK,Thursday,December,0,HOFFMAN ST,2,ROAD,LOCAL,9.0,20.0,PAVED,TwoWay,PAVED,6,50,NO ACCESS,Y,1956.0,33.3910317298491
HOFFMAN ST,01-Non intersection,10-Not on roadway - left side,01-Clear,07-Dark,MIDBLOCK,Thursday,December,0,HOFFMAN ST,2,ROAD,LOCAL,9.0,20.0,PAVED,TwoWay,PAVED,6,50,NO ACCESS,Y,1956.0,163.634698994039
HOFFMAN ST,01-Non intersection,10-Not on roadway - left side,01-Clear,07-Dark,MIDBLOCK,Thursday,December,0,HOFFMAN ST,2,ROAD,LOCAL,9.0,20.0,PAVED,TwoWay,PAVED,6,50,NO ACCESS,Y,1855.0,84.7023022120909
HOFFMAN ST,01-Non intersection,10-Not on roadway - left side,01-Clear,07-Dark,MIDBLOCK,Thursday,December,0,HOFFMAN ST,2,ROAD,LOCAL,9.0,20.0,PAVED,TwoWay,PAVED,6,50,NO ACCESS,Y,1855.0,159.093909462076
HOFFMAN ST,01-Non intersection,10-Not on roadway - left side,01-Clear,07-Dark,MIDBLOCK,Thursday,December,0,HOFFMAN ST,2,ROAD,LOCAL,9.0,20.0,PAVED,TwoWay,PAVED,6,40,NO ACCESS,Y,1855.0,136.233954651184
HOFFMAN ST,04-At/near private drive,02-Thru lane,01-Clear,99-Other,MIDBLOCK,Saturday,November,1,HOFFMAN ST,2,ROAD,LOCAL,9.0,20.0,PAVED,TwoWay,PAVED,6,50,NO ACCESS,Y,1956.0,106.659065691527
HOFFMAN ST,04-At/near private drive,02-Thru lane,01-Clear,99-Other,MIDBLOCK,Saturday,November,1,HOFFMAN ST,2,ROAD,LOCAL,9.0,20.0,PAVED,TwoWay,PAVED,6,50,NO ACCESS,Y,1956.0,33.3910317298491
HOFFMAN ST,04-At/near private drive,02-Thru lane,01-Clear,99-Other,MIDBLOCK,Saturday,November,1,HOFFMAN ST,2,ROAD,LOCAL,9.0,20.0,PAVED,TwoWay,PAVED,6,50,NO ACCESS,Y,1956.0,163.634698994039
HOFFMAN ST,04-At/near private drive,02-Thru lane,01-Clear,99-Other,MIDBLOCK,Saturday,November,1,HOFFMAN ST,2,ROAD,LOCAL,9.0,20.0,PAVED,TwoWay,PAVED,6,50,NO ACCESS,Y,1855.0,84.7023022120909
HOFFMAN ST,04-At/near private drive,02-Thru lane,01-Clear,99-Other,MIDBLOCK,Saturday,November,1,HOFFMAN ST,2,ROAD,LOCAL,9.0,20.0,PAVED,TwoWay,PAVED,6,50,NO ACCESS,Y,1855.0,159.093909462076
HOFFMAN ST,04-At/near private drive,02-Thru lane,01-Clear,99-Other,MIDBLOCK,Saturday,November,1,HOFFMAN ST,2,ROAD,LOCAL,9.0,20.0,PAVED,TwoWay,PAVED,6,40,NO ACCESS,Y,1855.0,136.233954651184
HOFFMAN ST,04-At/near private drive,02-Thru lane,01-Clear,01-Daylight,MIDBLOCK,Sunday,September,1,HOFFMAN ST,2,ROAD,LOCAL,9.0,20.0,PAVED,TwoWay,PAVED,6,50,NO ACCESS,Y,1956.0,106.659065691527
HOFFMAN ST,04-At/near private drive,02-Thru lane,01-Clear,01-Daylight,MIDBLOCK,Sunday,September,1,HOFFMAN ST,2,ROAD,LOCAL,9.0,20.0,PAVED,TwoWay,PAVED,6,50,NO ACCESS,Y,1956.0,33.3910317298491
HOFFMAN ST,04-At/near private drive,02-Thru lane,01-Clear,01-Daylight,MIDBLOCK,Sunday,September,1,HOFFMAN ST,2,ROAD,LOCAL,9.0,20.0,PAVED,TwoWay,PAVED,6,50,NO ACCESS,Y,1956.0,163.634698994039
HOFFMAN ST,04-At/near private drive,02-Thru lane,01-Clear,01-Daylight,MIDBLOCK,Sunday,September,1,HOFFMAN ST,2,ROAD,LOCAL,9.0,20.0,PAVED,TwoWay,PAVED,6,50,NO ACCESS,Y,1855.0,84.7023022120909
HOFFMAN ST,04-At/near private drive,02-Thru lane,01-Clear,01-Daylight,MIDBLOCK,Sunday,September,1,HOFFMAN ST,2,ROAD,LOCAL,9.0,20.0,PAVED,TwoWay,PAVED,6,50,NO ACCESS,Y,1855.0,159.093909462076
HOFFMAN ST,04-At/near private drive,02-Thru lane,01-Clear,01-Daylight,MIDBLOCK,Sunday,September,1,HOFFMAN ST,2,ROAD,LOCAL,9.0,20.0,PAVED,TwoWay,PAVED,6,40,NO ACCESS,Y,1855.0,136.233954651184
HOFFMAN ST,01-Non intersection,02-Thru lane,01-Clear,"08-Dark, artificial",MIDBLOCK,Thursday,August,0,HOFFMAN ST,2,ROAD,LOCAL,9.0,20.0,PAVED,TwoWay,PAVED,6,50,NO ACCESS,Y,1956.0,106.659065691527
HOFFMAN ST,01-Non intersection,02-Thru lane,01-Clear,"08-Dark, artificial",MIDBLOCK,Thursday,August,0,HOFFMAN ST,2,ROAD,LOCAL,9.0,20.0,PAVED,TwoWay,PAVED,6,50,NO ACCESS,Y,1956.0,33.3910317298491
HOFFMAN ST,01-Non intersection,02-Thru lane,01-Clear,"08-Dark, artificial",MIDBLOCK,Thursday,August,0,HOFFMAN ST,2,ROAD,LOCAL,9.0,20.0,PAVED,TwoWay,PAVED,6,50,NO ACCESS,Y,1956.0,163.634698994039