LOCATION,ACCIDENT_LOCATION,IMPACT_LOCATION,ENVIRONMENT_CONDITION,LIGHT,COLLISION_TYPE,DAY_OF_WEEK,MONTH,IS_WEEKEND,STREET,LANES,CATEGORY,SUBCATEGORY,PAVEMENT_WIDTH,ROW_WIDTH,SHOULDER,FLOW_DIRECTION,SURFACE_LAYER_TYPE,OFFICIAL_ROAD_CLASSIFICATION,SPEED_LIMIT_KM,TRUCK_ACCESS,BUS_ROUTE,SERVICE_YEAR,Shape__Length
HOFFMAN ST,01-Non intersection,02-Thru lane,01-Clear,"08-Dark, artificial",MIDBLOCK,Thursday,August,0,HOFFMAN ST,2,ROAD,LOCAL,9.0,20.0,PAVED,TwoWay,PAVED,6,50,NO ACCESS,Y,1855.0,84.7023022120909
HOFFMAN ST,01-Non intersection,02-Thru lane,01-Clear,"08-Dark, artificial",MIDBLOCK,Thursday,August,0,HOFFMAN ST,2,ROAD,LOCAL,9.0,20.0,PAVED,TwoWay,PAVED,6,50,NO ACCESS,Y,1855.0,159.093909462076
HOFFMAN ST,01-Non intersection,02-Thru lane,01-Clear,"08-Dark, artificial",MIDBLOCK,Thursday,August,0,HOFFMAN ST,2,ROAD,LOCAL,9.0,20.0,PAVED,TwoWay,PAVED,6,40,NO ACCESS,Y,1855.0,136.233954651184
GUELPH ST,01-Non intersection,01-Within intersection,05-Drifting Snow,01-Daylight,MIDBLOCK,Tuesday,December,0,GUELPH ST,2,ROAD,MINOR,6.0,12.0,PAVED,TwoWay,PAVED,6,50,NO ACCESS,N,2007.0,82.68634561069209
GUELPH ST,04-At/near private drive,09-Right shoulder,01-Clear,"06-Dusk, artificial",MIDBLOCK,Thursday,September,0,GUELPH ST,2,ROAD,MINOR,6.0,12.0,PAVED,TwoWay,PAVED,6,50,NO ACCESS,N,2007.0,82.68634561069209
GUELPH ST,04-At/near private drive,02-Thru lane,01-Clear,01-Daylight,MIDBLOCK,Saturday,October,1,GUELPH ST,2,ROAD,MINOR,6.0,12.0,PAVED,TwoWay,PAVED,6,50,NO ACCESS,N,2007.0,82.68634561069209
GUELPH ST,01-Non intersection,10-Not on roadway - left side,03-Snow,01-Daylight,MIDBLOCK,Saturday,December,1,GUELPH ST,2,ROAD,MINOR,6.0,12.0,PAVED,TwoWay,PAVED,6,50,NO ACCESS,N,2007.0,82.68634561069209
GUELPH ST,04-At/near private drive,02-Thru lane,02-Rain,"08-Dark, artificial",MIDBLOCK,Tuesday,April,0,GUELPH ST,2,ROAD,MINOR,6.0,12.0,PAVED,TwoWay,PAVED,6,50,NO ACCESS,N,2007.0,82.68634561069209
GUELPH ST,01-Non intersection,02-Thru lane,01-Clear,"08-Dark, artificial",MIDBLOCK,Saturday,August,1,GUELPH ST,2,ROAD,MINOR,6.0,12.0,PAVED,TwoWay,PAVED,6,50,NO ACCESS,N,2007.0,82.68634561069209
GUELPH ST,04-At/near private drive,02-Thru lane,01-Clear,01-Daylight,MIDBLOCK,Monday,January,0,GUELPH ST,2,ROAD,MINOR,6.0,12.0,PAVED,TwoWay,PAVED,6,50,NO ACCESS,N,2007.0,82.68634561069209
GUELPH ST,01-Non intersection,02-Thru lane,01-Clear,01-Daylight,MIDBLOCK,Wednesday,June,0,GUELPH ST,2,ROAD,MINOR,6.0,12.0,PAVED,TwoWay,PAVED,6,50,NO ACCESS,N,2007.0,82.68634561069209
GUELPH ST,04-At/near private drive,02-Thru lane,01-Clear,01-Daylight,MIDBLOCK,Tuesday,May,0,GUELPH ST,2,ROAD,MINOR,6.0,12.0,PAVED,TwoWay,PAVED,6,50,NO ACCESS,N,2007.0,82.68634561069209
GUELPH ST,01-Non intersection,09-Right shoulder,01-Clear,01-Daylight,MIDBLOCK,Thursday,February,0,GUELPH ST,2,ROAD,MINOR,6.0,12.0,PAVED,TwoWay,PAVED,6,50,NO ACCESS,N,2007.0,82.68634561069209
GUELPH ST,04-At/near private drive,02-Thru lane,01-Clear,01-Daylight,MIDBLOCK,Wednesday,November,0,GUELPH ST,2,ROAD,MINOR,6.0,12.0,PAVED,TwoWay,PAVED,6,50,NO ACCESS,N,2007.0,82.68634561069209
GUELPH ST,01-Non intersection,02-Thru lane,01-Clear,07-Dark,MIDBLOCK,Monday,January,0,GUELPH ST,2,ROAD,MINOR,6.0,12.0,PAVED,TwoWay,PAVED,6,50,NO ACCESS,N,2007.0,82.68634561069209
GUELPH ST,04-At/near private drive,02-Thru lane,01-Clear,01-Daylight,MIDBLOCK,Tuesday,August,0,GUELPH ST,2,ROAD,MINOR,6.0,12.0,PAVED,TwoWay,PAVED,6,50,NO ACCESS,N,2007.0,82.68634561069209
GUELPH ST,04-At/near private drive,02-Thru lane,01-Clear,"08-Dark, artificial",MIDBLOCK,Monday,March,0,GUELPH ST,2,ROAD,MINOR,6.0,12.0,PAVED,TwoWay,PAVED,6,50,NO ACCESS,N,2007.0,82.68634561069209
GUELPH ST,04-At/near private drive,02-Thru lane,01-Clear,01-Daylight,MIDBLOCK,Wednesday,April,0,GUELPH ST,2,ROAD,MINOR,6.0,12.0,PAVED,TwoWay,PAVED,6,50,NO ACCESS,N,2007.0,82.68634561069209
GUELPH ST,01-Non intersection,02-Thru lane,01-Clear,07-Dark,MIDBLOCK,Sunday,May,1,GUELPH ST,2,ROAD,MINOR,6.0,12.0,PAVED,TwoWay,PAVED,6,50,NO ACCESS,N,2007.0,82.68634561069209
GUELPH ST,01-Non intersection,11-Not on roadway - right side,03-Snow,"08-Dark, artificial",MIDBLOCK,Saturday,December,1,GUELPH ST,2,ROAD,MINOR,6.0,12.0,PAVED,TwoWay,PAVED,6,50,NO ACCESS,N,2007.0,82.68634561069209
GUELPH ST,04-At/near private drive,02-Thru lane,02-Rain,07-Dark,MIDBLOCK,Thursday,November,0,GUELPH ST,2,ROAD,MINOR,6.0,12.0,PAVED,TwoWay,PAVED,6,50,NO ACCESS,N,2007.0,82.68634561069209
GUELPH ST,04-At/near private drive,02-Thru lane,01-Clear,01-Daylight,MIDBLOCK,Tuesday,November,0,GUELPH ST,2,ROAD,MINOR,6.0,12.0,PAVED,TwoWay,PAVED,6,50,NO ACCESS,N,2007.0,82.68634561069209
GUELPH ST,01-Non intersection,02-Thru lane,01-Clear,01-Daylight,MIDBLOCK,Monday,February,0,GUELPH ST,2,ROAD,MINOR,6.0,12.0,PAVED,TwoWay,PAVED,6,50,NO ACCESS,N,2007.0,82.68634561069209
GUELPH ST,01-Non intersection,11-Not on roadway - right side,01-Clear,"08-Dark, artificial",MIDBLOCK,Saturday,November,1,GUELPH ST,2,ROAD,MINOR,6.0,12.0,PAVED,TwoWay,PAVED,6,50,NO ACCESS,N,2007.0,82.68634561069209
GUELPH ST,04-At/near private drive,02-Thru lane,01-Clear,01-Daylight,MIDBLOCK,Friday,January,0,GUELPH ST,2,ROAD,MINOR,6.0,12.0,PAVED,TwoWay,PAVED,6,50,NO ACCESS,N,2007.0,82.68634561069209
GUELPH ST,04-At/near private drive,02-Thru lane,01-Clear,01-Daylight,MIDBLOCK,Monday,August,0,GUELPH ST,2,ROAD,MINOR,6.0,12.0,PAVED,TwoWay,PAVED,6,50,NO ACCESS,N,2007.0,82.68634561069209
LEWIS CRES,04-At/near private drive,02-Thru lane,01-Clear,01-Daylight,MIDBLOCK,Monday,November,0,LEWIS CRES,2,ROAD,LOCAL,9.0,20.0,PAVED,TwoWay,PAVED,6,50,NO ACCESS,N,1972.0,327.700068198336
LEWIS CRES,04-At/near private drive,02-Thru lane,01-Clear,01-Daylight,MIDBLOCK,Wednesday,December,0,LEWIS CRES,2,ROAD,LOCAL,9.0,20.0,PAVED,TwoWay,PAVED,6,50,NO ACCESS,N,1972.0,327.700068198336
GREGG CRT,04-At/near private drive,01-Within intersection,01-Clear,01-Daylight,MIDBLOCK,Thursday,December,0,GREGG CRT,2,ROAD,LOCAL,12.0,18.0,PAVED,TwoWay,PAVED,6,50,NO ACCESS,N,1995.0,194.99697274392503
GREGG CRT,04-At/near private drive,01-Within intersection,01-Clear,01-Daylight,MIDBLOCK,Thursday,December,0,GREGG CRT,1,BULB,LOCAL,12.0,18.0,PAVED,FromTo,PAVED,6,50,NO ACCESS,N,1994.0,75.6382982972773
GREGG CRT,04-At/near private drive,02-Thru lane,01-Clear,01-Daylight,MIDBLOCK,Sunday,February,1,GREGG CRT,2,ROAD,LOCAL,12.0,18.0,PAVED,TwoWay,PAVED,6,50,NO ACCESS,N,1995.0,194.99697274392503
GREGG CRT,04-At/near private drive,02-Thru lane,01-Clear,01-Daylight,MIDBLOCK,Sunday,February,1,GREGG CRT,1,BULB,LOCAL,12.0,18.0,PAVED,FromTo,PAVED,6,50,NO ACCESS,N,1994.0,75.6382982972773
GREGG CRT,01-Non intersection,02-Thru lane,01-Clear,01-Daylight,MIDBLOCK,Thursday,February,0,GREGG CRT,2,ROAD,LOCAL,12.0,18.0,PAVED,TwoWay,PAVED,6,50,NO ACCESS,N,1995.0,194.99697274392503
GREGG CRT,01-Non intersection,02-Thru lane,01-Clear,01-Daylight,MIDBLOCK,Thursday,February,0,GREGG CRT,1,BULB,LOCAL,12.0,18.0,PAVED,FromTo,PAVED,6,50,NO ACCESS,N,1994.0,75.6382982972773
GENERAL DR,04-At/near private drive,02-Thru lane,01-Clear,01-Daylight,MIDBLOCK,Sunday,October,1,GENERAL DR,2,ROAD,LOCAL,9.0,18.0,PAVED,TwoWay,PAVED,6,50,NO ACCESS,N,1991.0,286.693006866647
GENERAL DR,04-At/near private drive,02-Thru lane,01-Clear,01-Daylight,MIDBLOCK,Sunday,October,1,GENERAL DR,2,ROAD,LOCAL,8.0,16.0,PAVED,TwoWay,PAVED,6,50,NO ACCESS,N,1923.0,185.776153957475
GENERAL DR,04-At/near private drive,02-Thru lane,01-Clear,01-Daylight,MIDBLOCK,Sunday,October,1,GENERAL DR,2,ROAD,LOCAL,9.0,18.0,PAVED,TwoWay,PAVED,6,50,NO ACCESS,N,1991.0,287.24674029201196
GENERAL DR,04-At/near private drive,02-Thru lane,01-Clear,01-Daylight,MIDBLOCK,Thursday,February,0,GENERAL DR,2,ROAD,LOCAL,9.0,18.0,PAVED,TwoWay,PAVED,6,50,NO ACCESS,N,1991.0,286.693006866647
GENERAL DR,04-At/near private drive,02-Thru lane,01-Clear,01-Daylight,MIDBLOCK,Thursday,February,0,GENERAL DR,2,ROAD,LOCAL,8.0,16.0,PAVED,TwoWay,PAVED,6,50,NO ACCESS,N,1923.0,185.776153957475
GENERAL DR,04-At/near private drive,02-Thru lane,01-Clear,01-Daylight,MIDBLOCK,Thursday,February,0,GENERAL DR,2,ROAD,LOCAL,9.0,18.0,PAVED,TwoWay,PAVED,6,50,NO ACCESS,N,1991.0,287.24674029201196
CHURCH ST,04-At/near private drive,11-Not on roadway - right side,01-Clear,"08-Dark, artificial",MIDBLOCK,Friday,October,0,CHURCH ST,2,ROAD,LOCAL,7.0,16.0,PAVED,TwoWay,PAVED,6,50,NO ACCESS,N,2002.0,235.45975074051492
CHURCH ST,04-At/near private drive,11-Not on roadway - right side,01-Clear,"08-Dark, artificial",MIDBLOCK,Friday,October,0,CHURCH ST,2,ROAD,LOCAL,7.0,12.0,PAVED,TwoWay,PAVED,6,50,NO ACCESS,N,2002.0,65.2368707104797
CHURCH ST,04-At/near private drive,11-Not on roadway - right side,01-Clear,"08-Dark, artificial",MIDBLOCK,Friday,October,0,CHURCH ST,2,ROAD,LOCAL,6.0,12.0,PAVED,TwoWay,PAVED,6,50,NO ACCESS,N,2002.0,105.12636131714198
CHURCH ST,04-At/near private drive,11-Not on roadway - right side,01-Clear,"08-Dark, artificial",MIDBLOCK,Friday,October,0,CHURCH ST,2,ROAD,LOCAL,6.0,12.0,PAVED,TwoWay,PAVED,6,50,NO ACCESS,N,2002.0,127.40857386401501
CHURCH ST,04-At/near private drive,02-Thru lane,01-Clear,07-Dark,MIDBLOCK,Sunday,October,1,CHURCH ST,2,ROAD,LOCAL,7.0,16.0,PAVED,TwoWay,PAVED,6,50,NO ACCESS,N,2002.0,235.45975074051492
CHURCH ST,04-At/near private drive,02-Thru lane,01-Clear,07-Dark,MIDBLOCK,Sunday,October,1,CHURCH ST,2,ROAD,LOCAL,7.0,12.0,PAVED,TwoWay,PAVED,6,50,NO ACCESS,N,2002.0,65.2368707104797
CHURCH ST,04-At/near private drive,02-Thru lane,01-Clear,07-Dark,MIDBLOCK,Sunday,October,1,CHURCH ST,2,ROAD,LOCAL,6.0,12.0,PAVED,TwoWay,PAVED,6,50,NO ACCESS,N,2002.0,105.12636131714198
CHURCH ST,04-At/near private drive,02-Thru lane,01-Clear,07-Dark,MIDBLOCK,Sunday,October,1,CHURCH ST,2,ROAD,LOCAL,6.0,12.0,PAVED,TwoWay,PAVED,6,50,NO ACCESS,N,2002.0,127.40857386401501
CHURCH ST,04-At/near private drive,02-Thru lane,01-Clear,01-Daylight,MIDBLOCK,Sunday,August,1,CHURCH ST,2,ROAD,LOCAL,7.0,16.0,PAVED,TwoWay,PAVED,6,50,NO ACCESS,N,2002.0,235.45975074051492
CHURCH ST,04-At/near private drive,02-Thru lane,01-Clear,01-Daylight,MIDBLOCK,Sunday,August,1,CHURCH ST,2,ROAD,LOCAL,7.0,12.0,PAVED,TwoWay,PAVED,6,50,NO ACCESS,N,2002.0,65.2368707104797
CHURCH ST,04-At/near private drive,02-Thru lane,01-Clear,01-Daylight,MIDBLOCK,Sunday,August,1,CHURCH ST,2,ROAD,LOCAL,6.0,12.0,PAVED,TwoWay,PAVED,6,50,NO ACCESS,N,2002.0,105.12636131714198
CHURCH ST,04-At/near private drive,02-Thru lane,01-Clear,01-Daylight,MIDBLOCK,Sunday,August,1,CHURCH ST,2,ROAD,LOCAL,6.0,12.0,PAVED,TwoWay,PAVED,6,50,NO ACCESS,N,2002.0,127.40857386401501
CHURCH ST,04-At/near private drive,02-Thru lane,02-Rain,01-Daylight,MIDBLOCK,Friday,October,0,CHURCH ST,2,ROAD,LOCAL,7.0,16.0,PAVED,TwoWay,PAVED,6,50,NO ACCESS,N,2002.0,235.45975074051492
CHURCH ST,04-At/near private drive,02-Thru lane,02-Rain,01-Daylight,MIDBLOCK,Friday,October,0,CHURCH ST,2,ROAD,LOCAL,7.0,12.0,PAVED,TwoWay,PAVED,6,50,NO ACCESS,N,2002.0,65.2368707104797
CHURCH ST,04-At/near private drive,02-Thru lane,02-Rain,01-Daylight,MIDBLOCK,Friday,October,0,CHURCH ST,2,ROAD,LOCAL,6.0,12.0,PAVED,TwoWay,PAVED,6,50,NO ACCESS,N,2002.0,105.12636131714198
CHURCH ST,04-At/near private drive,02-Thru lane,02-Rain,01-Daylight,MIDBLOCK,Friday,October,0,CHURCH ST,2,ROAD,LOCAL,6.0,12.0,PAVED,TwoWay,PAVED,6,50,NO ACCESS,N,2002.0,127.40857386401501
CHURCH ST,04-At/near private drive,02-Thru lane,02-Rain,"08-Dark, artificial",MIDBLOCK,Friday,October,0,CHURCH ST,2,ROAD,LOCAL,7.0,16.0,PAVED,TwoWay,PAVED,6,50,NO ACCESS,N,2002.0,235.45975074051492
CHURCH ST,04-At/near private drive,02-Thru lane,02-Rain,"08-Dark, artificial",MIDBLOCK,Friday,October,0,CHURCH ST,2,ROAD,LOCAL,7.0,12.0,PAVED,TwoWay,PAVED,6,50,NO ACCESS,N,2002.0,65.2368707104797
CHURCH ST,04-At/near private drive,02-Thru lane,02-Rain,"08-Dark, artificial",MIDBLOCK,Friday,October,0,CHURCH ST,2,ROAD,LOCAL,6.0,12.0,PAVED,TwoWay,PAVED,6,50,NO ACCESS,N,2002.0,105.12636131714198
CHURCH ST,04-At/near private drive,02-Thru lane,02-Rain,"08-Dark, artificial",MIDBLOCK,Friday,October,0,CHURCH ST,2,ROAD,LOCAL,6.0,12.0,PAVED,TwoWay,PAVED,6,50,NO ACCESS,N,2002.0,127.40857386401501
CHURCH ST,04-At/near private drive,09-Right shoulder,03-Snow,01-Daylight,MIDBLOCK,Sunday,January,1,CHURCH ST,2,ROAD,LOCAL,7.0,16.0,PAVED,TwoWay,PAVED,6,50,NO ACCESS,N,2002.0,235.45975074051492
CHURCH ST,04-At/near private drive,09-Right shoulder,03-Snow,01-Daylight,MIDBLOCK,Sunday,January,1,CHURCH ST,2,ROAD,LOCAL,7.0,12.0,PAVED,TwoWay,PAVED,6,50,NO ACCESS,N,2002.0,65.2368707104797
CHURCH ST,04-At/near private drive,09-Right shoulder,03-Snow,01-Daylight,MIDBLOCK,Sunday,January,1,CHURCH ST,2,ROAD,LOCAL,6.0,12.0,PAVED,TwoWay,PAVED,6,50,NO ACCESS,N,2002.0,105.12636131714198
CHURCH ST,04-At/near private drive,09-Right shoulder,03-Snow,01-Daylight,MIDBLOCK,Sunday,January,1,CHURCH ST,2,ROAD,LOCAL,6.0,12.0,PAVED,TwoWay,PAVED,6,50,NO ACCESS,N,2002.0,127.40857386401501
CHURCH ST,04-At/near private drive,02-Thru lane,02-Rain,05-Dusk,MIDBLOCK,Saturday,January,1,CHURCH ST,2,ROAD,LOCAL,7.0,16.0,PAVED,TwoWay,PAVED,6,50,NO ACCESS,N,2002.0,235.45975074051492
CHURCH ST,04-At/near private drive,02-Thru lane,02-Rain,05-Dusk,MIDBLOCK,Saturday,January,1,CHURCH ST,2,ROAD,LOCAL,7.0,12.0,PAVED,TwoWay,PAVED,6,50,NO ACCESS,N,2002.0,65.2368707104797
CHURCH ST,04-At/near private drive,02-Thru lane,02-Rain,05-Dusk,MIDBLOCK,Saturday,January,1,CHURCH ST,2,ROAD,LOCAL,6.0,12.0,PAVED,TwoWay,PAVED,6,50,NO ACCESS,N,2002.0,105.12636131714198
CHURCH ST,04-At/near private drive,02-Thru lane,02-Rain,05-Dusk,MIDBLOCK,Saturday,January,1,CHURCH ST,2,ROAD,LOCAL,6.0,12.0,PAVED,TwoWay,PAVED,6,50,NO ACCESS,N,2002.0,127.40857386401501
CHURCH ST,04-At/near private drive,02-Thru lane,01-Clear,01-Daylight,MIDBLOCK,Sunday,March,1,CHURCH ST,2,ROAD,LOCAL,7.0,16.0,PAVED,TwoWay,PAVED,6,50,NO ACCESS,N,2002.0,235.45975074051492
CHURCH ST,04-At/near private drive,02-Thru lane,01-Clear,01-Daylight,MIDBLOCK,Sunday,March,1,CHURCH ST,2,ROAD,LOCAL,7.0,12.0,PAVED,TwoWay,PAVED,6,50,NO ACCESS,N,2002.0,65.2368707104797
CHURCH ST,04-At/near private drive,02-Thru lane,01-Clear,01-Daylight,MIDBLOCK,Sunday,March,1,CHURCH ST,2,ROAD,LOCAL,6.0,12.0,PAVED,TwoWay,PAVED,6,50,NO ACCESS,N,2002.0,105.12636131714198
CHURCH ST,04-At/near private drive,02-Thru lane,01-Clear,01-Daylight,MIDBLOCK,Sunday,March,1,CHURCH ST,2,ROAD,LOCAL,6.0,12.0,PAVED,TwoWay,PAVED,6,50,NO ACCESS,N,2002.0,127.40857386401501
CHURCH ST,01-Non intersection,02-Thru lane,01-Clear,01-Daylight,MIDBLOCK,Friday,December,0,CHURCH ST,2,ROAD,LOCAL,7.0,16.0,PAVED,TwoWay,PAVED,6,50,NO ACCESS,N,2002.0,235.45975074051492
CHURCH ST,01-Non intersection,02-Thru lane,01-Clear,01-Daylight,MIDBLOCK,Friday,December,0,CHURCH ST,2,ROAD,LOCAL,7.0,12.0,PAVED,TwoWay,PAVED,6,50,NO ACCESS,N,2002.0,65.2368707104797
CHURCH ST,01-Non intersection,02-Thru lane,01-Clear,01-Daylight,MIDBLOCK,Friday,December,0,CHURCH ST,2,ROAD,LOCAL,6.0,12.0,PAVED,TwoWay,PAVED,6,50,NO ACCESS,N,2002.0,105.12636131714198
CHURCH ST,01-Non intersection,02-Thru lane,01-Clear,01-Daylight,MIDBLOCK,Friday,December,0,CHURCH ST,2,ROAD,LOCAL,6.0,12.0,PAVED,TwoWay,PAVED,6,50,NO ACCESS,N,2002.0,127.40857386401501
CHURCH ST,04-At/near private drive,02-Thru lane,01-Clear,01-Daylight,MIDBLOCK,Tuesday,August,0,CHURCH ST,2,ROAD,LOCAL,7.0,16.0,PAVED,TwoWay,PAVED,6,50,NO ACCESS,N,2002.0,235.45975074051492
CHURCH ST,04-At/near private drive,02-Thru lane,01-Clear,01-Daylight,MIDBLOCK,Tuesday,August,0,CHURCH ST,2,ROAD,LOCAL,7.0,12.0,PAVED,TwoWay,PAVED,6,50,NO ACCESS,N,2002.0,65.2368707104797
CHURCH ST,04-At/near private drive,02-Thru lane,01-Clear,01-Daylight,MIDBLOCK,Tuesday,August,0,CHURCH ST,2,ROAD,LOCAL,6.0,12.0,PAVED,TwoWay,PAVED,6,50,NO ACCESS,N,2002.0,105.12636131714198
CHURCH ST,04-At/near private drive,02-Thru lane,01-Clear,01-Daylight,MIDBLOCK,Tuesday,August,0,CHURCH ST,2,ROAD,LOCAL,6.0,12.0,PAVED,TwoWay,PAVED,6,50,NO ACCESS,N,2002.0,127.40857386401501
CHURCH ST,04-At/near private drive,02-Thru lane,01-Clear,01-Daylight,MIDBLOCK,Sunday,April,1,CHURCH ST,2,ROAD,LOCAL,7.0,16.0,PAVED,TwoWay,PAVED,6,50,NO ACCESS,N,2002.0,235.45975074051492
CHURCH ST,04-At/near private drive,02-Thru lane,01-Clear,01-Daylight,MIDBLOCK,Sunday,April,1,CHURCH ST,2,ROAD,LOCAL,7.0,12.0,PAVED,TwoWay,PAVED,6,50,NO ACCESS,N,2002.0,65.2368707104797
CHURCH ST,04-At/near private drive,02-Thru lane,01-Clear,01-Daylight,MIDBLOCK,Sunday,April,1,CHURCH ST,2,ROAD,LOCAL,6.0,12.0,PAVED,TwoWay,PAVED,6,50,NO ACCESS,N,2002.0,105.12636131714198
CHURCH ST,04-At/near private drive,02-Thru lane,01-Clear,01-Daylight,MIDBLOCK,Sunday,April,1,CHURCH ST,2,ROAD,LOCAL,6.0,12.0,PAVED,TwoWay,PAVED,6,50,NO ACCESS,N,2002.0,127.40857386401501
CHURCH ST,01-Non intersection,02-Thru lane,01-Clear,"08-Dark, artificial",MIDBLOCK,Saturday,December,1,CHURCH ST,2,ROAD,LOCAL,7.0,16.0,PAVED,TwoWay,PAVED,6,50,NO ACCESS,N,2002.0,235.45975074051492
CHURCH ST,01-Non intersection,02-Thru lane,01-Clear,"08-Dark, artificial",MIDBLOCK,Saturday,December,1,CHURCH ST,2,ROAD,LOCAL,7.0,12.0,PAVED,TwoWay,PAVED,6,50,NO ACCESS,N,2002.0,65.2368707104797
CHURCH ST,01-Non intersection,02-Thru lane,01-Clear,"08-Dark, artificial",MIDBLOCK,Saturday,December,1,CHURCH ST,2,ROAD,LOCAL,6.0,12.0,PAVED,TwoWay,PAVED,6,50,NO ACCESS,N,2002.0,105.12636131714198
CHURCH ST,01-Non intersection,02-Thru lane,01-Clear,"08-Dark, artificial",MIDBLOCK,Saturday,December,1,CHURCH ST,2,ROAD,LOCAL,6.0,12.0,PAVED,TwoWay,PAVED,6,50,NO ACCESS,N,2002.0,127.40857386401501
CHURCH ST,04-At/near private drive,09-Right shoulder,01-Clear,01-Daylight,MIDBLOCK,Thursday,June,0,CHURCH ST,2,ROAD,LOCAL,7.0,16.0,PAVED,TwoWay,PAVED,6,50,NO ACCESS,N,2002.0,235.45975074051492
CHURCH ST,04-At/near private drive,09-Right shoulder,01-Clear,01-Daylight,MIDBLOCK,Thursday,June,0,CHURCH ST,2,ROAD,LOCAL,7.0,12.0,PAVED,TwoWay,PAVED,6,50,NO ACCESS,N,2002.0,65.2368707104797
CHURCH ST,04-At/near private drive,09-Right shoulder,01-Clear,01-Daylight,MIDBLOCK,Thursday,June,0,CHURCH ST,2,ROAD,LOCAL,6.0,12.0,PAVED,TwoWay,PAVED,6,50,NO ACCESS,N,2002.0,105.12636131714198
CHURCH ST,04-At/near private drive,09-Right shoulder,01-Clear,01-Daylight,MIDBLOCK,Thursday,June,0,CHURCH ST,2,ROAD,LOCAL,6.0,12.0,PAVED,TwoWay,PAVED,6,50,NO ACCESS,N,2002.0,127.40857386401501
CHURCH ST,01-Non intersection,02-Thru lane,01-Clear,01-Daylight,MIDBLOCK,Sunday,May,1,CHURCH ST,2,ROAD,LOCAL,7.0,16.0,PAVED,TwoWay,PAVED,6,50,NO ACCESS,N,2002.0,235.45975074051492
CHURCH ST,01-Non intersection,02-Thru lane,01-Clear,01-Daylight,MIDBLOCK,Sunday,May,1,CHURCH ST,2,ROAD,LOCAL,7.0,12.0,PAVED,TwoWay,PAVED,6,50,NO ACCESS,N,2002.0,65.2368707104797
CHURCH ST,01-Non intersection,02-Thru lane,01-Clear,01-Daylight,MIDBLOCK,Sunday,May,1,CHURCH ST,2,ROAD,LOCAL,6.0,12.0,PAVED,TwoWay,PAVED,6,50,NO ACCESS,N,2002.0,105.12636131714198
CHURCH ST,01-Non intersection,02-Thru lane,01-Clear,01-Daylight,MIDBLOCK,Sunday,May,1,CHURCH ST,2,ROAD,LOCAL,6.0,12.0,PAVED,TwoWay,PAVED,6,50,NO ACCESS,N,2002.0,127.40857386401501
CHURCH ST,01-Non intersection,02-Thru lane,01-Clear,01-Daylight,MIDBLOCK,Thursday,October,0,CHURCH ST,2,ROAD,LOCAL,7.0,16.0,PAVED,TwoWay,PAVED,6,50,NO ACCESS,N,2002.0,235.45975074051492
CHURCH ST,01-Non intersection,02-Thru lane,01-Clear,01-Daylight,MIDBLOCK,Thursday,October,0,CHURCH ST,2,ROAD,LOCAL,7.0,12.0,PAVED,TwoWay,PAVED,6,50,NO ACCESS,N,2002.0,65.2368707104797
CHURCH ST,01-Non intersection,02-Thru lane,01-Clear,01-Daylight,MIDBLOCK,Thursday,October,0,CHURCH ST,2,ROAD,LOCAL,6.0,12.0,PAVED,TwoWay,PAVED,6,50,NO ACCESS,N,2002.0,105.12636131714198
CHURCH ST,01-Non intersection,02-Thru lane,01-Clear,01-Daylight,MIDBLOCK,Thursday,October,0,CHURCH ST,2,ROAD,LOCAL,6.0,12.0,PAVED,TwoWay,PAVED,6,50,NO ACCESS,N,2002.0,127.40857386401501
CHURCH ST,01-Non intersection,11-Not on roadway - right side,01-Clear,07-Dark,MIDBLOCK,Friday,August,0,CHURCH ST,2,ROAD,LOCAL,7.0,16.0,PAVED,TwoWay,PAVED,6,50,NO ACCESS,N,2002.0,235.45975074051492
CHURCH ST,01-Non intersection,11-Not on roadway - right side,01-Clear,07-Dark,MIDBLOCK,Friday,August,0,CHURCH ST,2,ROAD,LOCAL,7.0,12.0,PAVED,TwoWay,PAVED,6,50,NO ACCESS,N,2002.0,65.2368707104797
CHURCH ST,01-Non intersection,11-Not on roadway - right side,01-Clear,07-Dark,MIDBLOCK,Friday,August,0,CHURCH ST,2,ROAD,LOCAL,6.0,12.0,PAVED,TwoWay,PAVED,6,50,NO ACCESS,N,2002.0,105.12636131714198
CHURCH ST,01-Non intersection,11-Not on roadway - right side,01-Clear,07-Dark,MIDBLOCK,Friday,August,0,CHURCH ST,2,ROAD,LOCAL,6.0,12.0,PAVED,TwoWay,PAVED,6,50,NO ACCESS,N,2002.0,127.40857386401501
CHURCH ST,04-At/near private drive,02-Thru lane,01-Clear,01-Daylight,MIDBLOCK,Saturday,October,1,CHURCH ST,2,ROAD,LOCAL,7.0,16.0,PAVED,TwoWay,PAVED,6,50,NO ACCESS,N,2002.0,235.45975074051492
CHURCH ST,04-At/near private drive,02-Thru lane,01-Clear,01-Daylight,MIDBLOCK,Saturday,October,1,CHURCH ST,2,ROAD,LOCAL,7.0,12.0,PAVED,TwoWay,PAVED,6,50,NO ACCESS,N,2002.0,65.2368707104797
CHURCH ST,04-At/near private drive,02-Thru lane,01-Clear,01-Daylight,MIDBLOCK,Saturday,October,1,CHURCH ST,2,ROAD,LOCAL,6.0,12.0,PAVED,TwoWay,PAVED,6,50,NO ACCESS,N,2002.0,105.12636131714198