LOCATION,ACCIDENT_LOCATION,IMPACT_LOCATION,ENVIRONMENT_CONDITION,LIGHT,COLLISION_TYPE,DAY_OF_WEEK,MONTH,IS_WEEKEND,STREET,LANES,CATEGORY,SUBCATEGORY,PAVEMENT_WIDTH,ROW_WIDTH,SHOULDER,FLOW_DIRECTION,SURFACE_LAYER_TYPE,OFFICIAL_ROAD_CLASSIFICATION,SPEED_LIMIT_KM,TRUCK_ACCESS,BUS_ROUTE,SERVICE_YEAR,Shape__Length
CHURCH ST,04-At/near private drive,02-Thru lane,01-Clear,01-Daylight,MIDBLOCK,Saturday,October,1,CHURCH ST,2,ROAD,LOCAL,6.0,12.0,PAVED,TwoWay,PAVED,6,50,NO ACCESS,N,2002.0,127.40857386401501
CHURCH ST,04-At/near private drive,02-Thru lane,01-Clear,01-Daylight,MIDBLOCK,Tuesday,July,0,CHURCH ST,2,ROAD,LOCAL,7.0,16.0,PAVED,TwoWay,PAVED,6,50,NO ACCESS,N,2002.0,235.45975074051492
CHURCH ST,04-At/near private drive,02-Thru lane,01-Clear,01-Daylight,MIDBLOCK,Tuesday,July,0,CHURCH ST,2,ROAD,LOCAL,7.0,12.0,PAVED,TwoWay,PAVED,6,50,NO ACCESS,N,2002.0,65.2368707104797
CHURCH ST,04-At/near private drive,02-Thru lane,01-Clear,01-Daylight,MIDBLOCK,Tuesday,July,0,CHURCH ST,2,ROAD,LOCAL,6.0,12.0,PAVED,TwoWay,PAVED,6,50,NO ACCESS,N,2002.0,105.12636131714198
CHURCH ST,04-At/near private drive,02-Thru lane,01-Clear,01-Daylight,MIDBLOCK,Tuesday,July,0,CHURCH ST,2,ROAD,LOCAL,6.0,12.0,PAVED,TwoWay,PAVED,6,50,NO ACCESS,N,2002.0,127.40857386401501
CHURCH ST,01-Non intersection,02-Thru lane,02-Rain,"08-Dark, artificial",MIDBLOCK,Friday,May,0,CHURCH ST,2,ROAD,LOCAL,7.0,16.0,PAVED,TwoWay,PAVED,6,50,NO ACCESS,N,2002.0,235.45975074051492
CHURCH ST,01-Non intersection,02-Thru lane,02-Rain,"08-Dark, artificial",MIDBLOCK,Friday,May,0,CHURCH ST,2,ROAD,LOCAL,7.0,12.0,PAVED,TwoWay,PAVED,6,50,NO ACCESS,N,2002.0,65.2368707104797
CHURCH ST,01-Non intersection,02-Thru lane,02-Rain,"08-Dark, artificial",MIDBLOCK,Friday,May,0,CHURCH ST,2,ROAD,LOCAL,6.0,12.0,PAVED,TwoWay,PAVED,6,50,NO ACCESS,N,2002.0,105.12636131714198
CHURCH ST,01-Non intersection,02-Thru lane,02-Rain,"08-Dark, artificial",MIDBLOCK,Friday,May,0,CHURCH ST,2,ROAD,LOCAL,6.0,12.0,PAVED,TwoWay,PAVED,6,50,NO ACCESS,N,2002.0,127.40857386401501
CHURCH ST,04-At/near private drive,12-Off highway,03-Snow,"08-Dark, artificial",MIDBLOCK,Friday,February,0,CHURCH ST,2,ROAD,LOCAL,7.0,16.0,PAVED,TwoWay,PAVED,6,50,NO ACCESS,N,2002.0,235.45975074051492
CHURCH ST,04-At/near private drive,12-Off highway,03-Snow,"08-Dark, artificial",MIDBLOCK,Friday,February,0,CHURCH ST,2,ROAD,LOCAL,7.0,12.0,PAVED,TwoWay,PAVED,6,50,NO ACCESS,N,2002.0,65.2368707104797
CHURCH ST,04-At/near private drive,12-Off highway,03-Snow,"08-Dark, artificial",MIDBLOCK,Friday,February,0,CHURCH ST,2,ROAD,LOCAL,6.0,12.0,PAVED,TwoWay,PAVED,6,50,NO ACCESS,N,2002.0,105.12636131714198
CHURCH ST,04-At/near private drive,12-Off highway,03-Snow,"08-Dark, artificial",MIDBLOCK,Friday,February,0,CHURCH ST,2,ROAD,LOCAL,6.0,12.0,PAVED,TwoWay,PAVED,6,50,NO ACCESS,N,2002.0,127.40857386401501
CHURCH ST,04-At/near private drive,02-Thru lane,01-Clear,01-Daylight,MIDBLOCK,Monday,September,0,CHURCH ST,2,ROAD,LOCAL,7.0,16.0,PAVED,TwoWay,PAVED,6,50,NO ACCESS,N,2002.0,235.45975074051492
CHURCH ST,04-At/near private drive,02-Thru lane,01-Clear,01-Daylight,MIDBLOCK,Monday,September,0,CHURCH ST,2,ROAD,LOCAL,7.0,12.0,PAVED,TwoWay,PAVED,6,50,NO ACCESS,N,2002.0,65.2368707104797
CHURCH ST,04-At/near private drive,02-Thru lane,01-Clear,01-Daylight,MIDBLOCK,Monday,September,0,CHURCH ST,2,ROAD,LOCAL,6.0,12.0,PAVED,TwoWay,PAVED,6,50,NO ACCESS,N,2002.0,105.12636131714198
CHURCH ST,04-At/near private drive,02-Thru lane,01-Clear,01-Daylight,MIDBLOCK,Monday,September,0,CHURCH ST,2,ROAD,LOCAL,6.0,12.0,PAVED,TwoWay,PAVED,6,50,NO ACCESS,N,2002.0,127.40857386401501
CHURCH ST,01-Non intersection,09-Right shoulder,01-Clear,07-Dark,MIDBLOCK,Friday,August,0,CHURCH ST,2,ROAD,LOCAL,7.0,16.0,PAVED,TwoWay,PAVED,6,50,NO ACCESS,N,2002.0,235.45975074051492
CHURCH ST,01-Non intersection,09-Right shoulder,01-Clear,07-Dark,MIDBLOCK,Friday,August,0,CHURCH ST,2,ROAD,LOCAL,7.0,12.0,PAVED,TwoWay,PAVED,6,50,NO ACCESS,N,2002.0,65.2368707104797
CHURCH ST,01-Non intersection,09-Right shoulder,01-Clear,07-Dark,MIDBLOCK,Friday,August,0,CHURCH ST,2,ROAD,LOCAL,6.0,12.0,PAVED,TwoWay,PAVED,6,50,NO ACCESS,N,2002.0,105.12636131714198
CHURCH ST,01-Non intersection,09-Right shoulder,01-Clear,07-Dark,MIDBLOCK,Friday,August,0,CHURCH ST,2,ROAD,LOCAL,6.0,12.0,PAVED,TwoWay,PAVED,6,50,NO ACCESS,N,2002.0,127.40857386401501
PERIWINKLE ST,04-At/near private drive,02-Thru lane,01-Clear,01-Daylight,MIDBLOCK,Friday,November,0,PERIWINKLE ST,2,ROAD,LOCAL,8.0,18.0,PAVED,TwoWay,PAVED,6,50,NO ACCESS,N,2003.0,84.7957712740487
PERIWINKLE ST,04-At/near private drive,02-Thru lane,01-Clear,01-Daylight,MIDBLOCK,Friday,November,0,PERIWINKLE ST,2,ROAD,LOCAL,9.0,18.0,PAVED,TwoWay,PAVED,6,50,NO ACCESS,N,2003.0,304.703792943287
PERIWINKLE ST,04-At/near private drive,02-Thru lane,01-Clear,07-Dark,MIDBLOCK,Friday,December,0,PERIWINKLE ST,2,ROAD,LOCAL,8.0,18.0,PAVED,TwoWay,PAVED,6,50,NO ACCESS,N,2003.0,84.7957712740487
PERIWINKLE ST,04-At/near private drive,02-Thru lane,01-Clear,07-Dark,MIDBLOCK,Friday,December,0,PERIWINKLE ST,2,ROAD,LOCAL,9.0,18.0,PAVED,TwoWay,PAVED,6,50,NO ACCESS,N,2003.0,304.703792943287
PERIWINKLE ST,01-Non intersection,02-Thru lane,01-Clear,"08-Dark, artificial",MIDBLOCK,Saturday,June,1,PERIWINKLE ST,2,ROAD,LOCAL,8.0,18.0,PAVED,TwoWay,PAVED,6,50,NO ACCESS,N,2003.0,84.7957712740487
PERIWINKLE ST,01-Non intersection,02-Thru lane,01-Clear,"08-Dark, artificial",MIDBLOCK,Saturday,June,1,PERIWINKLE ST,2,ROAD,LOCAL,9.0,18.0,PAVED,TwoWay,PAVED,6,50,NO ACCESS,N,2003.0,304.703792943287
PERIWINKLE ST,04-At/near private drive,02-Thru lane,01-Clear,"08-Dark, artificial",MIDBLOCK,Sunday,May,1,PERIWINKLE ST,2,ROAD,LOCAL,8.0,18.0,PAVED,TwoWay,PAVED,6,50,NO ACCESS,N,2003.0,84.7957712740487
PERIWINKLE ST,04-At/near private drive,02-Thru lane,01-Clear,"08-Dark, artificial",MIDBLOCK,Sunday,May,1,PERIWINKLE ST,2,ROAD,LOCAL,9.0,18.0,PAVED,TwoWay,PAVED,6,50,NO ACCESS,N,2003.0,304.703792943287
PERIWINKLE ST,01-Non intersection,02-Thru lane,01-Clear,07-Dark,MIDBLOCK,Saturday,December,1,PERIWINKLE ST,2,ROAD,LOCAL,8.0,18.0,PAVED,TwoWay,PAVED,6,50,NO ACCESS,N,2003.0,84.7957712740487
PERIWINKLE ST,01-Non intersection,02-Thru lane,01-Clear,07-Dark,MIDBLOCK,Saturday,December,1,PERIWINKLE ST,2,ROAD,LOCAL,9.0,18.0,PAVED,TwoWay,PAVED,6,50,NO ACCESS,N,2003.0,304.703792943287
PERIWINKLE ST,04-At/near private drive,02-Thru lane,01-Clear,01-Daylight,MIDBLOCK,Monday,July,0,PERIWINKLE ST,2,ROAD,LOCAL,8.0,18.0,PAVED,TwoWay,PAVED,6,50,NO ACCESS,N,2003.0,84.7957712740487
PERIWINKLE ST,04-At/near private drive,02-Thru lane,01-Clear,01-Daylight,MIDBLOCK,Monday,July,0,PERIWINKLE ST,2,ROAD,LOCAL,9.0,18.0,PAVED,TwoWay,PAVED,6,50,NO ACCESS,N,2003.0,304.703792943287
PERIWINKLE ST,01-Non intersection,02-Thru lane,03-Snow,"08-Dark, artificial",MIDBLOCK,Thursday,December,0,PERIWINKLE ST,2,ROAD,LOCAL,8.0,18.0,PAVED,TwoWay,PAVED,6,50,NO ACCESS,N,2003.0,84.7957712740487
PERIWINKLE ST,01-Non intersection,02-Thru lane,03-Snow,"08-Dark, artificial",MIDBLOCK,Thursday,December,0,PERIWINKLE ST,2,ROAD,LOCAL,9.0,18.0,PAVED,TwoWay,PAVED,6,50,NO ACCESS,N,2003.0,304.703792943287
PROSPERITY DR,04-At/near private drive,02-Thru lane,01-Clear,01-Daylight,MIDBLOCK,Friday,November,0,PROSPERITY DR,2,ROAD,LOCAL,10.0,20.0,PAVED,TwoWay,PAVED,6,50,NO ACCESS,N,2002.0,71.4387501245548
PROSPERITY DR,04-At/near private drive,02-Thru lane,01-Clear,01-Daylight,MIDBLOCK,Friday,November,0,PROSPERITY DR,2,ROAD,LOCAL,10.0,20.0,PAVED,TwoWay,PAVED,6,50,NO ACCESS,N,2003.0,241.316169502836
PROSPERITY DR,04-At/near private drive,02-Thru lane,01-Clear,01-Daylight,MIDBLOCK,Friday,November,0,PROSPERITY DR,2,ROAD,LOCAL,10.0,20.0,PAVED,TwoWay,PAVED,6,50,NO ACCESS,N,2002.0,71.45666964541121
PROSPERITY DR,04-At/near private drive,02-Thru lane,01-Clear,01-Daylight,MIDBLOCK,Friday,November,0,PROSPERITY DR,2,ROAD,LOCAL,9.0,20.0,PAVED,TwoWay,PAVED,6,50,NO ACCESS,N,2003.0,213.271907145463
PROSPERITY DR,04-At/near private drive,02-Thru lane,01-Clear,01-Daylight,MIDBLOCK,Friday,November,0,PROSPERITY DR,2,ROAD,LOCAL,10.0,20.0,PAVED,TwoWay,PAVED,6,50,NO ACCESS,N,2002.0,79.2607896991642
PROSPERITY DR,04-At/near private drive,02-Thru lane,01-Clear,01-Daylight,MIDBLOCK,Friday,November,0,PROSPERITY DR,2,ROAD,LOCAL,12.0,20.0,PAVED,TwoWay,PAVED,6,50,NO ACCESS,N,2002.0,65.93238167642201
PROSPERITY DR,04-At/near private drive,02-Thru lane,01-Clear,01-Daylight,MIDBLOCK,Friday,November,0,PROSPERITY DR,2,ROAD,LOCAL,10.0,20.0,PAVED,TwoWay,PAVED,6,50,NO ACCESS,N,2002.0,101.755813532755
PROSPERITY DR,04-At/near private drive,02-Thru lane,01-Clear,01-Daylight,MIDBLOCK,Thursday,November,0,PROSPERITY DR,2,ROAD,LOCAL,10.0,20.0,PAVED,TwoWay,PAVED,6,50,NO ACCESS,N,2002.0,71.4387501245548
PROSPERITY DR,04-At/near private drive,02-Thru lane,01-Clear,01-Daylight,MIDBLOCK,Thursday,November,0,PROSPERITY DR,2,ROAD,LOCAL,10.0,20.0,PAVED,TwoWay,PAVED,6,50,NO ACCESS,N,2003.0,241.316169502836
PROSPERITY DR,04-At/near private drive,02-Thru lane,01-Clear,01-Daylight,MIDBLOCK,Thursday,November,0,PROSPERITY DR,2,ROAD,LOCAL,10.0,20.0,PAVED,TwoWay,PAVED,6,50,NO ACCESS,N,2002.0,71.45666964541121
PROSPERITY DR,04-At/near private drive,02-Thru lane,01-Clear,01-Daylight,MIDBLOCK,Thursday,November,0,PROSPERITY DR,2,ROAD,LOCAL,9.0,20.0,PAVED,TwoWay,PAVED,6,50,NO ACCESS,N,2003.0,213.271907145463
PROSPERITY DR,04-At/near private drive,02-Thru lane,01-Clear,01-Daylight,MIDBLOCK,Thursday,November,0,PROSPERITY DR,2,ROAD,LOCAL,10.0,20.0,PAVED,TwoWay,PAVED,6,50,NO ACCESS,N,2002.0,79.2607896991642
PROSPERITY DR,04-At/near private drive,02-Thru lane,01-Clear,01-Daylight,MIDBLOCK,Thursday,November,0,PROSPERITY DR,2,ROAD,LOCAL,12.0,20.0,PAVED,TwoWay,PAVED,6,50,NO ACCESS,N,2002.0,65.93238167642201
PROSPERITY DR,04-At/near private drive,02-Thru lane,01-Clear,01-Daylight,MIDBLOCK,Thursday,November,0,PROSPERITY DR,2,ROAD,LOCAL,10.0,20.0,PAVED,TwoWay,PAVED,6,50,NO ACCESS,N,2002.0,101.755813532755
HIGHBARRY CRES,01-Non intersection,02-Thru lane,01-Clear,01-Daylight,MIDBLOCK,Friday,June,0,HIGHBARRY CRES,2,ROAD,LOCAL,9.0,16.0,PAVED,TwoWay,PAVED,6,50,NO ACCESS,N,2002.0,240.98998082349
HIGHBARRY CRES,04-At/near private drive,02-Thru lane,01-Clear,01-Daylight,MIDBLOCK,Friday,March,0,HIGHBARRY CRES,2,ROAD,LOCAL,9.0,16.0,PAVED,TwoWay,PAVED,6,50,NO ACCESS,N,2002.0,240.98998082349
QUEEN ST S,04-At/near private drive,11-Not on roadway - right side,01-Clear,01-Daylight,MIDBLOCK,Wednesday,October,0,QUEEN ST S,2,ROAD,MAJOR,12.0,20.0,PAVED,TwoWay,PAVED,3,50,NO ACCESS,Y,1858.0,200.927919671342
QUEEN ST S,04-At/near private drive,11-Not on roadway - right side,01-Clear,01-Daylight,MIDBLOCK,Wednesday,October,0,QUEEN ST S,2,ROAD,MAJOR,9.0,13.0,PAVED,TwoWay,PAVED,3,50,NO ACCESS,N,1984.0,10.8599233005802
QUEEN ST S,01-Non intersection,03-Left turn lane,01-Clear,01-Daylight,MIDBLOCK,Sunday,January,1,QUEEN ST S,2,ROAD,MAJOR,12.0,20.0,PAVED,TwoWay,PAVED,3,50,NO ACCESS,Y,1858.0,200.927919671342
QUEEN ST S,01-Non intersection,03-Left turn lane,01-Clear,01-Daylight,MIDBLOCK,Sunday,January,1,QUEEN ST S,2,ROAD,MAJOR,9.0,13.0,PAVED,TwoWay,PAVED,3,50,NO ACCESS,N,1984.0,10.8599233005802
QUEEN ST S,04-At/near private drive,03-Left turn lane,01-Clear,01-Daylight,MIDBLOCK,Tuesday,January,0,QUEEN ST S,2,ROAD,MAJOR,12.0,20.0,PAVED,TwoWay,PAVED,3,50,NO ACCESS,Y,1858.0,200.927919671342
QUEEN ST S,04-At/near private drive,03-Left turn lane,01-Clear,01-Daylight,MIDBLOCK,Tuesday,January,0,QUEEN ST S,2,ROAD,MAJOR,9.0,13.0,PAVED,TwoWay,PAVED,3,50,NO ACCESS,N,1984.0,10.8599233005802
QUEEN ST S,01-Non intersection,02-Thru lane,01-Clear,01-Daylight,MIDBLOCK,Wednesday,February,0,QUEEN ST S,2,ROAD,MAJOR,12.0,20.0,PAVED,TwoWay,PAVED,3,50,NO ACCESS,Y,1858.0,200.927919671342
QUEEN ST S,01-Non intersection,02-Thru lane,01-Clear,01-Daylight,MIDBLOCK,Wednesday,February,0,QUEEN ST S,2,ROAD,MAJOR,9.0,13.0,PAVED,TwoWay,PAVED,3,50,NO ACCESS,N,1984.0,10.8599233005802
QUEEN ST S,04-At/near private drive,02-Thru lane,01-Clear,01-Daylight,MIDBLOCK,Tuesday,March,0,QUEEN ST S,2,ROAD,MAJOR,12.0,20.0,PAVED,TwoWay,PAVED,3,50,NO ACCESS,Y,1858.0,200.927919671342
QUEEN ST S,04-At/near private drive,02-Thru lane,01-Clear,01-Daylight,MIDBLOCK,Tuesday,March,0,QUEEN ST S,2,ROAD,MAJOR,9.0,13.0,PAVED,TwoWay,PAVED,3,50,NO ACCESS,N,1984.0,10.8599233005802
QUEEN ST S,04-At/near private drive,02-Thru lane,02-Rain,07-Dark,MIDBLOCK,Friday,December,0,QUEEN ST S,2,ROAD,MAJOR,12.0,20.0,PAVED,TwoWay,PAVED,3,50,NO ACCESS,Y,1858.0,200.927919671342
QUEEN ST S,04-At/near private drive,02-Thru lane,02-Rain,07-Dark,MIDBLOCK,Friday,December,0,QUEEN ST S,2,ROAD,MAJOR,9.0,13.0,PAVED,TwoWay,PAVED,3,50,NO ACCESS,N,1984.0,10.8599233005802
QUEEN ST S,01-Non intersection,02-Thru lane,01-Clear,01-Daylight,MIDBLOCK,Tuesday,June,0,QUEEN ST S,2,ROAD,MAJOR,12.0,20.0,PAVED,TwoWay,PAVED,3,50,NO ACCESS,Y,1858.0,200.927919671342
QUEEN ST S,01-Non intersection,02-Thru lane,01-Clear,01-Daylight,MIDBLOCK,Tuesday,June,0,QUEEN ST S,2,ROAD,MAJOR,9.0,13.0,PAVED,TwoWay,PAVED,3,50,NO ACCESS,N,1984.0,10.8599233005802
QUEEN ST S,01-Non intersection,02-Thru lane,01-Clear,07-Dark,MIDBLOCK,Thursday,January,0,QUEEN ST S,2,ROAD,MAJOR,12.0,20.0,PAVED,TwoWay,PAVED,3,50,NO ACCESS,Y,1858.0,200.927919671342
QUEEN ST S,01-Non intersection,02-Thru lane,01-Clear,07-Dark,MIDBLOCK,Thursday,January,0,QUEEN ST S,2,ROAD,MAJOR,9.0,13.0,PAVED,TwoWay,PAVED,3,50,NO ACCESS,N,1984.0,10.8599233005802
QUEEN ST S,01-Non intersection,02-Thru lane,02-Rain,01-Daylight,MIDBLOCK,Monday,April,0,QUEEN ST S,2,ROAD,MAJOR,12.0,20.0,PAVED,TwoWay,PAVED,3,50,NO ACCESS,Y,1858.0,200.927919671342
QUEEN ST S,01-Non intersection,02-Thru lane,02-Rain,01-Daylight,MIDBLOCK,Monday,April,0,QUEEN ST S,2,ROAD,MAJOR,9.0,13.0,PAVED,TwoWay,PAVED,3,50,NO ACCESS,N,1984.0,10.8599233005802
QUEEN ST S,04-At/near private drive,02-Thru lane,01-Clear,01-Daylight,MIDBLOCK,Thursday,June,0,QUEEN ST S,2,ROAD,MAJOR,12.0,20.0,PAVED,TwoWay,PAVED,3,50,NO ACCESS,Y,1858.0,200.927919671342
QUEEN ST S,04-At/near private drive,02-Thru lane,01-Clear,01-Daylight,MIDBLOCK,Thursday,June,0,QUEEN ST S,2,ROAD,MAJOR,9.0,13.0,PAVED,TwoWay,PAVED,3,50,NO ACCESS,N,1984.0,10.8599233005802
QUEEN ST S,01-Non intersection,02-Thru lane,01-Clear,01-Daylight,MIDBLOCK,Wednesday,January,0,QUEEN ST S,2,ROAD,MAJOR,12.0,20.0,PAVED,TwoWay,PAVED,3,50,NO ACCESS,Y,1858.0,200.927919671342
QUEEN ST S,01-Non intersection,02-Thru lane,01-Clear,01-Daylight,MIDBLOCK,Wednesday,January,0,QUEEN ST S,2,ROAD,MAJOR,9.0,13.0,PAVED,TwoWay,PAVED,3,50,NO ACCESS,N,1984.0,10.8599233005802
QUEEN ST S,01-Non intersection,02-Thru lane,01-Clear,07-Dark,MIDBLOCK,Friday,December,0,QUEEN ST S,2,ROAD,MAJOR,12.0,20.0,PAVED,TwoWay,PAVED,3,50,NO ACCESS,Y,1858.0,200.927919671342
QUEEN ST S,01-Non intersection,02-Thru lane,01-Clear,07-Dark,MIDBLOCK,Friday,December,0,QUEEN ST S,2,ROAD,MAJOR,9.0,13.0,PAVED,TwoWay,PAVED,3,50,NO ACCESS,N,1984.0,10.8599233005802
QUEEN ST S,04-At/near private drive,11-Not on roadway - right side,01-Clear,01-Daylight,MIDBLOCK,Friday,October,0,QUEEN ST S,2,ROAD,MAJOR,12.0,20.0,PAVED,TwoWay,PAVED,3,50,NO ACCESS,Y,1858.0,200.927919671342
QUEEN ST S,04-At/near private drive,11-Not on roadway - right side,01-Clear,01-Daylight,MIDBLOCK,Friday,October,0,QUEEN ST S,2,ROAD,MAJOR,9.0,13.0,PAVED,TwoWay,PAVED,3,50,NO ACCESS,N,1984.0,10.8599233005802
QUEEN ST S,04-At/near private drive,02-Thru lane,01-Clear,01-Daylight,MIDBLOCK,Saturday,September,1,QUEEN ST S,2,ROAD,MAJOR,12.0,20.0,PAVED,TwoWay,PAVED,3,50,NO ACCESS,Y,1858.0,200.927919671342
QUEEN ST S,04-At/near private drive,02-Thru lane,01-Clear,01-Daylight,MIDBLOCK,Saturday,September,1,QUEEN ST S,2,ROAD,MAJOR,9.0,13.0,PAVED,TwoWay,PAVED,3,50,NO ACCESS,N,1984.0,10.8599233005802
QUEEN ST S,01-Non intersection,02-Thru lane,01-Clear,01-Daylight,MIDBLOCK,Tuesday,February,0,QUEEN ST S,2,ROAD,MAJOR,12.0,20.0,PAVED,TwoWay,PAVED,3,50,NO ACCESS,Y,1858.0,200.927919671342
QUEEN ST S,01-Non intersection,02-Thru lane,01-Clear,01-Daylight,MIDBLOCK,Tuesday,February,0,QUEEN ST S,2,ROAD,MAJOR,9.0,13.0,PAVED,TwoWay,PAVED,3,50,NO ACCESS,N,1984.0,10.8599233005802
QUEEN ST S,01-Non intersection,02-Thru lane,01-Clear,01-Daylight,MIDBLOCK,Tuesday,September,0,QUEEN ST S,2,ROAD,MAJOR,12.0,20.0,PAVED,TwoWay,PAVED,3,50,NO ACCESS,Y,1858.0,200.927919671342
QUEEN ST S,01-Non intersection,02-Thru lane,01-Clear,01-Daylight,MIDBLOCK,Tuesday,September,0,QUEEN ST S,2,ROAD,MAJOR,9.0,13.0,PAVED,TwoWay,PAVED,3,50,NO ACCESS,N,1984.0,10.8599233005802
QUEEN ST S,01-Non intersection,02-Thru lane,01-Clear,01-Daylight,MIDBLOCK,Tuesday,November,0,QUEEN ST S,2,ROAD,MAJOR,12.0,20.0,PAVED,TwoWay,PAVED,3,50,NO ACCESS,Y,1858.0,200.927919671342
QUEEN ST S,01-Non intersection,02-Thru lane,01-Clear,01-Daylight,MIDBLOCK,Tuesday,November,0,QUEEN ST S,2,ROAD,MAJOR,9.0,13.0,PAVED,TwoWay,PAVED,3,50,NO ACCESS,N,1984.0,10.8599233005802
BANKSIDE DR,04-At/near private drive,02-Thru lane,01-Clear,"08-Dark, artificial",MIDBLOCK,Sunday,May,1,BANKSIDE DR,2,ROAD,MINOR,8.0,20.0,PAVED,TwoWay,PAVED,4,50,NO ACCESS,Y,2003.0,98.9998315744922
BANKSIDE DR,04-At/near private drive,02-Thru lane,01-Clear,"08-Dark, artificial",MIDBLOCK,Sunday,May,1,BANKSIDE DR,2,ROAD,MINOR,8.0,20.0,PAVED,TwoWay,PAVED,4,50,NO ACCESS,Y,1991.0,139.74883093169902
BANKSIDE DR,04-At/near private drive,02-Thru lane,01-Clear,"08-Dark, artificial",MIDBLOCK,Sunday,May,1,BANKSIDE DR,2,ROAD,MINOR,8.0,20.0,PAVED,TwoWay,PAVED,4,50,NO ACCESS,N,1991.0,147.936839914081
BANKSIDE DR,04-At/near private drive,02-Thru lane,01-Clear,"08-Dark, artificial",MIDBLOCK,Sunday,May,1,BANKSIDE DR,2,ROAD,MINOR,8.0,20.0,PAVED,TwoWay,PAVED,4,50,NO ACCESS,Y,1994.0,829.5714528444009
BANKSIDE DR,04-At/near private drive,02-Thru lane,01-Clear,"08-Dark, artificial",MIDBLOCK,Sunday,May,1,BANKSIDE DR,2,ROAD,MINOR,9.0,20.0,PAVED,TwoWay,PAVED,4,50,NO ACCESS,N,1991.0,439.709694603387
BANKSIDE DR,04-At/near private drive,02-Thru lane,01-Clear,"08-Dark, artificial",MIDBLOCK,Sunday,May,1,BANKSIDE DR,2,ROAD,MINOR,8.0,20.0,PAVED,TwoWay,PAVED,4,50,NO ACCESS,Y,1991.0,50.581690967985104
BANKSIDE DR,04-At/near private drive,02-Thru lane,01-Clear,01-Daylight,MIDBLOCK,Monday,July,0,BANKSIDE DR,2,ROAD,MINOR,8.0,20.0,PAVED,TwoWay,PAVED,4,50,NO ACCESS,Y,2003.0,98.9998315744922
BANKSIDE DR,04-At/near private drive,02-Thru lane,01-Clear,01-Daylight,MIDBLOCK,Monday,July,0,BANKSIDE DR,2,ROAD,MINOR,8.0,20.0,PAVED,TwoWay,PAVED,4,50,NO ACCESS,Y,1991.0,139.74883093169902
BANKSIDE DR,04-At/near private drive,02-Thru lane,01-Clear,01-Daylight,MIDBLOCK,Monday,July,0,BANKSIDE DR,2,ROAD,MINOR,8.0,20.0,PAVED,TwoWay,PAVED,4,50,NO ACCESS,N,1991.0,147.936839914081
BANKSIDE DR,04-At/near private drive,02-Thru lane,01-Clear,01-Daylight,MIDBLOCK,Monday,July,0,BANKSIDE DR,2,ROAD,MINOR,8.0,20.0,PAVED,TwoWay,PAVED,4,50,NO ACCESS,Y,1994.0,829.5714528444009
BANKSIDE DR,04-At/near private drive,02-Thru lane,01-Clear,01-Daylight,MIDBLOCK,Monday,July,0,BANKSIDE DR,2,ROAD,MINOR,9.0,20.0,PAVED,TwoWay,PAVED,4,50,NO ACCESS,N,1991.0,439.709694603387
BANKSIDE DR,04-At/near private drive,02-Thru lane,01-Clear,01-Daylight,MIDBLOCK,Monday,July,0,BANKSIDE DR,2,ROAD,MINOR,8.0,20.0,PAVED,TwoWay,PAVED,4,50,NO ACCESS,Y,1991.0,50.581690967985104
BANKSIDE DR,04-At/near private drive,02-Thru lane,01-Clear,01-Daylight,MIDBLOCK,Saturday,January,1,BANKSIDE DR,2,ROAD,MINOR,8.0,20.0,PAVED,TwoWay,PAVED,4,50,NO ACCESS,Y,2003.0,98.9998315744922
BANKSIDE DR,04-At/near private drive,02-Thru lane,01-Clear,01-Daylight,MIDBLOCK,Saturday,January,1,BANKSIDE DR,2,ROAD,MINOR,8.0,20.0,PAVED,TwoWay,PAVED,4,50,NO ACCESS,Y,1991.0,139.74883093169902
BANKSIDE DR,04-At/near private drive,02-Thru lane,01-Clear,01-Daylight,MIDBLOCK,Saturday,January,1,BANKSIDE DR,2,ROAD,MINOR,8.0,20.0,PAVED,TwoWay,PAVED,4,50,NO ACCESS,N,1991.0,147.936839914081
BANKSIDE DR,04-At/near private drive,02-Thru lane,01-Clear,01-Daylight,MIDBLOCK,Saturday,January,1,BANKSIDE DR,2,ROAD,MINOR,8.0,20.0,PAVED,TwoWay,PAVED,4,50,NO ACCESS,Y,1994.0,829.5714528444009
BANKSIDE DR,04-At/near private drive,02-Thru lane,01-Clear,01-Daylight,MIDBLOCK,Saturday,January,1,BANKSIDE DR,2,ROAD,MINOR,9.0,20.0,PAVED,TwoWay,PAVED,4,50,NO ACCESS,N,1991.0,439.709694603387
BANKSIDE DR,04-At/near private drive,02-Thru lane,01-Clear,01-Daylight,MIDBLOCK,Saturday,January,1,BANKSIDE DR,2,ROAD,MINOR,8.0,20.0,PAVED,TwoWay,PAVED,4,50,NO ACCESS,Y,1991.0,50.581690967985104
BANKSIDE DR,04-At/near private drive,02-Thru lane,01-Clear,01-Daylight,MIDBLOCK,Friday,March,0,BANKSIDE DR,2,ROAD,MINOR,8.0,20.0,PAVED,TwoWay,PAVED,4,50,NO ACCESS,Y,2003.0,98.9998315744922
BANKSIDE DR,04-At/near private drive,02-Thru lane,01-Clear,01-Daylight,MIDBLOCK,Friday,March,0,BANKSIDE DR,2,ROAD,MINOR,8.0,20.0,PAVED,TwoWay,PAVED,4,50,NO ACCESS,Y,1991.0,139.74883093169902
BANKSIDE DR,04-At/near private drive,02-Thru lane,01-Clear,01-Daylight,MIDBLOCK,Friday,March,0,BANKSIDE DR,2,ROAD,MINOR,8.0,20.0,PAVED,TwoWay,PAVED,4,50,NO ACCESS,N,1991.0,147.936839914081