LOCATION,ACCIDENT_LOCATION,IMPACT_LOCATION,ENVIRONMENT_CONDITION,LIGHT,COLLISION_TYPE,DAY_OF_WEEK,MONTH,IS_WEEKEND,STREET,LANES,CATEGORY,SUBCATEGORY,PAVEMENT_WIDTH,ROW_WIDTH,SHOULDER,FLOW_DIRECTION,SURFACE_LAYER_TYPE,OFFICIAL_ROAD_CLASSIFICATION,SPEED_LIMIT_KM,TRUCK_ACCESS,BUS_ROUTE,SERVICE_YEAR,Shape__Length
BANKSIDE DR,04-At/near private drive,02-Thru lane,01-Clear,01-Daylight,MIDBLOCK,Friday,March,0,BANKSIDE DR,2,ROAD,MINOR,8.0,20.0,PAVED,TwoWay,PAVED,4,50,NO ACCESS,Y,1994.0,829.5714528444009
BANKSIDE DR,04-At/near private drive,02-Thru lane,01-Clear,01-Daylight,MIDBLOCK,Friday,March,0,BANKSIDE DR,2,ROAD,MINOR,9.0,20.0,PAVED,TwoWay,PAVED,4,50,NO ACCESS,N,1991.0,439.709694603387
BANKSIDE DR,04-At/near private drive,02-Thru lane,01-Clear,01-Daylight,MIDBLOCK,Friday,March,0,BANKSIDE DR,2,ROAD,MINOR,8.0,20.0,PAVED,TwoWay,PAVED,4,50,NO ACCESS,Y,1991.0,50.581690967985104
BANKSIDE DR,04-At/near private drive,02-Thru lane,01-Clear,01-Daylight,MIDBLOCK,Monday,December,0,BANKSIDE DR,2,ROAD,MINOR,8.0,20.0,PAVED,TwoWay,PAVED,4,50,NO ACCESS,Y,2003.0,98.9998315744922
BANKSIDE DR,04-At/near private drive,02-Thru lane,01-Clear,01-Daylight,MIDBLOCK,Monday,December,0,BANKSIDE DR,2,ROAD,MINOR,8.0,20.0,PAVED,TwoWay,PAVED,4,50,NO ACCESS,Y,1991.0,139.74883093169902
BANKSIDE DR,04-At/near private drive,02-Thru lane,01-Clear,01-Daylight,MIDBLOCK,Monday,December,0,BANKSIDE DR,2,ROAD,MINOR,8.0,20.0,PAVED,TwoWay,PAVED,4,50,NO ACCESS,N,1991.0,147.936839914081
BANKSIDE DR,04-At/near private drive,02-Thru lane,01-Clear,01-Daylight,MIDBLOCK,Monday,December,0,BANKSIDE DR,2,ROAD,MINOR,8.0,20.0,PAVED,TwoWay,PAVED,4,50,NO ACCESS,Y,1994.0,829.5714528444009
BANKSIDE DR,04-At/near private drive,02-Thru lane,01-Clear,01-Daylight,MIDBLOCK,Monday,December,0,BANKSIDE DR,2,ROAD,MINOR,9.0,20.0,PAVED,TwoWay,PAVED,4,50,NO ACCESS,N,1991.0,439.709694603387
BANKSIDE DR,04-At/near private drive,02-Thru lane,01-Clear,01-Daylight,MIDBLOCK,Monday,December,0,BANKSIDE DR,2,ROAD,MINOR,8.0,20.0,PAVED,TwoWay,PAVED,4,50,NO ACCESS,Y,1991.0,50.581690967985104
BANKSIDE DR,04-At/near private drive,02-Thru lane,01-Clear,01-Daylight,MIDBLOCK,Saturday,July,1,BANKSIDE DR,2,ROAD,MINOR,8.0,20.0,PAVED,TwoWay,PAVED,4,50,NO ACCESS,Y,2003.0,98.9998315744922
BANKSIDE DR,04-At/near private drive,02-Thru lane,01-Clear,01-Daylight,MIDBLOCK,Saturday,July,1,BANKSIDE DR,2,ROAD,MINOR,8.0,20.0,PAVED,TwoWay,PAVED,4,50,NO ACCESS,Y,1991.0,139.74883093169902
BANKSIDE DR,04-At/near private drive,02-Thru lane,01-Clear,01-Daylight,MIDBLOCK,Saturday,July,1,BANKSIDE DR,2,ROAD,MINOR,8.0,20.0,PAVED,TwoWay,PAVED,4,50,NO ACCESS,N,1991.0,147.936839914081
BANKSIDE DR,04-At/near private drive,02-Thru lane,01-Clear,01-Daylight,MIDBLOCK,Saturday,July,1,BANKSIDE DR,2,ROAD,MINOR,8.0,20.0,PAVED,TwoWay,PAVED,4,50,NO ACCESS,Y,1994.0,829.5714528444009
BANKSIDE DR,04-At/near private drive,02-Thru lane,01-Clear,01-Daylight,MIDBLOCK,Saturday,July,1,BANKSIDE DR,2,ROAD,MINOR,9.0,20.0,PAVED,TwoWay,PAVED,4,50,NO ACCESS,N,1991.0,439.709694603387
BANKSIDE DR,04-At/near private drive,02-Thru lane,01-Clear,01-Daylight,MIDBLOCK,Saturday,July,1,BANKSIDE DR,2,ROAD,MINOR,8.0,20.0,PAVED,TwoWay,PAVED,4,50,NO ACCESS,Y,1991.0,50.581690967985104
BANKSIDE DR,01-Non intersection,02-Thru lane,99-Other,99-Other,MIDBLOCK,Thursday,March,0,BANKSIDE DR,2,ROAD,MINOR,8.0,20.0,PAVED,TwoWay,PAVED,4,50,NO ACCESS,Y,2003.0,98.9998315744922
BANKSIDE DR,01-Non intersection,02-Thru lane,99-Other,99-Other,MIDBLOCK,Thursday,March,0,BANKSIDE DR,2,ROAD,MINOR,8.0,20.0,PAVED,TwoWay,PAVED,4,50,NO ACCESS,Y,1991.0,139.74883093169902
BANKSIDE DR,01-Non intersection,02-Thru lane,99-Other,99-Other,MIDBLOCK,Thursday,March,0,BANKSIDE DR,2,ROAD,MINOR,8.0,20.0,PAVED,TwoWay,PAVED,4,50,NO ACCESS,N,1991.0,147.936839914081
BANKSIDE DR,01-Non intersection,02-Thru lane,99-Other,99-Other,MIDBLOCK,Thursday,March,0,BANKSIDE DR,2,ROAD,MINOR,8.0,20.0,PAVED,TwoWay,PAVED,4,50,NO ACCESS,Y,1994.0,829.5714528444009
BANKSIDE DR,01-Non intersection,02-Thru lane,99-Other,99-Other,MIDBLOCK,Thursday,March,0,BANKSIDE DR,2,ROAD,MINOR,9.0,20.0,PAVED,TwoWay,PAVED,4,50,NO ACCESS,N,1991.0,439.709694603387
BANKSIDE DR,01-Non intersection,02-Thru lane,99-Other,99-Other,MIDBLOCK,Thursday,March,0,BANKSIDE DR,2,ROAD,MINOR,8.0,20.0,PAVED,TwoWay,PAVED,4,50,NO ACCESS,Y,1991.0,50.581690967985104
BANKSIDE DR,04-At/near private drive,09-Right shoulder,01-Clear,05-Dusk,MIDBLOCK,Monday,March,0,BANKSIDE DR,2,ROAD,MINOR,8.0,20.0,PAVED,TwoWay,PAVED,4,50,NO ACCESS,Y,2003.0,98.9998315744922
BANKSIDE DR,04-At/near private drive,09-Right shoulder,01-Clear,05-Dusk,MIDBLOCK,Monday,March,0,BANKSIDE DR,2,ROAD,MINOR,8.0,20.0,PAVED,TwoWay,PAVED,4,50,NO ACCESS,Y,1991.0,139.74883093169902
BANKSIDE DR,04-At/near private drive,09-Right shoulder,01-Clear,05-Dusk,MIDBLOCK,Monday,March,0,BANKSIDE DR,2,ROAD,MINOR,8.0,20.0,PAVED,TwoWay,PAVED,4,50,NO ACCESS,N,1991.0,147.936839914081
BANKSIDE DR,04-At/near private drive,09-Right shoulder,01-Clear,05-Dusk,MIDBLOCK,Monday,March,0,BANKSIDE DR,2,ROAD,MINOR,8.0,20.0,PAVED,TwoWay,PAVED,4,50,NO ACCESS,Y,1994.0,829.5714528444009
BANKSIDE DR,04-At/near private drive,09-Right shoulder,01-Clear,05-Dusk,MIDBLOCK,Monday,March,0,BANKSIDE DR,2,ROAD,MINOR,9.0,20.0,PAVED,TwoWay,PAVED,4,50,NO ACCESS,N,1991.0,439.709694603387
BANKSIDE DR,04-At/near private drive,09-Right shoulder,01-Clear,05-Dusk,MIDBLOCK,Monday,March,0,BANKSIDE DR,2,ROAD,MINOR,8.0,20.0,PAVED,TwoWay,PAVED,4,50,NO ACCESS,Y,1991.0,50.581690967985104
BANKSIDE DR,04-At/near private drive,02-Thru lane,01-Clear,01-Daylight,MIDBLOCK,Thursday,April,0,BANKSIDE DR,2,ROAD,MINOR,8.0,20.0,PAVED,TwoWay,PAVED,4,50,NO ACCESS,Y,2003.0,98.9998315744922
BANKSIDE DR,04-At/near private drive,02-Thru lane,01-Clear,01-Daylight,MIDBLOCK,Thursday,April,0,BANKSIDE DR,2,ROAD,MINOR,8.0,20.0,PAVED,TwoWay,PAVED,4,50,NO ACCESS,Y,1991.0,139.74883093169902
BANKSIDE DR,04-At/near private drive,02-Thru lane,01-Clear,01-Daylight,MIDBLOCK,Thursday,April,0,BANKSIDE DR,2,ROAD,MINOR,8.0,20.0,PAVED,TwoWay,PAVED,4,50,NO ACCESS,N,1991.0,147.936839914081
BANKSIDE DR,04-At/near private drive,02-Thru lane,01-Clear,01-Daylight,MIDBLOCK,Thursday,April,0,BANKSIDE DR,2,ROAD,MINOR,8.0,20.0,PAVED,TwoWay,PAVED,4,50,NO ACCESS,Y,1994.0,829.5714528444009
BANKSIDE DR,04-At/near private drive,02-Thru lane,01-Clear,01-Daylight,MIDBLOCK,Thursday,April,0,BANKSIDE DR,2,ROAD,MINOR,9.0,20.0,PAVED,TwoWay,PAVED,4,50,NO ACCESS,N,1991.0,439.709694603387
BANKSIDE DR,04-At/near private drive,02-Thru lane,01-Clear,01-Daylight,MIDBLOCK,Thursday,April,0,BANKSIDE DR,2,ROAD,MINOR,8.0,20.0,PAVED,TwoWay,PAVED,4,50,NO ACCESS,Y,1991.0,50.581690967985104
BANKSIDE DR,01-Non intersection,02-Thru lane,01-Clear,01-Daylight,MIDBLOCK,Tuesday,November,0,BANKSIDE DR,2,ROAD,MINOR,8.0,20.0,PAVED,TwoWay,PAVED,4,50,NO ACCESS,Y,2003.0,98.9998315744922
BANKSIDE DR,01-Non intersection,02-Thru lane,01-Clear,01-Daylight,MIDBLOCK,Tuesday,November,0,BANKSIDE DR,2,ROAD,MINOR,8.0,20.0,PAVED,TwoWay,PAVED,4,50,NO ACCESS,Y,1991.0,139.74883093169902
BANKSIDE DR,01-Non intersection,02-Thru lane,01-Clear,01-Daylight,MIDBLOCK,Tuesday,November,0,BANKSIDE DR,2,ROAD,MINOR,8.0,20.0,PAVED,TwoWay,PAVED,4,50,NO ACCESS,N,1991.0,147.936839914081
BANKSIDE DR,01-Non intersection,02-Thru lane,01-Clear,01-Daylight,MIDBLOCK,Tuesday,November,0,BANKSIDE DR,2,ROAD,MINOR,8.0,20.0,PAVED,TwoWay,PAVED,4,50,NO ACCESS,Y,1994.0,829.5714528444009
BANKSIDE DR,01-Non intersection,02-Thru lane,01-Clear,01-Daylight,MIDBLOCK,Tuesday,November,0,BANKSIDE DR,2,ROAD,MINOR,9.0,20.0,PAVED,TwoWay,PAVED,4,50,NO ACCESS,N,1991.0,439.709694603387
BANKSIDE DR,01-Non intersection,02-Thru lane,01-Clear,01-Daylight,MIDBLOCK,Tuesday,November,0,BANKSIDE DR,2,ROAD,MINOR,8.0,20.0,PAVED,TwoWay,PAVED,4,50,NO ACCESS,Y,1991.0,50.581690967985104
BANKSIDE DR,01-Non intersection,11-Not on roadway - right side,01-Clear,01-Daylight,MIDBLOCK,Thursday,May,0,BANKSIDE DR,2,ROAD,MINOR,8.0,20.0,PAVED,TwoWay,PAVED,4,50,NO ACCESS,Y,2003.0,98.9998315744922
BANKSIDE DR,01-Non intersection,11-Not on roadway - right side,01-Clear,01-Daylight,MIDBLOCK,Thursday,May,0,BANKSIDE DR,2,ROAD,MINOR,8.0,20.0,PAVED,TwoWay,PAVED,4,50,NO ACCESS,Y,1991.0,139.74883093169902
BANKSIDE DR,01-Non intersection,11-Not on roadway - right side,01-Clear,01-Daylight,MIDBLOCK,Thursday,May,0,BANKSIDE DR,2,ROAD,MINOR,8.0,20.0,PAVED,TwoWay,PAVED,4,50,NO ACCESS,N,1991.0,147.936839914081
BANKSIDE DR,01-Non intersection,11-Not on roadway - right side,01-Clear,01-Daylight,MIDBLOCK,Thursday,May,0,BANKSIDE DR,2,ROAD,MINOR,8.0,20.0,PAVED,TwoWay,PAVED,4,50,NO ACCESS,Y,1994.0,829.5714528444009
BANKSIDE DR,01-Non intersection,11-Not on roadway - right side,01-Clear,01-Daylight,MIDBLOCK,Thursday,May,0,BANKSIDE DR,2,ROAD,MINOR,9.0,20.0,PAVED,TwoWay,PAVED,4,50,NO ACCESS,N,1991.0,439.709694603387
BANKSIDE DR,01-Non intersection,11-Not on roadway - right side,01-Clear,01-Daylight,MIDBLOCK,Thursday,May,0,BANKSIDE DR,2,ROAD,MINOR,8.0,20.0,PAVED,TwoWay,PAVED,4,50,NO ACCESS,Y,1991.0,50.581690967985104
BANKSIDE DR,04-At/near private drive,09-Right shoulder,01-Clear,"06-Dusk, artificial",MIDBLOCK,Thursday,June,0,BANKSIDE DR,2,ROAD,MINOR,8.0,20.0,PAVED,TwoWay,PAVED,4,50,NO ACCESS,Y,2003.0,98.9998315744922
BANKSIDE DR,04-At/near private drive,09-Right shoulder,01-Clear,"06-Dusk, artificial",MIDBLOCK,Thursday,June,0,BANKSIDE DR,2,ROAD,MINOR,8.0,20.0,PAVED,TwoWay,PAVED,4,50,NO ACCESS,Y,1991.0,139.74883093169902
BANKSIDE DR,04-At/near private drive,09-Right shoulder,01-Clear,"06-Dusk, artificial",MIDBLOCK,Thursday,June,0,BANKSIDE DR,2,ROAD,MINOR,8.0,20.0,PAVED,TwoWay,PAVED,4,50,NO ACCESS,N,1991.0,147.936839914081
BANKSIDE DR,04-At/near private drive,09-Right shoulder,01-Clear,"06-Dusk, artificial",MIDBLOCK,Thursday,June,0,BANKSIDE DR,2,ROAD,MINOR,8.0,20.0,PAVED,TwoWay,PAVED,4,50,NO ACCESS,Y,1994.0,829.5714528444009
BANKSIDE DR,04-At/near private drive,09-Right shoulder,01-Clear,"06-Dusk, artificial",MIDBLOCK,Thursday,June,0,BANKSIDE DR,2,ROAD,MINOR,9.0,20.0,PAVED,TwoWay,PAVED,4,50,NO ACCESS,N,1991.0,439.709694603387
BANKSIDE DR,04-At/near private drive,09-Right shoulder,01-Clear,"06-Dusk, artificial",MIDBLOCK,Thursday,June,0,BANKSIDE DR,2,ROAD,MINOR,8.0,20.0,PAVED,TwoWay,PAVED,4,50,NO ACCESS,Y,1991.0,50.581690967985104
BANKSIDE DR,01-Non intersection,09-Right shoulder,01-Clear,01-Daylight,MIDBLOCK,Friday,June,0,BANKSIDE DR,2,ROAD,MINOR,8.0,20.0,PAVED,TwoWay,PAVED,4,50,NO ACCESS,Y,2003.0,98.9998315744922
BANKSIDE DR,01-Non intersection,09-Right shoulder,01-Clear,01-Daylight,MIDBLOCK,Friday,June,0,BANKSIDE DR,2,ROAD,MINOR,8.0,20.0,PAVED,TwoWay,PAVED,4,50,NO ACCESS,Y,1991.0,139.74883093169902
BANKSIDE DR,01-Non intersection,09-Right shoulder,01-Clear,01-Daylight,MIDBLOCK,Friday,June,0,BANKSIDE DR,2,ROAD,MINOR,8.0,20.0,PAVED,TwoWay,PAVED,4,50,NO ACCESS,N,1991.0,147.936839914081
BANKSIDE DR,01-Non intersection,09-Right shoulder,01-Clear,01-Daylight,MIDBLOCK,Friday,June,0,BANKSIDE DR,2,ROAD,MINOR,8.0,20.0,PAVED,TwoWay,PAVED,4,50,NO ACCESS,Y,1994.0,829.5714528444009
BANKSIDE DR,01-Non intersection,09-Right shoulder,01-Clear,01-Daylight,MIDBLOCK,Friday,June,0,BANKSIDE DR,2,ROAD,MINOR,9.0,20.0,PAVED,TwoWay,PAVED,4,50,NO ACCESS,N,1991.0,439.709694603387
BANKSIDE DR,01-Non intersection,09-Right shoulder,01-Clear,01-Daylight,MIDBLOCK,Friday,June,0,BANKSIDE DR,2,ROAD,MINOR,8.0,20.0,PAVED,TwoWay,PAVED,4,50,NO ACCESS,Y,1991.0,50.581690967985104
BANKSIDE DR,04-At/near private drive,02-Thru lane,01-Clear,01-Daylight,MIDBLOCK,Wednesday,June,0,BANKSIDE DR,2,ROAD,MINOR,8.0,20.0,PAVED,TwoWay,PAVED,4,50,NO ACCESS,Y,2003.0,98.9998315744922
BANKSIDE DR,04-At/near private drive,02-Thru lane,01-Clear,01-Daylight,MIDBLOCK,Wednesday,June,0,BANKSIDE DR,2,ROAD,MINOR,8.0,20.0,PAVED,TwoWay,PAVED,4,50,NO ACCESS,Y,1991.0,139.74883093169902
BANKSIDE DR,04-At/near private drive,02-Thru lane,01-Clear,01-Daylight,MIDBLOCK,Wednesday,June,0,BANKSIDE DR,2,ROAD,MINOR,8.0,20.0,PAVED,TwoWay,PAVED,4,50,NO ACCESS,N,1991.0,147.936839914081
BANKSIDE DR,04-At/near private drive,02-Thru lane,01-Clear,01-Daylight,MIDBLOCK,Wednesday,June,0,BANKSIDE DR,2,ROAD,MINOR,8.0,20.0,PAVED,TwoWay,PAVED,4,50,NO ACCESS,Y,1994.0,829.5714528444009
BANKSIDE DR,04-At/near private drive,02-Thru lane,01-Clear,01-Daylight,MIDBLOCK,Wednesday,June,0,BANKSIDE DR,2,ROAD,MINOR,9.0,20.0,PAVED,TwoWay,PAVED,4,50,NO ACCESS,N,1991.0,439.709694603387
BANKSIDE DR,04-At/near private drive,02-Thru lane,01-Clear,01-Daylight,MIDBLOCK,Wednesday,June,0,BANKSIDE DR,2,ROAD,MINOR,8.0,20.0,PAVED,TwoWay,PAVED,4,50,NO ACCESS,Y,1991.0,50.581690967985104
BANKSIDE DR,01-Non intersection,02-Thru lane,01-Clear,01-Daylight,MIDBLOCK,Saturday,November,1,BANKSIDE DR,2,ROAD,MINOR,8.0,20.0,PAVED,TwoWay,PAVED,4,50,NO ACCESS,Y,2003.0,98.9998315744922
BANKSIDE DR,01-Non intersection,02-Thru lane,01-Clear,01-Daylight,MIDBLOCK,Saturday,November,1,BANKSIDE DR,2,ROAD,MINOR,8.0,20.0,PAVED,TwoWay,PAVED,4,50,NO ACCESS,Y,1991.0,139.74883093169902
BANKSIDE DR,01-Non intersection,02-Thru lane,01-Clear,01-Daylight,MIDBLOCK,Saturday,November,1,BANKSIDE DR,2,ROAD,MINOR,8.0,20.0,PAVED,TwoWay,PAVED,4,50,NO ACCESS,N,1991.0,147.936839914081
BANKSIDE DR,01-Non intersection,02-Thru lane,01-Clear,01-Daylight,MIDBLOCK,Saturday,November,1,BANKSIDE DR,2,ROAD,MINOR,8.0,20.0,PAVED,TwoWay,PAVED,4,50,NO ACCESS,Y,1994.0,829.5714528444009
BANKSIDE DR,01-Non intersection,02-Thru lane,01-Clear,01-Daylight,MIDBLOCK,Saturday,November,1,BANKSIDE DR,2,ROAD,MINOR,9.0,20.0,PAVED,TwoWay,PAVED,4,50,NO ACCESS,N,1991.0,439.709694603387
BANKSIDE DR,01-Non intersection,02-Thru lane,01-Clear,01-Daylight,MIDBLOCK,Saturday,November,1,BANKSIDE DR,2,ROAD,MINOR,8.0,20.0,PAVED,TwoWay,PAVED,4,50,NO ACCESS,Y,1991.0,50.581690967985104
BANKSIDE DR,04-At/near private drive,02-Thru lane,01-Clear,05-Dusk,MIDBLOCK,Tuesday,May,0,BANKSIDE DR,2,ROAD,MINOR,8.0,20.0,PAVED,TwoWay,PAVED,4,50,NO ACCESS,Y,2003.0,98.9998315744922
BANKSIDE DR,04-At/near private drive,02-Thru lane,01-Clear,05-Dusk,MIDBLOCK,Tuesday,May,0,BANKSIDE DR,2,ROAD,MINOR,8.0,20.0,PAVED,TwoWay,PAVED,4,50,NO ACCESS,Y,1991.0,139.74883093169902
BANKSIDE DR,04-At/near private drive,02-Thru lane,01-Clear,05-Dusk,MIDBLOCK,Tuesday,May,0,BANKSIDE DR,2,ROAD,MINOR,8.0,20.0,PAVED,TwoWay,PAVED,4,50,NO ACCESS,N,1991.0,147.936839914081
BANKSIDE DR,04-At/near private drive,02-Thru lane,01-Clear,05-Dusk,MIDBLOCK,Tuesday,May,0,BANKSIDE DR,2,ROAD,MINOR,8.0,20.0,PAVED,TwoWay,PAVED,4,50,NO ACCESS,Y,1994.0,829.5714528444009
BANKSIDE DR,04-At/near private drive,02-Thru lane,01-Clear,05-Dusk,MIDBLOCK,Tuesday,May,0,BANKSIDE DR,2,ROAD,MINOR,9.0,20.0,PAVED,TwoWay,PAVED,4,50,NO ACCESS,N,1991.0,439.709694603387
BANKSIDE DR,04-At/near private drive,02-Thru lane,01-Clear,05-Dusk,MIDBLOCK,Tuesday,May,0,BANKSIDE DR,2,ROAD,MINOR,8.0,20.0,PAVED,TwoWay,PAVED,4,50,NO ACCESS,Y,1991.0,50.581690967985104
BANKSIDE DR,04-At/near private drive,02-Thru lane,01-Clear,01-Daylight,MIDBLOCK,Saturday,May,1,BANKSIDE DR,2,ROAD,MINOR,8.0,20.0,PAVED,TwoWay,PAVED,4,50,NO ACCESS,Y,2003.0,98.9998315744922
BANKSIDE DR,04-At/near private drive,02-Thru lane,01-Clear,01-Daylight,MIDBLOCK,Saturday,May,1,BANKSIDE DR,2,ROAD,MINOR,8.0,20.0,PAVED,TwoWay,PAVED,4,50,NO ACCESS,Y,1991.0,139.74883093169902
BANKSIDE DR,04-At/near private drive,02-Thru lane,01-Clear,01-Daylight,MIDBLOCK,Saturday,May,1,BANKSIDE DR,2,ROAD,MINOR,8.0,20.0,PAVED,TwoWay,PAVED,4,50,NO ACCESS,N,1991.0,147.936839914081
BANKSIDE DR,04-At/near private drive,02-Thru lane,01-Clear,01-Daylight,MIDBLOCK,Saturday,May,1,BANKSIDE DR,2,ROAD,MINOR,8.0,20.0,PAVED,TwoWay,PAVED,4,50,NO ACCESS,Y,1994.0,829.5714528444009
BANKSIDE DR,04-At/near private drive,02-Thru lane,01-Clear,01-Daylight,MIDBLOCK,Saturday,May,1,BANKSIDE DR,2,ROAD,MINOR,9.0,20.0,PAVED,TwoWay,PAVED,4,50,NO ACCESS,N,1991.0,439.709694603387
BANKSIDE DR,04-At/near private drive,02-Thru lane,01-Clear,01-Daylight,MIDBLOCK,Saturday,May,1,BANKSIDE DR,2,ROAD,MINOR,8.0,20.0,PAVED,TwoWay,PAVED,4,50,NO ACCESS,Y,1991.0,50.581690967985104
BANKSIDE DR,01-Non intersection,02-Thru lane,01-Clear,"08-Dark, artificial",MIDBLOCK,Wednesday,June,0,BANKSIDE DR,2,ROAD,MINOR,8.0,20.0,PAVED,TwoWay,PAVED,4,50,NO ACCESS,Y,2003.0,98.9998315744922
BANKSIDE DR,01-Non intersection,02-Thru lane,01-Clear,"08-Dark, artificial",MIDBLOCK,Wednesday,June,0,BANKSIDE DR,2,ROAD,MINOR,8.0,20.0,PAVED,TwoWay,PAVED,4,50,NO ACCESS,Y,1991.0,139.74883093169902
BANKSIDE DR,01-Non intersection,02-Thru lane,01-Clear,"08-Dark, artificial",MIDBLOCK,Wednesday,June,0,BANKSIDE DR,2,ROAD,MINOR,8.0,20.0,PAVED,TwoWay,PAVED,4,50,NO ACCESS,N,1991.0,147.936839914081
BANKSIDE DR,01-Non intersection,02-Thru lane,01-Clear,"08-Dark, artificial",MIDBLOCK,Wednesday,June,0,BANKSIDE DR,2,ROAD,MINOR,8.0,20.0,PAVED,TwoWay,PAVED,4,50,NO ACCESS,Y,1994.0,829.5714528444009
BANKSIDE DR,01-Non intersection,02-Thru lane,01-Clear,"08-Dark, artificial",MIDBLOCK,Wednesday,June,0,BANKSIDE DR,2,ROAD,MINOR,9.0,20.0,PAVED,TwoWay,PAVED,4,50,NO ACCESS,N,1991.0,439.709694603387
BANKSIDE DR,01-Non intersection,02-Thru lane,01-Clear,"08-Dark, artificial",MIDBLOCK,Wednesday,June,0,BANKSIDE DR,2,ROAD,MINOR,8.0,20.0,PAVED,TwoWay,PAVED,4,50,NO ACCESS,Y,1991.0,50.581690967985104
BANKSIDE DR,04-At/near private drive,02-Thru lane,01-Clear,07-Dark,MIDBLOCK,Monday,September,0,BANKSIDE DR,2,ROAD,MINOR,8.0,20.0,PAVED,TwoWay,PAVED,4,50,NO ACCESS,Y,2003.0,98.9998315744922
BANKSIDE DR,04-At/near private drive,02-Thru lane,01-Clear,07-Dark,MIDBLOCK,Monday,September,0,BANKSIDE DR,2,ROAD,MINOR,8.0,20.0,PAVED,TwoWay,PAVED,4,50,NO ACCESS,Y,1991.0,139.74883093169902
BANKSIDE DR,04-At/near private drive,02-Thru lane,01-Clear,07-Dark,MIDBLOCK,Monday,September,0,BANKSIDE DR,2,ROAD,MINOR,8.0,20.0,PAVED,TwoWay,PAVED,4,50,NO ACCESS,N,1991.0,147.936839914081
BANKSIDE DR,04-At/near private drive,02-Thru lane,01-Clear,07-Dark,MIDBLOCK,Monday,September,0,BANKSIDE DR,2,ROAD,MINOR,8.0,20.0,PAVED,TwoWay,PAVED,4,50,NO ACCESS,Y,1994.0,829.5714528444009
BANKSIDE DR,04-At/near private drive,02-Thru lane,01-Clear,07-Dark,MIDBLOCK,Monday,September,0,BANKSIDE DR,2,ROAD,MINOR,9.0,20.0,PAVED,TwoWay,PAVED,4,50,NO ACCESS,N,1991.0,439.709694603387
BANKSIDE DR,04-At/near private drive,02-Thru lane,01-Clear,07-Dark,MIDBLOCK,Monday,September,0,BANKSIDE DR,2,ROAD,MINOR,8.0,20.0,PAVED,TwoWay,PAVED,4,50,NO ACCESS,Y,1991.0,50.581690967985104
BANKSIDE DR,04-At/near private drive,09-Right shoulder,01-Clear,07-Dark,MIDBLOCK,Sunday,June,1,BANKSIDE DR,2,ROAD,MINOR,8.0,20.0,PAVED,TwoWay,PAVED,4,50,NO ACCESS,Y,2003.0,98.9998315744922
BANKSIDE DR,04-At/near private drive,09-Right shoulder,01-Clear,07-Dark,MIDBLOCK,Sunday,June,1,BANKSIDE DR,2,ROAD,MINOR,8.0,20.0,PAVED,TwoWay,PAVED,4,50,NO ACCESS,Y,1991.0,139.74883093169902
BANKSIDE DR,04-At/near private drive,09-Right shoulder,01-Clear,07-Dark,MIDBLOCK,Sunday,June,1,BANKSIDE DR,2,ROAD,MINOR,8.0,20.0,PAVED,TwoWay,PAVED,4,50,NO ACCESS,N,1991.0,147.936839914081
BANKSIDE DR,04-At/near private drive,09-Right shoulder,01-Clear,07-Dark,MIDBLOCK,Sunday,June,1,BANKSIDE DR,2,ROAD,MINOR,8.0,20.0,PAVED,TwoWay,PAVED,4,50,NO ACCESS,Y,1994.0,829.5714528444009
BANKSIDE DR,04-At/near private drive,09-Right shoulder,01-Clear,07-Dark,MIDBLOCK,Sunday,June,1,BANKSIDE DR,2,ROAD,MINOR,9.0,20.0,PAVED,TwoWay,PAVED,4,50,NO ACCESS,N,1991.0,439.709694603387
BANKSIDE DR,04-At/near private drive,09-Right shoulder,01-Clear,07-Dark,MIDBLOCK,Sunday,June,1,BANKSIDE DR,2,ROAD,MINOR,8.0,20.0,PAVED,TwoWay,PAVED,4,50,NO ACCESS,Y,1991.0,50.581690967985104
BANKSIDE DR,04-At/near private drive,09-Right shoulder,01-Clear,01-Daylight,MIDBLOCK,Saturday,May,1,BANKSIDE DR,2,ROAD,MINOR,8.0,20.0,PAVED,TwoWay,PAVED,4,50,NO ACCESS,Y,2003.0,98.9998315744922
BANKSIDE DR,04-At/near private drive,09-Right shoulder,01-Clear,01-Daylight,MIDBLOCK,Saturday,May,1,BANKSIDE DR,2,ROAD,MINOR,8.0,20.0,PAVED,TwoWay,PAVED,4,50,NO ACCESS,Y,1991.0,139.74883093169902
BANKSIDE DR,04-At/near private drive,09-Right shoulder,01-Clear,01-Daylight,MIDBLOCK,Saturday,May,1,BANKSIDE DR,2,ROAD,MINOR,8.0,20.0,PAVED,TwoWay,PAVED,4,50,NO ACCESS,N,1991.0,147.936839914081
BANKSIDE DR,04-At/near private drive,09-Right shoulder,01-Clear,01-Daylight,MIDBLOCK,Saturday,May,1,BANKSIDE DR,2,ROAD,MINOR,8.0,20.0,PAVED,TwoWay,PAVED,4,50,NO ACCESS,Y,1994.0,829.5714528444009
BANKSIDE DR,04-At/near private drive,09-Right shoulder,01-Clear,01-Daylight,MIDBLOCK,Saturday,May,1,BANKSIDE DR,2,ROAD,MINOR,9.0,20.0,PAVED,TwoWay,PAVED,4,50,NO ACCESS,N,1991.0,439.709694603387
BANKSIDE DR,04-At/near private drive,09-Right shoulder,01-Clear,01-Daylight,MIDBLOCK,Saturday,May,1,BANKSIDE DR,2,ROAD,MINOR,8.0,20.0,PAVED,TwoWay,PAVED,4,50,NO ACCESS,Y,1991.0,50.581690967985104
BANKSIDE DR,04-At/near private drive,02-Thru lane,01-Clear,01-Daylight,MIDBLOCK,Saturday,March,1,BANKSIDE DR,2,ROAD,MINOR,8.0,20.0,PAVED,TwoWay,PAVED,4,50,NO ACCESS,Y,2003.0,98.9998315744922