LOCATION,ACCIDENT_LOCATION,IMPACT_LOCATION,ENVIRONMENT_CONDITION,LIGHT,COLLISION_TYPE,DAY_OF_WEEK,MONTH,IS_WEEKEND,STREET,LANES,CATEGORY,SUBCATEGORY,PAVEMENT_WIDTH,ROW_WIDTH,SHOULDER,FLOW_DIRECTION,SURFACE_LAYER_TYPE,OFFICIAL_ROAD_CLASSIFICATION,SPEED_LIMIT_KM,TRUCK_ACCESS,BUS_ROUTE,SERVICE_YEAR,Shape__Length
WREN CRES,01-Non intersection,10-Not on roadway - left side,01-Clear,01-Daylight,MIDBLOCK,Saturday,May,1,WREN CRES,2,ROAD,LOCAL,9.0,20.0,PAVED,TwoWay,PAVED,6,50,NO ACCESS,N,1966.0,211.252172326515
WREN CRES,04-At/near private drive,02-Thru lane,01-Clear,01-Daylight,MIDBLOCK,Sunday,May,1,WREN CRES,2,ROAD,LOCAL,9.0,20.0,PAVED,TwoWay,PAVED,6,50,NO ACCESS,N,1966.0,211.252172326515
WREN CRES,04-At/near private drive,02-Thru lane,01-Clear,01-Daylight,MIDBLOCK,Monday,April,0,WREN CRES,2,ROAD,LOCAL,9.0,20.0,PAVED,TwoWay,PAVED,6,50,NO ACCESS,N,1966.0,211.252172326515
RUTHERFORD DR,04-At/near private drive,02-Thru lane,01-Clear,"08-Dark, artificial",MIDBLOCK,Saturday,May,1,RUTHERFORD DR,2,ROAD,LOCAL,9.0,20.0,PAVED,TwoWay,PAVED,6,50,NO ACCESS,N,1952.0,313.529315166741
RUTHERFORD DR,04-At/near private drive,02-Thru lane,01-Clear,"08-Dark, artificial",MIDBLOCK,Saturday,May,1,RUTHERFORD DR,1,BULB,LOCAL,12.0,37.0,PAVED,FromTo,PAVED,6,50,NO ACCESS,N,1952.0,74.22684046711309
RUTHERFORD DR,04-At/near private drive,02-Thru lane,01-Clear,"08-Dark, artificial",MIDBLOCK,Saturday,May,1,RUTHERFORD DR,2,ROAD,LOCAL,12.0,20.0,PAVED,TwoWay,PAVED,6,50,NO ACCESS,N,1952.0,143.187384541136
RUTHERFORD DR,04-At/near private drive,02-Thru lane,01-Clear,07-Dark,MIDBLOCK,Thursday,December,0,RUTHERFORD DR,2,ROAD,LOCAL,9.0,20.0,PAVED,TwoWay,PAVED,6,50,NO ACCESS,N,1952.0,313.529315166741
RUTHERFORD DR,04-At/near private drive,02-Thru lane,01-Clear,07-Dark,MIDBLOCK,Thursday,December,0,RUTHERFORD DR,1,BULB,LOCAL,12.0,37.0,PAVED,FromTo,PAVED,6,50,NO ACCESS,N,1952.0,74.22684046711309
RUTHERFORD DR,04-At/near private drive,02-Thru lane,01-Clear,07-Dark,MIDBLOCK,Thursday,December,0,RUTHERFORD DR,2,ROAD,LOCAL,12.0,20.0,PAVED,TwoWay,PAVED,6,50,NO ACCESS,N,1952.0,143.187384541136
RUTHERFORD DR,04-At/near private drive,11-Not on roadway - right side,01-Clear,01-Daylight,MIDBLOCK,Tuesday,June,0,RUTHERFORD DR,2,ROAD,LOCAL,9.0,20.0,PAVED,TwoWay,PAVED,6,50,NO ACCESS,N,1952.0,313.529315166741
RUTHERFORD DR,04-At/near private drive,11-Not on roadway - right side,01-Clear,01-Daylight,MIDBLOCK,Tuesday,June,0,RUTHERFORD DR,1,BULB,LOCAL,12.0,37.0,PAVED,FromTo,PAVED,6,50,NO ACCESS,N,1952.0,74.22684046711309
RUTHERFORD DR,04-At/near private drive,11-Not on roadway - right side,01-Clear,01-Daylight,MIDBLOCK,Tuesday,June,0,RUTHERFORD DR,2,ROAD,LOCAL,12.0,20.0,PAVED,TwoWay,PAVED,6,50,NO ACCESS,N,1952.0,143.187384541136
RUTHERFORD DR,04-At/near private drive,02-Thru lane,01-Clear,07-Dark,MIDBLOCK,Sunday,March,1,RUTHERFORD DR,2,ROAD,LOCAL,9.0,20.0,PAVED,TwoWay,PAVED,6,50,NO ACCESS,N,1952.0,313.529315166741
RUTHERFORD DR,04-At/near private drive,02-Thru lane,01-Clear,07-Dark,MIDBLOCK,Sunday,March,1,RUTHERFORD DR,1,BULB,LOCAL,12.0,37.0,PAVED,FromTo,PAVED,6,50,NO ACCESS,N,1952.0,74.22684046711309
RUTHERFORD DR,04-At/near private drive,02-Thru lane,01-Clear,07-Dark,MIDBLOCK,Sunday,March,1,RUTHERFORD DR,2,ROAD,LOCAL,12.0,20.0,PAVED,TwoWay,PAVED,6,50,NO ACCESS,N,1952.0,143.187384541136
HOWE DR,99-Other,12-Off highway,01-Clear,"08-Dark, artificial",MIDBLOCK,Friday,January,0,HOWE DR,2,ROAD,LOCAL,10.0,22.0,PAVED,TwoWay,PAVED,6,50,NO ACCESS,N,2007.0,56.37526756324571
HOWE DR,99-Other,12-Off highway,01-Clear,"08-Dark, artificial",MIDBLOCK,Friday,January,0,HOWE DR,1,BULB,LOCAL,10.0,20.0,PAVED,FromTo,PAVED,6,50,NO ACCESS,N,1993.0,75.8299886656587
HOWE DR,99-Other,12-Off highway,01-Clear,"08-Dark, artificial",MIDBLOCK,Friday,January,0,HOWE DR,2,ROAD,LOCAL,10.0,22.0,PAVED,TwoWay,PAVED,6,50,NO ACCESS,N,1954.0,309.479339595336
HOWE DR,04-At/near private drive,02-Thru lane,01-Clear,01-Daylight,MIDBLOCK,Monday,September,0,HOWE DR,2,ROAD,LOCAL,10.0,22.0,PAVED,TwoWay,PAVED,6,50,NO ACCESS,N,2007.0,56.37526756324571
HOWE DR,04-At/near private drive,02-Thru lane,01-Clear,01-Daylight,MIDBLOCK,Monday,September,0,HOWE DR,1,BULB,LOCAL,10.0,20.0,PAVED,FromTo,PAVED,6,50,NO ACCESS,N,1993.0,75.8299886656587
HOWE DR,04-At/near private drive,02-Thru lane,01-Clear,01-Daylight,MIDBLOCK,Monday,September,0,HOWE DR,2,ROAD,LOCAL,10.0,22.0,PAVED,TwoWay,PAVED,6,50,NO ACCESS,N,1954.0,309.479339595336
HOWE DR,04-At/near private drive,02-Thru lane,01-Clear,"08-Dark, artificial",MIDBLOCK,Thursday,February,0,HOWE DR,2,ROAD,LOCAL,10.0,22.0,PAVED,TwoWay,PAVED,6,50,NO ACCESS,N,2007.0,56.37526756324571
HOWE DR,04-At/near private drive,02-Thru lane,01-Clear,"08-Dark, artificial",MIDBLOCK,Thursday,February,0,HOWE DR,1,BULB,LOCAL,10.0,20.0,PAVED,FromTo,PAVED,6,50,NO ACCESS,N,1993.0,75.8299886656587
HOWE DR,04-At/near private drive,02-Thru lane,01-Clear,"08-Dark, artificial",MIDBLOCK,Thursday,February,0,HOWE DR,2,ROAD,LOCAL,10.0,22.0,PAVED,TwoWay,PAVED,6,50,NO ACCESS,N,1954.0,309.479339595336
HOWE DR,01-Non intersection,02-Thru lane,03-Snow,"08-Dark, artificial",MIDBLOCK,Friday,February,0,HOWE DR,2,ROAD,LOCAL,10.0,22.0,PAVED,TwoWay,PAVED,6,50,NO ACCESS,N,2007.0,56.37526756324571
HOWE DR,01-Non intersection,02-Thru lane,03-Snow,"08-Dark, artificial",MIDBLOCK,Friday,February,0,HOWE DR,1,BULB,LOCAL,10.0,20.0,PAVED,FromTo,PAVED,6,50,NO ACCESS,N,1993.0,75.8299886656587
HOWE DR,01-Non intersection,02-Thru lane,03-Snow,"08-Dark, artificial",MIDBLOCK,Friday,February,0,HOWE DR,2,ROAD,LOCAL,10.0,22.0,PAVED,TwoWay,PAVED,6,50,NO ACCESS,N,1954.0,309.479339595336
HOWE DR,04-At/near private drive,09-Right shoulder,01-Clear,"08-Dark, artificial",MIDBLOCK,Tuesday,October,0,HOWE DR,2,ROAD,LOCAL,10.0,22.0,PAVED,TwoWay,PAVED,6,50,NO ACCESS,N,2007.0,56.37526756324571
HOWE DR,04-At/near private drive,09-Right shoulder,01-Clear,"08-Dark, artificial",MIDBLOCK,Tuesday,October,0,HOWE DR,1,BULB,LOCAL,10.0,20.0,PAVED,FromTo,PAVED,6,50,NO ACCESS,N,1993.0,75.8299886656587
HOWE DR,04-At/near private drive,09-Right shoulder,01-Clear,"08-Dark, artificial",MIDBLOCK,Tuesday,October,0,HOWE DR,2,ROAD,LOCAL,10.0,22.0,PAVED,TwoWay,PAVED,6,50,NO ACCESS,N,1954.0,309.479339595336
HOWE DR,04-At/near private drive,02-Thru lane,03-Snow,"08-Dark, artificial",MIDBLOCK,Tuesday,February,0,HOWE DR,2,ROAD,LOCAL,10.0,22.0,PAVED,TwoWay,PAVED,6,50,NO ACCESS,N,2007.0,56.37526756324571
HOWE DR,04-At/near private drive,02-Thru lane,03-Snow,"08-Dark, artificial",MIDBLOCK,Tuesday,February,0,HOWE DR,1,BULB,LOCAL,10.0,20.0,PAVED,FromTo,PAVED,6,50,NO ACCESS,N,1993.0,75.8299886656587
HOWE DR,04-At/near private drive,02-Thru lane,03-Snow,"08-Dark, artificial",MIDBLOCK,Tuesday,February,0,HOWE DR,2,ROAD,LOCAL,10.0,22.0,PAVED,TwoWay,PAVED,6,50,NO ACCESS,N,1954.0,309.479339595336
HOWE DR,04-At/near private drive,02-Thru lane,01-Clear,"08-Dark, artificial",MIDBLOCK,Saturday,March,1,HOWE DR,2,ROAD,LOCAL,10.0,22.0,PAVED,TwoWay,PAVED,6,50,NO ACCESS,N,2007.0,56.37526756324571
HOWE DR,04-At/near private drive,02-Thru lane,01-Clear,"08-Dark, artificial",MIDBLOCK,Saturday,March,1,HOWE DR,1,BULB,LOCAL,10.0,20.0,PAVED,FromTo,PAVED,6,50,NO ACCESS,N,1993.0,75.8299886656587
HOWE DR,04-At/near private drive,02-Thru lane,01-Clear,"08-Dark, artificial",MIDBLOCK,Saturday,March,1,HOWE DR,2,ROAD,LOCAL,10.0,22.0,PAVED,TwoWay,PAVED,6,50,NO ACCESS,N,1954.0,309.479339595336
HOWE DR,04-At/near private drive,02-Thru lane,01-Clear,01-Daylight,MIDBLOCK,Thursday,March,0,HOWE DR,2,ROAD,LOCAL,10.0,22.0,PAVED,TwoWay,PAVED,6,50,NO ACCESS,N,2007.0,56.37526756324571
HOWE DR,04-At/near private drive,02-Thru lane,01-Clear,01-Daylight,MIDBLOCK,Thursday,March,0,HOWE DR,1,BULB,LOCAL,10.0,20.0,PAVED,FromTo,PAVED,6,50,NO ACCESS,N,1993.0,75.8299886656587
HOWE DR,04-At/near private drive,02-Thru lane,01-Clear,01-Daylight,MIDBLOCK,Thursday,March,0,HOWE DR,2,ROAD,LOCAL,10.0,22.0,PAVED,TwoWay,PAVED,6,50,NO ACCESS,N,1954.0,309.479339595336
HOWE DR,04-At/near private drive,12-Off highway,01-Clear,01-Daylight,MIDBLOCK,Sunday,July,1,HOWE DR,2,ROAD,LOCAL,10.0,22.0,PAVED,TwoWay,PAVED,6,50,NO ACCESS,N,2007.0,56.37526756324571
HOWE DR,04-At/near private drive,12-Off highway,01-Clear,01-Daylight,MIDBLOCK,Sunday,July,1,HOWE DR,1,BULB,LOCAL,10.0,20.0,PAVED,FromTo,PAVED,6,50,NO ACCESS,N,1993.0,75.8299886656587
HOWE DR,04-At/near private drive,12-Off highway,01-Clear,01-Daylight,MIDBLOCK,Sunday,July,1,HOWE DR,2,ROAD,LOCAL,10.0,22.0,PAVED,TwoWay,PAVED,6,50,NO ACCESS,N,1954.0,309.479339595336
HOWE DR,01-Non intersection,09-Right shoulder,01-Clear,01-Daylight,MIDBLOCK,Sunday,August,1,HOWE DR,2,ROAD,LOCAL,10.0,22.0,PAVED,TwoWay,PAVED,6,50,NO ACCESS,N,2007.0,56.37526756324571
HOWE DR,01-Non intersection,09-Right shoulder,01-Clear,01-Daylight,MIDBLOCK,Sunday,August,1,HOWE DR,1,BULB,LOCAL,10.0,20.0,PAVED,FromTo,PAVED,6,50,NO ACCESS,N,1993.0,75.8299886656587
HOWE DR,01-Non intersection,09-Right shoulder,01-Clear,01-Daylight,MIDBLOCK,Sunday,August,1,HOWE DR,2,ROAD,LOCAL,10.0,22.0,PAVED,TwoWay,PAVED,6,50,NO ACCESS,N,1954.0,309.479339595336
HIGHBROOK ST,01-Non intersection,02-Thru lane,03-Snow,01-Daylight,MIDBLOCK,Monday,February,0,HIGHBROOK ST,2,ROAD,LOCAL,9.0,20.0,PAVED,TwoWay,PAVED,6,50,NO ACCESS,N,1996.0,80.8070308273466
HIGHBROOK ST,01-Non intersection,02-Thru lane,03-Snow,01-Daylight,MIDBLOCK,Monday,February,0,HIGHBROOK ST,2,ROAD,LOCAL,9.0,20.0,PAVED,TwoWay,PAVED,6,50,NO ACCESS,N,1996.0,80.4055998713377
HIGHBROOK ST,01-Non intersection,02-Thru lane,03-Snow,01-Daylight,MIDBLOCK,Monday,February,0,HIGHBROOK ST,2,ROAD,LOCAL,9.0,20.0,PAVED,TwoWay,PAVED,6,50,NO ACCESS,N,1996.0,44.7790926918941
HIGHBROOK ST,01-Non intersection,02-Thru lane,03-Snow,01-Daylight,MIDBLOCK,Monday,February,0,HIGHBROOK ST,2,ROAD,LOCAL,9.0,20.0,PAVED,TwoWay,PAVED,6,50,NO ACCESS,N,1996.0,496.79041639721197
HIGHBROOK ST,04-At/near private drive,02-Thru lane,03-Snow,"08-Dark, artificial",MIDBLOCK,Thursday,November,0,HIGHBROOK ST,2,ROAD,LOCAL,9.0,20.0,PAVED,TwoWay,PAVED,6,50,NO ACCESS,N,1996.0,80.8070308273466
HIGHBROOK ST,04-At/near private drive,02-Thru lane,03-Snow,"08-Dark, artificial",MIDBLOCK,Thursday,November,0,HIGHBROOK ST,2,ROAD,LOCAL,9.0,20.0,PAVED,TwoWay,PAVED,6,50,NO ACCESS,N,1996.0,80.4055998713377
HIGHBROOK ST,04-At/near private drive,02-Thru lane,03-Snow,"08-Dark, artificial",MIDBLOCK,Thursday,November,0,HIGHBROOK ST,2,ROAD,LOCAL,9.0,20.0,PAVED,TwoWay,PAVED,6,50,NO ACCESS,N,1996.0,44.7790926918941
HIGHBROOK ST,04-At/near private drive,02-Thru lane,03-Snow,"08-Dark, artificial",MIDBLOCK,Thursday,November,0,HIGHBROOK ST,2,ROAD,LOCAL,9.0,20.0,PAVED,TwoWay,PAVED,6,50,NO ACCESS,N,1996.0,496.79041639721197
HIGHBROOK ST,04-At/near private drive,02-Thru lane,01-Clear,"08-Dark, artificial",MIDBLOCK,Thursday,November,0,HIGHBROOK ST,2,ROAD,LOCAL,9.0,20.0,PAVED,TwoWay,PAVED,6,50,NO ACCESS,N,1996.0,80.8070308273466
HIGHBROOK ST,04-At/near private drive,02-Thru lane,01-Clear,"08-Dark, artificial",MIDBLOCK,Thursday,November,0,HIGHBROOK ST,2,ROAD,LOCAL,9.0,20.0,PAVED,TwoWay,PAVED,6,50,NO ACCESS,N,1996.0,80.4055998713377
HIGHBROOK ST,04-At/near private drive,02-Thru lane,01-Clear,"08-Dark, artificial",MIDBLOCK,Thursday,November,0,HIGHBROOK ST,2,ROAD,LOCAL,9.0,20.0,PAVED,TwoWay,PAVED,6,50,NO ACCESS,N,1996.0,44.7790926918941
HIGHBROOK ST,04-At/near private drive,02-Thru lane,01-Clear,"08-Dark, artificial",MIDBLOCK,Thursday,November,0,HIGHBROOK ST,2,ROAD,LOCAL,9.0,20.0,PAVED,TwoWay,PAVED,6,50,NO ACCESS,N,1996.0,496.79041639721197
HIGHBROOK ST,01-Non intersection,02-Thru lane,01-Clear,01-Daylight,MIDBLOCK,Wednesday,February,0,HIGHBROOK ST,2,ROAD,LOCAL,9.0,20.0,PAVED,TwoWay,PAVED,6,50,NO ACCESS,N,1996.0,80.8070308273466
HIGHBROOK ST,01-Non intersection,02-Thru lane,01-Clear,01-Daylight,MIDBLOCK,Wednesday,February,0,HIGHBROOK ST,2,ROAD,LOCAL,9.0,20.0,PAVED,TwoWay,PAVED,6,50,NO ACCESS,N,1996.0,80.4055998713377
HIGHBROOK ST,01-Non intersection,02-Thru lane,01-Clear,01-Daylight,MIDBLOCK,Wednesday,February,0,HIGHBROOK ST,2,ROAD,LOCAL,9.0,20.0,PAVED,TwoWay,PAVED,6,50,NO ACCESS,N,1996.0,44.7790926918941
HIGHBROOK ST,01-Non intersection,02-Thru lane,01-Clear,01-Daylight,MIDBLOCK,Wednesday,February,0,HIGHBROOK ST,2,ROAD,LOCAL,9.0,20.0,PAVED,TwoWay,PAVED,6,50,NO ACCESS,N,1996.0,496.79041639721197
HIGHBROOK ST,04-At/near private drive,02-Thru lane,01-Clear,07-Dark,MIDBLOCK,Monday,September,0,HIGHBROOK ST,2,ROAD,LOCAL,9.0,20.0,PAVED,TwoWay,PAVED,6,50,NO ACCESS,N,1996.0,80.8070308273466
HIGHBROOK ST,04-At/near private drive,02-Thru lane,01-Clear,07-Dark,MIDBLOCK,Monday,September,0,HIGHBROOK ST,2,ROAD,LOCAL,9.0,20.0,PAVED,TwoWay,PAVED,6,50,NO ACCESS,N,1996.0,80.4055998713377
HIGHBROOK ST,04-At/near private drive,02-Thru lane,01-Clear,07-Dark,MIDBLOCK,Monday,September,0,HIGHBROOK ST,2,ROAD,LOCAL,9.0,20.0,PAVED,TwoWay,PAVED,6,50,NO ACCESS,N,1996.0,44.7790926918941
HIGHBROOK ST,04-At/near private drive,02-Thru lane,01-Clear,07-Dark,MIDBLOCK,Monday,September,0,HIGHBROOK ST,2,ROAD,LOCAL,9.0,20.0,PAVED,TwoWay,PAVED,6,50,NO ACCESS,N,1996.0,496.79041639721197
HIGHBROOK ST,01-Non intersection,12-Off highway,01-Clear,"08-Dark, artificial",MIDBLOCK,Friday,February,0,HIGHBROOK ST,2,ROAD,LOCAL,9.0,20.0,PAVED,TwoWay,PAVED,6,50,NO ACCESS,N,1996.0,80.8070308273466
HIGHBROOK ST,01-Non intersection,12-Off highway,01-Clear,"08-Dark, artificial",MIDBLOCK,Friday,February,0,HIGHBROOK ST,2,ROAD,LOCAL,9.0,20.0,PAVED,TwoWay,PAVED,6,50,NO ACCESS,N,1996.0,80.4055998713377
HIGHBROOK ST,01-Non intersection,12-Off highway,01-Clear,"08-Dark, artificial",MIDBLOCK,Friday,February,0,HIGHBROOK ST,2,ROAD,LOCAL,9.0,20.0,PAVED,TwoWay,PAVED,6,50,NO ACCESS,N,1996.0,44.7790926918941
HIGHBROOK ST,01-Non intersection,12-Off highway,01-Clear,"08-Dark, artificial",MIDBLOCK,Friday,February,0,HIGHBROOK ST,2,ROAD,LOCAL,9.0,20.0,PAVED,TwoWay,PAVED,6,50,NO ACCESS,N,1996.0,496.79041639721197
HIGHBROOK ST,04-At/near private drive,02-Thru lane,01-Clear,07-Dark,MIDBLOCK,Saturday,January,1,HIGHBROOK ST,2,ROAD,LOCAL,9.0,20.0,PAVED,TwoWay,PAVED,6,50,NO ACCESS,N,1996.0,80.8070308273466
HIGHBROOK ST,04-At/near private drive,02-Thru lane,01-Clear,07-Dark,MIDBLOCK,Saturday,January,1,HIGHBROOK ST,2,ROAD,LOCAL,9.0,20.0,PAVED,TwoWay,PAVED,6,50,NO ACCESS,N,1996.0,80.4055998713377
HIGHBROOK ST,04-At/near private drive,02-Thru lane,01-Clear,07-Dark,MIDBLOCK,Saturday,January,1,HIGHBROOK ST,2,ROAD,LOCAL,9.0,20.0,PAVED,TwoWay,PAVED,6,50,NO ACCESS,N,1996.0,44.7790926918941
HIGHBROOK ST,04-At/near private drive,02-Thru lane,01-Clear,07-Dark,MIDBLOCK,Saturday,January,1,HIGHBROOK ST,2,ROAD,LOCAL,9.0,20.0,PAVED,TwoWay,PAVED,6,50,NO ACCESS,N,1996.0,496.79041639721197
LORRAINE AVE,01-Non intersection,02-Thru lane,01-Clear,01-Daylight,MIDBLOCK,Monday,September,0,LORRAINE AVE,4,ROAD,MINOR,15.0,30.0,PAVED,TwoWay,PAVED,3,50,NO ACCESS,Y,1976.0,75.02057983702129
LORRAINE AVE,01-Non intersection,02-Thru lane,01-Clear,01-Daylight,MIDBLOCK,Monday,September,0,LORRAINE AVE,4,ROAD,MINOR,15.0,29.0,PAVED,TwoWay,PAVED,3,50,NO ACCESS,Y,1976.0,81.15822027893641
LORRAINE AVE,01-Non intersection,02-Thru lane,01-Clear,01-Daylight,MIDBLOCK,Monday,September,0,LORRAINE AVE,4,ROAD,MINOR,14.0,26.0,PAVED,TwoWay,PAVED,3,50,NO ACCESS,Y,1961.0,14.005891689005498
LORRAINE AVE,01-Non intersection,02-Thru lane,01-Clear,01-Daylight,MIDBLOCK,Monday,September,0,LORRAINE AVE,4,ROAD,MINOR,15.0,29.0,PAVED,TwoWay,PAVED,3,50,NO ACCESS,Y,1976.0,69.55306776438229
LORRAINE AVE,01-Non intersection,02-Thru lane,01-Clear,01-Daylight,MIDBLOCK,Monday,September,0,LORRAINE AVE,4,ROAD,MINOR,14.0,26.0,PAVED,TwoWay,PAVED,3,50,NO ACCESS,N,1966.0,107.7512143349
LORRAINE AVE,01-Non intersection,02-Thru lane,01-Clear,01-Daylight,MIDBLOCK,Monday,September,0,LORRAINE AVE,4,ROAD,MINOR,14.0,26.0,PAVED,TwoWay,PAVED,3,50,NO ACCESS,Y,1965.0,80.487332817931
LORRAINE AVE,01-Non intersection,02-Thru lane,01-Clear,01-Daylight,MIDBLOCK,Monday,September,0,LORRAINE AVE,4,ROAD,MINOR,14.0,26.0,PAVED,TwoWay,PAVED,3,50,NO ACCESS,Y,1966.0,248.45189112360802
LORRAINE AVE,01-Non intersection,02-Thru lane,01-Clear,01-Daylight,MIDBLOCK,Monday,September,0,LORRAINE AVE,4,ROAD,MINOR,13.0,26.0,PAVED,TwoWay,PAVED,3,50,NO ACCESS,N,1965.0,330.577301905079
LORRAINE AVE,10-Parking lot,12-Off highway,01-Clear,"08-Dark, artificial",MIDBLOCK,Thursday,August,0,LORRAINE AVE,4,ROAD,MINOR,15.0,30.0,PAVED,TwoWay,PAVED,3,50,NO ACCESS,Y,1976.0,75.02057983702129
LORRAINE AVE,10-Parking lot,12-Off highway,01-Clear,"08-Dark, artificial",MIDBLOCK,Thursday,August,0,LORRAINE AVE,4,ROAD,MINOR,15.0,29.0,PAVED,TwoWay,PAVED,3,50,NO ACCESS,Y,1976.0,81.15822027893641
LORRAINE AVE,10-Parking lot,12-Off highway,01-Clear,"08-Dark, artificial",MIDBLOCK,Thursday,August,0,LORRAINE AVE,4,ROAD,MINOR,14.0,26.0,PAVED,TwoWay,PAVED,3,50,NO ACCESS,Y,1961.0,14.005891689005498
LORRAINE AVE,10-Parking lot,12-Off highway,01-Clear,"08-Dark, artificial",MIDBLOCK,Thursday,August,0,LORRAINE AVE,4,ROAD,MINOR,15.0,29.0,PAVED,TwoWay,PAVED,3,50,NO ACCESS,Y,1976.0,69.55306776438229
LORRAINE AVE,10-Parking lot,12-Off highway,01-Clear,"08-Dark, artificial",MIDBLOCK,Thursday,August,0,LORRAINE AVE,4,ROAD,MINOR,14.0,26.0,PAVED,TwoWay,PAVED,3,50,NO ACCESS,N,1966.0,107.7512143349
LORRAINE AVE,10-Parking lot,12-Off highway,01-Clear,"08-Dark, artificial",MIDBLOCK,Thursday,August,0,LORRAINE AVE,4,ROAD,MINOR,14.0,26.0,PAVED,TwoWay,PAVED,3,50,NO ACCESS,Y,1965.0,80.487332817931
LORRAINE AVE,10-Parking lot,12-Off highway,01-Clear,"08-Dark, artificial",MIDBLOCK,Thursday,August,0,LORRAINE AVE,4,ROAD,MINOR,14.0,26.0,PAVED,TwoWay,PAVED,3,50,NO ACCESS,Y,1966.0,248.45189112360802
LORRAINE AVE,10-Parking lot,12-Off highway,01-Clear,"08-Dark, artificial",MIDBLOCK,Thursday,August,0,LORRAINE AVE,4,ROAD,MINOR,13.0,26.0,PAVED,TwoWay,PAVED,3,50,NO ACCESS,N,1965.0,330.577301905079
LORRAINE AVE,01-Non intersection,02-Thru lane,04-Freezing Rain,01-Daylight,MIDBLOCK,Saturday,November,1,LORRAINE AVE,4,ROAD,MINOR,15.0,30.0,PAVED,TwoWay,PAVED,3,50,NO ACCESS,Y,1976.0,75.02057983702129
LORRAINE AVE,01-Non intersection,02-Thru lane,04-Freezing Rain,01-Daylight,MIDBLOCK,Saturday,November,1,LORRAINE AVE,4,ROAD,MINOR,15.0,29.0,PAVED,TwoWay,PAVED,3,50,NO ACCESS,Y,1976.0,81.15822027893641
LORRAINE AVE,01-Non intersection,02-Thru lane,04-Freezing Rain,01-Daylight,MIDBLOCK,Saturday,November,1,LORRAINE AVE,4,ROAD,MINOR,14.0,26.0,PAVED,TwoWay,PAVED,3,50,NO ACCESS,Y,1961.0,14.005891689005498
LORRAINE AVE,01-Non intersection,02-Thru lane,04-Freezing Rain,01-Daylight,MIDBLOCK,Saturday,November,1,LORRAINE AVE,4,ROAD,MINOR,15.0,29.0,PAVED,TwoWay,PAVED,3,50,NO ACCESS,Y,1976.0,69.55306776438229
LORRAINE AVE,01-Non intersection,02-Thru lane,04-Freezing Rain,01-Daylight,MIDBLOCK,Saturday,November,1,LORRAINE AVE,4,ROAD,MINOR,14.0,26.0,PAVED,TwoWay,PAVED,3,50,NO ACCESS,N,1966.0,107.7512143349
LORRAINE AVE,01-Non intersection,02-Thru lane,04-Freezing Rain,01-Daylight,MIDBLOCK,Saturday,November,1,LORRAINE AVE,4,ROAD,MINOR,14.0,26.0,PAVED,TwoWay,PAVED,3,50,NO ACCESS,Y,1965.0,80.487332817931
LORRAINE AVE,01-Non intersection,02-Thru lane,04-Freezing Rain,01-Daylight,MIDBLOCK,Saturday,November,1,LORRAINE AVE,4,ROAD,MINOR,14.0,26.0,PAVED,TwoWay,PAVED,3,50,NO ACCESS,Y,1966.0,248.45189112360802
LORRAINE AVE,01-Non intersection,02-Thru lane,04-Freezing Rain,01-Daylight,MIDBLOCK,Saturday,November,1,LORRAINE AVE,4,ROAD,MINOR,13.0,26.0,PAVED,TwoWay,PAVED,3,50,NO ACCESS,N,1965.0,330.577301905079
LORRAINE AVE,01-Non intersection,12-Off highway,03-Snow,01-Daylight,MIDBLOCK,Saturday,November,1,LORRAINE AVE,4,ROAD,MINOR,15.0,30.0,PAVED,TwoWay,PAVED,3,50,NO ACCESS,Y,1976.0,75.02057983702129
LORRAINE AVE,01-Non intersection,12-Off highway,03-Snow,01-Daylight,MIDBLOCK,Saturday,November,1,LORRAINE AVE,4,ROAD,MINOR,15.0,29.0,PAVED,TwoWay,PAVED,3,50,NO ACCESS,Y,1976.0,81.15822027893641
LORRAINE AVE,01-Non intersection,12-Off highway,03-Snow,01-Daylight,MIDBLOCK,Saturday,November,1,LORRAINE AVE,4,ROAD,MINOR,14.0,26.0,PAVED,TwoWay,PAVED,3,50,NO ACCESS,Y,1961.0,14.005891689005498
LORRAINE AVE,01-Non intersection,12-Off highway,03-Snow,01-Daylight,MIDBLOCK,Saturday,November,1,LORRAINE AVE,4,ROAD,MINOR,15.0,29.0,PAVED,TwoWay,PAVED,3,50,NO ACCESS,Y,1976.0,69.55306776438229
LORRAINE AVE,01-Non intersection,12-Off highway,03-Snow,01-Daylight,MIDBLOCK,Saturday,November,1,LORRAINE AVE,4,ROAD,MINOR,14.0,26.0,PAVED,TwoWay,PAVED,3,50,NO ACCESS,N,1966.0,107.7512143349
LORRAINE AVE,01-Non intersection,12-Off highway,03-Snow,01-Daylight,MIDBLOCK,Saturday,November,1,LORRAINE AVE,4,ROAD,MINOR,14.0,26.0,PAVED,TwoWay,PAVED,3,50,NO ACCESS,Y,1965.0,80.487332817931
LORRAINE AVE,01-Non intersection,12-Off highway,03-Snow,01-Daylight,MIDBLOCK,Saturday,November,1,LORRAINE AVE,4,ROAD,MINOR,14.0,26.0,PAVED,TwoWay,PAVED,3,50,NO ACCESS,Y,1966.0,248.45189112360802
LORRAINE AVE,01-Non intersection,12-Off highway,03-Snow,01-Daylight,MIDBLOCK,Saturday,November,1,LORRAINE AVE,4,ROAD,MINOR,13.0,26.0,PAVED,TwoWay,PAVED,3,50,NO ACCESS,N,1965.0,330.577301905079