LOCATION,ACCIDENT_LOCATION,IMPACT_LOCATION,ENVIRONMENT_CONDITION,LIGHT,COLLISION_TYPE,DAY_OF_WEEK,MONTH,IS_WEEKEND,STREET,LANES,CATEGORY,SUBCATEGORY,PAVEMENT_WIDTH,ROW_WIDTH,SHOULDER,FLOW_DIRECTION,SURFACE_LAYER_TYPE,OFFICIAL_ROAD_CLASSIFICATION,SPEED_LIMIT_KM,TRUCK_ACCESS,BUS_ROUTE,SERVICE_YEAR,Shape__Length
LORRAINE AVE,04-At/near private drive,02-Thru lane,01-Clear,01-Daylight,MIDBLOCK,Monday,August,0,LORRAINE AVE,4,ROAD,MINOR,15.0,30.0,PAVED,TwoWay,PAVED,3,50,NO ACCESS,Y,1976.0,75.02057983702129
LORRAINE AVE,04-At/near private drive,02-Thru lane,01-Clear,01-Daylight,MIDBLOCK,Monday,August,0,LORRAINE AVE,4,ROAD,MINOR,15.0,29.0,PAVED,TwoWay,PAVED,3,50,NO ACCESS,Y,1976.0,81.15822027893641
LORRAINE AVE,04-At/near private drive,02-Thru lane,01-Clear,01-Daylight,MIDBLOCK,Monday,August,0,LORRAINE AVE,4,ROAD,MINOR,14.0,26.0,PAVED,TwoWay,PAVED,3,50,NO ACCESS,Y,1961.0,14.005891689005498
LORRAINE AVE,04-At/near private drive,02-Thru lane,01-Clear,01-Daylight,MIDBLOCK,Monday,August,0,LORRAINE AVE,4,ROAD,MINOR,15.0,29.0,PAVED,TwoWay,PAVED,3,50,NO ACCESS,Y,1976.0,69.55306776438229
LORRAINE AVE,04-At/near private drive,02-Thru lane,01-Clear,01-Daylight,MIDBLOCK,Monday,August,0,LORRAINE AVE,4,ROAD,MINOR,14.0,26.0,PAVED,TwoWay,PAVED,3,50,NO ACCESS,N,1966.0,107.7512143349
LORRAINE AVE,04-At/near private drive,02-Thru lane,01-Clear,01-Daylight,MIDBLOCK,Monday,August,0,LORRAINE AVE,4,ROAD,MINOR,14.0,26.0,PAVED,TwoWay,PAVED,3,50,NO ACCESS,Y,1965.0,80.487332817931
LORRAINE AVE,04-At/near private drive,02-Thru lane,01-Clear,01-Daylight,MIDBLOCK,Monday,August,0,LORRAINE AVE,4,ROAD,MINOR,14.0,26.0,PAVED,TwoWay,PAVED,3,50,NO ACCESS,Y,1966.0,248.45189112360802
LORRAINE AVE,04-At/near private drive,02-Thru lane,01-Clear,01-Daylight,MIDBLOCK,Monday,August,0,LORRAINE AVE,4,ROAD,MINOR,13.0,26.0,PAVED,TwoWay,PAVED,3,50,NO ACCESS,N,1965.0,330.577301905079
LORRAINE AVE,04-At/near private drive,02-Thru lane,01-Clear,01-Daylight,MIDBLOCK,Friday,February,0,LORRAINE AVE,4,ROAD,MINOR,15.0,30.0,PAVED,TwoWay,PAVED,3,50,NO ACCESS,Y,1976.0,75.02057983702129
LORRAINE AVE,04-At/near private drive,02-Thru lane,01-Clear,01-Daylight,MIDBLOCK,Friday,February,0,LORRAINE AVE,4,ROAD,MINOR,15.0,29.0,PAVED,TwoWay,PAVED,3,50,NO ACCESS,Y,1976.0,81.15822027893641
LORRAINE AVE,04-At/near private drive,02-Thru lane,01-Clear,01-Daylight,MIDBLOCK,Friday,February,0,LORRAINE AVE,4,ROAD,MINOR,14.0,26.0,PAVED,TwoWay,PAVED,3,50,NO ACCESS,Y,1961.0,14.005891689005498
LORRAINE AVE,04-At/near private drive,02-Thru lane,01-Clear,01-Daylight,MIDBLOCK,Friday,February,0,LORRAINE AVE,4,ROAD,MINOR,15.0,29.0,PAVED,TwoWay,PAVED,3,50,NO ACCESS,Y,1976.0,69.55306776438229
LORRAINE AVE,04-At/near private drive,02-Thru lane,01-Clear,01-Daylight,MIDBLOCK,Friday,February,0,LORRAINE AVE,4,ROAD,MINOR,14.0,26.0,PAVED,TwoWay,PAVED,3,50,NO ACCESS,N,1966.0,107.7512143349
LORRAINE AVE,04-At/near private drive,02-Thru lane,01-Clear,01-Daylight,MIDBLOCK,Friday,February,0,LORRAINE AVE,4,ROAD,MINOR,14.0,26.0,PAVED,TwoWay,PAVED,3,50,NO ACCESS,Y,1965.0,80.487332817931
LORRAINE AVE,04-At/near private drive,02-Thru lane,01-Clear,01-Daylight,MIDBLOCK,Friday,February,0,LORRAINE AVE,4,ROAD,MINOR,14.0,26.0,PAVED,TwoWay,PAVED,3,50,NO ACCESS,Y,1966.0,248.45189112360802
LORRAINE AVE,04-At/near private drive,02-Thru lane,01-Clear,01-Daylight,MIDBLOCK,Friday,February,0,LORRAINE AVE,4,ROAD,MINOR,13.0,26.0,PAVED,TwoWay,PAVED,3,50,NO ACCESS,N,1965.0,330.577301905079
BELMONT AVE E,04-At/near private drive,02-Thru lane,01-Clear,"08-Dark, artificial",MIDBLOCK,Friday,August,0,BELMONT AVE E,2,ROAD,LOCAL,10.0,18.0,PAVED,TwoWay,PAVED,6,50,NO ACCESS,N,1913.0,341.295619482159
BELMONT AVE E,04-At/near private drive,02-Thru lane,01-Clear,01-Daylight,MIDBLOCK,Friday,August,0,BELMONT AVE E,2,ROAD,LOCAL,10.0,18.0,PAVED,TwoWay,PAVED,6,50,NO ACCESS,N,1913.0,341.295619482159
BELMONT AVE E,01-Non intersection,02-Thru lane,01-Clear,01-Daylight,MIDBLOCK,Saturday,October,1,BELMONT AVE E,2,ROAD,LOCAL,10.0,18.0,PAVED,TwoWay,PAVED,6,50,NO ACCESS,N,1913.0,341.295619482159
BELMONT AVE E,04-At/near private drive,02-Thru lane,01-Clear,01-Daylight,MIDBLOCK,Wednesday,June,0,BELMONT AVE E,2,ROAD,LOCAL,10.0,18.0,PAVED,TwoWay,PAVED,6,50,NO ACCESS,N,1913.0,341.295619482159
BELMONT AVE E,04-At/near private drive,02-Thru lane,01-Clear,"08-Dark, artificial",MIDBLOCK,Thursday,December,0,BELMONT AVE E,2,ROAD,LOCAL,10.0,18.0,PAVED,TwoWay,PAVED,6,50,NO ACCESS,N,1913.0,341.295619482159
BELMONT AVE E,04-At/near private drive,02-Thru lane,02-Rain,01-Daylight,MIDBLOCK,Friday,August,0,BELMONT AVE E,2,ROAD,LOCAL,10.0,18.0,PAVED,TwoWay,PAVED,6,50,NO ACCESS,N,1913.0,341.295619482159
BELMONT AVE E,04-At/near private drive,02-Thru lane,01-Clear,"08-Dark, artificial",MIDBLOCK,Sunday,July,1,BELMONT AVE E,2,ROAD,LOCAL,10.0,18.0,PAVED,TwoWay,PAVED,6,50,NO ACCESS,N,1913.0,341.295619482159
BELMONT AVE E,01-Non intersection,02-Thru lane,01-Clear,01-Daylight,MIDBLOCK,Friday,December,0,BELMONT AVE E,2,ROAD,LOCAL,10.0,18.0,PAVED,TwoWay,PAVED,6,50,NO ACCESS,N,1913.0,341.295619482159
BELMONT AVE E,04-At/near private drive,02-Thru lane,01-Clear,01-Daylight,MIDBLOCK,Tuesday,February,0,BELMONT AVE E,2,ROAD,LOCAL,10.0,18.0,PAVED,TwoWay,PAVED,6,50,NO ACCESS,N,1913.0,341.295619482159
BELMONT AVE E,01-Non intersection,02-Thru lane,01-Clear,01-Daylight,MIDBLOCK,Wednesday,December,0,BELMONT AVE E,2,ROAD,LOCAL,10.0,18.0,PAVED,TwoWay,PAVED,6,50,NO ACCESS,N,1913.0,341.295619482159
RITTENHOUSE RD,01-Non intersection,02-Thru lane,01-Clear,01-Daylight,MIDBLOCK,Monday,September,0,RITTENHOUSE RD,2,ROAD,MINOR,10.0,20.0,PAVED,TwoWay,PAVED,3,50,NO ACCESS,N,1977.0,162.167646481624
RITTENHOUSE RD,01-Non intersection,02-Thru lane,01-Clear,01-Daylight,MIDBLOCK,Monday,September,0,RITTENHOUSE RD,4,ROAD,MINOR,15.0,26.0,PAVED,TwoWay,PAVED,3,50,NO ACCESS,N,1977.0,91.802903254615
RITTENHOUSE RD,01-Non intersection,02-Thru lane,01-Clear,01-Daylight,MIDBLOCK,Monday,September,0,RITTENHOUSE RD,4,ROAD,MINOR,15.0,26.0,PAVED,TwoWay,PAVED,3,50,NO ACCESS,N,1977.0,87.9908519903967
RITTENHOUSE RD,01-Non intersection,02-Thru lane,01-Clear,01-Daylight,MIDBLOCK,Monday,September,0,RITTENHOUSE RD,2,ROAD,MINOR,10.0,20.0,PAVED,TwoWay,PAVED,3,50,NO ACCESS,N,1993.0,146.588656212832
RITTENHOUSE RD,01-Non intersection,02-Thru lane,01-Clear,01-Daylight,MIDBLOCK,Monday,September,0,RITTENHOUSE RD,4,ROAD,MINOR,15.0,26.0,PAVED,TwoWay,PAVED,3,50,NO ACCESS,Y,1976.0,126.604568047193
RITTENHOUSE RD,01-Non intersection,02-Thru lane,01-Clear,01-Daylight,MIDBLOCK,Monday,September,0,RITTENHOUSE RD,4,ROAD,MINOR,15.0,26.0,PAVED,TwoWay,PAVED,3,50,NO ACCESS,Y,1976.0,176.790476978036
RITTENHOUSE RD,01-Non intersection,02-Thru lane,01-Clear,01-Daylight,MIDBLOCK,Monday,September,0,RITTENHOUSE RD,4,ROAD,MINOR,15.0,26.0,PAVED,TwoWay,PAVED,6,50,NO ACCESS,Y,1976.0,77.9092978478407
RITTENHOUSE RD,01-Non intersection,02-Thru lane,01-Clear,01-Daylight,MIDBLOCK,Monday,September,0,RITTENHOUSE RD,4,ROAD,MINOR,15.0,26.0,PAVED,TwoWay,PAVED,3,50,NO ACCESS,Y,1977.0,113.17934053496599
RITTENHOUSE RD,01-Non intersection,02-Thru lane,01-Clear,01-Daylight,MIDBLOCK,Monday,September,0,RITTENHOUSE RD,2,ROAD,MINOR,10.0,20.0,PAVED,TwoWay,PAVED,3,50,NO ACCESS,N,1993.0,76.01844903405491
RITTENHOUSE RD,01-Non intersection,02-Thru lane,01-Clear,01-Daylight,MIDBLOCK,Monday,September,0,RITTENHOUSE RD,2,ROAD,MINOR,10.0,20.0,PAVED,TwoWay,PAVED,3,50,NO ACCESS,N,1993.0,178.79627908737305
RITTENHOUSE RD,01-Non intersection,02-Thru lane,01-Clear,01-Daylight,MIDBLOCK,Monday,September,0,RITTENHOUSE RD,2,ROAD,MINOR,10.0,20.0,PAVED,TwoWay,PAVED,3,50,NO ACCESS,N,1977.0,138.369883768263
RITTENHOUSE RD,01-Non intersection,02-Thru lane,01-Clear,01-Daylight,MIDBLOCK,Monday,September,0,RITTENHOUSE RD,4,ROAD,MINOR,15.0,26.0,PAVED,TwoWay,PAVED,6,50,NO ACCESS,Y,1976.0,159.175069010587
RITTENHOUSE RD,01-Non intersection,02-Thru lane,01-Clear,01-Daylight,MIDBLOCK,Monday,September,0,RITTENHOUSE RD,2,ROAD,MINOR,10.0,20.0,PAVED,TwoWay,PAVED,3,50,NO ACCESS,N,1993.0,70.7164713614827
RITTENHOUSE RD,01-Non intersection,09-Right shoulder,01-Clear,01-Daylight,MIDBLOCK,Tuesday,June,0,RITTENHOUSE RD,2,ROAD,MINOR,10.0,20.0,PAVED,TwoWay,PAVED,3,50,NO ACCESS,N,1977.0,162.167646481624
RITTENHOUSE RD,01-Non intersection,09-Right shoulder,01-Clear,01-Daylight,MIDBLOCK,Tuesday,June,0,RITTENHOUSE RD,4,ROAD,MINOR,15.0,26.0,PAVED,TwoWay,PAVED,3,50,NO ACCESS,N,1977.0,91.802903254615
RITTENHOUSE RD,01-Non intersection,09-Right shoulder,01-Clear,01-Daylight,MIDBLOCK,Tuesday,June,0,RITTENHOUSE RD,4,ROAD,MINOR,15.0,26.0,PAVED,TwoWay,PAVED,3,50,NO ACCESS,N,1977.0,87.9908519903967
RITTENHOUSE RD,01-Non intersection,09-Right shoulder,01-Clear,01-Daylight,MIDBLOCK,Tuesday,June,0,RITTENHOUSE RD,2,ROAD,MINOR,10.0,20.0,PAVED,TwoWay,PAVED,3,50,NO ACCESS,N,1993.0,146.588656212832
RITTENHOUSE RD,01-Non intersection,09-Right shoulder,01-Clear,01-Daylight,MIDBLOCK,Tuesday,June,0,RITTENHOUSE RD,4,ROAD,MINOR,15.0,26.0,PAVED,TwoWay,PAVED,3,50,NO ACCESS,Y,1976.0,126.604568047193
RITTENHOUSE RD,01-Non intersection,09-Right shoulder,01-Clear,01-Daylight,MIDBLOCK,Tuesday,June,0,RITTENHOUSE RD,4,ROAD,MINOR,15.0,26.0,PAVED,TwoWay,PAVED,3,50,NO ACCESS,Y,1976.0,176.790476978036
RITTENHOUSE RD,01-Non intersection,09-Right shoulder,01-Clear,01-Daylight,MIDBLOCK,Tuesday,June,0,RITTENHOUSE RD,4,ROAD,MINOR,15.0,26.0,PAVED,TwoWay,PAVED,6,50,NO ACCESS,Y,1976.0,77.9092978478407
RITTENHOUSE RD,01-Non intersection,09-Right shoulder,01-Clear,01-Daylight,MIDBLOCK,Tuesday,June,0,RITTENHOUSE RD,4,ROAD,MINOR,15.0,26.0,PAVED,TwoWay,PAVED,3,50,NO ACCESS,Y,1977.0,113.17934053496599
RITTENHOUSE RD,01-Non intersection,09-Right shoulder,01-Clear,01-Daylight,MIDBLOCK,Tuesday,June,0,RITTENHOUSE RD,2,ROAD,MINOR,10.0,20.0,PAVED,TwoWay,PAVED,3,50,NO ACCESS,N,1993.0,76.01844903405491
RITTENHOUSE RD,01-Non intersection,09-Right shoulder,01-Clear,01-Daylight,MIDBLOCK,Tuesday,June,0,RITTENHOUSE RD,2,ROAD,MINOR,10.0,20.0,PAVED,TwoWay,PAVED,3,50,NO ACCESS,N,1993.0,178.79627908737305
RITTENHOUSE RD,01-Non intersection,09-Right shoulder,01-Clear,01-Daylight,MIDBLOCK,Tuesday,June,0,RITTENHOUSE RD,2,ROAD,MINOR,10.0,20.0,PAVED,TwoWay,PAVED,3,50,NO ACCESS,N,1977.0,138.369883768263
RITTENHOUSE RD,01-Non intersection,09-Right shoulder,01-Clear,01-Daylight,MIDBLOCK,Tuesday,June,0,RITTENHOUSE RD,4,ROAD,MINOR,15.0,26.0,PAVED,TwoWay,PAVED,6,50,NO ACCESS,Y,1976.0,159.175069010587
RITTENHOUSE RD,01-Non intersection,09-Right shoulder,01-Clear,01-Daylight,MIDBLOCK,Tuesday,June,0,RITTENHOUSE RD,2,ROAD,MINOR,10.0,20.0,PAVED,TwoWay,PAVED,3,50,NO ACCESS,N,1993.0,70.7164713614827
RITTENHOUSE RD,04-At/near private drive,02-Thru lane,01-Clear,07-Dark,MIDBLOCK,Tuesday,November,0,RITTENHOUSE RD,2,ROAD,MINOR,10.0,20.0,PAVED,TwoWay,PAVED,3,50,NO ACCESS,N,1977.0,162.167646481624
RITTENHOUSE RD,04-At/near private drive,02-Thru lane,01-Clear,07-Dark,MIDBLOCK,Tuesday,November,0,RITTENHOUSE RD,4,ROAD,MINOR,15.0,26.0,PAVED,TwoWay,PAVED,3,50,NO ACCESS,N,1977.0,91.802903254615
RITTENHOUSE RD,04-At/near private drive,02-Thru lane,01-Clear,07-Dark,MIDBLOCK,Tuesday,November,0,RITTENHOUSE RD,4,ROAD,MINOR,15.0,26.0,PAVED,TwoWay,PAVED,3,50,NO ACCESS,N,1977.0,87.9908519903967
RITTENHOUSE RD,04-At/near private drive,02-Thru lane,01-Clear,07-Dark,MIDBLOCK,Tuesday,November,0,RITTENHOUSE RD,2,ROAD,MINOR,10.0,20.0,PAVED,TwoWay,PAVED,3,50,NO ACCESS,N,1993.0,146.588656212832
RITTENHOUSE RD,04-At/near private drive,02-Thru lane,01-Clear,07-Dark,MIDBLOCK,Tuesday,November,0,RITTENHOUSE RD,4,ROAD,MINOR,15.0,26.0,PAVED,TwoWay,PAVED,3,50,NO ACCESS,Y,1976.0,126.604568047193
RITTENHOUSE RD,04-At/near private drive,02-Thru lane,01-Clear,07-Dark,MIDBLOCK,Tuesday,November,0,RITTENHOUSE RD,4,ROAD,MINOR,15.0,26.0,PAVED,TwoWay,PAVED,3,50,NO ACCESS,Y,1976.0,176.790476978036
RITTENHOUSE RD,04-At/near private drive,02-Thru lane,01-Clear,07-Dark,MIDBLOCK,Tuesday,November,0,RITTENHOUSE RD,4,ROAD,MINOR,15.0,26.0,PAVED,TwoWay,PAVED,6,50,NO ACCESS,Y,1976.0,77.9092978478407
RITTENHOUSE RD,04-At/near private drive,02-Thru lane,01-Clear,07-Dark,MIDBLOCK,Tuesday,November,0,RITTENHOUSE RD,4,ROAD,MINOR,15.0,26.0,PAVED,TwoWay,PAVED,3,50,NO ACCESS,Y,1977.0,113.17934053496599
RITTENHOUSE RD,04-At/near private drive,02-Thru lane,01-Clear,07-Dark,MIDBLOCK,Tuesday,November,0,RITTENHOUSE RD,2,ROAD,MINOR,10.0,20.0,PAVED,TwoWay,PAVED,3,50,NO ACCESS,N,1993.0,76.01844903405491
RITTENHOUSE RD,04-At/near private drive,02-Thru lane,01-Clear,07-Dark,MIDBLOCK,Tuesday,November,0,RITTENHOUSE RD,2,ROAD,MINOR,10.0,20.0,PAVED,TwoWay,PAVED,3,50,NO ACCESS,N,1993.0,178.79627908737305
RITTENHOUSE RD,04-At/near private drive,02-Thru lane,01-Clear,07-Dark,MIDBLOCK,Tuesday,November,0,RITTENHOUSE RD,2,ROAD,MINOR,10.0,20.0,PAVED,TwoWay,PAVED,3,50,NO ACCESS,N,1977.0,138.369883768263
RITTENHOUSE RD,04-At/near private drive,02-Thru lane,01-Clear,07-Dark,MIDBLOCK,Tuesday,November,0,RITTENHOUSE RD,4,ROAD,MINOR,15.0,26.0,PAVED,TwoWay,PAVED,6,50,NO ACCESS,Y,1976.0,159.175069010587
RITTENHOUSE RD,04-At/near private drive,02-Thru lane,01-Clear,07-Dark,MIDBLOCK,Tuesday,November,0,RITTENHOUSE RD,2,ROAD,MINOR,10.0,20.0,PAVED,TwoWay,PAVED,3,50,NO ACCESS,N,1993.0,70.7164713614827
RITTENHOUSE RD,01-Non intersection,09-Right shoulder,01-Clear,01-Daylight,MIDBLOCK,Monday,July,0,RITTENHOUSE RD,2,ROAD,MINOR,10.0,20.0,PAVED,TwoWay,PAVED,3,50,NO ACCESS,N,1977.0,162.167646481624
RITTENHOUSE RD,01-Non intersection,09-Right shoulder,01-Clear,01-Daylight,MIDBLOCK,Monday,July,0,RITTENHOUSE RD,4,ROAD,MINOR,15.0,26.0,PAVED,TwoWay,PAVED,3,50,NO ACCESS,N,1977.0,91.802903254615
RITTENHOUSE RD,01-Non intersection,09-Right shoulder,01-Clear,01-Daylight,MIDBLOCK,Monday,July,0,RITTENHOUSE RD,4,ROAD,MINOR,15.0,26.0,PAVED,TwoWay,PAVED,3,50,NO ACCESS,N,1977.0,87.9908519903967
RITTENHOUSE RD,01-Non intersection,09-Right shoulder,01-Clear,01-Daylight,MIDBLOCK,Monday,July,0,RITTENHOUSE RD,2,ROAD,MINOR,10.0,20.0,PAVED,TwoWay,PAVED,3,50,NO ACCESS,N,1993.0,146.588656212832
RITTENHOUSE RD,01-Non intersection,09-Right shoulder,01-Clear,01-Daylight,MIDBLOCK,Monday,July,0,RITTENHOUSE RD,4,ROAD,MINOR,15.0,26.0,PAVED,TwoWay,PAVED,3,50,NO ACCESS,Y,1976.0,126.604568047193
RITTENHOUSE RD,01-Non intersection,09-Right shoulder,01-Clear,01-Daylight,MIDBLOCK,Monday,July,0,RITTENHOUSE RD,4,ROAD,MINOR,15.0,26.0,PAVED,TwoWay,PAVED,3,50,NO ACCESS,Y,1976.0,176.790476978036
RITTENHOUSE RD,01-Non intersection,09-Right shoulder,01-Clear,01-Daylight,MIDBLOCK,Monday,July,0,RITTENHOUSE RD,4,ROAD,MINOR,15.0,26.0,PAVED,TwoWay,PAVED,6,50,NO ACCESS,Y,1976.0,77.9092978478407
RITTENHOUSE RD,01-Non intersection,09-Right shoulder,01-Clear,01-Daylight,MIDBLOCK,Monday,July,0,RITTENHOUSE RD,4,ROAD,MINOR,15.0,26.0,PAVED,TwoWay,PAVED,3,50,NO ACCESS,Y,1977.0,113.17934053496599
RITTENHOUSE RD,01-Non intersection,09-Right shoulder,01-Clear,01-Daylight,MIDBLOCK,Monday,July,0,RITTENHOUSE RD,2,ROAD,MINOR,10.0,20.0,PAVED,TwoWay,PAVED,3,50,NO ACCESS,N,1993.0,76.01844903405491
RITTENHOUSE RD,01-Non intersection,09-Right shoulder,01-Clear,01-Daylight,MIDBLOCK,Monday,July,0,RITTENHOUSE RD,2,ROAD,MINOR,10.0,20.0,PAVED,TwoWay,PAVED,3,50,NO ACCESS,N,1993.0,178.79627908737305
RITTENHOUSE RD,01-Non intersection,09-Right shoulder,01-Clear,01-Daylight,MIDBLOCK,Monday,July,0,RITTENHOUSE RD,2,ROAD,MINOR,10.0,20.0,PAVED,TwoWay,PAVED,3,50,NO ACCESS,N,1977.0,138.369883768263
RITTENHOUSE RD,01-Non intersection,09-Right shoulder,01-Clear,01-Daylight,MIDBLOCK,Monday,July,0,RITTENHOUSE RD,4,ROAD,MINOR,15.0,26.0,PAVED,TwoWay,PAVED,6,50,NO ACCESS,Y,1976.0,159.175069010587
RITTENHOUSE RD,01-Non intersection,09-Right shoulder,01-Clear,01-Daylight,MIDBLOCK,Monday,July,0,RITTENHOUSE RD,2,ROAD,MINOR,10.0,20.0,PAVED,TwoWay,PAVED,3,50,NO ACCESS,N,1993.0,70.7164713614827
CANDLE CRES,01-Non intersection,02-Thru lane,01-Clear,01-Daylight,MIDBLOCK,Thursday,December,0,CANDLE CRES,2,ROAD,LOCAL,9.0,18.0,PAVED,TwoWay,PAVED,6,50,NO ACCESS,N,1998.0,399.964935876946
CANDLE CRES,01-Non intersection,09-Right shoulder,01-Clear,01-Daylight,MIDBLOCK,Thursday,February,0,CANDLE CRES,2,ROAD,LOCAL,9.0,18.0,PAVED,TwoWay,PAVED,6,50,NO ACCESS,N,1998.0,399.964935876946
OLD ZELLER DR,04-At/near private drive,02-Thru lane,01-Clear,01-Daylight,MIDBLOCK,Friday,March,0,OLD ZELLER DR,2,ROAD,MINOR,8.0,20.0,PAVED,TwoWay,PAVED,6,50,NO ACCESS,N,2007.0,242.982947100312
OLD ZELLER DR,04-At/near private drive,02-Thru lane,01-Clear,01-Daylight,MIDBLOCK,Friday,March,0,OLD ZELLER DR,2,ROAD,MINOR,8.0,20.0,PAVED,TwoWay,PAVED,6,50,NO ACCESS,N,2007.0,196.27055687793
OLD ZELLER DR,04-At/near private drive,02-Thru lane,01-Clear,01-Daylight,MIDBLOCK,Friday,March,0,OLD ZELLER DR,2,ROAD,MINOR,8.0,20.0,PAVED,TwoWay,GRAVEL,6,50,NO ACCESS,N,2006.0,222.734493176248
OLD ZELLER DR,04-At/near private drive,02-Thru lane,01-Clear,01-Daylight,MIDBLOCK,Friday,March,0,OLD ZELLER DR,2,ROAD,MINOR,8.0,20.0,PAVED,TwoWay,GRAVEL,6,50,NO ACCESS,N,2007.0,259.92662137228297
OLD ZELLER DR,01-Non intersection,02-Thru lane,03-Snow,01-Daylight,MIDBLOCK,Friday,November,0,OLD ZELLER DR,2,ROAD,MINOR,8.0,20.0,PAVED,TwoWay,PAVED,6,50,NO ACCESS,N,2007.0,242.982947100312
OLD ZELLER DR,01-Non intersection,02-Thru lane,03-Snow,01-Daylight,MIDBLOCK,Friday,November,0,OLD ZELLER DR,2,ROAD,MINOR,8.0,20.0,PAVED,TwoWay,PAVED,6,50,NO ACCESS,N,2007.0,196.27055687793
OLD ZELLER DR,01-Non intersection,02-Thru lane,03-Snow,01-Daylight,MIDBLOCK,Friday,November,0,OLD ZELLER DR,2,ROAD,MINOR,8.0,20.0,PAVED,TwoWay,GRAVEL,6,50,NO ACCESS,N,2006.0,222.734493176248
OLD ZELLER DR,01-Non intersection,02-Thru lane,03-Snow,01-Daylight,MIDBLOCK,Friday,November,0,OLD ZELLER DR,2,ROAD,MINOR,8.0,20.0,PAVED,TwoWay,GRAVEL,6,50,NO ACCESS,N,2007.0,259.92662137228297
OLD ZELLER DR,04-At/near private drive,02-Thru lane,01-Clear,01-Daylight,MIDBLOCK,Tuesday,February,0,OLD ZELLER DR,2,ROAD,MINOR,8.0,20.0,PAVED,TwoWay,PAVED,6,50,NO ACCESS,N,2007.0,242.982947100312
OLD ZELLER DR,04-At/near private drive,02-Thru lane,01-Clear,01-Daylight,MIDBLOCK,Tuesday,February,0,OLD ZELLER DR,2,ROAD,MINOR,8.0,20.0,PAVED,TwoWay,PAVED,6,50,NO ACCESS,N,2007.0,196.27055687793
OLD ZELLER DR,04-At/near private drive,02-Thru lane,01-Clear,01-Daylight,MIDBLOCK,Tuesday,February,0,OLD ZELLER DR,2,ROAD,MINOR,8.0,20.0,PAVED,TwoWay,GRAVEL,6,50,NO ACCESS,N,2006.0,222.734493176248
OLD ZELLER DR,04-At/near private drive,02-Thru lane,01-Clear,01-Daylight,MIDBLOCK,Tuesday,February,0,OLD ZELLER DR,2,ROAD,MINOR,8.0,20.0,PAVED,TwoWay,GRAVEL,6,50,NO ACCESS,N,2007.0,259.92662137228297
OLD ZELLER DR,04-At/near private drive,02-Thru lane,01-Clear,01-Daylight,MIDBLOCK,Tuesday,June,0,OLD ZELLER DR,2,ROAD,MINOR,8.0,20.0,PAVED,TwoWay,PAVED,6,50,NO ACCESS,N,2007.0,242.982947100312
OLD ZELLER DR,04-At/near private drive,02-Thru lane,01-Clear,01-Daylight,MIDBLOCK,Tuesday,June,0,OLD ZELLER DR,2,ROAD,MINOR,8.0,20.0,PAVED,TwoWay,PAVED,6,50,NO ACCESS,N,2007.0,196.27055687793
OLD ZELLER DR,04-At/near private drive,02-Thru lane,01-Clear,01-Daylight,MIDBLOCK,Tuesday,June,0,OLD ZELLER DR,2,ROAD,MINOR,8.0,20.0,PAVED,TwoWay,GRAVEL,6,50,NO ACCESS,N,2006.0,222.734493176248
OLD ZELLER DR,04-At/near private drive,02-Thru lane,01-Clear,01-Daylight,MIDBLOCK,Tuesday,June,0,OLD ZELLER DR,2,ROAD,MINOR,8.0,20.0,PAVED,TwoWay,GRAVEL,6,50,NO ACCESS,N,2007.0,259.92662137228297
OLD ZELLER DR,01-Non intersection,02-Thru lane,02-Rain,05-Dusk,MIDBLOCK,Friday,July,0,OLD ZELLER DR,2,ROAD,MINOR,8.0,20.0,PAVED,TwoWay,PAVED,6,50,NO ACCESS,N,2007.0,242.982947100312
OLD ZELLER DR,01-Non intersection,02-Thru lane,02-Rain,05-Dusk,MIDBLOCK,Friday,July,0,OLD ZELLER DR,2,ROAD,MINOR,8.0,20.0,PAVED,TwoWay,PAVED,6,50,NO ACCESS,N,2007.0,196.27055687793
OLD ZELLER DR,01-Non intersection,02-Thru lane,02-Rain,05-Dusk,MIDBLOCK,Friday,July,0,OLD ZELLER DR,2,ROAD,MINOR,8.0,20.0,PAVED,TwoWay,GRAVEL,6,50,NO ACCESS,N,2006.0,222.734493176248
OLD ZELLER DR,01-Non intersection,02-Thru lane,02-Rain,05-Dusk,MIDBLOCK,Friday,July,0,OLD ZELLER DR,2,ROAD,MINOR,8.0,20.0,PAVED,TwoWay,GRAVEL,6,50,NO ACCESS,N,2007.0,259.92662137228297
OLD ZELLER DR,01-Non intersection,09-Right shoulder,03-Snow,01-Daylight,MIDBLOCK,Monday,March,0,OLD ZELLER DR,2,ROAD,MINOR,8.0,20.0,PAVED,TwoWay,PAVED,6,50,NO ACCESS,N,2007.0,242.982947100312
OLD ZELLER DR,01-Non intersection,09-Right shoulder,03-Snow,01-Daylight,MIDBLOCK,Monday,March,0,OLD ZELLER DR,2,ROAD,MINOR,8.0,20.0,PAVED,TwoWay,PAVED,6,50,NO ACCESS,N,2007.0,196.27055687793
OLD ZELLER DR,01-Non intersection,09-Right shoulder,03-Snow,01-Daylight,MIDBLOCK,Monday,March,0,OLD ZELLER DR,2,ROAD,MINOR,8.0,20.0,PAVED,TwoWay,GRAVEL,6,50,NO ACCESS,N,2006.0,222.734493176248
OLD ZELLER DR,01-Non intersection,09-Right shoulder,03-Snow,01-Daylight,MIDBLOCK,Monday,March,0,OLD ZELLER DR,2,ROAD,MINOR,8.0,20.0,PAVED,TwoWay,GRAVEL,6,50,NO ACCESS,N,2007.0,259.92662137228297