LOCATION,ACCIDENT_LOCATION,IMPACT_LOCATION,ENVIRONMENT_CONDITION,LIGHT,COLLISION_TYPE,DAY_OF_WEEK,MONTH,IS_WEEKEND,STREET,LANES,CATEGORY,SUBCATEGORY,PAVEMENT_WIDTH,ROW_WIDTH,SHOULDER,FLOW_DIRECTION,SURFACE_LAYER_TYPE,OFFICIAL_ROAD_CLASSIFICATION,SPEED_LIMIT_KM,TRUCK_ACCESS,BUS_ROUTE,SERVICE_YEAR,Shape__Length
OLD ZELLER DR,04-At/near private drive,02-Thru lane,03-Snow,"08-Dark, artificial",MIDBLOCK,Thursday,December,0,OLD ZELLER DR,2,ROAD,MINOR,8.0,20.0,PAVED,TwoWay,PAVED,6,50,NO ACCESS,N,2007.0,242.982947100312
OLD ZELLER DR,04-At/near private drive,02-Thru lane,03-Snow,"08-Dark, artificial",MIDBLOCK,Thursday,December,0,OLD ZELLER DR,2,ROAD,MINOR,8.0,20.0,PAVED,TwoWay,PAVED,6,50,NO ACCESS,N,2007.0,196.27055687793
OLD ZELLER DR,04-At/near private drive,02-Thru lane,03-Snow,"08-Dark, artificial",MIDBLOCK,Thursday,December,0,OLD ZELLER DR,2,ROAD,MINOR,8.0,20.0,PAVED,TwoWay,GRAVEL,6,50,NO ACCESS,N,2006.0,222.734493176248
OLD ZELLER DR,04-At/near private drive,02-Thru lane,03-Snow,"08-Dark, artificial",MIDBLOCK,Thursday,December,0,OLD ZELLER DR,2,ROAD,MINOR,8.0,20.0,PAVED,TwoWay,GRAVEL,6,50,NO ACCESS,N,2007.0,259.92662137228297
OLD ZELLER DR,04-At/near private drive,02-Thru lane,02-Rain,07-Dark,MIDBLOCK,Tuesday,May,0,OLD ZELLER DR,2,ROAD,MINOR,8.0,20.0,PAVED,TwoWay,PAVED,6,50,NO ACCESS,N,2007.0,242.982947100312
OLD ZELLER DR,04-At/near private drive,02-Thru lane,02-Rain,07-Dark,MIDBLOCK,Tuesday,May,0,OLD ZELLER DR,2,ROAD,MINOR,8.0,20.0,PAVED,TwoWay,PAVED,6,50,NO ACCESS,N,2007.0,196.27055687793
OLD ZELLER DR,04-At/near private drive,02-Thru lane,02-Rain,07-Dark,MIDBLOCK,Tuesday,May,0,OLD ZELLER DR,2,ROAD,MINOR,8.0,20.0,PAVED,TwoWay,GRAVEL,6,50,NO ACCESS,N,2006.0,222.734493176248
OLD ZELLER DR,04-At/near private drive,02-Thru lane,02-Rain,07-Dark,MIDBLOCK,Tuesday,May,0,OLD ZELLER DR,2,ROAD,MINOR,8.0,20.0,PAVED,TwoWay,GRAVEL,6,50,NO ACCESS,N,2007.0,259.92662137228297
OLD CARRIAGE DR,01-Non intersection,11-Not on roadway - right side,01-Clear,01-Daylight,MIDBLOCK,Saturday,January,1,OLD CARRIAGE DR,2,ROAD,LOCAL,10.0,20.0,PAVED,TwoWay,PAVED,6,50,NO ACCESS,Y,1971.0,497.211979467294
OLD CARRIAGE DR,01-Non intersection,11-Not on roadway - right side,01-Clear,01-Daylight,MIDBLOCK,Saturday,January,1,OLD CARRIAGE DR,2,ROAD,LOCAL,10.0,20.0,PAVED,TwoWay,PAVED,6,50,NO ACCESS,Y,1971.0,260.377763186534
OLD CARRIAGE DR,01-Non intersection,02-Thru lane,01-Clear,01-Daylight,MIDBLOCK,Thursday,April,0,OLD CARRIAGE DR,2,ROAD,LOCAL,10.0,20.0,PAVED,TwoWay,PAVED,6,50,NO ACCESS,Y,1971.0,497.211979467294
OLD CARRIAGE DR,01-Non intersection,02-Thru lane,01-Clear,01-Daylight,MIDBLOCK,Thursday,April,0,OLD CARRIAGE DR,2,ROAD,LOCAL,10.0,20.0,PAVED,TwoWay,PAVED,6,50,NO ACCESS,Y,1971.0,260.377763186534
OLD CARRIAGE DR,04-At/near private drive,09-Right shoulder,01-Clear,05-Dusk,MIDBLOCK,Monday,January,0,OLD CARRIAGE DR,2,ROAD,LOCAL,10.0,20.0,PAVED,TwoWay,PAVED,6,50,NO ACCESS,Y,1971.0,497.211979467294
OLD CARRIAGE DR,04-At/near private drive,09-Right shoulder,01-Clear,05-Dusk,MIDBLOCK,Monday,January,0,OLD CARRIAGE DR,2,ROAD,LOCAL,10.0,20.0,PAVED,TwoWay,PAVED,6,50,NO ACCESS,Y,1971.0,260.377763186534
OLD CARRIAGE DR,04-At/near private drive,02-Thru lane,01-Clear,"08-Dark, artificial",MIDBLOCK,Tuesday,September,0,OLD CARRIAGE DR,2,ROAD,LOCAL,10.0,20.0,PAVED,TwoWay,PAVED,6,50,NO ACCESS,Y,1971.0,497.211979467294
OLD CARRIAGE DR,04-At/near private drive,02-Thru lane,01-Clear,"08-Dark, artificial",MIDBLOCK,Tuesday,September,0,OLD CARRIAGE DR,2,ROAD,LOCAL,10.0,20.0,PAVED,TwoWay,PAVED,6,50,NO ACCESS,Y,1971.0,260.377763186534
OLD CARRIAGE DR,10-Parking lot,12-Off highway,01-Clear,01-Daylight,MIDBLOCK,Tuesday,June,0,OLD CARRIAGE DR,2,ROAD,LOCAL,10.0,20.0,PAVED,TwoWay,PAVED,6,50,NO ACCESS,Y,1971.0,497.211979467294
OLD CARRIAGE DR,10-Parking lot,12-Off highway,01-Clear,01-Daylight,MIDBLOCK,Tuesday,June,0,OLD CARRIAGE DR,2,ROAD,LOCAL,10.0,20.0,PAVED,TwoWay,PAVED,6,50,NO ACCESS,Y,1971.0,260.377763186534
OLD CARRIAGE DR,01-Non intersection,02-Thru lane,03-Snow,01-Daylight,MIDBLOCK,Wednesday,March,0,OLD CARRIAGE DR,2,ROAD,LOCAL,10.0,20.0,PAVED,TwoWay,PAVED,6,50,NO ACCESS,Y,1971.0,497.211979467294
OLD CARRIAGE DR,01-Non intersection,02-Thru lane,03-Snow,01-Daylight,MIDBLOCK,Wednesday,March,0,OLD CARRIAGE DR,2,ROAD,LOCAL,10.0,20.0,PAVED,TwoWay,PAVED,6,50,NO ACCESS,Y,1971.0,260.377763186534
OLD CARRIAGE DR,04-At/near private drive,02-Thru lane,01-Clear,01-Daylight,MIDBLOCK,Friday,November,0,OLD CARRIAGE DR,2,ROAD,LOCAL,10.0,20.0,PAVED,TwoWay,PAVED,6,50,NO ACCESS,Y,1971.0,497.211979467294
OLD CARRIAGE DR,04-At/near private drive,02-Thru lane,01-Clear,01-Daylight,MIDBLOCK,Friday,November,0,OLD CARRIAGE DR,2,ROAD,LOCAL,10.0,20.0,PAVED,TwoWay,PAVED,6,50,NO ACCESS,Y,1971.0,260.377763186534
OLD CARRIAGE DR,04-At/near private drive,02-Thru lane,03-Snow,01-Daylight,MIDBLOCK,Friday,November,0,OLD CARRIAGE DR,2,ROAD,LOCAL,10.0,20.0,PAVED,TwoWay,PAVED,6,50,NO ACCESS,Y,1971.0,497.211979467294
OLD CARRIAGE DR,04-At/near private drive,02-Thru lane,03-Snow,01-Daylight,MIDBLOCK,Friday,November,0,OLD CARRIAGE DR,2,ROAD,LOCAL,10.0,20.0,PAVED,TwoWay,PAVED,6,50,NO ACCESS,Y,1971.0,260.377763186534
OLD CARRIAGE DR,04-At/near private drive,02-Thru lane,01-Clear,01-Daylight,MIDBLOCK,Friday,June,0,OLD CARRIAGE DR,2,ROAD,LOCAL,10.0,20.0,PAVED,TwoWay,PAVED,6,50,NO ACCESS,Y,1971.0,497.211979467294
OLD CARRIAGE DR,04-At/near private drive,02-Thru lane,01-Clear,01-Daylight,MIDBLOCK,Friday,June,0,OLD CARRIAGE DR,2,ROAD,LOCAL,10.0,20.0,PAVED,TwoWay,PAVED,6,50,NO ACCESS,Y,1971.0,260.377763186534
OLD CARRIAGE DR,04-At/near private drive,02-Thru lane,01-Clear,01-Daylight,MIDBLOCK,Wednesday,May,0,OLD CARRIAGE DR,2,ROAD,LOCAL,10.0,20.0,PAVED,TwoWay,PAVED,6,50,NO ACCESS,Y,1971.0,497.211979467294
OLD CARRIAGE DR,04-At/near private drive,02-Thru lane,01-Clear,01-Daylight,MIDBLOCK,Wednesday,May,0,OLD CARRIAGE DR,2,ROAD,LOCAL,10.0,20.0,PAVED,TwoWay,PAVED,6,50,NO ACCESS,Y,1971.0,260.377763186534
OLD CARRIAGE DR,04-At/near private drive,02-Thru lane,01-Clear,07-Dark,MIDBLOCK,Sunday,January,1,OLD CARRIAGE DR,2,ROAD,LOCAL,10.0,20.0,PAVED,TwoWay,PAVED,6,50,NO ACCESS,Y,1971.0,497.211979467294
OLD CARRIAGE DR,04-At/near private drive,02-Thru lane,01-Clear,07-Dark,MIDBLOCK,Sunday,January,1,OLD CARRIAGE DR,2,ROAD,LOCAL,10.0,20.0,PAVED,TwoWay,PAVED,6,50,NO ACCESS,Y,1971.0,260.377763186534
OLD CARRIAGE DR,01-Non intersection,02-Thru lane,03-Snow,01-Daylight,MIDBLOCK,Friday,January,0,OLD CARRIAGE DR,2,ROAD,LOCAL,10.0,20.0,PAVED,TwoWay,PAVED,6,50,NO ACCESS,Y,1971.0,497.211979467294
OLD CARRIAGE DR,01-Non intersection,02-Thru lane,03-Snow,01-Daylight,MIDBLOCK,Friday,January,0,OLD CARRIAGE DR,2,ROAD,LOCAL,10.0,20.0,PAVED,TwoWay,PAVED,6,50,NO ACCESS,Y,1971.0,260.377763186534
OLD CARRIAGE DR,04-At/near private drive,02-Thru lane,01-Clear,01-Daylight,MIDBLOCK,Tuesday,October,0,OLD CARRIAGE DR,2,ROAD,LOCAL,10.0,20.0,PAVED,TwoWay,PAVED,6,50,NO ACCESS,Y,1971.0,497.211979467294
OLD CARRIAGE DR,04-At/near private drive,02-Thru lane,01-Clear,01-Daylight,MIDBLOCK,Tuesday,October,0,OLD CARRIAGE DR,2,ROAD,LOCAL,10.0,20.0,PAVED,TwoWay,PAVED,6,50,NO ACCESS,Y,1971.0,260.377763186534
GRACEFIELD CRES,04-At/near private drive,02-Thru lane,01-Clear,01-Daylight,MIDBLOCK,Wednesday,February,0,GRACEFIELD CRES,2,ROAD,LOCAL,9.0,20.0,PAVED,TwoWay,PAVED,6,50,NO ACCESS,N,1971.0,504.145230699364
GRACEFIELD CRES,04-At/near private drive,02-Thru lane,01-Clear,01-Daylight,MIDBLOCK,Tuesday,March,0,GRACEFIELD CRES,2,ROAD,LOCAL,9.0,20.0,PAVED,TwoWay,PAVED,6,50,NO ACCESS,N,1971.0,504.145230699364
DIXON ST,04-At/near private drive,02-Thru lane,01-Clear,07-Dark,MIDBLOCK,Tuesday,April,0,DIXON ST,2,ROAD,MINOR,9.0,20.0,PAVED,TwoWay,PAVED,4,50,NO ACCESS,N,2005.0,288.6906715372
DIXON ST,04-At/near private drive,02-Thru lane,01-Clear,07-Dark,MIDBLOCK,Tuesday,April,0,DIXON ST,2,ROAD,MINOR,9.0,20.0,PAVED,TwoWay,PAVED,4,50,NO ACCESS,N,2005.0,285.741393884364
DIXON ST,04-At/near private drive,02-Thru lane,01-Clear,07-Dark,MIDBLOCK,Tuesday,April,0,DIXON ST,2,ROAD,MINOR,9.0,20.0,PAVED,TwoWay,PAVED,4,50,NO ACCESS,N,2005.0,240.964906335466
DIXON ST,01-Non intersection,02-Thru lane,04-Freezing Rain,01-Daylight,MIDBLOCK,Sunday,February,1,DIXON ST,2,ROAD,MINOR,9.0,20.0,PAVED,TwoWay,PAVED,4,50,NO ACCESS,N,2005.0,288.6906715372
DIXON ST,01-Non intersection,02-Thru lane,04-Freezing Rain,01-Daylight,MIDBLOCK,Sunday,February,1,DIXON ST,2,ROAD,MINOR,9.0,20.0,PAVED,TwoWay,PAVED,4,50,NO ACCESS,N,2005.0,285.741393884364
DIXON ST,01-Non intersection,02-Thru lane,04-Freezing Rain,01-Daylight,MIDBLOCK,Sunday,February,1,DIXON ST,2,ROAD,MINOR,9.0,20.0,PAVED,TwoWay,PAVED,4,50,NO ACCESS,N,2005.0,240.964906335466
DIXON ST,01-Non intersection,02-Thru lane,01-Clear,01-Daylight,MIDBLOCK,Friday,March,0,DIXON ST,2,ROAD,MINOR,9.0,20.0,PAVED,TwoWay,PAVED,4,50,NO ACCESS,N,2005.0,288.6906715372
DIXON ST,01-Non intersection,02-Thru lane,01-Clear,01-Daylight,MIDBLOCK,Friday,March,0,DIXON ST,2,ROAD,MINOR,9.0,20.0,PAVED,TwoWay,PAVED,4,50,NO ACCESS,N,2005.0,285.741393884364
DIXON ST,01-Non intersection,02-Thru lane,01-Clear,01-Daylight,MIDBLOCK,Friday,March,0,DIXON ST,2,ROAD,MINOR,9.0,20.0,PAVED,TwoWay,PAVED,4,50,NO ACCESS,N,2005.0,240.964906335466
DIXON ST,01-Non intersection,02-Thru lane,04-Freezing Rain,"08-Dark, artificial",MIDBLOCK,Wednesday,December,0,DIXON ST,2,ROAD,MINOR,9.0,20.0,PAVED,TwoWay,PAVED,4,50,NO ACCESS,N,2005.0,288.6906715372
DIXON ST,01-Non intersection,02-Thru lane,04-Freezing Rain,"08-Dark, artificial",MIDBLOCK,Wednesday,December,0,DIXON ST,2,ROAD,MINOR,9.0,20.0,PAVED,TwoWay,PAVED,4,50,NO ACCESS,N,2005.0,285.741393884364
DIXON ST,01-Non intersection,02-Thru lane,04-Freezing Rain,"08-Dark, artificial",MIDBLOCK,Wednesday,December,0,DIXON ST,2,ROAD,MINOR,9.0,20.0,PAVED,TwoWay,PAVED,4,50,NO ACCESS,N,2005.0,240.964906335466
DIXON ST,04-At/near private drive,02-Thru lane,01-Clear,07-Dark,MIDBLOCK,Saturday,March,1,DIXON ST,2,ROAD,MINOR,9.0,20.0,PAVED,TwoWay,PAVED,4,50,NO ACCESS,N,2005.0,288.6906715372
DIXON ST,04-At/near private drive,02-Thru lane,01-Clear,07-Dark,MIDBLOCK,Saturday,March,1,DIXON ST,2,ROAD,MINOR,9.0,20.0,PAVED,TwoWay,PAVED,4,50,NO ACCESS,N,2005.0,285.741393884364
DIXON ST,04-At/near private drive,02-Thru lane,01-Clear,07-Dark,MIDBLOCK,Saturday,March,1,DIXON ST,2,ROAD,MINOR,9.0,20.0,PAVED,TwoWay,PAVED,4,50,NO ACCESS,N,2005.0,240.964906335466
DIXON ST,04-At/near private drive,02-Thru lane,01-Clear,01-Daylight,MIDBLOCK,Saturday,August,1,DIXON ST,2,ROAD,MINOR,9.0,20.0,PAVED,TwoWay,PAVED,4,50,NO ACCESS,N,2005.0,288.6906715372
DIXON ST,04-At/near private drive,02-Thru lane,01-Clear,01-Daylight,MIDBLOCK,Saturday,August,1,DIXON ST,2,ROAD,MINOR,9.0,20.0,PAVED,TwoWay,PAVED,4,50,NO ACCESS,N,2005.0,285.741393884364
DIXON ST,04-At/near private drive,02-Thru lane,01-Clear,01-Daylight,MIDBLOCK,Saturday,August,1,DIXON ST,2,ROAD,MINOR,9.0,20.0,PAVED,TwoWay,PAVED,4,50,NO ACCESS,N,2005.0,240.964906335466
DIXON ST,04-At/near private drive,02-Thru lane,01-Clear,01-Daylight,MIDBLOCK,Thursday,August,0,DIXON ST,2,ROAD,MINOR,9.0,20.0,PAVED,TwoWay,PAVED,4,50,NO ACCESS,N,2005.0,288.6906715372
DIXON ST,04-At/near private drive,02-Thru lane,01-Clear,01-Daylight,MIDBLOCK,Thursday,August,0,DIXON ST,2,ROAD,MINOR,9.0,20.0,PAVED,TwoWay,PAVED,4,50,NO ACCESS,N,2005.0,285.741393884364
DIXON ST,04-At/near private drive,02-Thru lane,01-Clear,01-Daylight,MIDBLOCK,Thursday,August,0,DIXON ST,2,ROAD,MINOR,9.0,20.0,PAVED,TwoWay,PAVED,4,50,NO ACCESS,N,2005.0,240.964906335466
DIXON ST,01-Non intersection,02-Thru lane,01-Clear,01-Daylight,MIDBLOCK,Saturday,May,1,DIXON ST,2,ROAD,MINOR,9.0,20.0,PAVED,TwoWay,PAVED,4,50,NO ACCESS,N,2005.0,288.6906715372
DIXON ST,01-Non intersection,02-Thru lane,01-Clear,01-Daylight,MIDBLOCK,Saturday,May,1,DIXON ST,2,ROAD,MINOR,9.0,20.0,PAVED,TwoWay,PAVED,4,50,NO ACCESS,N,2005.0,285.741393884364
DIXON ST,01-Non intersection,02-Thru lane,01-Clear,01-Daylight,MIDBLOCK,Saturday,May,1,DIXON ST,2,ROAD,MINOR,9.0,20.0,PAVED,TwoWay,PAVED,4,50,NO ACCESS,N,2005.0,240.964906335466
DIXON ST,04-At/near private drive,09-Right shoulder,01-Clear,"08-Dark, artificial",MIDBLOCK,Friday,March,0,DIXON ST,2,ROAD,MINOR,9.0,20.0,PAVED,TwoWay,PAVED,4,50,NO ACCESS,N,2005.0,288.6906715372
DIXON ST,04-At/near private drive,09-Right shoulder,01-Clear,"08-Dark, artificial",MIDBLOCK,Friday,March,0,DIXON ST,2,ROAD,MINOR,9.0,20.0,PAVED,TwoWay,PAVED,4,50,NO ACCESS,N,2005.0,285.741393884364
DIXON ST,04-At/near private drive,09-Right shoulder,01-Clear,"08-Dark, artificial",MIDBLOCK,Friday,March,0,DIXON ST,2,ROAD,MINOR,9.0,20.0,PAVED,TwoWay,PAVED,4,50,NO ACCESS,N,2005.0,240.964906335466
DIXON ST,01-Non intersection,02-Thru lane,01-Clear,01-Daylight,MIDBLOCK,Wednesday,April,0,DIXON ST,2,ROAD,MINOR,9.0,20.0,PAVED,TwoWay,PAVED,4,50,NO ACCESS,N,2005.0,288.6906715372
DIXON ST,01-Non intersection,02-Thru lane,01-Clear,01-Daylight,MIDBLOCK,Wednesday,April,0,DIXON ST,2,ROAD,MINOR,9.0,20.0,PAVED,TwoWay,PAVED,4,50,NO ACCESS,N,2005.0,285.741393884364
DIXON ST,01-Non intersection,02-Thru lane,01-Clear,01-Daylight,MIDBLOCK,Wednesday,April,0,DIXON ST,2,ROAD,MINOR,9.0,20.0,PAVED,TwoWay,PAVED,4,50,NO ACCESS,N,2005.0,240.964906335466
DIXON ST,01-Non intersection,02-Thru lane,01-Clear,01-Daylight,MIDBLOCK,Tuesday,October,0,DIXON ST,2,ROAD,MINOR,9.0,20.0,PAVED,TwoWay,PAVED,4,50,NO ACCESS,N,2005.0,288.6906715372
DIXON ST,01-Non intersection,02-Thru lane,01-Clear,01-Daylight,MIDBLOCK,Tuesday,October,0,DIXON ST,2,ROAD,MINOR,9.0,20.0,PAVED,TwoWay,PAVED,4,50,NO ACCESS,N,2005.0,285.741393884364
DIXON ST,01-Non intersection,02-Thru lane,01-Clear,01-Daylight,MIDBLOCK,Tuesday,October,0,DIXON ST,2,ROAD,MINOR,9.0,20.0,PAVED,TwoWay,PAVED,4,50,NO ACCESS,N,2005.0,240.964906335466
DIXON ST,01-Non intersection,02-Thru lane,01-Clear,01-Daylight,MIDBLOCK,Saturday,January,1,DIXON ST,2,ROAD,MINOR,9.0,20.0,PAVED,TwoWay,PAVED,4,50,NO ACCESS,N,2005.0,288.6906715372
DIXON ST,01-Non intersection,02-Thru lane,01-Clear,01-Daylight,MIDBLOCK,Saturday,January,1,DIXON ST,2,ROAD,MINOR,9.0,20.0,PAVED,TwoWay,PAVED,4,50,NO ACCESS,N,2005.0,285.741393884364
DIXON ST,01-Non intersection,02-Thru lane,01-Clear,01-Daylight,MIDBLOCK,Saturday,January,1,DIXON ST,2,ROAD,MINOR,9.0,20.0,PAVED,TwoWay,PAVED,4,50,NO ACCESS,N,2005.0,240.964906335466
DIXON ST,01-Non intersection,02-Thru lane,01-Clear,01-Daylight,MIDBLOCK,Thursday,February,0,DIXON ST,2,ROAD,MINOR,9.0,20.0,PAVED,TwoWay,PAVED,4,50,NO ACCESS,N,2005.0,288.6906715372
DIXON ST,01-Non intersection,02-Thru lane,01-Clear,01-Daylight,MIDBLOCK,Thursday,February,0,DIXON ST,2,ROAD,MINOR,9.0,20.0,PAVED,TwoWay,PAVED,4,50,NO ACCESS,N,2005.0,285.741393884364
DIXON ST,01-Non intersection,02-Thru lane,01-Clear,01-Daylight,MIDBLOCK,Thursday,February,0,DIXON ST,2,ROAD,MINOR,9.0,20.0,PAVED,TwoWay,PAVED,4,50,NO ACCESS,N,2005.0,240.964906335466
DIXON ST,01-Non intersection,02-Thru lane,01-Clear,01-Daylight,MIDBLOCK,Monday,August,0,DIXON ST,2,ROAD,MINOR,9.0,20.0,PAVED,TwoWay,PAVED,4,50,NO ACCESS,N,2005.0,288.6906715372
DIXON ST,01-Non intersection,02-Thru lane,01-Clear,01-Daylight,MIDBLOCK,Monday,August,0,DIXON ST,2,ROAD,MINOR,9.0,20.0,PAVED,TwoWay,PAVED,4,50,NO ACCESS,N,2005.0,285.741393884364
DIXON ST,01-Non intersection,02-Thru lane,01-Clear,01-Daylight,MIDBLOCK,Monday,August,0,DIXON ST,2,ROAD,MINOR,9.0,20.0,PAVED,TwoWay,PAVED,4,50,NO ACCESS,N,2005.0,240.964906335466
DIXON ST,01-Non intersection,02-Thru lane,01-Clear,07-Dark,MIDBLOCK,Sunday,October,1,DIXON ST,2,ROAD,MINOR,9.0,20.0,PAVED,TwoWay,PAVED,4,50,NO ACCESS,N,2005.0,288.6906715372
DIXON ST,01-Non intersection,02-Thru lane,01-Clear,07-Dark,MIDBLOCK,Sunday,October,1,DIXON ST,2,ROAD,MINOR,9.0,20.0,PAVED,TwoWay,PAVED,4,50,NO ACCESS,N,2005.0,285.741393884364
DIXON ST,01-Non intersection,02-Thru lane,01-Clear,07-Dark,MIDBLOCK,Sunday,October,1,DIXON ST,2,ROAD,MINOR,9.0,20.0,PAVED,TwoWay,PAVED,4,50,NO ACCESS,N,2005.0,240.964906335466
VANIER DR,04-At/near private drive,02-Thru lane,01-Clear,01-Daylight,MIDBLOCK,Friday,November,0,VANIER DR,2,ROAD,LOCAL,12.0,20.0,PAVED,TwoWay,PAVED,6,50,NO ACCESS,N,1968.0,114.640948299748
VANIER DR,04-At/near private drive,02-Thru lane,01-Clear,01-Daylight,MIDBLOCK,Friday,November,0,VANIER DR,2,ROAD,MINOR,10.0,20.0,PAVED,TwoWay,PAVED,4,50,NO ACCESS,Y,2005.0,408.89922662812796
VANIER DR,04-At/near private drive,02-Thru lane,01-Clear,01-Daylight,MIDBLOCK,Friday,November,0,VANIER DR,2,ROAD,MINOR,11.0,25.0,PAVED,TwoWay,PAVED,6,50,NO ACCESS,Y,1950.0,147.574455986812
VANIER DR,04-At/near private drive,02-Thru lane,01-Clear,01-Daylight,MIDBLOCK,Friday,November,0,VANIER DR,2,ROAD,MINOR,11.0,27.0,PAVED,TwoWay,PAVED,6,50,NO ACCESS,Y,1977.0,79.0947596609186
VANIER DR,04-At/near private drive,02-Thru lane,01-Clear,01-Daylight,MIDBLOCK,Friday,November,0,VANIER DR,1,BULB,LOCAL,12.0,46.0,PAVED,FromTo,PAVED,6,50,NO ACCESS,N,1968.0,41.1108675710009
VANIER DR,04-At/near private drive,02-Thru lane,01-Clear,01-Daylight,MIDBLOCK,Friday,November,0,VANIER DR,2,ROAD,MINOR,10.0,20.0,PAVED,TwoWay,PAVED,6,50,NO ACCESS,Y,1959.0,111.627086744315
VANIER DR,04-At/near private drive,02-Thru lane,01-Clear,01-Daylight,MIDBLOCK,Friday,November,0,VANIER DR,2,ROAD,MINOR,11.0,20.0,PAVED,TwoWay,PAVED,6,50,NO ACCESS,Y,1954.0,224.4964207063
VANIER DR,04-At/near private drive,02-Thru lane,01-Clear,01-Daylight,MIDBLOCK,Friday,November,0,VANIER DR,2,ROAD,MINOR,14.0,20.0,PAVED,TwoWay,PAVED,4,50,NO ACCESS,Y,2005.0,153.627586635769
VANIER DR,04-At/near private drive,02-Thru lane,01-Clear,01-Daylight,MIDBLOCK,Friday,November,0,VANIER DR,2,ROAD,LOCAL,11.0,20.0,PAVED,TwoWay,PAVED,6,50,NO ACCESS,N,1963.0,144.035250387178
VANIER DR,04-At/near private drive,02-Thru lane,01-Clear,01-Daylight,MIDBLOCK,Saturday,June,1,VANIER DR,2,ROAD,LOCAL,12.0,20.0,PAVED,TwoWay,PAVED,6,50,NO ACCESS,N,1968.0,114.640948299748
VANIER DR,04-At/near private drive,02-Thru lane,01-Clear,01-Daylight,MIDBLOCK,Saturday,June,1,VANIER DR,2,ROAD,MINOR,10.0,20.0,PAVED,TwoWay,PAVED,4,50,NO ACCESS,Y,2005.0,408.89922662812796
VANIER DR,04-At/near private drive,02-Thru lane,01-Clear,01-Daylight,MIDBLOCK,Saturday,June,1,VANIER DR,2,ROAD,MINOR,11.0,25.0,PAVED,TwoWay,PAVED,6,50,NO ACCESS,Y,1950.0,147.574455986812
VANIER DR,04-At/near private drive,02-Thru lane,01-Clear,01-Daylight,MIDBLOCK,Saturday,June,1,VANIER DR,2,ROAD,MINOR,11.0,27.0,PAVED,TwoWay,PAVED,6,50,NO ACCESS,Y,1977.0,79.0947596609186
VANIER DR,04-At/near private drive,02-Thru lane,01-Clear,01-Daylight,MIDBLOCK,Saturday,June,1,VANIER DR,1,BULB,LOCAL,12.0,46.0,PAVED,FromTo,PAVED,6,50,NO ACCESS,N,1968.0,41.1108675710009
VANIER DR,04-At/near private drive,02-Thru lane,01-Clear,01-Daylight,MIDBLOCK,Saturday,June,1,VANIER DR,2,ROAD,MINOR,10.0,20.0,PAVED,TwoWay,PAVED,6,50,NO ACCESS,Y,1959.0,111.627086744315
VANIER DR,04-At/near private drive,02-Thru lane,01-Clear,01-Daylight,MIDBLOCK,Saturday,June,1,VANIER DR,2,ROAD,MINOR,11.0,20.0,PAVED,TwoWay,PAVED,6,50,NO ACCESS,Y,1954.0,224.4964207063
VANIER DR,04-At/near private drive,02-Thru lane,01-Clear,01-Daylight,MIDBLOCK,Saturday,June,1,VANIER DR,2,ROAD,MINOR,14.0,20.0,PAVED,TwoWay,PAVED,4,50,NO ACCESS,Y,2005.0,153.627586635769
VANIER DR,04-At/near private drive,02-Thru lane,01-Clear,01-Daylight,MIDBLOCK,Saturday,June,1,VANIER DR,2,ROAD,LOCAL,11.0,20.0,PAVED,TwoWay,PAVED,6,50,NO ACCESS,N,1963.0,144.035250387178
VANIER DR,04-At/near private drive,02-Thru lane,01-Clear,01-Daylight,MIDBLOCK,Tuesday,September,0,VANIER DR,2,ROAD,LOCAL,12.0,20.0,PAVED,TwoWay,PAVED,6,50,NO ACCESS,N,1968.0,114.640948299748
VANIER DR,04-At/near private drive,02-Thru lane,01-Clear,01-Daylight,MIDBLOCK,Tuesday,September,0,VANIER DR,2,ROAD,MINOR,10.0,20.0,PAVED,TwoWay,PAVED,4,50,NO ACCESS,Y,2005.0,408.89922662812796
VANIER DR,04-At/near private drive,02-Thru lane,01-Clear,01-Daylight,MIDBLOCK,Tuesday,September,0,VANIER DR,2,ROAD,MINOR,11.0,25.0,PAVED,TwoWay,PAVED,6,50,NO ACCESS,Y,1950.0,147.574455986812
VANIER DR,04-At/near private drive,02-Thru lane,01-Clear,01-Daylight,MIDBLOCK,Tuesday,September,0,VANIER DR,2,ROAD,MINOR,11.0,27.0,PAVED,TwoWay,PAVED,6,50,NO ACCESS,Y,1977.0,79.0947596609186
VANIER DR,04-At/near private drive,02-Thru lane,01-Clear,01-Daylight,MIDBLOCK,Tuesday,September,0,VANIER DR,1,BULB,LOCAL,12.0,46.0,PAVED,FromTo,PAVED,6,50,NO ACCESS,N,1968.0,41.1108675710009
VANIER DR,04-At/near private drive,02-Thru lane,01-Clear,01-Daylight,MIDBLOCK,Tuesday,September,0,VANIER DR,2,ROAD,MINOR,10.0,20.0,PAVED,TwoWay,PAVED,6,50,NO ACCESS,Y,1959.0,111.627086744315
VANIER DR,04-At/near private drive,02-Thru lane,01-Clear,01-Daylight,MIDBLOCK,Tuesday,September,0,VANIER DR,2,ROAD,MINOR,11.0,20.0,PAVED,TwoWay,PAVED,6,50,NO ACCESS,Y,1954.0,224.4964207063
VANIER DR,04-At/near private drive,02-Thru lane,01-Clear,01-Daylight,MIDBLOCK,Tuesday,September,0,VANIER DR,2,ROAD,MINOR,14.0,20.0,PAVED,TwoWay,PAVED,4,50,NO ACCESS,Y,2005.0,153.627586635769