LOCATION,ACCIDENT_LOCATION,IMPACT_LOCATION,ENVIRONMENT_CONDITION,LIGHT,COLLISION_TYPE,DAY_OF_WEEK,MONTH,IS_WEEKEND,STREET,LANES,CATEGORY,SUBCATEGORY,PAVEMENT_WIDTH,ROW_WIDTH,SHOULDER,FLOW_DIRECTION,SURFACE_LAYER_TYPE,OFFICIAL_ROAD_CLASSIFICATION,SPEED_LIMIT_KM,TRUCK_ACCESS,BUS_ROUTE,SERVICE_YEAR,Shape__Length
VANIER DR,04-At/near private drive,02-Thru lane,01-Clear,01-Daylight,MIDBLOCK,Tuesday,September,0,VANIER DR,2,ROAD,LOCAL,11.0,20.0,PAVED,TwoWay,PAVED,6,50,NO ACCESS,N,1963.0,144.035250387178
VANIER DR,04-At/near private drive,11-Not on roadway - right side,01-Clear,01-Daylight,MIDBLOCK,Sunday,March,1,VANIER DR,2,ROAD,LOCAL,12.0,20.0,PAVED,TwoWay,PAVED,6,50,NO ACCESS,N,1968.0,114.640948299748
VANIER DR,04-At/near private drive,11-Not on roadway - right side,01-Clear,01-Daylight,MIDBLOCK,Sunday,March,1,VANIER DR,2,ROAD,MINOR,10.0,20.0,PAVED,TwoWay,PAVED,4,50,NO ACCESS,Y,2005.0,408.89922662812796
VANIER DR,04-At/near private drive,11-Not on roadway - right side,01-Clear,01-Daylight,MIDBLOCK,Sunday,March,1,VANIER DR,2,ROAD,MINOR,11.0,25.0,PAVED,TwoWay,PAVED,6,50,NO ACCESS,Y,1950.0,147.574455986812
VANIER DR,04-At/near private drive,11-Not on roadway - right side,01-Clear,01-Daylight,MIDBLOCK,Sunday,March,1,VANIER DR,2,ROAD,MINOR,11.0,27.0,PAVED,TwoWay,PAVED,6,50,NO ACCESS,Y,1977.0,79.0947596609186
VANIER DR,04-At/near private drive,11-Not on roadway - right side,01-Clear,01-Daylight,MIDBLOCK,Sunday,March,1,VANIER DR,1,BULB,LOCAL,12.0,46.0,PAVED,FromTo,PAVED,6,50,NO ACCESS,N,1968.0,41.1108675710009
VANIER DR,04-At/near private drive,11-Not on roadway - right side,01-Clear,01-Daylight,MIDBLOCK,Sunday,March,1,VANIER DR,2,ROAD,MINOR,10.0,20.0,PAVED,TwoWay,PAVED,6,50,NO ACCESS,Y,1959.0,111.627086744315
VANIER DR,04-At/near private drive,11-Not on roadway - right side,01-Clear,01-Daylight,MIDBLOCK,Sunday,March,1,VANIER DR,2,ROAD,MINOR,11.0,20.0,PAVED,TwoWay,PAVED,6,50,NO ACCESS,Y,1954.0,224.4964207063
VANIER DR,04-At/near private drive,11-Not on roadway - right side,01-Clear,01-Daylight,MIDBLOCK,Sunday,March,1,VANIER DR,2,ROAD,MINOR,14.0,20.0,PAVED,TwoWay,PAVED,4,50,NO ACCESS,Y,2005.0,153.627586635769
VANIER DR,04-At/near private drive,11-Not on roadway - right side,01-Clear,01-Daylight,MIDBLOCK,Sunday,March,1,VANIER DR,2,ROAD,LOCAL,11.0,20.0,PAVED,TwoWay,PAVED,6,50,NO ACCESS,N,1963.0,144.035250387178
VANIER DR,04-At/near private drive,02-Thru lane,01-Clear,01-Daylight,MIDBLOCK,Saturday,May,1,VANIER DR,2,ROAD,LOCAL,12.0,20.0,PAVED,TwoWay,PAVED,6,50,NO ACCESS,N,1968.0,114.640948299748
VANIER DR,04-At/near private drive,02-Thru lane,01-Clear,01-Daylight,MIDBLOCK,Saturday,May,1,VANIER DR,2,ROAD,MINOR,10.0,20.0,PAVED,TwoWay,PAVED,4,50,NO ACCESS,Y,2005.0,408.89922662812796
VANIER DR,04-At/near private drive,02-Thru lane,01-Clear,01-Daylight,MIDBLOCK,Saturday,May,1,VANIER DR,2,ROAD,MINOR,11.0,25.0,PAVED,TwoWay,PAVED,6,50,NO ACCESS,Y,1950.0,147.574455986812
VANIER DR,04-At/near private drive,02-Thru lane,01-Clear,01-Daylight,MIDBLOCK,Saturday,May,1,VANIER DR,2,ROAD,MINOR,11.0,27.0,PAVED,TwoWay,PAVED,6,50,NO ACCESS,Y,1977.0,79.0947596609186
VANIER DR,04-At/near private drive,02-Thru lane,01-Clear,01-Daylight,MIDBLOCK,Saturday,May,1,VANIER DR,1,BULB,LOCAL,12.0,46.0,PAVED,FromTo,PAVED,6,50,NO ACCESS,N,1968.0,41.1108675710009
VANIER DR,04-At/near private drive,02-Thru lane,01-Clear,01-Daylight,MIDBLOCK,Saturday,May,1,VANIER DR,2,ROAD,MINOR,10.0,20.0,PAVED,TwoWay,PAVED,6,50,NO ACCESS,Y,1959.0,111.627086744315
VANIER DR,04-At/near private drive,02-Thru lane,01-Clear,01-Daylight,MIDBLOCK,Saturday,May,1,VANIER DR,2,ROAD,MINOR,11.0,20.0,PAVED,TwoWay,PAVED,6,50,NO ACCESS,Y,1954.0,224.4964207063
VANIER DR,04-At/near private drive,02-Thru lane,01-Clear,01-Daylight,MIDBLOCK,Saturday,May,1,VANIER DR,2,ROAD,MINOR,14.0,20.0,PAVED,TwoWay,PAVED,4,50,NO ACCESS,Y,2005.0,153.627586635769
VANIER DR,04-At/near private drive,02-Thru lane,01-Clear,01-Daylight,MIDBLOCK,Saturday,May,1,VANIER DR,2,ROAD,LOCAL,11.0,20.0,PAVED,TwoWay,PAVED,6,50,NO ACCESS,N,1963.0,144.035250387178
VANIER DR,01-Non intersection,02-Thru lane,01-Clear,01-Daylight,MIDBLOCK,Wednesday,July,0,VANIER DR,2,ROAD,LOCAL,12.0,20.0,PAVED,TwoWay,PAVED,6,50,NO ACCESS,N,1968.0,114.640948299748
VANIER DR,01-Non intersection,02-Thru lane,01-Clear,01-Daylight,MIDBLOCK,Wednesday,July,0,VANIER DR,2,ROAD,MINOR,10.0,20.0,PAVED,TwoWay,PAVED,4,50,NO ACCESS,Y,2005.0,408.89922662812796
VANIER DR,01-Non intersection,02-Thru lane,01-Clear,01-Daylight,MIDBLOCK,Wednesday,July,0,VANIER DR,2,ROAD,MINOR,11.0,25.0,PAVED,TwoWay,PAVED,6,50,NO ACCESS,Y,1950.0,147.574455986812
VANIER DR,01-Non intersection,02-Thru lane,01-Clear,01-Daylight,MIDBLOCK,Wednesday,July,0,VANIER DR,2,ROAD,MINOR,11.0,27.0,PAVED,TwoWay,PAVED,6,50,NO ACCESS,Y,1977.0,79.0947596609186
VANIER DR,01-Non intersection,02-Thru lane,01-Clear,01-Daylight,MIDBLOCK,Wednesday,July,0,VANIER DR,1,BULB,LOCAL,12.0,46.0,PAVED,FromTo,PAVED,6,50,NO ACCESS,N,1968.0,41.1108675710009
VANIER DR,01-Non intersection,02-Thru lane,01-Clear,01-Daylight,MIDBLOCK,Wednesday,July,0,VANIER DR,2,ROAD,MINOR,10.0,20.0,PAVED,TwoWay,PAVED,6,50,NO ACCESS,Y,1959.0,111.627086744315
VANIER DR,01-Non intersection,02-Thru lane,01-Clear,01-Daylight,MIDBLOCK,Wednesday,July,0,VANIER DR,2,ROAD,MINOR,11.0,20.0,PAVED,TwoWay,PAVED,6,50,NO ACCESS,Y,1954.0,224.4964207063
VANIER DR,01-Non intersection,02-Thru lane,01-Clear,01-Daylight,MIDBLOCK,Wednesday,July,0,VANIER DR,2,ROAD,MINOR,14.0,20.0,PAVED,TwoWay,PAVED,4,50,NO ACCESS,Y,2005.0,153.627586635769
VANIER DR,01-Non intersection,02-Thru lane,01-Clear,01-Daylight,MIDBLOCK,Wednesday,July,0,VANIER DR,2,ROAD,LOCAL,11.0,20.0,PAVED,TwoWay,PAVED,6,50,NO ACCESS,N,1963.0,144.035250387178
VANIER DR,04-At/near private drive,02-Thru lane,01-Clear,01-Daylight,MIDBLOCK,Sunday,February,1,VANIER DR,2,ROAD,LOCAL,12.0,20.0,PAVED,TwoWay,PAVED,6,50,NO ACCESS,N,1968.0,114.640948299748
VANIER DR,04-At/near private drive,02-Thru lane,01-Clear,01-Daylight,MIDBLOCK,Sunday,February,1,VANIER DR,2,ROAD,MINOR,10.0,20.0,PAVED,TwoWay,PAVED,4,50,NO ACCESS,Y,2005.0,408.89922662812796
VANIER DR,04-At/near private drive,02-Thru lane,01-Clear,01-Daylight,MIDBLOCK,Sunday,February,1,VANIER DR,2,ROAD,MINOR,11.0,25.0,PAVED,TwoWay,PAVED,6,50,NO ACCESS,Y,1950.0,147.574455986812
VANIER DR,04-At/near private drive,02-Thru lane,01-Clear,01-Daylight,MIDBLOCK,Sunday,February,1,VANIER DR,2,ROAD,MINOR,11.0,27.0,PAVED,TwoWay,PAVED,6,50,NO ACCESS,Y,1977.0,79.0947596609186
VANIER DR,04-At/near private drive,02-Thru lane,01-Clear,01-Daylight,MIDBLOCK,Sunday,February,1,VANIER DR,1,BULB,LOCAL,12.0,46.0,PAVED,FromTo,PAVED,6,50,NO ACCESS,N,1968.0,41.1108675710009
VANIER DR,04-At/near private drive,02-Thru lane,01-Clear,01-Daylight,MIDBLOCK,Sunday,February,1,VANIER DR,2,ROAD,MINOR,10.0,20.0,PAVED,TwoWay,PAVED,6,50,NO ACCESS,Y,1959.0,111.627086744315
VANIER DR,04-At/near private drive,02-Thru lane,01-Clear,01-Daylight,MIDBLOCK,Sunday,February,1,VANIER DR,2,ROAD,MINOR,11.0,20.0,PAVED,TwoWay,PAVED,6,50,NO ACCESS,Y,1954.0,224.4964207063
VANIER DR,04-At/near private drive,02-Thru lane,01-Clear,01-Daylight,MIDBLOCK,Sunday,February,1,VANIER DR,2,ROAD,MINOR,14.0,20.0,PAVED,TwoWay,PAVED,4,50,NO ACCESS,Y,2005.0,153.627586635769
VANIER DR,04-At/near private drive,02-Thru lane,01-Clear,01-Daylight,MIDBLOCK,Sunday,February,1,VANIER DR,2,ROAD,LOCAL,11.0,20.0,PAVED,TwoWay,PAVED,6,50,NO ACCESS,N,1963.0,144.035250387178
VANIER DR,01-Non intersection,02-Thru lane,01-Clear,01-Daylight,MIDBLOCK,Friday,October,0,VANIER DR,2,ROAD,LOCAL,12.0,20.0,PAVED,TwoWay,PAVED,6,50,NO ACCESS,N,1968.0,114.640948299748
VANIER DR,01-Non intersection,02-Thru lane,01-Clear,01-Daylight,MIDBLOCK,Friday,October,0,VANIER DR,2,ROAD,MINOR,10.0,20.0,PAVED,TwoWay,PAVED,4,50,NO ACCESS,Y,2005.0,408.89922662812796
VANIER DR,01-Non intersection,02-Thru lane,01-Clear,01-Daylight,MIDBLOCK,Friday,October,0,VANIER DR,2,ROAD,MINOR,11.0,25.0,PAVED,TwoWay,PAVED,6,50,NO ACCESS,Y,1950.0,147.574455986812
VANIER DR,01-Non intersection,02-Thru lane,01-Clear,01-Daylight,MIDBLOCK,Friday,October,0,VANIER DR,2,ROAD,MINOR,11.0,27.0,PAVED,TwoWay,PAVED,6,50,NO ACCESS,Y,1977.0,79.0947596609186
VANIER DR,01-Non intersection,02-Thru lane,01-Clear,01-Daylight,MIDBLOCK,Friday,October,0,VANIER DR,1,BULB,LOCAL,12.0,46.0,PAVED,FromTo,PAVED,6,50,NO ACCESS,N,1968.0,41.1108675710009
VANIER DR,01-Non intersection,02-Thru lane,01-Clear,01-Daylight,MIDBLOCK,Friday,October,0,VANIER DR,2,ROAD,MINOR,10.0,20.0,PAVED,TwoWay,PAVED,6,50,NO ACCESS,Y,1959.0,111.627086744315
VANIER DR,01-Non intersection,02-Thru lane,01-Clear,01-Daylight,MIDBLOCK,Friday,October,0,VANIER DR,2,ROAD,MINOR,11.0,20.0,PAVED,TwoWay,PAVED,6,50,NO ACCESS,Y,1954.0,224.4964207063
VANIER DR,01-Non intersection,02-Thru lane,01-Clear,01-Daylight,MIDBLOCK,Friday,October,0,VANIER DR,2,ROAD,MINOR,14.0,20.0,PAVED,TwoWay,PAVED,4,50,NO ACCESS,Y,2005.0,153.627586635769
VANIER DR,01-Non intersection,02-Thru lane,01-Clear,01-Daylight,MIDBLOCK,Friday,October,0,VANIER DR,2,ROAD,LOCAL,11.0,20.0,PAVED,TwoWay,PAVED,6,50,NO ACCESS,N,1963.0,144.035250387178
VANIER DR,04-At/near private drive,09-Right shoulder,01-Clear,01-Daylight,MIDBLOCK,Tuesday,September,0,VANIER DR,2,ROAD,LOCAL,12.0,20.0,PAVED,TwoWay,PAVED,6,50,NO ACCESS,N,1968.0,114.640948299748
VANIER DR,04-At/near private drive,09-Right shoulder,01-Clear,01-Daylight,MIDBLOCK,Tuesday,September,0,VANIER DR,2,ROAD,MINOR,10.0,20.0,PAVED,TwoWay,PAVED,4,50,NO ACCESS,Y,2005.0,408.89922662812796
VANIER DR,04-At/near private drive,09-Right shoulder,01-Clear,01-Daylight,MIDBLOCK,Tuesday,September,0,VANIER DR,2,ROAD,MINOR,11.0,25.0,PAVED,TwoWay,PAVED,6,50,NO ACCESS,Y,1950.0,147.574455986812
VANIER DR,04-At/near private drive,09-Right shoulder,01-Clear,01-Daylight,MIDBLOCK,Tuesday,September,0,VANIER DR,2,ROAD,MINOR,11.0,27.0,PAVED,TwoWay,PAVED,6,50,NO ACCESS,Y,1977.0,79.0947596609186
VANIER DR,04-At/near private drive,09-Right shoulder,01-Clear,01-Daylight,MIDBLOCK,Tuesday,September,0,VANIER DR,1,BULB,LOCAL,12.0,46.0,PAVED,FromTo,PAVED,6,50,NO ACCESS,N,1968.0,41.1108675710009
VANIER DR,04-At/near private drive,09-Right shoulder,01-Clear,01-Daylight,MIDBLOCK,Tuesday,September,0,VANIER DR,2,ROAD,MINOR,10.0,20.0,PAVED,TwoWay,PAVED,6,50,NO ACCESS,Y,1959.0,111.627086744315
VANIER DR,04-At/near private drive,09-Right shoulder,01-Clear,01-Daylight,MIDBLOCK,Tuesday,September,0,VANIER DR,2,ROAD,MINOR,11.0,20.0,PAVED,TwoWay,PAVED,6,50,NO ACCESS,Y,1954.0,224.4964207063
VANIER DR,04-At/near private drive,09-Right shoulder,01-Clear,01-Daylight,MIDBLOCK,Tuesday,September,0,VANIER DR,2,ROAD,MINOR,14.0,20.0,PAVED,TwoWay,PAVED,4,50,NO ACCESS,Y,2005.0,153.627586635769
VANIER DR,04-At/near private drive,09-Right shoulder,01-Clear,01-Daylight,MIDBLOCK,Tuesday,September,0,VANIER DR,2,ROAD,LOCAL,11.0,20.0,PAVED,TwoWay,PAVED,6,50,NO ACCESS,N,1963.0,144.035250387178
VANIER DR,04-At/near private drive,02-Thru lane,01-Clear,01-Daylight,MIDBLOCK,Tuesday,March,0,VANIER DR,2,ROAD,LOCAL,12.0,20.0,PAVED,TwoWay,PAVED,6,50,NO ACCESS,N,1968.0,114.640948299748
VANIER DR,04-At/near private drive,02-Thru lane,01-Clear,01-Daylight,MIDBLOCK,Tuesday,March,0,VANIER DR,2,ROAD,MINOR,10.0,20.0,PAVED,TwoWay,PAVED,4,50,NO ACCESS,Y,2005.0,408.89922662812796
VANIER DR,04-At/near private drive,02-Thru lane,01-Clear,01-Daylight,MIDBLOCK,Tuesday,March,0,VANIER DR,2,ROAD,MINOR,11.0,25.0,PAVED,TwoWay,PAVED,6,50,NO ACCESS,Y,1950.0,147.574455986812
VANIER DR,04-At/near private drive,02-Thru lane,01-Clear,01-Daylight,MIDBLOCK,Tuesday,March,0,VANIER DR,2,ROAD,MINOR,11.0,27.0,PAVED,TwoWay,PAVED,6,50,NO ACCESS,Y,1977.0,79.0947596609186
VANIER DR,04-At/near private drive,02-Thru lane,01-Clear,01-Daylight,MIDBLOCK,Tuesday,March,0,VANIER DR,1,BULB,LOCAL,12.0,46.0,PAVED,FromTo,PAVED,6,50,NO ACCESS,N,1968.0,41.1108675710009
VANIER DR,04-At/near private drive,02-Thru lane,01-Clear,01-Daylight,MIDBLOCK,Tuesday,March,0,VANIER DR,2,ROAD,MINOR,10.0,20.0,PAVED,TwoWay,PAVED,6,50,NO ACCESS,Y,1959.0,111.627086744315
VANIER DR,04-At/near private drive,02-Thru lane,01-Clear,01-Daylight,MIDBLOCK,Tuesday,March,0,VANIER DR,2,ROAD,MINOR,11.0,20.0,PAVED,TwoWay,PAVED,6,50,NO ACCESS,Y,1954.0,224.4964207063
VANIER DR,04-At/near private drive,02-Thru lane,01-Clear,01-Daylight,MIDBLOCK,Tuesday,March,0,VANIER DR,2,ROAD,MINOR,14.0,20.0,PAVED,TwoWay,PAVED,4,50,NO ACCESS,Y,2005.0,153.627586635769
VANIER DR,04-At/near private drive,02-Thru lane,01-Clear,01-Daylight,MIDBLOCK,Tuesday,March,0,VANIER DR,2,ROAD,LOCAL,11.0,20.0,PAVED,TwoWay,PAVED,6,50,NO ACCESS,N,1963.0,144.035250387178
VANIER DR,99-Other,12-Off highway,01-Clear,01-Daylight,MIDBLOCK,Saturday,February,1,VANIER DR,2,ROAD,LOCAL,12.0,20.0,PAVED,TwoWay,PAVED,6,50,NO ACCESS,N,1968.0,114.640948299748
VANIER DR,99-Other,12-Off highway,01-Clear,01-Daylight,MIDBLOCK,Saturday,February,1,VANIER DR,2,ROAD,MINOR,10.0,20.0,PAVED,TwoWay,PAVED,4,50,NO ACCESS,Y,2005.0,408.89922662812796
VANIER DR,99-Other,12-Off highway,01-Clear,01-Daylight,MIDBLOCK,Saturday,February,1,VANIER DR,2,ROAD,MINOR,11.0,25.0,PAVED,TwoWay,PAVED,6,50,NO ACCESS,Y,1950.0,147.574455986812
VANIER DR,99-Other,12-Off highway,01-Clear,01-Daylight,MIDBLOCK,Saturday,February,1,VANIER DR,2,ROAD,MINOR,11.0,27.0,PAVED,TwoWay,PAVED,6,50,NO ACCESS,Y,1977.0,79.0947596609186
VANIER DR,99-Other,12-Off highway,01-Clear,01-Daylight,MIDBLOCK,Saturday,February,1,VANIER DR,1,BULB,LOCAL,12.0,46.0,PAVED,FromTo,PAVED,6,50,NO ACCESS,N,1968.0,41.1108675710009
VANIER DR,99-Other,12-Off highway,01-Clear,01-Daylight,MIDBLOCK,Saturday,February,1,VANIER DR,2,ROAD,MINOR,10.0,20.0,PAVED,TwoWay,PAVED,6,50,NO ACCESS,Y,1959.0,111.627086744315
VANIER DR,99-Other,12-Off highway,01-Clear,01-Daylight,MIDBLOCK,Saturday,February,1,VANIER DR,2,ROAD,MINOR,11.0,20.0,PAVED,TwoWay,PAVED,6,50,NO ACCESS,Y,1954.0,224.4964207063
VANIER DR,99-Other,12-Off highway,01-Clear,01-Daylight,MIDBLOCK,Saturday,February,1,VANIER DR,2,ROAD,MINOR,14.0,20.0,PAVED,TwoWay,PAVED,4,50,NO ACCESS,Y,2005.0,153.627586635769
VANIER DR,99-Other,12-Off highway,01-Clear,01-Daylight,MIDBLOCK,Saturday,February,1,VANIER DR,2,ROAD,LOCAL,11.0,20.0,PAVED,TwoWay,PAVED,6,50,NO ACCESS,N,1963.0,144.035250387178
VANIER DR,01-Non intersection,02-Thru lane,01-Clear,01-Daylight,MIDBLOCK,Tuesday,August,0,VANIER DR,2,ROAD,LOCAL,12.0,20.0,PAVED,TwoWay,PAVED,6,50,NO ACCESS,N,1968.0,114.640948299748
VANIER DR,01-Non intersection,02-Thru lane,01-Clear,01-Daylight,MIDBLOCK,Tuesday,August,0,VANIER DR,2,ROAD,MINOR,10.0,20.0,PAVED,TwoWay,PAVED,4,50,NO ACCESS,Y,2005.0,408.89922662812796
VANIER DR,01-Non intersection,02-Thru lane,01-Clear,01-Daylight,MIDBLOCK,Tuesday,August,0,VANIER DR,2,ROAD,MINOR,11.0,25.0,PAVED,TwoWay,PAVED,6,50,NO ACCESS,Y,1950.0,147.574455986812
VANIER DR,01-Non intersection,02-Thru lane,01-Clear,01-Daylight,MIDBLOCK,Tuesday,August,0,VANIER DR,2,ROAD,MINOR,11.0,27.0,PAVED,TwoWay,PAVED,6,50,NO ACCESS,Y,1977.0,79.0947596609186
VANIER DR,01-Non intersection,02-Thru lane,01-Clear,01-Daylight,MIDBLOCK,Tuesday,August,0,VANIER DR,1,BULB,LOCAL,12.0,46.0,PAVED,FromTo,PAVED,6,50,NO ACCESS,N,1968.0,41.1108675710009
VANIER DR,01-Non intersection,02-Thru lane,01-Clear,01-Daylight,MIDBLOCK,Tuesday,August,0,VANIER DR,2,ROAD,MINOR,10.0,20.0,PAVED,TwoWay,PAVED,6,50,NO ACCESS,Y,1959.0,111.627086744315
VANIER DR,01-Non intersection,02-Thru lane,01-Clear,01-Daylight,MIDBLOCK,Tuesday,August,0,VANIER DR,2,ROAD,MINOR,11.0,20.0,PAVED,TwoWay,PAVED,6,50,NO ACCESS,Y,1954.0,224.4964207063
VANIER DR,01-Non intersection,02-Thru lane,01-Clear,01-Daylight,MIDBLOCK,Tuesday,August,0,VANIER DR,2,ROAD,MINOR,14.0,20.0,PAVED,TwoWay,PAVED,4,50,NO ACCESS,Y,2005.0,153.627586635769
VANIER DR,01-Non intersection,02-Thru lane,01-Clear,01-Daylight,MIDBLOCK,Tuesday,August,0,VANIER DR,2,ROAD,LOCAL,11.0,20.0,PAVED,TwoWay,PAVED,6,50,NO ACCESS,N,1963.0,144.035250387178
VANIER DR,04-At/near private drive,02-Thru lane,01-Clear,01-Daylight,MIDBLOCK,Friday,June,0,VANIER DR,2,ROAD,LOCAL,12.0,20.0,PAVED,TwoWay,PAVED,6,50,NO ACCESS,N,1968.0,114.640948299748
VANIER DR,04-At/near private drive,02-Thru lane,01-Clear,01-Daylight,MIDBLOCK,Friday,June,0,VANIER DR,2,ROAD,MINOR,10.0,20.0,PAVED,TwoWay,PAVED,4,50,NO ACCESS,Y,2005.0,408.89922662812796
VANIER DR,04-At/near private drive,02-Thru lane,01-Clear,01-Daylight,MIDBLOCK,Friday,June,0,VANIER DR,2,ROAD,MINOR,11.0,25.0,PAVED,TwoWay,PAVED,6,50,NO ACCESS,Y,1950.0,147.574455986812
VANIER DR,04-At/near private drive,02-Thru lane,01-Clear,01-Daylight,MIDBLOCK,Friday,June,0,VANIER DR,2,ROAD,MINOR,11.0,27.0,PAVED,TwoWay,PAVED,6,50,NO ACCESS,Y,1977.0,79.0947596609186
VANIER DR,04-At/near private drive,02-Thru lane,01-Clear,01-Daylight,MIDBLOCK,Friday,June,0,VANIER DR,1,BULB,LOCAL,12.0,46.0,PAVED,FromTo,PAVED,6,50,NO ACCESS,N,1968.0,41.1108675710009
VANIER DR,04-At/near private drive,02-Thru lane,01-Clear,01-Daylight,MIDBLOCK,Friday,June,0,VANIER DR,2,ROAD,MINOR,10.0,20.0,PAVED,TwoWay,PAVED,6,50,NO ACCESS,Y,1959.0,111.627086744315
VANIER DR,04-At/near private drive,02-Thru lane,01-Clear,01-Daylight,MIDBLOCK,Friday,June,0,VANIER DR,2,ROAD,MINOR,11.0,20.0,PAVED,TwoWay,PAVED,6,50,NO ACCESS,Y,1954.0,224.4964207063
VANIER DR,04-At/near private drive,02-Thru lane,01-Clear,01-Daylight,MIDBLOCK,Friday,June,0,VANIER DR,2,ROAD,MINOR,14.0,20.0,PAVED,TwoWay,PAVED,4,50,NO ACCESS,Y,2005.0,153.627586635769
VANIER DR,04-At/near private drive,02-Thru lane,01-Clear,01-Daylight,MIDBLOCK,Friday,June,0,VANIER DR,2,ROAD,LOCAL,11.0,20.0,PAVED,TwoWay,PAVED,6,50,NO ACCESS,N,1963.0,144.035250387178
VANIER DR,01-Non intersection,02-Thru lane,01-Clear,"08-Dark, artificial",MIDBLOCK,Thursday,November,0,VANIER DR,2,ROAD,LOCAL,12.0,20.0,PAVED,TwoWay,PAVED,6,50,NO ACCESS,N,1968.0,114.640948299748
VANIER DR,01-Non intersection,02-Thru lane,01-Clear,"08-Dark, artificial",MIDBLOCK,Thursday,November,0,VANIER DR,2,ROAD,MINOR,10.0,20.0,PAVED,TwoWay,PAVED,4,50,NO ACCESS,Y,2005.0,408.89922662812796
VANIER DR,01-Non intersection,02-Thru lane,01-Clear,"08-Dark, artificial",MIDBLOCK,Thursday,November,0,VANIER DR,2,ROAD,MINOR,11.0,25.0,PAVED,TwoWay,PAVED,6,50,NO ACCESS,Y,1950.0,147.574455986812
VANIER DR,01-Non intersection,02-Thru lane,01-Clear,"08-Dark, artificial",MIDBLOCK,Thursday,November,0,VANIER DR,2,ROAD,MINOR,11.0,27.0,PAVED,TwoWay,PAVED,6,50,NO ACCESS,Y,1977.0,79.0947596609186
VANIER DR,01-Non intersection,02-Thru lane,01-Clear,"08-Dark, artificial",MIDBLOCK,Thursday,November,0,VANIER DR,1,BULB,LOCAL,12.0,46.0,PAVED,FromTo,PAVED,6,50,NO ACCESS,N,1968.0,41.1108675710009
VANIER DR,01-Non intersection,02-Thru lane,01-Clear,"08-Dark, artificial",MIDBLOCK,Thursday,November,0,VANIER DR,2,ROAD,MINOR,10.0,20.0,PAVED,TwoWay,PAVED,6,50,NO ACCESS,Y,1959.0,111.627086744315
VANIER DR,01-Non intersection,02-Thru lane,01-Clear,"08-Dark, artificial",MIDBLOCK,Thursday,November,0,VANIER DR,2,ROAD,MINOR,11.0,20.0,PAVED,TwoWay,PAVED,6,50,NO ACCESS,Y,1954.0,224.4964207063
VANIER DR,01-Non intersection,02-Thru lane,01-Clear,"08-Dark, artificial",MIDBLOCK,Thursday,November,0,VANIER DR,2,ROAD,MINOR,14.0,20.0,PAVED,TwoWay,PAVED,4,50,NO ACCESS,Y,2005.0,153.627586635769
VANIER DR,01-Non intersection,02-Thru lane,01-Clear,"08-Dark, artificial",MIDBLOCK,Thursday,November,0,VANIER DR,2,ROAD,LOCAL,11.0,20.0,PAVED,TwoWay,PAVED,6,50,NO ACCESS,N,1963.0,144.035250387178
VANIER DR,01-Non intersection,02-Thru lane,01-Clear,01-Daylight,MIDBLOCK,Saturday,February,1,VANIER DR,2,ROAD,LOCAL,12.0,20.0,PAVED,TwoWay,PAVED,6,50,NO ACCESS,N,1968.0,114.640948299748
VANIER DR,01-Non intersection,02-Thru lane,01-Clear,01-Daylight,MIDBLOCK,Saturday,February,1,VANIER DR,2,ROAD,MINOR,10.0,20.0,PAVED,TwoWay,PAVED,4,50,NO ACCESS,Y,2005.0,408.89922662812796
VANIER DR,01-Non intersection,02-Thru lane,01-Clear,01-Daylight,MIDBLOCK,Saturday,February,1,VANIER DR,2,ROAD,MINOR,11.0,25.0,PAVED,TwoWay,PAVED,6,50,NO ACCESS,Y,1950.0,147.574455986812
VANIER DR,01-Non intersection,02-Thru lane,01-Clear,01-Daylight,MIDBLOCK,Saturday,February,1,VANIER DR,2,ROAD,MINOR,11.0,27.0,PAVED,TwoWay,PAVED,6,50,NO ACCESS,Y,1977.0,79.0947596609186
VANIER DR,01-Non intersection,02-Thru lane,01-Clear,01-Daylight,MIDBLOCK,Saturday,February,1,VANIER DR,1,BULB,LOCAL,12.0,46.0,PAVED,FromTo,PAVED,6,50,NO ACCESS,N,1968.0,41.1108675710009
VANIER DR,01-Non intersection,02-Thru lane,01-Clear,01-Daylight,MIDBLOCK,Saturday,February,1,VANIER DR,2,ROAD,MINOR,10.0,20.0,PAVED,TwoWay,PAVED,6,50,NO ACCESS,Y,1959.0,111.627086744315
VANIER DR,01-Non intersection,02-Thru lane,01-Clear,01-Daylight,MIDBLOCK,Saturday,February,1,VANIER DR,2,ROAD,MINOR,11.0,20.0,PAVED,TwoWay,PAVED,6,50,NO ACCESS,Y,1954.0,224.4964207063
VANIER DR,01-Non intersection,02-Thru lane,01-Clear,01-Daylight,MIDBLOCK,Saturday,February,1,VANIER DR,2,ROAD,MINOR,14.0,20.0,PAVED,TwoWay,PAVED,4,50,NO ACCESS,Y,2005.0,153.627586635769