LOCATION,ACCIDENT_LOCATION,IMPACT_LOCATION,ENVIRONMENT_CONDITION,LIGHT,COLLISION_TYPE,DAY_OF_WEEK,MONTH,IS_WEEKEND,STREET,LANES,CATEGORY,SUBCATEGORY,PAVEMENT_WIDTH,ROW_WIDTH,SHOULDER,FLOW_DIRECTION,SURFACE_LAYER_TYPE,OFFICIAL_ROAD_CLASSIFICATION,SPEED_LIMIT_KM,TRUCK_ACCESS,BUS_ROUTE,SERVICE_YEAR,Shape__Length
WESTWOOD DR,01-Non intersection,02-Thru lane,03-Snow,"08-Dark, artificial",MIDBLOCK,Thursday,November,0,WESTWOOD DR,2,ROAD,MINOR,9.0,20.0,PAVED,TwoWay,PAVED,4,40,NO ACCESS,Y,1966.0,110.447643446138
WESTWOOD DR,01-Non intersection,02-Thru lane,03-Snow,"08-Dark, artificial",MIDBLOCK,Thursday,November,0,WESTWOOD DR,2,ROAD,MINOR,9.0,20.0,PAVED,TwoWay,PAVED,4,40,NO ACCESS,Y,1966.0,68.4024176106726
WESTWOOD DR,01-Non intersection,02-Thru lane,03-Snow,"08-Dark, artificial",MIDBLOCK,Thursday,November,0,WESTWOOD DR,2,ROAD,MINOR,9.0,20.0,PAVED,TwoWay,PAVED,4,40,NO ACCESS,Y,1966.0,63.1279302484981
WESTWOOD DR,04-At/near private drive,02-Thru lane,01-Clear,"08-Dark, artificial",MIDBLOCK,Thursday,October,0,WESTWOOD DR,2,ROAD,MINOR,9.0,20.0,PAVED,TwoWay,PAVED,4,40,NO ACCESS,Y,2001.0,104.265196310692
WESTWOOD DR,04-At/near private drive,02-Thru lane,01-Clear,"08-Dark, artificial",MIDBLOCK,Thursday,October,0,WESTWOOD DR,2,ROAD,MINOR,9.0,20.0,PAVED,TwoWay,PAVED,4,40,NO ACCESS,Y,1966.0,128.337099329213
WESTWOOD DR,04-At/near private drive,02-Thru lane,01-Clear,"08-Dark, artificial",MIDBLOCK,Thursday,October,0,WESTWOOD DR,2,ROAD,MINOR,9.0,20.0,PAVED,TwoWay,PAVED,4,40,NO ACCESS,Y,2001.0,82.0773766444719
WESTWOOD DR,04-At/near private drive,02-Thru lane,01-Clear,"08-Dark, artificial",MIDBLOCK,Thursday,October,0,WESTWOOD DR,2,ROAD,MINOR,9.0,20.0,PAVED,TwoWay,PAVED,4,50,NO ACCESS,Y,2001.0,371.5678750328929
WESTWOOD DR,04-At/near private drive,02-Thru lane,01-Clear,"08-Dark, artificial",MIDBLOCK,Thursday,October,0,WESTWOOD DR,2,ROAD,MINOR,9.0,20.0,PAVED,TwoWay,PAVED,4,50,NO ACCESS,Y,2001.0,273.879893750547
WESTWOOD DR,04-At/near private drive,02-Thru lane,01-Clear,"08-Dark, artificial",MIDBLOCK,Thursday,October,0,WESTWOOD DR,2,ROAD,MINOR,9.0,20.0,PAVED,TwoWay,PAVED,4,40,NO ACCESS,Y,2001.0,146.529148145566
WESTWOOD DR,04-At/near private drive,02-Thru lane,01-Clear,"08-Dark, artificial",MIDBLOCK,Thursday,October,0,WESTWOOD DR,2,ROAD,MINOR,9.0,20.0,PAVED,TwoWay,PAVED,4,40,NO ACCESS,Y,1966.0,110.447643446138
WESTWOOD DR,04-At/near private drive,02-Thru lane,01-Clear,"08-Dark, artificial",MIDBLOCK,Thursday,October,0,WESTWOOD DR,2,ROAD,MINOR,9.0,20.0,PAVED,TwoWay,PAVED,4,40,NO ACCESS,Y,1966.0,68.4024176106726
WESTWOOD DR,04-At/near private drive,02-Thru lane,01-Clear,"08-Dark, artificial",MIDBLOCK,Thursday,October,0,WESTWOOD DR,2,ROAD,MINOR,9.0,20.0,PAVED,TwoWay,PAVED,4,40,NO ACCESS,Y,1966.0,63.1279302484981
WESTWOOD DR,04-At/near private drive,02-Thru lane,01-Clear,01-Daylight,MIDBLOCK,Friday,September,0,WESTWOOD DR,2,ROAD,MINOR,9.0,20.0,PAVED,TwoWay,PAVED,4,40,NO ACCESS,Y,2001.0,104.265196310692
WESTWOOD DR,04-At/near private drive,02-Thru lane,01-Clear,01-Daylight,MIDBLOCK,Friday,September,0,WESTWOOD DR,2,ROAD,MINOR,9.0,20.0,PAVED,TwoWay,PAVED,4,40,NO ACCESS,Y,1966.0,128.337099329213
WESTWOOD DR,04-At/near private drive,02-Thru lane,01-Clear,01-Daylight,MIDBLOCK,Friday,September,0,WESTWOOD DR,2,ROAD,MINOR,9.0,20.0,PAVED,TwoWay,PAVED,4,40,NO ACCESS,Y,2001.0,82.0773766444719
WESTWOOD DR,04-At/near private drive,02-Thru lane,01-Clear,01-Daylight,MIDBLOCK,Friday,September,0,WESTWOOD DR,2,ROAD,MINOR,9.0,20.0,PAVED,TwoWay,PAVED,4,50,NO ACCESS,Y,2001.0,371.5678750328929
WESTWOOD DR,04-At/near private drive,02-Thru lane,01-Clear,01-Daylight,MIDBLOCK,Friday,September,0,WESTWOOD DR,2,ROAD,MINOR,9.0,20.0,PAVED,TwoWay,PAVED,4,50,NO ACCESS,Y,2001.0,273.879893750547
WESTWOOD DR,04-At/near private drive,02-Thru lane,01-Clear,01-Daylight,MIDBLOCK,Friday,September,0,WESTWOOD DR,2,ROAD,MINOR,9.0,20.0,PAVED,TwoWay,PAVED,4,40,NO ACCESS,Y,2001.0,146.529148145566
WESTWOOD DR,04-At/near private drive,02-Thru lane,01-Clear,01-Daylight,MIDBLOCK,Friday,September,0,WESTWOOD DR,2,ROAD,MINOR,9.0,20.0,PAVED,TwoWay,PAVED,4,40,NO ACCESS,Y,1966.0,110.447643446138
WESTWOOD DR,04-At/near private drive,02-Thru lane,01-Clear,01-Daylight,MIDBLOCK,Friday,September,0,WESTWOOD DR,2,ROAD,MINOR,9.0,20.0,PAVED,TwoWay,PAVED,4,40,NO ACCESS,Y,1966.0,68.4024176106726
WESTWOOD DR,04-At/near private drive,02-Thru lane,01-Clear,01-Daylight,MIDBLOCK,Friday,September,0,WESTWOOD DR,2,ROAD,MINOR,9.0,20.0,PAVED,TwoWay,PAVED,4,40,NO ACCESS,Y,1966.0,63.1279302484981
WESTWOOD DR,01-Non intersection,10-Not on roadway - left side,99-Other,01-Daylight,MIDBLOCK,Saturday,January,1,WESTWOOD DR,2,ROAD,MINOR,9.0,20.0,PAVED,TwoWay,PAVED,4,40,NO ACCESS,Y,2001.0,104.265196310692
WESTWOOD DR,01-Non intersection,10-Not on roadway - left side,99-Other,01-Daylight,MIDBLOCK,Saturday,January,1,WESTWOOD DR,2,ROAD,MINOR,9.0,20.0,PAVED,TwoWay,PAVED,4,40,NO ACCESS,Y,1966.0,128.337099329213
WESTWOOD DR,01-Non intersection,10-Not on roadway - left side,99-Other,01-Daylight,MIDBLOCK,Saturday,January,1,WESTWOOD DR,2,ROAD,MINOR,9.0,20.0,PAVED,TwoWay,PAVED,4,40,NO ACCESS,Y,2001.0,82.0773766444719
WESTWOOD DR,01-Non intersection,10-Not on roadway - left side,99-Other,01-Daylight,MIDBLOCK,Saturday,January,1,WESTWOOD DR,2,ROAD,MINOR,9.0,20.0,PAVED,TwoWay,PAVED,4,50,NO ACCESS,Y,2001.0,371.5678750328929
WESTWOOD DR,01-Non intersection,10-Not on roadway - left side,99-Other,01-Daylight,MIDBLOCK,Saturday,January,1,WESTWOOD DR,2,ROAD,MINOR,9.0,20.0,PAVED,TwoWay,PAVED,4,50,NO ACCESS,Y,2001.0,273.879893750547
WESTWOOD DR,01-Non intersection,10-Not on roadway - left side,99-Other,01-Daylight,MIDBLOCK,Saturday,January,1,WESTWOOD DR,2,ROAD,MINOR,9.0,20.0,PAVED,TwoWay,PAVED,4,40,NO ACCESS,Y,2001.0,146.529148145566
WESTWOOD DR,01-Non intersection,10-Not on roadway - left side,99-Other,01-Daylight,MIDBLOCK,Saturday,January,1,WESTWOOD DR,2,ROAD,MINOR,9.0,20.0,PAVED,TwoWay,PAVED,4,40,NO ACCESS,Y,1966.0,110.447643446138
WESTWOOD DR,01-Non intersection,10-Not on roadway - left side,99-Other,01-Daylight,MIDBLOCK,Saturday,January,1,WESTWOOD DR,2,ROAD,MINOR,9.0,20.0,PAVED,TwoWay,PAVED,4,40,NO ACCESS,Y,1966.0,68.4024176106726
WESTWOOD DR,01-Non intersection,10-Not on roadway - left side,99-Other,01-Daylight,MIDBLOCK,Saturday,January,1,WESTWOOD DR,2,ROAD,MINOR,9.0,20.0,PAVED,TwoWay,PAVED,4,40,NO ACCESS,Y,1966.0,63.1279302484981
WESTWOOD DR,04-At/near private drive,02-Thru lane,01-Clear,01-Daylight,MIDBLOCK,Monday,November,0,WESTWOOD DR,2,ROAD,MINOR,9.0,20.0,PAVED,TwoWay,PAVED,4,40,NO ACCESS,Y,2001.0,104.265196310692
WESTWOOD DR,04-At/near private drive,02-Thru lane,01-Clear,01-Daylight,MIDBLOCK,Monday,November,0,WESTWOOD DR,2,ROAD,MINOR,9.0,20.0,PAVED,TwoWay,PAVED,4,40,NO ACCESS,Y,1966.0,128.337099329213
WESTWOOD DR,04-At/near private drive,02-Thru lane,01-Clear,01-Daylight,MIDBLOCK,Monday,November,0,WESTWOOD DR,2,ROAD,MINOR,9.0,20.0,PAVED,TwoWay,PAVED,4,40,NO ACCESS,Y,2001.0,82.0773766444719
WESTWOOD DR,04-At/near private drive,02-Thru lane,01-Clear,01-Daylight,MIDBLOCK,Monday,November,0,WESTWOOD DR,2,ROAD,MINOR,9.0,20.0,PAVED,TwoWay,PAVED,4,50,NO ACCESS,Y,2001.0,371.5678750328929
WESTWOOD DR,04-At/near private drive,02-Thru lane,01-Clear,01-Daylight,MIDBLOCK,Monday,November,0,WESTWOOD DR,2,ROAD,MINOR,9.0,20.0,PAVED,TwoWay,PAVED,4,50,NO ACCESS,Y,2001.0,273.879893750547
WESTWOOD DR,04-At/near private drive,02-Thru lane,01-Clear,01-Daylight,MIDBLOCK,Monday,November,0,WESTWOOD DR,2,ROAD,MINOR,9.0,20.0,PAVED,TwoWay,PAVED,4,40,NO ACCESS,Y,2001.0,146.529148145566
WESTWOOD DR,04-At/near private drive,02-Thru lane,01-Clear,01-Daylight,MIDBLOCK,Monday,November,0,WESTWOOD DR,2,ROAD,MINOR,9.0,20.0,PAVED,TwoWay,PAVED,4,40,NO ACCESS,Y,1966.0,110.447643446138
WESTWOOD DR,04-At/near private drive,02-Thru lane,01-Clear,01-Daylight,MIDBLOCK,Monday,November,0,WESTWOOD DR,2,ROAD,MINOR,9.0,20.0,PAVED,TwoWay,PAVED,4,40,NO ACCESS,Y,1966.0,68.4024176106726
WESTWOOD DR,04-At/near private drive,02-Thru lane,01-Clear,01-Daylight,MIDBLOCK,Monday,November,0,WESTWOOD DR,2,ROAD,MINOR,9.0,20.0,PAVED,TwoWay,PAVED,4,40,NO ACCESS,Y,1966.0,63.1279302484981
OLD COUNTRY DR,01-Non intersection,02-Thru lane,01-Clear,01-Daylight,MIDBLOCK,Wednesday,July,0,OLD COUNTRY DR,2,ROAD,MINOR,10.0,20.0,PAVED,TwoWay,PAVED,4,50,NO ACCESS,N,1972.0,17.7487753387157
OLD COUNTRY DR,01-Non intersection,02-Thru lane,01-Clear,01-Daylight,MIDBLOCK,Wednesday,July,0,OLD COUNTRY DR,2,ROAD,MINOR,10.0,20.0,PAVED,TwoWay,PAVED,4,50,NO ACCESS,N,2004.0,51.3276468730686
OLD COUNTRY DR,01-Non intersection,02-Thru lane,01-Clear,01-Daylight,MIDBLOCK,Wednesday,July,0,OLD COUNTRY DR,2,ROAD,MINOR,10.0,20.0,PAVED,TwoWay,PAVED,4,50,NO ACCESS,N,2004.0,187.175761546802
OLD COUNTRY DR,01-Non intersection,02-Thru lane,01-Clear,01-Daylight,MIDBLOCK,Wednesday,July,0,OLD COUNTRY DR,2,ROAD,MINOR,10.0,20.0,PAVED,TwoWay,PAVED,4,50,NO ACCESS,Y,2004.0,217.1944443141949
OLD COUNTRY DR,01-Non intersection,02-Thru lane,01-Clear,01-Daylight,MIDBLOCK,Wednesday,July,0,OLD COUNTRY DR,2,ROAD,MINOR,11.0,20.0,PAVED,TwoWay,PAVED,4,50,NO ACCESS,N,1976.0,113.33491806534501
OLD COUNTRY DR,01-Non intersection,02-Thru lane,02-Rain,01-Daylight,MIDBLOCK,Tuesday,March,0,OLD COUNTRY DR,2,ROAD,MINOR,10.0,20.0,PAVED,TwoWay,PAVED,4,50,NO ACCESS,N,1972.0,17.7487753387157
OLD COUNTRY DR,01-Non intersection,02-Thru lane,02-Rain,01-Daylight,MIDBLOCK,Tuesday,March,0,OLD COUNTRY DR,2,ROAD,MINOR,10.0,20.0,PAVED,TwoWay,PAVED,4,50,NO ACCESS,N,2004.0,51.3276468730686
OLD COUNTRY DR,01-Non intersection,02-Thru lane,02-Rain,01-Daylight,MIDBLOCK,Tuesday,March,0,OLD COUNTRY DR,2,ROAD,MINOR,10.0,20.0,PAVED,TwoWay,PAVED,4,50,NO ACCESS,N,2004.0,187.175761546802
OLD COUNTRY DR,01-Non intersection,02-Thru lane,02-Rain,01-Daylight,MIDBLOCK,Tuesday,March,0,OLD COUNTRY DR,2,ROAD,MINOR,10.0,20.0,PAVED,TwoWay,PAVED,4,50,NO ACCESS,Y,2004.0,217.1944443141949
OLD COUNTRY DR,01-Non intersection,02-Thru lane,02-Rain,01-Daylight,MIDBLOCK,Tuesday,March,0,OLD COUNTRY DR,2,ROAD,MINOR,11.0,20.0,PAVED,TwoWay,PAVED,4,50,NO ACCESS,N,1976.0,113.33491806534501
OLD COUNTRY DR,04-At/near private drive,02-Thru lane,04-Freezing Rain,01-Daylight,MIDBLOCK,Monday,February,0,OLD COUNTRY DR,2,ROAD,MINOR,10.0,20.0,PAVED,TwoWay,PAVED,4,50,NO ACCESS,N,1972.0,17.7487753387157
OLD COUNTRY DR,04-At/near private drive,02-Thru lane,04-Freezing Rain,01-Daylight,MIDBLOCK,Monday,February,0,OLD COUNTRY DR,2,ROAD,MINOR,10.0,20.0,PAVED,TwoWay,PAVED,4,50,NO ACCESS,N,2004.0,51.3276468730686
OLD COUNTRY DR,04-At/near private drive,02-Thru lane,04-Freezing Rain,01-Daylight,MIDBLOCK,Monday,February,0,OLD COUNTRY DR,2,ROAD,MINOR,10.0,20.0,PAVED,TwoWay,PAVED,4,50,NO ACCESS,N,2004.0,187.175761546802
OLD COUNTRY DR,04-At/near private drive,02-Thru lane,04-Freezing Rain,01-Daylight,MIDBLOCK,Monday,February,0,OLD COUNTRY DR,2,ROAD,MINOR,10.0,20.0,PAVED,TwoWay,PAVED,4,50,NO ACCESS,Y,2004.0,217.1944443141949
OLD COUNTRY DR,04-At/near private drive,02-Thru lane,04-Freezing Rain,01-Daylight,MIDBLOCK,Monday,February,0,OLD COUNTRY DR,2,ROAD,MINOR,11.0,20.0,PAVED,TwoWay,PAVED,4,50,NO ACCESS,N,1976.0,113.33491806534501
OLD COUNTRY DR,04-At/near private drive,02-Thru lane,01-Clear,01-Daylight,MIDBLOCK,Wednesday,March,0,OLD COUNTRY DR,2,ROAD,MINOR,10.0,20.0,PAVED,TwoWay,PAVED,4,50,NO ACCESS,N,1972.0,17.7487753387157
OLD COUNTRY DR,04-At/near private drive,02-Thru lane,01-Clear,01-Daylight,MIDBLOCK,Wednesday,March,0,OLD COUNTRY DR,2,ROAD,MINOR,10.0,20.0,PAVED,TwoWay,PAVED,4,50,NO ACCESS,N,2004.0,51.3276468730686
OLD COUNTRY DR,04-At/near private drive,02-Thru lane,01-Clear,01-Daylight,MIDBLOCK,Wednesday,March,0,OLD COUNTRY DR,2,ROAD,MINOR,10.0,20.0,PAVED,TwoWay,PAVED,4,50,NO ACCESS,N,2004.0,187.175761546802
OLD COUNTRY DR,04-At/near private drive,02-Thru lane,01-Clear,01-Daylight,MIDBLOCK,Wednesday,March,0,OLD COUNTRY DR,2,ROAD,MINOR,10.0,20.0,PAVED,TwoWay,PAVED,4,50,NO ACCESS,Y,2004.0,217.1944443141949
OLD COUNTRY DR,04-At/near private drive,02-Thru lane,01-Clear,01-Daylight,MIDBLOCK,Wednesday,March,0,OLD COUNTRY DR,2,ROAD,MINOR,11.0,20.0,PAVED,TwoWay,PAVED,4,50,NO ACCESS,N,1976.0,113.33491806534501
OLD COUNTRY DR,01-Non intersection,02-Thru lane,01-Clear,05-Dusk,MIDBLOCK,Friday,March,0,OLD COUNTRY DR,2,ROAD,MINOR,10.0,20.0,PAVED,TwoWay,PAVED,4,50,NO ACCESS,N,1972.0,17.7487753387157
OLD COUNTRY DR,01-Non intersection,02-Thru lane,01-Clear,05-Dusk,MIDBLOCK,Friday,March,0,OLD COUNTRY DR,2,ROAD,MINOR,10.0,20.0,PAVED,TwoWay,PAVED,4,50,NO ACCESS,N,2004.0,51.3276468730686
OLD COUNTRY DR,01-Non intersection,02-Thru lane,01-Clear,05-Dusk,MIDBLOCK,Friday,March,0,OLD COUNTRY DR,2,ROAD,MINOR,10.0,20.0,PAVED,TwoWay,PAVED,4,50,NO ACCESS,N,2004.0,187.175761546802
OLD COUNTRY DR,01-Non intersection,02-Thru lane,01-Clear,05-Dusk,MIDBLOCK,Friday,March,0,OLD COUNTRY DR,2,ROAD,MINOR,10.0,20.0,PAVED,TwoWay,PAVED,4,50,NO ACCESS,Y,2004.0,217.1944443141949
OLD COUNTRY DR,01-Non intersection,02-Thru lane,01-Clear,05-Dusk,MIDBLOCK,Friday,March,0,OLD COUNTRY DR,2,ROAD,MINOR,11.0,20.0,PAVED,TwoWay,PAVED,4,50,NO ACCESS,N,1976.0,113.33491806534501
OLD COUNTRY DR,01-Non intersection,02-Thru lane,02-Rain,05-Dusk,MIDBLOCK,Monday,December,0,OLD COUNTRY DR,2,ROAD,MINOR,10.0,20.0,PAVED,TwoWay,PAVED,4,50,NO ACCESS,N,1972.0,17.7487753387157
OLD COUNTRY DR,01-Non intersection,02-Thru lane,02-Rain,05-Dusk,MIDBLOCK,Monday,December,0,OLD COUNTRY DR,2,ROAD,MINOR,10.0,20.0,PAVED,TwoWay,PAVED,4,50,NO ACCESS,N,2004.0,51.3276468730686
OLD COUNTRY DR,01-Non intersection,02-Thru lane,02-Rain,05-Dusk,MIDBLOCK,Monday,December,0,OLD COUNTRY DR,2,ROAD,MINOR,10.0,20.0,PAVED,TwoWay,PAVED,4,50,NO ACCESS,N,2004.0,187.175761546802
OLD COUNTRY DR,01-Non intersection,02-Thru lane,02-Rain,05-Dusk,MIDBLOCK,Monday,December,0,OLD COUNTRY DR,2,ROAD,MINOR,10.0,20.0,PAVED,TwoWay,PAVED,4,50,NO ACCESS,Y,2004.0,217.1944443141949
OLD COUNTRY DR,01-Non intersection,02-Thru lane,02-Rain,05-Dusk,MIDBLOCK,Monday,December,0,OLD COUNTRY DR,2,ROAD,MINOR,11.0,20.0,PAVED,TwoWay,PAVED,4,50,NO ACCESS,N,1976.0,113.33491806534501
FORESTWOOD DR,01-Non intersection,02-Thru lane,03-Snow,01-Daylight,MIDBLOCK,Monday,December,0,FORESTWOOD DR,2,ROAD,LOCAL,10.0,20.0,PAVED,TwoWay,PAVED,6,50,NO ACCESS,Y,2000.0,88.1404095338637
FORESTWOOD DR,01-Non intersection,02-Thru lane,03-Snow,01-Daylight,MIDBLOCK,Monday,December,0,FORESTWOOD DR,2,ROAD,LOCAL,10.0,20.0,PAVED,TwoWay,PAVED,6,50,NO ACCESS,Y,2000.0,92.28276284252873
FORESTWOOD DR,01-Non intersection,02-Thru lane,03-Snow,01-Daylight,MIDBLOCK,Monday,December,0,FORESTWOOD DR,2,ROAD,LOCAL,10.0,20.0,PAVED,TwoWay,PAVED,6,50,NO ACCESS,Y,2000.0,92.00009857460708
FORESTWOOD DR,01-Non intersection,02-Thru lane,03-Snow,01-Daylight,MIDBLOCK,Monday,December,0,FORESTWOOD DR,2,ROAD,LOCAL,10.0,20.0,PAVED,TwoWay,PAVED,6,50,NO ACCESS,Y,2000.0,150.69045662467
FORESTWOOD DR,01-Non intersection,02-Thru lane,03-Snow,01-Daylight,MIDBLOCK,Monday,December,0,FORESTWOOD DR,2,ROAD,LOCAL,10.0,20.0,PAVED,TwoWay,PAVED,6,50,NO ACCESS,Y,2000.0,150.301435091769
FORESTWOOD DR,01-Non intersection,02-Thru lane,03-Snow,01-Daylight,MIDBLOCK,Monday,December,0,FORESTWOOD DR,2,ROAD,LOCAL,10.0,20.0,PAVED,TwoWay,PAVED,6,50,NO ACCESS,Y,2000.0,110.724061241192
FORESTWOOD DR,01-Non intersection,02-Thru lane,03-Snow,01-Daylight,MIDBLOCK,Monday,December,0,FORESTWOOD DR,2,ROAD,LOCAL,10.0,20.0,PAVED,TwoWay,PAVED,6,50,NO ACCESS,Y,2000.0,86.360707345487
FORESTWOOD DR,01-Non intersection,02-Thru lane,03-Snow,01-Daylight,MIDBLOCK,Monday,December,0,FORESTWOOD DR,2,ROAD,LOCAL,10.0,20.0,PAVED,TwoWay,PAVED,6,50,NO ACCESS,Y,2000.0,111.15664729708901
FORESTWOOD DR,01-Non intersection,02-Thru lane,03-Snow,01-Daylight,MIDBLOCK,Monday,December,0,FORESTWOOD DR,2,ROAD,LOCAL,10.0,20.0,PAVED,TwoWay,PAVED,6,50,NO ACCESS,Y,2000.0,117.86680101804501
FORESTWOOD DR,01-Non intersection,02-Thru lane,03-Snow,01-Daylight,MIDBLOCK,Monday,December,0,FORESTWOOD DR,2,ROAD,LOCAL,10.0,20.0,PAVED,TwoWay,PAVED,6,50,NO ACCESS,Y,2000.0,79.8761398667054
FORESTWOOD DR,01-Non intersection,02-Thru lane,03-Snow,01-Daylight,MIDBLOCK,Monday,December,0,FORESTWOOD DR,2,ROAD,LOCAL,10.0,20.0,PAVED,TwoWay,PAVED,6,50,NO ACCESS,Y,2000.0,60.20476878098911
FORESTWOOD DR,04-At/near private drive,12-Off highway,01-Clear,01-Daylight,MIDBLOCK,Thursday,December,0,FORESTWOOD DR,2,ROAD,LOCAL,10.0,20.0,PAVED,TwoWay,PAVED,6,50,NO ACCESS,Y,2000.0,88.1404095338637
FORESTWOOD DR,04-At/near private drive,12-Off highway,01-Clear,01-Daylight,MIDBLOCK,Thursday,December,0,FORESTWOOD DR,2,ROAD,LOCAL,10.0,20.0,PAVED,TwoWay,PAVED,6,50,NO ACCESS,Y,2000.0,92.28276284252873
FORESTWOOD DR,04-At/near private drive,12-Off highway,01-Clear,01-Daylight,MIDBLOCK,Thursday,December,0,FORESTWOOD DR,2,ROAD,LOCAL,10.0,20.0,PAVED,TwoWay,PAVED,6,50,NO ACCESS,Y,2000.0,92.00009857460708
FORESTWOOD DR,04-At/near private drive,12-Off highway,01-Clear,01-Daylight,MIDBLOCK,Thursday,December,0,FORESTWOOD DR,2,ROAD,LOCAL,10.0,20.0,PAVED,TwoWay,PAVED,6,50,NO ACCESS,Y,2000.0,150.69045662467
FORESTWOOD DR,04-At/near private drive,12-Off highway,01-Clear,01-Daylight,MIDBLOCK,Thursday,December,0,FORESTWOOD DR,2,ROAD,LOCAL,10.0,20.0,PAVED,TwoWay,PAVED,6,50,NO ACCESS,Y,2000.0,150.301435091769
FORESTWOOD DR,04-At/near private drive,12-Off highway,01-Clear,01-Daylight,MIDBLOCK,Thursday,December,0,FORESTWOOD DR,2,ROAD,LOCAL,10.0,20.0,PAVED,TwoWay,PAVED,6,50,NO ACCESS,Y,2000.0,110.724061241192
FORESTWOOD DR,04-At/near private drive,12-Off highway,01-Clear,01-Daylight,MIDBLOCK,Thursday,December,0,FORESTWOOD DR,2,ROAD,LOCAL,10.0,20.0,PAVED,TwoWay,PAVED,6,50,NO ACCESS,Y,2000.0,86.360707345487
FORESTWOOD DR,04-At/near private drive,12-Off highway,01-Clear,01-Daylight,MIDBLOCK,Thursday,December,0,FORESTWOOD DR,2,ROAD,LOCAL,10.0,20.0,PAVED,TwoWay,PAVED,6,50,NO ACCESS,Y,2000.0,111.15664729708901
FORESTWOOD DR,04-At/near private drive,12-Off highway,01-Clear,01-Daylight,MIDBLOCK,Thursday,December,0,FORESTWOOD DR,2,ROAD,LOCAL,10.0,20.0,PAVED,TwoWay,PAVED,6,50,NO ACCESS,Y,2000.0,117.86680101804501
FORESTWOOD DR,04-At/near private drive,12-Off highway,01-Clear,01-Daylight,MIDBLOCK,Thursday,December,0,FORESTWOOD DR,2,ROAD,LOCAL,10.0,20.0,PAVED,TwoWay,PAVED,6,50,NO ACCESS,Y,2000.0,79.8761398667054
FORESTWOOD DR,04-At/near private drive,12-Off highway,01-Clear,01-Daylight,MIDBLOCK,Thursday,December,0,FORESTWOOD DR,2,ROAD,LOCAL,10.0,20.0,PAVED,TwoWay,PAVED,6,50,NO ACCESS,Y,2000.0,60.20476878098911
FORESTWOOD DR,04-At/near private drive,11-Not on roadway - right side,01-Clear,01-Daylight,MIDBLOCK,Monday,January,0,FORESTWOOD DR,2,ROAD,LOCAL,10.0,20.0,PAVED,TwoWay,PAVED,6,50,NO ACCESS,Y,2000.0,88.1404095338637
FORESTWOOD DR,04-At/near private drive,11-Not on roadway - right side,01-Clear,01-Daylight,MIDBLOCK,Monday,January,0,FORESTWOOD DR,2,ROAD,LOCAL,10.0,20.0,PAVED,TwoWay,PAVED,6,50,NO ACCESS,Y,2000.0,92.28276284252873
FORESTWOOD DR,04-At/near private drive,11-Not on roadway - right side,01-Clear,01-Daylight,MIDBLOCK,Monday,January,0,FORESTWOOD DR,2,ROAD,LOCAL,10.0,20.0,PAVED,TwoWay,PAVED,6,50,NO ACCESS,Y,2000.0,92.00009857460708
FORESTWOOD DR,04-At/near private drive,11-Not on roadway - right side,01-Clear,01-Daylight,MIDBLOCK,Monday,January,0,FORESTWOOD DR,2,ROAD,LOCAL,10.0,20.0,PAVED,TwoWay,PAVED,6,50,NO ACCESS,Y,2000.0,150.69045662467
FORESTWOOD DR,04-At/near private drive,11-Not on roadway - right side,01-Clear,01-Daylight,MIDBLOCK,Monday,January,0,FORESTWOOD DR,2,ROAD,LOCAL,10.0,20.0,PAVED,TwoWay,PAVED,6,50,NO ACCESS,Y,2000.0,150.301435091769
FORESTWOOD DR,04-At/near private drive,11-Not on roadway - right side,01-Clear,01-Daylight,MIDBLOCK,Monday,January,0,FORESTWOOD DR,2,ROAD,LOCAL,10.0,20.0,PAVED,TwoWay,PAVED,6,50,NO ACCESS,Y,2000.0,110.724061241192
FORESTWOOD DR,04-At/near private drive,11-Not on roadway - right side,01-Clear,01-Daylight,MIDBLOCK,Monday,January,0,FORESTWOOD DR,2,ROAD,LOCAL,10.0,20.0,PAVED,TwoWay,PAVED,6,50,NO ACCESS,Y,2000.0,86.360707345487
FORESTWOOD DR,04-At/near private drive,11-Not on roadway - right side,01-Clear,01-Daylight,MIDBLOCK,Monday,January,0,FORESTWOOD DR,2,ROAD,LOCAL,10.0,20.0,PAVED,TwoWay,PAVED,6,50,NO ACCESS,Y,2000.0,111.15664729708901
FORESTWOOD DR,04-At/near private drive,11-Not on roadway - right side,01-Clear,01-Daylight,MIDBLOCK,Monday,January,0,FORESTWOOD DR,2,ROAD,LOCAL,10.0,20.0,PAVED,TwoWay,PAVED,6,50,NO ACCESS,Y,2000.0,117.86680101804501
FORESTWOOD DR,04-At/near private drive,11-Not on roadway - right side,01-Clear,01-Daylight,MIDBLOCK,Monday,January,0,FORESTWOOD DR,2,ROAD,LOCAL,10.0,20.0,PAVED,TwoWay,PAVED,6,50,NO ACCESS,Y,2000.0,79.8761398667054
FORESTWOOD DR,04-At/near private drive,11-Not on roadway - right side,01-Clear,01-Daylight,MIDBLOCK,Monday,January,0,FORESTWOOD DR,2,ROAD,LOCAL,10.0,20.0,PAVED,TwoWay,PAVED,6,50,NO ACCESS,Y,2000.0,60.20476878098911