LOCATION,ACCIDENT_LOCATION,IMPACT_LOCATION,ENVIRONMENT_CONDITION,LIGHT,COLLISION_TYPE,DAY_OF_WEEK,MONTH,IS_WEEKEND,STREET,LANES,CATEGORY,SUBCATEGORY,PAVEMENT_WIDTH,ROW_WIDTH,SHOULDER,FLOW_DIRECTION,SURFACE_LAYER_TYPE,OFFICIAL_ROAD_CLASSIFICATION,SPEED_LIMIT_KM,TRUCK_ACCESS,BUS_ROUTE,SERVICE_YEAR,Shape__Length
ROBERT FERRIE DR,04-At/near private drive,01-Within intersection,01-Clear,01-Daylight,MIDBLOCK,Saturday,February,1,ROBERT FERRIE DR,2,ROAD,MINOR,10.0,20.0,PAVED,TwoWay,PAVED,6,50,NO ACCESS,N,2006.0,72.2480495408243
ROBERT FERRIE DR,04-At/near private drive,01-Within intersection,01-Clear,01-Daylight,MIDBLOCK,Saturday,February,1,ROBERT FERRIE DR,2,ROAD,MINOR,10.0,20.0,PAVED,TwoWay,PAVED,6,50,NO ACCESS,N,2003.0,213.43998793641202
ROBERT FERRIE DR,04-At/near private drive,01-Within intersection,01-Clear,01-Daylight,MIDBLOCK,Saturday,February,1,ROBERT FERRIE DR,2,ROAD,MINOR,10.0,20.0,PAVED,TwoWay,PAVED,6,50,NO ACCESS,N,2003.0,312.163932801369
ROBERT FERRIE DR,04-At/near private drive,01-Within intersection,01-Clear,01-Daylight,MIDBLOCK,Saturday,February,1,ROBERT FERRIE DR,2,ROAD,MINOR,10.0,20.0,PAVED,TwoWay,PAVED,6,50,NO ACCESS,N,2006.0,326.32811265901
ROBERT FERRIE DR,04-At/near private drive,01-Within intersection,01-Clear,01-Daylight,MIDBLOCK,Saturday,February,1,ROBERT FERRIE DR,2,ROAD,MINOR,10.0,20.0,PAVED,TwoWay,PAVED,6,50,NO ACCESS,N,2006.0,90.38473333435543
ROBERT FERRIE DR,04-At/near private drive,01-Within intersection,01-Clear,01-Daylight,MIDBLOCK,Saturday,February,1,ROBERT FERRIE DR,2,ROAD,MINOR,10.0,20.0,PAVED,TwoWay,PAVED,6,50,NO ACCESS,N,2006.0,88.2648269052981
ROBERT FERRIE DR,04-At/near private drive,01-Within intersection,01-Clear,01-Daylight,MIDBLOCK,Saturday,February,1,ROBERT FERRIE DR,2,ROAD,MINOR,10.0,20.0,PAVED,TwoWay,PAVED,6,50,NO ACCESS,N,2003.0,79.924962649267
ROBERT FERRIE DR,04-At/near private drive,99-Other,06-Strong wind,07-Dark,MIDBLOCK,Tuesday,December,0,ROBERT FERRIE DR,2,ROAD,MINOR,10.0,20.0,PAVED,TwoWay,PAVED,6,50,NO ACCESS,N,2006.0,72.2480495408243
ROBERT FERRIE DR,04-At/near private drive,99-Other,06-Strong wind,07-Dark,MIDBLOCK,Tuesday,December,0,ROBERT FERRIE DR,2,ROAD,MINOR,10.0,20.0,PAVED,TwoWay,PAVED,6,50,NO ACCESS,N,2003.0,213.43998793641202
ROBERT FERRIE DR,04-At/near private drive,99-Other,06-Strong wind,07-Dark,MIDBLOCK,Tuesday,December,0,ROBERT FERRIE DR,2,ROAD,MINOR,10.0,20.0,PAVED,TwoWay,PAVED,6,50,NO ACCESS,N,2003.0,312.163932801369
ROBERT FERRIE DR,04-At/near private drive,99-Other,06-Strong wind,07-Dark,MIDBLOCK,Tuesday,December,0,ROBERT FERRIE DR,2,ROAD,MINOR,10.0,20.0,PAVED,TwoWay,PAVED,6,50,NO ACCESS,N,2006.0,326.32811265901
ROBERT FERRIE DR,04-At/near private drive,99-Other,06-Strong wind,07-Dark,MIDBLOCK,Tuesday,December,0,ROBERT FERRIE DR,2,ROAD,MINOR,10.0,20.0,PAVED,TwoWay,PAVED,6,50,NO ACCESS,N,2006.0,90.38473333435543
ROBERT FERRIE DR,04-At/near private drive,99-Other,06-Strong wind,07-Dark,MIDBLOCK,Tuesday,December,0,ROBERT FERRIE DR,2,ROAD,MINOR,10.0,20.0,PAVED,TwoWay,PAVED,6,50,NO ACCESS,N,2006.0,88.2648269052981
ROBERT FERRIE DR,04-At/near private drive,99-Other,06-Strong wind,07-Dark,MIDBLOCK,Tuesday,December,0,ROBERT FERRIE DR,2,ROAD,MINOR,10.0,20.0,PAVED,TwoWay,PAVED,6,50,NO ACCESS,N,2003.0,79.924962649267
ROBERT FERRIE DR,04-At/near private drive,02-Thru lane,01-Clear,01-Daylight,MIDBLOCK,Monday,October,0,ROBERT FERRIE DR,2,ROAD,MINOR,10.0,20.0,PAVED,TwoWay,PAVED,6,50,NO ACCESS,N,2006.0,72.2480495408243
ROBERT FERRIE DR,04-At/near private drive,02-Thru lane,01-Clear,01-Daylight,MIDBLOCK,Monday,October,0,ROBERT FERRIE DR,2,ROAD,MINOR,10.0,20.0,PAVED,TwoWay,PAVED,6,50,NO ACCESS,N,2003.0,213.43998793641202
ROBERT FERRIE DR,04-At/near private drive,02-Thru lane,01-Clear,01-Daylight,MIDBLOCK,Monday,October,0,ROBERT FERRIE DR,2,ROAD,MINOR,10.0,20.0,PAVED,TwoWay,PAVED,6,50,NO ACCESS,N,2003.0,312.163932801369
ROBERT FERRIE DR,04-At/near private drive,02-Thru lane,01-Clear,01-Daylight,MIDBLOCK,Monday,October,0,ROBERT FERRIE DR,2,ROAD,MINOR,10.0,20.0,PAVED,TwoWay,PAVED,6,50,NO ACCESS,N,2006.0,326.32811265901
ROBERT FERRIE DR,04-At/near private drive,02-Thru lane,01-Clear,01-Daylight,MIDBLOCK,Monday,October,0,ROBERT FERRIE DR,2,ROAD,MINOR,10.0,20.0,PAVED,TwoWay,PAVED,6,50,NO ACCESS,N,2006.0,90.38473333435543
ROBERT FERRIE DR,04-At/near private drive,02-Thru lane,01-Clear,01-Daylight,MIDBLOCK,Monday,October,0,ROBERT FERRIE DR,2,ROAD,MINOR,10.0,20.0,PAVED,TwoWay,PAVED,6,50,NO ACCESS,N,2006.0,88.2648269052981
ROBERT FERRIE DR,04-At/near private drive,02-Thru lane,01-Clear,01-Daylight,MIDBLOCK,Monday,October,0,ROBERT FERRIE DR,2,ROAD,MINOR,10.0,20.0,PAVED,TwoWay,PAVED,6,50,NO ACCESS,N,2003.0,79.924962649267
ROBERT FERRIE DR,01-Non intersection,02-Thru lane,01-Clear,01-Daylight,MIDBLOCK,Sunday,April,1,ROBERT FERRIE DR,2,ROAD,MINOR,10.0,20.0,PAVED,TwoWay,PAVED,6,50,NO ACCESS,N,2006.0,72.2480495408243
ROBERT FERRIE DR,01-Non intersection,02-Thru lane,01-Clear,01-Daylight,MIDBLOCK,Sunday,April,1,ROBERT FERRIE DR,2,ROAD,MINOR,10.0,20.0,PAVED,TwoWay,PAVED,6,50,NO ACCESS,N,2003.0,213.43998793641202
ROBERT FERRIE DR,01-Non intersection,02-Thru lane,01-Clear,01-Daylight,MIDBLOCK,Sunday,April,1,ROBERT FERRIE DR,2,ROAD,MINOR,10.0,20.0,PAVED,TwoWay,PAVED,6,50,NO ACCESS,N,2003.0,312.163932801369
ROBERT FERRIE DR,01-Non intersection,02-Thru lane,01-Clear,01-Daylight,MIDBLOCK,Sunday,April,1,ROBERT FERRIE DR,2,ROAD,MINOR,10.0,20.0,PAVED,TwoWay,PAVED,6,50,NO ACCESS,N,2006.0,326.32811265901
ROBERT FERRIE DR,01-Non intersection,02-Thru lane,01-Clear,01-Daylight,MIDBLOCK,Sunday,April,1,ROBERT FERRIE DR,2,ROAD,MINOR,10.0,20.0,PAVED,TwoWay,PAVED,6,50,NO ACCESS,N,2006.0,90.38473333435543
ROBERT FERRIE DR,01-Non intersection,02-Thru lane,01-Clear,01-Daylight,MIDBLOCK,Sunday,April,1,ROBERT FERRIE DR,2,ROAD,MINOR,10.0,20.0,PAVED,TwoWay,PAVED,6,50,NO ACCESS,N,2006.0,88.2648269052981
ROBERT FERRIE DR,01-Non intersection,02-Thru lane,01-Clear,01-Daylight,MIDBLOCK,Sunday,April,1,ROBERT FERRIE DR,2,ROAD,MINOR,10.0,20.0,PAVED,TwoWay,PAVED,6,50,NO ACCESS,N,2003.0,79.924962649267
ROBERT FERRIE DR,01-Non intersection,02-Thru lane,01-Clear,01-Daylight,MIDBLOCK,Monday,August,0,ROBERT FERRIE DR,2,ROAD,MINOR,10.0,20.0,PAVED,TwoWay,PAVED,6,50,NO ACCESS,N,2006.0,72.2480495408243
ROBERT FERRIE DR,01-Non intersection,02-Thru lane,01-Clear,01-Daylight,MIDBLOCK,Monday,August,0,ROBERT FERRIE DR,2,ROAD,MINOR,10.0,20.0,PAVED,TwoWay,PAVED,6,50,NO ACCESS,N,2003.0,213.43998793641202
ROBERT FERRIE DR,01-Non intersection,02-Thru lane,01-Clear,01-Daylight,MIDBLOCK,Monday,August,0,ROBERT FERRIE DR,2,ROAD,MINOR,10.0,20.0,PAVED,TwoWay,PAVED,6,50,NO ACCESS,N,2003.0,312.163932801369
ROBERT FERRIE DR,01-Non intersection,02-Thru lane,01-Clear,01-Daylight,MIDBLOCK,Monday,August,0,ROBERT FERRIE DR,2,ROAD,MINOR,10.0,20.0,PAVED,TwoWay,PAVED,6,50,NO ACCESS,N,2006.0,326.32811265901
ROBERT FERRIE DR,01-Non intersection,02-Thru lane,01-Clear,01-Daylight,MIDBLOCK,Monday,August,0,ROBERT FERRIE DR,2,ROAD,MINOR,10.0,20.0,PAVED,TwoWay,PAVED,6,50,NO ACCESS,N,2006.0,90.38473333435543
ROBERT FERRIE DR,01-Non intersection,02-Thru lane,01-Clear,01-Daylight,MIDBLOCK,Monday,August,0,ROBERT FERRIE DR,2,ROAD,MINOR,10.0,20.0,PAVED,TwoWay,PAVED,6,50,NO ACCESS,N,2006.0,88.2648269052981
ROBERT FERRIE DR,01-Non intersection,02-Thru lane,01-Clear,01-Daylight,MIDBLOCK,Monday,August,0,ROBERT FERRIE DR,2,ROAD,MINOR,10.0,20.0,PAVED,TwoWay,PAVED,6,50,NO ACCESS,N,2003.0,79.924962649267
ROBERT FERRIE DR,01-Non intersection,02-Thru lane,01-Clear,01-Daylight,MIDBLOCK,Monday,July,0,ROBERT FERRIE DR,2,ROAD,MINOR,10.0,20.0,PAVED,TwoWay,PAVED,6,50,NO ACCESS,N,2006.0,72.2480495408243
ROBERT FERRIE DR,01-Non intersection,02-Thru lane,01-Clear,01-Daylight,MIDBLOCK,Monday,July,0,ROBERT FERRIE DR,2,ROAD,MINOR,10.0,20.0,PAVED,TwoWay,PAVED,6,50,NO ACCESS,N,2003.0,213.43998793641202
ROBERT FERRIE DR,01-Non intersection,02-Thru lane,01-Clear,01-Daylight,MIDBLOCK,Monday,July,0,ROBERT FERRIE DR,2,ROAD,MINOR,10.0,20.0,PAVED,TwoWay,PAVED,6,50,NO ACCESS,N,2003.0,312.163932801369
ROBERT FERRIE DR,01-Non intersection,02-Thru lane,01-Clear,01-Daylight,MIDBLOCK,Monday,July,0,ROBERT FERRIE DR,2,ROAD,MINOR,10.0,20.0,PAVED,TwoWay,PAVED,6,50,NO ACCESS,N,2006.0,326.32811265901
ROBERT FERRIE DR,01-Non intersection,02-Thru lane,01-Clear,01-Daylight,MIDBLOCK,Monday,July,0,ROBERT FERRIE DR,2,ROAD,MINOR,10.0,20.0,PAVED,TwoWay,PAVED,6,50,NO ACCESS,N,2006.0,90.38473333435543
ROBERT FERRIE DR,01-Non intersection,02-Thru lane,01-Clear,01-Daylight,MIDBLOCK,Monday,July,0,ROBERT FERRIE DR,2,ROAD,MINOR,10.0,20.0,PAVED,TwoWay,PAVED,6,50,NO ACCESS,N,2006.0,88.2648269052981
ROBERT FERRIE DR,01-Non intersection,02-Thru lane,01-Clear,01-Daylight,MIDBLOCK,Monday,July,0,ROBERT FERRIE DR,2,ROAD,MINOR,10.0,20.0,PAVED,TwoWay,PAVED,6,50,NO ACCESS,N,2003.0,79.924962649267
OAKHURST CRES,04-At/near private drive,02-Thru lane,01-Clear,"08-Dark, artificial",MIDBLOCK,Saturday,August,1,OAKHURST CRES,2,ROAD,LOCAL,9.0,20.0,PAVED,TwoWay,PAVED,6,50,NO ACCESS,N,1986.0,524.875373338228
OAKHURST CRES,01-Non intersection,02-Thru lane,02-Rain,01-Daylight,MIDBLOCK,Tuesday,September,0,OAKHURST CRES,2,ROAD,LOCAL,9.0,20.0,PAVED,TwoWay,PAVED,6,50,NO ACCESS,N,1986.0,524.875373338228
OAKHURST CRES,04-At/near private drive,02-Thru lane,01-Clear,01-Daylight,MIDBLOCK,Thursday,June,0,OAKHURST CRES,2,ROAD,LOCAL,9.0,20.0,PAVED,TwoWay,PAVED,6,50,NO ACCESS,N,1986.0,524.875373338228
OAKHURST CRES,04-At/near private drive,02-Thru lane,01-Clear,01-Daylight,MIDBLOCK,Thursday,December,0,OAKHURST CRES,2,ROAD,LOCAL,9.0,20.0,PAVED,TwoWay,PAVED,6,50,NO ACCESS,N,1986.0,524.875373338228
OAKHURST CRES,04-At/near private drive,02-Thru lane,01-Clear,07-Dark,MIDBLOCK,Sunday,November,1,OAKHURST CRES,2,ROAD,LOCAL,9.0,20.0,PAVED,TwoWay,PAVED,6,50,NO ACCESS,N,1986.0,524.875373338228
OAKHURST CRES,01-Non intersection,11-Not on roadway - right side,01-Clear,01-Daylight,MIDBLOCK,Thursday,August,0,OAKHURST CRES,2,ROAD,LOCAL,9.0,20.0,PAVED,TwoWay,PAVED,6,50,NO ACCESS,N,1986.0,524.875373338228
TARA CRES,04-At/near private drive,02-Thru lane,01-Clear,01-Daylight,MIDBLOCK,Wednesday,September,0,TARA CRES,2,ROAD,LOCAL,8.0,16.0,PAVED,TwoWay,PAVED,6,50,NO ACCESS,N,1993.0,434.25493900362295
TARA CRES,01-Non intersection,02-Thru lane,01-Clear,"08-Dark, artificial",MIDBLOCK,Saturday,September,1,TARA CRES,2,ROAD,LOCAL,8.0,16.0,PAVED,TwoWay,PAVED,6,50,NO ACCESS,N,1993.0,434.25493900362295
TARA CRES,04-At/near private drive,02-Thru lane,02-Rain,07-Dark,MIDBLOCK,Saturday,September,1,TARA CRES,2,ROAD,LOCAL,8.0,16.0,PAVED,TwoWay,PAVED,6,50,NO ACCESS,N,1993.0,434.25493900362295
LYNDHURST DR,04-At/near private drive,09-Right shoulder,01-Clear,01-Daylight,MIDBLOCK,Thursday,July,0,LYNDHURST DR,2,ROAD,LOCAL,9.0,20.0,PAVED,TwoWay,PAVED,6,50,NO ACCESS,N,1956.0,95.2806289594738
LYNDHURST DR,04-At/near private drive,09-Right shoulder,01-Clear,01-Daylight,MIDBLOCK,Thursday,July,0,LYNDHURST DR,2,ROAD,LOCAL,9.0,20.0,PAVED,TwoWay,PAVED,6,50,NO ACCESS,N,1956.0,216.81186803357602
LYNDHURST DR,04-At/near private drive,09-Right shoulder,01-Clear,01-Daylight,MIDBLOCK,Thursday,July,0,LYNDHURST DR,2,ROAD,LOCAL,9.0,20.0,PAVED,TwoWay,PAVED,6,50,NO ACCESS,N,1914.0,148.895496004681
LYNDHURST DR,04-At/near private drive,09-Right shoulder,01-Clear,01-Daylight,MIDBLOCK,Thursday,July,0,LYNDHURST DR,2,ROAD,LOCAL,9.0,20.0,PAVED,TwoWay,PAVED,6,50,NO ACCESS,N,1956.0,99.6452271807443
LYNDHURST DR,04-At/near private drive,09-Right shoulder,01-Clear,01-Daylight,MIDBLOCK,Thursday,July,0,LYNDHURST DR,2,ROAD,LOCAL,9.0,20.0,PAVED,TwoWay,PAVED,6,50,NO ACCESS,N,1914.0,210.846878971604
LYNDHURST DR,01-Non intersection,10-Not on roadway - left side,01-Clear,01-Daylight,MIDBLOCK,Sunday,December,1,LYNDHURST DR,2,ROAD,LOCAL,9.0,20.0,PAVED,TwoWay,PAVED,6,50,NO ACCESS,N,1956.0,95.2806289594738
LYNDHURST DR,01-Non intersection,10-Not on roadway - left side,01-Clear,01-Daylight,MIDBLOCK,Sunday,December,1,LYNDHURST DR,2,ROAD,LOCAL,9.0,20.0,PAVED,TwoWay,PAVED,6,50,NO ACCESS,N,1956.0,216.81186803357602
LYNDHURST DR,01-Non intersection,10-Not on roadway - left side,01-Clear,01-Daylight,MIDBLOCK,Sunday,December,1,LYNDHURST DR,2,ROAD,LOCAL,9.0,20.0,PAVED,TwoWay,PAVED,6,50,NO ACCESS,N,1914.0,148.895496004681
LYNDHURST DR,01-Non intersection,10-Not on roadway - left side,01-Clear,01-Daylight,MIDBLOCK,Sunday,December,1,LYNDHURST DR,2,ROAD,LOCAL,9.0,20.0,PAVED,TwoWay,PAVED,6,50,NO ACCESS,N,1956.0,99.6452271807443
LYNDHURST DR,01-Non intersection,10-Not on roadway - left side,01-Clear,01-Daylight,MIDBLOCK,Sunday,December,1,LYNDHURST DR,2,ROAD,LOCAL,9.0,20.0,PAVED,TwoWay,PAVED,6,50,NO ACCESS,N,1914.0,210.846878971604
LYNDHURST DR,04-At/near private drive,11-Not on roadway - right side,04-Freezing Rain,07-Dark,MIDBLOCK,Wednesday,January,0,LYNDHURST DR,2,ROAD,LOCAL,9.0,20.0,PAVED,TwoWay,PAVED,6,50,NO ACCESS,N,1956.0,95.2806289594738
LYNDHURST DR,04-At/near private drive,11-Not on roadway - right side,04-Freezing Rain,07-Dark,MIDBLOCK,Wednesday,January,0,LYNDHURST DR,2,ROAD,LOCAL,9.0,20.0,PAVED,TwoWay,PAVED,6,50,NO ACCESS,N,1956.0,216.81186803357602
LYNDHURST DR,04-At/near private drive,11-Not on roadway - right side,04-Freezing Rain,07-Dark,MIDBLOCK,Wednesday,January,0,LYNDHURST DR,2,ROAD,LOCAL,9.0,20.0,PAVED,TwoWay,PAVED,6,50,NO ACCESS,N,1914.0,148.895496004681
LYNDHURST DR,04-At/near private drive,11-Not on roadway - right side,04-Freezing Rain,07-Dark,MIDBLOCK,Wednesday,January,0,LYNDHURST DR,2,ROAD,LOCAL,9.0,20.0,PAVED,TwoWay,PAVED,6,50,NO ACCESS,N,1956.0,99.6452271807443
LYNDHURST DR,04-At/near private drive,11-Not on roadway - right side,04-Freezing Rain,07-Dark,MIDBLOCK,Wednesday,January,0,LYNDHURST DR,2,ROAD,LOCAL,9.0,20.0,PAVED,TwoWay,PAVED,6,50,NO ACCESS,N,1914.0,210.846878971604
LENNOX CRES,10-Parking lot,12-Off highway,01-Clear,01-Daylight,MIDBLOCK,Saturday,July,1,LENNOX CRES,2,ROAD,LOCAL,8.0,20.0,PAVED,TwoWay,PAVED,6,50,NO ACCESS,N,1979.0,121.30098516683998
LENNOX CRES,10-Parking lot,12-Off highway,01-Clear,01-Daylight,MIDBLOCK,Saturday,July,1,LENNOX CRES,2,ROAD,LOCAL,8.0,18.0,PAVED,TwoWay,PAVED,6,50,NO ACCESS,N,1979.0,576.454250395901
LENNOX CRES,04-At/near private drive,02-Thru lane,01-Clear,01-Daylight,MIDBLOCK,Monday,December,0,LENNOX CRES,2,ROAD,LOCAL,8.0,20.0,PAVED,TwoWay,PAVED,6,50,NO ACCESS,N,1979.0,121.30098516683998
LENNOX CRES,04-At/near private drive,02-Thru lane,01-Clear,01-Daylight,MIDBLOCK,Monday,December,0,LENNOX CRES,2,ROAD,LOCAL,8.0,18.0,PAVED,TwoWay,PAVED,6,50,NO ACCESS,N,1979.0,576.454250395901
LENNOX CRES,04-At/near private drive,02-Thru lane,01-Clear,01-Daylight,MIDBLOCK,Sunday,December,1,LENNOX CRES,2,ROAD,LOCAL,8.0,20.0,PAVED,TwoWay,PAVED,6,50,NO ACCESS,N,1979.0,121.30098516683998
LENNOX CRES,04-At/near private drive,02-Thru lane,01-Clear,01-Daylight,MIDBLOCK,Sunday,December,1,LENNOX CRES,2,ROAD,LOCAL,8.0,18.0,PAVED,TwoWay,PAVED,6,50,NO ACCESS,N,1979.0,576.454250395901
LENNOX CRES,04-At/near private drive,02-Thru lane,01-Clear,01-Daylight,MIDBLOCK,Monday,May,0,LENNOX CRES,2,ROAD,LOCAL,8.0,20.0,PAVED,TwoWay,PAVED,6,50,NO ACCESS,N,1979.0,121.30098516683998
LENNOX CRES,04-At/near private drive,02-Thru lane,01-Clear,01-Daylight,MIDBLOCK,Monday,May,0,LENNOX CRES,2,ROAD,LOCAL,8.0,18.0,PAVED,TwoWay,PAVED,6,50,NO ACCESS,N,1979.0,576.454250395901
GLASGOW ST,01-Non intersection,11-Not on roadway - right side,06-Strong wind,07-Dark,MIDBLOCK,Friday,January,0,GLASGOW ST,2,ROAD,MAJOR,9.0,23.0,PAVED,TwoWay,PAVED,3,40,NO ACCESS,N,1890.0,402.61780335472395
GLASGOW ST,01-Non intersection,11-Not on roadway - right side,06-Strong wind,07-Dark,MIDBLOCK,Friday,January,0,GLASGOW ST,2,ROAD,MAJOR,10.0,20.0,PAVED,TwoWay,PAVED,3,40,NO ACCESS,Y,2005.0,140.286356763284
GLASGOW ST,01-Non intersection,11-Not on roadway - right side,06-Strong wind,07-Dark,MIDBLOCK,Friday,January,0,GLASGOW ST,2,ROAD,MAJOR,9.0,20.0,PAVED,TwoWay,PAVED,3,50,NO ACCESS,Y,2005.0,92.5101010193891
GLASGOW ST,01-Non intersection,11-Not on roadway - right side,06-Strong wind,07-Dark,MIDBLOCK,Friday,January,0,GLASGOW ST,2,ROAD,MAJOR,10.0,20.0,PAVED,TwoWay,PAVED,3,50,NO ACCESS,N,1996.0,302.420000856593
GLASGOW ST,01-Non intersection,11-Not on roadway - right side,06-Strong wind,07-Dark,MIDBLOCK,Friday,January,0,GLASGOW ST,2,ROAD,MAJOR,9.0,20.0,PAVED,TwoWay,PAVED,3,40,NO ACCESS,Y,2005.0,36.5357926812653
GLASGOW ST,01-Non intersection,11-Not on roadway - right side,06-Strong wind,07-Dark,MIDBLOCK,Friday,January,0,GLASGOW ST,2,ROAD,MAJOR,9.0,20.0,PAVED,TwoWay,PAVED,3,40,NO ACCESS,Y,1863.0,106.840810686157
GLASGOW ST,01-Non intersection,11-Not on roadway - right side,06-Strong wind,07-Dark,MIDBLOCK,Friday,January,0,GLASGOW ST,2,ROAD,MAJOR,10.0,20.0,PAVED,TwoWay,PAVED,3,40,NO ACCESS,Y,1943.0,155.816379258474
GLASGOW ST,01-Non intersection,11-Not on roadway - right side,06-Strong wind,07-Dark,MIDBLOCK,Friday,January,0,GLASGOW ST,2,ROAD,MAJOR,10.0,23.0,PAVED,TwoWay,PAVED,3,40,NO ACCESS,Y,1863.0,86.1143037323305
GLASGOW ST,01-Non intersection,11-Not on roadway - right side,06-Strong wind,07-Dark,MIDBLOCK,Friday,January,0,GLASGOW ST,2,ROAD,MAJOR,8.0,20.0,PAVED,TwoWay,PAVED,3,40,NO ACCESS,Y,2005.0,57.775381559733496
GLASGOW ST,01-Non intersection,11-Not on roadway - right side,06-Strong wind,07-Dark,MIDBLOCK,Friday,January,0,GLASGOW ST,2,ROAD,MAJOR,7.0,23.0,PAVED,TwoWay,PAVED,3,40,NO ACCESS,N,2000.0,644.845772430954
GLASGOW ST,01-Non intersection,11-Not on roadway - right side,06-Strong wind,07-Dark,MIDBLOCK,Friday,January,0,GLASGOW ST,2,ROAD,MAJOR,7.0,12.0,PAVED,TwoWay,PAVED,5,50,NO ACCESS,N,1999.0,94.657876749424
GLASGOW ST,01-Non intersection,11-Not on roadway - right side,06-Strong wind,07-Dark,MIDBLOCK,Friday,January,0,GLASGOW ST,2,ROAD,LOCAL,8.0,18.0,PAVED,TwoWay,PAVED,6,50,NO ACCESS,N,1951.0,1888.7119861941
GLASGOW ST,01-Non intersection,11-Not on roadway - right side,06-Strong wind,07-Dark,MIDBLOCK,Friday,January,0,GLASGOW ST,2,ROAD,MAJOR,8.0,20.0,PAVED,TwoWay,PAVED,3,40,NO ACCESS,Y,2000.0,76.9945825202333
GLASGOW ST,01-Non intersection,11-Not on roadway - right side,06-Strong wind,07-Dark,MIDBLOCK,Friday,January,0,GLASGOW ST,2,ROAD,MAJOR,10.0,20.0,PAVED,TwoWay,PAVED,3,50,NO ACCESS,N,1986.0,76.4739208503465
GLASGOW ST,01-Non intersection,11-Not on roadway - right side,06-Strong wind,07-Dark,MIDBLOCK,Friday,January,0,GLASGOW ST,2,ROAD,MAJOR,9.0,20.0,PAVED,TwoWay,PAVED,3,40,NO ACCESS,Y,1863.0,84.94079318410229
GLASGOW ST,01-Non intersection,08-Left shoulder,01-Clear,01-Daylight,MIDBLOCK,Monday,November,0,GLASGOW ST,2,ROAD,MAJOR,9.0,23.0,PAVED,TwoWay,PAVED,3,40,NO ACCESS,N,1890.0,402.61780335472395
GLASGOW ST,01-Non intersection,08-Left shoulder,01-Clear,01-Daylight,MIDBLOCK,Monday,November,0,GLASGOW ST,2,ROAD,MAJOR,10.0,20.0,PAVED,TwoWay,PAVED,3,40,NO ACCESS,Y,2005.0,140.286356763284
GLASGOW ST,01-Non intersection,08-Left shoulder,01-Clear,01-Daylight,MIDBLOCK,Monday,November,0,GLASGOW ST,2,ROAD,MAJOR,9.0,20.0,PAVED,TwoWay,PAVED,3,50,NO ACCESS,Y,2005.0,92.5101010193891
GLASGOW ST,01-Non intersection,08-Left shoulder,01-Clear,01-Daylight,MIDBLOCK,Monday,November,0,GLASGOW ST,2,ROAD,MAJOR,10.0,20.0,PAVED,TwoWay,PAVED,3,50,NO ACCESS,N,1996.0,302.420000856593
GLASGOW ST,01-Non intersection,08-Left shoulder,01-Clear,01-Daylight,MIDBLOCK,Monday,November,0,GLASGOW ST,2,ROAD,MAJOR,9.0,20.0,PAVED,TwoWay,PAVED,3,40,NO ACCESS,Y,2005.0,36.5357926812653
GLASGOW ST,01-Non intersection,08-Left shoulder,01-Clear,01-Daylight,MIDBLOCK,Monday,November,0,GLASGOW ST,2,ROAD,MAJOR,9.0,20.0,PAVED,TwoWay,PAVED,3,40,NO ACCESS,Y,1863.0,106.840810686157
GLASGOW ST,01-Non intersection,08-Left shoulder,01-Clear,01-Daylight,MIDBLOCK,Monday,November,0,GLASGOW ST,2,ROAD,MAJOR,10.0,20.0,PAVED,TwoWay,PAVED,3,40,NO ACCESS,Y,1943.0,155.816379258474
GLASGOW ST,01-Non intersection,08-Left shoulder,01-Clear,01-Daylight,MIDBLOCK,Monday,November,0,GLASGOW ST,2,ROAD,MAJOR,10.0,23.0,PAVED,TwoWay,PAVED,3,40,NO ACCESS,Y,1863.0,86.1143037323305
GLASGOW ST,01-Non intersection,08-Left shoulder,01-Clear,01-Daylight,MIDBLOCK,Monday,November,0,GLASGOW ST,2,ROAD,MAJOR,8.0,20.0,PAVED,TwoWay,PAVED,3,40,NO ACCESS,Y,2005.0,57.775381559733496
GLASGOW ST,01-Non intersection,08-Left shoulder,01-Clear,01-Daylight,MIDBLOCK,Monday,November,0,GLASGOW ST,2,ROAD,MAJOR,7.0,23.0,PAVED,TwoWay,PAVED,3,40,NO ACCESS,N,2000.0,644.845772430954
GLASGOW ST,01-Non intersection,08-Left shoulder,01-Clear,01-Daylight,MIDBLOCK,Monday,November,0,GLASGOW ST,2,ROAD,MAJOR,7.0,12.0,PAVED,TwoWay,PAVED,5,50,NO ACCESS,N,1999.0,94.657876749424
GLASGOW ST,01-Non intersection,08-Left shoulder,01-Clear,01-Daylight,MIDBLOCK,Monday,November,0,GLASGOW ST,2,ROAD,LOCAL,8.0,18.0,PAVED,TwoWay,PAVED,6,50,NO ACCESS,N,1951.0,1888.7119861941
GLASGOW ST,01-Non intersection,08-Left shoulder,01-Clear,01-Daylight,MIDBLOCK,Monday,November,0,GLASGOW ST,2,ROAD,MAJOR,8.0,20.0,PAVED,TwoWay,PAVED,3,40,NO ACCESS,Y,2000.0,76.9945825202333