LOCATION,ACCIDENT_LOCATION,IMPACT_LOCATION,ENVIRONMENT_CONDITION,LIGHT,COLLISION_TYPE,DAY_OF_WEEK,MONTH,IS_WEEKEND,STREET,LANES,CATEGORY,SUBCATEGORY,PAVEMENT_WIDTH,ROW_WIDTH,SHOULDER,FLOW_DIRECTION,SURFACE_LAYER_TYPE,OFFICIAL_ROAD_CLASSIFICATION,SPEED_LIMIT_KM,TRUCK_ACCESS,BUS_ROUTE,SERVICE_YEAR,Shape__Length
GLASGOW ST,01-Non intersection,02-Thru lane,05-Drifting Snow,01-Daylight,MIDBLOCK,Sunday,February,1,GLASGOW ST,2,ROAD,MAJOR,10.0,20.0,PAVED,TwoWay,PAVED,3,40,NO ACCESS,Y,2005.0,140.286356763284
GLASGOW ST,01-Non intersection,02-Thru lane,05-Drifting Snow,01-Daylight,MIDBLOCK,Sunday,February,1,GLASGOW ST,2,ROAD,MAJOR,9.0,20.0,PAVED,TwoWay,PAVED,3,50,NO ACCESS,Y,2005.0,92.5101010193891
GLASGOW ST,01-Non intersection,02-Thru lane,05-Drifting Snow,01-Daylight,MIDBLOCK,Sunday,February,1,GLASGOW ST,2,ROAD,MAJOR,10.0,20.0,PAVED,TwoWay,PAVED,3,50,NO ACCESS,N,1996.0,302.420000856593
GLASGOW ST,01-Non intersection,02-Thru lane,05-Drifting Snow,01-Daylight,MIDBLOCK,Sunday,February,1,GLASGOW ST,2,ROAD,MAJOR,9.0,20.0,PAVED,TwoWay,PAVED,3,40,NO ACCESS,Y,2005.0,36.5357926812653
GLASGOW ST,01-Non intersection,02-Thru lane,05-Drifting Snow,01-Daylight,MIDBLOCK,Sunday,February,1,GLASGOW ST,2,ROAD,MAJOR,9.0,20.0,PAVED,TwoWay,PAVED,3,40,NO ACCESS,Y,1863.0,106.840810686157
GLASGOW ST,01-Non intersection,02-Thru lane,05-Drifting Snow,01-Daylight,MIDBLOCK,Sunday,February,1,GLASGOW ST,2,ROAD,MAJOR,10.0,20.0,PAVED,TwoWay,PAVED,3,40,NO ACCESS,Y,1943.0,155.816379258474
GLASGOW ST,01-Non intersection,02-Thru lane,05-Drifting Snow,01-Daylight,MIDBLOCK,Sunday,February,1,GLASGOW ST,2,ROAD,MAJOR,10.0,23.0,PAVED,TwoWay,PAVED,3,40,NO ACCESS,Y,1863.0,86.1143037323305
GLASGOW ST,01-Non intersection,02-Thru lane,05-Drifting Snow,01-Daylight,MIDBLOCK,Sunday,February,1,GLASGOW ST,2,ROAD,MAJOR,8.0,20.0,PAVED,TwoWay,PAVED,3,40,NO ACCESS,Y,2005.0,57.775381559733496
GLASGOW ST,01-Non intersection,02-Thru lane,05-Drifting Snow,01-Daylight,MIDBLOCK,Sunday,February,1,GLASGOW ST,2,ROAD,MAJOR,7.0,23.0,PAVED,TwoWay,PAVED,3,40,NO ACCESS,N,2000.0,644.845772430954
GLASGOW ST,01-Non intersection,02-Thru lane,05-Drifting Snow,01-Daylight,MIDBLOCK,Sunday,February,1,GLASGOW ST,2,ROAD,MAJOR,7.0,12.0,PAVED,TwoWay,PAVED,5,50,NO ACCESS,N,1999.0,94.657876749424
GLASGOW ST,01-Non intersection,02-Thru lane,05-Drifting Snow,01-Daylight,MIDBLOCK,Sunday,February,1,GLASGOW ST,2,ROAD,LOCAL,8.0,18.0,PAVED,TwoWay,PAVED,6,50,NO ACCESS,N,1951.0,1888.7119861941
GLASGOW ST,01-Non intersection,02-Thru lane,05-Drifting Snow,01-Daylight,MIDBLOCK,Sunday,February,1,GLASGOW ST,2,ROAD,MAJOR,8.0,20.0,PAVED,TwoWay,PAVED,3,40,NO ACCESS,Y,2000.0,76.9945825202333
GLASGOW ST,01-Non intersection,02-Thru lane,05-Drifting Snow,01-Daylight,MIDBLOCK,Sunday,February,1,GLASGOW ST,2,ROAD,MAJOR,10.0,20.0,PAVED,TwoWay,PAVED,3,50,NO ACCESS,N,1986.0,76.4739208503465
GLASGOW ST,01-Non intersection,02-Thru lane,05-Drifting Snow,01-Daylight,MIDBLOCK,Sunday,February,1,GLASGOW ST,2,ROAD,MAJOR,9.0,20.0,PAVED,TwoWay,PAVED,3,40,NO ACCESS,Y,1863.0,84.94079318410229
GLASGOW ST,01-Non intersection,11-Not on roadway - right side,05-Drifting Snow,01-Daylight,MIDBLOCK,Wednesday,March,0,GLASGOW ST,2,ROAD,MAJOR,9.0,23.0,PAVED,TwoWay,PAVED,3,40,NO ACCESS,N,1890.0,402.61780335472395
GLASGOW ST,01-Non intersection,11-Not on roadway - right side,05-Drifting Snow,01-Daylight,MIDBLOCK,Wednesday,March,0,GLASGOW ST,2,ROAD,MAJOR,10.0,20.0,PAVED,TwoWay,PAVED,3,40,NO ACCESS,Y,2005.0,140.286356763284
GLASGOW ST,01-Non intersection,11-Not on roadway - right side,05-Drifting Snow,01-Daylight,MIDBLOCK,Wednesday,March,0,GLASGOW ST,2,ROAD,MAJOR,9.0,20.0,PAVED,TwoWay,PAVED,3,50,NO ACCESS,Y,2005.0,92.5101010193891
GLASGOW ST,01-Non intersection,11-Not on roadway - right side,05-Drifting Snow,01-Daylight,MIDBLOCK,Wednesday,March,0,GLASGOW ST,2,ROAD,MAJOR,10.0,20.0,PAVED,TwoWay,PAVED,3,50,NO ACCESS,N,1996.0,302.420000856593
GLASGOW ST,01-Non intersection,11-Not on roadway - right side,05-Drifting Snow,01-Daylight,MIDBLOCK,Wednesday,March,0,GLASGOW ST,2,ROAD,MAJOR,9.0,20.0,PAVED,TwoWay,PAVED,3,40,NO ACCESS,Y,2005.0,36.5357926812653
GLASGOW ST,01-Non intersection,11-Not on roadway - right side,05-Drifting Snow,01-Daylight,MIDBLOCK,Wednesday,March,0,GLASGOW ST,2,ROAD,MAJOR,9.0,20.0,PAVED,TwoWay,PAVED,3,40,NO ACCESS,Y,1863.0,106.840810686157
GLASGOW ST,01-Non intersection,11-Not on roadway - right side,05-Drifting Snow,01-Daylight,MIDBLOCK,Wednesday,March,0,GLASGOW ST,2,ROAD,MAJOR,10.0,20.0,PAVED,TwoWay,PAVED,3,40,NO ACCESS,Y,1943.0,155.816379258474
GLASGOW ST,01-Non intersection,11-Not on roadway - right side,05-Drifting Snow,01-Daylight,MIDBLOCK,Wednesday,March,0,GLASGOW ST,2,ROAD,MAJOR,10.0,23.0,PAVED,TwoWay,PAVED,3,40,NO ACCESS,Y,1863.0,86.1143037323305
GLASGOW ST,01-Non intersection,11-Not on roadway - right side,05-Drifting Snow,01-Daylight,MIDBLOCK,Wednesday,March,0,GLASGOW ST,2,ROAD,MAJOR,8.0,20.0,PAVED,TwoWay,PAVED,3,40,NO ACCESS,Y,2005.0,57.775381559733496
GLASGOW ST,01-Non intersection,11-Not on roadway - right side,05-Drifting Snow,01-Daylight,MIDBLOCK,Wednesday,March,0,GLASGOW ST,2,ROAD,MAJOR,7.0,23.0,PAVED,TwoWay,PAVED,3,40,NO ACCESS,N,2000.0,644.845772430954
GLASGOW ST,01-Non intersection,11-Not on roadway - right side,05-Drifting Snow,01-Daylight,MIDBLOCK,Wednesday,March,0,GLASGOW ST,2,ROAD,MAJOR,7.0,12.0,PAVED,TwoWay,PAVED,5,50,NO ACCESS,N,1999.0,94.657876749424
GLASGOW ST,01-Non intersection,11-Not on roadway - right side,05-Drifting Snow,01-Daylight,MIDBLOCK,Wednesday,March,0,GLASGOW ST,2,ROAD,LOCAL,8.0,18.0,PAVED,TwoWay,PAVED,6,50,NO ACCESS,N,1951.0,1888.7119861941
GLASGOW ST,01-Non intersection,11-Not on roadway - right side,05-Drifting Snow,01-Daylight,MIDBLOCK,Wednesday,March,0,GLASGOW ST,2,ROAD,MAJOR,8.0,20.0,PAVED,TwoWay,PAVED,3,40,NO ACCESS,Y,2000.0,76.9945825202333
GLASGOW ST,01-Non intersection,11-Not on roadway - right side,05-Drifting Snow,01-Daylight,MIDBLOCK,Wednesday,March,0,GLASGOW ST,2,ROAD,MAJOR,10.0,20.0,PAVED,TwoWay,PAVED,3,50,NO ACCESS,N,1986.0,76.4739208503465
GLASGOW ST,01-Non intersection,11-Not on roadway - right side,05-Drifting Snow,01-Daylight,MIDBLOCK,Wednesday,March,0,GLASGOW ST,2,ROAD,MAJOR,9.0,20.0,PAVED,TwoWay,PAVED,3,40,NO ACCESS,Y,1863.0,84.94079318410229
GLASGOW ST,01-Non intersection,02-Thru lane,01-Clear,07-Dark,MIDBLOCK,Tuesday,October,0,GLASGOW ST,2,ROAD,MAJOR,9.0,23.0,PAVED,TwoWay,PAVED,3,40,NO ACCESS,N,1890.0,402.61780335472395
GLASGOW ST,01-Non intersection,02-Thru lane,01-Clear,07-Dark,MIDBLOCK,Tuesday,October,0,GLASGOW ST,2,ROAD,MAJOR,10.0,20.0,PAVED,TwoWay,PAVED,3,40,NO ACCESS,Y,2005.0,140.286356763284
GLASGOW ST,01-Non intersection,02-Thru lane,01-Clear,07-Dark,MIDBLOCK,Tuesday,October,0,GLASGOW ST,2,ROAD,MAJOR,9.0,20.0,PAVED,TwoWay,PAVED,3,50,NO ACCESS,Y,2005.0,92.5101010193891
GLASGOW ST,01-Non intersection,02-Thru lane,01-Clear,07-Dark,MIDBLOCK,Tuesday,October,0,GLASGOW ST,2,ROAD,MAJOR,10.0,20.0,PAVED,TwoWay,PAVED,3,50,NO ACCESS,N,1996.0,302.420000856593
GLASGOW ST,01-Non intersection,02-Thru lane,01-Clear,07-Dark,MIDBLOCK,Tuesday,October,0,GLASGOW ST,2,ROAD,MAJOR,9.0,20.0,PAVED,TwoWay,PAVED,3,40,NO ACCESS,Y,2005.0,36.5357926812653
GLASGOW ST,01-Non intersection,02-Thru lane,01-Clear,07-Dark,MIDBLOCK,Tuesday,October,0,GLASGOW ST,2,ROAD,MAJOR,9.0,20.0,PAVED,TwoWay,PAVED,3,40,NO ACCESS,Y,1863.0,106.840810686157
GLASGOW ST,01-Non intersection,02-Thru lane,01-Clear,07-Dark,MIDBLOCK,Tuesday,October,0,GLASGOW ST,2,ROAD,MAJOR,10.0,20.0,PAVED,TwoWay,PAVED,3,40,NO ACCESS,Y,1943.0,155.816379258474
GLASGOW ST,01-Non intersection,02-Thru lane,01-Clear,07-Dark,MIDBLOCK,Tuesday,October,0,GLASGOW ST,2,ROAD,MAJOR,10.0,23.0,PAVED,TwoWay,PAVED,3,40,NO ACCESS,Y,1863.0,86.1143037323305
GLASGOW ST,01-Non intersection,02-Thru lane,01-Clear,07-Dark,MIDBLOCK,Tuesday,October,0,GLASGOW ST,2,ROAD,MAJOR,8.0,20.0,PAVED,TwoWay,PAVED,3,40,NO ACCESS,Y,2005.0,57.775381559733496
GLASGOW ST,01-Non intersection,02-Thru lane,01-Clear,07-Dark,MIDBLOCK,Tuesday,October,0,GLASGOW ST,2,ROAD,MAJOR,7.0,23.0,PAVED,TwoWay,PAVED,3,40,NO ACCESS,N,2000.0,644.845772430954
GLASGOW ST,01-Non intersection,02-Thru lane,01-Clear,07-Dark,MIDBLOCK,Tuesday,October,0,GLASGOW ST,2,ROAD,MAJOR,7.0,12.0,PAVED,TwoWay,PAVED,5,50,NO ACCESS,N,1999.0,94.657876749424
GLASGOW ST,01-Non intersection,02-Thru lane,01-Clear,07-Dark,MIDBLOCK,Tuesday,October,0,GLASGOW ST,2,ROAD,LOCAL,8.0,18.0,PAVED,TwoWay,PAVED,6,50,NO ACCESS,N,1951.0,1888.7119861941
GLASGOW ST,01-Non intersection,02-Thru lane,01-Clear,07-Dark,MIDBLOCK,Tuesday,October,0,GLASGOW ST,2,ROAD,MAJOR,8.0,20.0,PAVED,TwoWay,PAVED,3,40,NO ACCESS,Y,2000.0,76.9945825202333
GLASGOW ST,01-Non intersection,02-Thru lane,01-Clear,07-Dark,MIDBLOCK,Tuesday,October,0,GLASGOW ST,2,ROAD,MAJOR,10.0,20.0,PAVED,TwoWay,PAVED,3,50,NO ACCESS,N,1986.0,76.4739208503465
GLASGOW ST,01-Non intersection,02-Thru lane,01-Clear,07-Dark,MIDBLOCK,Tuesday,October,0,GLASGOW ST,2,ROAD,MAJOR,9.0,20.0,PAVED,TwoWay,PAVED,3,40,NO ACCESS,Y,1863.0,84.94079318410229
GLASGOW ST,01-Non intersection,11-Not on roadway - right side,01-Clear,01-Daylight,MIDBLOCK,Tuesday,December,0,GLASGOW ST,2,ROAD,MAJOR,9.0,23.0,PAVED,TwoWay,PAVED,3,40,NO ACCESS,N,1890.0,402.61780335472395
GLASGOW ST,01-Non intersection,11-Not on roadway - right side,01-Clear,01-Daylight,MIDBLOCK,Tuesday,December,0,GLASGOW ST,2,ROAD,MAJOR,10.0,20.0,PAVED,TwoWay,PAVED,3,40,NO ACCESS,Y,2005.0,140.286356763284
GLASGOW ST,01-Non intersection,11-Not on roadway - right side,01-Clear,01-Daylight,MIDBLOCK,Tuesday,December,0,GLASGOW ST,2,ROAD,MAJOR,9.0,20.0,PAVED,TwoWay,PAVED,3,50,NO ACCESS,Y,2005.0,92.5101010193891
GLASGOW ST,01-Non intersection,11-Not on roadway - right side,01-Clear,01-Daylight,MIDBLOCK,Tuesday,December,0,GLASGOW ST,2,ROAD,MAJOR,10.0,20.0,PAVED,TwoWay,PAVED,3,50,NO ACCESS,N,1996.0,302.420000856593
GLASGOW ST,01-Non intersection,11-Not on roadway - right side,01-Clear,01-Daylight,MIDBLOCK,Tuesday,December,0,GLASGOW ST,2,ROAD,MAJOR,9.0,20.0,PAVED,TwoWay,PAVED,3,40,NO ACCESS,Y,2005.0,36.5357926812653
GLASGOW ST,01-Non intersection,11-Not on roadway - right side,01-Clear,01-Daylight,MIDBLOCK,Tuesday,December,0,GLASGOW ST,2,ROAD,MAJOR,9.0,20.0,PAVED,TwoWay,PAVED,3,40,NO ACCESS,Y,1863.0,106.840810686157
GLASGOW ST,01-Non intersection,11-Not on roadway - right side,01-Clear,01-Daylight,MIDBLOCK,Tuesday,December,0,GLASGOW ST,2,ROAD,MAJOR,10.0,20.0,PAVED,TwoWay,PAVED,3,40,NO ACCESS,Y,1943.0,155.816379258474
GLASGOW ST,01-Non intersection,11-Not on roadway - right side,01-Clear,01-Daylight,MIDBLOCK,Tuesday,December,0,GLASGOW ST,2,ROAD,MAJOR,10.0,23.0,PAVED,TwoWay,PAVED,3,40,NO ACCESS,Y,1863.0,86.1143037323305
GLASGOW ST,01-Non intersection,11-Not on roadway - right side,01-Clear,01-Daylight,MIDBLOCK,Tuesday,December,0,GLASGOW ST,2,ROAD,MAJOR,8.0,20.0,PAVED,TwoWay,PAVED,3,40,NO ACCESS,Y,2005.0,57.775381559733496
GLASGOW ST,01-Non intersection,11-Not on roadway - right side,01-Clear,01-Daylight,MIDBLOCK,Tuesday,December,0,GLASGOW ST,2,ROAD,MAJOR,7.0,23.0,PAVED,TwoWay,PAVED,3,40,NO ACCESS,N,2000.0,644.845772430954
GLASGOW ST,01-Non intersection,11-Not on roadway - right side,01-Clear,01-Daylight,MIDBLOCK,Tuesday,December,0,GLASGOW ST,2,ROAD,MAJOR,7.0,12.0,PAVED,TwoWay,PAVED,5,50,NO ACCESS,N,1999.0,94.657876749424
GLASGOW ST,01-Non intersection,11-Not on roadway - right side,01-Clear,01-Daylight,MIDBLOCK,Tuesday,December,0,GLASGOW ST,2,ROAD,LOCAL,8.0,18.0,PAVED,TwoWay,PAVED,6,50,NO ACCESS,N,1951.0,1888.7119861941
GLASGOW ST,01-Non intersection,11-Not on roadway - right side,01-Clear,01-Daylight,MIDBLOCK,Tuesday,December,0,GLASGOW ST,2,ROAD,MAJOR,8.0,20.0,PAVED,TwoWay,PAVED,3,40,NO ACCESS,Y,2000.0,76.9945825202333
GLASGOW ST,01-Non intersection,11-Not on roadway - right side,01-Clear,01-Daylight,MIDBLOCK,Tuesday,December,0,GLASGOW ST,2,ROAD,MAJOR,10.0,20.0,PAVED,TwoWay,PAVED,3,50,NO ACCESS,N,1986.0,76.4739208503465
GLASGOW ST,01-Non intersection,11-Not on roadway - right side,01-Clear,01-Daylight,MIDBLOCK,Tuesday,December,0,GLASGOW ST,2,ROAD,MAJOR,9.0,20.0,PAVED,TwoWay,PAVED,3,40,NO ACCESS,Y,1863.0,84.94079318410229
GLASGOW ST,01-Non intersection,11-Not on roadway - right side,01-Clear,07-Dark,MIDBLOCK,Friday,April,0,GLASGOW ST,2,ROAD,MAJOR,9.0,23.0,PAVED,TwoWay,PAVED,3,40,NO ACCESS,N,1890.0,402.61780335472395
GLASGOW ST,01-Non intersection,11-Not on roadway - right side,01-Clear,07-Dark,MIDBLOCK,Friday,April,0,GLASGOW ST,2,ROAD,MAJOR,10.0,20.0,PAVED,TwoWay,PAVED,3,40,NO ACCESS,Y,2005.0,140.286356763284
GLASGOW ST,01-Non intersection,11-Not on roadway - right side,01-Clear,07-Dark,MIDBLOCK,Friday,April,0,GLASGOW ST,2,ROAD,MAJOR,9.0,20.0,PAVED,TwoWay,PAVED,3,50,NO ACCESS,Y,2005.0,92.5101010193891
GLASGOW ST,01-Non intersection,11-Not on roadway - right side,01-Clear,07-Dark,MIDBLOCK,Friday,April,0,GLASGOW ST,2,ROAD,MAJOR,10.0,20.0,PAVED,TwoWay,PAVED,3,50,NO ACCESS,N,1996.0,302.420000856593
GLASGOW ST,01-Non intersection,11-Not on roadway - right side,01-Clear,07-Dark,MIDBLOCK,Friday,April,0,GLASGOW ST,2,ROAD,MAJOR,9.0,20.0,PAVED,TwoWay,PAVED,3,40,NO ACCESS,Y,2005.0,36.5357926812653
GLASGOW ST,01-Non intersection,11-Not on roadway - right side,01-Clear,07-Dark,MIDBLOCK,Friday,April,0,GLASGOW ST,2,ROAD,MAJOR,9.0,20.0,PAVED,TwoWay,PAVED,3,40,NO ACCESS,Y,1863.0,106.840810686157
GLASGOW ST,01-Non intersection,11-Not on roadway - right side,01-Clear,07-Dark,MIDBLOCK,Friday,April,0,GLASGOW ST,2,ROAD,MAJOR,10.0,20.0,PAVED,TwoWay,PAVED,3,40,NO ACCESS,Y,1943.0,155.816379258474
GLASGOW ST,01-Non intersection,11-Not on roadway - right side,01-Clear,07-Dark,MIDBLOCK,Friday,April,0,GLASGOW ST,2,ROAD,MAJOR,10.0,23.0,PAVED,TwoWay,PAVED,3,40,NO ACCESS,Y,1863.0,86.1143037323305
GLASGOW ST,01-Non intersection,11-Not on roadway - right side,01-Clear,07-Dark,MIDBLOCK,Friday,April,0,GLASGOW ST,2,ROAD,MAJOR,8.0,20.0,PAVED,TwoWay,PAVED,3,40,NO ACCESS,Y,2005.0,57.775381559733496
GLASGOW ST,01-Non intersection,11-Not on roadway - right side,01-Clear,07-Dark,MIDBLOCK,Friday,April,0,GLASGOW ST,2,ROAD,MAJOR,7.0,23.0,PAVED,TwoWay,PAVED,3,40,NO ACCESS,N,2000.0,644.845772430954
GLASGOW ST,01-Non intersection,11-Not on roadway - right side,01-Clear,07-Dark,MIDBLOCK,Friday,April,0,GLASGOW ST,2,ROAD,MAJOR,7.0,12.0,PAVED,TwoWay,PAVED,5,50,NO ACCESS,N,1999.0,94.657876749424
GLASGOW ST,01-Non intersection,11-Not on roadway - right side,01-Clear,07-Dark,MIDBLOCK,Friday,April,0,GLASGOW ST,2,ROAD,LOCAL,8.0,18.0,PAVED,TwoWay,PAVED,6,50,NO ACCESS,N,1951.0,1888.7119861941
GLASGOW ST,01-Non intersection,11-Not on roadway - right side,01-Clear,07-Dark,MIDBLOCK,Friday,April,0,GLASGOW ST,2,ROAD,MAJOR,8.0,20.0,PAVED,TwoWay,PAVED,3,40,NO ACCESS,Y,2000.0,76.9945825202333
GLASGOW ST,01-Non intersection,11-Not on roadway - right side,01-Clear,07-Dark,MIDBLOCK,Friday,April,0,GLASGOW ST,2,ROAD,MAJOR,10.0,20.0,PAVED,TwoWay,PAVED,3,50,NO ACCESS,N,1986.0,76.4739208503465
GLASGOW ST,01-Non intersection,11-Not on roadway - right side,01-Clear,07-Dark,MIDBLOCK,Friday,April,0,GLASGOW ST,2,ROAD,MAJOR,9.0,20.0,PAVED,TwoWay,PAVED,3,40,NO ACCESS,Y,1863.0,84.94079318410229
GLASGOW ST,01-Non intersection,02-Thru lane,01-Clear,01-Daylight,MIDBLOCK,Friday,April,0,GLASGOW ST,2,ROAD,MAJOR,9.0,23.0,PAVED,TwoWay,PAVED,3,40,NO ACCESS,N,1890.0,402.61780335472395
GLASGOW ST,01-Non intersection,02-Thru lane,01-Clear,01-Daylight,MIDBLOCK,Friday,April,0,GLASGOW ST,2,ROAD,MAJOR,10.0,20.0,PAVED,TwoWay,PAVED,3,40,NO ACCESS,Y,2005.0,140.286356763284
GLASGOW ST,01-Non intersection,02-Thru lane,01-Clear,01-Daylight,MIDBLOCK,Friday,April,0,GLASGOW ST,2,ROAD,MAJOR,9.0,20.0,PAVED,TwoWay,PAVED,3,50,NO ACCESS,Y,2005.0,92.5101010193891
GLASGOW ST,01-Non intersection,02-Thru lane,01-Clear,01-Daylight,MIDBLOCK,Friday,April,0,GLASGOW ST,2,ROAD,MAJOR,10.0,20.0,PAVED,TwoWay,PAVED,3,50,NO ACCESS,N,1996.0,302.420000856593
GLASGOW ST,01-Non intersection,02-Thru lane,01-Clear,01-Daylight,MIDBLOCK,Friday,April,0,GLASGOW ST,2,ROAD,MAJOR,9.0,20.0,PAVED,TwoWay,PAVED,3,40,NO ACCESS,Y,2005.0,36.5357926812653
GLASGOW ST,01-Non intersection,02-Thru lane,01-Clear,01-Daylight,MIDBLOCK,Friday,April,0,GLASGOW ST,2,ROAD,MAJOR,9.0,20.0,PAVED,TwoWay,PAVED,3,40,NO ACCESS,Y,1863.0,106.840810686157
GLASGOW ST,01-Non intersection,02-Thru lane,01-Clear,01-Daylight,MIDBLOCK,Friday,April,0,GLASGOW ST,2,ROAD,MAJOR,10.0,20.0,PAVED,TwoWay,PAVED,3,40,NO ACCESS,Y,1943.0,155.816379258474
GLASGOW ST,01-Non intersection,02-Thru lane,01-Clear,01-Daylight,MIDBLOCK,Friday,April,0,GLASGOW ST,2,ROAD,MAJOR,10.0,23.0,PAVED,TwoWay,PAVED,3,40,NO ACCESS,Y,1863.0,86.1143037323305
GLASGOW ST,01-Non intersection,02-Thru lane,01-Clear,01-Daylight,MIDBLOCK,Friday,April,0,GLASGOW ST,2,ROAD,MAJOR,8.0,20.0,PAVED,TwoWay,PAVED,3,40,NO ACCESS,Y,2005.0,57.775381559733496
GLASGOW ST,01-Non intersection,02-Thru lane,01-Clear,01-Daylight,MIDBLOCK,Friday,April,0,GLASGOW ST,2,ROAD,MAJOR,7.0,23.0,PAVED,TwoWay,PAVED,3,40,NO ACCESS,N,2000.0,644.845772430954
GLASGOW ST,01-Non intersection,02-Thru lane,01-Clear,01-Daylight,MIDBLOCK,Friday,April,0,GLASGOW ST,2,ROAD,MAJOR,7.0,12.0,PAVED,TwoWay,PAVED,5,50,NO ACCESS,N,1999.0,94.657876749424
GLASGOW ST,01-Non intersection,02-Thru lane,01-Clear,01-Daylight,MIDBLOCK,Friday,April,0,GLASGOW ST,2,ROAD,LOCAL,8.0,18.0,PAVED,TwoWay,PAVED,6,50,NO ACCESS,N,1951.0,1888.7119861941
GLASGOW ST,01-Non intersection,02-Thru lane,01-Clear,01-Daylight,MIDBLOCK,Friday,April,0,GLASGOW ST,2,ROAD,MAJOR,8.0,20.0,PAVED,TwoWay,PAVED,3,40,NO ACCESS,Y,2000.0,76.9945825202333
GLASGOW ST,01-Non intersection,02-Thru lane,01-Clear,01-Daylight,MIDBLOCK,Friday,April,0,GLASGOW ST,2,ROAD,MAJOR,10.0,20.0,PAVED,TwoWay,PAVED,3,50,NO ACCESS,N,1986.0,76.4739208503465
GLASGOW ST,01-Non intersection,02-Thru lane,01-Clear,01-Daylight,MIDBLOCK,Friday,April,0,GLASGOW ST,2,ROAD,MAJOR,9.0,20.0,PAVED,TwoWay,PAVED,3,40,NO ACCESS,Y,1863.0,84.94079318410229
GLASGOW ST,01-Non intersection,11-Not on roadway - right side,02-Rain,01-Daylight,MIDBLOCK,Saturday,July,1,GLASGOW ST,2,ROAD,MAJOR,9.0,23.0,PAVED,TwoWay,PAVED,3,40,NO ACCESS,N,1890.0,402.61780335472395
GLASGOW ST,01-Non intersection,11-Not on roadway - right side,02-Rain,01-Daylight,MIDBLOCK,Saturday,July,1,GLASGOW ST,2,ROAD,MAJOR,10.0,20.0,PAVED,TwoWay,PAVED,3,40,NO ACCESS,Y,2005.0,140.286356763284
GLASGOW ST,01-Non intersection,11-Not on roadway - right side,02-Rain,01-Daylight,MIDBLOCK,Saturday,July,1,GLASGOW ST,2,ROAD,MAJOR,9.0,20.0,PAVED,TwoWay,PAVED,3,50,NO ACCESS,Y,2005.0,92.5101010193891
GLASGOW ST,01-Non intersection,11-Not on roadway - right side,02-Rain,01-Daylight,MIDBLOCK,Saturday,July,1,GLASGOW ST,2,ROAD,MAJOR,10.0,20.0,PAVED,TwoWay,PAVED,3,50,NO ACCESS,N,1996.0,302.420000856593
GLASGOW ST,01-Non intersection,11-Not on roadway - right side,02-Rain,01-Daylight,MIDBLOCK,Saturday,July,1,GLASGOW ST,2,ROAD,MAJOR,9.0,20.0,PAVED,TwoWay,PAVED,3,40,NO ACCESS,Y,2005.0,36.5357926812653
GLASGOW ST,01-Non intersection,11-Not on roadway - right side,02-Rain,01-Daylight,MIDBLOCK,Saturday,July,1,GLASGOW ST,2,ROAD,MAJOR,9.0,20.0,PAVED,TwoWay,PAVED,3,40,NO ACCESS,Y,1863.0,106.840810686157
GLASGOW ST,01-Non intersection,11-Not on roadway - right side,02-Rain,01-Daylight,MIDBLOCK,Saturday,July,1,GLASGOW ST,2,ROAD,MAJOR,10.0,20.0,PAVED,TwoWay,PAVED,3,40,NO ACCESS,Y,1943.0,155.816379258474
GLASGOW ST,01-Non intersection,11-Not on roadway - right side,02-Rain,01-Daylight,MIDBLOCK,Saturday,July,1,GLASGOW ST,2,ROAD,MAJOR,10.0,23.0,PAVED,TwoWay,PAVED,3,40,NO ACCESS,Y,1863.0,86.1143037323305
GLASGOW ST,01-Non intersection,11-Not on roadway - right side,02-Rain,01-Daylight,MIDBLOCK,Saturday,July,1,GLASGOW ST,2,ROAD,MAJOR,8.0,20.0,PAVED,TwoWay,PAVED,3,40,NO ACCESS,Y,2005.0,57.775381559733496
GLASGOW ST,01-Non intersection,11-Not on roadway - right side,02-Rain,01-Daylight,MIDBLOCK,Saturday,July,1,GLASGOW ST,2,ROAD,MAJOR,7.0,23.0,PAVED,TwoWay,PAVED,3,40,NO ACCESS,N,2000.0,644.845772430954
GLASGOW ST,01-Non intersection,11-Not on roadway - right side,02-Rain,01-Daylight,MIDBLOCK,Saturday,July,1,GLASGOW ST,2,ROAD,MAJOR,7.0,12.0,PAVED,TwoWay,PAVED,5,50,NO ACCESS,N,1999.0,94.657876749424
GLASGOW ST,01-Non intersection,11-Not on roadway - right side,02-Rain,01-Daylight,MIDBLOCK,Saturday,July,1,GLASGOW ST,2,ROAD,LOCAL,8.0,18.0,PAVED,TwoWay,PAVED,6,50,NO ACCESS,N,1951.0,1888.7119861941
GLASGOW ST,01-Non intersection,11-Not on roadway - right side,02-Rain,01-Daylight,MIDBLOCK,Saturday,July,1,GLASGOW ST,2,ROAD,MAJOR,8.0,20.0,PAVED,TwoWay,PAVED,3,40,NO ACCESS,Y,2000.0,76.9945825202333
GLASGOW ST,01-Non intersection,11-Not on roadway - right side,02-Rain,01-Daylight,MIDBLOCK,Saturday,July,1,GLASGOW ST,2,ROAD,MAJOR,10.0,20.0,PAVED,TwoWay,PAVED,3,50,NO ACCESS,N,1986.0,76.4739208503465
GLASGOW ST,01-Non intersection,11-Not on roadway - right side,02-Rain,01-Daylight,MIDBLOCK,Saturday,July,1,GLASGOW ST,2,ROAD,MAJOR,9.0,20.0,PAVED,TwoWay,PAVED,3,40,NO ACCESS,Y,1863.0,84.94079318410229