LOCATION,ACCIDENT_LOCATION,IMPACT_LOCATION,ENVIRONMENT_CONDITION,LIGHT,COLLISION_TYPE,DAY_OF_WEEK,MONTH,IS_WEEKEND,STREET,LANES,CATEGORY,SUBCATEGORY,PAVEMENT_WIDTH,ROW_WIDTH,SHOULDER,FLOW_DIRECTION,SURFACE_LAYER_TYPE,OFFICIAL_ROAD_CLASSIFICATION,SPEED_LIMIT_KM,TRUCK_ACCESS,BUS_ROUTE,SERVICE_YEAR,Shape__Length
GLASGOW ST,01-Non intersection,11-Not on roadway - right side,03-Snow,01-Daylight,MIDBLOCK,Wednesday,February,0,GLASGOW ST,2,ROAD,MAJOR,10.0,20.0,PAVED,TwoWay,PAVED,3,50,NO ACCESS,N,1996.0,302.420000856593
GLASGOW ST,01-Non intersection,11-Not on roadway - right side,03-Snow,01-Daylight,MIDBLOCK,Wednesday,February,0,GLASGOW ST,2,ROAD,MAJOR,9.0,20.0,PAVED,TwoWay,PAVED,3,40,NO ACCESS,Y,2005.0,36.5357926812653
GLASGOW ST,01-Non intersection,11-Not on roadway - right side,03-Snow,01-Daylight,MIDBLOCK,Wednesday,February,0,GLASGOW ST,2,ROAD,MAJOR,9.0,20.0,PAVED,TwoWay,PAVED,3,40,NO ACCESS,Y,1863.0,106.840810686157
GLASGOW ST,01-Non intersection,11-Not on roadway - right side,03-Snow,01-Daylight,MIDBLOCK,Wednesday,February,0,GLASGOW ST,2,ROAD,MAJOR,10.0,20.0,PAVED,TwoWay,PAVED,3,40,NO ACCESS,Y,1943.0,155.816379258474
GLASGOW ST,01-Non intersection,11-Not on roadway - right side,03-Snow,01-Daylight,MIDBLOCK,Wednesday,February,0,GLASGOW ST,2,ROAD,MAJOR,10.0,23.0,PAVED,TwoWay,PAVED,3,40,NO ACCESS,Y,1863.0,86.1143037323305
GLASGOW ST,01-Non intersection,11-Not on roadway - right side,03-Snow,01-Daylight,MIDBLOCK,Wednesday,February,0,GLASGOW ST,2,ROAD,MAJOR,8.0,20.0,PAVED,TwoWay,PAVED,3,40,NO ACCESS,Y,2005.0,57.775381559733496
GLASGOW ST,01-Non intersection,11-Not on roadway - right side,03-Snow,01-Daylight,MIDBLOCK,Wednesday,February,0,GLASGOW ST,2,ROAD,MAJOR,7.0,23.0,PAVED,TwoWay,PAVED,3,40,NO ACCESS,N,2000.0,644.845772430954
GLASGOW ST,01-Non intersection,11-Not on roadway - right side,03-Snow,01-Daylight,MIDBLOCK,Wednesday,February,0,GLASGOW ST,2,ROAD,MAJOR,7.0,12.0,PAVED,TwoWay,PAVED,5,50,NO ACCESS,N,1999.0,94.657876749424
GLASGOW ST,01-Non intersection,11-Not on roadway - right side,03-Snow,01-Daylight,MIDBLOCK,Wednesday,February,0,GLASGOW ST,2,ROAD,LOCAL,8.0,18.0,PAVED,TwoWay,PAVED,6,50,NO ACCESS,N,1951.0,1888.7119861941
GLASGOW ST,01-Non intersection,11-Not on roadway - right side,03-Snow,01-Daylight,MIDBLOCK,Wednesday,February,0,GLASGOW ST,2,ROAD,MAJOR,8.0,20.0,PAVED,TwoWay,PAVED,3,40,NO ACCESS,Y,2000.0,76.9945825202333
GLASGOW ST,01-Non intersection,11-Not on roadway - right side,03-Snow,01-Daylight,MIDBLOCK,Wednesday,February,0,GLASGOW ST,2,ROAD,MAJOR,10.0,20.0,PAVED,TwoWay,PAVED,3,50,NO ACCESS,N,1986.0,76.4739208503465
GLASGOW ST,01-Non intersection,11-Not on roadway - right side,03-Snow,01-Daylight,MIDBLOCK,Wednesday,February,0,GLASGOW ST,2,ROAD,MAJOR,9.0,20.0,PAVED,TwoWay,PAVED,3,40,NO ACCESS,Y,1863.0,84.94079318410229
HIGHVIEW DR,04-At/near private drive,02-Thru lane,01-Clear,01-Daylight,MIDBLOCK,Saturday,May,1,HIGHVIEW DR,2,ROAD,MINOR,10.0,20.0,PAVED,TwoWay,PAVED,4,50,NO ACCESS,Y,1978.0,87.2284549265817
HIGHVIEW DR,04-At/near private drive,02-Thru lane,01-Clear,01-Daylight,MIDBLOCK,Saturday,May,1,HIGHVIEW DR,2,ROAD,MINOR,9.0,20.0,PAVED,TwoWay,PAVED,4,50,NO ACCESS,Y,1984.0,44.3824668788407
HIGHVIEW DR,04-At/near private drive,02-Thru lane,01-Clear,01-Daylight,MIDBLOCK,Saturday,May,1,HIGHVIEW DR,2,ROAD,MINOR,10.0,20.0,PAVED,TwoWay,PAVED,4,50,NO ACCESS,Y,1978.0,129.943004079037
HIGHVIEW DR,04-At/near private drive,02-Thru lane,01-Clear,01-Daylight,MIDBLOCK,Saturday,May,1,HIGHVIEW DR,2,ROAD,MINOR,9.0,20.0,PAVED,TwoWay,PAVED,4,50,NO ACCESS,Y,1978.0,122.236273048329
HIGHVIEW DR,04-At/near private drive,02-Thru lane,01-Clear,01-Daylight,MIDBLOCK,Saturday,May,1,HIGHVIEW DR,2,ROAD,MINOR,9.0,20.0,PAVED,TwoWay,PAVED,4,50,NO ACCESS,Y,1984.0,72.138787325478
HIGHVIEW DR,04-At/near private drive,02-Thru lane,01-Clear,01-Daylight,MIDBLOCK,Saturday,May,1,HIGHVIEW DR,2,ROAD,MINOR,9.0,20.0,PAVED,TwoWay,PAVED,4,50,NO ACCESS,Y,1979.0,155.262427262478
HIGHVIEW DR,04-At/near private drive,02-Thru lane,01-Clear,01-Daylight,MIDBLOCK,Saturday,May,1,HIGHVIEW DR,2,ROAD,MINOR,9.0,20.0,PAVED,TwoWay,PAVED,4,50,NO ACCESS,Y,1984.0,63.9632582967589
HIGHVIEW DR,04-At/near private drive,02-Thru lane,01-Clear,01-Daylight,MIDBLOCK,Saturday,May,1,HIGHVIEW DR,2,ROAD,MINOR,9.0,20.0,PAVED,TwoWay,PAVED,4,50,NO ACCESS,Y,1978.0,126.052745030009
HIGHVIEW DR,01-Non intersection,02-Thru lane,03-Snow,01-Daylight,MIDBLOCK,Tuesday,February,0,HIGHVIEW DR,2,ROAD,MINOR,10.0,20.0,PAVED,TwoWay,PAVED,4,50,NO ACCESS,Y,1978.0,87.2284549265817
HIGHVIEW DR,01-Non intersection,02-Thru lane,03-Snow,01-Daylight,MIDBLOCK,Tuesday,February,0,HIGHVIEW DR,2,ROAD,MINOR,9.0,20.0,PAVED,TwoWay,PAVED,4,50,NO ACCESS,Y,1984.0,44.3824668788407
HIGHVIEW DR,01-Non intersection,02-Thru lane,03-Snow,01-Daylight,MIDBLOCK,Tuesday,February,0,HIGHVIEW DR,2,ROAD,MINOR,10.0,20.0,PAVED,TwoWay,PAVED,4,50,NO ACCESS,Y,1978.0,129.943004079037
HIGHVIEW DR,01-Non intersection,02-Thru lane,03-Snow,01-Daylight,MIDBLOCK,Tuesday,February,0,HIGHVIEW DR,2,ROAD,MINOR,9.0,20.0,PAVED,TwoWay,PAVED,4,50,NO ACCESS,Y,1978.0,122.236273048329
HIGHVIEW DR,01-Non intersection,02-Thru lane,03-Snow,01-Daylight,MIDBLOCK,Tuesday,February,0,HIGHVIEW DR,2,ROAD,MINOR,9.0,20.0,PAVED,TwoWay,PAVED,4,50,NO ACCESS,Y,1984.0,72.138787325478
HIGHVIEW DR,01-Non intersection,02-Thru lane,03-Snow,01-Daylight,MIDBLOCK,Tuesday,February,0,HIGHVIEW DR,2,ROAD,MINOR,9.0,20.0,PAVED,TwoWay,PAVED,4,50,NO ACCESS,Y,1979.0,155.262427262478
HIGHVIEW DR,01-Non intersection,02-Thru lane,03-Snow,01-Daylight,MIDBLOCK,Tuesday,February,0,HIGHVIEW DR,2,ROAD,MINOR,9.0,20.0,PAVED,TwoWay,PAVED,4,50,NO ACCESS,Y,1984.0,63.9632582967589
HIGHVIEW DR,01-Non intersection,02-Thru lane,03-Snow,01-Daylight,MIDBLOCK,Tuesday,February,0,HIGHVIEW DR,2,ROAD,MINOR,9.0,20.0,PAVED,TwoWay,PAVED,4,50,NO ACCESS,Y,1978.0,126.052745030009
HIGHVIEW DR,04-At/near private drive,02-Thru lane,01-Clear,01-Daylight,MIDBLOCK,Monday,June,0,HIGHVIEW DR,2,ROAD,MINOR,10.0,20.0,PAVED,TwoWay,PAVED,4,50,NO ACCESS,Y,1978.0,87.2284549265817
HIGHVIEW DR,04-At/near private drive,02-Thru lane,01-Clear,01-Daylight,MIDBLOCK,Monday,June,0,HIGHVIEW DR,2,ROAD,MINOR,9.0,20.0,PAVED,TwoWay,PAVED,4,50,NO ACCESS,Y,1984.0,44.3824668788407
HIGHVIEW DR,04-At/near private drive,02-Thru lane,01-Clear,01-Daylight,MIDBLOCK,Monday,June,0,HIGHVIEW DR,2,ROAD,MINOR,10.0,20.0,PAVED,TwoWay,PAVED,4,50,NO ACCESS,Y,1978.0,129.943004079037
HIGHVIEW DR,04-At/near private drive,02-Thru lane,01-Clear,01-Daylight,MIDBLOCK,Monday,June,0,HIGHVIEW DR,2,ROAD,MINOR,9.0,20.0,PAVED,TwoWay,PAVED,4,50,NO ACCESS,Y,1978.0,122.236273048329
HIGHVIEW DR,04-At/near private drive,02-Thru lane,01-Clear,01-Daylight,MIDBLOCK,Monday,June,0,HIGHVIEW DR,2,ROAD,MINOR,9.0,20.0,PAVED,TwoWay,PAVED,4,50,NO ACCESS,Y,1984.0,72.138787325478
HIGHVIEW DR,04-At/near private drive,02-Thru lane,01-Clear,01-Daylight,MIDBLOCK,Monday,June,0,HIGHVIEW DR,2,ROAD,MINOR,9.0,20.0,PAVED,TwoWay,PAVED,4,50,NO ACCESS,Y,1979.0,155.262427262478
HIGHVIEW DR,04-At/near private drive,02-Thru lane,01-Clear,01-Daylight,MIDBLOCK,Monday,June,0,HIGHVIEW DR,2,ROAD,MINOR,9.0,20.0,PAVED,TwoWay,PAVED,4,50,NO ACCESS,Y,1984.0,63.9632582967589
HIGHVIEW DR,04-At/near private drive,02-Thru lane,01-Clear,01-Daylight,MIDBLOCK,Monday,June,0,HIGHVIEW DR,2,ROAD,MINOR,9.0,20.0,PAVED,TwoWay,PAVED,4,50,NO ACCESS,Y,1978.0,126.052745030009
HIGHVIEW DR,04-At/near private drive,02-Thru lane,01-Clear,01-Daylight,MIDBLOCK,Wednesday,October,0,HIGHVIEW DR,2,ROAD,MINOR,10.0,20.0,PAVED,TwoWay,PAVED,4,50,NO ACCESS,Y,1978.0,87.2284549265817
HIGHVIEW DR,04-At/near private drive,02-Thru lane,01-Clear,01-Daylight,MIDBLOCK,Wednesday,October,0,HIGHVIEW DR,2,ROAD,MINOR,9.0,20.0,PAVED,TwoWay,PAVED,4,50,NO ACCESS,Y,1984.0,44.3824668788407
HIGHVIEW DR,04-At/near private drive,02-Thru lane,01-Clear,01-Daylight,MIDBLOCK,Wednesday,October,0,HIGHVIEW DR,2,ROAD,MINOR,10.0,20.0,PAVED,TwoWay,PAVED,4,50,NO ACCESS,Y,1978.0,129.943004079037
HIGHVIEW DR,04-At/near private drive,02-Thru lane,01-Clear,01-Daylight,MIDBLOCK,Wednesday,October,0,HIGHVIEW DR,2,ROAD,MINOR,9.0,20.0,PAVED,TwoWay,PAVED,4,50,NO ACCESS,Y,1978.0,122.236273048329
HIGHVIEW DR,04-At/near private drive,02-Thru lane,01-Clear,01-Daylight,MIDBLOCK,Wednesday,October,0,HIGHVIEW DR,2,ROAD,MINOR,9.0,20.0,PAVED,TwoWay,PAVED,4,50,NO ACCESS,Y,1984.0,72.138787325478
HIGHVIEW DR,04-At/near private drive,02-Thru lane,01-Clear,01-Daylight,MIDBLOCK,Wednesday,October,0,HIGHVIEW DR,2,ROAD,MINOR,9.0,20.0,PAVED,TwoWay,PAVED,4,50,NO ACCESS,Y,1979.0,155.262427262478
HIGHVIEW DR,04-At/near private drive,02-Thru lane,01-Clear,01-Daylight,MIDBLOCK,Wednesday,October,0,HIGHVIEW DR,2,ROAD,MINOR,9.0,20.0,PAVED,TwoWay,PAVED,4,50,NO ACCESS,Y,1984.0,63.9632582967589
HIGHVIEW DR,04-At/near private drive,02-Thru lane,01-Clear,01-Daylight,MIDBLOCK,Wednesday,October,0,HIGHVIEW DR,2,ROAD,MINOR,9.0,20.0,PAVED,TwoWay,PAVED,4,50,NO ACCESS,Y,1978.0,126.052745030009
HIGHVIEW DR,01-Non intersection,02-Thru lane,03-Snow,03-Dawn,MIDBLOCK,Monday,August,0,HIGHVIEW DR,2,ROAD,MINOR,10.0,20.0,PAVED,TwoWay,PAVED,4,50,NO ACCESS,Y,1978.0,87.2284549265817
HIGHVIEW DR,01-Non intersection,02-Thru lane,03-Snow,03-Dawn,MIDBLOCK,Monday,August,0,HIGHVIEW DR,2,ROAD,MINOR,9.0,20.0,PAVED,TwoWay,PAVED,4,50,NO ACCESS,Y,1984.0,44.3824668788407
HIGHVIEW DR,01-Non intersection,02-Thru lane,03-Snow,03-Dawn,MIDBLOCK,Monday,August,0,HIGHVIEW DR,2,ROAD,MINOR,10.0,20.0,PAVED,TwoWay,PAVED,4,50,NO ACCESS,Y,1978.0,129.943004079037
HIGHVIEW DR,01-Non intersection,02-Thru lane,03-Snow,03-Dawn,MIDBLOCK,Monday,August,0,HIGHVIEW DR,2,ROAD,MINOR,9.0,20.0,PAVED,TwoWay,PAVED,4,50,NO ACCESS,Y,1978.0,122.236273048329
HIGHVIEW DR,01-Non intersection,02-Thru lane,03-Snow,03-Dawn,MIDBLOCK,Monday,August,0,HIGHVIEW DR,2,ROAD,MINOR,9.0,20.0,PAVED,TwoWay,PAVED,4,50,NO ACCESS,Y,1984.0,72.138787325478
HIGHVIEW DR,01-Non intersection,02-Thru lane,03-Snow,03-Dawn,MIDBLOCK,Monday,August,0,HIGHVIEW DR,2,ROAD,MINOR,9.0,20.0,PAVED,TwoWay,PAVED,4,50,NO ACCESS,Y,1979.0,155.262427262478
HIGHVIEW DR,01-Non intersection,02-Thru lane,03-Snow,03-Dawn,MIDBLOCK,Monday,August,0,HIGHVIEW DR,2,ROAD,MINOR,9.0,20.0,PAVED,TwoWay,PAVED,4,50,NO ACCESS,Y,1984.0,63.9632582967589
HIGHVIEW DR,01-Non intersection,02-Thru lane,03-Snow,03-Dawn,MIDBLOCK,Monday,August,0,HIGHVIEW DR,2,ROAD,MINOR,9.0,20.0,PAVED,TwoWay,PAVED,4,50,NO ACCESS,Y,1978.0,126.052745030009
HIGHVIEW DR,01-Non intersection,02-Thru lane,01-Clear,01-Daylight,MIDBLOCK,Friday,February,0,HIGHVIEW DR,2,ROAD,MINOR,10.0,20.0,PAVED,TwoWay,PAVED,4,50,NO ACCESS,Y,1978.0,87.2284549265817
HIGHVIEW DR,01-Non intersection,02-Thru lane,01-Clear,01-Daylight,MIDBLOCK,Friday,February,0,HIGHVIEW DR,2,ROAD,MINOR,9.0,20.0,PAVED,TwoWay,PAVED,4,50,NO ACCESS,Y,1984.0,44.3824668788407
HIGHVIEW DR,01-Non intersection,02-Thru lane,01-Clear,01-Daylight,MIDBLOCK,Friday,February,0,HIGHVIEW DR,2,ROAD,MINOR,10.0,20.0,PAVED,TwoWay,PAVED,4,50,NO ACCESS,Y,1978.0,129.943004079037
HIGHVIEW DR,01-Non intersection,02-Thru lane,01-Clear,01-Daylight,MIDBLOCK,Friday,February,0,HIGHVIEW DR,2,ROAD,MINOR,9.0,20.0,PAVED,TwoWay,PAVED,4,50,NO ACCESS,Y,1978.0,122.236273048329
HIGHVIEW DR,01-Non intersection,02-Thru lane,01-Clear,01-Daylight,MIDBLOCK,Friday,February,0,HIGHVIEW DR,2,ROAD,MINOR,9.0,20.0,PAVED,TwoWay,PAVED,4,50,NO ACCESS,Y,1984.0,72.138787325478
HIGHVIEW DR,01-Non intersection,02-Thru lane,01-Clear,01-Daylight,MIDBLOCK,Friday,February,0,HIGHVIEW DR,2,ROAD,MINOR,9.0,20.0,PAVED,TwoWay,PAVED,4,50,NO ACCESS,Y,1979.0,155.262427262478
HIGHVIEW DR,01-Non intersection,02-Thru lane,01-Clear,01-Daylight,MIDBLOCK,Friday,February,0,HIGHVIEW DR,2,ROAD,MINOR,9.0,20.0,PAVED,TwoWay,PAVED,4,50,NO ACCESS,Y,1984.0,63.9632582967589
HIGHVIEW DR,01-Non intersection,02-Thru lane,01-Clear,01-Daylight,MIDBLOCK,Friday,February,0,HIGHVIEW DR,2,ROAD,MINOR,9.0,20.0,PAVED,TwoWay,PAVED,4,50,NO ACCESS,Y,1978.0,126.052745030009
WEICHEL ST,04-At/near private drive,02-Thru lane,01-Clear,01-Daylight,MIDBLOCK,Sunday,January,1,WEICHEL ST,2,ROAD,LOCAL,8.5,20.0,PAVED,TwoWay,PAVED,6,50,NO ACCESS,N,2007.0,434.74611316259904
WEICHEL ST,04-At/near private drive,02-Thru lane,01-Clear,01-Daylight,MIDBLOCK,Sunday,January,1,WEICHEL ST,2,ROAD,LOCAL,9.0,18.0,PAVED,TwoWay,PAVED,6,50,NO ACCESS,N,2007.0,106.636774836441
WEICHEL ST,04-At/near private drive,09-Right shoulder,01-Clear,05-Dusk,MIDBLOCK,Wednesday,February,0,WEICHEL ST,2,ROAD,LOCAL,8.5,20.0,PAVED,TwoWay,PAVED,6,50,NO ACCESS,N,2007.0,434.74611316259904
WEICHEL ST,04-At/near private drive,09-Right shoulder,01-Clear,05-Dusk,MIDBLOCK,Wednesday,February,0,WEICHEL ST,2,ROAD,LOCAL,9.0,18.0,PAVED,TwoWay,PAVED,6,50,NO ACCESS,N,2007.0,106.636774836441
WEICHEL ST,04-At/near private drive,02-Thru lane,01-Clear,01-Daylight,MIDBLOCK,Wednesday,April,0,WEICHEL ST,2,ROAD,LOCAL,8.5,20.0,PAVED,TwoWay,PAVED,6,50,NO ACCESS,N,2007.0,434.74611316259904
WEICHEL ST,04-At/near private drive,02-Thru lane,01-Clear,01-Daylight,MIDBLOCK,Wednesday,April,0,WEICHEL ST,2,ROAD,LOCAL,9.0,18.0,PAVED,TwoWay,PAVED,6,50,NO ACCESS,N,2007.0,106.636774836441
WEICHEL ST,01-Non intersection,02-Thru lane,01-Clear,"08-Dark, artificial",MIDBLOCK,Monday,September,0,WEICHEL ST,2,ROAD,LOCAL,8.5,20.0,PAVED,TwoWay,PAVED,6,50,NO ACCESS,N,2007.0,434.74611316259904
WEICHEL ST,01-Non intersection,02-Thru lane,01-Clear,"08-Dark, artificial",MIDBLOCK,Monday,September,0,WEICHEL ST,2,ROAD,LOCAL,9.0,18.0,PAVED,TwoWay,PAVED,6,50,NO ACCESS,N,2007.0,106.636774836441
ROLLING MEADOWS DR,04-At/near private drive,02-Thru lane,01-Clear,01-Daylight,MIDBLOCK,Tuesday,August,0,ROLLING MEADOWS DR,2,ROAD,LOCAL,10.0,20.0,PAVED,TwoWay,PAVED,6,50,NO ACCESS,Y,2006.0,43.8549457532818
ROLLING MEADOWS DR,04-At/near private drive,02-Thru lane,01-Clear,01-Daylight,MIDBLOCK,Tuesday,August,0,ROLLING MEADOWS DR,2,ROAD,LOCAL,10.0,20.0,PAVED,TwoWay,PAVED,6,50,NO ACCESS,Y,2006.0,67.6835204994782
ROLLING MEADOWS DR,04-At/near private drive,02-Thru lane,01-Clear,01-Daylight,MIDBLOCK,Tuesday,August,0,ROLLING MEADOWS DR,2,ROAD,LOCAL,9.0,20.0,PAVED,TwoWay,PAVED,6,50,NO ACCESS,Y,2006.0,75.3256757585466
ROLLING MEADOWS DR,04-At/near private drive,02-Thru lane,01-Clear,01-Daylight,MIDBLOCK,Tuesday,August,0,ROLLING MEADOWS DR,2,ROAD,LOCAL,10.0,20.0,PAVED,TwoWay,PAVED,6,50,NO ACCESS,Y,2006.0,117.342245350679
ROLLING MEADOWS DR,04-At/near private drive,02-Thru lane,01-Clear,01-Daylight,MIDBLOCK,Tuesday,August,0,ROLLING MEADOWS DR,2,ROAD,LOCAL,10.0,20.0,PAVED,TwoWay,PAVED,6,50,NO ACCESS,Y,2006.0,68.9341699832942
ROLLING MEADOWS DR,04-At/near private drive,02-Thru lane,01-Clear,01-Daylight,MIDBLOCK,Tuesday,August,0,ROLLING MEADOWS DR,2,ROAD,LOCAL,10.0,20.0,PAVED,TwoWay,PAVED,6,50,NO ACCESS,Y,2006.0,178.50976443923
ROLLING MEADOWS DR,04-At/near private drive,02-Thru lane,01-Clear,01-Daylight,MIDBLOCK,Tuesday,August,0,ROLLING MEADOWS DR,2,ROAD,LOCAL,10.0,20.0,PAVED,TwoWay,PAVED,6,50,NO ACCESS,Y,2006.0,66.7872803257476
ROLLING MEADOWS DR,04-At/near private drive,02-Thru lane,01-Clear,01-Daylight,MIDBLOCK,Tuesday,August,0,ROLLING MEADOWS DR,2,ROAD,LOCAL,9.0,20.0,PAVED,TwoWay,PAVED,6,50,NO ACCESS,Y,2006.0,164.965930588538
ROLLING MEADOWS DR,01-Non intersection,02-Thru lane,01-Clear,01-Daylight,MIDBLOCK,Sunday,March,1,ROLLING MEADOWS DR,2,ROAD,LOCAL,10.0,20.0,PAVED,TwoWay,PAVED,6,50,NO ACCESS,Y,2006.0,43.8549457532818
ROLLING MEADOWS DR,01-Non intersection,02-Thru lane,01-Clear,01-Daylight,MIDBLOCK,Sunday,March,1,ROLLING MEADOWS DR,2,ROAD,LOCAL,10.0,20.0,PAVED,TwoWay,PAVED,6,50,NO ACCESS,Y,2006.0,67.6835204994782
ROLLING MEADOWS DR,01-Non intersection,02-Thru lane,01-Clear,01-Daylight,MIDBLOCK,Sunday,March,1,ROLLING MEADOWS DR,2,ROAD,LOCAL,9.0,20.0,PAVED,TwoWay,PAVED,6,50,NO ACCESS,Y,2006.0,75.3256757585466
ROLLING MEADOWS DR,01-Non intersection,02-Thru lane,01-Clear,01-Daylight,MIDBLOCK,Sunday,March,1,ROLLING MEADOWS DR,2,ROAD,LOCAL,10.0,20.0,PAVED,TwoWay,PAVED,6,50,NO ACCESS,Y,2006.0,117.342245350679
ROLLING MEADOWS DR,01-Non intersection,02-Thru lane,01-Clear,01-Daylight,MIDBLOCK,Sunday,March,1,ROLLING MEADOWS DR,2,ROAD,LOCAL,10.0,20.0,PAVED,TwoWay,PAVED,6,50,NO ACCESS,Y,2006.0,68.9341699832942
ROLLING MEADOWS DR,01-Non intersection,02-Thru lane,01-Clear,01-Daylight,MIDBLOCK,Sunday,March,1,ROLLING MEADOWS DR,2,ROAD,LOCAL,10.0,20.0,PAVED,TwoWay,PAVED,6,50,NO ACCESS,Y,2006.0,178.50976443923
ROLLING MEADOWS DR,01-Non intersection,02-Thru lane,01-Clear,01-Daylight,MIDBLOCK,Sunday,March,1,ROLLING MEADOWS DR,2,ROAD,LOCAL,10.0,20.0,PAVED,TwoWay,PAVED,6,50,NO ACCESS,Y,2006.0,66.7872803257476
ROLLING MEADOWS DR,01-Non intersection,02-Thru lane,01-Clear,01-Daylight,MIDBLOCK,Sunday,March,1,ROLLING MEADOWS DR,2,ROAD,LOCAL,9.0,20.0,PAVED,TwoWay,PAVED,6,50,NO ACCESS,Y,2006.0,164.965930588538
ROLLING MEADOWS DR,04-At/near private drive,99-Other,01-Clear,07-Dark,MIDBLOCK,Thursday,March,0,ROLLING MEADOWS DR,2,ROAD,LOCAL,10.0,20.0,PAVED,TwoWay,PAVED,6,50,NO ACCESS,Y,2006.0,43.8549457532818
ROLLING MEADOWS DR,04-At/near private drive,99-Other,01-Clear,07-Dark,MIDBLOCK,Thursday,March,0,ROLLING MEADOWS DR,2,ROAD,LOCAL,10.0,20.0,PAVED,TwoWay,PAVED,6,50,NO ACCESS,Y,2006.0,67.6835204994782
ROLLING MEADOWS DR,04-At/near private drive,99-Other,01-Clear,07-Dark,MIDBLOCK,Thursday,March,0,ROLLING MEADOWS DR,2,ROAD,LOCAL,9.0,20.0,PAVED,TwoWay,PAVED,6,50,NO ACCESS,Y,2006.0,75.3256757585466
ROLLING MEADOWS DR,04-At/near private drive,99-Other,01-Clear,07-Dark,MIDBLOCK,Thursday,March,0,ROLLING MEADOWS DR,2,ROAD,LOCAL,10.0,20.0,PAVED,TwoWay,PAVED,6,50,NO ACCESS,Y,2006.0,117.342245350679
ROLLING MEADOWS DR,04-At/near private drive,99-Other,01-Clear,07-Dark,MIDBLOCK,Thursday,March,0,ROLLING MEADOWS DR,2,ROAD,LOCAL,10.0,20.0,PAVED,TwoWay,PAVED,6,50,NO ACCESS,Y,2006.0,68.9341699832942
ROLLING MEADOWS DR,04-At/near private drive,99-Other,01-Clear,07-Dark,MIDBLOCK,Thursday,March,0,ROLLING MEADOWS DR,2,ROAD,LOCAL,10.0,20.0,PAVED,TwoWay,PAVED,6,50,NO ACCESS,Y,2006.0,178.50976443923
ROLLING MEADOWS DR,04-At/near private drive,99-Other,01-Clear,07-Dark,MIDBLOCK,Thursday,March,0,ROLLING MEADOWS DR,2,ROAD,LOCAL,10.0,20.0,PAVED,TwoWay,PAVED,6,50,NO ACCESS,Y,2006.0,66.7872803257476
ROLLING MEADOWS DR,04-At/near private drive,99-Other,01-Clear,07-Dark,MIDBLOCK,Thursday,March,0,ROLLING MEADOWS DR,2,ROAD,LOCAL,9.0,20.0,PAVED,TwoWay,PAVED,6,50,NO ACCESS,Y,2006.0,164.965930588538
ROLLING MEADOWS DR,04-At/near private drive,02-Thru lane,01-Clear,01-Daylight,MIDBLOCK,Sunday,February,1,ROLLING MEADOWS DR,2,ROAD,LOCAL,10.0,20.0,PAVED,TwoWay,PAVED,6,50,NO ACCESS,Y,2006.0,43.8549457532818
ROLLING MEADOWS DR,04-At/near private drive,02-Thru lane,01-Clear,01-Daylight,MIDBLOCK,Sunday,February,1,ROLLING MEADOWS DR,2,ROAD,LOCAL,10.0,20.0,PAVED,TwoWay,PAVED,6,50,NO ACCESS,Y,2006.0,67.6835204994782
ROLLING MEADOWS DR,04-At/near private drive,02-Thru lane,01-Clear,01-Daylight,MIDBLOCK,Sunday,February,1,ROLLING MEADOWS DR,2,ROAD,LOCAL,9.0,20.0,PAVED,TwoWay,PAVED,6,50,NO ACCESS,Y,2006.0,75.3256757585466
ROLLING MEADOWS DR,04-At/near private drive,02-Thru lane,01-Clear,01-Daylight,MIDBLOCK,Sunday,February,1,ROLLING MEADOWS DR,2,ROAD,LOCAL,10.0,20.0,PAVED,TwoWay,PAVED,6,50,NO ACCESS,Y,2006.0,117.342245350679
ROLLING MEADOWS DR,04-At/near private drive,02-Thru lane,01-Clear,01-Daylight,MIDBLOCK,Sunday,February,1,ROLLING MEADOWS DR,2,ROAD,LOCAL,10.0,20.0,PAVED,TwoWay,PAVED,6,50,NO ACCESS,Y,2006.0,68.9341699832942
ROLLING MEADOWS DR,04-At/near private drive,02-Thru lane,01-Clear,01-Daylight,MIDBLOCK,Sunday,February,1,ROLLING MEADOWS DR,2,ROAD,LOCAL,10.0,20.0,PAVED,TwoWay,PAVED,6,50,NO ACCESS,Y,2006.0,178.50976443923
ROLLING MEADOWS DR,04-At/near private drive,02-Thru lane,01-Clear,01-Daylight,MIDBLOCK,Sunday,February,1,ROLLING MEADOWS DR,2,ROAD,LOCAL,10.0,20.0,PAVED,TwoWay,PAVED,6,50,NO ACCESS,Y,2006.0,66.7872803257476
ROLLING MEADOWS DR,04-At/near private drive,02-Thru lane,01-Clear,01-Daylight,MIDBLOCK,Sunday,February,1,ROLLING MEADOWS DR,2,ROAD,LOCAL,9.0,20.0,PAVED,TwoWay,PAVED,6,50,NO ACCESS,Y,2006.0,164.965930588538
ROLLING MEADOWS DR,01-Non intersection,02-Thru lane,03-Snow,01-Daylight,MIDBLOCK,Friday,November,0,ROLLING MEADOWS DR,2,ROAD,LOCAL,10.0,20.0,PAVED,TwoWay,PAVED,6,50,NO ACCESS,Y,2006.0,43.8549457532818
ROLLING MEADOWS DR,01-Non intersection,02-Thru lane,03-Snow,01-Daylight,MIDBLOCK,Friday,November,0,ROLLING MEADOWS DR,2,ROAD,LOCAL,10.0,20.0,PAVED,TwoWay,PAVED,6,50,NO ACCESS,Y,2006.0,67.6835204994782
ROLLING MEADOWS DR,01-Non intersection,02-Thru lane,03-Snow,01-Daylight,MIDBLOCK,Friday,November,0,ROLLING MEADOWS DR,2,ROAD,LOCAL,9.0,20.0,PAVED,TwoWay,PAVED,6,50,NO ACCESS,Y,2006.0,75.3256757585466
ROLLING MEADOWS DR,01-Non intersection,02-Thru lane,03-Snow,01-Daylight,MIDBLOCK,Friday,November,0,ROLLING MEADOWS DR,2,ROAD,LOCAL,10.0,20.0,PAVED,TwoWay,PAVED,6,50,NO ACCESS,Y,2006.0,117.342245350679
ROLLING MEADOWS DR,01-Non intersection,02-Thru lane,03-Snow,01-Daylight,MIDBLOCK,Friday,November,0,ROLLING MEADOWS DR,2,ROAD,LOCAL,10.0,20.0,PAVED,TwoWay,PAVED,6,50,NO ACCESS,Y,2006.0,68.9341699832942