LOCATION,ACCIDENT_LOCATION,IMPACT_LOCATION,ENVIRONMENT_CONDITION,LIGHT,COLLISION_TYPE,DAY_OF_WEEK,MONTH,IS_WEEKEND,STREET,LANES,CATEGORY,SUBCATEGORY,PAVEMENT_WIDTH,ROW_WIDTH,SHOULDER,FLOW_DIRECTION,SURFACE_LAYER_TYPE,OFFICIAL_ROAD_CLASSIFICATION,SPEED_LIMIT_KM,TRUCK_ACCESS,BUS_ROUTE,SERVICE_YEAR,Shape__Length
ROLLING MEADOWS DR,01-Non intersection,02-Thru lane,03-Snow,01-Daylight,MIDBLOCK,Friday,November,0,ROLLING MEADOWS DR,2,ROAD,LOCAL,10.0,20.0,PAVED,TwoWay,PAVED,6,50,NO ACCESS,Y,2006.0,178.50976443923
ROLLING MEADOWS DR,01-Non intersection,02-Thru lane,03-Snow,01-Daylight,MIDBLOCK,Friday,November,0,ROLLING MEADOWS DR,2,ROAD,LOCAL,10.0,20.0,PAVED,TwoWay,PAVED,6,50,NO ACCESS,Y,2006.0,66.7872803257476
ROLLING MEADOWS DR,01-Non intersection,02-Thru lane,03-Snow,01-Daylight,MIDBLOCK,Friday,November,0,ROLLING MEADOWS DR,2,ROAD,LOCAL,9.0,20.0,PAVED,TwoWay,PAVED,6,50,NO ACCESS,Y,2006.0,164.965930588538
ROLLING MEADOWS DR,04-At/near private drive,11-Not on roadway - right side,01-Clear,01-Daylight,MIDBLOCK,Wednesday,June,0,ROLLING MEADOWS DR,2,ROAD,LOCAL,10.0,20.0,PAVED,TwoWay,PAVED,6,50,NO ACCESS,Y,2006.0,43.8549457532818
ROLLING MEADOWS DR,04-At/near private drive,11-Not on roadway - right side,01-Clear,01-Daylight,MIDBLOCK,Wednesday,June,0,ROLLING MEADOWS DR,2,ROAD,LOCAL,10.0,20.0,PAVED,TwoWay,PAVED,6,50,NO ACCESS,Y,2006.0,67.6835204994782
ROLLING MEADOWS DR,04-At/near private drive,11-Not on roadway - right side,01-Clear,01-Daylight,MIDBLOCK,Wednesday,June,0,ROLLING MEADOWS DR,2,ROAD,LOCAL,9.0,20.0,PAVED,TwoWay,PAVED,6,50,NO ACCESS,Y,2006.0,75.3256757585466
ROLLING MEADOWS DR,04-At/near private drive,11-Not on roadway - right side,01-Clear,01-Daylight,MIDBLOCK,Wednesday,June,0,ROLLING MEADOWS DR,2,ROAD,LOCAL,10.0,20.0,PAVED,TwoWay,PAVED,6,50,NO ACCESS,Y,2006.0,117.342245350679
ROLLING MEADOWS DR,04-At/near private drive,11-Not on roadway - right side,01-Clear,01-Daylight,MIDBLOCK,Wednesday,June,0,ROLLING MEADOWS DR,2,ROAD,LOCAL,10.0,20.0,PAVED,TwoWay,PAVED,6,50,NO ACCESS,Y,2006.0,68.9341699832942
ROLLING MEADOWS DR,04-At/near private drive,11-Not on roadway - right side,01-Clear,01-Daylight,MIDBLOCK,Wednesday,June,0,ROLLING MEADOWS DR,2,ROAD,LOCAL,10.0,20.0,PAVED,TwoWay,PAVED,6,50,NO ACCESS,Y,2006.0,178.50976443923
ROLLING MEADOWS DR,04-At/near private drive,11-Not on roadway - right side,01-Clear,01-Daylight,MIDBLOCK,Wednesday,June,0,ROLLING MEADOWS DR,2,ROAD,LOCAL,10.0,20.0,PAVED,TwoWay,PAVED,6,50,NO ACCESS,Y,2006.0,66.7872803257476
ROLLING MEADOWS DR,04-At/near private drive,11-Not on roadway - right side,01-Clear,01-Daylight,MIDBLOCK,Wednesday,June,0,ROLLING MEADOWS DR,2,ROAD,LOCAL,9.0,20.0,PAVED,TwoWay,PAVED,6,50,NO ACCESS,Y,2006.0,164.965930588538
ROLLING MEADOWS DR,01-Non intersection,09-Right shoulder,01-Clear,01-Daylight,MIDBLOCK,Sunday,June,1,ROLLING MEADOWS DR,2,ROAD,LOCAL,10.0,20.0,PAVED,TwoWay,PAVED,6,50,NO ACCESS,Y,2006.0,43.8549457532818
ROLLING MEADOWS DR,01-Non intersection,09-Right shoulder,01-Clear,01-Daylight,MIDBLOCK,Sunday,June,1,ROLLING MEADOWS DR,2,ROAD,LOCAL,10.0,20.0,PAVED,TwoWay,PAVED,6,50,NO ACCESS,Y,2006.0,67.6835204994782
ROLLING MEADOWS DR,01-Non intersection,09-Right shoulder,01-Clear,01-Daylight,MIDBLOCK,Sunday,June,1,ROLLING MEADOWS DR,2,ROAD,LOCAL,9.0,20.0,PAVED,TwoWay,PAVED,6,50,NO ACCESS,Y,2006.0,75.3256757585466
ROLLING MEADOWS DR,01-Non intersection,09-Right shoulder,01-Clear,01-Daylight,MIDBLOCK,Sunday,June,1,ROLLING MEADOWS DR,2,ROAD,LOCAL,10.0,20.0,PAVED,TwoWay,PAVED,6,50,NO ACCESS,Y,2006.0,117.342245350679
ROLLING MEADOWS DR,01-Non intersection,09-Right shoulder,01-Clear,01-Daylight,MIDBLOCK,Sunday,June,1,ROLLING MEADOWS DR,2,ROAD,LOCAL,10.0,20.0,PAVED,TwoWay,PAVED,6,50,NO ACCESS,Y,2006.0,68.9341699832942
ROLLING MEADOWS DR,01-Non intersection,09-Right shoulder,01-Clear,01-Daylight,MIDBLOCK,Sunday,June,1,ROLLING MEADOWS DR,2,ROAD,LOCAL,10.0,20.0,PAVED,TwoWay,PAVED,6,50,NO ACCESS,Y,2006.0,178.50976443923
ROLLING MEADOWS DR,01-Non intersection,09-Right shoulder,01-Clear,01-Daylight,MIDBLOCK,Sunday,June,1,ROLLING MEADOWS DR,2,ROAD,LOCAL,10.0,20.0,PAVED,TwoWay,PAVED,6,50,NO ACCESS,Y,2006.0,66.7872803257476
ROLLING MEADOWS DR,01-Non intersection,09-Right shoulder,01-Clear,01-Daylight,MIDBLOCK,Sunday,June,1,ROLLING MEADOWS DR,2,ROAD,LOCAL,9.0,20.0,PAVED,TwoWay,PAVED,6,50,NO ACCESS,Y,2006.0,164.965930588538
UXBRIDGE CRES,04-At/near private drive,02-Thru lane,01-Clear,"08-Dark, artificial",MIDBLOCK,Tuesday,August,0,UXBRIDGE CRES,2,ROAD,LOCAL,9.0,20.0,PAVED,TwoWay,PAVED,6,50,NO ACCESS,N,1977.0,424.677115741358
UXBRIDGE CRES,04-At/near private drive,02-Thru lane,01-Clear,01-Daylight,MIDBLOCK,Wednesday,November,0,UXBRIDGE CRES,2,ROAD,LOCAL,9.0,20.0,PAVED,TwoWay,PAVED,6,50,NO ACCESS,N,1977.0,424.677115741358
UXBRIDGE CRES,01-Non intersection,02-Thru lane,03-Snow,01-Daylight,MIDBLOCK,Monday,April,0,UXBRIDGE CRES,2,ROAD,LOCAL,9.0,20.0,PAVED,TwoWay,PAVED,6,50,NO ACCESS,N,1977.0,424.677115741358
PINEDALE DR,04-At/near private drive,02-Thru lane,01-Clear,01-Daylight,MIDBLOCK,Sunday,April,1,PINEDALE DR,2,ROAD,LOCAL,9.0,20.0,PAVED,TwoWay,PAVED,6,50,NO ACCESS,N,1968.0,76.1830458385333
PINEDALE DR,04-At/near private drive,02-Thru lane,01-Clear,01-Daylight,MIDBLOCK,Sunday,April,1,PINEDALE DR,2,ROAD,LOCAL,9.0,20.0,PAVED,TwoWay,PAVED,6,50,NO ACCESS,N,1968.0,171.583017503133
PINEDALE DR,04-At/near private drive,02-Thru lane,01-Clear,01-Daylight,MIDBLOCK,Sunday,April,1,PINEDALE DR,2,ROAD,LOCAL,8.0,15.0,PAVED,TwoWay,PAVED,6,50,NO ACCESS,N,1971.0,298.336951652315
PINEDALE DR,04-At/near private drive,02-Thru lane,01-Clear,01-Daylight,MIDBLOCK,Sunday,April,1,PINEDALE DR,2,ROAD,LOCAL,9.0,15.0,PAVED,TwoWay,PAVED,6,50,NO ACCESS,N,1971.0,76.85665696968199
PINEDALE DR,04-At/near private drive,02-Thru lane,01-Clear,01-Daylight,MIDBLOCK,Sunday,April,1,PINEDALE DR,2,ROAD,LOCAL,9.0,20.0,PAVED,TwoWay,PAVED,6,50,NO ACCESS,N,1968.0,189.176774728435
PINEDALE DR,01-Non intersection,02-Thru lane,01-Clear,07-Dark,MIDBLOCK,Sunday,January,1,PINEDALE DR,2,ROAD,LOCAL,9.0,20.0,PAVED,TwoWay,PAVED,6,50,NO ACCESS,N,1968.0,76.1830458385333
PINEDALE DR,01-Non intersection,02-Thru lane,01-Clear,07-Dark,MIDBLOCK,Sunday,January,1,PINEDALE DR,2,ROAD,LOCAL,9.0,20.0,PAVED,TwoWay,PAVED,6,50,NO ACCESS,N,1968.0,171.583017503133
PINEDALE DR,01-Non intersection,02-Thru lane,01-Clear,07-Dark,MIDBLOCK,Sunday,January,1,PINEDALE DR,2,ROAD,LOCAL,8.0,15.0,PAVED,TwoWay,PAVED,6,50,NO ACCESS,N,1971.0,298.336951652315
PINEDALE DR,01-Non intersection,02-Thru lane,01-Clear,07-Dark,MIDBLOCK,Sunday,January,1,PINEDALE DR,2,ROAD,LOCAL,9.0,15.0,PAVED,TwoWay,PAVED,6,50,NO ACCESS,N,1971.0,76.85665696968199
PINEDALE DR,01-Non intersection,02-Thru lane,01-Clear,07-Dark,MIDBLOCK,Sunday,January,1,PINEDALE DR,2,ROAD,LOCAL,9.0,20.0,PAVED,TwoWay,PAVED,6,50,NO ACCESS,N,1968.0,189.176774728435
PINEDALE DR,04-At/near private drive,09-Right shoulder,01-Clear,01-Daylight,MIDBLOCK,Monday,April,0,PINEDALE DR,2,ROAD,LOCAL,9.0,20.0,PAVED,TwoWay,PAVED,6,50,NO ACCESS,N,1968.0,76.1830458385333
PINEDALE DR,04-At/near private drive,09-Right shoulder,01-Clear,01-Daylight,MIDBLOCK,Monday,April,0,PINEDALE DR,2,ROAD,LOCAL,9.0,20.0,PAVED,TwoWay,PAVED,6,50,NO ACCESS,N,1968.0,171.583017503133
PINEDALE DR,04-At/near private drive,09-Right shoulder,01-Clear,01-Daylight,MIDBLOCK,Monday,April,0,PINEDALE DR,2,ROAD,LOCAL,8.0,15.0,PAVED,TwoWay,PAVED,6,50,NO ACCESS,N,1971.0,298.336951652315
PINEDALE DR,04-At/near private drive,09-Right shoulder,01-Clear,01-Daylight,MIDBLOCK,Monday,April,0,PINEDALE DR,2,ROAD,LOCAL,9.0,15.0,PAVED,TwoWay,PAVED,6,50,NO ACCESS,N,1971.0,76.85665696968199
PINEDALE DR,04-At/near private drive,09-Right shoulder,01-Clear,01-Daylight,MIDBLOCK,Monday,April,0,PINEDALE DR,2,ROAD,LOCAL,9.0,20.0,PAVED,TwoWay,PAVED,6,50,NO ACCESS,N,1968.0,189.176774728435
PINEDALE DR,04-At/near private drive,02-Thru lane,02-Rain,07-Dark,MIDBLOCK,Friday,November,0,PINEDALE DR,2,ROAD,LOCAL,9.0,20.0,PAVED,TwoWay,PAVED,6,50,NO ACCESS,N,1968.0,76.1830458385333
PINEDALE DR,04-At/near private drive,02-Thru lane,02-Rain,07-Dark,MIDBLOCK,Friday,November,0,PINEDALE DR,2,ROAD,LOCAL,9.0,20.0,PAVED,TwoWay,PAVED,6,50,NO ACCESS,N,1968.0,171.583017503133
PINEDALE DR,04-At/near private drive,02-Thru lane,02-Rain,07-Dark,MIDBLOCK,Friday,November,0,PINEDALE DR,2,ROAD,LOCAL,8.0,15.0,PAVED,TwoWay,PAVED,6,50,NO ACCESS,N,1971.0,298.336951652315
PINEDALE DR,04-At/near private drive,02-Thru lane,02-Rain,07-Dark,MIDBLOCK,Friday,November,0,PINEDALE DR,2,ROAD,LOCAL,9.0,15.0,PAVED,TwoWay,PAVED,6,50,NO ACCESS,N,1971.0,76.85665696968199
PINEDALE DR,04-At/near private drive,02-Thru lane,02-Rain,07-Dark,MIDBLOCK,Friday,November,0,PINEDALE DR,2,ROAD,LOCAL,9.0,20.0,PAVED,TwoWay,PAVED,6,50,NO ACCESS,N,1968.0,189.176774728435
MEADOW WOODS CRES,04-At/near private drive,02-Thru lane,03-Snow,01-Daylight,MIDBLOCK,Friday,February,0,MEADOW WOODS CRES,2,ROAD,LOCAL,8.0,20.0,PAVED,TwoWay,PAVED,6,50,NO ACCESS,N,1977.0,331.103200696716
MEADOW WOODS CRES,01-Non intersection,02-Thru lane,01-Clear,"08-Dark, artificial",MIDBLOCK,Wednesday,March,0,MEADOW WOODS CRES,2,ROAD,LOCAL,8.0,20.0,PAVED,TwoWay,PAVED,6,50,NO ACCESS,N,1977.0,331.103200696716
LORNE AVE,04-At/near private drive,02-Thru lane,02-Rain,"04-Dawn, artificial",MIDBLOCK,Tuesday,April,0,LORNE AVE,2,ROAD,LOCAL,9.0,20.0,PAVED,TwoWay,PAVED,6,40,NO ACCESS,N,1964.0,205.339400886197
LORNE AVE,04-At/near private drive,02-Thru lane,02-Rain,"04-Dawn, artificial",MIDBLOCK,Tuesday,April,0,LORNE AVE,2,ROAD,LOCAL,9.0,20.0,PAVED,TwoWay,PAVED,6,50,NO ACCESS,N,1964.0,98.69733465454959
LORNE AVE,04-At/near private drive,02-Thru lane,02-Rain,"04-Dawn, artificial",MIDBLOCK,Tuesday,April,0,LORNE AVE,2,ROAD,LOCAL,9.0,20.0,PAVED,TwoWay,PAVED,6,50,NO ACCESS,N,1950.0,107.16789107285601
LORNE AVE,01-Non intersection,02-Thru lane,01-Clear,01-Daylight,MIDBLOCK,Tuesday,January,0,LORNE AVE,2,ROAD,LOCAL,9.0,20.0,PAVED,TwoWay,PAVED,6,40,NO ACCESS,N,1964.0,205.339400886197
LORNE AVE,01-Non intersection,02-Thru lane,01-Clear,01-Daylight,MIDBLOCK,Tuesday,January,0,LORNE AVE,2,ROAD,LOCAL,9.0,20.0,PAVED,TwoWay,PAVED,6,50,NO ACCESS,N,1964.0,98.69733465454959
LORNE AVE,01-Non intersection,02-Thru lane,01-Clear,01-Daylight,MIDBLOCK,Tuesday,January,0,LORNE AVE,2,ROAD,LOCAL,9.0,20.0,PAVED,TwoWay,PAVED,6,50,NO ACCESS,N,1950.0,107.16789107285601
ADELAIDE ST,01-Non intersection,02-Thru lane,01-Clear,01-Daylight,MIDBLOCK,Sunday,August,1,ADELAIDE ST,2,ROAD,LOCAL,8.0,20.0,PAVED,TwoWay,PAVED,6,50,NO ACCESS,N,1915.0,211.166098074557
ADELAIDE ST,01-Non intersection,02-Thru lane,01-Clear,01-Daylight,MIDBLOCK,Sunday,August,1,ADELAIDE ST,2,ROAD,LOCAL,8.0,20.0,PAVED,TwoWay,PAVED,6,50,NO ACCESS,N,1915.0,300.862649337908
ADELAIDE ST,04-At/near private drive,02-Thru lane,01-Clear,01-Daylight,MIDBLOCK,Wednesday,February,0,ADELAIDE ST,2,ROAD,LOCAL,8.0,20.0,PAVED,TwoWay,PAVED,6,50,NO ACCESS,N,1915.0,211.166098074557
ADELAIDE ST,04-At/near private drive,02-Thru lane,01-Clear,01-Daylight,MIDBLOCK,Wednesday,February,0,ADELAIDE ST,2,ROAD,LOCAL,8.0,20.0,PAVED,TwoWay,PAVED,6,50,NO ACCESS,N,1915.0,300.862649337908
ADELAIDE ST,04-At/near private drive,02-Thru lane,01-Clear,01-Daylight,MIDBLOCK,Monday,March,0,ADELAIDE ST,2,ROAD,LOCAL,8.0,20.0,PAVED,TwoWay,PAVED,6,50,NO ACCESS,N,1915.0,211.166098074557
ADELAIDE ST,04-At/near private drive,02-Thru lane,01-Clear,01-Daylight,MIDBLOCK,Monday,March,0,ADELAIDE ST,2,ROAD,LOCAL,8.0,20.0,PAVED,TwoWay,PAVED,6,50,NO ACCESS,N,1915.0,300.862649337908
ADELAIDE ST,04-At/near private drive,02-Thru lane,02-Rain,01-Daylight,MIDBLOCK,Monday,April,0,ADELAIDE ST,2,ROAD,LOCAL,8.0,20.0,PAVED,TwoWay,PAVED,6,50,NO ACCESS,N,1915.0,211.166098074557
ADELAIDE ST,04-At/near private drive,02-Thru lane,02-Rain,01-Daylight,MIDBLOCK,Monday,April,0,ADELAIDE ST,2,ROAD,LOCAL,8.0,20.0,PAVED,TwoWay,PAVED,6,50,NO ACCESS,N,1915.0,300.862649337908
ADELAIDE ST,01-Non intersection,02-Thru lane,01-Clear,"08-Dark, artificial",MIDBLOCK,Tuesday,May,0,ADELAIDE ST,2,ROAD,LOCAL,8.0,20.0,PAVED,TwoWay,PAVED,6,50,NO ACCESS,N,1915.0,211.166098074557
ADELAIDE ST,01-Non intersection,02-Thru lane,01-Clear,"08-Dark, artificial",MIDBLOCK,Tuesday,May,0,ADELAIDE ST,2,ROAD,LOCAL,8.0,20.0,PAVED,TwoWay,PAVED,6,50,NO ACCESS,N,1915.0,300.862649337908
ADELAIDE ST,04-At/near private drive,09-Right shoulder,01-Clear,01-Daylight,MIDBLOCK,Wednesday,May,0,ADELAIDE ST,2,ROAD,LOCAL,8.0,20.0,PAVED,TwoWay,PAVED,6,50,NO ACCESS,N,1915.0,211.166098074557
ADELAIDE ST,04-At/near private drive,09-Right shoulder,01-Clear,01-Daylight,MIDBLOCK,Wednesday,May,0,ADELAIDE ST,2,ROAD,LOCAL,8.0,20.0,PAVED,TwoWay,PAVED,6,50,NO ACCESS,N,1915.0,300.862649337908
ADELAIDE ST,04-At/near private drive,02-Thru lane,01-Clear,07-Dark,MIDBLOCK,Friday,December,0,ADELAIDE ST,2,ROAD,LOCAL,8.0,20.0,PAVED,TwoWay,PAVED,6,50,NO ACCESS,N,1915.0,211.166098074557
ADELAIDE ST,04-At/near private drive,02-Thru lane,01-Clear,07-Dark,MIDBLOCK,Friday,December,0,ADELAIDE ST,2,ROAD,LOCAL,8.0,20.0,PAVED,TwoWay,PAVED,6,50,NO ACCESS,N,1915.0,300.862649337908
ADELAIDE ST,01-Non intersection,02-Thru lane,03-Snow,01-Daylight,MIDBLOCK,Monday,March,0,ADELAIDE ST,2,ROAD,LOCAL,8.0,20.0,PAVED,TwoWay,PAVED,6,50,NO ACCESS,N,1915.0,211.166098074557
ADELAIDE ST,01-Non intersection,02-Thru lane,03-Snow,01-Daylight,MIDBLOCK,Monday,March,0,ADELAIDE ST,2,ROAD,LOCAL,8.0,20.0,PAVED,TwoWay,PAVED,6,50,NO ACCESS,N,1915.0,300.862649337908
BOSWORTH CRES,04-At/near private drive,02-Thru lane,01-Clear,"08-Dark, artificial",MIDBLOCK,Friday,May,0,BOSWORTH CRES,2,ROAD,LOCAL,8.0,16.0,PAVED,TwoWay,PAVED,6,50,NO ACCESS,N,1974.0,377.87050462308196
BOSWORTH CRES,04-At/near private drive,02-Thru lane,01-Clear,07-Dark,MIDBLOCK,Monday,November,0,BOSWORTH CRES,2,ROAD,LOCAL,8.0,16.0,PAVED,TwoWay,PAVED,6,50,NO ACCESS,N,1974.0,377.87050462308196
SPRING HILL PL,01-Non intersection,02-Thru lane,01-Clear,05-Dusk,MIDBLOCK,Sunday,August,1,SPRING HILL PL,2,ROAD,LOCAL,9.0,20.0,PAVED,TwoWay,PAVED,6,50,NO ACCESS,N,1976.0,134.071121490298
SPRING HILL PL,01-Non intersection,02-Thru lane,01-Clear,05-Dusk,MIDBLOCK,Sunday,August,1,SPRING HILL PL,1,BULB,LOCAL,9.0,43.0,PAVED,FromTo,PAVED,6,50,NO ACCESS,N,1976.0,82.3937089962526
EBY ST N,01-Non intersection,02-Thru lane,01-Clear,"08-Dark, artificial",MIDBLOCK,Sunday,February,1,EBY ST N,2,ROAD,LOCAL,8.0,12.0,PAVED,TwoWay,PAVED,6,50,NO ACCESS,N,2004.0,70.0710761296368
EBY ST N,04-At/near private drive,02-Thru lane,03-Snow,01-Daylight,MIDBLOCK,Friday,December,0,EBY ST N,2,ROAD,LOCAL,8.0,12.0,PAVED,TwoWay,PAVED,6,50,NO ACCESS,N,2004.0,70.0710761296368
EBY ST N,04-At/near private drive,02-Thru lane,01-Clear,01-Daylight,MIDBLOCK,Friday,June,0,EBY ST N,2,ROAD,LOCAL,8.0,12.0,PAVED,TwoWay,PAVED,6,50,NO ACCESS,N,2004.0,70.0710761296368
EBY ST N,01-Non intersection,02-Thru lane,01-Clear,01-Daylight,MIDBLOCK,Saturday,February,1,EBY ST N,2,ROAD,LOCAL,8.0,12.0,PAVED,TwoWay,PAVED,6,50,NO ACCESS,N,2004.0,70.0710761296368
CEDARHILL CRES,04-At/near private drive,02-Thru lane,02-Rain,01-Daylight,MIDBLOCK,Wednesday,May,0,CEDARHILL CRES,2,ROAD,LOCAL,8.0,16.0,PAVED,TwoWay,PAVED,6,50,NO ACCESS,N,1972.0,80.9509822424893
CEDARHILL CRES,04-At/near private drive,02-Thru lane,02-Rain,01-Daylight,MIDBLOCK,Wednesday,May,0,CEDARHILL CRES,2,ROAD,LOCAL,8.0,16.0,PAVED,TwoWay,PAVED,6,50,NO ACCESS,N,1972.0,267.498282480293
CEDARHILL CRES,04-At/near private drive,02-Thru lane,02-Rain,01-Daylight,MIDBLOCK,Wednesday,May,0,CEDARHILL CRES,2,ROAD,LOCAL,8.0,16.0,PAVED,TwoWay,PAVED,6,50,NO ACCESS,N,1972.0,231.455614155966
CEDARHILL CRES,04-At/near private drive,02-Thru lane,01-Clear,"08-Dark, artificial",MIDBLOCK,Saturday,August,1,CEDARHILL CRES,2,ROAD,LOCAL,8.0,16.0,PAVED,TwoWay,PAVED,6,50,NO ACCESS,N,1972.0,80.9509822424893
CEDARHILL CRES,04-At/near private drive,02-Thru lane,01-Clear,"08-Dark, artificial",MIDBLOCK,Saturday,August,1,CEDARHILL CRES,2,ROAD,LOCAL,8.0,16.0,PAVED,TwoWay,PAVED,6,50,NO ACCESS,N,1972.0,267.498282480293
CEDARHILL CRES,04-At/near private drive,02-Thru lane,01-Clear,"08-Dark, artificial",MIDBLOCK,Saturday,August,1,CEDARHILL CRES,2,ROAD,LOCAL,8.0,16.0,PAVED,TwoWay,PAVED,6,50,NO ACCESS,N,1972.0,231.455614155966
CEDARHILL CRES,04-At/near private drive,02-Thru lane,01-Clear,01-Daylight,MIDBLOCK,Saturday,May,1,CEDARHILL CRES,2,ROAD,LOCAL,8.0,16.0,PAVED,TwoWay,PAVED,6,50,NO ACCESS,N,1972.0,80.9509822424893
CEDARHILL CRES,04-At/near private drive,02-Thru lane,01-Clear,01-Daylight,MIDBLOCK,Saturday,May,1,CEDARHILL CRES,2,ROAD,LOCAL,8.0,16.0,PAVED,TwoWay,PAVED,6,50,NO ACCESS,N,1972.0,267.498282480293
CEDARHILL CRES,04-At/near private drive,02-Thru lane,01-Clear,01-Daylight,MIDBLOCK,Saturday,May,1,CEDARHILL CRES,2,ROAD,LOCAL,8.0,16.0,PAVED,TwoWay,PAVED,6,50,NO ACCESS,N,1972.0,231.455614155966
CEDARHILL CRES,01-Non intersection,02-Thru lane,01-Clear,"08-Dark, artificial",MIDBLOCK,Wednesday,October,0,CEDARHILL CRES,2,ROAD,LOCAL,8.0,16.0,PAVED,TwoWay,PAVED,6,50,NO ACCESS,N,1972.0,80.9509822424893
CEDARHILL CRES,01-Non intersection,02-Thru lane,01-Clear,"08-Dark, artificial",MIDBLOCK,Wednesday,October,0,CEDARHILL CRES,2,ROAD,LOCAL,8.0,16.0,PAVED,TwoWay,PAVED,6,50,NO ACCESS,N,1972.0,267.498282480293
CEDARHILL CRES,01-Non intersection,02-Thru lane,01-Clear,"08-Dark, artificial",MIDBLOCK,Wednesday,October,0,CEDARHILL CRES,2,ROAD,LOCAL,8.0,16.0,PAVED,TwoWay,PAVED,6,50,NO ACCESS,N,1972.0,231.455614155966
CEDARHILL CRES,01-Non intersection,02-Thru lane,01-Clear,07-Dark,MIDBLOCK,Saturday,April,1,CEDARHILL CRES,2,ROAD,LOCAL,8.0,16.0,PAVED,TwoWay,PAVED,6,50,NO ACCESS,N,1972.0,80.9509822424893
CEDARHILL CRES,01-Non intersection,02-Thru lane,01-Clear,07-Dark,MIDBLOCK,Saturday,April,1,CEDARHILL CRES,2,ROAD,LOCAL,8.0,16.0,PAVED,TwoWay,PAVED,6,50,NO ACCESS,N,1972.0,267.498282480293
CEDARHILL CRES,01-Non intersection,02-Thru lane,01-Clear,07-Dark,MIDBLOCK,Saturday,April,1,CEDARHILL CRES,2,ROAD,LOCAL,8.0,16.0,PAVED,TwoWay,PAVED,6,50,NO ACCESS,N,1972.0,231.455614155966
CEDARHILL CRES,04-At/near private drive,09-Right shoulder,01-Clear,05-Dusk,MIDBLOCK,Sunday,June,1,CEDARHILL CRES,2,ROAD,LOCAL,8.0,16.0,PAVED,TwoWay,PAVED,6,50,NO ACCESS,N,1972.0,80.9509822424893
CEDARHILL CRES,04-At/near private drive,09-Right shoulder,01-Clear,05-Dusk,MIDBLOCK,Sunday,June,1,CEDARHILL CRES,2,ROAD,LOCAL,8.0,16.0,PAVED,TwoWay,PAVED,6,50,NO ACCESS,N,1972.0,267.498282480293
CEDARHILL CRES,04-At/near private drive,09-Right shoulder,01-Clear,05-Dusk,MIDBLOCK,Sunday,June,1,CEDARHILL CRES,2,ROAD,LOCAL,8.0,16.0,PAVED,TwoWay,PAVED,6,50,NO ACCESS,N,1972.0,231.455614155966
DAVID ST,04-At/near private drive,99-Other,01-Clear,01-Daylight,MIDBLOCK,Saturday,April,1,DAVID ST,2,ROAD,LOCAL,8.0,12.0,PAVED,TwoWay,PAVED,6,50,NO ACCESS,N,2000.0,54.662825112583285
DAVID ST,04-At/near private drive,99-Other,01-Clear,01-Daylight,MIDBLOCK,Saturday,April,1,DAVID ST,2,ROAD,LOCAL,7.0,12.0,PAVED,TwoWay,PAVED,6,50,NO ACCESS,N,2000.0,56.692397668919995
DAVID ST,04-At/near private drive,99-Other,01-Clear,01-Daylight,MIDBLOCK,Saturday,April,1,DAVID ST,2,ROAD,LOCAL,7.0,13.0,PAVED,TwoWay,PAVED,6,50,NO ACCESS,N,2000.0,117.34887903537701
DAVID ST,04-At/near private drive,99-Other,01-Clear,01-Daylight,MIDBLOCK,Saturday,April,1,DAVID ST,2,ROAD,LOCAL,7.0,13.0,PAVED,TwoWay,PAVED,6,50,NO ACCESS,N,2000.0,98.1905553675262
DAVID ST,04-At/near private drive,99-Other,01-Clear,01-Daylight,MIDBLOCK,Saturday,April,1,DAVID ST,2,ROAD,LOCAL,7.0,12.0,PAVED,TwoWay,PAVED,6,50,NO ACCESS,N,2000.0,146.176195794975
DAVID ST,04-At/near private drive,99-Other,01-Clear,01-Daylight,MIDBLOCK,Saturday,April,1,DAVID ST,2,ROAD,LOCAL,7.0,15.0,PAVED,TwoWay,PAVED,6,50,NO ACCESS,N,2000.0,257.409502903669
DAVID ST,01-Non intersection,02-Thru lane,01-Clear,01-Daylight,MIDBLOCK,Sunday,November,1,DAVID ST,2,ROAD,LOCAL,8.0,12.0,PAVED,TwoWay,PAVED,6,50,NO ACCESS,N,2000.0,54.662825112583285
DAVID ST,01-Non intersection,02-Thru lane,01-Clear,01-Daylight,MIDBLOCK,Sunday,November,1,DAVID ST,2,ROAD,LOCAL,7.0,12.0,PAVED,TwoWay,PAVED,6,50,NO ACCESS,N,2000.0,56.692397668919995
DAVID ST,01-Non intersection,02-Thru lane,01-Clear,01-Daylight,MIDBLOCK,Sunday,November,1,DAVID ST,2,ROAD,LOCAL,7.0,13.0,PAVED,TwoWay,PAVED,6,50,NO ACCESS,N,2000.0,117.34887903537701
DAVID ST,01-Non intersection,02-Thru lane,01-Clear,01-Daylight,MIDBLOCK,Sunday,November,1,DAVID ST,2,ROAD,LOCAL,7.0,13.0,PAVED,TwoWay,PAVED,6,50,NO ACCESS,N,2000.0,98.1905553675262
DAVID ST,01-Non intersection,02-Thru lane,01-Clear,01-Daylight,MIDBLOCK,Sunday,November,1,DAVID ST,2,ROAD,LOCAL,7.0,12.0,PAVED,TwoWay,PAVED,6,50,NO ACCESS,N,2000.0,146.176195794975
DAVID ST,01-Non intersection,02-Thru lane,01-Clear,01-Daylight,MIDBLOCK,Sunday,November,1,DAVID ST,2,ROAD,LOCAL,7.0,15.0,PAVED,TwoWay,PAVED,6,50,NO ACCESS,N,2000.0,257.409502903669