LOCATION,ACCIDENT_LOCATION,IMPACT_LOCATION,ENVIRONMENT_CONDITION,LIGHT,COLLISION_TYPE,DAY_OF_WEEK,MONTH,IS_WEEKEND,STREET,LANES,CATEGORY,SUBCATEGORY,PAVEMENT_WIDTH,ROW_WIDTH,SHOULDER,FLOW_DIRECTION,SURFACE_LAYER_TYPE,OFFICIAL_ROAD_CLASSIFICATION,SPEED_LIMIT_KM,TRUCK_ACCESS,BUS_ROUTE,SERVICE_YEAR,Shape__Length
DAVID ST,04-At/near private drive,02-Thru lane,01-Clear,05-Dusk,MIDBLOCK,Monday,December,0,DAVID ST,2,ROAD,LOCAL,8.0,12.0,PAVED,TwoWay,PAVED,6,50,NO ACCESS,N,2000.0,54.662825112583285
DAVID ST,04-At/near private drive,02-Thru lane,01-Clear,05-Dusk,MIDBLOCK,Monday,December,0,DAVID ST,2,ROAD,LOCAL,7.0,12.0,PAVED,TwoWay,PAVED,6,50,NO ACCESS,N,2000.0,56.692397668919995
DAVID ST,04-At/near private drive,02-Thru lane,01-Clear,05-Dusk,MIDBLOCK,Monday,December,0,DAVID ST,2,ROAD,LOCAL,7.0,13.0,PAVED,TwoWay,PAVED,6,50,NO ACCESS,N,2000.0,117.34887903537701
DAVID ST,04-At/near private drive,02-Thru lane,01-Clear,05-Dusk,MIDBLOCK,Monday,December,0,DAVID ST,2,ROAD,LOCAL,7.0,13.0,PAVED,TwoWay,PAVED,6,50,NO ACCESS,N,2000.0,98.1905553675262
DAVID ST,04-At/near private drive,02-Thru lane,01-Clear,05-Dusk,MIDBLOCK,Monday,December,0,DAVID ST,2,ROAD,LOCAL,7.0,12.0,PAVED,TwoWay,PAVED,6,50,NO ACCESS,N,2000.0,146.176195794975
DAVID ST,04-At/near private drive,02-Thru lane,01-Clear,05-Dusk,MIDBLOCK,Monday,December,0,DAVID ST,2,ROAD,LOCAL,7.0,15.0,PAVED,TwoWay,PAVED,6,50,NO ACCESS,N,2000.0,257.409502903669
DAVID ST,04-At/near private drive,09-Right shoulder,01-Clear,03-Dawn,MIDBLOCK,Wednesday,August,0,DAVID ST,2,ROAD,LOCAL,8.0,12.0,PAVED,TwoWay,PAVED,6,50,NO ACCESS,N,2000.0,54.662825112583285
DAVID ST,04-At/near private drive,09-Right shoulder,01-Clear,03-Dawn,MIDBLOCK,Wednesday,August,0,DAVID ST,2,ROAD,LOCAL,7.0,12.0,PAVED,TwoWay,PAVED,6,50,NO ACCESS,N,2000.0,56.692397668919995
DAVID ST,04-At/near private drive,09-Right shoulder,01-Clear,03-Dawn,MIDBLOCK,Wednesday,August,0,DAVID ST,2,ROAD,LOCAL,7.0,13.0,PAVED,TwoWay,PAVED,6,50,NO ACCESS,N,2000.0,117.34887903537701
DAVID ST,04-At/near private drive,09-Right shoulder,01-Clear,03-Dawn,MIDBLOCK,Wednesday,August,0,DAVID ST,2,ROAD,LOCAL,7.0,13.0,PAVED,TwoWay,PAVED,6,50,NO ACCESS,N,2000.0,98.1905553675262
DAVID ST,04-At/near private drive,09-Right shoulder,01-Clear,03-Dawn,MIDBLOCK,Wednesday,August,0,DAVID ST,2,ROAD,LOCAL,7.0,12.0,PAVED,TwoWay,PAVED,6,50,NO ACCESS,N,2000.0,146.176195794975
DAVID ST,04-At/near private drive,09-Right shoulder,01-Clear,03-Dawn,MIDBLOCK,Wednesday,August,0,DAVID ST,2,ROAD,LOCAL,7.0,15.0,PAVED,TwoWay,PAVED,6,50,NO ACCESS,N,2000.0,257.409502903669
DAVID ST,01-Non intersection,11-Not on roadway - right side,01-Clear,01-Daylight,MIDBLOCK,Monday,March,0,DAVID ST,2,ROAD,LOCAL,8.0,12.0,PAVED,TwoWay,PAVED,6,50,NO ACCESS,N,2000.0,54.662825112583285
DAVID ST,01-Non intersection,11-Not on roadway - right side,01-Clear,01-Daylight,MIDBLOCK,Monday,March,0,DAVID ST,2,ROAD,LOCAL,7.0,12.0,PAVED,TwoWay,PAVED,6,50,NO ACCESS,N,2000.0,56.692397668919995
DAVID ST,01-Non intersection,11-Not on roadway - right side,01-Clear,01-Daylight,MIDBLOCK,Monday,March,0,DAVID ST,2,ROAD,LOCAL,7.0,13.0,PAVED,TwoWay,PAVED,6,50,NO ACCESS,N,2000.0,117.34887903537701
DAVID ST,01-Non intersection,11-Not on roadway - right side,01-Clear,01-Daylight,MIDBLOCK,Monday,March,0,DAVID ST,2,ROAD,LOCAL,7.0,13.0,PAVED,TwoWay,PAVED,6,50,NO ACCESS,N,2000.0,98.1905553675262
DAVID ST,01-Non intersection,11-Not on roadway - right side,01-Clear,01-Daylight,MIDBLOCK,Monday,March,0,DAVID ST,2,ROAD,LOCAL,7.0,12.0,PAVED,TwoWay,PAVED,6,50,NO ACCESS,N,2000.0,146.176195794975
DAVID ST,01-Non intersection,11-Not on roadway - right side,01-Clear,01-Daylight,MIDBLOCK,Monday,March,0,DAVID ST,2,ROAD,LOCAL,7.0,15.0,PAVED,TwoWay,PAVED,6,50,NO ACCESS,N,2000.0,257.409502903669
DAVID ST,04-At/near private drive,02-Thru lane,01-Clear,"08-Dark, artificial",MIDBLOCK,Friday,June,0,DAVID ST,2,ROAD,LOCAL,8.0,12.0,PAVED,TwoWay,PAVED,6,50,NO ACCESS,N,2000.0,54.662825112583285
DAVID ST,04-At/near private drive,02-Thru lane,01-Clear,"08-Dark, artificial",MIDBLOCK,Friday,June,0,DAVID ST,2,ROAD,LOCAL,7.0,12.0,PAVED,TwoWay,PAVED,6,50,NO ACCESS,N,2000.0,56.692397668919995
DAVID ST,04-At/near private drive,02-Thru lane,01-Clear,"08-Dark, artificial",MIDBLOCK,Friday,June,0,DAVID ST,2,ROAD,LOCAL,7.0,13.0,PAVED,TwoWay,PAVED,6,50,NO ACCESS,N,2000.0,117.34887903537701
DAVID ST,04-At/near private drive,02-Thru lane,01-Clear,"08-Dark, artificial",MIDBLOCK,Friday,June,0,DAVID ST,2,ROAD,LOCAL,7.0,13.0,PAVED,TwoWay,PAVED,6,50,NO ACCESS,N,2000.0,98.1905553675262
DAVID ST,04-At/near private drive,02-Thru lane,01-Clear,"08-Dark, artificial",MIDBLOCK,Friday,June,0,DAVID ST,2,ROAD,LOCAL,7.0,12.0,PAVED,TwoWay,PAVED,6,50,NO ACCESS,N,2000.0,146.176195794975
DAVID ST,04-At/near private drive,02-Thru lane,01-Clear,"08-Dark, artificial",MIDBLOCK,Friday,June,0,DAVID ST,2,ROAD,LOCAL,7.0,15.0,PAVED,TwoWay,PAVED,6,50,NO ACCESS,N,2000.0,257.409502903669
DAVID ST,01-Non intersection,02-Thru lane,01-Clear,01-Daylight,MIDBLOCK,Saturday,July,1,DAVID ST,2,ROAD,LOCAL,8.0,12.0,PAVED,TwoWay,PAVED,6,50,NO ACCESS,N,2000.0,54.662825112583285
DAVID ST,01-Non intersection,02-Thru lane,01-Clear,01-Daylight,MIDBLOCK,Saturday,July,1,DAVID ST,2,ROAD,LOCAL,7.0,12.0,PAVED,TwoWay,PAVED,6,50,NO ACCESS,N,2000.0,56.692397668919995
DAVID ST,01-Non intersection,02-Thru lane,01-Clear,01-Daylight,MIDBLOCK,Saturday,July,1,DAVID ST,2,ROAD,LOCAL,7.0,13.0,PAVED,TwoWay,PAVED,6,50,NO ACCESS,N,2000.0,117.34887903537701
DAVID ST,01-Non intersection,02-Thru lane,01-Clear,01-Daylight,MIDBLOCK,Saturday,July,1,DAVID ST,2,ROAD,LOCAL,7.0,13.0,PAVED,TwoWay,PAVED,6,50,NO ACCESS,N,2000.0,98.1905553675262
DAVID ST,01-Non intersection,02-Thru lane,01-Clear,01-Daylight,MIDBLOCK,Saturday,July,1,DAVID ST,2,ROAD,LOCAL,7.0,12.0,PAVED,TwoWay,PAVED,6,50,NO ACCESS,N,2000.0,146.176195794975
DAVID ST,01-Non intersection,02-Thru lane,01-Clear,01-Daylight,MIDBLOCK,Saturday,July,1,DAVID ST,2,ROAD,LOCAL,7.0,15.0,PAVED,TwoWay,PAVED,6,50,NO ACCESS,N,2000.0,257.409502903669
DAVID ST,04-At/near private drive,02-Thru lane,01-Clear,01-Daylight,MIDBLOCK,Monday,May,0,DAVID ST,2,ROAD,LOCAL,8.0,12.0,PAVED,TwoWay,PAVED,6,50,NO ACCESS,N,2000.0,54.662825112583285
DAVID ST,04-At/near private drive,02-Thru lane,01-Clear,01-Daylight,MIDBLOCK,Monday,May,0,DAVID ST,2,ROAD,LOCAL,7.0,12.0,PAVED,TwoWay,PAVED,6,50,NO ACCESS,N,2000.0,56.692397668919995
DAVID ST,04-At/near private drive,02-Thru lane,01-Clear,01-Daylight,MIDBLOCK,Monday,May,0,DAVID ST,2,ROAD,LOCAL,7.0,13.0,PAVED,TwoWay,PAVED,6,50,NO ACCESS,N,2000.0,117.34887903537701
DAVID ST,04-At/near private drive,02-Thru lane,01-Clear,01-Daylight,MIDBLOCK,Monday,May,0,DAVID ST,2,ROAD,LOCAL,7.0,13.0,PAVED,TwoWay,PAVED,6,50,NO ACCESS,N,2000.0,98.1905553675262
DAVID ST,04-At/near private drive,02-Thru lane,01-Clear,01-Daylight,MIDBLOCK,Monday,May,0,DAVID ST,2,ROAD,LOCAL,7.0,12.0,PAVED,TwoWay,PAVED,6,50,NO ACCESS,N,2000.0,146.176195794975
DAVID ST,04-At/near private drive,02-Thru lane,01-Clear,01-Daylight,MIDBLOCK,Monday,May,0,DAVID ST,2,ROAD,LOCAL,7.0,15.0,PAVED,TwoWay,PAVED,6,50,NO ACCESS,N,2000.0,257.409502903669
DAVID ST,01-Non intersection,09-Right shoulder,01-Clear,07-Dark,MIDBLOCK,Tuesday,November,0,DAVID ST,2,ROAD,LOCAL,8.0,12.0,PAVED,TwoWay,PAVED,6,50,NO ACCESS,N,2000.0,54.662825112583285
DAVID ST,01-Non intersection,09-Right shoulder,01-Clear,07-Dark,MIDBLOCK,Tuesday,November,0,DAVID ST,2,ROAD,LOCAL,7.0,12.0,PAVED,TwoWay,PAVED,6,50,NO ACCESS,N,2000.0,56.692397668919995
DAVID ST,01-Non intersection,09-Right shoulder,01-Clear,07-Dark,MIDBLOCK,Tuesday,November,0,DAVID ST,2,ROAD,LOCAL,7.0,13.0,PAVED,TwoWay,PAVED,6,50,NO ACCESS,N,2000.0,117.34887903537701
DAVID ST,01-Non intersection,09-Right shoulder,01-Clear,07-Dark,MIDBLOCK,Tuesday,November,0,DAVID ST,2,ROAD,LOCAL,7.0,13.0,PAVED,TwoWay,PAVED,6,50,NO ACCESS,N,2000.0,98.1905553675262
DAVID ST,01-Non intersection,09-Right shoulder,01-Clear,07-Dark,MIDBLOCK,Tuesday,November,0,DAVID ST,2,ROAD,LOCAL,7.0,12.0,PAVED,TwoWay,PAVED,6,50,NO ACCESS,N,2000.0,146.176195794975
DAVID ST,01-Non intersection,09-Right shoulder,01-Clear,07-Dark,MIDBLOCK,Tuesday,November,0,DAVID ST,2,ROAD,LOCAL,7.0,15.0,PAVED,TwoWay,PAVED,6,50,NO ACCESS,N,2000.0,257.409502903669
EBY ST S,01-Non intersection,02-Thru lane,01-Clear,01-Daylight,MIDBLOCK,Sunday,March,1,EBY ST S,2,ROAD,LOCAL,7.0,12.0,PAVED,TwoWay,PAVED,6,50,NO ACCESS,N,2005.0,34.417291734467696
EBY ST S,01-Non intersection,02-Thru lane,01-Clear,01-Daylight,MIDBLOCK,Sunday,March,1,EBY ST S,2,ROAD,LOCAL,7.0,12.0,PAVED,TwoWay,PAVED,6,50,NO ACCESS,N,2005.0,65.8781974555466
EBY ST S,01-Non intersection,02-Thru lane,01-Clear,01-Daylight,MIDBLOCK,Sunday,March,1,EBY ST S,2,ROAD,LOCAL,8.0,12.0,PAVED,TwoWay,PAVED,6,50,NO ACCESS,N,2001.0,141.524566355753
EBY ST S,01-Non intersection,02-Thru lane,01-Clear,"08-Dark, artificial",MIDBLOCK,Saturday,December,1,EBY ST S,2,ROAD,LOCAL,7.0,12.0,PAVED,TwoWay,PAVED,6,50,NO ACCESS,N,2005.0,34.417291734467696
EBY ST S,01-Non intersection,02-Thru lane,01-Clear,"08-Dark, artificial",MIDBLOCK,Saturday,December,1,EBY ST S,2,ROAD,LOCAL,7.0,12.0,PAVED,TwoWay,PAVED,6,50,NO ACCESS,N,2005.0,65.8781974555466
EBY ST S,01-Non intersection,02-Thru lane,01-Clear,"08-Dark, artificial",MIDBLOCK,Saturday,December,1,EBY ST S,2,ROAD,LOCAL,8.0,12.0,PAVED,TwoWay,PAVED,6,50,NO ACCESS,N,2001.0,141.524566355753
EBY ST S,04-At/near private drive,02-Thru lane,01-Clear,"08-Dark, artificial",MIDBLOCK,Friday,December,0,EBY ST S,2,ROAD,LOCAL,7.0,12.0,PAVED,TwoWay,PAVED,6,50,NO ACCESS,N,2005.0,34.417291734467696
EBY ST S,04-At/near private drive,02-Thru lane,01-Clear,"08-Dark, artificial",MIDBLOCK,Friday,December,0,EBY ST S,2,ROAD,LOCAL,7.0,12.0,PAVED,TwoWay,PAVED,6,50,NO ACCESS,N,2005.0,65.8781974555466
EBY ST S,04-At/near private drive,02-Thru lane,01-Clear,"08-Dark, artificial",MIDBLOCK,Friday,December,0,EBY ST S,2,ROAD,LOCAL,8.0,12.0,PAVED,TwoWay,PAVED,6,50,NO ACCESS,N,2001.0,141.524566355753
EBY ST S,01-Non intersection,02-Thru lane,01-Clear,01-Daylight,MIDBLOCK,Tuesday,December,0,EBY ST S,2,ROAD,LOCAL,7.0,12.0,PAVED,TwoWay,PAVED,6,50,NO ACCESS,N,2005.0,34.417291734467696
EBY ST S,01-Non intersection,02-Thru lane,01-Clear,01-Daylight,MIDBLOCK,Tuesday,December,0,EBY ST S,2,ROAD,LOCAL,7.0,12.0,PAVED,TwoWay,PAVED,6,50,NO ACCESS,N,2005.0,65.8781974555466
EBY ST S,01-Non intersection,02-Thru lane,01-Clear,01-Daylight,MIDBLOCK,Tuesday,December,0,EBY ST S,2,ROAD,LOCAL,8.0,12.0,PAVED,TwoWay,PAVED,6,50,NO ACCESS,N,2001.0,141.524566355753
GREENDALE CRES,04-At/near private drive,02-Thru lane,03-Snow,"08-Dark, artificial",MIDBLOCK,Wednesday,January,0,GREENDALE CRES,2,ROAD,LOCAL,8.0,15.0,PAVED,TwoWay,PAVED,6,50,NO ACCESS,N,1970.0,516.033760456098
GREENDALE CRES,04-At/near private drive,09-Right shoulder,01-Clear,"08-Dark, artificial",MIDBLOCK,Saturday,December,1,GREENDALE CRES,2,ROAD,LOCAL,8.0,15.0,PAVED,TwoWay,PAVED,6,50,NO ACCESS,N,1970.0,516.033760456098
GREENDALE CRES,04-At/near private drive,02-Thru lane,01-Clear,"06-Dusk, artificial",MIDBLOCK,Monday,December,0,GREENDALE CRES,2,ROAD,LOCAL,8.0,15.0,PAVED,TwoWay,PAVED,6,50,NO ACCESS,N,1970.0,516.033760456098
GREENDALE CRES,04-At/near private drive,02-Thru lane,01-Clear,"08-Dark, artificial",MIDBLOCK,Monday,November,0,GREENDALE CRES,2,ROAD,LOCAL,8.0,15.0,PAVED,TwoWay,PAVED,6,50,NO ACCESS,N,1970.0,516.033760456098
GREENDALE CRES,04-At/near private drive,02-Thru lane,01-Clear,01-Daylight,MIDBLOCK,Thursday,August,0,GREENDALE CRES,2,ROAD,LOCAL,8.0,15.0,PAVED,TwoWay,PAVED,6,50,NO ACCESS,N,1970.0,516.033760456098
GREENDALE CRES,04-At/near private drive,12-Off highway,03-Snow,"02-Daylight, artificial",MIDBLOCK,Tuesday,April,0,GREENDALE CRES,2,ROAD,LOCAL,8.0,15.0,PAVED,TwoWay,PAVED,6,50,NO ACCESS,N,1970.0,516.033760456098
GREENDALE CRES,01-Non intersection,02-Thru lane,01-Clear,"08-Dark, artificial",MIDBLOCK,Saturday,February,1,GREENDALE CRES,2,ROAD,LOCAL,8.0,15.0,PAVED,TwoWay,PAVED,6,50,NO ACCESS,N,1970.0,516.033760456098
GREENDALE CRES,01-Non intersection,02-Thru lane,01-Clear,"08-Dark, artificial",MIDBLOCK,Wednesday,July,0,GREENDALE CRES,2,ROAD,LOCAL,8.0,15.0,PAVED,TwoWay,PAVED,6,50,NO ACCESS,N,1970.0,516.033760456098
OVERLEA DR,01-Non intersection,11-Not on roadway - right side,03-Snow,"08-Dark, artificial",MIDBLOCK,Monday,January,0,OVERLEA DR,2,ROAD,LOCAL,9.0,20.0,PAVED,TwoWay,PAVED,6,50,NO ACCESS,N,1966.0,234.309415516787
OVERLEA DR,01-Non intersection,11-Not on roadway - right side,03-Snow,"08-Dark, artificial",MIDBLOCK,Monday,January,0,OVERLEA DR,2,ROAD,LOCAL,9.0,20.0,PAVED,TwoWay,PAVED,6,50,NO ACCESS,N,1999.0,93.0445754868234
OVERLEA DR,01-Non intersection,11-Not on roadway - right side,03-Snow,"08-Dark, artificial",MIDBLOCK,Monday,January,0,OVERLEA DR,2,ROAD,LOCAL,9.0,20.0,PAVED,TwoWay,PAVED,6,50,NO ACCESS,N,1999.0,112.90256044836201
OVERLEA DR,01-Non intersection,11-Not on roadway - right side,03-Snow,"08-Dark, artificial",MIDBLOCK,Monday,January,0,OVERLEA DR,2,ROAD,LOCAL,8.0,20.0,PAVED,TwoWay,PAVED,6,50,NO ACCESS,Y,1966.0,81.6262571168933
OVERLEA DR,01-Non intersection,11-Not on roadway - right side,03-Snow,"08-Dark, artificial",MIDBLOCK,Monday,January,0,OVERLEA DR,2,ROAD,LOCAL,9.0,20.0,PAVED,TwoWay,PAVED,6,50,NO ACCESS,N,1999.0,114.66197121018101
OVERLEA DR,01-Non intersection,11-Not on roadway - right side,03-Snow,"08-Dark, artificial",MIDBLOCK,Monday,January,0,OVERLEA DR,2,ROAD,LOCAL,16.0,26.0,PAVED,TwoWay,PAVED,6,50,NO ACCESS,Y,1965.0,105.031429503179
OVERLEA DR,01-Non intersection,11-Not on roadway - right side,03-Snow,"08-Dark, artificial",MIDBLOCK,Monday,January,0,OVERLEA DR,2,ROAD,LOCAL,9.0,20.0,PAVED,TwoWay,PAVED,6,50,NO ACCESS,Y,1966.0,46.8968981808557
OVERLEA DR,01-Non intersection,11-Not on roadway - right side,03-Snow,"08-Dark, artificial",MIDBLOCK,Monday,January,0,OVERLEA DR,2,ROAD,LOCAL,9.0,20.0,PAVED,TwoWay,PAVED,6,50,NO ACCESS,N,1999.0,93.15813253448601
OVERLEA DR,01-Non intersection,11-Not on roadway - right side,03-Snow,"08-Dark, artificial",MIDBLOCK,Monday,January,0,OVERLEA DR,2,ROAD,LOCAL,12.0,20.0,PAVED,TwoWay,PAVED,6,50,NO ACCESS,N,1965.0,320.491772885426
OVERLEA DR,01-Non intersection,02-Thru lane,03-Snow,"08-Dark, artificial",MIDBLOCK,Friday,November,0,OVERLEA DR,2,ROAD,LOCAL,9.0,20.0,PAVED,TwoWay,PAVED,6,50,NO ACCESS,N,1966.0,234.309415516787
OVERLEA DR,01-Non intersection,02-Thru lane,03-Snow,"08-Dark, artificial",MIDBLOCK,Friday,November,0,OVERLEA DR,2,ROAD,LOCAL,9.0,20.0,PAVED,TwoWay,PAVED,6,50,NO ACCESS,N,1999.0,93.0445754868234
OVERLEA DR,01-Non intersection,02-Thru lane,03-Snow,"08-Dark, artificial",MIDBLOCK,Friday,November,0,OVERLEA DR,2,ROAD,LOCAL,9.0,20.0,PAVED,TwoWay,PAVED,6,50,NO ACCESS,N,1999.0,112.90256044836201
OVERLEA DR,01-Non intersection,02-Thru lane,03-Snow,"08-Dark, artificial",MIDBLOCK,Friday,November,0,OVERLEA DR,2,ROAD,LOCAL,8.0,20.0,PAVED,TwoWay,PAVED,6,50,NO ACCESS,Y,1966.0,81.6262571168933
OVERLEA DR,01-Non intersection,02-Thru lane,03-Snow,"08-Dark, artificial",MIDBLOCK,Friday,November,0,OVERLEA DR,2,ROAD,LOCAL,9.0,20.0,PAVED,TwoWay,PAVED,6,50,NO ACCESS,N,1999.0,114.66197121018101
OVERLEA DR,01-Non intersection,02-Thru lane,03-Snow,"08-Dark, artificial",MIDBLOCK,Friday,November,0,OVERLEA DR,2,ROAD,LOCAL,16.0,26.0,PAVED,TwoWay,PAVED,6,50,NO ACCESS,Y,1965.0,105.031429503179
OVERLEA DR,01-Non intersection,02-Thru lane,03-Snow,"08-Dark, artificial",MIDBLOCK,Friday,November,0,OVERLEA DR,2,ROAD,LOCAL,9.0,20.0,PAVED,TwoWay,PAVED,6,50,NO ACCESS,Y,1966.0,46.8968981808557
OVERLEA DR,01-Non intersection,02-Thru lane,03-Snow,"08-Dark, artificial",MIDBLOCK,Friday,November,0,OVERLEA DR,2,ROAD,LOCAL,9.0,20.0,PAVED,TwoWay,PAVED,6,50,NO ACCESS,N,1999.0,93.15813253448601
OVERLEA DR,01-Non intersection,02-Thru lane,03-Snow,"08-Dark, artificial",MIDBLOCK,Friday,November,0,OVERLEA DR,2,ROAD,LOCAL,12.0,20.0,PAVED,TwoWay,PAVED,6,50,NO ACCESS,N,1965.0,320.491772885426
OVERLEA DR,04-At/near private drive,02-Thru lane,02-Rain,07-Dark,MIDBLOCK,Wednesday,October,0,OVERLEA DR,2,ROAD,LOCAL,9.0,20.0,PAVED,TwoWay,PAVED,6,50,NO ACCESS,N,1966.0,234.309415516787
OVERLEA DR,04-At/near private drive,02-Thru lane,02-Rain,07-Dark,MIDBLOCK,Wednesday,October,0,OVERLEA DR,2,ROAD,LOCAL,9.0,20.0,PAVED,TwoWay,PAVED,6,50,NO ACCESS,N,1999.0,93.0445754868234
OVERLEA DR,04-At/near private drive,02-Thru lane,02-Rain,07-Dark,MIDBLOCK,Wednesday,October,0,OVERLEA DR,2,ROAD,LOCAL,9.0,20.0,PAVED,TwoWay,PAVED,6,50,NO ACCESS,N,1999.0,112.90256044836201
OVERLEA DR,04-At/near private drive,02-Thru lane,02-Rain,07-Dark,MIDBLOCK,Wednesday,October,0,OVERLEA DR,2,ROAD,LOCAL,8.0,20.0,PAVED,TwoWay,PAVED,6,50,NO ACCESS,Y,1966.0,81.6262571168933
OVERLEA DR,04-At/near private drive,02-Thru lane,02-Rain,07-Dark,MIDBLOCK,Wednesday,October,0,OVERLEA DR,2,ROAD,LOCAL,9.0,20.0,PAVED,TwoWay,PAVED,6,50,NO ACCESS,N,1999.0,114.66197121018101
OVERLEA DR,04-At/near private drive,02-Thru lane,02-Rain,07-Dark,MIDBLOCK,Wednesday,October,0,OVERLEA DR,2,ROAD,LOCAL,16.0,26.0,PAVED,TwoWay,PAVED,6,50,NO ACCESS,Y,1965.0,105.031429503179
OVERLEA DR,04-At/near private drive,02-Thru lane,02-Rain,07-Dark,MIDBLOCK,Wednesday,October,0,OVERLEA DR,2,ROAD,LOCAL,9.0,20.0,PAVED,TwoWay,PAVED,6,50,NO ACCESS,Y,1966.0,46.8968981808557
OVERLEA DR,04-At/near private drive,02-Thru lane,02-Rain,07-Dark,MIDBLOCK,Wednesday,October,0,OVERLEA DR,2,ROAD,LOCAL,9.0,20.0,PAVED,TwoWay,PAVED,6,50,NO ACCESS,N,1999.0,93.15813253448601
OVERLEA DR,04-At/near private drive,02-Thru lane,02-Rain,07-Dark,MIDBLOCK,Wednesday,October,0,OVERLEA DR,2,ROAD,LOCAL,12.0,20.0,PAVED,TwoWay,PAVED,6,50,NO ACCESS,N,1965.0,320.491772885426
OVERLEA DR,04-At/near private drive,02-Thru lane,01-Clear,01-Daylight,MIDBLOCK,Tuesday,April,0,OVERLEA DR,2,ROAD,LOCAL,9.0,20.0,PAVED,TwoWay,PAVED,6,50,NO ACCESS,N,1966.0,234.309415516787
OVERLEA DR,04-At/near private drive,02-Thru lane,01-Clear,01-Daylight,MIDBLOCK,Tuesday,April,0,OVERLEA DR,2,ROAD,LOCAL,9.0,20.0,PAVED,TwoWay,PAVED,6,50,NO ACCESS,N,1999.0,93.0445754868234
OVERLEA DR,04-At/near private drive,02-Thru lane,01-Clear,01-Daylight,MIDBLOCK,Tuesday,April,0,OVERLEA DR,2,ROAD,LOCAL,9.0,20.0,PAVED,TwoWay,PAVED,6,50,NO ACCESS,N,1999.0,112.90256044836201
OVERLEA DR,04-At/near private drive,02-Thru lane,01-Clear,01-Daylight,MIDBLOCK,Tuesday,April,0,OVERLEA DR,2,ROAD,LOCAL,8.0,20.0,PAVED,TwoWay,PAVED,6,50,NO ACCESS,Y,1966.0,81.6262571168933
OVERLEA DR,04-At/near private drive,02-Thru lane,01-Clear,01-Daylight,MIDBLOCK,Tuesday,April,0,OVERLEA DR,2,ROAD,LOCAL,9.0,20.0,PAVED,TwoWay,PAVED,6,50,NO ACCESS,N,1999.0,114.66197121018101
OVERLEA DR,04-At/near private drive,02-Thru lane,01-Clear,01-Daylight,MIDBLOCK,Tuesday,April,0,OVERLEA DR,2,ROAD,LOCAL,16.0,26.0,PAVED,TwoWay,PAVED,6,50,NO ACCESS,Y,1965.0,105.031429503179
OVERLEA DR,04-At/near private drive,02-Thru lane,01-Clear,01-Daylight,MIDBLOCK,Tuesday,April,0,OVERLEA DR,2,ROAD,LOCAL,9.0,20.0,PAVED,TwoWay,PAVED,6,50,NO ACCESS,Y,1966.0,46.8968981808557
OVERLEA DR,04-At/near private drive,02-Thru lane,01-Clear,01-Daylight,MIDBLOCK,Tuesday,April,0,OVERLEA DR,2,ROAD,LOCAL,9.0,20.0,PAVED,TwoWay,PAVED,6,50,NO ACCESS,N,1999.0,93.15813253448601
OVERLEA DR,04-At/near private drive,02-Thru lane,01-Clear,01-Daylight,MIDBLOCK,Tuesday,April,0,OVERLEA DR,2,ROAD,LOCAL,12.0,20.0,PAVED,TwoWay,PAVED,6,50,NO ACCESS,N,1965.0,320.491772885426
OVERLEA DR,04-At/near private drive,02-Thru lane,01-Clear,01-Daylight,MIDBLOCK,Tuesday,January,0,OVERLEA DR,2,ROAD,LOCAL,9.0,20.0,PAVED,TwoWay,PAVED,6,50,NO ACCESS,N,1966.0,234.309415516787
OVERLEA DR,04-At/near private drive,02-Thru lane,01-Clear,01-Daylight,MIDBLOCK,Tuesday,January,0,OVERLEA DR,2,ROAD,LOCAL,9.0,20.0,PAVED,TwoWay,PAVED,6,50,NO ACCESS,N,1999.0,93.0445754868234
OVERLEA DR,04-At/near private drive,02-Thru lane,01-Clear,01-Daylight,MIDBLOCK,Tuesday,January,0,OVERLEA DR,2,ROAD,LOCAL,9.0,20.0,PAVED,TwoWay,PAVED,6,50,NO ACCESS,N,1999.0,112.90256044836201
OVERLEA DR,04-At/near private drive,02-Thru lane,01-Clear,01-Daylight,MIDBLOCK,Tuesday,January,0,OVERLEA DR,2,ROAD,LOCAL,8.0,20.0,PAVED,TwoWay,PAVED,6,50,NO ACCESS,Y,1966.0,81.6262571168933
OVERLEA DR,04-At/near private drive,02-Thru lane,01-Clear,01-Daylight,MIDBLOCK,Tuesday,January,0,OVERLEA DR,2,ROAD,LOCAL,9.0,20.0,PAVED,TwoWay,PAVED,6,50,NO ACCESS,N,1999.0,114.66197121018101
OVERLEA DR,04-At/near private drive,02-Thru lane,01-Clear,01-Daylight,MIDBLOCK,Tuesday,January,0,OVERLEA DR,2,ROAD,LOCAL,16.0,26.0,PAVED,TwoWay,PAVED,6,50,NO ACCESS,Y,1965.0,105.031429503179
OVERLEA DR,04-At/near private drive,02-Thru lane,01-Clear,01-Daylight,MIDBLOCK,Tuesday,January,0,OVERLEA DR,2,ROAD,LOCAL,9.0,20.0,PAVED,TwoWay,PAVED,6,50,NO ACCESS,Y,1966.0,46.8968981808557
OVERLEA DR,04-At/near private drive,02-Thru lane,01-Clear,01-Daylight,MIDBLOCK,Tuesday,January,0,OVERLEA DR,2,ROAD,LOCAL,9.0,20.0,PAVED,TwoWay,PAVED,6,50,NO ACCESS,N,1999.0,93.15813253448601
OVERLEA DR,04-At/near private drive,02-Thru lane,01-Clear,01-Daylight,MIDBLOCK,Tuesday,January,0,OVERLEA DR,2,ROAD,LOCAL,12.0,20.0,PAVED,TwoWay,PAVED,6,50,NO ACCESS,N,1965.0,320.491772885426