LOCATION,ACCIDENT_LOCATION,IMPACT_LOCATION,ENVIRONMENT_CONDITION,LIGHT,COLLISION_TYPE,DAY_OF_WEEK,MONTH,IS_WEEKEND,STREET,LANES,CATEGORY,SUBCATEGORY,PAVEMENT_WIDTH,ROW_WIDTH,SHOULDER,FLOW_DIRECTION,SURFACE_LAYER_TYPE,OFFICIAL_ROAD_CLASSIFICATION,SPEED_LIMIT_KM,TRUCK_ACCESS,BUS_ROUTE,SERVICE_YEAR,Shape__Length
OVERLEA DR,04-At/near private drive,02-Thru lane,01-Clear,01-Daylight,MIDBLOCK,Sunday,June,1,OVERLEA DR,2,ROAD,LOCAL,9.0,20.0,PAVED,TwoWay,PAVED,6,50,NO ACCESS,N,1966.0,234.309415516787
OVERLEA DR,04-At/near private drive,02-Thru lane,01-Clear,01-Daylight,MIDBLOCK,Sunday,June,1,OVERLEA DR,2,ROAD,LOCAL,9.0,20.0,PAVED,TwoWay,PAVED,6,50,NO ACCESS,N,1999.0,93.0445754868234
OVERLEA DR,04-At/near private drive,02-Thru lane,01-Clear,01-Daylight,MIDBLOCK,Sunday,June,1,OVERLEA DR,2,ROAD,LOCAL,9.0,20.0,PAVED,TwoWay,PAVED,6,50,NO ACCESS,N,1999.0,112.90256044836201
OVERLEA DR,04-At/near private drive,02-Thru lane,01-Clear,01-Daylight,MIDBLOCK,Sunday,June,1,OVERLEA DR,2,ROAD,LOCAL,8.0,20.0,PAVED,TwoWay,PAVED,6,50,NO ACCESS,Y,1966.0,81.6262571168933
OVERLEA DR,04-At/near private drive,02-Thru lane,01-Clear,01-Daylight,MIDBLOCK,Sunday,June,1,OVERLEA DR,2,ROAD,LOCAL,9.0,20.0,PAVED,TwoWay,PAVED,6,50,NO ACCESS,N,1999.0,114.66197121018101
OVERLEA DR,04-At/near private drive,02-Thru lane,01-Clear,01-Daylight,MIDBLOCK,Sunday,June,1,OVERLEA DR,2,ROAD,LOCAL,16.0,26.0,PAVED,TwoWay,PAVED,6,50,NO ACCESS,Y,1965.0,105.031429503179
OVERLEA DR,04-At/near private drive,02-Thru lane,01-Clear,01-Daylight,MIDBLOCK,Sunday,June,1,OVERLEA DR,2,ROAD,LOCAL,9.0,20.0,PAVED,TwoWay,PAVED,6,50,NO ACCESS,Y,1966.0,46.8968981808557
OVERLEA DR,04-At/near private drive,02-Thru lane,01-Clear,01-Daylight,MIDBLOCK,Sunday,June,1,OVERLEA DR,2,ROAD,LOCAL,9.0,20.0,PAVED,TwoWay,PAVED,6,50,NO ACCESS,N,1999.0,93.15813253448601
OVERLEA DR,04-At/near private drive,02-Thru lane,01-Clear,01-Daylight,MIDBLOCK,Sunday,June,1,OVERLEA DR,2,ROAD,LOCAL,12.0,20.0,PAVED,TwoWay,PAVED,6,50,NO ACCESS,N,1965.0,320.491772885426
OVERLEA DR,04-At/near private drive,02-Thru lane,03-Snow,01-Daylight,MIDBLOCK,Friday,February,0,OVERLEA DR,2,ROAD,LOCAL,9.0,20.0,PAVED,TwoWay,PAVED,6,50,NO ACCESS,N,1966.0,234.309415516787
OVERLEA DR,04-At/near private drive,02-Thru lane,03-Snow,01-Daylight,MIDBLOCK,Friday,February,0,OVERLEA DR,2,ROAD,LOCAL,9.0,20.0,PAVED,TwoWay,PAVED,6,50,NO ACCESS,N,1999.0,93.0445754868234
OVERLEA DR,04-At/near private drive,02-Thru lane,03-Snow,01-Daylight,MIDBLOCK,Friday,February,0,OVERLEA DR,2,ROAD,LOCAL,9.0,20.0,PAVED,TwoWay,PAVED,6,50,NO ACCESS,N,1999.0,112.90256044836201
OVERLEA DR,04-At/near private drive,02-Thru lane,03-Snow,01-Daylight,MIDBLOCK,Friday,February,0,OVERLEA DR,2,ROAD,LOCAL,8.0,20.0,PAVED,TwoWay,PAVED,6,50,NO ACCESS,Y,1966.0,81.6262571168933
OVERLEA DR,04-At/near private drive,02-Thru lane,03-Snow,01-Daylight,MIDBLOCK,Friday,February,0,OVERLEA DR,2,ROAD,LOCAL,9.0,20.0,PAVED,TwoWay,PAVED,6,50,NO ACCESS,N,1999.0,114.66197121018101
OVERLEA DR,04-At/near private drive,02-Thru lane,03-Snow,01-Daylight,MIDBLOCK,Friday,February,0,OVERLEA DR,2,ROAD,LOCAL,16.0,26.0,PAVED,TwoWay,PAVED,6,50,NO ACCESS,Y,1965.0,105.031429503179
OVERLEA DR,04-At/near private drive,02-Thru lane,03-Snow,01-Daylight,MIDBLOCK,Friday,February,0,OVERLEA DR,2,ROAD,LOCAL,9.0,20.0,PAVED,TwoWay,PAVED,6,50,NO ACCESS,Y,1966.0,46.8968981808557
OVERLEA DR,04-At/near private drive,02-Thru lane,03-Snow,01-Daylight,MIDBLOCK,Friday,February,0,OVERLEA DR,2,ROAD,LOCAL,9.0,20.0,PAVED,TwoWay,PAVED,6,50,NO ACCESS,N,1999.0,93.15813253448601
OVERLEA DR,04-At/near private drive,02-Thru lane,03-Snow,01-Daylight,MIDBLOCK,Friday,February,0,OVERLEA DR,2,ROAD,LOCAL,12.0,20.0,PAVED,TwoWay,PAVED,6,50,NO ACCESS,N,1965.0,320.491772885426
OVERLEA DR,01-Non intersection,02-Thru lane,01-Clear,01-Daylight,MIDBLOCK,Monday,September,0,OVERLEA DR,2,ROAD,LOCAL,9.0,20.0,PAVED,TwoWay,PAVED,6,50,NO ACCESS,N,1966.0,234.309415516787
OVERLEA DR,01-Non intersection,02-Thru lane,01-Clear,01-Daylight,MIDBLOCK,Monday,September,0,OVERLEA DR,2,ROAD,LOCAL,9.0,20.0,PAVED,TwoWay,PAVED,6,50,NO ACCESS,N,1999.0,93.0445754868234
OVERLEA DR,01-Non intersection,02-Thru lane,01-Clear,01-Daylight,MIDBLOCK,Monday,September,0,OVERLEA DR,2,ROAD,LOCAL,9.0,20.0,PAVED,TwoWay,PAVED,6,50,NO ACCESS,N,1999.0,112.90256044836201
OVERLEA DR,01-Non intersection,02-Thru lane,01-Clear,01-Daylight,MIDBLOCK,Monday,September,0,OVERLEA DR,2,ROAD,LOCAL,8.0,20.0,PAVED,TwoWay,PAVED,6,50,NO ACCESS,Y,1966.0,81.6262571168933
OVERLEA DR,01-Non intersection,02-Thru lane,01-Clear,01-Daylight,MIDBLOCK,Monday,September,0,OVERLEA DR,2,ROAD,LOCAL,9.0,20.0,PAVED,TwoWay,PAVED,6,50,NO ACCESS,N,1999.0,114.66197121018101
OVERLEA DR,01-Non intersection,02-Thru lane,01-Clear,01-Daylight,MIDBLOCK,Monday,September,0,OVERLEA DR,2,ROAD,LOCAL,16.0,26.0,PAVED,TwoWay,PAVED,6,50,NO ACCESS,Y,1965.0,105.031429503179
OVERLEA DR,01-Non intersection,02-Thru lane,01-Clear,01-Daylight,MIDBLOCK,Monday,September,0,OVERLEA DR,2,ROAD,LOCAL,9.0,20.0,PAVED,TwoWay,PAVED,6,50,NO ACCESS,Y,1966.0,46.8968981808557
OVERLEA DR,01-Non intersection,02-Thru lane,01-Clear,01-Daylight,MIDBLOCK,Monday,September,0,OVERLEA DR,2,ROAD,LOCAL,9.0,20.0,PAVED,TwoWay,PAVED,6,50,NO ACCESS,N,1999.0,93.15813253448601
OVERLEA DR,01-Non intersection,02-Thru lane,01-Clear,01-Daylight,MIDBLOCK,Monday,September,0,OVERLEA DR,2,ROAD,LOCAL,12.0,20.0,PAVED,TwoWay,PAVED,6,50,NO ACCESS,N,1965.0,320.491772885426
OVERLEA DR,01-Non intersection,02-Thru lane,01-Clear,01-Daylight,MIDBLOCK,Friday,January,0,OVERLEA DR,2,ROAD,LOCAL,9.0,20.0,PAVED,TwoWay,PAVED,6,50,NO ACCESS,N,1966.0,234.309415516787
OVERLEA DR,01-Non intersection,02-Thru lane,01-Clear,01-Daylight,MIDBLOCK,Friday,January,0,OVERLEA DR,2,ROAD,LOCAL,9.0,20.0,PAVED,TwoWay,PAVED,6,50,NO ACCESS,N,1999.0,93.0445754868234
OVERLEA DR,01-Non intersection,02-Thru lane,01-Clear,01-Daylight,MIDBLOCK,Friday,January,0,OVERLEA DR,2,ROAD,LOCAL,9.0,20.0,PAVED,TwoWay,PAVED,6,50,NO ACCESS,N,1999.0,112.90256044836201
OVERLEA DR,01-Non intersection,02-Thru lane,01-Clear,01-Daylight,MIDBLOCK,Friday,January,0,OVERLEA DR,2,ROAD,LOCAL,8.0,20.0,PAVED,TwoWay,PAVED,6,50,NO ACCESS,Y,1966.0,81.6262571168933
OVERLEA DR,01-Non intersection,02-Thru lane,01-Clear,01-Daylight,MIDBLOCK,Friday,January,0,OVERLEA DR,2,ROAD,LOCAL,9.0,20.0,PAVED,TwoWay,PAVED,6,50,NO ACCESS,N,1999.0,114.66197121018101
OVERLEA DR,01-Non intersection,02-Thru lane,01-Clear,01-Daylight,MIDBLOCK,Friday,January,0,OVERLEA DR,2,ROAD,LOCAL,16.0,26.0,PAVED,TwoWay,PAVED,6,50,NO ACCESS,Y,1965.0,105.031429503179
OVERLEA DR,01-Non intersection,02-Thru lane,01-Clear,01-Daylight,MIDBLOCK,Friday,January,0,OVERLEA DR,2,ROAD,LOCAL,9.0,20.0,PAVED,TwoWay,PAVED,6,50,NO ACCESS,Y,1966.0,46.8968981808557
OVERLEA DR,01-Non intersection,02-Thru lane,01-Clear,01-Daylight,MIDBLOCK,Friday,January,0,OVERLEA DR,2,ROAD,LOCAL,9.0,20.0,PAVED,TwoWay,PAVED,6,50,NO ACCESS,N,1999.0,93.15813253448601
OVERLEA DR,01-Non intersection,02-Thru lane,01-Clear,01-Daylight,MIDBLOCK,Friday,January,0,OVERLEA DR,2,ROAD,LOCAL,12.0,20.0,PAVED,TwoWay,PAVED,6,50,NO ACCESS,N,1965.0,320.491772885426
OVERLEA DR,01-Non intersection,12-Off highway,01-Clear,01-Daylight,MIDBLOCK,Sunday,January,1,OVERLEA DR,2,ROAD,LOCAL,9.0,20.0,PAVED,TwoWay,PAVED,6,50,NO ACCESS,N,1966.0,234.309415516787
OVERLEA DR,01-Non intersection,12-Off highway,01-Clear,01-Daylight,MIDBLOCK,Sunday,January,1,OVERLEA DR,2,ROAD,LOCAL,9.0,20.0,PAVED,TwoWay,PAVED,6,50,NO ACCESS,N,1999.0,93.0445754868234
OVERLEA DR,01-Non intersection,12-Off highway,01-Clear,01-Daylight,MIDBLOCK,Sunday,January,1,OVERLEA DR,2,ROAD,LOCAL,9.0,20.0,PAVED,TwoWay,PAVED,6,50,NO ACCESS,N,1999.0,112.90256044836201
OVERLEA DR,01-Non intersection,12-Off highway,01-Clear,01-Daylight,MIDBLOCK,Sunday,January,1,OVERLEA DR,2,ROAD,LOCAL,8.0,20.0,PAVED,TwoWay,PAVED,6,50,NO ACCESS,Y,1966.0,81.6262571168933
OVERLEA DR,01-Non intersection,12-Off highway,01-Clear,01-Daylight,MIDBLOCK,Sunday,January,1,OVERLEA DR,2,ROAD,LOCAL,9.0,20.0,PAVED,TwoWay,PAVED,6,50,NO ACCESS,N,1999.0,114.66197121018101
OVERLEA DR,01-Non intersection,12-Off highway,01-Clear,01-Daylight,MIDBLOCK,Sunday,January,1,OVERLEA DR,2,ROAD,LOCAL,16.0,26.0,PAVED,TwoWay,PAVED,6,50,NO ACCESS,Y,1965.0,105.031429503179
OVERLEA DR,01-Non intersection,12-Off highway,01-Clear,01-Daylight,MIDBLOCK,Sunday,January,1,OVERLEA DR,2,ROAD,LOCAL,9.0,20.0,PAVED,TwoWay,PAVED,6,50,NO ACCESS,Y,1966.0,46.8968981808557
OVERLEA DR,01-Non intersection,12-Off highway,01-Clear,01-Daylight,MIDBLOCK,Sunday,January,1,OVERLEA DR,2,ROAD,LOCAL,9.0,20.0,PAVED,TwoWay,PAVED,6,50,NO ACCESS,N,1999.0,93.15813253448601
OVERLEA DR,01-Non intersection,12-Off highway,01-Clear,01-Daylight,MIDBLOCK,Sunday,January,1,OVERLEA DR,2,ROAD,LOCAL,12.0,20.0,PAVED,TwoWay,PAVED,6,50,NO ACCESS,N,1965.0,320.491772885426
OVERLEA DR,04-At/near private drive,09-Right shoulder,01-Clear,"08-Dark, artificial",MIDBLOCK,Sunday,June,1,OVERLEA DR,2,ROAD,LOCAL,9.0,20.0,PAVED,TwoWay,PAVED,6,50,NO ACCESS,N,1966.0,234.309415516787
OVERLEA DR,04-At/near private drive,09-Right shoulder,01-Clear,"08-Dark, artificial",MIDBLOCK,Sunday,June,1,OVERLEA DR,2,ROAD,LOCAL,9.0,20.0,PAVED,TwoWay,PAVED,6,50,NO ACCESS,N,1999.0,93.0445754868234
OVERLEA DR,04-At/near private drive,09-Right shoulder,01-Clear,"08-Dark, artificial",MIDBLOCK,Sunday,June,1,OVERLEA DR,2,ROAD,LOCAL,9.0,20.0,PAVED,TwoWay,PAVED,6,50,NO ACCESS,N,1999.0,112.90256044836201
OVERLEA DR,04-At/near private drive,09-Right shoulder,01-Clear,"08-Dark, artificial",MIDBLOCK,Sunday,June,1,OVERLEA DR,2,ROAD,LOCAL,8.0,20.0,PAVED,TwoWay,PAVED,6,50,NO ACCESS,Y,1966.0,81.6262571168933
OVERLEA DR,04-At/near private drive,09-Right shoulder,01-Clear,"08-Dark, artificial",MIDBLOCK,Sunday,June,1,OVERLEA DR,2,ROAD,LOCAL,9.0,20.0,PAVED,TwoWay,PAVED,6,50,NO ACCESS,N,1999.0,114.66197121018101
OVERLEA DR,04-At/near private drive,09-Right shoulder,01-Clear,"08-Dark, artificial",MIDBLOCK,Sunday,June,1,OVERLEA DR,2,ROAD,LOCAL,16.0,26.0,PAVED,TwoWay,PAVED,6,50,NO ACCESS,Y,1965.0,105.031429503179
OVERLEA DR,04-At/near private drive,09-Right shoulder,01-Clear,"08-Dark, artificial",MIDBLOCK,Sunday,June,1,OVERLEA DR,2,ROAD,LOCAL,9.0,20.0,PAVED,TwoWay,PAVED,6,50,NO ACCESS,Y,1966.0,46.8968981808557
OVERLEA DR,04-At/near private drive,09-Right shoulder,01-Clear,"08-Dark, artificial",MIDBLOCK,Sunday,June,1,OVERLEA DR,2,ROAD,LOCAL,9.0,20.0,PAVED,TwoWay,PAVED,6,50,NO ACCESS,N,1999.0,93.15813253448601
OVERLEA DR,04-At/near private drive,09-Right shoulder,01-Clear,"08-Dark, artificial",MIDBLOCK,Sunday,June,1,OVERLEA DR,2,ROAD,LOCAL,12.0,20.0,PAVED,TwoWay,PAVED,6,50,NO ACCESS,N,1965.0,320.491772885426
OVERLEA DR,04-At/near private drive,12-Off highway,01-Clear,07-Dark,MIDBLOCK,Wednesday,January,0,OVERLEA DR,2,ROAD,LOCAL,9.0,20.0,PAVED,TwoWay,PAVED,6,50,NO ACCESS,N,1966.0,234.309415516787
OVERLEA DR,04-At/near private drive,12-Off highway,01-Clear,07-Dark,MIDBLOCK,Wednesday,January,0,OVERLEA DR,2,ROAD,LOCAL,9.0,20.0,PAVED,TwoWay,PAVED,6,50,NO ACCESS,N,1999.0,93.0445754868234
OVERLEA DR,04-At/near private drive,12-Off highway,01-Clear,07-Dark,MIDBLOCK,Wednesday,January,0,OVERLEA DR,2,ROAD,LOCAL,9.0,20.0,PAVED,TwoWay,PAVED,6,50,NO ACCESS,N,1999.0,112.90256044836201
OVERLEA DR,04-At/near private drive,12-Off highway,01-Clear,07-Dark,MIDBLOCK,Wednesday,January,0,OVERLEA DR,2,ROAD,LOCAL,8.0,20.0,PAVED,TwoWay,PAVED,6,50,NO ACCESS,Y,1966.0,81.6262571168933
OVERLEA DR,04-At/near private drive,12-Off highway,01-Clear,07-Dark,MIDBLOCK,Wednesday,January,0,OVERLEA DR,2,ROAD,LOCAL,9.0,20.0,PAVED,TwoWay,PAVED,6,50,NO ACCESS,N,1999.0,114.66197121018101
OVERLEA DR,04-At/near private drive,12-Off highway,01-Clear,07-Dark,MIDBLOCK,Wednesday,January,0,OVERLEA DR,2,ROAD,LOCAL,16.0,26.0,PAVED,TwoWay,PAVED,6,50,NO ACCESS,Y,1965.0,105.031429503179
OVERLEA DR,04-At/near private drive,12-Off highway,01-Clear,07-Dark,MIDBLOCK,Wednesday,January,0,OVERLEA DR,2,ROAD,LOCAL,9.0,20.0,PAVED,TwoWay,PAVED,6,50,NO ACCESS,Y,1966.0,46.8968981808557
OVERLEA DR,04-At/near private drive,12-Off highway,01-Clear,07-Dark,MIDBLOCK,Wednesday,January,0,OVERLEA DR,2,ROAD,LOCAL,9.0,20.0,PAVED,TwoWay,PAVED,6,50,NO ACCESS,N,1999.0,93.15813253448601
OVERLEA DR,04-At/near private drive,12-Off highway,01-Clear,07-Dark,MIDBLOCK,Wednesday,January,0,OVERLEA DR,2,ROAD,LOCAL,12.0,20.0,PAVED,TwoWay,PAVED,6,50,NO ACCESS,N,1965.0,320.491772885426
HILL ST,04-At/near private drive,09-Right shoulder,01-Clear,05-Dusk,MIDBLOCK,Tuesday,October,0,HILL ST,2,ROAD,LOCAL,7.0,12.0,PAVED,TwoWay,PAVED,6,50,NO ACCESS,N,1914.0,141.74437755350598
HILL ST,04-At/near private drive,09-Right shoulder,01-Clear,05-Dusk,MIDBLOCK,Tuesday,October,0,HILL ST,2,ROAD,LOCAL,6.0,12.0,PAVED,TwoWay,PAVED,6,50,NO ACCESS,N,1914.0,55.5974088022254
HILL ST,04-At/near private drive,09-Right shoulder,01-Clear,05-Dusk,MIDBLOCK,Tuesday,October,0,HILL ST,2,ROAD,LOCAL,12.0,12.0,PAVED,TwoWay,PAVED,6,50,NO ACCESS,N,1914.0,48.469977001291
SILVER ASPEN CRES,04-At/near private drive,02-Thru lane,01-Clear,01-Daylight,MIDBLOCK,Friday,August,0,SILVER ASPEN CRES,2,ROAD,LOCAL,8.0,15.0,PAVED,TwoWay,PAVED,6,50,NO ACCESS,N,1971.0,608.087135546423
SILVER ASPEN CRES,04-At/near private drive,02-Thru lane,01-Clear,01-Daylight,MIDBLOCK,Wednesday,June,0,SILVER ASPEN CRES,2,ROAD,LOCAL,8.0,15.0,PAVED,TwoWay,PAVED,6,50,NO ACCESS,N,1971.0,608.087135546423
SILVER ASPEN CRES,01-Non intersection,02-Thru lane,02-Rain,"08-Dark, artificial",MIDBLOCK,Sunday,September,1,SILVER ASPEN CRES,2,ROAD,LOCAL,8.0,15.0,PAVED,TwoWay,PAVED,6,50,NO ACCESS,N,1971.0,608.087135546423
SILVER ASPEN CRES,01-Non intersection,02-Thru lane,01-Clear,01-Daylight,MIDBLOCK,Wednesday,August,0,SILVER ASPEN CRES,2,ROAD,LOCAL,8.0,15.0,PAVED,TwoWay,PAVED,6,50,NO ACCESS,N,1971.0,608.087135546423
SILVER ASPEN CRES,04-At/near private drive,02-Thru lane,01-Clear,07-Dark,MIDBLOCK,Thursday,July,0,SILVER ASPEN CRES,2,ROAD,LOCAL,8.0,15.0,PAVED,TwoWay,PAVED,6,50,NO ACCESS,N,1971.0,608.087135546423
SILVER ASPEN CRES,04-At/near private drive,02-Thru lane,01-Clear,07-Dark,MIDBLOCK,Sunday,April,1,SILVER ASPEN CRES,2,ROAD,LOCAL,8.0,15.0,PAVED,TwoWay,PAVED,6,50,NO ACCESS,N,1971.0,608.087135546423
SILVER ASPEN CRES,01-Non intersection,02-Thru lane,01-Clear,01-Daylight,MIDBLOCK,Sunday,February,1,SILVER ASPEN CRES,2,ROAD,LOCAL,8.0,15.0,PAVED,TwoWay,PAVED,6,50,NO ACCESS,N,1971.0,608.087135546423
MOUNTAIN LAUREL CRES,04-At/near private drive,02-Thru lane,03-Snow,01-Daylight,MIDBLOCK,Friday,January,0,MOUNTAIN LAUREL CRES,2,ROAD,LOCAL,10.0,20.0,PAVED,TwoWay,PAVED,6,50,NO ACCESS,N,2001.0,134.464019552672
MOUNTAIN LAUREL CRES,04-At/near private drive,02-Thru lane,03-Snow,01-Daylight,MIDBLOCK,Friday,January,0,MOUNTAIN LAUREL CRES,2,ROAD,LOCAL,10.0,20.0,PAVED,TwoWay,PAVED,6,50,NO ACCESS,N,2001.0,243.024004677518
MOUNTAIN LAUREL CRES,04-At/near private drive,02-Thru lane,03-Snow,01-Daylight,MIDBLOCK,Friday,January,0,MOUNTAIN LAUREL CRES,2,ROAD,LOCAL,10.0,20.0,PAVED,TwoWay,PAVED,6,50,NO ACCESS,N,2001.0,104.590295897087
MOUNTAIN LAUREL CRES,04-At/near private drive,02-Thru lane,03-Snow,01-Daylight,MIDBLOCK,Friday,January,0,MOUNTAIN LAUREL CRES,2,ROAD,LOCAL,10.0,20.0,PAVED,TwoWay,PAVED,6,50,NO ACCESS,N,2006.0,653.406913842711
MOUNTAIN LAUREL CRES,04-At/near private drive,02-Thru lane,01-Clear,01-Daylight,MIDBLOCK,Saturday,June,1,MOUNTAIN LAUREL CRES,2,ROAD,LOCAL,10.0,20.0,PAVED,TwoWay,PAVED,6,50,NO ACCESS,N,2001.0,134.464019552672
MOUNTAIN LAUREL CRES,04-At/near private drive,02-Thru lane,01-Clear,01-Daylight,MIDBLOCK,Saturday,June,1,MOUNTAIN LAUREL CRES,2,ROAD,LOCAL,10.0,20.0,PAVED,TwoWay,PAVED,6,50,NO ACCESS,N,2001.0,243.024004677518
MOUNTAIN LAUREL CRES,04-At/near private drive,02-Thru lane,01-Clear,01-Daylight,MIDBLOCK,Saturday,June,1,MOUNTAIN LAUREL CRES,2,ROAD,LOCAL,10.0,20.0,PAVED,TwoWay,PAVED,6,50,NO ACCESS,N,2001.0,104.590295897087
MOUNTAIN LAUREL CRES,04-At/near private drive,02-Thru lane,01-Clear,01-Daylight,MIDBLOCK,Saturday,June,1,MOUNTAIN LAUREL CRES,2,ROAD,LOCAL,10.0,20.0,PAVED,TwoWay,PAVED,6,50,NO ACCESS,N,2006.0,653.406913842711
MOUNTAIN LAUREL CRES,01-Non intersection,02-Thru lane,01-Clear,01-Daylight,MIDBLOCK,Sunday,February,1,MOUNTAIN LAUREL CRES,2,ROAD,LOCAL,10.0,20.0,PAVED,TwoWay,PAVED,6,50,NO ACCESS,N,2001.0,134.464019552672
MOUNTAIN LAUREL CRES,01-Non intersection,02-Thru lane,01-Clear,01-Daylight,MIDBLOCK,Sunday,February,1,MOUNTAIN LAUREL CRES,2,ROAD,LOCAL,10.0,20.0,PAVED,TwoWay,PAVED,6,50,NO ACCESS,N,2001.0,243.024004677518
MOUNTAIN LAUREL CRES,01-Non intersection,02-Thru lane,01-Clear,01-Daylight,MIDBLOCK,Sunday,February,1,MOUNTAIN LAUREL CRES,2,ROAD,LOCAL,10.0,20.0,PAVED,TwoWay,PAVED,6,50,NO ACCESS,N,2001.0,104.590295897087
MOUNTAIN LAUREL CRES,01-Non intersection,02-Thru lane,01-Clear,01-Daylight,MIDBLOCK,Sunday,February,1,MOUNTAIN LAUREL CRES,2,ROAD,LOCAL,10.0,20.0,PAVED,TwoWay,PAVED,6,50,NO ACCESS,N,2006.0,653.406913842711
MOUNTAIN LAUREL CRES,04-At/near private drive,02-Thru lane,01-Clear,01-Daylight,MIDBLOCK,Monday,August,0,MOUNTAIN LAUREL CRES,2,ROAD,LOCAL,10.0,20.0,PAVED,TwoWay,PAVED,6,50,NO ACCESS,N,2001.0,134.464019552672
MOUNTAIN LAUREL CRES,04-At/near private drive,02-Thru lane,01-Clear,01-Daylight,MIDBLOCK,Monday,August,0,MOUNTAIN LAUREL CRES,2,ROAD,LOCAL,10.0,20.0,PAVED,TwoWay,PAVED,6,50,NO ACCESS,N,2001.0,243.024004677518
MOUNTAIN LAUREL CRES,04-At/near private drive,02-Thru lane,01-Clear,01-Daylight,MIDBLOCK,Monday,August,0,MOUNTAIN LAUREL CRES,2,ROAD,LOCAL,10.0,20.0,PAVED,TwoWay,PAVED,6,50,NO ACCESS,N,2001.0,104.590295897087
MOUNTAIN LAUREL CRES,04-At/near private drive,02-Thru lane,01-Clear,01-Daylight,MIDBLOCK,Monday,August,0,MOUNTAIN LAUREL CRES,2,ROAD,LOCAL,10.0,20.0,PAVED,TwoWay,PAVED,6,50,NO ACCESS,N,2006.0,653.406913842711
MOUNTAIN LAUREL CRES,01-Non intersection,10-Not on roadway - left side,01-Clear,01-Daylight,MIDBLOCK,Wednesday,March,0,MOUNTAIN LAUREL CRES,2,ROAD,LOCAL,10.0,20.0,PAVED,TwoWay,PAVED,6,50,NO ACCESS,N,2001.0,134.464019552672
MOUNTAIN LAUREL CRES,01-Non intersection,10-Not on roadway - left side,01-Clear,01-Daylight,MIDBLOCK,Wednesday,March,0,MOUNTAIN LAUREL CRES,2,ROAD,LOCAL,10.0,20.0,PAVED,TwoWay,PAVED,6,50,NO ACCESS,N,2001.0,243.024004677518
MOUNTAIN LAUREL CRES,01-Non intersection,10-Not on roadway - left side,01-Clear,01-Daylight,MIDBLOCK,Wednesday,March,0,MOUNTAIN LAUREL CRES,2,ROAD,LOCAL,10.0,20.0,PAVED,TwoWay,PAVED,6,50,NO ACCESS,N,2001.0,104.590295897087
MOUNTAIN LAUREL CRES,01-Non intersection,10-Not on roadway - left side,01-Clear,01-Daylight,MIDBLOCK,Wednesday,March,0,MOUNTAIN LAUREL CRES,2,ROAD,LOCAL,10.0,20.0,PAVED,TwoWay,PAVED,6,50,NO ACCESS,N,2006.0,653.406913842711
MOUNTAIN LAUREL CRES,04-At/near private drive,02-Thru lane,03-Snow,05-Dusk,MIDBLOCK,Thursday,January,0,MOUNTAIN LAUREL CRES,2,ROAD,LOCAL,10.0,20.0,PAVED,TwoWay,PAVED,6,50,NO ACCESS,N,2001.0,134.464019552672
MOUNTAIN LAUREL CRES,04-At/near private drive,02-Thru lane,03-Snow,05-Dusk,MIDBLOCK,Thursday,January,0,MOUNTAIN LAUREL CRES,2,ROAD,LOCAL,10.0,20.0,PAVED,TwoWay,PAVED,6,50,NO ACCESS,N,2001.0,243.024004677518
MOUNTAIN LAUREL CRES,04-At/near private drive,02-Thru lane,03-Snow,05-Dusk,MIDBLOCK,Thursday,January,0,MOUNTAIN LAUREL CRES,2,ROAD,LOCAL,10.0,20.0,PAVED,TwoWay,PAVED,6,50,NO ACCESS,N,2001.0,104.590295897087
MOUNTAIN LAUREL CRES,04-At/near private drive,02-Thru lane,03-Snow,05-Dusk,MIDBLOCK,Thursday,January,0,MOUNTAIN LAUREL CRES,2,ROAD,LOCAL,10.0,20.0,PAVED,TwoWay,PAVED,6,50,NO ACCESS,N,2006.0,653.406913842711
MOUNTAIN LAUREL CRES,04-At/near private drive,02-Thru lane,01-Clear,01-Daylight,MIDBLOCK,Monday,July,0,MOUNTAIN LAUREL CRES,2,ROAD,LOCAL,10.0,20.0,PAVED,TwoWay,PAVED,6,50,NO ACCESS,N,2001.0,134.464019552672
MOUNTAIN LAUREL CRES,04-At/near private drive,02-Thru lane,01-Clear,01-Daylight,MIDBLOCK,Monday,July,0,MOUNTAIN LAUREL CRES,2,ROAD,LOCAL,10.0,20.0,PAVED,TwoWay,PAVED,6,50,NO ACCESS,N,2001.0,243.024004677518
MOUNTAIN LAUREL CRES,04-At/near private drive,02-Thru lane,01-Clear,01-Daylight,MIDBLOCK,Monday,July,0,MOUNTAIN LAUREL CRES,2,ROAD,LOCAL,10.0,20.0,PAVED,TwoWay,PAVED,6,50,NO ACCESS,N,2001.0,104.590295897087
MOUNTAIN LAUREL CRES,04-At/near private drive,02-Thru lane,01-Clear,01-Daylight,MIDBLOCK,Monday,July,0,MOUNTAIN LAUREL CRES,2,ROAD,LOCAL,10.0,20.0,PAVED,TwoWay,PAVED,6,50,NO ACCESS,N,2006.0,653.406913842711
MOUNTAIN LAUREL CRES,04-At/near private drive,02-Thru lane,01-Clear,01-Daylight,MIDBLOCK,Saturday,February,1,MOUNTAIN LAUREL CRES,2,ROAD,LOCAL,10.0,20.0,PAVED,TwoWay,PAVED,6,50,NO ACCESS,N,2001.0,134.464019552672
MOUNTAIN LAUREL CRES,04-At/near private drive,02-Thru lane,01-Clear,01-Daylight,MIDBLOCK,Saturday,February,1,MOUNTAIN LAUREL CRES,2,ROAD,LOCAL,10.0,20.0,PAVED,TwoWay,PAVED,6,50,NO ACCESS,N,2001.0,243.024004677518