LOCATION,ACCIDENT_LOCATION,IMPACT_LOCATION,ENVIRONMENT_CONDITION,LIGHT,COLLISION_TYPE,DAY_OF_WEEK,MONTH,IS_WEEKEND,STREET,LANES,CATEGORY,SUBCATEGORY,PAVEMENT_WIDTH,ROW_WIDTH,SHOULDER,FLOW_DIRECTION,SURFACE_LAYER_TYPE,OFFICIAL_ROAD_CLASSIFICATION,SPEED_LIMIT_KM,TRUCK_ACCESS,BUS_ROUTE,SERVICE_YEAR,Shape__Length
MOUNTAIN LAUREL CRES,04-At/near private drive,02-Thru lane,01-Clear,01-Daylight,MIDBLOCK,Saturday,February,1,MOUNTAIN LAUREL CRES,2,ROAD,LOCAL,10.0,20.0,PAVED,TwoWay,PAVED,6,50,NO ACCESS,N,2001.0,104.590295897087
MOUNTAIN LAUREL CRES,04-At/near private drive,02-Thru lane,01-Clear,01-Daylight,MIDBLOCK,Saturday,February,1,MOUNTAIN LAUREL CRES,2,ROAD,LOCAL,10.0,20.0,PAVED,TwoWay,PAVED,6,50,NO ACCESS,N,2006.0,653.406913842711
MOUNTAIN LAUREL CRES,04-At/near private drive,02-Thru lane,01-Clear,07-Dark,MIDBLOCK,Tuesday,January,0,MOUNTAIN LAUREL CRES,2,ROAD,LOCAL,10.0,20.0,PAVED,TwoWay,PAVED,6,50,NO ACCESS,N,2001.0,134.464019552672
MOUNTAIN LAUREL CRES,04-At/near private drive,02-Thru lane,01-Clear,07-Dark,MIDBLOCK,Tuesday,January,0,MOUNTAIN LAUREL CRES,2,ROAD,LOCAL,10.0,20.0,PAVED,TwoWay,PAVED,6,50,NO ACCESS,N,2001.0,243.024004677518
MOUNTAIN LAUREL CRES,04-At/near private drive,02-Thru lane,01-Clear,07-Dark,MIDBLOCK,Tuesday,January,0,MOUNTAIN LAUREL CRES,2,ROAD,LOCAL,10.0,20.0,PAVED,TwoWay,PAVED,6,50,NO ACCESS,N,2001.0,104.590295897087
MOUNTAIN LAUREL CRES,04-At/near private drive,02-Thru lane,01-Clear,07-Dark,MIDBLOCK,Tuesday,January,0,MOUNTAIN LAUREL CRES,2,ROAD,LOCAL,10.0,20.0,PAVED,TwoWay,PAVED,6,50,NO ACCESS,N,2006.0,653.406913842711
MOUNTAIN LAUREL CRES,01-Non intersection,09-Right shoulder,02-Rain,07-Dark,MIDBLOCK,Wednesday,March,0,MOUNTAIN LAUREL CRES,2,ROAD,LOCAL,10.0,20.0,PAVED,TwoWay,PAVED,6,50,NO ACCESS,N,2001.0,134.464019552672
MOUNTAIN LAUREL CRES,01-Non intersection,09-Right shoulder,02-Rain,07-Dark,MIDBLOCK,Wednesday,March,0,MOUNTAIN LAUREL CRES,2,ROAD,LOCAL,10.0,20.0,PAVED,TwoWay,PAVED,6,50,NO ACCESS,N,2001.0,243.024004677518
MOUNTAIN LAUREL CRES,01-Non intersection,09-Right shoulder,02-Rain,07-Dark,MIDBLOCK,Wednesday,March,0,MOUNTAIN LAUREL CRES,2,ROAD,LOCAL,10.0,20.0,PAVED,TwoWay,PAVED,6,50,NO ACCESS,N,2001.0,104.590295897087
MOUNTAIN LAUREL CRES,01-Non intersection,09-Right shoulder,02-Rain,07-Dark,MIDBLOCK,Wednesday,March,0,MOUNTAIN LAUREL CRES,2,ROAD,LOCAL,10.0,20.0,PAVED,TwoWay,PAVED,6,50,NO ACCESS,N,2006.0,653.406913842711
MOUNTAIN LAUREL CRES,04-At/near private drive,02-Thru lane,01-Clear,01-Daylight,MIDBLOCK,Monday,June,0,MOUNTAIN LAUREL CRES,2,ROAD,LOCAL,10.0,20.0,PAVED,TwoWay,PAVED,6,50,NO ACCESS,N,2001.0,134.464019552672
MOUNTAIN LAUREL CRES,04-At/near private drive,02-Thru lane,01-Clear,01-Daylight,MIDBLOCK,Monday,June,0,MOUNTAIN LAUREL CRES,2,ROAD,LOCAL,10.0,20.0,PAVED,TwoWay,PAVED,6,50,NO ACCESS,N,2001.0,243.024004677518
MOUNTAIN LAUREL CRES,04-At/near private drive,02-Thru lane,01-Clear,01-Daylight,MIDBLOCK,Monday,June,0,MOUNTAIN LAUREL CRES,2,ROAD,LOCAL,10.0,20.0,PAVED,TwoWay,PAVED,6,50,NO ACCESS,N,2001.0,104.590295897087
MOUNTAIN LAUREL CRES,04-At/near private drive,02-Thru lane,01-Clear,01-Daylight,MIDBLOCK,Monday,June,0,MOUNTAIN LAUREL CRES,2,ROAD,LOCAL,10.0,20.0,PAVED,TwoWay,PAVED,6,50,NO ACCESS,N,2006.0,653.406913842711
MOUNTAIN LAUREL CRES,01-Non intersection,02-Thru lane,01-Clear,01-Daylight,MIDBLOCK,Wednesday,October,0,MOUNTAIN LAUREL CRES,2,ROAD,LOCAL,10.0,20.0,PAVED,TwoWay,PAVED,6,50,NO ACCESS,N,2001.0,134.464019552672
MOUNTAIN LAUREL CRES,01-Non intersection,02-Thru lane,01-Clear,01-Daylight,MIDBLOCK,Wednesday,October,0,MOUNTAIN LAUREL CRES,2,ROAD,LOCAL,10.0,20.0,PAVED,TwoWay,PAVED,6,50,NO ACCESS,N,2001.0,243.024004677518
MOUNTAIN LAUREL CRES,01-Non intersection,02-Thru lane,01-Clear,01-Daylight,MIDBLOCK,Wednesday,October,0,MOUNTAIN LAUREL CRES,2,ROAD,LOCAL,10.0,20.0,PAVED,TwoWay,PAVED,6,50,NO ACCESS,N,2001.0,104.590295897087
MOUNTAIN LAUREL CRES,01-Non intersection,02-Thru lane,01-Clear,01-Daylight,MIDBLOCK,Wednesday,October,0,MOUNTAIN LAUREL CRES,2,ROAD,LOCAL,10.0,20.0,PAVED,TwoWay,PAVED,6,50,NO ACCESS,N,2006.0,653.406913842711
MOUNTAIN LAUREL CRES,01-Non intersection,02-Thru lane,01-Clear,"08-Dark, artificial",MIDBLOCK,Thursday,January,0,MOUNTAIN LAUREL CRES,2,ROAD,LOCAL,10.0,20.0,PAVED,TwoWay,PAVED,6,50,NO ACCESS,N,2001.0,134.464019552672
MOUNTAIN LAUREL CRES,01-Non intersection,02-Thru lane,01-Clear,"08-Dark, artificial",MIDBLOCK,Thursday,January,0,MOUNTAIN LAUREL CRES,2,ROAD,LOCAL,10.0,20.0,PAVED,TwoWay,PAVED,6,50,NO ACCESS,N,2001.0,243.024004677518
MOUNTAIN LAUREL CRES,01-Non intersection,02-Thru lane,01-Clear,"08-Dark, artificial",MIDBLOCK,Thursday,January,0,MOUNTAIN LAUREL CRES,2,ROAD,LOCAL,10.0,20.0,PAVED,TwoWay,PAVED,6,50,NO ACCESS,N,2001.0,104.590295897087
MOUNTAIN LAUREL CRES,01-Non intersection,02-Thru lane,01-Clear,"08-Dark, artificial",MIDBLOCK,Thursday,January,0,MOUNTAIN LAUREL CRES,2,ROAD,LOCAL,10.0,20.0,PAVED,TwoWay,PAVED,6,50,NO ACCESS,N,2006.0,653.406913842711
MOUNTAIN LAUREL CRES,01-Non intersection,02-Thru lane,01-Clear,01-Daylight,MIDBLOCK,Monday,September,0,MOUNTAIN LAUREL CRES,2,ROAD,LOCAL,10.0,20.0,PAVED,TwoWay,PAVED,6,50,NO ACCESS,N,2001.0,134.464019552672
MOUNTAIN LAUREL CRES,01-Non intersection,02-Thru lane,01-Clear,01-Daylight,MIDBLOCK,Monday,September,0,MOUNTAIN LAUREL CRES,2,ROAD,LOCAL,10.0,20.0,PAVED,TwoWay,PAVED,6,50,NO ACCESS,N,2001.0,243.024004677518
MOUNTAIN LAUREL CRES,01-Non intersection,02-Thru lane,01-Clear,01-Daylight,MIDBLOCK,Monday,September,0,MOUNTAIN LAUREL CRES,2,ROAD,LOCAL,10.0,20.0,PAVED,TwoWay,PAVED,6,50,NO ACCESS,N,2001.0,104.590295897087
MOUNTAIN LAUREL CRES,01-Non intersection,02-Thru lane,01-Clear,01-Daylight,MIDBLOCK,Monday,September,0,MOUNTAIN LAUREL CRES,2,ROAD,LOCAL,10.0,20.0,PAVED,TwoWay,PAVED,6,50,NO ACCESS,N,2006.0,653.406913842711
HIDDEN VALLEY RD,01-Non intersection,02-Thru lane,01-Clear,07-Dark,MIDBLOCK,Saturday,February,1,HIDDEN VALLEY RD,2,ROAD,LOCAL,8.0,23.0,PAVED,TwoWay,PAVED,6,50,NO ACCESS,N,1880.0,2270.03716482746
HIDDEN VALLEY RD,01-Non intersection,02-Thru lane,01-Clear,07-Dark,MIDBLOCK,Saturday,February,1,HIDDEN VALLEY RD,2,ROAD,LOCAL,9.0,16.0,PAVED,TwoWay,PAVED,6,50,NO ACCESS,N,2003.0,110.926227323557
HIDDEN VALLEY RD,01-Non intersection,02-Thru lane,01-Clear,07-Dark,MIDBLOCK,Saturday,February,1,HIDDEN VALLEY RD,2,ROAD,LOCAL,9.0,16.0,PAVED,TwoWay,PAVED,6,50,NO ACCESS,N,1860.0,260.282561901949
HIDDEN VALLEY RD,01-Non intersection,02-Thru lane,01-Clear,07-Dark,MIDBLOCK,Saturday,February,1,HIDDEN VALLEY RD,2,ROAD,LOCAL,9.0,16.0,PAVED,TwoWay,PAVED,6,50,NO ACCESS,N,2003.0,124.159836167349
HIDDEN VALLEY RD,01-Non intersection,02-Thru lane,01-Clear,07-Dark,MIDBLOCK,Saturday,February,1,HIDDEN VALLEY RD,2,ROAD,LOCAL,9.0,18.0,PAVED,TwoWay,PAVED,6,50,NO ACCESS,N,2002.0,117.600178993894
HIDDEN VALLEY RD,01-Non intersection,02-Thru lane,01-Clear,07-Dark,MIDBLOCK,Saturday,February,1,HIDDEN VALLEY RD,2,ROAD,LOCAL,9.0,18.0,PAVED,TwoWay,PAVED,6,50,NO ACCESS,N,2002.0,145.899182019923
HIDDEN VALLEY RD,01-Non intersection,02-Thru lane,01-Clear,07-Dark,MIDBLOCK,Saturday,February,1,HIDDEN VALLEY RD,2,ROAD,LOCAL,9.0,16.0,PAVED,TwoWay,PAVED,6,50,NO ACCESS,N,1860.0,173.533294387269
HIDDEN VALLEY RD,01-Non intersection,02-Thru lane,01-Clear,07-Dark,MIDBLOCK,Saturday,February,1,HIDDEN VALLEY RD,2,ROAD,LOCAL,9.0,16.0,PAVED,TwoWay,PAVED,6,50,NO ACCESS,N,2003.0,47.92795930863321
HIDDEN VALLEY RD,01-Non intersection,02-Thru lane,01-Clear,07-Dark,MIDBLOCK,Saturday,February,1,HIDDEN VALLEY RD,2,ROAD,LOCAL,9.0,18.0,PAVED,TwoWay,PAVED,6,50,NO ACCESS,N,2002.0,220.915825533864
HIDDEN VALLEY RD,04-At/near private drive,11-Not on roadway - right side,04-Freezing Rain,07-Dark,MIDBLOCK,Tuesday,January,0,HIDDEN VALLEY RD,2,ROAD,LOCAL,8.0,23.0,PAVED,TwoWay,PAVED,6,50,NO ACCESS,N,1880.0,2270.03716482746
HIDDEN VALLEY RD,04-At/near private drive,11-Not on roadway - right side,04-Freezing Rain,07-Dark,MIDBLOCK,Tuesday,January,0,HIDDEN VALLEY RD,2,ROAD,LOCAL,9.0,16.0,PAVED,TwoWay,PAVED,6,50,NO ACCESS,N,2003.0,110.926227323557
HIDDEN VALLEY RD,04-At/near private drive,11-Not on roadway - right side,04-Freezing Rain,07-Dark,MIDBLOCK,Tuesday,January,0,HIDDEN VALLEY RD,2,ROAD,LOCAL,9.0,16.0,PAVED,TwoWay,PAVED,6,50,NO ACCESS,N,1860.0,260.282561901949
HIDDEN VALLEY RD,04-At/near private drive,11-Not on roadway - right side,04-Freezing Rain,07-Dark,MIDBLOCK,Tuesday,January,0,HIDDEN VALLEY RD,2,ROAD,LOCAL,9.0,16.0,PAVED,TwoWay,PAVED,6,50,NO ACCESS,N,2003.0,124.159836167349
HIDDEN VALLEY RD,04-At/near private drive,11-Not on roadway - right side,04-Freezing Rain,07-Dark,MIDBLOCK,Tuesday,January,0,HIDDEN VALLEY RD,2,ROAD,LOCAL,9.0,18.0,PAVED,TwoWay,PAVED,6,50,NO ACCESS,N,2002.0,117.600178993894
HIDDEN VALLEY RD,04-At/near private drive,11-Not on roadway - right side,04-Freezing Rain,07-Dark,MIDBLOCK,Tuesday,January,0,HIDDEN VALLEY RD,2,ROAD,LOCAL,9.0,18.0,PAVED,TwoWay,PAVED,6,50,NO ACCESS,N,2002.0,145.899182019923
HIDDEN VALLEY RD,04-At/near private drive,11-Not on roadway - right side,04-Freezing Rain,07-Dark,MIDBLOCK,Tuesday,January,0,HIDDEN VALLEY RD,2,ROAD,LOCAL,9.0,16.0,PAVED,TwoWay,PAVED,6,50,NO ACCESS,N,1860.0,173.533294387269
HIDDEN VALLEY RD,04-At/near private drive,11-Not on roadway - right side,04-Freezing Rain,07-Dark,MIDBLOCK,Tuesday,January,0,HIDDEN VALLEY RD,2,ROAD,LOCAL,9.0,16.0,PAVED,TwoWay,PAVED,6,50,NO ACCESS,N,2003.0,47.92795930863321
HIDDEN VALLEY RD,04-At/near private drive,11-Not on roadway - right side,04-Freezing Rain,07-Dark,MIDBLOCK,Tuesday,January,0,HIDDEN VALLEY RD,2,ROAD,LOCAL,9.0,18.0,PAVED,TwoWay,PAVED,6,50,NO ACCESS,N,2002.0,220.915825533864
HIDDEN VALLEY RD,01-Non intersection,11-Not on roadway - right side,03-Snow,07-Dark,MIDBLOCK,Friday,January,0,HIDDEN VALLEY RD,2,ROAD,LOCAL,8.0,23.0,PAVED,TwoWay,PAVED,6,50,NO ACCESS,N,1880.0,2270.03716482746
HIDDEN VALLEY RD,01-Non intersection,11-Not on roadway - right side,03-Snow,07-Dark,MIDBLOCK,Friday,January,0,HIDDEN VALLEY RD,2,ROAD,LOCAL,9.0,16.0,PAVED,TwoWay,PAVED,6,50,NO ACCESS,N,2003.0,110.926227323557
HIDDEN VALLEY RD,01-Non intersection,11-Not on roadway - right side,03-Snow,07-Dark,MIDBLOCK,Friday,January,0,HIDDEN VALLEY RD,2,ROAD,LOCAL,9.0,16.0,PAVED,TwoWay,PAVED,6,50,NO ACCESS,N,1860.0,260.282561901949
HIDDEN VALLEY RD,01-Non intersection,11-Not on roadway - right side,03-Snow,07-Dark,MIDBLOCK,Friday,January,0,HIDDEN VALLEY RD,2,ROAD,LOCAL,9.0,16.0,PAVED,TwoWay,PAVED,6,50,NO ACCESS,N,2003.0,124.159836167349
HIDDEN VALLEY RD,01-Non intersection,11-Not on roadway - right side,03-Snow,07-Dark,MIDBLOCK,Friday,January,0,HIDDEN VALLEY RD,2,ROAD,LOCAL,9.0,18.0,PAVED,TwoWay,PAVED,6,50,NO ACCESS,N,2002.0,117.600178993894
HIDDEN VALLEY RD,01-Non intersection,11-Not on roadway - right side,03-Snow,07-Dark,MIDBLOCK,Friday,January,0,HIDDEN VALLEY RD,2,ROAD,LOCAL,9.0,18.0,PAVED,TwoWay,PAVED,6,50,NO ACCESS,N,2002.0,145.899182019923
HIDDEN VALLEY RD,01-Non intersection,11-Not on roadway - right side,03-Snow,07-Dark,MIDBLOCK,Friday,January,0,HIDDEN VALLEY RD,2,ROAD,LOCAL,9.0,16.0,PAVED,TwoWay,PAVED,6,50,NO ACCESS,N,1860.0,173.533294387269
HIDDEN VALLEY RD,01-Non intersection,11-Not on roadway - right side,03-Snow,07-Dark,MIDBLOCK,Friday,January,0,HIDDEN VALLEY RD,2,ROAD,LOCAL,9.0,16.0,PAVED,TwoWay,PAVED,6,50,NO ACCESS,N,2003.0,47.92795930863321
HIDDEN VALLEY RD,01-Non intersection,11-Not on roadway - right side,03-Snow,07-Dark,MIDBLOCK,Friday,January,0,HIDDEN VALLEY RD,2,ROAD,LOCAL,9.0,18.0,PAVED,TwoWay,PAVED,6,50,NO ACCESS,N,2002.0,220.915825533864
HIDDEN VALLEY RD,01-Non intersection,02-Thru lane,03-Snow,07-Dark,MIDBLOCK,Thursday,February,0,HIDDEN VALLEY RD,2,ROAD,LOCAL,8.0,23.0,PAVED,TwoWay,PAVED,6,50,NO ACCESS,N,1880.0,2270.03716482746
HIDDEN VALLEY RD,01-Non intersection,02-Thru lane,03-Snow,07-Dark,MIDBLOCK,Thursday,February,0,HIDDEN VALLEY RD,2,ROAD,LOCAL,9.0,16.0,PAVED,TwoWay,PAVED,6,50,NO ACCESS,N,2003.0,110.926227323557
HIDDEN VALLEY RD,01-Non intersection,02-Thru lane,03-Snow,07-Dark,MIDBLOCK,Thursday,February,0,HIDDEN VALLEY RD,2,ROAD,LOCAL,9.0,16.0,PAVED,TwoWay,PAVED,6,50,NO ACCESS,N,1860.0,260.282561901949
HIDDEN VALLEY RD,01-Non intersection,02-Thru lane,03-Snow,07-Dark,MIDBLOCK,Thursday,February,0,HIDDEN VALLEY RD,2,ROAD,LOCAL,9.0,16.0,PAVED,TwoWay,PAVED,6,50,NO ACCESS,N,2003.0,124.159836167349
HIDDEN VALLEY RD,01-Non intersection,02-Thru lane,03-Snow,07-Dark,MIDBLOCK,Thursday,February,0,HIDDEN VALLEY RD,2,ROAD,LOCAL,9.0,18.0,PAVED,TwoWay,PAVED,6,50,NO ACCESS,N,2002.0,117.600178993894
HIDDEN VALLEY RD,01-Non intersection,02-Thru lane,03-Snow,07-Dark,MIDBLOCK,Thursday,February,0,HIDDEN VALLEY RD,2,ROAD,LOCAL,9.0,18.0,PAVED,TwoWay,PAVED,6,50,NO ACCESS,N,2002.0,145.899182019923
HIDDEN VALLEY RD,01-Non intersection,02-Thru lane,03-Snow,07-Dark,MIDBLOCK,Thursday,February,0,HIDDEN VALLEY RD,2,ROAD,LOCAL,9.0,16.0,PAVED,TwoWay,PAVED,6,50,NO ACCESS,N,1860.0,173.533294387269
HIDDEN VALLEY RD,01-Non intersection,02-Thru lane,03-Snow,07-Dark,MIDBLOCK,Thursday,February,0,HIDDEN VALLEY RD,2,ROAD,LOCAL,9.0,16.0,PAVED,TwoWay,PAVED,6,50,NO ACCESS,N,2003.0,47.92795930863321
HIDDEN VALLEY RD,01-Non intersection,02-Thru lane,03-Snow,07-Dark,MIDBLOCK,Thursday,February,0,HIDDEN VALLEY RD,2,ROAD,LOCAL,9.0,18.0,PAVED,TwoWay,PAVED,6,50,NO ACCESS,N,2002.0,220.915825533864
HIDDEN VALLEY RD,04-At/near private drive,02-Thru lane,02-Rain,"06-Dusk, artificial",MIDBLOCK,Saturday,October,1,HIDDEN VALLEY RD,2,ROAD,LOCAL,8.0,23.0,PAVED,TwoWay,PAVED,6,50,NO ACCESS,N,1880.0,2270.03716482746
HIDDEN VALLEY RD,04-At/near private drive,02-Thru lane,02-Rain,"06-Dusk, artificial",MIDBLOCK,Saturday,October,1,HIDDEN VALLEY RD,2,ROAD,LOCAL,9.0,16.0,PAVED,TwoWay,PAVED,6,50,NO ACCESS,N,2003.0,110.926227323557
HIDDEN VALLEY RD,04-At/near private drive,02-Thru lane,02-Rain,"06-Dusk, artificial",MIDBLOCK,Saturday,October,1,HIDDEN VALLEY RD,2,ROAD,LOCAL,9.0,16.0,PAVED,TwoWay,PAVED,6,50,NO ACCESS,N,1860.0,260.282561901949
HIDDEN VALLEY RD,04-At/near private drive,02-Thru lane,02-Rain,"06-Dusk, artificial",MIDBLOCK,Saturday,October,1,HIDDEN VALLEY RD,2,ROAD,LOCAL,9.0,16.0,PAVED,TwoWay,PAVED,6,50,NO ACCESS,N,2003.0,124.159836167349
HIDDEN VALLEY RD,04-At/near private drive,02-Thru lane,02-Rain,"06-Dusk, artificial",MIDBLOCK,Saturday,October,1,HIDDEN VALLEY RD,2,ROAD,LOCAL,9.0,18.0,PAVED,TwoWay,PAVED,6,50,NO ACCESS,N,2002.0,117.600178993894
HIDDEN VALLEY RD,04-At/near private drive,02-Thru lane,02-Rain,"06-Dusk, artificial",MIDBLOCK,Saturday,October,1,HIDDEN VALLEY RD,2,ROAD,LOCAL,9.0,18.0,PAVED,TwoWay,PAVED,6,50,NO ACCESS,N,2002.0,145.899182019923
HIDDEN VALLEY RD,04-At/near private drive,02-Thru lane,02-Rain,"06-Dusk, artificial",MIDBLOCK,Saturday,October,1,HIDDEN VALLEY RD,2,ROAD,LOCAL,9.0,16.0,PAVED,TwoWay,PAVED,6,50,NO ACCESS,N,1860.0,173.533294387269
HIDDEN VALLEY RD,04-At/near private drive,02-Thru lane,02-Rain,"06-Dusk, artificial",MIDBLOCK,Saturday,October,1,HIDDEN VALLEY RD,2,ROAD,LOCAL,9.0,16.0,PAVED,TwoWay,PAVED,6,50,NO ACCESS,N,2003.0,47.92795930863321
HIDDEN VALLEY RD,04-At/near private drive,02-Thru lane,02-Rain,"06-Dusk, artificial",MIDBLOCK,Saturday,October,1,HIDDEN VALLEY RD,2,ROAD,LOCAL,9.0,18.0,PAVED,TwoWay,PAVED,6,50,NO ACCESS,N,2002.0,220.915825533864
HIDDEN VALLEY RD,04-At/near private drive,12-Off highway,01-Clear,07-Dark,MIDBLOCK,Wednesday,March,0,HIDDEN VALLEY RD,2,ROAD,LOCAL,8.0,23.0,PAVED,TwoWay,PAVED,6,50,NO ACCESS,N,1880.0,2270.03716482746
HIDDEN VALLEY RD,04-At/near private drive,12-Off highway,01-Clear,07-Dark,MIDBLOCK,Wednesday,March,0,HIDDEN VALLEY RD,2,ROAD,LOCAL,9.0,16.0,PAVED,TwoWay,PAVED,6,50,NO ACCESS,N,2003.0,110.926227323557
HIDDEN VALLEY RD,04-At/near private drive,12-Off highway,01-Clear,07-Dark,MIDBLOCK,Wednesday,March,0,HIDDEN VALLEY RD,2,ROAD,LOCAL,9.0,16.0,PAVED,TwoWay,PAVED,6,50,NO ACCESS,N,1860.0,260.282561901949
HIDDEN VALLEY RD,04-At/near private drive,12-Off highway,01-Clear,07-Dark,MIDBLOCK,Wednesday,March,0,HIDDEN VALLEY RD,2,ROAD,LOCAL,9.0,16.0,PAVED,TwoWay,PAVED,6,50,NO ACCESS,N,2003.0,124.159836167349
HIDDEN VALLEY RD,04-At/near private drive,12-Off highway,01-Clear,07-Dark,MIDBLOCK,Wednesday,March,0,HIDDEN VALLEY RD,2,ROAD,LOCAL,9.0,18.0,PAVED,TwoWay,PAVED,6,50,NO ACCESS,N,2002.0,117.600178993894
HIDDEN VALLEY RD,04-At/near private drive,12-Off highway,01-Clear,07-Dark,MIDBLOCK,Wednesday,March,0,HIDDEN VALLEY RD,2,ROAD,LOCAL,9.0,18.0,PAVED,TwoWay,PAVED,6,50,NO ACCESS,N,2002.0,145.899182019923
HIDDEN VALLEY RD,04-At/near private drive,12-Off highway,01-Clear,07-Dark,MIDBLOCK,Wednesday,March,0,HIDDEN VALLEY RD,2,ROAD,LOCAL,9.0,16.0,PAVED,TwoWay,PAVED,6,50,NO ACCESS,N,1860.0,173.533294387269
HIDDEN VALLEY RD,04-At/near private drive,12-Off highway,01-Clear,07-Dark,MIDBLOCK,Wednesday,March,0,HIDDEN VALLEY RD,2,ROAD,LOCAL,9.0,16.0,PAVED,TwoWay,PAVED,6,50,NO ACCESS,N,2003.0,47.92795930863321
HIDDEN VALLEY RD,04-At/near private drive,12-Off highway,01-Clear,07-Dark,MIDBLOCK,Wednesday,March,0,HIDDEN VALLEY RD,2,ROAD,LOCAL,9.0,18.0,PAVED,TwoWay,PAVED,6,50,NO ACCESS,N,2002.0,220.915825533864
HIDDEN VALLEY RD,01-Non intersection,02-Thru lane,01-Clear,"08-Dark, artificial",MIDBLOCK,Sunday,June,1,HIDDEN VALLEY RD,2,ROAD,LOCAL,8.0,23.0,PAVED,TwoWay,PAVED,6,50,NO ACCESS,N,1880.0,2270.03716482746
HIDDEN VALLEY RD,01-Non intersection,02-Thru lane,01-Clear,"08-Dark, artificial",MIDBLOCK,Sunday,June,1,HIDDEN VALLEY RD,2,ROAD,LOCAL,9.0,16.0,PAVED,TwoWay,PAVED,6,50,NO ACCESS,N,2003.0,110.926227323557
HIDDEN VALLEY RD,01-Non intersection,02-Thru lane,01-Clear,"08-Dark, artificial",MIDBLOCK,Sunday,June,1,HIDDEN VALLEY RD,2,ROAD,LOCAL,9.0,16.0,PAVED,TwoWay,PAVED,6,50,NO ACCESS,N,1860.0,260.282561901949
HIDDEN VALLEY RD,01-Non intersection,02-Thru lane,01-Clear,"08-Dark, artificial",MIDBLOCK,Sunday,June,1,HIDDEN VALLEY RD,2,ROAD,LOCAL,9.0,16.0,PAVED,TwoWay,PAVED,6,50,NO ACCESS,N,2003.0,124.159836167349
HIDDEN VALLEY RD,01-Non intersection,02-Thru lane,01-Clear,"08-Dark, artificial",MIDBLOCK,Sunday,June,1,HIDDEN VALLEY RD,2,ROAD,LOCAL,9.0,18.0,PAVED,TwoWay,PAVED,6,50,NO ACCESS,N,2002.0,117.600178993894
HIDDEN VALLEY RD,01-Non intersection,02-Thru lane,01-Clear,"08-Dark, artificial",MIDBLOCK,Sunday,June,1,HIDDEN VALLEY RD,2,ROAD,LOCAL,9.0,18.0,PAVED,TwoWay,PAVED,6,50,NO ACCESS,N,2002.0,145.899182019923
HIDDEN VALLEY RD,01-Non intersection,02-Thru lane,01-Clear,"08-Dark, artificial",MIDBLOCK,Sunday,June,1,HIDDEN VALLEY RD,2,ROAD,LOCAL,9.0,16.0,PAVED,TwoWay,PAVED,6,50,NO ACCESS,N,1860.0,173.533294387269
HIDDEN VALLEY RD,01-Non intersection,02-Thru lane,01-Clear,"08-Dark, artificial",MIDBLOCK,Sunday,June,1,HIDDEN VALLEY RD,2,ROAD,LOCAL,9.0,16.0,PAVED,TwoWay,PAVED,6,50,NO ACCESS,N,2003.0,47.92795930863321
HIDDEN VALLEY RD,01-Non intersection,02-Thru lane,01-Clear,"08-Dark, artificial",MIDBLOCK,Sunday,June,1,HIDDEN VALLEY RD,2,ROAD,LOCAL,9.0,18.0,PAVED,TwoWay,PAVED,6,50,NO ACCESS,N,2002.0,220.915825533864
HIDDEN VALLEY RD,01-Non intersection,02-Thru lane,01-Clear,"08-Dark, artificial",MIDBLOCK,Friday,January,0,HIDDEN VALLEY RD,2,ROAD,LOCAL,8.0,23.0,PAVED,TwoWay,PAVED,6,50,NO ACCESS,N,1880.0,2270.03716482746
HIDDEN VALLEY RD,01-Non intersection,02-Thru lane,01-Clear,"08-Dark, artificial",MIDBLOCK,Friday,January,0,HIDDEN VALLEY RD,2,ROAD,LOCAL,9.0,16.0,PAVED,TwoWay,PAVED,6,50,NO ACCESS,N,2003.0,110.926227323557
HIDDEN VALLEY RD,01-Non intersection,02-Thru lane,01-Clear,"08-Dark, artificial",MIDBLOCK,Friday,January,0,HIDDEN VALLEY RD,2,ROAD,LOCAL,9.0,16.0,PAVED,TwoWay,PAVED,6,50,NO ACCESS,N,1860.0,260.282561901949
HIDDEN VALLEY RD,01-Non intersection,02-Thru lane,01-Clear,"08-Dark, artificial",MIDBLOCK,Friday,January,0,HIDDEN VALLEY RD,2,ROAD,LOCAL,9.0,16.0,PAVED,TwoWay,PAVED,6,50,NO ACCESS,N,2003.0,124.159836167349
HIDDEN VALLEY RD,01-Non intersection,02-Thru lane,01-Clear,"08-Dark, artificial",MIDBLOCK,Friday,January,0,HIDDEN VALLEY RD,2,ROAD,LOCAL,9.0,18.0,PAVED,TwoWay,PAVED,6,50,NO ACCESS,N,2002.0,117.600178993894
HIDDEN VALLEY RD,01-Non intersection,02-Thru lane,01-Clear,"08-Dark, artificial",MIDBLOCK,Friday,January,0,HIDDEN VALLEY RD,2,ROAD,LOCAL,9.0,18.0,PAVED,TwoWay,PAVED,6,50,NO ACCESS,N,2002.0,145.899182019923
HIDDEN VALLEY RD,01-Non intersection,02-Thru lane,01-Clear,"08-Dark, artificial",MIDBLOCK,Friday,January,0,HIDDEN VALLEY RD,2,ROAD,LOCAL,9.0,16.0,PAVED,TwoWay,PAVED,6,50,NO ACCESS,N,1860.0,173.533294387269
HIDDEN VALLEY RD,01-Non intersection,02-Thru lane,01-Clear,"08-Dark, artificial",MIDBLOCK,Friday,January,0,HIDDEN VALLEY RD,2,ROAD,LOCAL,9.0,16.0,PAVED,TwoWay,PAVED,6,50,NO ACCESS,N,2003.0,47.92795930863321
HIDDEN VALLEY RD,01-Non intersection,02-Thru lane,01-Clear,"08-Dark, artificial",MIDBLOCK,Friday,January,0,HIDDEN VALLEY RD,2,ROAD,LOCAL,9.0,18.0,PAVED,TwoWay,PAVED,6,50,NO ACCESS,N,2002.0,220.915825533864
HIDDEN VALLEY RD,01-Non intersection,02-Thru lane,01-Clear,07-Dark,MIDBLOCK,Friday,December,0,HIDDEN VALLEY RD,2,ROAD,LOCAL,8.0,23.0,PAVED,TwoWay,PAVED,6,50,NO ACCESS,N,1880.0,2270.03716482746