LOCATION,ACCIDENT_LOCATION,IMPACT_LOCATION,ENVIRONMENT_CONDITION,LIGHT,COLLISION_TYPE,DAY_OF_WEEK,MONTH,IS_WEEKEND,STREET,LANES,CATEGORY,SUBCATEGORY,PAVEMENT_WIDTH,ROW_WIDTH,SHOULDER,FLOW_DIRECTION,SURFACE_LAYER_TYPE,OFFICIAL_ROAD_CLASSIFICATION,SPEED_LIMIT_KM,TRUCK_ACCESS,BUS_ROUTE,SERVICE_YEAR,Shape__Length
HIDDEN VALLEY RD,01-Non intersection,02-Thru lane,01-Clear,07-Dark,MIDBLOCK,Friday,December,0,HIDDEN VALLEY RD,2,ROAD,LOCAL,9.0,16.0,PAVED,TwoWay,PAVED,6,50,NO ACCESS,N,2003.0,110.926227323557
HIDDEN VALLEY RD,01-Non intersection,02-Thru lane,01-Clear,07-Dark,MIDBLOCK,Friday,December,0,HIDDEN VALLEY RD,2,ROAD,LOCAL,9.0,16.0,PAVED,TwoWay,PAVED,6,50,NO ACCESS,N,1860.0,260.282561901949
HIDDEN VALLEY RD,01-Non intersection,02-Thru lane,01-Clear,07-Dark,MIDBLOCK,Friday,December,0,HIDDEN VALLEY RD,2,ROAD,LOCAL,9.0,16.0,PAVED,TwoWay,PAVED,6,50,NO ACCESS,N,2003.0,124.159836167349
HIDDEN VALLEY RD,01-Non intersection,02-Thru lane,01-Clear,07-Dark,MIDBLOCK,Friday,December,0,HIDDEN VALLEY RD,2,ROAD,LOCAL,9.0,18.0,PAVED,TwoWay,PAVED,6,50,NO ACCESS,N,2002.0,117.600178993894
HIDDEN VALLEY RD,01-Non intersection,02-Thru lane,01-Clear,07-Dark,MIDBLOCK,Friday,December,0,HIDDEN VALLEY RD,2,ROAD,LOCAL,9.0,18.0,PAVED,TwoWay,PAVED,6,50,NO ACCESS,N,2002.0,145.899182019923
HIDDEN VALLEY RD,01-Non intersection,02-Thru lane,01-Clear,07-Dark,MIDBLOCK,Friday,December,0,HIDDEN VALLEY RD,2,ROAD,LOCAL,9.0,16.0,PAVED,TwoWay,PAVED,6,50,NO ACCESS,N,1860.0,173.533294387269
HIDDEN VALLEY RD,01-Non intersection,02-Thru lane,01-Clear,07-Dark,MIDBLOCK,Friday,December,0,HIDDEN VALLEY RD,2,ROAD,LOCAL,9.0,16.0,PAVED,TwoWay,PAVED,6,50,NO ACCESS,N,2003.0,47.92795930863321
HIDDEN VALLEY RD,01-Non intersection,02-Thru lane,01-Clear,07-Dark,MIDBLOCK,Friday,December,0,HIDDEN VALLEY RD,2,ROAD,LOCAL,9.0,18.0,PAVED,TwoWay,PAVED,6,50,NO ACCESS,N,2002.0,220.915825533864
FALLOWFIELD DR,01-Non intersection,10-Not on roadway - left side,02-Rain,01-Daylight,MIDBLOCK,Friday,February,0,FALLOWFIELD DR,2,ROAD,MINOR,10.0,20.0,PAVED,TwoWay,PAVED,6,50,NO ACCESS,N,2005.0,96.4569273287858
FALLOWFIELD DR,01-Non intersection,10-Not on roadway - left side,02-Rain,01-Daylight,MIDBLOCK,Friday,February,0,FALLOWFIELD DR,2,ROAD,MINOR,10.0,20.0,PAVED,TwoWay,PAVED,6,50,NO ACCESS,N,2005.0,204.859743743494
FALLOWFIELD DR,01-Non intersection,10-Not on roadway - left side,02-Rain,01-Daylight,MIDBLOCK,Friday,February,0,FALLOWFIELD DR,2,ROAD,MINOR,10.0,20.0,PAVED,TwoWay,PAVED,6,50,NO ACCESS,N,2004.0,184.464474139407
FALLOWFIELD DR,01-Non intersection,10-Not on roadway - left side,02-Rain,01-Daylight,MIDBLOCK,Friday,February,0,FALLOWFIELD DR,2,ROAD,MINOR,10.0,20.0,PAVED,TwoWay,PAVED,6,50,NO ACCESS,N,2005.0,441.20703046059003
FALLOWFIELD DR,01-Non intersection,10-Not on roadway - left side,02-Rain,01-Daylight,MIDBLOCK,Friday,February,0,FALLOWFIELD DR,2,ROAD,MINOR,10.0,20.0,PAVED,TwoWay,PAVED,6,50,NO ACCESS,N,2004.0,195.189280684371
FALLOWFIELD DR,01-Non intersection,10-Not on roadway - left side,02-Rain,01-Daylight,MIDBLOCK,Friday,February,0,FALLOWFIELD DR,2,ROAD,MINOR,10.0,20.0,PAVED,TwoWay,PAVED,6,50,NO ACCESS,N,2004.0,221.3004904208369
FALLOWFIELD DR,04-At/near private drive,02-Thru lane,03-Snow,01-Daylight,MIDBLOCK,Wednesday,March,0,FALLOWFIELD DR,2,ROAD,MINOR,10.0,20.0,PAVED,TwoWay,PAVED,6,50,NO ACCESS,N,2005.0,96.4569273287858
FALLOWFIELD DR,04-At/near private drive,02-Thru lane,03-Snow,01-Daylight,MIDBLOCK,Wednesday,March,0,FALLOWFIELD DR,2,ROAD,MINOR,10.0,20.0,PAVED,TwoWay,PAVED,6,50,NO ACCESS,N,2005.0,204.859743743494
FALLOWFIELD DR,04-At/near private drive,02-Thru lane,03-Snow,01-Daylight,MIDBLOCK,Wednesday,March,0,FALLOWFIELD DR,2,ROAD,MINOR,10.0,20.0,PAVED,TwoWay,PAVED,6,50,NO ACCESS,N,2004.0,184.464474139407
FALLOWFIELD DR,04-At/near private drive,02-Thru lane,03-Snow,01-Daylight,MIDBLOCK,Wednesday,March,0,FALLOWFIELD DR,2,ROAD,MINOR,10.0,20.0,PAVED,TwoWay,PAVED,6,50,NO ACCESS,N,2005.0,441.20703046059003
FALLOWFIELD DR,04-At/near private drive,02-Thru lane,03-Snow,01-Daylight,MIDBLOCK,Wednesday,March,0,FALLOWFIELD DR,2,ROAD,MINOR,10.0,20.0,PAVED,TwoWay,PAVED,6,50,NO ACCESS,N,2004.0,195.189280684371
FALLOWFIELD DR,04-At/near private drive,02-Thru lane,03-Snow,01-Daylight,MIDBLOCK,Wednesday,March,0,FALLOWFIELD DR,2,ROAD,MINOR,10.0,20.0,PAVED,TwoWay,PAVED,6,50,NO ACCESS,N,2004.0,221.3004904208369
FALLOWFIELD DR,01-Non intersection,02-Thru lane,03-Snow,"08-Dark, artificial",MIDBLOCK,Wednesday,November,0,FALLOWFIELD DR,2,ROAD,MINOR,10.0,20.0,PAVED,TwoWay,PAVED,6,50,NO ACCESS,N,2005.0,96.4569273287858
FALLOWFIELD DR,01-Non intersection,02-Thru lane,03-Snow,"08-Dark, artificial",MIDBLOCK,Wednesday,November,0,FALLOWFIELD DR,2,ROAD,MINOR,10.0,20.0,PAVED,TwoWay,PAVED,6,50,NO ACCESS,N,2005.0,204.859743743494
FALLOWFIELD DR,01-Non intersection,02-Thru lane,03-Snow,"08-Dark, artificial",MIDBLOCK,Wednesday,November,0,FALLOWFIELD DR,2,ROAD,MINOR,10.0,20.0,PAVED,TwoWay,PAVED,6,50,NO ACCESS,N,2004.0,184.464474139407
FALLOWFIELD DR,01-Non intersection,02-Thru lane,03-Snow,"08-Dark, artificial",MIDBLOCK,Wednesday,November,0,FALLOWFIELD DR,2,ROAD,MINOR,10.0,20.0,PAVED,TwoWay,PAVED,6,50,NO ACCESS,N,2005.0,441.20703046059003
FALLOWFIELD DR,01-Non intersection,02-Thru lane,03-Snow,"08-Dark, artificial",MIDBLOCK,Wednesday,November,0,FALLOWFIELD DR,2,ROAD,MINOR,10.0,20.0,PAVED,TwoWay,PAVED,6,50,NO ACCESS,N,2004.0,195.189280684371
FALLOWFIELD DR,01-Non intersection,02-Thru lane,03-Snow,"08-Dark, artificial",MIDBLOCK,Wednesday,November,0,FALLOWFIELD DR,2,ROAD,MINOR,10.0,20.0,PAVED,TwoWay,PAVED,6,50,NO ACCESS,N,2004.0,221.3004904208369
FALLOWFIELD DR,01-Non intersection,02-Thru lane,01-Clear,01-Daylight,MIDBLOCK,Friday,February,0,FALLOWFIELD DR,2,ROAD,MINOR,10.0,20.0,PAVED,TwoWay,PAVED,6,50,NO ACCESS,N,2005.0,96.4569273287858
FALLOWFIELD DR,01-Non intersection,02-Thru lane,01-Clear,01-Daylight,MIDBLOCK,Friday,February,0,FALLOWFIELD DR,2,ROAD,MINOR,10.0,20.0,PAVED,TwoWay,PAVED,6,50,NO ACCESS,N,2005.0,204.859743743494
FALLOWFIELD DR,01-Non intersection,02-Thru lane,01-Clear,01-Daylight,MIDBLOCK,Friday,February,0,FALLOWFIELD DR,2,ROAD,MINOR,10.0,20.0,PAVED,TwoWay,PAVED,6,50,NO ACCESS,N,2004.0,184.464474139407
FALLOWFIELD DR,01-Non intersection,02-Thru lane,01-Clear,01-Daylight,MIDBLOCK,Friday,February,0,FALLOWFIELD DR,2,ROAD,MINOR,10.0,20.0,PAVED,TwoWay,PAVED,6,50,NO ACCESS,N,2005.0,441.20703046059003
FALLOWFIELD DR,01-Non intersection,02-Thru lane,01-Clear,01-Daylight,MIDBLOCK,Friday,February,0,FALLOWFIELD DR,2,ROAD,MINOR,10.0,20.0,PAVED,TwoWay,PAVED,6,50,NO ACCESS,N,2004.0,195.189280684371
FALLOWFIELD DR,01-Non intersection,02-Thru lane,01-Clear,01-Daylight,MIDBLOCK,Friday,February,0,FALLOWFIELD DR,2,ROAD,MINOR,10.0,20.0,PAVED,TwoWay,PAVED,6,50,NO ACCESS,N,2004.0,221.3004904208369
FALLOWFIELD DR,01-Non intersection,02-Thru lane,01-Clear,01-Daylight,MIDBLOCK,Monday,October,0,FALLOWFIELD DR,2,ROAD,MINOR,10.0,20.0,PAVED,TwoWay,PAVED,6,50,NO ACCESS,N,2005.0,96.4569273287858
FALLOWFIELD DR,01-Non intersection,02-Thru lane,01-Clear,01-Daylight,MIDBLOCK,Monday,October,0,FALLOWFIELD DR,2,ROAD,MINOR,10.0,20.0,PAVED,TwoWay,PAVED,6,50,NO ACCESS,N,2005.0,204.859743743494
FALLOWFIELD DR,01-Non intersection,02-Thru lane,01-Clear,01-Daylight,MIDBLOCK,Monday,October,0,FALLOWFIELD DR,2,ROAD,MINOR,10.0,20.0,PAVED,TwoWay,PAVED,6,50,NO ACCESS,N,2004.0,184.464474139407
FALLOWFIELD DR,01-Non intersection,02-Thru lane,01-Clear,01-Daylight,MIDBLOCK,Monday,October,0,FALLOWFIELD DR,2,ROAD,MINOR,10.0,20.0,PAVED,TwoWay,PAVED,6,50,NO ACCESS,N,2005.0,441.20703046059003
FALLOWFIELD DR,01-Non intersection,02-Thru lane,01-Clear,01-Daylight,MIDBLOCK,Monday,October,0,FALLOWFIELD DR,2,ROAD,MINOR,10.0,20.0,PAVED,TwoWay,PAVED,6,50,NO ACCESS,N,2004.0,195.189280684371
FALLOWFIELD DR,01-Non intersection,02-Thru lane,01-Clear,01-Daylight,MIDBLOCK,Monday,October,0,FALLOWFIELD DR,2,ROAD,MINOR,10.0,20.0,PAVED,TwoWay,PAVED,6,50,NO ACCESS,N,2004.0,221.3004904208369
FALLOWFIELD DR,01-Non intersection,02-Thru lane,01-Clear,"08-Dark, artificial",MIDBLOCK,Thursday,July,0,FALLOWFIELD DR,2,ROAD,MINOR,10.0,20.0,PAVED,TwoWay,PAVED,6,50,NO ACCESS,N,2005.0,96.4569273287858
FALLOWFIELD DR,01-Non intersection,02-Thru lane,01-Clear,"08-Dark, artificial",MIDBLOCK,Thursday,July,0,FALLOWFIELD DR,2,ROAD,MINOR,10.0,20.0,PAVED,TwoWay,PAVED,6,50,NO ACCESS,N,2005.0,204.859743743494
FALLOWFIELD DR,01-Non intersection,02-Thru lane,01-Clear,"08-Dark, artificial",MIDBLOCK,Thursday,July,0,FALLOWFIELD DR,2,ROAD,MINOR,10.0,20.0,PAVED,TwoWay,PAVED,6,50,NO ACCESS,N,2004.0,184.464474139407
FALLOWFIELD DR,01-Non intersection,02-Thru lane,01-Clear,"08-Dark, artificial",MIDBLOCK,Thursday,July,0,FALLOWFIELD DR,2,ROAD,MINOR,10.0,20.0,PAVED,TwoWay,PAVED,6,50,NO ACCESS,N,2005.0,441.20703046059003
FALLOWFIELD DR,01-Non intersection,02-Thru lane,01-Clear,"08-Dark, artificial",MIDBLOCK,Thursday,July,0,FALLOWFIELD DR,2,ROAD,MINOR,10.0,20.0,PAVED,TwoWay,PAVED,6,50,NO ACCESS,N,2004.0,195.189280684371
FALLOWFIELD DR,01-Non intersection,02-Thru lane,01-Clear,"08-Dark, artificial",MIDBLOCK,Thursday,July,0,FALLOWFIELD DR,2,ROAD,MINOR,10.0,20.0,PAVED,TwoWay,PAVED,6,50,NO ACCESS,N,2004.0,221.3004904208369
FALLOWFIELD DR,01-Non intersection,02-Thru lane,03-Snow,01-Daylight,MIDBLOCK,Saturday,February,1,FALLOWFIELD DR,2,ROAD,MINOR,10.0,20.0,PAVED,TwoWay,PAVED,6,50,NO ACCESS,N,2005.0,96.4569273287858
FALLOWFIELD DR,01-Non intersection,02-Thru lane,03-Snow,01-Daylight,MIDBLOCK,Saturday,February,1,FALLOWFIELD DR,2,ROAD,MINOR,10.0,20.0,PAVED,TwoWay,PAVED,6,50,NO ACCESS,N,2005.0,204.859743743494
FALLOWFIELD DR,01-Non intersection,02-Thru lane,03-Snow,01-Daylight,MIDBLOCK,Saturday,February,1,FALLOWFIELD DR,2,ROAD,MINOR,10.0,20.0,PAVED,TwoWay,PAVED,6,50,NO ACCESS,N,2004.0,184.464474139407
FALLOWFIELD DR,01-Non intersection,02-Thru lane,03-Snow,01-Daylight,MIDBLOCK,Saturday,February,1,FALLOWFIELD DR,2,ROAD,MINOR,10.0,20.0,PAVED,TwoWay,PAVED,6,50,NO ACCESS,N,2005.0,441.20703046059003
FALLOWFIELD DR,01-Non intersection,02-Thru lane,03-Snow,01-Daylight,MIDBLOCK,Saturday,February,1,FALLOWFIELD DR,2,ROAD,MINOR,10.0,20.0,PAVED,TwoWay,PAVED,6,50,NO ACCESS,N,2004.0,195.189280684371
FALLOWFIELD DR,01-Non intersection,02-Thru lane,03-Snow,01-Daylight,MIDBLOCK,Saturday,February,1,FALLOWFIELD DR,2,ROAD,MINOR,10.0,20.0,PAVED,TwoWay,PAVED,6,50,NO ACCESS,N,2004.0,221.3004904208369
FALLOWFIELD DR,01-Non intersection,02-Thru lane,01-Clear,01-Daylight,MIDBLOCK,Friday,June,0,FALLOWFIELD DR,2,ROAD,MINOR,10.0,20.0,PAVED,TwoWay,PAVED,6,50,NO ACCESS,N,2005.0,96.4569273287858
FALLOWFIELD DR,01-Non intersection,02-Thru lane,01-Clear,01-Daylight,MIDBLOCK,Friday,June,0,FALLOWFIELD DR,2,ROAD,MINOR,10.0,20.0,PAVED,TwoWay,PAVED,6,50,NO ACCESS,N,2005.0,204.859743743494
FALLOWFIELD DR,01-Non intersection,02-Thru lane,01-Clear,01-Daylight,MIDBLOCK,Friday,June,0,FALLOWFIELD DR,2,ROAD,MINOR,10.0,20.0,PAVED,TwoWay,PAVED,6,50,NO ACCESS,N,2004.0,184.464474139407
FALLOWFIELD DR,01-Non intersection,02-Thru lane,01-Clear,01-Daylight,MIDBLOCK,Friday,June,0,FALLOWFIELD DR,2,ROAD,MINOR,10.0,20.0,PAVED,TwoWay,PAVED,6,50,NO ACCESS,N,2005.0,441.20703046059003
FALLOWFIELD DR,01-Non intersection,02-Thru lane,01-Clear,01-Daylight,MIDBLOCK,Friday,June,0,FALLOWFIELD DR,2,ROAD,MINOR,10.0,20.0,PAVED,TwoWay,PAVED,6,50,NO ACCESS,N,2004.0,195.189280684371
FALLOWFIELD DR,01-Non intersection,02-Thru lane,01-Clear,01-Daylight,MIDBLOCK,Friday,June,0,FALLOWFIELD DR,2,ROAD,MINOR,10.0,20.0,PAVED,TwoWay,PAVED,6,50,NO ACCESS,N,2004.0,221.3004904208369
FALLOWFIELD DR,04-At/near private drive,02-Thru lane,01-Clear,01-Daylight,MIDBLOCK,Tuesday,September,0,FALLOWFIELD DR,2,ROAD,MINOR,10.0,20.0,PAVED,TwoWay,PAVED,6,50,NO ACCESS,N,2005.0,96.4569273287858
FALLOWFIELD DR,04-At/near private drive,02-Thru lane,01-Clear,01-Daylight,MIDBLOCK,Tuesday,September,0,FALLOWFIELD DR,2,ROAD,MINOR,10.0,20.0,PAVED,TwoWay,PAVED,6,50,NO ACCESS,N,2005.0,204.859743743494
FALLOWFIELD DR,04-At/near private drive,02-Thru lane,01-Clear,01-Daylight,MIDBLOCK,Tuesday,September,0,FALLOWFIELD DR,2,ROAD,MINOR,10.0,20.0,PAVED,TwoWay,PAVED,6,50,NO ACCESS,N,2004.0,184.464474139407
FALLOWFIELD DR,04-At/near private drive,02-Thru lane,01-Clear,01-Daylight,MIDBLOCK,Tuesday,September,0,FALLOWFIELD DR,2,ROAD,MINOR,10.0,20.0,PAVED,TwoWay,PAVED,6,50,NO ACCESS,N,2005.0,441.20703046059003
FALLOWFIELD DR,04-At/near private drive,02-Thru lane,01-Clear,01-Daylight,MIDBLOCK,Tuesday,September,0,FALLOWFIELD DR,2,ROAD,MINOR,10.0,20.0,PAVED,TwoWay,PAVED,6,50,NO ACCESS,N,2004.0,195.189280684371
FALLOWFIELD DR,04-At/near private drive,02-Thru lane,01-Clear,01-Daylight,MIDBLOCK,Tuesday,September,0,FALLOWFIELD DR,2,ROAD,MINOR,10.0,20.0,PAVED,TwoWay,PAVED,6,50,NO ACCESS,N,2004.0,221.3004904208369
FALLOWFIELD DR,04-At/near private drive,02-Thru lane,01-Clear,01-Daylight,MIDBLOCK,Saturday,September,1,FALLOWFIELD DR,2,ROAD,MINOR,10.0,20.0,PAVED,TwoWay,PAVED,6,50,NO ACCESS,N,2005.0,96.4569273287858
FALLOWFIELD DR,04-At/near private drive,02-Thru lane,01-Clear,01-Daylight,MIDBLOCK,Saturday,September,1,FALLOWFIELD DR,2,ROAD,MINOR,10.0,20.0,PAVED,TwoWay,PAVED,6,50,NO ACCESS,N,2005.0,204.859743743494
FALLOWFIELD DR,04-At/near private drive,02-Thru lane,01-Clear,01-Daylight,MIDBLOCK,Saturday,September,1,FALLOWFIELD DR,2,ROAD,MINOR,10.0,20.0,PAVED,TwoWay,PAVED,6,50,NO ACCESS,N,2004.0,184.464474139407
FALLOWFIELD DR,04-At/near private drive,02-Thru lane,01-Clear,01-Daylight,MIDBLOCK,Saturday,September,1,FALLOWFIELD DR,2,ROAD,MINOR,10.0,20.0,PAVED,TwoWay,PAVED,6,50,NO ACCESS,N,2005.0,441.20703046059003
FALLOWFIELD DR,04-At/near private drive,02-Thru lane,01-Clear,01-Daylight,MIDBLOCK,Saturday,September,1,FALLOWFIELD DR,2,ROAD,MINOR,10.0,20.0,PAVED,TwoWay,PAVED,6,50,NO ACCESS,N,2004.0,195.189280684371
FALLOWFIELD DR,04-At/near private drive,02-Thru lane,01-Clear,01-Daylight,MIDBLOCK,Saturday,September,1,FALLOWFIELD DR,2,ROAD,MINOR,10.0,20.0,PAVED,TwoWay,PAVED,6,50,NO ACCESS,N,2004.0,221.3004904208369
CHANDOS DR,04-At/near private drive,10-Not on roadway - left side,01-Clear,01-Daylight,MIDBLOCK,Monday,July,0,CHANDOS DR,2,ROAD,LOCAL,9.0,20.0,PAVED,TwoWay,PAVED,6,50,NO ACCESS,N,2005.0,152.684988594706
CHANDOS DR,04-At/near private drive,10-Not on roadway - left side,01-Clear,01-Daylight,MIDBLOCK,Monday,July,0,CHANDOS DR,2,ROAD,LOCAL,9.0,20.0,PAVED,TwoWay,PAVED,6,50,NO ACCESS,N,2005.0,779.498698805253
CHANDOS DR,04-At/near private drive,10-Not on roadway - left side,01-Clear,"08-Dark, artificial",MIDBLOCK,Sunday,November,1,CHANDOS DR,2,ROAD,LOCAL,9.0,20.0,PAVED,TwoWay,PAVED,6,50,NO ACCESS,N,2005.0,152.684988594706
CHANDOS DR,04-At/near private drive,10-Not on roadway - left side,01-Clear,"08-Dark, artificial",MIDBLOCK,Sunday,November,1,CHANDOS DR,2,ROAD,LOCAL,9.0,20.0,PAVED,TwoWay,PAVED,6,50,NO ACCESS,N,2005.0,779.498698805253
CHANDOS DR,04-At/near private drive,02-Thru lane,01-Clear,01-Daylight,MIDBLOCK,Thursday,May,0,CHANDOS DR,2,ROAD,LOCAL,9.0,20.0,PAVED,TwoWay,PAVED,6,50,NO ACCESS,N,2005.0,152.684988594706
CHANDOS DR,04-At/near private drive,02-Thru lane,01-Clear,01-Daylight,MIDBLOCK,Thursday,May,0,CHANDOS DR,2,ROAD,LOCAL,9.0,20.0,PAVED,TwoWay,PAVED,6,50,NO ACCESS,N,2005.0,779.498698805253
CHANDOS DR,04-At/near private drive,02-Thru lane,01-Clear,"08-Dark, artificial",MIDBLOCK,Sunday,September,1,CHANDOS DR,2,ROAD,LOCAL,9.0,20.0,PAVED,TwoWay,PAVED,6,50,NO ACCESS,N,2005.0,152.684988594706
CHANDOS DR,04-At/near private drive,02-Thru lane,01-Clear,"08-Dark, artificial",MIDBLOCK,Sunday,September,1,CHANDOS DR,2,ROAD,LOCAL,9.0,20.0,PAVED,TwoWay,PAVED,6,50,NO ACCESS,N,2005.0,779.498698805253
CHANDOS DR,04-At/near private drive,02-Thru lane,01-Clear,01-Daylight,MIDBLOCK,Friday,September,0,CHANDOS DR,2,ROAD,LOCAL,9.0,20.0,PAVED,TwoWay,PAVED,6,50,NO ACCESS,N,2005.0,152.684988594706
CHANDOS DR,04-At/near private drive,02-Thru lane,01-Clear,01-Daylight,MIDBLOCK,Friday,September,0,CHANDOS DR,2,ROAD,LOCAL,9.0,20.0,PAVED,TwoWay,PAVED,6,50,NO ACCESS,N,2005.0,779.498698805253
CHANDOS DR,04-At/near private drive,09-Right shoulder,01-Clear,01-Daylight,MIDBLOCK,Sunday,June,1,CHANDOS DR,2,ROAD,LOCAL,9.0,20.0,PAVED,TwoWay,PAVED,6,50,NO ACCESS,N,2005.0,152.684988594706
CHANDOS DR,04-At/near private drive,09-Right shoulder,01-Clear,01-Daylight,MIDBLOCK,Sunday,June,1,CHANDOS DR,2,ROAD,LOCAL,9.0,20.0,PAVED,TwoWay,PAVED,6,50,NO ACCESS,N,2005.0,779.498698805253
CHANDOS DR,01-Non intersection,02-Thru lane,01-Clear,01-Daylight,MIDBLOCK,Monday,April,0,CHANDOS DR,2,ROAD,LOCAL,9.0,20.0,PAVED,TwoWay,PAVED,6,50,NO ACCESS,N,2005.0,152.684988594706
CHANDOS DR,01-Non intersection,02-Thru lane,01-Clear,01-Daylight,MIDBLOCK,Monday,April,0,CHANDOS DR,2,ROAD,LOCAL,9.0,20.0,PAVED,TwoWay,PAVED,6,50,NO ACCESS,N,2005.0,779.498698805253
THE COUNTRY WAY,01-Non intersection,02-Thru lane,01-Clear,01-Daylight,MIDBLOCK,Saturday,July,1,THE COUNTRY WAY,2,ROAD,MINOR,10.0,20.0,PAVED,TwoWay,PAVED,4,50,NO ACCESS,N,1976.0,64.8237495059557
THE COUNTRY WAY,01-Non intersection,02-Thru lane,01-Clear,01-Daylight,MIDBLOCK,Saturday,July,1,THE COUNTRY WAY,2,ROAD,MINOR,10.0,20.0,PAVED,TwoWay,PAVED,4,50,NO ACCESS,N,1976.0,106.295006799225
THE COUNTRY WAY,01-Non intersection,02-Thru lane,01-Clear,01-Daylight,MIDBLOCK,Saturday,July,1,THE COUNTRY WAY,2,ROAD,MINOR,10.0,20.0,PAVED,TwoWay,PAVED,4,50,NO ACCESS,N,1976.0,82.9314018196012
THE COUNTRY WAY,01-Non intersection,02-Thru lane,01-Clear,01-Daylight,MIDBLOCK,Saturday,July,1,THE COUNTRY WAY,2,ROAD,MINOR,10.0,20.0,PAVED,TwoWay,PAVED,4,50,NO ACCESS,N,1976.0,497.712809747949
THE COUNTRY WAY,01-Non intersection,02-Thru lane,01-Clear,01-Daylight,MIDBLOCK,Saturday,July,1,THE COUNTRY WAY,2,ROAD,MINOR,10.0,20.0,PAVED,TwoWay,PAVED,4,50,NO ACCESS,N,1985.0,109.320486976439
THE COUNTRY WAY,01-Non intersection,02-Thru lane,01-Clear,01-Daylight,MIDBLOCK,Saturday,July,1,THE COUNTRY WAY,2,ROAD,MINOR,10.0,20.0,PAVED,TwoWay,PAVED,4,50,NO ACCESS,N,1985.0,84.85577750747359
THE COUNTRY WAY,01-Non intersection,02-Thru lane,01-Clear,01-Daylight,MIDBLOCK,Saturday,July,1,THE COUNTRY WAY,2,ROAD,LOCAL,10.0,20.0,PAVED,TwoWay,PAVED,6,50,NO ACCESS,N,1976.0,95.0202616144
THE COUNTRY WAY,01-Non intersection,02-Thru lane,01-Clear,01-Daylight,MIDBLOCK,Saturday,July,1,THE COUNTRY WAY,2,ROAD,MINOR,10.0,20.0,PAVED,TwoWay,PAVED,4,40,NO ACCESS,N,1976.0,226.977875569874
THE COUNTRY WAY,01-Non intersection,02-Thru lane,01-Clear,01-Daylight,MIDBLOCK,Saturday,July,1,THE COUNTRY WAY,2,ROAD,LOCAL,10.0,20.0,PAVED,TwoWay,PAVED,6,50,NO ACCESS,N,1976.0,417.371187223886
THE COUNTRY WAY,04-At/near private drive,02-Thru lane,01-Clear,07-Dark,MIDBLOCK,Thursday,October,0,THE COUNTRY WAY,2,ROAD,MINOR,10.0,20.0,PAVED,TwoWay,PAVED,4,50,NO ACCESS,N,1976.0,64.8237495059557
THE COUNTRY WAY,04-At/near private drive,02-Thru lane,01-Clear,07-Dark,MIDBLOCK,Thursday,October,0,THE COUNTRY WAY,2,ROAD,MINOR,10.0,20.0,PAVED,TwoWay,PAVED,4,50,NO ACCESS,N,1976.0,106.295006799225
THE COUNTRY WAY,04-At/near private drive,02-Thru lane,01-Clear,07-Dark,MIDBLOCK,Thursday,October,0,THE COUNTRY WAY,2,ROAD,MINOR,10.0,20.0,PAVED,TwoWay,PAVED,4,50,NO ACCESS,N,1976.0,82.9314018196012
THE COUNTRY WAY,04-At/near private drive,02-Thru lane,01-Clear,07-Dark,MIDBLOCK,Thursday,October,0,THE COUNTRY WAY,2,ROAD,MINOR,10.0,20.0,PAVED,TwoWay,PAVED,4,50,NO ACCESS,N,1976.0,497.712809747949
THE COUNTRY WAY,04-At/near private drive,02-Thru lane,01-Clear,07-Dark,MIDBLOCK,Thursday,October,0,THE COUNTRY WAY,2,ROAD,MINOR,10.0,20.0,PAVED,TwoWay,PAVED,4,50,NO ACCESS,N,1985.0,109.320486976439
THE COUNTRY WAY,04-At/near private drive,02-Thru lane,01-Clear,07-Dark,MIDBLOCK,Thursday,October,0,THE COUNTRY WAY,2,ROAD,MINOR,10.0,20.0,PAVED,TwoWay,PAVED,4,50,NO ACCESS,N,1985.0,84.85577750747359
THE COUNTRY WAY,04-At/near private drive,02-Thru lane,01-Clear,07-Dark,MIDBLOCK,Thursday,October,0,THE COUNTRY WAY,2,ROAD,LOCAL,10.0,20.0,PAVED,TwoWay,PAVED,6,50,NO ACCESS,N,1976.0,95.0202616144
THE COUNTRY WAY,04-At/near private drive,02-Thru lane,01-Clear,07-Dark,MIDBLOCK,Thursday,October,0,THE COUNTRY WAY,2,ROAD,MINOR,10.0,20.0,PAVED,TwoWay,PAVED,4,40,NO ACCESS,N,1976.0,226.977875569874
THE COUNTRY WAY,04-At/near private drive,02-Thru lane,01-Clear,07-Dark,MIDBLOCK,Thursday,October,0,THE COUNTRY WAY,2,ROAD,LOCAL,10.0,20.0,PAVED,TwoWay,PAVED,6,50,NO ACCESS,N,1976.0,417.371187223886
THE COUNTRY WAY,01-Non intersection,02-Thru lane,01-Clear,"06-Dusk, artificial",MIDBLOCK,Friday,October,0,THE COUNTRY WAY,2,ROAD,MINOR,10.0,20.0,PAVED,TwoWay,PAVED,4,50,NO ACCESS,N,1976.0,64.8237495059557
THE COUNTRY WAY,01-Non intersection,02-Thru lane,01-Clear,"06-Dusk, artificial",MIDBLOCK,Friday,October,0,THE COUNTRY WAY,2,ROAD,MINOR,10.0,20.0,PAVED,TwoWay,PAVED,4,50,NO ACCESS,N,1976.0,106.295006799225
THE COUNTRY WAY,01-Non intersection,02-Thru lane,01-Clear,"06-Dusk, artificial",MIDBLOCK,Friday,October,0,THE COUNTRY WAY,2,ROAD,MINOR,10.0,20.0,PAVED,TwoWay,PAVED,4,50,NO ACCESS,N,1976.0,82.9314018196012