LOCATION,ACCIDENT_LOCATION,IMPACT_LOCATION,ENVIRONMENT_CONDITION,LIGHT,COLLISION_TYPE,DAY_OF_WEEK,MONTH,IS_WEEKEND,STREET,LANES,CATEGORY,SUBCATEGORY,PAVEMENT_WIDTH,ROW_WIDTH,SHOULDER,FLOW_DIRECTION,SURFACE_LAYER_TYPE,OFFICIAL_ROAD_CLASSIFICATION,SPEED_LIMIT_KM,TRUCK_ACCESS,BUS_ROUTE,SERVICE_YEAR,Shape__Length
THE COUNTRY WAY,01-Non intersection,02-Thru lane,01-Clear,"06-Dusk, artificial",MIDBLOCK,Friday,October,0,THE COUNTRY WAY,2,ROAD,MINOR,10.0,20.0,PAVED,TwoWay,PAVED,4,50,NO ACCESS,N,1976.0,497.712809747949
THE COUNTRY WAY,01-Non intersection,02-Thru lane,01-Clear,"06-Dusk, artificial",MIDBLOCK,Friday,October,0,THE COUNTRY WAY,2,ROAD,MINOR,10.0,20.0,PAVED,TwoWay,PAVED,4,50,NO ACCESS,N,1985.0,109.320486976439
THE COUNTRY WAY,01-Non intersection,02-Thru lane,01-Clear,"06-Dusk, artificial",MIDBLOCK,Friday,October,0,THE COUNTRY WAY,2,ROAD,MINOR,10.0,20.0,PAVED,TwoWay,PAVED,4,50,NO ACCESS,N,1985.0,84.85577750747359
THE COUNTRY WAY,01-Non intersection,02-Thru lane,01-Clear,"06-Dusk, artificial",MIDBLOCK,Friday,October,0,THE COUNTRY WAY,2,ROAD,LOCAL,10.0,20.0,PAVED,TwoWay,PAVED,6,50,NO ACCESS,N,1976.0,95.0202616144
THE COUNTRY WAY,01-Non intersection,02-Thru lane,01-Clear,"06-Dusk, artificial",MIDBLOCK,Friday,October,0,THE COUNTRY WAY,2,ROAD,MINOR,10.0,20.0,PAVED,TwoWay,PAVED,4,40,NO ACCESS,N,1976.0,226.977875569874
THE COUNTRY WAY,01-Non intersection,02-Thru lane,01-Clear,"06-Dusk, artificial",MIDBLOCK,Friday,October,0,THE COUNTRY WAY,2,ROAD,LOCAL,10.0,20.0,PAVED,TwoWay,PAVED,6,50,NO ACCESS,N,1976.0,417.371187223886
THE COUNTRY WAY,04-At/near private drive,02-Thru lane,01-Clear,03-Dawn,MIDBLOCK,Wednesday,October,0,THE COUNTRY WAY,2,ROAD,MINOR,10.0,20.0,PAVED,TwoWay,PAVED,4,50,NO ACCESS,N,1976.0,64.8237495059557
THE COUNTRY WAY,04-At/near private drive,02-Thru lane,01-Clear,03-Dawn,MIDBLOCK,Wednesday,October,0,THE COUNTRY WAY,2,ROAD,MINOR,10.0,20.0,PAVED,TwoWay,PAVED,4,50,NO ACCESS,N,1976.0,106.295006799225
THE COUNTRY WAY,04-At/near private drive,02-Thru lane,01-Clear,03-Dawn,MIDBLOCK,Wednesday,October,0,THE COUNTRY WAY,2,ROAD,MINOR,10.0,20.0,PAVED,TwoWay,PAVED,4,50,NO ACCESS,N,1976.0,82.9314018196012
THE COUNTRY WAY,04-At/near private drive,02-Thru lane,01-Clear,03-Dawn,MIDBLOCK,Wednesday,October,0,THE COUNTRY WAY,2,ROAD,MINOR,10.0,20.0,PAVED,TwoWay,PAVED,4,50,NO ACCESS,N,1976.0,497.712809747949
THE COUNTRY WAY,04-At/near private drive,02-Thru lane,01-Clear,03-Dawn,MIDBLOCK,Wednesday,October,0,THE COUNTRY WAY,2,ROAD,MINOR,10.0,20.0,PAVED,TwoWay,PAVED,4,50,NO ACCESS,N,1985.0,109.320486976439
THE COUNTRY WAY,04-At/near private drive,02-Thru lane,01-Clear,03-Dawn,MIDBLOCK,Wednesday,October,0,THE COUNTRY WAY,2,ROAD,MINOR,10.0,20.0,PAVED,TwoWay,PAVED,4,50,NO ACCESS,N,1985.0,84.85577750747359
THE COUNTRY WAY,04-At/near private drive,02-Thru lane,01-Clear,03-Dawn,MIDBLOCK,Wednesday,October,0,THE COUNTRY WAY,2,ROAD,LOCAL,10.0,20.0,PAVED,TwoWay,PAVED,6,50,NO ACCESS,N,1976.0,95.0202616144
THE COUNTRY WAY,04-At/near private drive,02-Thru lane,01-Clear,03-Dawn,MIDBLOCK,Wednesday,October,0,THE COUNTRY WAY,2,ROAD,MINOR,10.0,20.0,PAVED,TwoWay,PAVED,4,40,NO ACCESS,N,1976.0,226.977875569874
THE COUNTRY WAY,04-At/near private drive,02-Thru lane,01-Clear,03-Dawn,MIDBLOCK,Wednesday,October,0,THE COUNTRY WAY,2,ROAD,LOCAL,10.0,20.0,PAVED,TwoWay,PAVED,6,50,NO ACCESS,N,1976.0,417.371187223886
THE COUNTRY WAY,04-At/near private drive,02-Thru lane,01-Clear,"08-Dark, artificial",MIDBLOCK,Wednesday,June,0,THE COUNTRY WAY,2,ROAD,MINOR,10.0,20.0,PAVED,TwoWay,PAVED,4,50,NO ACCESS,N,1976.0,64.8237495059557
THE COUNTRY WAY,04-At/near private drive,02-Thru lane,01-Clear,"08-Dark, artificial",MIDBLOCK,Wednesday,June,0,THE COUNTRY WAY,2,ROAD,MINOR,10.0,20.0,PAVED,TwoWay,PAVED,4,50,NO ACCESS,N,1976.0,106.295006799225
THE COUNTRY WAY,04-At/near private drive,02-Thru lane,01-Clear,"08-Dark, artificial",MIDBLOCK,Wednesday,June,0,THE COUNTRY WAY,2,ROAD,MINOR,10.0,20.0,PAVED,TwoWay,PAVED,4,50,NO ACCESS,N,1976.0,82.9314018196012
THE COUNTRY WAY,04-At/near private drive,02-Thru lane,01-Clear,"08-Dark, artificial",MIDBLOCK,Wednesday,June,0,THE COUNTRY WAY,2,ROAD,MINOR,10.0,20.0,PAVED,TwoWay,PAVED,4,50,NO ACCESS,N,1976.0,497.712809747949
THE COUNTRY WAY,04-At/near private drive,02-Thru lane,01-Clear,"08-Dark, artificial",MIDBLOCK,Wednesday,June,0,THE COUNTRY WAY,2,ROAD,MINOR,10.0,20.0,PAVED,TwoWay,PAVED,4,50,NO ACCESS,N,1985.0,109.320486976439
THE COUNTRY WAY,04-At/near private drive,02-Thru lane,01-Clear,"08-Dark, artificial",MIDBLOCK,Wednesday,June,0,THE COUNTRY WAY,2,ROAD,MINOR,10.0,20.0,PAVED,TwoWay,PAVED,4,50,NO ACCESS,N,1985.0,84.85577750747359
THE COUNTRY WAY,04-At/near private drive,02-Thru lane,01-Clear,"08-Dark, artificial",MIDBLOCK,Wednesday,June,0,THE COUNTRY WAY,2,ROAD,LOCAL,10.0,20.0,PAVED,TwoWay,PAVED,6,50,NO ACCESS,N,1976.0,95.0202616144
THE COUNTRY WAY,04-At/near private drive,02-Thru lane,01-Clear,"08-Dark, artificial",MIDBLOCK,Wednesday,June,0,THE COUNTRY WAY,2,ROAD,MINOR,10.0,20.0,PAVED,TwoWay,PAVED,4,40,NO ACCESS,N,1976.0,226.977875569874
THE COUNTRY WAY,04-At/near private drive,02-Thru lane,01-Clear,"08-Dark, artificial",MIDBLOCK,Wednesday,June,0,THE COUNTRY WAY,2,ROAD,LOCAL,10.0,20.0,PAVED,TwoWay,PAVED,6,50,NO ACCESS,N,1976.0,417.371187223886
THE COUNTRY WAY,04-At/near private drive,02-Thru lane,01-Clear,01-Daylight,MIDBLOCK,Tuesday,November,0,THE COUNTRY WAY,2,ROAD,MINOR,10.0,20.0,PAVED,TwoWay,PAVED,4,50,NO ACCESS,N,1976.0,64.8237495059557
THE COUNTRY WAY,04-At/near private drive,02-Thru lane,01-Clear,01-Daylight,MIDBLOCK,Tuesday,November,0,THE COUNTRY WAY,2,ROAD,MINOR,10.0,20.0,PAVED,TwoWay,PAVED,4,50,NO ACCESS,N,1976.0,106.295006799225
THE COUNTRY WAY,04-At/near private drive,02-Thru lane,01-Clear,01-Daylight,MIDBLOCK,Tuesday,November,0,THE COUNTRY WAY,2,ROAD,MINOR,10.0,20.0,PAVED,TwoWay,PAVED,4,50,NO ACCESS,N,1976.0,82.9314018196012
THE COUNTRY WAY,04-At/near private drive,02-Thru lane,01-Clear,01-Daylight,MIDBLOCK,Tuesday,November,0,THE COUNTRY WAY,2,ROAD,MINOR,10.0,20.0,PAVED,TwoWay,PAVED,4,50,NO ACCESS,N,1976.0,497.712809747949
THE COUNTRY WAY,04-At/near private drive,02-Thru lane,01-Clear,01-Daylight,MIDBLOCK,Tuesday,November,0,THE COUNTRY WAY,2,ROAD,MINOR,10.0,20.0,PAVED,TwoWay,PAVED,4,50,NO ACCESS,N,1985.0,109.320486976439
THE COUNTRY WAY,04-At/near private drive,02-Thru lane,01-Clear,01-Daylight,MIDBLOCK,Tuesday,November,0,THE COUNTRY WAY,2,ROAD,MINOR,10.0,20.0,PAVED,TwoWay,PAVED,4,50,NO ACCESS,N,1985.0,84.85577750747359
THE COUNTRY WAY,04-At/near private drive,02-Thru lane,01-Clear,01-Daylight,MIDBLOCK,Tuesday,November,0,THE COUNTRY WAY,2,ROAD,LOCAL,10.0,20.0,PAVED,TwoWay,PAVED,6,50,NO ACCESS,N,1976.0,95.0202616144
THE COUNTRY WAY,04-At/near private drive,02-Thru lane,01-Clear,01-Daylight,MIDBLOCK,Tuesday,November,0,THE COUNTRY WAY,2,ROAD,MINOR,10.0,20.0,PAVED,TwoWay,PAVED,4,40,NO ACCESS,N,1976.0,226.977875569874
THE COUNTRY WAY,04-At/near private drive,02-Thru lane,01-Clear,01-Daylight,MIDBLOCK,Tuesday,November,0,THE COUNTRY WAY,2,ROAD,LOCAL,10.0,20.0,PAVED,TwoWay,PAVED,6,50,NO ACCESS,N,1976.0,417.371187223886
THE COUNTRY WAY,04-At/near private drive,02-Thru lane,01-Clear,"08-Dark, artificial",MIDBLOCK,Friday,December,0,THE COUNTRY WAY,2,ROAD,MINOR,10.0,20.0,PAVED,TwoWay,PAVED,4,50,NO ACCESS,N,1976.0,64.8237495059557
THE COUNTRY WAY,04-At/near private drive,02-Thru lane,01-Clear,"08-Dark, artificial",MIDBLOCK,Friday,December,0,THE COUNTRY WAY,2,ROAD,MINOR,10.0,20.0,PAVED,TwoWay,PAVED,4,50,NO ACCESS,N,1976.0,106.295006799225
THE COUNTRY WAY,04-At/near private drive,02-Thru lane,01-Clear,"08-Dark, artificial",MIDBLOCK,Friday,December,0,THE COUNTRY WAY,2,ROAD,MINOR,10.0,20.0,PAVED,TwoWay,PAVED,4,50,NO ACCESS,N,1976.0,82.9314018196012
THE COUNTRY WAY,04-At/near private drive,02-Thru lane,01-Clear,"08-Dark, artificial",MIDBLOCK,Friday,December,0,THE COUNTRY WAY,2,ROAD,MINOR,10.0,20.0,PAVED,TwoWay,PAVED,4,50,NO ACCESS,N,1976.0,497.712809747949
THE COUNTRY WAY,04-At/near private drive,02-Thru lane,01-Clear,"08-Dark, artificial",MIDBLOCK,Friday,December,0,THE COUNTRY WAY,2,ROAD,MINOR,10.0,20.0,PAVED,TwoWay,PAVED,4,50,NO ACCESS,N,1985.0,109.320486976439
THE COUNTRY WAY,04-At/near private drive,02-Thru lane,01-Clear,"08-Dark, artificial",MIDBLOCK,Friday,December,0,THE COUNTRY WAY,2,ROAD,MINOR,10.0,20.0,PAVED,TwoWay,PAVED,4,50,NO ACCESS,N,1985.0,84.85577750747359
THE COUNTRY WAY,04-At/near private drive,02-Thru lane,01-Clear,"08-Dark, artificial",MIDBLOCK,Friday,December,0,THE COUNTRY WAY,2,ROAD,LOCAL,10.0,20.0,PAVED,TwoWay,PAVED,6,50,NO ACCESS,N,1976.0,95.0202616144
THE COUNTRY WAY,04-At/near private drive,02-Thru lane,01-Clear,"08-Dark, artificial",MIDBLOCK,Friday,December,0,THE COUNTRY WAY,2,ROAD,MINOR,10.0,20.0,PAVED,TwoWay,PAVED,4,40,NO ACCESS,N,1976.0,226.977875569874
THE COUNTRY WAY,04-At/near private drive,02-Thru lane,01-Clear,"08-Dark, artificial",MIDBLOCK,Friday,December,0,THE COUNTRY WAY,2,ROAD,LOCAL,10.0,20.0,PAVED,TwoWay,PAVED,6,50,NO ACCESS,N,1976.0,417.371187223886
THE COUNTRY WAY,01-Non intersection,02-Thru lane,01-Clear,"08-Dark, artificial",MIDBLOCK,Sunday,July,1,THE COUNTRY WAY,2,ROAD,MINOR,10.0,20.0,PAVED,TwoWay,PAVED,4,50,NO ACCESS,N,1976.0,64.8237495059557
THE COUNTRY WAY,01-Non intersection,02-Thru lane,01-Clear,"08-Dark, artificial",MIDBLOCK,Sunday,July,1,THE COUNTRY WAY,2,ROAD,MINOR,10.0,20.0,PAVED,TwoWay,PAVED,4,50,NO ACCESS,N,1976.0,106.295006799225
THE COUNTRY WAY,01-Non intersection,02-Thru lane,01-Clear,"08-Dark, artificial",MIDBLOCK,Sunday,July,1,THE COUNTRY WAY,2,ROAD,MINOR,10.0,20.0,PAVED,TwoWay,PAVED,4,50,NO ACCESS,N,1976.0,82.9314018196012
THE COUNTRY WAY,01-Non intersection,02-Thru lane,01-Clear,"08-Dark, artificial",MIDBLOCK,Sunday,July,1,THE COUNTRY WAY,2,ROAD,MINOR,10.0,20.0,PAVED,TwoWay,PAVED,4,50,NO ACCESS,N,1976.0,497.712809747949
THE COUNTRY WAY,01-Non intersection,02-Thru lane,01-Clear,"08-Dark, artificial",MIDBLOCK,Sunday,July,1,THE COUNTRY WAY,2,ROAD,MINOR,10.0,20.0,PAVED,TwoWay,PAVED,4,50,NO ACCESS,N,1985.0,109.320486976439
THE COUNTRY WAY,01-Non intersection,02-Thru lane,01-Clear,"08-Dark, artificial",MIDBLOCK,Sunday,July,1,THE COUNTRY WAY,2,ROAD,MINOR,10.0,20.0,PAVED,TwoWay,PAVED,4,50,NO ACCESS,N,1985.0,84.85577750747359
THE COUNTRY WAY,01-Non intersection,02-Thru lane,01-Clear,"08-Dark, artificial",MIDBLOCK,Sunday,July,1,THE COUNTRY WAY,2,ROAD,LOCAL,10.0,20.0,PAVED,TwoWay,PAVED,6,50,NO ACCESS,N,1976.0,95.0202616144
THE COUNTRY WAY,01-Non intersection,02-Thru lane,01-Clear,"08-Dark, artificial",MIDBLOCK,Sunday,July,1,THE COUNTRY WAY,2,ROAD,MINOR,10.0,20.0,PAVED,TwoWay,PAVED,4,40,NO ACCESS,N,1976.0,226.977875569874
THE COUNTRY WAY,01-Non intersection,02-Thru lane,01-Clear,"08-Dark, artificial",MIDBLOCK,Sunday,July,1,THE COUNTRY WAY,2,ROAD,LOCAL,10.0,20.0,PAVED,TwoWay,PAVED,6,50,NO ACCESS,N,1976.0,417.371187223886
THE COUNTRY WAY,01-Non intersection,02-Thru lane,01-Clear,01-Daylight,MIDBLOCK,Tuesday,February,0,THE COUNTRY WAY,2,ROAD,MINOR,10.0,20.0,PAVED,TwoWay,PAVED,4,50,NO ACCESS,N,1976.0,64.8237495059557
THE COUNTRY WAY,01-Non intersection,02-Thru lane,01-Clear,01-Daylight,MIDBLOCK,Tuesday,February,0,THE COUNTRY WAY,2,ROAD,MINOR,10.0,20.0,PAVED,TwoWay,PAVED,4,50,NO ACCESS,N,1976.0,106.295006799225
THE COUNTRY WAY,01-Non intersection,02-Thru lane,01-Clear,01-Daylight,MIDBLOCK,Tuesday,February,0,THE COUNTRY WAY,2,ROAD,MINOR,10.0,20.0,PAVED,TwoWay,PAVED,4,50,NO ACCESS,N,1976.0,82.9314018196012
THE COUNTRY WAY,01-Non intersection,02-Thru lane,01-Clear,01-Daylight,MIDBLOCK,Tuesday,February,0,THE COUNTRY WAY,2,ROAD,MINOR,10.0,20.0,PAVED,TwoWay,PAVED,4,50,NO ACCESS,N,1976.0,497.712809747949
THE COUNTRY WAY,01-Non intersection,02-Thru lane,01-Clear,01-Daylight,MIDBLOCK,Tuesday,February,0,THE COUNTRY WAY,2,ROAD,MINOR,10.0,20.0,PAVED,TwoWay,PAVED,4,50,NO ACCESS,N,1985.0,109.320486976439
THE COUNTRY WAY,01-Non intersection,02-Thru lane,01-Clear,01-Daylight,MIDBLOCK,Tuesday,February,0,THE COUNTRY WAY,2,ROAD,MINOR,10.0,20.0,PAVED,TwoWay,PAVED,4,50,NO ACCESS,N,1985.0,84.85577750747359
THE COUNTRY WAY,01-Non intersection,02-Thru lane,01-Clear,01-Daylight,MIDBLOCK,Tuesday,February,0,THE COUNTRY WAY,2,ROAD,LOCAL,10.0,20.0,PAVED,TwoWay,PAVED,6,50,NO ACCESS,N,1976.0,95.0202616144
THE COUNTRY WAY,01-Non intersection,02-Thru lane,01-Clear,01-Daylight,MIDBLOCK,Tuesday,February,0,THE COUNTRY WAY,2,ROAD,MINOR,10.0,20.0,PAVED,TwoWay,PAVED,4,40,NO ACCESS,N,1976.0,226.977875569874
THE COUNTRY WAY,01-Non intersection,02-Thru lane,01-Clear,01-Daylight,MIDBLOCK,Tuesday,February,0,THE COUNTRY WAY,2,ROAD,LOCAL,10.0,20.0,PAVED,TwoWay,PAVED,6,50,NO ACCESS,N,1976.0,417.371187223886
THE COUNTRY WAY,04-At/near private drive,11-Not on roadway - right side,01-Clear,01-Daylight,MIDBLOCK,Sunday,April,1,THE COUNTRY WAY,2,ROAD,MINOR,10.0,20.0,PAVED,TwoWay,PAVED,4,50,NO ACCESS,N,1976.0,64.8237495059557
THE COUNTRY WAY,04-At/near private drive,11-Not on roadway - right side,01-Clear,01-Daylight,MIDBLOCK,Sunday,April,1,THE COUNTRY WAY,2,ROAD,MINOR,10.0,20.0,PAVED,TwoWay,PAVED,4,50,NO ACCESS,N,1976.0,106.295006799225
THE COUNTRY WAY,04-At/near private drive,11-Not on roadway - right side,01-Clear,01-Daylight,MIDBLOCK,Sunday,April,1,THE COUNTRY WAY,2,ROAD,MINOR,10.0,20.0,PAVED,TwoWay,PAVED,4,50,NO ACCESS,N,1976.0,82.9314018196012
THE COUNTRY WAY,04-At/near private drive,11-Not on roadway - right side,01-Clear,01-Daylight,MIDBLOCK,Sunday,April,1,THE COUNTRY WAY,2,ROAD,MINOR,10.0,20.0,PAVED,TwoWay,PAVED,4,50,NO ACCESS,N,1976.0,497.712809747949
THE COUNTRY WAY,04-At/near private drive,11-Not on roadway - right side,01-Clear,01-Daylight,MIDBLOCK,Sunday,April,1,THE COUNTRY WAY,2,ROAD,MINOR,10.0,20.0,PAVED,TwoWay,PAVED,4,50,NO ACCESS,N,1985.0,109.320486976439
THE COUNTRY WAY,04-At/near private drive,11-Not on roadway - right side,01-Clear,01-Daylight,MIDBLOCK,Sunday,April,1,THE COUNTRY WAY,2,ROAD,MINOR,10.0,20.0,PAVED,TwoWay,PAVED,4,50,NO ACCESS,N,1985.0,84.85577750747359
THE COUNTRY WAY,04-At/near private drive,11-Not on roadway - right side,01-Clear,01-Daylight,MIDBLOCK,Sunday,April,1,THE COUNTRY WAY,2,ROAD,LOCAL,10.0,20.0,PAVED,TwoWay,PAVED,6,50,NO ACCESS,N,1976.0,95.0202616144
THE COUNTRY WAY,04-At/near private drive,11-Not on roadway - right side,01-Clear,01-Daylight,MIDBLOCK,Sunday,April,1,THE COUNTRY WAY,2,ROAD,MINOR,10.0,20.0,PAVED,TwoWay,PAVED,4,40,NO ACCESS,N,1976.0,226.977875569874
THE COUNTRY WAY,04-At/near private drive,11-Not on roadway - right side,01-Clear,01-Daylight,MIDBLOCK,Sunday,April,1,THE COUNTRY WAY,2,ROAD,LOCAL,10.0,20.0,PAVED,TwoWay,PAVED,6,50,NO ACCESS,N,1976.0,417.371187223886
THE COUNTRY WAY,04-At/near private drive,02-Thru lane,01-Clear,01-Daylight,MIDBLOCK,Wednesday,April,0,THE COUNTRY WAY,2,ROAD,MINOR,10.0,20.0,PAVED,TwoWay,PAVED,4,50,NO ACCESS,N,1976.0,64.8237495059557
THE COUNTRY WAY,04-At/near private drive,02-Thru lane,01-Clear,01-Daylight,MIDBLOCK,Wednesday,April,0,THE COUNTRY WAY,2,ROAD,MINOR,10.0,20.0,PAVED,TwoWay,PAVED,4,50,NO ACCESS,N,1976.0,106.295006799225
THE COUNTRY WAY,04-At/near private drive,02-Thru lane,01-Clear,01-Daylight,MIDBLOCK,Wednesday,April,0,THE COUNTRY WAY,2,ROAD,MINOR,10.0,20.0,PAVED,TwoWay,PAVED,4,50,NO ACCESS,N,1976.0,82.9314018196012
THE COUNTRY WAY,04-At/near private drive,02-Thru lane,01-Clear,01-Daylight,MIDBLOCK,Wednesday,April,0,THE COUNTRY WAY,2,ROAD,MINOR,10.0,20.0,PAVED,TwoWay,PAVED,4,50,NO ACCESS,N,1976.0,497.712809747949
THE COUNTRY WAY,04-At/near private drive,02-Thru lane,01-Clear,01-Daylight,MIDBLOCK,Wednesday,April,0,THE COUNTRY WAY,2,ROAD,MINOR,10.0,20.0,PAVED,TwoWay,PAVED,4,50,NO ACCESS,N,1985.0,109.320486976439
THE COUNTRY WAY,04-At/near private drive,02-Thru lane,01-Clear,01-Daylight,MIDBLOCK,Wednesday,April,0,THE COUNTRY WAY,2,ROAD,MINOR,10.0,20.0,PAVED,TwoWay,PAVED,4,50,NO ACCESS,N,1985.0,84.85577750747359
THE COUNTRY WAY,04-At/near private drive,02-Thru lane,01-Clear,01-Daylight,MIDBLOCK,Wednesday,April,0,THE COUNTRY WAY,2,ROAD,LOCAL,10.0,20.0,PAVED,TwoWay,PAVED,6,50,NO ACCESS,N,1976.0,95.0202616144
THE COUNTRY WAY,04-At/near private drive,02-Thru lane,01-Clear,01-Daylight,MIDBLOCK,Wednesday,April,0,THE COUNTRY WAY,2,ROAD,MINOR,10.0,20.0,PAVED,TwoWay,PAVED,4,40,NO ACCESS,N,1976.0,226.977875569874
THE COUNTRY WAY,04-At/near private drive,02-Thru lane,01-Clear,01-Daylight,MIDBLOCK,Wednesday,April,0,THE COUNTRY WAY,2,ROAD,LOCAL,10.0,20.0,PAVED,TwoWay,PAVED,6,50,NO ACCESS,N,1976.0,417.371187223886
THE COUNTRY WAY,04-At/near private drive,11-Not on roadway - right side,01-Clear,07-Dark,MIDBLOCK,Saturday,May,1,THE COUNTRY WAY,2,ROAD,MINOR,10.0,20.0,PAVED,TwoWay,PAVED,4,50,NO ACCESS,N,1976.0,64.8237495059557
THE COUNTRY WAY,04-At/near private drive,11-Not on roadway - right side,01-Clear,07-Dark,MIDBLOCK,Saturday,May,1,THE COUNTRY WAY,2,ROAD,MINOR,10.0,20.0,PAVED,TwoWay,PAVED,4,50,NO ACCESS,N,1976.0,106.295006799225
THE COUNTRY WAY,04-At/near private drive,11-Not on roadway - right side,01-Clear,07-Dark,MIDBLOCK,Saturday,May,1,THE COUNTRY WAY,2,ROAD,MINOR,10.0,20.0,PAVED,TwoWay,PAVED,4,50,NO ACCESS,N,1976.0,82.9314018196012
THE COUNTRY WAY,04-At/near private drive,11-Not on roadway - right side,01-Clear,07-Dark,MIDBLOCK,Saturday,May,1,THE COUNTRY WAY,2,ROAD,MINOR,10.0,20.0,PAVED,TwoWay,PAVED,4,50,NO ACCESS,N,1976.0,497.712809747949
THE COUNTRY WAY,04-At/near private drive,11-Not on roadway - right side,01-Clear,07-Dark,MIDBLOCK,Saturday,May,1,THE COUNTRY WAY,2,ROAD,MINOR,10.0,20.0,PAVED,TwoWay,PAVED,4,50,NO ACCESS,N,1985.0,109.320486976439
THE COUNTRY WAY,04-At/near private drive,11-Not on roadway - right side,01-Clear,07-Dark,MIDBLOCK,Saturday,May,1,THE COUNTRY WAY,2,ROAD,MINOR,10.0,20.0,PAVED,TwoWay,PAVED,4,50,NO ACCESS,N,1985.0,84.85577750747359
THE COUNTRY WAY,04-At/near private drive,11-Not on roadway - right side,01-Clear,07-Dark,MIDBLOCK,Saturday,May,1,THE COUNTRY WAY,2,ROAD,LOCAL,10.0,20.0,PAVED,TwoWay,PAVED,6,50,NO ACCESS,N,1976.0,95.0202616144
THE COUNTRY WAY,04-At/near private drive,11-Not on roadway - right side,01-Clear,07-Dark,MIDBLOCK,Saturday,May,1,THE COUNTRY WAY,2,ROAD,MINOR,10.0,20.0,PAVED,TwoWay,PAVED,4,40,NO ACCESS,N,1976.0,226.977875569874
THE COUNTRY WAY,04-At/near private drive,11-Not on roadway - right side,01-Clear,07-Dark,MIDBLOCK,Saturday,May,1,THE COUNTRY WAY,2,ROAD,LOCAL,10.0,20.0,PAVED,TwoWay,PAVED,6,50,NO ACCESS,N,1976.0,417.371187223886
THE COUNTRY WAY,04-At/near private drive,12-Off highway,"07-Fog, mist, smoke, dust","08-Dark, artificial",MIDBLOCK,Thursday,January,0,THE COUNTRY WAY,2,ROAD,MINOR,10.0,20.0,PAVED,TwoWay,PAVED,4,50,NO ACCESS,N,1976.0,64.8237495059557
THE COUNTRY WAY,04-At/near private drive,12-Off highway,"07-Fog, mist, smoke, dust","08-Dark, artificial",MIDBLOCK,Thursday,January,0,THE COUNTRY WAY,2,ROAD,MINOR,10.0,20.0,PAVED,TwoWay,PAVED,4,50,NO ACCESS,N,1976.0,106.295006799225
THE COUNTRY WAY,04-At/near private drive,12-Off highway,"07-Fog, mist, smoke, dust","08-Dark, artificial",MIDBLOCK,Thursday,January,0,THE COUNTRY WAY,2,ROAD,MINOR,10.0,20.0,PAVED,TwoWay,PAVED,4,50,NO ACCESS,N,1976.0,82.9314018196012
THE COUNTRY WAY,04-At/near private drive,12-Off highway,"07-Fog, mist, smoke, dust","08-Dark, artificial",MIDBLOCK,Thursday,January,0,THE COUNTRY WAY,2,ROAD,MINOR,10.0,20.0,PAVED,TwoWay,PAVED,4,50,NO ACCESS,N,1976.0,497.712809747949
THE COUNTRY WAY,04-At/near private drive,12-Off highway,"07-Fog, mist, smoke, dust","08-Dark, artificial",MIDBLOCK,Thursday,January,0,THE COUNTRY WAY,2,ROAD,MINOR,10.0,20.0,PAVED,TwoWay,PAVED,4,50,NO ACCESS,N,1985.0,109.320486976439
THE COUNTRY WAY,04-At/near private drive,12-Off highway,"07-Fog, mist, smoke, dust","08-Dark, artificial",MIDBLOCK,Thursday,January,0,THE COUNTRY WAY,2,ROAD,MINOR,10.0,20.0,PAVED,TwoWay,PAVED,4,50,NO ACCESS,N,1985.0,84.85577750747359
THE COUNTRY WAY,04-At/near private drive,12-Off highway,"07-Fog, mist, smoke, dust","08-Dark, artificial",MIDBLOCK,Thursday,January,0,THE COUNTRY WAY,2,ROAD,LOCAL,10.0,20.0,PAVED,TwoWay,PAVED,6,50,NO ACCESS,N,1976.0,95.0202616144
THE COUNTRY WAY,04-At/near private drive,12-Off highway,"07-Fog, mist, smoke, dust","08-Dark, artificial",MIDBLOCK,Thursday,January,0,THE COUNTRY WAY,2,ROAD,MINOR,10.0,20.0,PAVED,TwoWay,PAVED,4,40,NO ACCESS,N,1976.0,226.977875569874
THE COUNTRY WAY,04-At/near private drive,12-Off highway,"07-Fog, mist, smoke, dust","08-Dark, artificial",MIDBLOCK,Thursday,January,0,THE COUNTRY WAY,2,ROAD,LOCAL,10.0,20.0,PAVED,TwoWay,PAVED,6,50,NO ACCESS,N,1976.0,417.371187223886
FRANKFURT ST,04-At/near private drive,02-Thru lane,01-Clear,01-Daylight,MIDBLOCK,Sunday,February,1,FRANKFURT ST,2,ROAD,LOCAL,8.0,16.0,PAVED,TwoWay,PAVED,6,50,NO ACCESS,N,2005.0,232.13624316326
FRANKFURT ST,04-At/near private drive,02-Thru lane,01-Clear,01-Daylight,MIDBLOCK,Monday,February,0,FRANKFURT ST,2,ROAD,LOCAL,8.0,16.0,PAVED,TwoWay,PAVED,6,50,NO ACCESS,N,2005.0,232.13624316326