LOCATION,ACCIDENT_LOCATION,IMPACT_LOCATION,ENVIRONMENT_CONDITION,LIGHT,COLLISION_TYPE,DAY_OF_WEEK,MONTH,IS_WEEKEND,STREET,LANES,CATEGORY,SUBCATEGORY,PAVEMENT_WIDTH,ROW_WIDTH,SHOULDER,FLOW_DIRECTION,SURFACE_LAYER_TYPE,OFFICIAL_ROAD_CLASSIFICATION,SPEED_LIMIT_KM,TRUCK_ACCESS,BUS_ROUTE,SERVICE_YEAR,Shape__Length
FRANKFURT ST,04-At/near private drive,02-Thru lane,01-Clear,01-Daylight,MIDBLOCK,Friday,September,0,FRANKFURT ST,2,ROAD,LOCAL,8.0,16.0,PAVED,TwoWay,PAVED,6,50,NO ACCESS,N,2005.0,232.13624316326
FRANKFURT ST,04-At/near private drive,02-Thru lane,01-Clear,01-Daylight,MIDBLOCK,Saturday,June,1,FRANKFURT ST,2,ROAD,LOCAL,8.0,16.0,PAVED,TwoWay,PAVED,6,50,NO ACCESS,N,2005.0,232.13624316326
PEPPERWOOD CRES,04-At/near private drive,02-Thru lane,01-Clear,01-Daylight,MIDBLOCK,Monday,April,0,PEPPERWOOD CRES,2,ROAD,LOCAL,9.0,20.0,PAVED,TwoWay,PAVED,6,50,NO ACCESS,N,1970.0,551.520884475117
PEPPERWOOD CRES,04-At/near private drive,02-Thru lane,03-Snow,01-Daylight,MIDBLOCK,Sunday,February,1,PEPPERWOOD CRES,2,ROAD,LOCAL,9.0,20.0,PAVED,TwoWay,PAVED,6,50,NO ACCESS,N,1970.0,551.520884475117
PEPPERWOOD CRES,04-At/near private drive,02-Thru lane,01-Clear,"08-Dark, artificial",MIDBLOCK,Sunday,September,1,PEPPERWOOD CRES,2,ROAD,LOCAL,9.0,20.0,PAVED,TwoWay,PAVED,6,50,NO ACCESS,N,1970.0,551.520884475117
PEPPERWOOD CRES,04-At/near private drive,02-Thru lane,01-Clear,01-Daylight,MIDBLOCK,Saturday,February,1,PEPPERWOOD CRES,2,ROAD,LOCAL,9.0,20.0,PAVED,TwoWay,PAVED,6,50,NO ACCESS,N,1970.0,551.520884475117
PEPPERWOOD CRES,04-At/near private drive,09-Right shoulder,01-Clear,"08-Dark, artificial",MIDBLOCK,Friday,May,0,PEPPERWOOD CRES,2,ROAD,LOCAL,9.0,20.0,PAVED,TwoWay,PAVED,6,50,NO ACCESS,N,1970.0,551.520884475117
PINE MARTIN CRES,01-Non intersection,02-Thru lane,01-Clear,01-Daylight,MIDBLOCK,Monday,January,0,PINE MARTIN CRES,2,ROAD,LOCAL,9.0,18.0,PAVED,TwoWay,PAVED,6,50,NO ACCESS,N,1997.0,392.655556003853
PINE MARTIN CRES,04-At/near private drive,09-Right shoulder,01-Clear,01-Daylight,MIDBLOCK,Saturday,October,1,PINE MARTIN CRES,2,ROAD,LOCAL,9.0,18.0,PAVED,TwoWay,PAVED,6,50,NO ACCESS,N,1997.0,392.655556003853
PINE MARTIN CRES,04-At/near private drive,02-Thru lane,01-Clear,01-Daylight,MIDBLOCK,Saturday,July,1,PINE MARTIN CRES,2,ROAD,LOCAL,9.0,18.0,PAVED,TwoWay,PAVED,6,50,NO ACCESS,N,1997.0,392.655556003853
PINE MARTIN CRES,04-At/near private drive,12-Off highway,01-Clear,01-Daylight,MIDBLOCK,Sunday,May,1,PINE MARTIN CRES,2,ROAD,LOCAL,9.0,18.0,PAVED,TwoWay,PAVED,6,50,NO ACCESS,N,1997.0,392.655556003853
PINE MARTIN CRES,04-At/near private drive,02-Thru lane,01-Clear,01-Daylight,MIDBLOCK,Saturday,January,1,PINE MARTIN CRES,2,ROAD,LOCAL,9.0,18.0,PAVED,TwoWay,PAVED,6,50,NO ACCESS,N,1997.0,392.655556003853
PINE MARTIN CRES,04-At/near private drive,02-Thru lane,01-Clear,05-Dusk,MIDBLOCK,Wednesday,September,0,PINE MARTIN CRES,2,ROAD,LOCAL,9.0,18.0,PAVED,TwoWay,PAVED,6,50,NO ACCESS,N,1997.0,392.655556003853
PINE MARTIN CRES,04-At/near private drive,99-Other,01-Clear,01-Daylight,MIDBLOCK,Monday,July,0,PINE MARTIN CRES,2,ROAD,LOCAL,9.0,18.0,PAVED,TwoWay,PAVED,6,50,NO ACCESS,N,1997.0,392.655556003853
EDWIN ST,04-At/near private drive,02-Thru lane,01-Clear,01-Daylight,MIDBLOCK,Tuesday,February,0,EDWIN ST,2,ROAD,LOCAL,9.0,20.0,PAVED,TwoWay,PAVED,6,50,NO ACCESS,N,1947.0,300.338168619746
EDWIN ST,04-At/near private drive,02-Thru lane,01-Clear,01-Daylight,MIDBLOCK,Tuesday,February,0,EDWIN ST,2,ROAD,LOCAL,8.0,20.0,PAVED,TwoWay,PAVED,6,50,NO ACCESS,N,1947.0,93.77497302352181
EDWIN ST,04-At/near private drive,02-Thru lane,01-Clear,01-Daylight,MIDBLOCK,Tuesday,February,0,EDWIN ST,2,ROAD,LOCAL,9.0,20.0,PAVED,TwoWay,PAVED,6,50,NO ACCESS,N,1854.0,140.513671855061
EDWIN ST,04-At/near private drive,02-Thru lane,01-Clear,01-Daylight,MIDBLOCK,Tuesday,February,0,EDWIN ST,2,ROAD,LOCAL,9.0,20.0,PAVED,TwoWay,PAVED,6,50,NO ACCESS,N,1926.0,190.46972057738301
EDWIN ST,04-At/near private drive,02-Thru lane,01-Clear,01-Daylight,MIDBLOCK,Tuesday,February,0,EDWIN ST,2,ROAD,LOCAL,9.0,20.0,PAVED,TwoWay,PAVED,6,50,NO ACCESS,N,1946.0,85.00192925494441
EDWIN ST,04-At/near private drive,02-Thru lane,01-Clear,01-Daylight,MIDBLOCK,Tuesday,February,0,EDWIN ST,2,ROAD,LOCAL,8.0,20.0,PAVED,TwoWay,PAVED,6,50,NO ACCESS,N,1956.0,96.66602865796551
EDWIN ST,04-At/near private drive,02-Thru lane,01-Clear,01-Daylight,MIDBLOCK,Tuesday,February,0,EDWIN ST,2,ROAD,LOCAL,9.0,20.0,PAVED,TwoWay,PAVED,6,50,NO ACCESS,N,1926.0,45.9284378800569
EDWIN ST,04-At/near private drive,02-Thru lane,01-Clear,01-Daylight,MIDBLOCK,Tuesday,February,0,EDWIN ST,2,ROAD,LOCAL,9.0,20.0,PAVED,TwoWay,PAVED,6,50,NO ACCESS,N,1947.0,271.18745280819303
EDWIN ST,10-Parking lot,02-Thru lane,01-Clear,01-Daylight,MIDBLOCK,Wednesday,February,0,EDWIN ST,2,ROAD,LOCAL,9.0,20.0,PAVED,TwoWay,PAVED,6,50,NO ACCESS,N,1947.0,300.338168619746
EDWIN ST,10-Parking lot,02-Thru lane,01-Clear,01-Daylight,MIDBLOCK,Wednesday,February,0,EDWIN ST,2,ROAD,LOCAL,8.0,20.0,PAVED,TwoWay,PAVED,6,50,NO ACCESS,N,1947.0,93.77497302352181
EDWIN ST,10-Parking lot,02-Thru lane,01-Clear,01-Daylight,MIDBLOCK,Wednesday,February,0,EDWIN ST,2,ROAD,LOCAL,9.0,20.0,PAVED,TwoWay,PAVED,6,50,NO ACCESS,N,1854.0,140.513671855061
EDWIN ST,10-Parking lot,02-Thru lane,01-Clear,01-Daylight,MIDBLOCK,Wednesday,February,0,EDWIN ST,2,ROAD,LOCAL,9.0,20.0,PAVED,TwoWay,PAVED,6,50,NO ACCESS,N,1926.0,190.46972057738301
EDWIN ST,10-Parking lot,02-Thru lane,01-Clear,01-Daylight,MIDBLOCK,Wednesday,February,0,EDWIN ST,2,ROAD,LOCAL,9.0,20.0,PAVED,TwoWay,PAVED,6,50,NO ACCESS,N,1946.0,85.00192925494441
EDWIN ST,10-Parking lot,02-Thru lane,01-Clear,01-Daylight,MIDBLOCK,Wednesday,February,0,EDWIN ST,2,ROAD,LOCAL,8.0,20.0,PAVED,TwoWay,PAVED,6,50,NO ACCESS,N,1956.0,96.66602865796551
EDWIN ST,10-Parking lot,02-Thru lane,01-Clear,01-Daylight,MIDBLOCK,Wednesday,February,0,EDWIN ST,2,ROAD,LOCAL,9.0,20.0,PAVED,TwoWay,PAVED,6,50,NO ACCESS,N,1926.0,45.9284378800569
EDWIN ST,10-Parking lot,02-Thru lane,01-Clear,01-Daylight,MIDBLOCK,Wednesday,February,0,EDWIN ST,2,ROAD,LOCAL,9.0,20.0,PAVED,TwoWay,PAVED,6,50,NO ACCESS,N,1947.0,271.18745280819303
EDWIN ST,01-Non intersection,02-Thru lane,01-Clear,01-Daylight,MIDBLOCK,Thursday,September,0,EDWIN ST,2,ROAD,LOCAL,9.0,20.0,PAVED,TwoWay,PAVED,6,50,NO ACCESS,N,1947.0,300.338168619746
EDWIN ST,01-Non intersection,02-Thru lane,01-Clear,01-Daylight,MIDBLOCK,Thursday,September,0,EDWIN ST,2,ROAD,LOCAL,8.0,20.0,PAVED,TwoWay,PAVED,6,50,NO ACCESS,N,1947.0,93.77497302352181
EDWIN ST,01-Non intersection,02-Thru lane,01-Clear,01-Daylight,MIDBLOCK,Thursday,September,0,EDWIN ST,2,ROAD,LOCAL,9.0,20.0,PAVED,TwoWay,PAVED,6,50,NO ACCESS,N,1854.0,140.513671855061
EDWIN ST,01-Non intersection,02-Thru lane,01-Clear,01-Daylight,MIDBLOCK,Thursday,September,0,EDWIN ST,2,ROAD,LOCAL,9.0,20.0,PAVED,TwoWay,PAVED,6,50,NO ACCESS,N,1926.0,190.46972057738301
EDWIN ST,01-Non intersection,02-Thru lane,01-Clear,01-Daylight,MIDBLOCK,Thursday,September,0,EDWIN ST,2,ROAD,LOCAL,9.0,20.0,PAVED,TwoWay,PAVED,6,50,NO ACCESS,N,1946.0,85.00192925494441
EDWIN ST,01-Non intersection,02-Thru lane,01-Clear,01-Daylight,MIDBLOCK,Thursday,September,0,EDWIN ST,2,ROAD,LOCAL,8.0,20.0,PAVED,TwoWay,PAVED,6,50,NO ACCESS,N,1956.0,96.66602865796551
EDWIN ST,01-Non intersection,02-Thru lane,01-Clear,01-Daylight,MIDBLOCK,Thursday,September,0,EDWIN ST,2,ROAD,LOCAL,9.0,20.0,PAVED,TwoWay,PAVED,6,50,NO ACCESS,N,1926.0,45.9284378800569
EDWIN ST,01-Non intersection,02-Thru lane,01-Clear,01-Daylight,MIDBLOCK,Thursday,September,0,EDWIN ST,2,ROAD,LOCAL,9.0,20.0,PAVED,TwoWay,PAVED,6,50,NO ACCESS,N,1947.0,271.18745280819303
EDWIN ST,01-Non intersection,02-Thru lane,01-Clear,01-Daylight,MIDBLOCK,Sunday,April,1,EDWIN ST,2,ROAD,LOCAL,9.0,20.0,PAVED,TwoWay,PAVED,6,50,NO ACCESS,N,1947.0,300.338168619746
EDWIN ST,01-Non intersection,02-Thru lane,01-Clear,01-Daylight,MIDBLOCK,Sunday,April,1,EDWIN ST,2,ROAD,LOCAL,8.0,20.0,PAVED,TwoWay,PAVED,6,50,NO ACCESS,N,1947.0,93.77497302352181
EDWIN ST,01-Non intersection,02-Thru lane,01-Clear,01-Daylight,MIDBLOCK,Sunday,April,1,EDWIN ST,2,ROAD,LOCAL,9.0,20.0,PAVED,TwoWay,PAVED,6,50,NO ACCESS,N,1854.0,140.513671855061
EDWIN ST,01-Non intersection,02-Thru lane,01-Clear,01-Daylight,MIDBLOCK,Sunday,April,1,EDWIN ST,2,ROAD,LOCAL,9.0,20.0,PAVED,TwoWay,PAVED,6,50,NO ACCESS,N,1926.0,190.46972057738301
EDWIN ST,01-Non intersection,02-Thru lane,01-Clear,01-Daylight,MIDBLOCK,Sunday,April,1,EDWIN ST,2,ROAD,LOCAL,9.0,20.0,PAVED,TwoWay,PAVED,6,50,NO ACCESS,N,1946.0,85.00192925494441
EDWIN ST,01-Non intersection,02-Thru lane,01-Clear,01-Daylight,MIDBLOCK,Sunday,April,1,EDWIN ST,2,ROAD,LOCAL,8.0,20.0,PAVED,TwoWay,PAVED,6,50,NO ACCESS,N,1956.0,96.66602865796551
EDWIN ST,01-Non intersection,02-Thru lane,01-Clear,01-Daylight,MIDBLOCK,Sunday,April,1,EDWIN ST,2,ROAD,LOCAL,9.0,20.0,PAVED,TwoWay,PAVED,6,50,NO ACCESS,N,1926.0,45.9284378800569
EDWIN ST,01-Non intersection,02-Thru lane,01-Clear,01-Daylight,MIDBLOCK,Sunday,April,1,EDWIN ST,2,ROAD,LOCAL,9.0,20.0,PAVED,TwoWay,PAVED,6,50,NO ACCESS,N,1947.0,271.18745280819303
LEMON GRASS CRES,01-Non intersection,02-Thru lane,01-Clear,01-Daylight,MIDBLOCK,Monday,March,0,LEMON GRASS CRES,2,ROAD,LOCAL,9.0,16.0,PAVED,TwoWay,PAVED,6,50,NO ACCESS,N,2007.0,276.086974603147
LEMON GRASS CRES,01-Non intersection,09-Right shoulder,02-Rain,01-Daylight,MIDBLOCK,Thursday,December,0,LEMON GRASS CRES,2,ROAD,LOCAL,9.0,16.0,PAVED,TwoWay,PAVED,6,50,NO ACCESS,N,2007.0,276.086974603147
WINIFRED ST,04-At/near private drive,02-Thru lane,01-Clear,"08-Dark, artificial",MIDBLOCK,Monday,May,0,WINIFRED ST,2,ROAD,LOCAL,9.0,20.0,PAVED,TwoWay,PAVED,6,50,NO ACCESS,N,2001.0,194.211319885914
WINIFRED ST,04-At/near private drive,02-Thru lane,01-Clear,"08-Dark, artificial",MIDBLOCK,Monday,May,0,WINIFRED ST,2,ROAD,LOCAL,10.0,16.0,PAVED,TwoWay,PAVED,6,50,NO ACCESS,N,2003.0,441.57877580994904
WINIFRED ST,04-At/near private drive,02-Thru lane,01-Clear,07-Dark,MIDBLOCK,Sunday,October,1,WINIFRED ST,2,ROAD,LOCAL,9.0,20.0,PAVED,TwoWay,PAVED,6,50,NO ACCESS,N,2001.0,194.211319885914
WINIFRED ST,04-At/near private drive,02-Thru lane,01-Clear,07-Dark,MIDBLOCK,Sunday,October,1,WINIFRED ST,2,ROAD,LOCAL,10.0,16.0,PAVED,TwoWay,PAVED,6,50,NO ACCESS,N,2003.0,441.57877580994904
WINIFRED ST,01-Non intersection,02-Thru lane,01-Clear,"08-Dark, artificial",MIDBLOCK,Saturday,November,1,WINIFRED ST,2,ROAD,LOCAL,9.0,20.0,PAVED,TwoWay,PAVED,6,50,NO ACCESS,N,2001.0,194.211319885914
WINIFRED ST,01-Non intersection,02-Thru lane,01-Clear,"08-Dark, artificial",MIDBLOCK,Saturday,November,1,WINIFRED ST,2,ROAD,LOCAL,10.0,16.0,PAVED,TwoWay,PAVED,6,50,NO ACCESS,N,2003.0,441.57877580994904
WINIFRED ST,01-Non intersection,10-Not on roadway - left side,01-Clear,07-Dark,MIDBLOCK,Saturday,January,1,WINIFRED ST,2,ROAD,LOCAL,9.0,20.0,PAVED,TwoWay,PAVED,6,50,NO ACCESS,N,2001.0,194.211319885914
WINIFRED ST,01-Non intersection,10-Not on roadway - left side,01-Clear,07-Dark,MIDBLOCK,Saturday,January,1,WINIFRED ST,2,ROAD,LOCAL,10.0,16.0,PAVED,TwoWay,PAVED,6,50,NO ACCESS,N,2003.0,441.57877580994904
ROBERTS CRES,04-At/near private drive,02-Thru lane,01-Clear,01-Daylight,MIDBLOCK,Monday,May,0,ROBERTS CRES,2,ROAD,LOCAL,7.0,15.0,PAVED,TwoWay,PAVED,6,50,NO ACCESS,N,1968.0,551.601918078051
ROBERTS CRES,04-At/near private drive,02-Thru lane,01-Clear,01-Daylight,MIDBLOCK,Tuesday,October,0,ROBERTS CRES,2,ROAD,LOCAL,7.0,15.0,PAVED,TwoWay,PAVED,6,50,NO ACCESS,N,1968.0,551.601918078051
ROBERTS CRES,04-At/near private drive,02-Thru lane,01-Clear,"08-Dark, artificial",MIDBLOCK,Wednesday,October,0,ROBERTS CRES,2,ROAD,LOCAL,7.0,15.0,PAVED,TwoWay,PAVED,6,50,NO ACCESS,N,1968.0,551.601918078051
ROBERTS CRES,99-Other,12-Off highway,01-Clear,01-Daylight,MIDBLOCK,Saturday,May,1,ROBERTS CRES,2,ROAD,LOCAL,7.0,15.0,PAVED,TwoWay,PAVED,6,50,NO ACCESS,N,1968.0,551.601918078051
COLLEGE ST,04-At/near private drive,02-Thru lane,01-Clear,01-Daylight,MIDBLOCK,Monday,May,0,COLLEGE ST,1,ROAD,LOCAL,7.0,12.0,PAVED,ToFrom,PAVED,6,50,NO ACCESS,N,2002.0,177.263074547543
COLLEGE ST,04-At/near private drive,11-Not on roadway - right side,02-Rain,01-Daylight,MIDBLOCK,Monday,March,0,COLLEGE ST,1,ROAD,LOCAL,7.0,12.0,PAVED,ToFrom,PAVED,6,50,NO ACCESS,N,2002.0,177.263074547543
COLLEGE ST,01-Non intersection,02-Thru lane,01-Clear,01-Daylight,MIDBLOCK,Thursday,November,0,COLLEGE ST,1,ROAD,LOCAL,7.0,12.0,PAVED,ToFrom,PAVED,6,50,NO ACCESS,N,2002.0,177.263074547543
COLLEGE ST,99-Other,12-Off highway,03-Snow,01-Daylight,MIDBLOCK,Tuesday,January,0,COLLEGE ST,1,ROAD,LOCAL,7.0,12.0,PAVED,ToFrom,PAVED,6,50,NO ACCESS,N,2002.0,177.263074547543
BROOKFIELD CRES,04-At/near private drive,01-Within intersection,01-Clear,01-Daylight,MIDBLOCK,Tuesday,August,0,BROOKFIELD CRES,2,ROAD,LOCAL,9.0,18.0,PAVED,TwoWay,PAVED,6,50,NO ACCESS,N,2007.0,357.532958756791
BROOKFIELD CRES,04-At/near private drive,02-Thru lane,03-Snow,01-Daylight,MIDBLOCK,Saturday,December,1,BROOKFIELD CRES,2,ROAD,LOCAL,9.0,18.0,PAVED,TwoWay,PAVED,6,50,NO ACCESS,N,2007.0,357.532958756791
BROOKFIELD CRES,04-At/near private drive,02-Thru lane,01-Clear,"08-Dark, artificial",MIDBLOCK,Monday,January,0,BROOKFIELD CRES,2,ROAD,LOCAL,9.0,18.0,PAVED,TwoWay,PAVED,6,50,NO ACCESS,N,2007.0,357.532958756791
BROOKFIELD CRES,01-Non intersection,02-Thru lane,01-Clear,01-Daylight,MIDBLOCK,Sunday,September,1,BROOKFIELD CRES,2,ROAD,LOCAL,9.0,18.0,PAVED,TwoWay,PAVED,6,50,NO ACCESS,N,2007.0,357.532958756791
FLOYD ST,01-Non intersection,02-Thru lane,01-Clear,01-Daylight,MIDBLOCK,Wednesday,April,0,FLOYD ST,2,ROAD,LOCAL,8.0,20.0,PAVED,TwoWay,PAVED,6,50,NO ACCESS,N,1890.0,255.727754495595
MADELEINE ST,04-At/near private drive,02-Thru lane,01-Clear,01-Daylight,MIDBLOCK,Friday,February,0,MADELEINE ST,2,ROAD,LOCAL,8.0,16.0,PAVED,TwoWay,PAVED,6,50,NO ACCESS,N,2005.0,230.59554359975
MADELEINE ST,04-At/near private drive,02-Thru lane,01-Clear,01-Daylight,MIDBLOCK,Tuesday,February,0,MADELEINE ST,2,ROAD,LOCAL,8.0,16.0,PAVED,TwoWay,PAVED,6,50,NO ACCESS,N,2005.0,230.59554359975
MADELEINE ST,04-At/near private drive,09-Right shoulder,01-Clear,01-Daylight,MIDBLOCK,Saturday,November,1,MADELEINE ST,2,ROAD,LOCAL,8.0,16.0,PAVED,TwoWay,PAVED,6,50,NO ACCESS,N,2005.0,230.59554359975
BEECHMANOR CRES,01-Non intersection,02-Thru lane,01-Clear,01-Daylight,MIDBLOCK,Saturday,January,1,BEECHMANOR CRES,2,ROAD,LOCAL,8.0,16.0,PAVED,TwoWay,PAVED,6,50,NO ACCESS,N,1993.0,346.206514284875
BEECHMANOR CRES,04-At/near private drive,02-Thru lane,01-Clear,01-Daylight,MIDBLOCK,Friday,February,0,BEECHMANOR CRES,2,ROAD,LOCAL,8.0,16.0,PAVED,TwoWay,PAVED,6,50,NO ACCESS,N,1993.0,346.206514284875
BEECHMANOR CRES,04-At/near private drive,11-Not on roadway - right side,01-Clear,01-Daylight,MIDBLOCK,Saturday,December,1,BEECHMANOR CRES,2,ROAD,LOCAL,8.0,16.0,PAVED,TwoWay,PAVED,6,50,NO ACCESS,N,1993.0,346.206514284875
CEDARWOODS CRES,04-At/near private drive,02-Thru lane,01-Clear,01-Daylight,MIDBLOCK,Sunday,April,1,CEDARWOODS CRES,2,ROAD,LOCAL,9.0,20.0,PAVED,TwoWay,PAVED,6,50,NO ACCESS,N,1974.0,269.362231950141
CEDARWOODS CRES,04-At/near private drive,02-Thru lane,01-Clear,01-Daylight,MIDBLOCK,Sunday,April,1,CEDARWOODS CRES,2,ROAD,LOCAL,9.0,20.0,PAVED,TwoWay,PAVED,6,50,NO ACCESS,N,1974.0,477.195949692438
CEDARWOODS CRES,01-Non intersection,11-Not on roadway - right side,01-Clear,"08-Dark, artificial",MIDBLOCK,Sunday,September,1,CEDARWOODS CRES,2,ROAD,LOCAL,9.0,20.0,PAVED,TwoWay,PAVED,6,50,NO ACCESS,N,1974.0,269.362231950141
CEDARWOODS CRES,01-Non intersection,11-Not on roadway - right side,01-Clear,"08-Dark, artificial",MIDBLOCK,Sunday,September,1,CEDARWOODS CRES,2,ROAD,LOCAL,9.0,20.0,PAVED,TwoWay,PAVED,6,50,NO ACCESS,N,1974.0,477.195949692438
CEDARWOODS CRES,04-At/near private drive,02-Thru lane,01-Clear,01-Daylight,MIDBLOCK,Monday,November,0,CEDARWOODS CRES,2,ROAD,LOCAL,9.0,20.0,PAVED,TwoWay,PAVED,6,50,NO ACCESS,N,1974.0,269.362231950141
CEDARWOODS CRES,04-At/near private drive,02-Thru lane,01-Clear,01-Daylight,MIDBLOCK,Monday,November,0,CEDARWOODS CRES,2,ROAD,LOCAL,9.0,20.0,PAVED,TwoWay,PAVED,6,50,NO ACCESS,N,1974.0,477.195949692438
BENESFORT CRES,04-At/near private drive,02-Thru lane,01-Clear,"04-Dawn, artificial",MIDBLOCK,Tuesday,April,0,BENESFORT CRES,2,ROAD,LOCAL,9.0,20.0,PAVED,TwoWay,PAVED,6,50,NO ACCESS,N,1990.0,531.448270957803
BENESFORT CRES,04-At/near private drive,02-Thru lane,01-Clear,01-Daylight,MIDBLOCK,Thursday,May,0,BENESFORT CRES,2,ROAD,LOCAL,9.0,20.0,PAVED,TwoWay,PAVED,6,50,NO ACCESS,N,1990.0,531.448270957803
BENESFORT CRES,04-At/near private drive,09-Right shoulder,01-Clear,01-Daylight,MIDBLOCK,Thursday,July,0,BENESFORT CRES,2,ROAD,LOCAL,9.0,20.0,PAVED,TwoWay,PAVED,6,50,NO ACCESS,N,1990.0,531.448270957803
ISLINGTON AVE,04-At/near private drive,02-Thru lane,01-Clear,01-Daylight,MIDBLOCK,Tuesday,February,0,ISLINGTON AVE,2,ROAD,LOCAL,9.0,20.0,PAVED,TwoWay,PAVED,6,50,NO ACCESS,N,1953.0,392.501209054487
ISLINGTON AVE,04-At/near private drive,02-Thru lane,01-Clear,01-Daylight,MIDBLOCK,Tuesday,February,0,ISLINGTON AVE,2,ROAD,LOCAL,9.0,20.0,PAVED,TwoWay,PAVED,6,50,NO ACCESS,N,1954.0,129.229961541684
ISLINGTON AVE,04-At/near private drive,02-Thru lane,01-Clear,01-Daylight,MIDBLOCK,Tuesday,February,0,ISLINGTON AVE,2,ROAD,LOCAL,8.0,20.0,PAVED,TwoWay,PAVED,6,50,NO ACCESS,N,1954.0,100.652107082019
NINTH AVE,04-At/near private drive,02-Thru lane,01-Clear,01-Daylight,MIDBLOCK,Saturday,October,1,NINTH AVE,2,ROAD,LOCAL,9.0,20.0,PAVED,TwoWay,PAVED,6,50,NO ACCESS,N,1914.0,412.65636401733803
NINTH AVE,04-At/near private drive,02-Thru lane,01-Clear,01-Daylight,MIDBLOCK,Saturday,October,1,NINTH AVE,2,ROAD,LOCAL,9.0,20.0,PAVED,TwoWay,PAVED,6,50,NO ACCESS,N,1914.0,271.454228370831
NINTH AVE,04-At/near private drive,02-Thru lane,01-Clear,01-Daylight,MIDBLOCK,Saturday,October,1,NINTH AVE,2,ROAD,LOCAL,9.0,20.0,PAVED,TwoWay,PAVED,6,50,NO ACCESS,N,1914.0,63.51481615715961
NINTH AVE,04-At/near private drive,02-Thru lane,01-Clear,01-Daylight,MIDBLOCK,Saturday,October,1,NINTH AVE,2,ROAD,LOCAL,9.0,20.0,PAVED,TwoWay,PAVED,6,50,NO ACCESS,N,1914.0,99.55564725250059
NINTH AVE,01-Non intersection,02-Thru lane,01-Clear,01-Daylight,MIDBLOCK,Sunday,March,1,NINTH AVE,2,ROAD,LOCAL,9.0,20.0,PAVED,TwoWay,PAVED,6,50,NO ACCESS,N,1914.0,412.65636401733803
NINTH AVE,01-Non intersection,02-Thru lane,01-Clear,01-Daylight,MIDBLOCK,Sunday,March,1,NINTH AVE,2,ROAD,LOCAL,9.0,20.0,PAVED,TwoWay,PAVED,6,50,NO ACCESS,N,1914.0,271.454228370831
NINTH AVE,01-Non intersection,02-Thru lane,01-Clear,01-Daylight,MIDBLOCK,Sunday,March,1,NINTH AVE,2,ROAD,LOCAL,9.0,20.0,PAVED,TwoWay,PAVED,6,50,NO ACCESS,N,1914.0,63.51481615715961
NINTH AVE,01-Non intersection,02-Thru lane,01-Clear,01-Daylight,MIDBLOCK,Sunday,March,1,NINTH AVE,2,ROAD,LOCAL,9.0,20.0,PAVED,TwoWay,PAVED,6,50,NO ACCESS,N,1914.0,99.55564725250059
NINTH AVE,04-At/near private drive,02-Thru lane,01-Clear,01-Daylight,MIDBLOCK,Saturday,May,1,NINTH AVE,2,ROAD,LOCAL,9.0,20.0,PAVED,TwoWay,PAVED,6,50,NO ACCESS,N,1914.0,412.65636401733803
NINTH AVE,04-At/near private drive,02-Thru lane,01-Clear,01-Daylight,MIDBLOCK,Saturday,May,1,NINTH AVE,2,ROAD,LOCAL,9.0,20.0,PAVED,TwoWay,PAVED,6,50,NO ACCESS,N,1914.0,271.454228370831
NINTH AVE,04-At/near private drive,02-Thru lane,01-Clear,01-Daylight,MIDBLOCK,Saturday,May,1,NINTH AVE,2,ROAD,LOCAL,9.0,20.0,PAVED,TwoWay,PAVED,6,50,NO ACCESS,N,1914.0,63.51481615715961
NINTH AVE,04-At/near private drive,02-Thru lane,01-Clear,01-Daylight,MIDBLOCK,Saturday,May,1,NINTH AVE,2,ROAD,LOCAL,9.0,20.0,PAVED,TwoWay,PAVED,6,50,NO ACCESS,N,1914.0,99.55564725250059
NINTH AVE,04-At/near private drive,02-Thru lane,01-Clear,"08-Dark, artificial",MIDBLOCK,Saturday,January,1,NINTH AVE,2,ROAD,LOCAL,9.0,20.0,PAVED,TwoWay,PAVED,6,50,NO ACCESS,N,1914.0,412.65636401733803
NINTH AVE,04-At/near private drive,02-Thru lane,01-Clear,"08-Dark, artificial",MIDBLOCK,Saturday,January,1,NINTH AVE,2,ROAD,LOCAL,9.0,20.0,PAVED,TwoWay,PAVED,6,50,NO ACCESS,N,1914.0,271.454228370831
NINTH AVE,04-At/near private drive,02-Thru lane,01-Clear,"08-Dark, artificial",MIDBLOCK,Saturday,January,1,NINTH AVE,2,ROAD,LOCAL,9.0,20.0,PAVED,TwoWay,PAVED,6,50,NO ACCESS,N,1914.0,63.51481615715961
NINTH AVE,04-At/near private drive,02-Thru lane,01-Clear,"08-Dark, artificial",MIDBLOCK,Saturday,January,1,NINTH AVE,2,ROAD,LOCAL,9.0,20.0,PAVED,TwoWay,PAVED,6,50,NO ACCESS,N,1914.0,99.55564725250059
HODDLE CRES,01-Non intersection,09-Right shoulder,01-Clear,01-Daylight,MIDBLOCK,Monday,February,0,HODDLE CRES,2,ROAD,LOCAL,8.0,16.0,PAVED,TwoWay,PAVED,6,50,NO ACCESS,N,1986.0,417.303992013231
HODDLE CRES,01-Non intersection,02-Thru lane,01-Clear,01-Daylight,MIDBLOCK,Saturday,July,1,HODDLE CRES,2,ROAD,LOCAL,8.0,16.0,PAVED,TwoWay,PAVED,6,50,NO ACCESS,N,1986.0,417.303992013231