LOCATION,ACCIDENT_LOCATION,IMPACT_LOCATION,ENVIRONMENT_CONDITION,LIGHT,COLLISION_TYPE,DAY_OF_WEEK,MONTH,IS_WEEKEND,STREET,LANES,CATEGORY,SUBCATEGORY,PAVEMENT_WIDTH,ROW_WIDTH,SHOULDER,FLOW_DIRECTION,SURFACE_LAYER_TYPE,OFFICIAL_ROAD_CLASSIFICATION,SPEED_LIMIT_KM,TRUCK_ACCESS,BUS_ROUTE,SERVICE_YEAR,Shape__Length
ROSSFORD CRES,01-Non intersection,09-Right shoulder,01-Clear,07-Dark,MIDBLOCK,Monday,November,0,ROSSFORD CRES,2,ROAD,LOCAL,9.0,15.0,PAVED,TwoWay,PAVED,6,50,NO ACCESS,N,1969.0,522.954827688254
ROSSFORD CRES,04-At/near private drive,02-Thru lane,01-Clear,07-Dark,MIDBLOCK,Friday,August,0,ROSSFORD CRES,2,ROAD,LOCAL,9.0,15.0,PAVED,TwoWay,PAVED,6,50,NO ACCESS,N,1969.0,522.954827688254
ROSSFORD CRES,04-At/near private drive,09-Right shoulder,01-Clear,05-Dusk,MIDBLOCK,Saturday,August,1,ROSSFORD CRES,2,ROAD,LOCAL,9.0,15.0,PAVED,TwoWay,PAVED,6,50,NO ACCESS,N,1969.0,522.954827688254
MILL PARK DR,01-Non intersection,10-Not on roadway - left side,02-Rain,01-Daylight,MIDBLOCK,Friday,October,0,MILL PARK DR,2,ROAD,LOCAL,9.0,20.0,PAVED,TwoWay,PAVED,6,40,NO ACCESS,N,1980.0,86.37554965549108
MILL PARK DR,01-Non intersection,10-Not on roadway - left side,02-Rain,01-Daylight,MIDBLOCK,Friday,October,0,MILL PARK DR,2,ROAD,LOCAL,9.0,18.0,PAVED,TwoWay,PAVED,6,40,NO ACCESS,N,1980.0,22.466209947708002
MILL PARK DR,01-Non intersection,10-Not on roadway - left side,02-Rain,01-Daylight,MIDBLOCK,Friday,October,0,MILL PARK DR,2,ROAD,LOCAL,7.0,16.0,PAVED,TwoWay,PAVED,7,40,NO ACCESS,Y,1920.0,470.651946630633
MILL PARK DR,01-Non intersection,10-Not on roadway - left side,02-Rain,01-Daylight,MIDBLOCK,Friday,October,0,MILL PARK DR,2,ROAD,LOCAL,7.0,20.0,PAVED,TwoWay,PAVED,7,40,NO ACCESS,N,1971.0,113.168041523125
MILL PARK DR,01-Non intersection,10-Not on roadway - left side,02-Rain,01-Daylight,MIDBLOCK,Friday,October,0,MILL PARK DR,2,ROAD,LOCAL,9.0,20.0,PAVED,TwoWay,PAVED,6,40,NO ACCESS,N,1980.0,66.42476739388921
MILL PARK DR,01-Non intersection,10-Not on roadway - left side,02-Rain,01-Daylight,MIDBLOCK,Friday,October,0,MILL PARK DR,2,ROAD,LOCAL,9.0,17.0,PAVED,TwoWay,PAVED,6,40,NO ACCESS,N,1980.0,497.855116801017
MILL PARK DR,01-Non intersection,10-Not on roadway - left side,02-Rain,01-Daylight,MIDBLOCK,Friday,October,0,MILL PARK DR,2,ROAD,LOCAL,7.0,16.0,PAVED,TwoWay,PAVED,7,40,NO ACCESS,N,1971.0,723.8314600935139
MILL PARK DR,01-Non intersection,10-Not on roadway - left side,02-Rain,01-Daylight,MIDBLOCK,Friday,October,0,MILL PARK DR,2,ROAD,LOCAL,9.0,20.0,PAVED,TwoWay,PAVED,7,40,NO ACCESS,Y,1986.0,172.30513281364497
MILL PARK DR,01-Non intersection,10-Not on roadway - left side,02-Rain,01-Daylight,MIDBLOCK,Friday,October,0,MILL PARK DR,2,ROAD,LOCAL,9.0,20.0,PAVED,TwoWay,PAVED,6,40,NO ACCESS,N,1980.0,29.5598395566564
MILL PARK DR,01-Non intersection,02-Thru lane,03-Snow,01-Daylight,MIDBLOCK,Tuesday,January,0,MILL PARK DR,2,ROAD,LOCAL,9.0,20.0,PAVED,TwoWay,PAVED,6,40,NO ACCESS,N,1980.0,86.37554965549108
MILL PARK DR,01-Non intersection,02-Thru lane,03-Snow,01-Daylight,MIDBLOCK,Tuesday,January,0,MILL PARK DR,2,ROAD,LOCAL,9.0,18.0,PAVED,TwoWay,PAVED,6,40,NO ACCESS,N,1980.0,22.466209947708002
MILL PARK DR,01-Non intersection,02-Thru lane,03-Snow,01-Daylight,MIDBLOCK,Tuesday,January,0,MILL PARK DR,2,ROAD,LOCAL,7.0,16.0,PAVED,TwoWay,PAVED,7,40,NO ACCESS,Y,1920.0,470.651946630633
MILL PARK DR,01-Non intersection,02-Thru lane,03-Snow,01-Daylight,MIDBLOCK,Tuesday,January,0,MILL PARK DR,2,ROAD,LOCAL,7.0,20.0,PAVED,TwoWay,PAVED,7,40,NO ACCESS,N,1971.0,113.168041523125
MILL PARK DR,01-Non intersection,02-Thru lane,03-Snow,01-Daylight,MIDBLOCK,Tuesday,January,0,MILL PARK DR,2,ROAD,LOCAL,9.0,20.0,PAVED,TwoWay,PAVED,6,40,NO ACCESS,N,1980.0,66.42476739388921
MILL PARK DR,01-Non intersection,02-Thru lane,03-Snow,01-Daylight,MIDBLOCK,Tuesday,January,0,MILL PARK DR,2,ROAD,LOCAL,9.0,17.0,PAVED,TwoWay,PAVED,6,40,NO ACCESS,N,1980.0,497.855116801017
MILL PARK DR,01-Non intersection,02-Thru lane,03-Snow,01-Daylight,MIDBLOCK,Tuesday,January,0,MILL PARK DR,2,ROAD,LOCAL,7.0,16.0,PAVED,TwoWay,PAVED,7,40,NO ACCESS,N,1971.0,723.8314600935139
MILL PARK DR,01-Non intersection,02-Thru lane,03-Snow,01-Daylight,MIDBLOCK,Tuesday,January,0,MILL PARK DR,2,ROAD,LOCAL,9.0,20.0,PAVED,TwoWay,PAVED,7,40,NO ACCESS,Y,1986.0,172.30513281364497
MILL PARK DR,01-Non intersection,02-Thru lane,03-Snow,01-Daylight,MIDBLOCK,Tuesday,January,0,MILL PARK DR,2,ROAD,LOCAL,9.0,20.0,PAVED,TwoWay,PAVED,6,40,NO ACCESS,N,1980.0,29.5598395566564
MILL PARK DR,04-At/near private drive,11-Not on roadway - right side,01-Clear,07-Dark,MIDBLOCK,Saturday,November,1,MILL PARK DR,2,ROAD,LOCAL,9.0,20.0,PAVED,TwoWay,PAVED,6,40,NO ACCESS,N,1980.0,86.37554965549108
MILL PARK DR,04-At/near private drive,11-Not on roadway - right side,01-Clear,07-Dark,MIDBLOCK,Saturday,November,1,MILL PARK DR,2,ROAD,LOCAL,9.0,18.0,PAVED,TwoWay,PAVED,6,40,NO ACCESS,N,1980.0,22.466209947708002
MILL PARK DR,04-At/near private drive,11-Not on roadway - right side,01-Clear,07-Dark,MIDBLOCK,Saturday,November,1,MILL PARK DR,2,ROAD,LOCAL,7.0,16.0,PAVED,TwoWay,PAVED,7,40,NO ACCESS,Y,1920.0,470.651946630633
MILL PARK DR,04-At/near private drive,11-Not on roadway - right side,01-Clear,07-Dark,MIDBLOCK,Saturday,November,1,MILL PARK DR,2,ROAD,LOCAL,7.0,20.0,PAVED,TwoWay,PAVED,7,40,NO ACCESS,N,1971.0,113.168041523125
MILL PARK DR,04-At/near private drive,11-Not on roadway - right side,01-Clear,07-Dark,MIDBLOCK,Saturday,November,1,MILL PARK DR,2,ROAD,LOCAL,9.0,20.0,PAVED,TwoWay,PAVED,6,40,NO ACCESS,N,1980.0,66.42476739388921
MILL PARK DR,04-At/near private drive,11-Not on roadway - right side,01-Clear,07-Dark,MIDBLOCK,Saturday,November,1,MILL PARK DR,2,ROAD,LOCAL,9.0,17.0,PAVED,TwoWay,PAVED,6,40,NO ACCESS,N,1980.0,497.855116801017
MILL PARK DR,04-At/near private drive,11-Not on roadway - right side,01-Clear,07-Dark,MIDBLOCK,Saturday,November,1,MILL PARK DR,2,ROAD,LOCAL,7.0,16.0,PAVED,TwoWay,PAVED,7,40,NO ACCESS,N,1971.0,723.8314600935139
MILL PARK DR,04-At/near private drive,11-Not on roadway - right side,01-Clear,07-Dark,MIDBLOCK,Saturday,November,1,MILL PARK DR,2,ROAD,LOCAL,9.0,20.0,PAVED,TwoWay,PAVED,7,40,NO ACCESS,Y,1986.0,172.30513281364497
MILL PARK DR,04-At/near private drive,11-Not on roadway - right side,01-Clear,07-Dark,MIDBLOCK,Saturday,November,1,MILL PARK DR,2,ROAD,LOCAL,9.0,20.0,PAVED,TwoWay,PAVED,6,40,NO ACCESS,N,1980.0,29.5598395566564
MILL PARK DR,01-Non intersection,11-Not on roadway - right side,01-Clear,"06-Dusk, artificial",MIDBLOCK,Friday,January,0,MILL PARK DR,2,ROAD,LOCAL,9.0,20.0,PAVED,TwoWay,PAVED,6,40,NO ACCESS,N,1980.0,86.37554965549108
MILL PARK DR,01-Non intersection,11-Not on roadway - right side,01-Clear,"06-Dusk, artificial",MIDBLOCK,Friday,January,0,MILL PARK DR,2,ROAD,LOCAL,9.0,18.0,PAVED,TwoWay,PAVED,6,40,NO ACCESS,N,1980.0,22.466209947708002
MILL PARK DR,01-Non intersection,11-Not on roadway - right side,01-Clear,"06-Dusk, artificial",MIDBLOCK,Friday,January,0,MILL PARK DR,2,ROAD,LOCAL,7.0,16.0,PAVED,TwoWay,PAVED,7,40,NO ACCESS,Y,1920.0,470.651946630633
MILL PARK DR,01-Non intersection,11-Not on roadway - right side,01-Clear,"06-Dusk, artificial",MIDBLOCK,Friday,January,0,MILL PARK DR,2,ROAD,LOCAL,7.0,20.0,PAVED,TwoWay,PAVED,7,40,NO ACCESS,N,1971.0,113.168041523125
MILL PARK DR,01-Non intersection,11-Not on roadway - right side,01-Clear,"06-Dusk, artificial",MIDBLOCK,Friday,January,0,MILL PARK DR,2,ROAD,LOCAL,9.0,20.0,PAVED,TwoWay,PAVED,6,40,NO ACCESS,N,1980.0,66.42476739388921
MILL PARK DR,01-Non intersection,11-Not on roadway - right side,01-Clear,"06-Dusk, artificial",MIDBLOCK,Friday,January,0,MILL PARK DR,2,ROAD,LOCAL,9.0,17.0,PAVED,TwoWay,PAVED,6,40,NO ACCESS,N,1980.0,497.855116801017
MILL PARK DR,01-Non intersection,11-Not on roadway - right side,01-Clear,"06-Dusk, artificial",MIDBLOCK,Friday,January,0,MILL PARK DR,2,ROAD,LOCAL,7.0,16.0,PAVED,TwoWay,PAVED,7,40,NO ACCESS,N,1971.0,723.8314600935139
MILL PARK DR,01-Non intersection,11-Not on roadway - right side,01-Clear,"06-Dusk, artificial",MIDBLOCK,Friday,January,0,MILL PARK DR,2,ROAD,LOCAL,9.0,20.0,PAVED,TwoWay,PAVED,7,40,NO ACCESS,Y,1986.0,172.30513281364497
MILL PARK DR,01-Non intersection,11-Not on roadway - right side,01-Clear,"06-Dusk, artificial",MIDBLOCK,Friday,January,0,MILL PARK DR,2,ROAD,LOCAL,9.0,20.0,PAVED,TwoWay,PAVED,6,40,NO ACCESS,N,1980.0,29.5598395566564
MILL PARK DR,02-Intersection related,02-Thru lane,01-Clear,01-Daylight,MIDBLOCK,Saturday,June,1,MILL PARK DR,2,ROAD,LOCAL,9.0,20.0,PAVED,TwoWay,PAVED,6,40,NO ACCESS,N,1980.0,86.37554965549108
MILL PARK DR,02-Intersection related,02-Thru lane,01-Clear,01-Daylight,MIDBLOCK,Saturday,June,1,MILL PARK DR,2,ROAD,LOCAL,9.0,18.0,PAVED,TwoWay,PAVED,6,40,NO ACCESS,N,1980.0,22.466209947708002
MILL PARK DR,02-Intersection related,02-Thru lane,01-Clear,01-Daylight,MIDBLOCK,Saturday,June,1,MILL PARK DR,2,ROAD,LOCAL,7.0,16.0,PAVED,TwoWay,PAVED,7,40,NO ACCESS,Y,1920.0,470.651946630633
MILL PARK DR,02-Intersection related,02-Thru lane,01-Clear,01-Daylight,MIDBLOCK,Saturday,June,1,MILL PARK DR,2,ROAD,LOCAL,7.0,20.0,PAVED,TwoWay,PAVED,7,40,NO ACCESS,N,1971.0,113.168041523125
MILL PARK DR,02-Intersection related,02-Thru lane,01-Clear,01-Daylight,MIDBLOCK,Saturday,June,1,MILL PARK DR,2,ROAD,LOCAL,9.0,20.0,PAVED,TwoWay,PAVED,6,40,NO ACCESS,N,1980.0,66.42476739388921
MILL PARK DR,02-Intersection related,02-Thru lane,01-Clear,01-Daylight,MIDBLOCK,Saturday,June,1,MILL PARK DR,2,ROAD,LOCAL,9.0,17.0,PAVED,TwoWay,PAVED,6,40,NO ACCESS,N,1980.0,497.855116801017
MILL PARK DR,02-Intersection related,02-Thru lane,01-Clear,01-Daylight,MIDBLOCK,Saturday,June,1,MILL PARK DR,2,ROAD,LOCAL,7.0,16.0,PAVED,TwoWay,PAVED,7,40,NO ACCESS,N,1971.0,723.8314600935139
MILL PARK DR,02-Intersection related,02-Thru lane,01-Clear,01-Daylight,MIDBLOCK,Saturday,June,1,MILL PARK DR,2,ROAD,LOCAL,9.0,20.0,PAVED,TwoWay,PAVED,7,40,NO ACCESS,Y,1986.0,172.30513281364497
MILL PARK DR,02-Intersection related,02-Thru lane,01-Clear,01-Daylight,MIDBLOCK,Saturday,June,1,MILL PARK DR,2,ROAD,LOCAL,9.0,20.0,PAVED,TwoWay,PAVED,6,40,NO ACCESS,N,1980.0,29.5598395566564
MILL PARK DR,04-At/near private drive,02-Thru lane,01-Clear,"08-Dark, artificial",MIDBLOCK,Friday,September,0,MILL PARK DR,2,ROAD,LOCAL,9.0,20.0,PAVED,TwoWay,PAVED,6,40,NO ACCESS,N,1980.0,86.37554965549108
MILL PARK DR,04-At/near private drive,02-Thru lane,01-Clear,"08-Dark, artificial",MIDBLOCK,Friday,September,0,MILL PARK DR,2,ROAD,LOCAL,9.0,18.0,PAVED,TwoWay,PAVED,6,40,NO ACCESS,N,1980.0,22.466209947708002
MILL PARK DR,04-At/near private drive,02-Thru lane,01-Clear,"08-Dark, artificial",MIDBLOCK,Friday,September,0,MILL PARK DR,2,ROAD,LOCAL,7.0,16.0,PAVED,TwoWay,PAVED,7,40,NO ACCESS,Y,1920.0,470.651946630633
MILL PARK DR,04-At/near private drive,02-Thru lane,01-Clear,"08-Dark, artificial",MIDBLOCK,Friday,September,0,MILL PARK DR,2,ROAD,LOCAL,7.0,20.0,PAVED,TwoWay,PAVED,7,40,NO ACCESS,N,1971.0,113.168041523125
MILL PARK DR,04-At/near private drive,02-Thru lane,01-Clear,"08-Dark, artificial",MIDBLOCK,Friday,September,0,MILL PARK DR,2,ROAD,LOCAL,9.0,20.0,PAVED,TwoWay,PAVED,6,40,NO ACCESS,N,1980.0,66.42476739388921
MILL PARK DR,04-At/near private drive,02-Thru lane,01-Clear,"08-Dark, artificial",MIDBLOCK,Friday,September,0,MILL PARK DR,2,ROAD,LOCAL,9.0,17.0,PAVED,TwoWay,PAVED,6,40,NO ACCESS,N,1980.0,497.855116801017
MILL PARK DR,04-At/near private drive,02-Thru lane,01-Clear,"08-Dark, artificial",MIDBLOCK,Friday,September,0,MILL PARK DR,2,ROAD,LOCAL,7.0,16.0,PAVED,TwoWay,PAVED,7,40,NO ACCESS,N,1971.0,723.8314600935139
MILL PARK DR,04-At/near private drive,02-Thru lane,01-Clear,"08-Dark, artificial",MIDBLOCK,Friday,September,0,MILL PARK DR,2,ROAD,LOCAL,9.0,20.0,PAVED,TwoWay,PAVED,7,40,NO ACCESS,Y,1986.0,172.30513281364497
MILL PARK DR,04-At/near private drive,02-Thru lane,01-Clear,"08-Dark, artificial",MIDBLOCK,Friday,September,0,MILL PARK DR,2,ROAD,LOCAL,9.0,20.0,PAVED,TwoWay,PAVED,6,40,NO ACCESS,N,1980.0,29.5598395566564
MILL PARK DR,01-Non intersection,10-Not on roadway - left side,01-Clear,07-Dark,MIDBLOCK,Monday,May,0,MILL PARK DR,2,ROAD,LOCAL,9.0,20.0,PAVED,TwoWay,PAVED,6,40,NO ACCESS,N,1980.0,86.37554965549108
MILL PARK DR,01-Non intersection,10-Not on roadway - left side,01-Clear,07-Dark,MIDBLOCK,Monday,May,0,MILL PARK DR,2,ROAD,LOCAL,9.0,18.0,PAVED,TwoWay,PAVED,6,40,NO ACCESS,N,1980.0,22.466209947708002
MILL PARK DR,01-Non intersection,10-Not on roadway - left side,01-Clear,07-Dark,MIDBLOCK,Monday,May,0,MILL PARK DR,2,ROAD,LOCAL,7.0,16.0,PAVED,TwoWay,PAVED,7,40,NO ACCESS,Y,1920.0,470.651946630633
MILL PARK DR,01-Non intersection,10-Not on roadway - left side,01-Clear,07-Dark,MIDBLOCK,Monday,May,0,MILL PARK DR,2,ROAD,LOCAL,7.0,20.0,PAVED,TwoWay,PAVED,7,40,NO ACCESS,N,1971.0,113.168041523125
MILL PARK DR,01-Non intersection,10-Not on roadway - left side,01-Clear,07-Dark,MIDBLOCK,Monday,May,0,MILL PARK DR,2,ROAD,LOCAL,9.0,20.0,PAVED,TwoWay,PAVED,6,40,NO ACCESS,N,1980.0,66.42476739388921
MILL PARK DR,01-Non intersection,10-Not on roadway - left side,01-Clear,07-Dark,MIDBLOCK,Monday,May,0,MILL PARK DR,2,ROAD,LOCAL,9.0,17.0,PAVED,TwoWay,PAVED,6,40,NO ACCESS,N,1980.0,497.855116801017
MILL PARK DR,01-Non intersection,10-Not on roadway - left side,01-Clear,07-Dark,MIDBLOCK,Monday,May,0,MILL PARK DR,2,ROAD,LOCAL,7.0,16.0,PAVED,TwoWay,PAVED,7,40,NO ACCESS,N,1971.0,723.8314600935139
MILL PARK DR,01-Non intersection,10-Not on roadway - left side,01-Clear,07-Dark,MIDBLOCK,Monday,May,0,MILL PARK DR,2,ROAD,LOCAL,9.0,20.0,PAVED,TwoWay,PAVED,7,40,NO ACCESS,Y,1986.0,172.30513281364497
MILL PARK DR,01-Non intersection,10-Not on roadway - left side,01-Clear,07-Dark,MIDBLOCK,Monday,May,0,MILL PARK DR,2,ROAD,LOCAL,9.0,20.0,PAVED,TwoWay,PAVED,6,40,NO ACCESS,N,1980.0,29.5598395566564
MILL PARK DR,01-Non intersection,02-Thru lane,03-Snow,03-Dawn,MIDBLOCK,Friday,January,0,MILL PARK DR,2,ROAD,LOCAL,9.0,20.0,PAVED,TwoWay,PAVED,6,40,NO ACCESS,N,1980.0,86.37554965549108
MILL PARK DR,01-Non intersection,02-Thru lane,03-Snow,03-Dawn,MIDBLOCK,Friday,January,0,MILL PARK DR,2,ROAD,LOCAL,9.0,18.0,PAVED,TwoWay,PAVED,6,40,NO ACCESS,N,1980.0,22.466209947708002
MILL PARK DR,01-Non intersection,02-Thru lane,03-Snow,03-Dawn,MIDBLOCK,Friday,January,0,MILL PARK DR,2,ROAD,LOCAL,7.0,16.0,PAVED,TwoWay,PAVED,7,40,NO ACCESS,Y,1920.0,470.651946630633
MILL PARK DR,01-Non intersection,02-Thru lane,03-Snow,03-Dawn,MIDBLOCK,Friday,January,0,MILL PARK DR,2,ROAD,LOCAL,7.0,20.0,PAVED,TwoWay,PAVED,7,40,NO ACCESS,N,1971.0,113.168041523125
MILL PARK DR,01-Non intersection,02-Thru lane,03-Snow,03-Dawn,MIDBLOCK,Friday,January,0,MILL PARK DR,2,ROAD,LOCAL,9.0,20.0,PAVED,TwoWay,PAVED,6,40,NO ACCESS,N,1980.0,66.42476739388921
MILL PARK DR,01-Non intersection,02-Thru lane,03-Snow,03-Dawn,MIDBLOCK,Friday,January,0,MILL PARK DR,2,ROAD,LOCAL,9.0,17.0,PAVED,TwoWay,PAVED,6,40,NO ACCESS,N,1980.0,497.855116801017
MILL PARK DR,01-Non intersection,02-Thru lane,03-Snow,03-Dawn,MIDBLOCK,Friday,January,0,MILL PARK DR,2,ROAD,LOCAL,7.0,16.0,PAVED,TwoWay,PAVED,7,40,NO ACCESS,N,1971.0,723.8314600935139
MILL PARK DR,01-Non intersection,02-Thru lane,03-Snow,03-Dawn,MIDBLOCK,Friday,January,0,MILL PARK DR,2,ROAD,LOCAL,9.0,20.0,PAVED,TwoWay,PAVED,7,40,NO ACCESS,Y,1986.0,172.30513281364497
MILL PARK DR,01-Non intersection,02-Thru lane,03-Snow,03-Dawn,MIDBLOCK,Friday,January,0,MILL PARK DR,2,ROAD,LOCAL,9.0,20.0,PAVED,TwoWay,PAVED,6,40,NO ACCESS,N,1980.0,29.5598395566564
MILL PARK DR,04-At/near private drive,02-Thru lane,03-Snow,01-Daylight,MIDBLOCK,Friday,November,0,MILL PARK DR,2,ROAD,LOCAL,9.0,20.0,PAVED,TwoWay,PAVED,6,40,NO ACCESS,N,1980.0,86.37554965549108
MILL PARK DR,04-At/near private drive,02-Thru lane,03-Snow,01-Daylight,MIDBLOCK,Friday,November,0,MILL PARK DR,2,ROAD,LOCAL,9.0,18.0,PAVED,TwoWay,PAVED,6,40,NO ACCESS,N,1980.0,22.466209947708002
MILL PARK DR,04-At/near private drive,02-Thru lane,03-Snow,01-Daylight,MIDBLOCK,Friday,November,0,MILL PARK DR,2,ROAD,LOCAL,7.0,16.0,PAVED,TwoWay,PAVED,7,40,NO ACCESS,Y,1920.0,470.651946630633
MILL PARK DR,04-At/near private drive,02-Thru lane,03-Snow,01-Daylight,MIDBLOCK,Friday,November,0,MILL PARK DR,2,ROAD,LOCAL,7.0,20.0,PAVED,TwoWay,PAVED,7,40,NO ACCESS,N,1971.0,113.168041523125
MILL PARK DR,04-At/near private drive,02-Thru lane,03-Snow,01-Daylight,MIDBLOCK,Friday,November,0,MILL PARK DR,2,ROAD,LOCAL,9.0,20.0,PAVED,TwoWay,PAVED,6,40,NO ACCESS,N,1980.0,66.42476739388921
MILL PARK DR,04-At/near private drive,02-Thru lane,03-Snow,01-Daylight,MIDBLOCK,Friday,November,0,MILL PARK DR,2,ROAD,LOCAL,9.0,17.0,PAVED,TwoWay,PAVED,6,40,NO ACCESS,N,1980.0,497.855116801017
MILL PARK DR,04-At/near private drive,02-Thru lane,03-Snow,01-Daylight,MIDBLOCK,Friday,November,0,MILL PARK DR,2,ROAD,LOCAL,7.0,16.0,PAVED,TwoWay,PAVED,7,40,NO ACCESS,N,1971.0,723.8314600935139
MILL PARK DR,04-At/near private drive,02-Thru lane,03-Snow,01-Daylight,MIDBLOCK,Friday,November,0,MILL PARK DR,2,ROAD,LOCAL,9.0,20.0,PAVED,TwoWay,PAVED,7,40,NO ACCESS,Y,1986.0,172.30513281364497
MILL PARK DR,04-At/near private drive,02-Thru lane,03-Snow,01-Daylight,MIDBLOCK,Friday,November,0,MILL PARK DR,2,ROAD,LOCAL,9.0,20.0,PAVED,TwoWay,PAVED,6,40,NO ACCESS,N,1980.0,29.5598395566564
MILL PARK DR,01-Non intersection,11-Not on roadway - right side,03-Snow,07-Dark,MIDBLOCK,Saturday,November,1,MILL PARK DR,2,ROAD,LOCAL,9.0,20.0,PAVED,TwoWay,PAVED,6,40,NO ACCESS,N,1980.0,86.37554965549108
MILL PARK DR,01-Non intersection,11-Not on roadway - right side,03-Snow,07-Dark,MIDBLOCK,Saturday,November,1,MILL PARK DR,2,ROAD,LOCAL,9.0,18.0,PAVED,TwoWay,PAVED,6,40,NO ACCESS,N,1980.0,22.466209947708002
MILL PARK DR,01-Non intersection,11-Not on roadway - right side,03-Snow,07-Dark,MIDBLOCK,Saturday,November,1,MILL PARK DR,2,ROAD,LOCAL,7.0,16.0,PAVED,TwoWay,PAVED,7,40,NO ACCESS,Y,1920.0,470.651946630633
MILL PARK DR,01-Non intersection,11-Not on roadway - right side,03-Snow,07-Dark,MIDBLOCK,Saturday,November,1,MILL PARK DR,2,ROAD,LOCAL,7.0,20.0,PAVED,TwoWay,PAVED,7,40,NO ACCESS,N,1971.0,113.168041523125
MILL PARK DR,01-Non intersection,11-Not on roadway - right side,03-Snow,07-Dark,MIDBLOCK,Saturday,November,1,MILL PARK DR,2,ROAD,LOCAL,9.0,20.0,PAVED,TwoWay,PAVED,6,40,NO ACCESS,N,1980.0,66.42476739388921
MILL PARK DR,01-Non intersection,11-Not on roadway - right side,03-Snow,07-Dark,MIDBLOCK,Saturday,November,1,MILL PARK DR,2,ROAD,LOCAL,9.0,17.0,PAVED,TwoWay,PAVED,6,40,NO ACCESS,N,1980.0,497.855116801017
MILL PARK DR,01-Non intersection,11-Not on roadway - right side,03-Snow,07-Dark,MIDBLOCK,Saturday,November,1,MILL PARK DR,2,ROAD,LOCAL,7.0,16.0,PAVED,TwoWay,PAVED,7,40,NO ACCESS,N,1971.0,723.8314600935139
MILL PARK DR,01-Non intersection,11-Not on roadway - right side,03-Snow,07-Dark,MIDBLOCK,Saturday,November,1,MILL PARK DR,2,ROAD,LOCAL,9.0,20.0,PAVED,TwoWay,PAVED,7,40,NO ACCESS,Y,1986.0,172.30513281364497
MILL PARK DR,01-Non intersection,11-Not on roadway - right side,03-Snow,07-Dark,MIDBLOCK,Saturday,November,1,MILL PARK DR,2,ROAD,LOCAL,9.0,20.0,PAVED,TwoWay,PAVED,6,40,NO ACCESS,N,1980.0,29.5598395566564
MILL PARK DR,01-Non intersection,02-Thru lane,01-Clear,07-Dark,MIDBLOCK,Tuesday,March,0,MILL PARK DR,2,ROAD,LOCAL,9.0,20.0,PAVED,TwoWay,PAVED,6,40,NO ACCESS,N,1980.0,86.37554965549108
MILL PARK DR,01-Non intersection,02-Thru lane,01-Clear,07-Dark,MIDBLOCK,Tuesday,March,0,MILL PARK DR,2,ROAD,LOCAL,9.0,18.0,PAVED,TwoWay,PAVED,6,40,NO ACCESS,N,1980.0,22.466209947708002
MILL PARK DR,01-Non intersection,02-Thru lane,01-Clear,07-Dark,MIDBLOCK,Tuesday,March,0,MILL PARK DR,2,ROAD,LOCAL,7.0,16.0,PAVED,TwoWay,PAVED,7,40,NO ACCESS,Y,1920.0,470.651946630633
MILL PARK DR,01-Non intersection,02-Thru lane,01-Clear,07-Dark,MIDBLOCK,Tuesday,March,0,MILL PARK DR,2,ROAD,LOCAL,7.0,20.0,PAVED,TwoWay,PAVED,7,40,NO ACCESS,N,1971.0,113.168041523125
MILL PARK DR,01-Non intersection,02-Thru lane,01-Clear,07-Dark,MIDBLOCK,Tuesday,March,0,MILL PARK DR,2,ROAD,LOCAL,9.0,20.0,PAVED,TwoWay,PAVED,6,40,NO ACCESS,N,1980.0,66.42476739388921
MILL PARK DR,01-Non intersection,02-Thru lane,01-Clear,07-Dark,MIDBLOCK,Tuesday,March,0,MILL PARK DR,2,ROAD,LOCAL,9.0,17.0,PAVED,TwoWay,PAVED,6,40,NO ACCESS,N,1980.0,497.855116801017
MILL PARK DR,01-Non intersection,02-Thru lane,01-Clear,07-Dark,MIDBLOCK,Tuesday,March,0,MILL PARK DR,2,ROAD,LOCAL,7.0,16.0,PAVED,TwoWay,PAVED,7,40,NO ACCESS,N,1971.0,723.8314600935139
MILL PARK DR,01-Non intersection,02-Thru lane,01-Clear,07-Dark,MIDBLOCK,Tuesday,March,0,MILL PARK DR,2,ROAD,LOCAL,9.0,20.0,PAVED,TwoWay,PAVED,7,40,NO ACCESS,Y,1986.0,172.30513281364497
MILL PARK DR,01-Non intersection,02-Thru lane,01-Clear,07-Dark,MIDBLOCK,Tuesday,March,0,MILL PARK DR,2,ROAD,LOCAL,9.0,20.0,PAVED,TwoWay,PAVED,6,40,NO ACCESS,N,1980.0,29.5598395566564
MILL PARK DR,04-At/near private drive,12-Off highway,01-Clear,01-Daylight,MIDBLOCK,Thursday,April,0,MILL PARK DR,2,ROAD,LOCAL,9.0,20.0,PAVED,TwoWay,PAVED,6,40,NO ACCESS,N,1980.0,86.37554965549108