LOCATION,ACCIDENT_LOCATION,IMPACT_LOCATION,ENVIRONMENT_CONDITION,LIGHT,COLLISION_TYPE,DAY_OF_WEEK,MONTH,IS_WEEKEND,STREET,LANES,CATEGORY,SUBCATEGORY,PAVEMENT_WIDTH,ROW_WIDTH,SHOULDER,FLOW_DIRECTION,SURFACE_LAYER_TYPE,OFFICIAL_ROAD_CLASSIFICATION,SPEED_LIMIT_KM,TRUCK_ACCESS,BUS_ROUTE,SERVICE_YEAR,Shape__Length
MILL PARK DR,04-At/near private drive,12-Off highway,01-Clear,01-Daylight,MIDBLOCK,Thursday,April,0,MILL PARK DR,2,ROAD,LOCAL,9.0,18.0,PAVED,TwoWay,PAVED,6,40,NO ACCESS,N,1980.0,22.466209947708002
MILL PARK DR,04-At/near private drive,12-Off highway,01-Clear,01-Daylight,MIDBLOCK,Thursday,April,0,MILL PARK DR,2,ROAD,LOCAL,7.0,16.0,PAVED,TwoWay,PAVED,7,40,NO ACCESS,Y,1920.0,470.651946630633
MILL PARK DR,04-At/near private drive,12-Off highway,01-Clear,01-Daylight,MIDBLOCK,Thursday,April,0,MILL PARK DR,2,ROAD,LOCAL,7.0,20.0,PAVED,TwoWay,PAVED,7,40,NO ACCESS,N,1971.0,113.168041523125
MILL PARK DR,04-At/near private drive,12-Off highway,01-Clear,01-Daylight,MIDBLOCK,Thursday,April,0,MILL PARK DR,2,ROAD,LOCAL,9.0,20.0,PAVED,TwoWay,PAVED,6,40,NO ACCESS,N,1980.0,66.42476739388921
MILL PARK DR,04-At/near private drive,12-Off highway,01-Clear,01-Daylight,MIDBLOCK,Thursday,April,0,MILL PARK DR,2,ROAD,LOCAL,9.0,17.0,PAVED,TwoWay,PAVED,6,40,NO ACCESS,N,1980.0,497.855116801017
MILL PARK DR,04-At/near private drive,12-Off highway,01-Clear,01-Daylight,MIDBLOCK,Thursday,April,0,MILL PARK DR,2,ROAD,LOCAL,7.0,16.0,PAVED,TwoWay,PAVED,7,40,NO ACCESS,N,1971.0,723.8314600935139
MILL PARK DR,04-At/near private drive,12-Off highway,01-Clear,01-Daylight,MIDBLOCK,Thursday,April,0,MILL PARK DR,2,ROAD,LOCAL,9.0,20.0,PAVED,TwoWay,PAVED,7,40,NO ACCESS,Y,1986.0,172.30513281364497
MILL PARK DR,04-At/near private drive,12-Off highway,01-Clear,01-Daylight,MIDBLOCK,Thursday,April,0,MILL PARK DR,2,ROAD,LOCAL,9.0,20.0,PAVED,TwoWay,PAVED,6,40,NO ACCESS,N,1980.0,29.5598395566564
MILL PARK DR,01-Non intersection,11-Not on roadway - right side,01-Clear,05-Dusk,MIDBLOCK,Friday,June,0,MILL PARK DR,2,ROAD,LOCAL,9.0,20.0,PAVED,TwoWay,PAVED,6,40,NO ACCESS,N,1980.0,86.37554965549108
MILL PARK DR,01-Non intersection,11-Not on roadway - right side,01-Clear,05-Dusk,MIDBLOCK,Friday,June,0,MILL PARK DR,2,ROAD,LOCAL,9.0,18.0,PAVED,TwoWay,PAVED,6,40,NO ACCESS,N,1980.0,22.466209947708002
MILL PARK DR,01-Non intersection,11-Not on roadway - right side,01-Clear,05-Dusk,MIDBLOCK,Friday,June,0,MILL PARK DR,2,ROAD,LOCAL,7.0,16.0,PAVED,TwoWay,PAVED,7,40,NO ACCESS,Y,1920.0,470.651946630633
MILL PARK DR,01-Non intersection,11-Not on roadway - right side,01-Clear,05-Dusk,MIDBLOCK,Friday,June,0,MILL PARK DR,2,ROAD,LOCAL,7.0,20.0,PAVED,TwoWay,PAVED,7,40,NO ACCESS,N,1971.0,113.168041523125
MILL PARK DR,01-Non intersection,11-Not on roadway - right side,01-Clear,05-Dusk,MIDBLOCK,Friday,June,0,MILL PARK DR,2,ROAD,LOCAL,9.0,20.0,PAVED,TwoWay,PAVED,6,40,NO ACCESS,N,1980.0,66.42476739388921
MILL PARK DR,01-Non intersection,11-Not on roadway - right side,01-Clear,05-Dusk,MIDBLOCK,Friday,June,0,MILL PARK DR,2,ROAD,LOCAL,9.0,17.0,PAVED,TwoWay,PAVED,6,40,NO ACCESS,N,1980.0,497.855116801017
MILL PARK DR,01-Non intersection,11-Not on roadway - right side,01-Clear,05-Dusk,MIDBLOCK,Friday,June,0,MILL PARK DR,2,ROAD,LOCAL,7.0,16.0,PAVED,TwoWay,PAVED,7,40,NO ACCESS,N,1971.0,723.8314600935139
MILL PARK DR,01-Non intersection,11-Not on roadway - right side,01-Clear,05-Dusk,MIDBLOCK,Friday,June,0,MILL PARK DR,2,ROAD,LOCAL,9.0,20.0,PAVED,TwoWay,PAVED,7,40,NO ACCESS,Y,1986.0,172.30513281364497
MILL PARK DR,01-Non intersection,11-Not on roadway - right side,01-Clear,05-Dusk,MIDBLOCK,Friday,June,0,MILL PARK DR,2,ROAD,LOCAL,9.0,20.0,PAVED,TwoWay,PAVED,6,40,NO ACCESS,N,1980.0,29.5598395566564
MILL PARK DR,04-At/near private drive,02-Thru lane,01-Clear,01-Daylight,MIDBLOCK,Friday,August,0,MILL PARK DR,2,ROAD,LOCAL,9.0,20.0,PAVED,TwoWay,PAVED,6,40,NO ACCESS,N,1980.0,86.37554965549108
MILL PARK DR,04-At/near private drive,02-Thru lane,01-Clear,01-Daylight,MIDBLOCK,Friday,August,0,MILL PARK DR,2,ROAD,LOCAL,9.0,18.0,PAVED,TwoWay,PAVED,6,40,NO ACCESS,N,1980.0,22.466209947708002
MILL PARK DR,04-At/near private drive,02-Thru lane,01-Clear,01-Daylight,MIDBLOCK,Friday,August,0,MILL PARK DR,2,ROAD,LOCAL,7.0,16.0,PAVED,TwoWay,PAVED,7,40,NO ACCESS,Y,1920.0,470.651946630633
MILL PARK DR,04-At/near private drive,02-Thru lane,01-Clear,01-Daylight,MIDBLOCK,Friday,August,0,MILL PARK DR,2,ROAD,LOCAL,7.0,20.0,PAVED,TwoWay,PAVED,7,40,NO ACCESS,N,1971.0,113.168041523125
MILL PARK DR,04-At/near private drive,02-Thru lane,01-Clear,01-Daylight,MIDBLOCK,Friday,August,0,MILL PARK DR,2,ROAD,LOCAL,9.0,20.0,PAVED,TwoWay,PAVED,6,40,NO ACCESS,N,1980.0,66.42476739388921
MILL PARK DR,04-At/near private drive,02-Thru lane,01-Clear,01-Daylight,MIDBLOCK,Friday,August,0,MILL PARK DR,2,ROAD,LOCAL,9.0,17.0,PAVED,TwoWay,PAVED,6,40,NO ACCESS,N,1980.0,497.855116801017
MILL PARK DR,04-At/near private drive,02-Thru lane,01-Clear,01-Daylight,MIDBLOCK,Friday,August,0,MILL PARK DR,2,ROAD,LOCAL,7.0,16.0,PAVED,TwoWay,PAVED,7,40,NO ACCESS,N,1971.0,723.8314600935139
MILL PARK DR,04-At/near private drive,02-Thru lane,01-Clear,01-Daylight,MIDBLOCK,Friday,August,0,MILL PARK DR,2,ROAD,LOCAL,9.0,20.0,PAVED,TwoWay,PAVED,7,40,NO ACCESS,Y,1986.0,172.30513281364497
MILL PARK DR,04-At/near private drive,02-Thru lane,01-Clear,01-Daylight,MIDBLOCK,Friday,August,0,MILL PARK DR,2,ROAD,LOCAL,9.0,20.0,PAVED,TwoWay,PAVED,6,40,NO ACCESS,N,1980.0,29.5598395566564
MILL PARK DR,01-Non intersection,12-Off highway,01-Clear,01-Daylight,MIDBLOCK,Thursday,June,0,MILL PARK DR,2,ROAD,LOCAL,9.0,20.0,PAVED,TwoWay,PAVED,6,40,NO ACCESS,N,1980.0,86.37554965549108
MILL PARK DR,01-Non intersection,12-Off highway,01-Clear,01-Daylight,MIDBLOCK,Thursday,June,0,MILL PARK DR,2,ROAD,LOCAL,9.0,18.0,PAVED,TwoWay,PAVED,6,40,NO ACCESS,N,1980.0,22.466209947708002
MILL PARK DR,01-Non intersection,12-Off highway,01-Clear,01-Daylight,MIDBLOCK,Thursday,June,0,MILL PARK DR,2,ROAD,LOCAL,7.0,16.0,PAVED,TwoWay,PAVED,7,40,NO ACCESS,Y,1920.0,470.651946630633
MILL PARK DR,01-Non intersection,12-Off highway,01-Clear,01-Daylight,MIDBLOCK,Thursday,June,0,MILL PARK DR,2,ROAD,LOCAL,7.0,20.0,PAVED,TwoWay,PAVED,7,40,NO ACCESS,N,1971.0,113.168041523125
MILL PARK DR,01-Non intersection,12-Off highway,01-Clear,01-Daylight,MIDBLOCK,Thursday,June,0,MILL PARK DR,2,ROAD,LOCAL,9.0,20.0,PAVED,TwoWay,PAVED,6,40,NO ACCESS,N,1980.0,66.42476739388921
MILL PARK DR,01-Non intersection,12-Off highway,01-Clear,01-Daylight,MIDBLOCK,Thursday,June,0,MILL PARK DR,2,ROAD,LOCAL,9.0,17.0,PAVED,TwoWay,PAVED,6,40,NO ACCESS,N,1980.0,497.855116801017
MILL PARK DR,01-Non intersection,12-Off highway,01-Clear,01-Daylight,MIDBLOCK,Thursday,June,0,MILL PARK DR,2,ROAD,LOCAL,7.0,16.0,PAVED,TwoWay,PAVED,7,40,NO ACCESS,N,1971.0,723.8314600935139
MILL PARK DR,01-Non intersection,12-Off highway,01-Clear,01-Daylight,MIDBLOCK,Thursday,June,0,MILL PARK DR,2,ROAD,LOCAL,9.0,20.0,PAVED,TwoWay,PAVED,7,40,NO ACCESS,Y,1986.0,172.30513281364497
MILL PARK DR,01-Non intersection,12-Off highway,01-Clear,01-Daylight,MIDBLOCK,Thursday,June,0,MILL PARK DR,2,ROAD,LOCAL,9.0,20.0,PAVED,TwoWay,PAVED,6,40,NO ACCESS,N,1980.0,29.5598395566564
MILL PARK DR,01-Non intersection,02-Thru lane,01-Clear,01-Daylight,MIDBLOCK,Thursday,July,0,MILL PARK DR,2,ROAD,LOCAL,9.0,20.0,PAVED,TwoWay,PAVED,6,40,NO ACCESS,N,1980.0,86.37554965549108
MILL PARK DR,01-Non intersection,02-Thru lane,01-Clear,01-Daylight,MIDBLOCK,Thursday,July,0,MILL PARK DR,2,ROAD,LOCAL,9.0,18.0,PAVED,TwoWay,PAVED,6,40,NO ACCESS,N,1980.0,22.466209947708002
MILL PARK DR,01-Non intersection,02-Thru lane,01-Clear,01-Daylight,MIDBLOCK,Thursday,July,0,MILL PARK DR,2,ROAD,LOCAL,7.0,16.0,PAVED,TwoWay,PAVED,7,40,NO ACCESS,Y,1920.0,470.651946630633
MILL PARK DR,01-Non intersection,02-Thru lane,01-Clear,01-Daylight,MIDBLOCK,Thursday,July,0,MILL PARK DR,2,ROAD,LOCAL,7.0,20.0,PAVED,TwoWay,PAVED,7,40,NO ACCESS,N,1971.0,113.168041523125
MILL PARK DR,01-Non intersection,02-Thru lane,01-Clear,01-Daylight,MIDBLOCK,Thursday,July,0,MILL PARK DR,2,ROAD,LOCAL,9.0,20.0,PAVED,TwoWay,PAVED,6,40,NO ACCESS,N,1980.0,66.42476739388921
MILL PARK DR,01-Non intersection,02-Thru lane,01-Clear,01-Daylight,MIDBLOCK,Thursday,July,0,MILL PARK DR,2,ROAD,LOCAL,9.0,17.0,PAVED,TwoWay,PAVED,6,40,NO ACCESS,N,1980.0,497.855116801017
MILL PARK DR,01-Non intersection,02-Thru lane,01-Clear,01-Daylight,MIDBLOCK,Thursday,July,0,MILL PARK DR,2,ROAD,LOCAL,7.0,16.0,PAVED,TwoWay,PAVED,7,40,NO ACCESS,N,1971.0,723.8314600935139
MILL PARK DR,01-Non intersection,02-Thru lane,01-Clear,01-Daylight,MIDBLOCK,Thursday,July,0,MILL PARK DR,2,ROAD,LOCAL,9.0,20.0,PAVED,TwoWay,PAVED,7,40,NO ACCESS,Y,1986.0,172.30513281364497
MILL PARK DR,01-Non intersection,02-Thru lane,01-Clear,01-Daylight,MIDBLOCK,Thursday,July,0,MILL PARK DR,2,ROAD,LOCAL,9.0,20.0,PAVED,TwoWay,PAVED,6,40,NO ACCESS,N,1980.0,29.5598395566564
MILL PARK DR,01-Non intersection,10-Not on roadway - left side,01-Clear,07-Dark,MIDBLOCK,Friday,September,0,MILL PARK DR,2,ROAD,LOCAL,9.0,20.0,PAVED,TwoWay,PAVED,6,40,NO ACCESS,N,1980.0,86.37554965549108
MILL PARK DR,01-Non intersection,10-Not on roadway - left side,01-Clear,07-Dark,MIDBLOCK,Friday,September,0,MILL PARK DR,2,ROAD,LOCAL,9.0,18.0,PAVED,TwoWay,PAVED,6,40,NO ACCESS,N,1980.0,22.466209947708002
MILL PARK DR,01-Non intersection,10-Not on roadway - left side,01-Clear,07-Dark,MIDBLOCK,Friday,September,0,MILL PARK DR,2,ROAD,LOCAL,7.0,16.0,PAVED,TwoWay,PAVED,7,40,NO ACCESS,Y,1920.0,470.651946630633
MILL PARK DR,01-Non intersection,10-Not on roadway - left side,01-Clear,07-Dark,MIDBLOCK,Friday,September,0,MILL PARK DR,2,ROAD,LOCAL,7.0,20.0,PAVED,TwoWay,PAVED,7,40,NO ACCESS,N,1971.0,113.168041523125
MILL PARK DR,01-Non intersection,10-Not on roadway - left side,01-Clear,07-Dark,MIDBLOCK,Friday,September,0,MILL PARK DR,2,ROAD,LOCAL,9.0,20.0,PAVED,TwoWay,PAVED,6,40,NO ACCESS,N,1980.0,66.42476739388921
MILL PARK DR,01-Non intersection,10-Not on roadway - left side,01-Clear,07-Dark,MIDBLOCK,Friday,September,0,MILL PARK DR,2,ROAD,LOCAL,9.0,17.0,PAVED,TwoWay,PAVED,6,40,NO ACCESS,N,1980.0,497.855116801017
MILL PARK DR,01-Non intersection,10-Not on roadway - left side,01-Clear,07-Dark,MIDBLOCK,Friday,September,0,MILL PARK DR,2,ROAD,LOCAL,7.0,16.0,PAVED,TwoWay,PAVED,7,40,NO ACCESS,N,1971.0,723.8314600935139
MILL PARK DR,01-Non intersection,10-Not on roadway - left side,01-Clear,07-Dark,MIDBLOCK,Friday,September,0,MILL PARK DR,2,ROAD,LOCAL,9.0,20.0,PAVED,TwoWay,PAVED,7,40,NO ACCESS,Y,1986.0,172.30513281364497
MILL PARK DR,01-Non intersection,10-Not on roadway - left side,01-Clear,07-Dark,MIDBLOCK,Friday,September,0,MILL PARK DR,2,ROAD,LOCAL,9.0,20.0,PAVED,TwoWay,PAVED,6,40,NO ACCESS,N,1980.0,29.5598395566564
MANSION ST,04-At/near private drive,02-Thru lane,01-Clear,01-Daylight,MIDBLOCK,Tuesday,January,0,MANSION ST,2,ROAD,LOCAL,6.0,12.0,PAVED,TwoWay,PAVED,6,50,NO ACCESS,N,2007.0,225.612432292246
MANSION ST,04-At/near private drive,02-Thru lane,02-Rain,01-Daylight,MIDBLOCK,Monday,October,0,MANSION ST,2,ROAD,LOCAL,6.0,12.0,PAVED,TwoWay,PAVED,6,50,NO ACCESS,N,2007.0,225.612432292246
KEEWATIN AVE,01-Non intersection,09-Right shoulder,01-Clear,01-Daylight,MIDBLOCK,Sunday,February,1,KEEWATIN AVE,2,ROAD,MINOR,10.0,20.0,PAVED,TwoWay,PAVED,4,50,NO ACCESS,Y,1995.0,216.298526140194
KEEWATIN AVE,01-Non intersection,09-Right shoulder,01-Clear,01-Daylight,MIDBLOCK,Sunday,February,1,KEEWATIN AVE,2,ROAD,MINOR,10.0,20.0,PAVED,TwoWay,PAVED,4,50,NO ACCESS,Y,1976.0,81.2963509443278
KEEWATIN AVE,01-Non intersection,09-Right shoulder,01-Clear,01-Daylight,MIDBLOCK,Sunday,February,1,KEEWATIN AVE,2,ROAD,MINOR,10.0,20.0,PAVED,TwoWay,PAVED,4,50,NO ACCESS,Y,1990.0,155.76325390458499
KEEWATIN AVE,01-Non intersection,09-Right shoulder,01-Clear,01-Daylight,MIDBLOCK,Sunday,February,1,KEEWATIN AVE,2,ROAD,MINOR,10.0,20.0,PAVED,TwoWay,PAVED,4,50,NO ACCESS,Y,1995.0,143.131211018949
KEEWATIN AVE,01-Non intersection,09-Right shoulder,01-Clear,01-Daylight,MIDBLOCK,Sunday,February,1,KEEWATIN AVE,2,ROAD,MINOR,10.0,20.0,PAVED,TwoWay,PAVED,4,50,NO ACCESS,Y,1995.0,90.50888116666
KEEWATIN AVE,01-Non intersection,09-Right shoulder,01-Clear,01-Daylight,MIDBLOCK,Sunday,February,1,KEEWATIN AVE,2,ROAD,MINOR,10.0,20.0,PAVED,TwoWay,PAVED,4,50,NO ACCESS,Y,1976.0,255.205231953647
KEEWATIN AVE,01-Non intersection,09-Right shoulder,01-Clear,01-Daylight,MIDBLOCK,Sunday,February,1,KEEWATIN AVE,2,ROAD,MINOR,10.0,20.0,PAVED,TwoWay,PAVED,4,50,NO ACCESS,Y,1995.0,44.9767182830751
KEEWATIN AVE,01-Non intersection,09-Right shoulder,01-Clear,01-Daylight,MIDBLOCK,Sunday,February,1,KEEWATIN AVE,2,ROAD,MINOR,10.0,20.0,PAVED,TwoWay,PAVED,4,50,NO ACCESS,Y,1976.0,136.746170439785
KEEWATIN AVE,01-Non intersection,09-Right shoulder,01-Clear,01-Daylight,MIDBLOCK,Sunday,February,1,KEEWATIN AVE,2,ROAD,MINOR,10.0,20.0,PAVED,TwoWay,PAVED,4,50,NO ACCESS,Y,1995.0,140.463366181131
KEEWATIN AVE,04-At/near private drive,02-Thru lane,03-Snow,"08-Dark, artificial",MIDBLOCK,Wednesday,December,0,KEEWATIN AVE,2,ROAD,MINOR,10.0,20.0,PAVED,TwoWay,PAVED,4,50,NO ACCESS,Y,1995.0,216.298526140194
KEEWATIN AVE,04-At/near private drive,02-Thru lane,03-Snow,"08-Dark, artificial",MIDBLOCK,Wednesday,December,0,KEEWATIN AVE,2,ROAD,MINOR,10.0,20.0,PAVED,TwoWay,PAVED,4,50,NO ACCESS,Y,1976.0,81.2963509443278
KEEWATIN AVE,04-At/near private drive,02-Thru lane,03-Snow,"08-Dark, artificial",MIDBLOCK,Wednesday,December,0,KEEWATIN AVE,2,ROAD,MINOR,10.0,20.0,PAVED,TwoWay,PAVED,4,50,NO ACCESS,Y,1990.0,155.76325390458499
KEEWATIN AVE,04-At/near private drive,02-Thru lane,03-Snow,"08-Dark, artificial",MIDBLOCK,Wednesday,December,0,KEEWATIN AVE,2,ROAD,MINOR,10.0,20.0,PAVED,TwoWay,PAVED,4,50,NO ACCESS,Y,1995.0,143.131211018949
KEEWATIN AVE,04-At/near private drive,02-Thru lane,03-Snow,"08-Dark, artificial",MIDBLOCK,Wednesday,December,0,KEEWATIN AVE,2,ROAD,MINOR,10.0,20.0,PAVED,TwoWay,PAVED,4,50,NO ACCESS,Y,1995.0,90.50888116666
KEEWATIN AVE,04-At/near private drive,02-Thru lane,03-Snow,"08-Dark, artificial",MIDBLOCK,Wednesday,December,0,KEEWATIN AVE,2,ROAD,MINOR,10.0,20.0,PAVED,TwoWay,PAVED,4,50,NO ACCESS,Y,1976.0,255.205231953647
KEEWATIN AVE,04-At/near private drive,02-Thru lane,03-Snow,"08-Dark, artificial",MIDBLOCK,Wednesday,December,0,KEEWATIN AVE,2,ROAD,MINOR,10.0,20.0,PAVED,TwoWay,PAVED,4,50,NO ACCESS,Y,1995.0,44.9767182830751
KEEWATIN AVE,04-At/near private drive,02-Thru lane,03-Snow,"08-Dark, artificial",MIDBLOCK,Wednesday,December,0,KEEWATIN AVE,2,ROAD,MINOR,10.0,20.0,PAVED,TwoWay,PAVED,4,50,NO ACCESS,Y,1976.0,136.746170439785
KEEWATIN AVE,04-At/near private drive,02-Thru lane,03-Snow,"08-Dark, artificial",MIDBLOCK,Wednesday,December,0,KEEWATIN AVE,2,ROAD,MINOR,10.0,20.0,PAVED,TwoWay,PAVED,4,50,NO ACCESS,Y,1995.0,140.463366181131
KEEWATIN AVE,01-Non intersection,02-Thru lane,01-Clear,01-Daylight,MIDBLOCK,Thursday,October,0,KEEWATIN AVE,2,ROAD,MINOR,10.0,20.0,PAVED,TwoWay,PAVED,4,50,NO ACCESS,Y,1995.0,216.298526140194
KEEWATIN AVE,01-Non intersection,02-Thru lane,01-Clear,01-Daylight,MIDBLOCK,Thursday,October,0,KEEWATIN AVE,2,ROAD,MINOR,10.0,20.0,PAVED,TwoWay,PAVED,4,50,NO ACCESS,Y,1976.0,81.2963509443278
KEEWATIN AVE,01-Non intersection,02-Thru lane,01-Clear,01-Daylight,MIDBLOCK,Thursday,October,0,KEEWATIN AVE,2,ROAD,MINOR,10.0,20.0,PAVED,TwoWay,PAVED,4,50,NO ACCESS,Y,1990.0,155.76325390458499
KEEWATIN AVE,01-Non intersection,02-Thru lane,01-Clear,01-Daylight,MIDBLOCK,Thursday,October,0,KEEWATIN AVE,2,ROAD,MINOR,10.0,20.0,PAVED,TwoWay,PAVED,4,50,NO ACCESS,Y,1995.0,143.131211018949
KEEWATIN AVE,01-Non intersection,02-Thru lane,01-Clear,01-Daylight,MIDBLOCK,Thursday,October,0,KEEWATIN AVE,2,ROAD,MINOR,10.0,20.0,PAVED,TwoWay,PAVED,4,50,NO ACCESS,Y,1995.0,90.50888116666
KEEWATIN AVE,01-Non intersection,02-Thru lane,01-Clear,01-Daylight,MIDBLOCK,Thursday,October,0,KEEWATIN AVE,2,ROAD,MINOR,10.0,20.0,PAVED,TwoWay,PAVED,4,50,NO ACCESS,Y,1976.0,255.205231953647
KEEWATIN AVE,01-Non intersection,02-Thru lane,01-Clear,01-Daylight,MIDBLOCK,Thursday,October,0,KEEWATIN AVE,2,ROAD,MINOR,10.0,20.0,PAVED,TwoWay,PAVED,4,50,NO ACCESS,Y,1995.0,44.9767182830751
KEEWATIN AVE,01-Non intersection,02-Thru lane,01-Clear,01-Daylight,MIDBLOCK,Thursday,October,0,KEEWATIN AVE,2,ROAD,MINOR,10.0,20.0,PAVED,TwoWay,PAVED,4,50,NO ACCESS,Y,1976.0,136.746170439785
KEEWATIN AVE,01-Non intersection,02-Thru lane,01-Clear,01-Daylight,MIDBLOCK,Thursday,October,0,KEEWATIN AVE,2,ROAD,MINOR,10.0,20.0,PAVED,TwoWay,PAVED,4,50,NO ACCESS,Y,1995.0,140.463366181131
KEEWATIN AVE,04-At/near private drive,02-Thru lane,01-Clear,01-Daylight,MIDBLOCK,Wednesday,February,0,KEEWATIN AVE,2,ROAD,MINOR,10.0,20.0,PAVED,TwoWay,PAVED,4,50,NO ACCESS,Y,1995.0,216.298526140194
KEEWATIN AVE,04-At/near private drive,02-Thru lane,01-Clear,01-Daylight,MIDBLOCK,Wednesday,February,0,KEEWATIN AVE,2,ROAD,MINOR,10.0,20.0,PAVED,TwoWay,PAVED,4,50,NO ACCESS,Y,1976.0,81.2963509443278
KEEWATIN AVE,04-At/near private drive,02-Thru lane,01-Clear,01-Daylight,MIDBLOCK,Wednesday,February,0,KEEWATIN AVE,2,ROAD,MINOR,10.0,20.0,PAVED,TwoWay,PAVED,4,50,NO ACCESS,Y,1990.0,155.76325390458499
KEEWATIN AVE,04-At/near private drive,02-Thru lane,01-Clear,01-Daylight,MIDBLOCK,Wednesday,February,0,KEEWATIN AVE,2,ROAD,MINOR,10.0,20.0,PAVED,TwoWay,PAVED,4,50,NO ACCESS,Y,1995.0,143.131211018949
KEEWATIN AVE,04-At/near private drive,02-Thru lane,01-Clear,01-Daylight,MIDBLOCK,Wednesday,February,0,KEEWATIN AVE,2,ROAD,MINOR,10.0,20.0,PAVED,TwoWay,PAVED,4,50,NO ACCESS,Y,1995.0,90.50888116666
KEEWATIN AVE,04-At/near private drive,02-Thru lane,01-Clear,01-Daylight,MIDBLOCK,Wednesday,February,0,KEEWATIN AVE,2,ROAD,MINOR,10.0,20.0,PAVED,TwoWay,PAVED,4,50,NO ACCESS,Y,1976.0,255.205231953647
KEEWATIN AVE,04-At/near private drive,02-Thru lane,01-Clear,01-Daylight,MIDBLOCK,Wednesday,February,0,KEEWATIN AVE,2,ROAD,MINOR,10.0,20.0,PAVED,TwoWay,PAVED,4,50,NO ACCESS,Y,1995.0,44.9767182830751
KEEWATIN AVE,04-At/near private drive,02-Thru lane,01-Clear,01-Daylight,MIDBLOCK,Wednesday,February,0,KEEWATIN AVE,2,ROAD,MINOR,10.0,20.0,PAVED,TwoWay,PAVED,4,50,NO ACCESS,Y,1976.0,136.746170439785
KEEWATIN AVE,04-At/near private drive,02-Thru lane,01-Clear,01-Daylight,MIDBLOCK,Wednesday,February,0,KEEWATIN AVE,2,ROAD,MINOR,10.0,20.0,PAVED,TwoWay,PAVED,4,50,NO ACCESS,Y,1995.0,140.463366181131
KEEWATIN AVE,01-Non intersection,02-Thru lane,01-Clear,01-Daylight,MIDBLOCK,Tuesday,December,0,KEEWATIN AVE,2,ROAD,MINOR,10.0,20.0,PAVED,TwoWay,PAVED,4,50,NO ACCESS,Y,1995.0,216.298526140194
KEEWATIN AVE,01-Non intersection,02-Thru lane,01-Clear,01-Daylight,MIDBLOCK,Tuesday,December,0,KEEWATIN AVE,2,ROAD,MINOR,10.0,20.0,PAVED,TwoWay,PAVED,4,50,NO ACCESS,Y,1976.0,81.2963509443278
KEEWATIN AVE,01-Non intersection,02-Thru lane,01-Clear,01-Daylight,MIDBLOCK,Tuesday,December,0,KEEWATIN AVE,2,ROAD,MINOR,10.0,20.0,PAVED,TwoWay,PAVED,4,50,NO ACCESS,Y,1990.0,155.76325390458499
KEEWATIN AVE,01-Non intersection,02-Thru lane,01-Clear,01-Daylight,MIDBLOCK,Tuesday,December,0,KEEWATIN AVE,2,ROAD,MINOR,10.0,20.0,PAVED,TwoWay,PAVED,4,50,NO ACCESS,Y,1995.0,143.131211018949
KEEWATIN AVE,01-Non intersection,02-Thru lane,01-Clear,01-Daylight,MIDBLOCK,Tuesday,December,0,KEEWATIN AVE,2,ROAD,MINOR,10.0,20.0,PAVED,TwoWay,PAVED,4,50,NO ACCESS,Y,1995.0,90.50888116666
KEEWATIN AVE,01-Non intersection,02-Thru lane,01-Clear,01-Daylight,MIDBLOCK,Tuesday,December,0,KEEWATIN AVE,2,ROAD,MINOR,10.0,20.0,PAVED,TwoWay,PAVED,4,50,NO ACCESS,Y,1976.0,255.205231953647
KEEWATIN AVE,01-Non intersection,02-Thru lane,01-Clear,01-Daylight,MIDBLOCK,Tuesday,December,0,KEEWATIN AVE,2,ROAD,MINOR,10.0,20.0,PAVED,TwoWay,PAVED,4,50,NO ACCESS,Y,1995.0,44.9767182830751
KEEWATIN AVE,01-Non intersection,02-Thru lane,01-Clear,01-Daylight,MIDBLOCK,Tuesday,December,0,KEEWATIN AVE,2,ROAD,MINOR,10.0,20.0,PAVED,TwoWay,PAVED,4,50,NO ACCESS,Y,1976.0,136.746170439785
KEEWATIN AVE,01-Non intersection,02-Thru lane,01-Clear,01-Daylight,MIDBLOCK,Tuesday,December,0,KEEWATIN AVE,2,ROAD,MINOR,10.0,20.0,PAVED,TwoWay,PAVED,4,50,NO ACCESS,Y,1995.0,140.463366181131
KEEWATIN AVE,04-At/near private drive,02-Thru lane,01-Clear,01-Daylight,MIDBLOCK,Monday,March,0,KEEWATIN AVE,2,ROAD,MINOR,10.0,20.0,PAVED,TwoWay,PAVED,4,50,NO ACCESS,Y,1995.0,216.298526140194
KEEWATIN AVE,04-At/near private drive,02-Thru lane,01-Clear,01-Daylight,MIDBLOCK,Monday,March,0,KEEWATIN AVE,2,ROAD,MINOR,10.0,20.0,PAVED,TwoWay,PAVED,4,50,NO ACCESS,Y,1976.0,81.2963509443278
KEEWATIN AVE,04-At/near private drive,02-Thru lane,01-Clear,01-Daylight,MIDBLOCK,Monday,March,0,KEEWATIN AVE,2,ROAD,MINOR,10.0,20.0,PAVED,TwoWay,PAVED,4,50,NO ACCESS,Y,1990.0,155.76325390458499
KEEWATIN AVE,04-At/near private drive,02-Thru lane,01-Clear,01-Daylight,MIDBLOCK,Monday,March,0,KEEWATIN AVE,2,ROAD,MINOR,10.0,20.0,PAVED,TwoWay,PAVED,4,50,NO ACCESS,Y,1995.0,143.131211018949