LOCATION,ACCIDENT_LOCATION,IMPACT_LOCATION,ENVIRONMENT_CONDITION,LIGHT,COLLISION_TYPE,DAY_OF_WEEK,MONTH,IS_WEEKEND,STREET,LANES,CATEGORY,SUBCATEGORY,PAVEMENT_WIDTH,ROW_WIDTH,SHOULDER,FLOW_DIRECTION,SURFACE_LAYER_TYPE,OFFICIAL_ROAD_CLASSIFICATION,SPEED_LIMIT_KM,TRUCK_ACCESS,BUS_ROUTE,SERVICE_YEAR,Shape__Length
ERINBROOK DR,01-Non intersection,02-Thru lane,04-Freezing Rain,05-Dusk,MIDBLOCK,Friday,December,0,ERINBROOK DR,2,ROAD,MINOR,11.0,20.0,PAVED,TwoWay,PAVED,4,50,NO ACCESS,Y,1987.0,72.0137723335344
ERINBROOK DR,01-Non intersection,02-Thru lane,04-Freezing Rain,05-Dusk,MIDBLOCK,Friday,December,0,ERINBROOK DR,2,ROAD,MINOR,10.0,20.0,PAVED,TwoWay,PAVED,4,50,NO ACCESS,Y,1985.0,130.596971264192
ERINBROOK DR,01-Non intersection,02-Thru lane,04-Freezing Rain,05-Dusk,MIDBLOCK,Friday,December,0,ERINBROOK DR,2,ROAD,MINOR,10.0,20.0,PAVED,TwoWay,PAVED,4,50,NO ACCESS,Y,1993.0,88.4396085660141
ERINBROOK DR,01-Non intersection,02-Thru lane,04-Freezing Rain,05-Dusk,MIDBLOCK,Friday,December,0,ERINBROOK DR,2,ROAD,MINOR,10.0,20.0,PAVED,TwoWay,PAVED,4,50,NO ACCESS,Y,1993.0,70.6183743160605
ERINBROOK DR,01-Non intersection,02-Thru lane,04-Freezing Rain,05-Dusk,MIDBLOCK,Friday,December,0,ERINBROOK DR,2,ROAD,MINOR,10.0,20.0,PAVED,TwoWay,PAVED,4,40,NO ACCESS,N,1977.0,189.06752557919202
ERINBROOK DR,01-Non intersection,02-Thru lane,04-Freezing Rain,05-Dusk,MIDBLOCK,Friday,December,0,ERINBROOK DR,2,ROAD,MINOR,10.0,20.0,PAVED,TwoWay,PAVED,4,50,NO ACCESS,Y,1977.0,110.454826719962
ERINBROOK DR,01-Non intersection,02-Thru lane,04-Freezing Rain,05-Dusk,MIDBLOCK,Friday,December,0,ERINBROOK DR,2,ROAD,MINOR,10.0,20.0,PAVED,TwoWay,PAVED,4,50,NO ACCESS,N,1977.0,42.541757133807295
ERINBROOK DR,04-At/near private drive,02-Thru lane,01-Clear,"08-Dark, artificial",MIDBLOCK,Thursday,February,0,ERINBROOK DR,2,ROAD,MINOR,10.0,20.0,PAVED,TwoWay,PAVED,4,50,NO ACCESS,N,1977.0,153.643104577395
ERINBROOK DR,04-At/near private drive,02-Thru lane,01-Clear,"08-Dark, artificial",MIDBLOCK,Thursday,February,0,ERINBROOK DR,2,ROAD,MINOR,10.0,20.0,PAVED,TwoWay,PAVED,4,50,NO ACCESS,N,1977.0,69.9463105820263
ERINBROOK DR,04-At/near private drive,02-Thru lane,01-Clear,"08-Dark, artificial",MIDBLOCK,Thursday,February,0,ERINBROOK DR,2,ROAD,MINOR,10.0,20.0,PAVED,TwoWay,PAVED,4,50,NO ACCESS,N,1977.0,81.99681333870019
ERINBROOK DR,04-At/near private drive,02-Thru lane,01-Clear,"08-Dark, artificial",MIDBLOCK,Thursday,February,0,ERINBROOK DR,2,ROAD,MINOR,11.0,20.0,PAVED,TwoWay,PAVED,4,50,NO ACCESS,Y,1991.0,82.874178883153
ERINBROOK DR,04-At/near private drive,02-Thru lane,01-Clear,"08-Dark, artificial",MIDBLOCK,Thursday,February,0,ERINBROOK DR,2,ROAD,MINOR,11.0,20.0,PAVED,TwoWay,PAVED,4,50,NO ACCESS,Y,1991.0,83.76171226749851
ERINBROOK DR,04-At/near private drive,02-Thru lane,01-Clear,"08-Dark, artificial",MIDBLOCK,Thursday,February,0,ERINBROOK DR,2,ROAD,MINOR,10.0,20.0,PAVED,TwoWay,PAVED,4,50,NO ACCESS,Y,1993.0,77.7951601165318
ERINBROOK DR,04-At/near private drive,02-Thru lane,01-Clear,"08-Dark, artificial",MIDBLOCK,Thursday,February,0,ERINBROOK DR,2,ROAD,MINOR,11.0,20.0,PAVED,TwoWay,PAVED,4,50,NO ACCESS,Y,1987.0,101.68638268743
ERINBROOK DR,04-At/near private drive,02-Thru lane,01-Clear,"08-Dark, artificial",MIDBLOCK,Thursday,February,0,ERINBROOK DR,2,ROAD,MINOR,10.0,20.0,PAVED,TwoWay,PAVED,4,50,NO ACCESS,Y,1991.0,81.2540714999803
ERINBROOK DR,04-At/near private drive,02-Thru lane,01-Clear,"08-Dark, artificial",MIDBLOCK,Thursday,February,0,ERINBROOK DR,2,ROAD,MINOR,11.0,20.0,PAVED,TwoWay,PAVED,4,50,NO ACCESS,Y,1991.0,80.88119768186641
ERINBROOK DR,04-At/near private drive,02-Thru lane,01-Clear,"08-Dark, artificial",MIDBLOCK,Thursday,February,0,ERINBROOK DR,2,ROAD,MINOR,10.0,20.0,PAVED,TwoWay,PAVED,4,50,NO ACCESS,N,1977.0,222.80970665762797
ERINBROOK DR,04-At/near private drive,02-Thru lane,01-Clear,"08-Dark, artificial",MIDBLOCK,Thursday,February,0,ERINBROOK DR,2,ROAD,MINOR,10.0,20.0,PAVED,TwoWay,PAVED,4,50,NO ACCESS,N,1995.0,76.1365594918113
ERINBROOK DR,04-At/near private drive,02-Thru lane,01-Clear,"08-Dark, artificial",MIDBLOCK,Thursday,February,0,ERINBROOK DR,2,ROAD,MINOR,10.0,20.0,PAVED,TwoWay,PAVED,4,50,NO ACCESS,Y,1993.0,74.95733072864971
ERINBROOK DR,04-At/near private drive,02-Thru lane,01-Clear,"08-Dark, artificial",MIDBLOCK,Thursday,February,0,ERINBROOK DR,2,ROAD,MINOR,11.0,20.0,PAVED,TwoWay,PAVED,4,50,NO ACCESS,Y,1991.0,86.80417722625351
ERINBROOK DR,04-At/near private drive,02-Thru lane,01-Clear,"08-Dark, artificial",MIDBLOCK,Thursday,February,0,ERINBROOK DR,2,ROAD,MINOR,10.0,20.0,PAVED,TwoWay,PAVED,4,50,NO ACCESS,Y,1985.0,175.29677446655205
ERINBROOK DR,04-At/near private drive,02-Thru lane,01-Clear,"08-Dark, artificial",MIDBLOCK,Thursday,February,0,ERINBROOK DR,2,ROAD,MINOR,10.0,20.0,PAVED,TwoWay,PAVED,4,50,NO ACCESS,N,1995.0,141.56563225755104
ERINBROOK DR,04-At/near private drive,02-Thru lane,01-Clear,"08-Dark, artificial",MIDBLOCK,Thursday,February,0,ERINBROOK DR,2,ROAD,MINOR,10.0,20.0,PAVED,TwoWay,PAVED,4,50,NO ACCESS,N,1977.0,86.224188766185
ERINBROOK DR,04-At/near private drive,02-Thru lane,01-Clear,"08-Dark, artificial",MIDBLOCK,Thursday,February,0,ERINBROOK DR,2,ROAD,MINOR,10.0,20.0,PAVED,TwoWay,PAVED,4,50,NO ACCESS,Y,1985.0,90.0130089505324
ERINBROOK DR,04-At/near private drive,02-Thru lane,01-Clear,"08-Dark, artificial",MIDBLOCK,Thursday,February,0,ERINBROOK DR,2,ROAD,MINOR,11.0,20.0,PAVED,TwoWay,PAVED,4,50,NO ACCESS,Y,1987.0,82.75717677506391
ERINBROOK DR,04-At/near private drive,02-Thru lane,01-Clear,"08-Dark, artificial",MIDBLOCK,Thursday,February,0,ERINBROOK DR,2,ROAD,MINOR,10.0,20.0,PAVED,TwoWay,PAVED,4,50,NO ACCESS,Y,1987.0,79.3014790384327
ERINBROOK DR,04-At/near private drive,02-Thru lane,01-Clear,"08-Dark, artificial",MIDBLOCK,Thursday,February,0,ERINBROOK DR,2,ROAD,MINOR,10.0,20.0,PAVED,TwoWay,PAVED,4,50,NO ACCESS,Y,1995.0,136.74211838267098
ERINBROOK DR,04-At/near private drive,02-Thru lane,01-Clear,"08-Dark, artificial",MIDBLOCK,Thursday,February,0,ERINBROOK DR,2,ROAD,MINOR,11.0,20.0,PAVED,TwoWay,PAVED,4,50,NO ACCESS,Y,1987.0,72.0137723335344
ERINBROOK DR,04-At/near private drive,02-Thru lane,01-Clear,"08-Dark, artificial",MIDBLOCK,Thursday,February,0,ERINBROOK DR,2,ROAD,MINOR,10.0,20.0,PAVED,TwoWay,PAVED,4,50,NO ACCESS,Y,1985.0,130.596971264192
ERINBROOK DR,04-At/near private drive,02-Thru lane,01-Clear,"08-Dark, artificial",MIDBLOCK,Thursday,February,0,ERINBROOK DR,2,ROAD,MINOR,10.0,20.0,PAVED,TwoWay,PAVED,4,50,NO ACCESS,Y,1993.0,88.4396085660141
ERINBROOK DR,04-At/near private drive,02-Thru lane,01-Clear,"08-Dark, artificial",MIDBLOCK,Thursday,February,0,ERINBROOK DR,2,ROAD,MINOR,10.0,20.0,PAVED,TwoWay,PAVED,4,50,NO ACCESS,Y,1993.0,70.6183743160605
ERINBROOK DR,04-At/near private drive,02-Thru lane,01-Clear,"08-Dark, artificial",MIDBLOCK,Thursday,February,0,ERINBROOK DR,2,ROAD,MINOR,10.0,20.0,PAVED,TwoWay,PAVED,4,40,NO ACCESS,N,1977.0,189.06752557919202
ERINBROOK DR,04-At/near private drive,02-Thru lane,01-Clear,"08-Dark, artificial",MIDBLOCK,Thursday,February,0,ERINBROOK DR,2,ROAD,MINOR,10.0,20.0,PAVED,TwoWay,PAVED,4,50,NO ACCESS,Y,1977.0,110.454826719962
ERINBROOK DR,04-At/near private drive,02-Thru lane,01-Clear,"08-Dark, artificial",MIDBLOCK,Thursday,February,0,ERINBROOK DR,2,ROAD,MINOR,10.0,20.0,PAVED,TwoWay,PAVED,4,50,NO ACCESS,N,1977.0,42.541757133807295
ERINBROOK DR,01-Non intersection,10-Not on roadway - left side,01-Clear,01-Daylight,MIDBLOCK,Sunday,August,1,ERINBROOK DR,2,ROAD,MINOR,10.0,20.0,PAVED,TwoWay,PAVED,4,50,NO ACCESS,N,1977.0,153.643104577395
ERINBROOK DR,01-Non intersection,10-Not on roadway - left side,01-Clear,01-Daylight,MIDBLOCK,Sunday,August,1,ERINBROOK DR,2,ROAD,MINOR,10.0,20.0,PAVED,TwoWay,PAVED,4,50,NO ACCESS,N,1977.0,69.9463105820263
ERINBROOK DR,01-Non intersection,10-Not on roadway - left side,01-Clear,01-Daylight,MIDBLOCK,Sunday,August,1,ERINBROOK DR,2,ROAD,MINOR,10.0,20.0,PAVED,TwoWay,PAVED,4,50,NO ACCESS,N,1977.0,81.99681333870019
ERINBROOK DR,01-Non intersection,10-Not on roadway - left side,01-Clear,01-Daylight,MIDBLOCK,Sunday,August,1,ERINBROOK DR,2,ROAD,MINOR,11.0,20.0,PAVED,TwoWay,PAVED,4,50,NO ACCESS,Y,1991.0,82.874178883153
ERINBROOK DR,01-Non intersection,10-Not on roadway - left side,01-Clear,01-Daylight,MIDBLOCK,Sunday,August,1,ERINBROOK DR,2,ROAD,MINOR,11.0,20.0,PAVED,TwoWay,PAVED,4,50,NO ACCESS,Y,1991.0,83.76171226749851
ERINBROOK DR,01-Non intersection,10-Not on roadway - left side,01-Clear,01-Daylight,MIDBLOCK,Sunday,August,1,ERINBROOK DR,2,ROAD,MINOR,10.0,20.0,PAVED,TwoWay,PAVED,4,50,NO ACCESS,Y,1993.0,77.7951601165318
ERINBROOK DR,01-Non intersection,10-Not on roadway - left side,01-Clear,01-Daylight,MIDBLOCK,Sunday,August,1,ERINBROOK DR,2,ROAD,MINOR,11.0,20.0,PAVED,TwoWay,PAVED,4,50,NO ACCESS,Y,1987.0,101.68638268743
ERINBROOK DR,01-Non intersection,10-Not on roadway - left side,01-Clear,01-Daylight,MIDBLOCK,Sunday,August,1,ERINBROOK DR,2,ROAD,MINOR,10.0,20.0,PAVED,TwoWay,PAVED,4,50,NO ACCESS,Y,1991.0,81.2540714999803
ERINBROOK DR,01-Non intersection,10-Not on roadway - left side,01-Clear,01-Daylight,MIDBLOCK,Sunday,August,1,ERINBROOK DR,2,ROAD,MINOR,11.0,20.0,PAVED,TwoWay,PAVED,4,50,NO ACCESS,Y,1991.0,80.88119768186641
ERINBROOK DR,01-Non intersection,10-Not on roadway - left side,01-Clear,01-Daylight,MIDBLOCK,Sunday,August,1,ERINBROOK DR,2,ROAD,MINOR,10.0,20.0,PAVED,TwoWay,PAVED,4,50,NO ACCESS,N,1977.0,222.80970665762797
ERINBROOK DR,01-Non intersection,10-Not on roadway - left side,01-Clear,01-Daylight,MIDBLOCK,Sunday,August,1,ERINBROOK DR,2,ROAD,MINOR,10.0,20.0,PAVED,TwoWay,PAVED,4,50,NO ACCESS,N,1995.0,76.1365594918113
ERINBROOK DR,01-Non intersection,10-Not on roadway - left side,01-Clear,01-Daylight,MIDBLOCK,Sunday,August,1,ERINBROOK DR,2,ROAD,MINOR,10.0,20.0,PAVED,TwoWay,PAVED,4,50,NO ACCESS,Y,1993.0,74.95733072864971
ERINBROOK DR,01-Non intersection,10-Not on roadway - left side,01-Clear,01-Daylight,MIDBLOCK,Sunday,August,1,ERINBROOK DR,2,ROAD,MINOR,11.0,20.0,PAVED,TwoWay,PAVED,4,50,NO ACCESS,Y,1991.0,86.80417722625351
ERINBROOK DR,01-Non intersection,10-Not on roadway - left side,01-Clear,01-Daylight,MIDBLOCK,Sunday,August,1,ERINBROOK DR,2,ROAD,MINOR,10.0,20.0,PAVED,TwoWay,PAVED,4,50,NO ACCESS,Y,1985.0,175.29677446655205
ERINBROOK DR,01-Non intersection,10-Not on roadway - left side,01-Clear,01-Daylight,MIDBLOCK,Sunday,August,1,ERINBROOK DR,2,ROAD,MINOR,10.0,20.0,PAVED,TwoWay,PAVED,4,50,NO ACCESS,N,1995.0,141.56563225755104
ERINBROOK DR,01-Non intersection,10-Not on roadway - left side,01-Clear,01-Daylight,MIDBLOCK,Sunday,August,1,ERINBROOK DR,2,ROAD,MINOR,10.0,20.0,PAVED,TwoWay,PAVED,4,50,NO ACCESS,N,1977.0,86.224188766185
ERINBROOK DR,01-Non intersection,10-Not on roadway - left side,01-Clear,01-Daylight,MIDBLOCK,Sunday,August,1,ERINBROOK DR,2,ROAD,MINOR,10.0,20.0,PAVED,TwoWay,PAVED,4,50,NO ACCESS,Y,1985.0,90.0130089505324
ERINBROOK DR,01-Non intersection,10-Not on roadway - left side,01-Clear,01-Daylight,MIDBLOCK,Sunday,August,1,ERINBROOK DR,2,ROAD,MINOR,11.0,20.0,PAVED,TwoWay,PAVED,4,50,NO ACCESS,Y,1987.0,82.75717677506391
ERINBROOK DR,01-Non intersection,10-Not on roadway - left side,01-Clear,01-Daylight,MIDBLOCK,Sunday,August,1,ERINBROOK DR,2,ROAD,MINOR,10.0,20.0,PAVED,TwoWay,PAVED,4,50,NO ACCESS,Y,1987.0,79.3014790384327
ERINBROOK DR,01-Non intersection,10-Not on roadway - left side,01-Clear,01-Daylight,MIDBLOCK,Sunday,August,1,ERINBROOK DR,2,ROAD,MINOR,10.0,20.0,PAVED,TwoWay,PAVED,4,50,NO ACCESS,Y,1995.0,136.74211838267098
ERINBROOK DR,01-Non intersection,10-Not on roadway - left side,01-Clear,01-Daylight,MIDBLOCK,Sunday,August,1,ERINBROOK DR,2,ROAD,MINOR,11.0,20.0,PAVED,TwoWay,PAVED,4,50,NO ACCESS,Y,1987.0,72.0137723335344
ERINBROOK DR,01-Non intersection,10-Not on roadway - left side,01-Clear,01-Daylight,MIDBLOCK,Sunday,August,1,ERINBROOK DR,2,ROAD,MINOR,10.0,20.0,PAVED,TwoWay,PAVED,4,50,NO ACCESS,Y,1985.0,130.596971264192
ERINBROOK DR,01-Non intersection,10-Not on roadway - left side,01-Clear,01-Daylight,MIDBLOCK,Sunday,August,1,ERINBROOK DR,2,ROAD,MINOR,10.0,20.0,PAVED,TwoWay,PAVED,4,50,NO ACCESS,Y,1993.0,88.4396085660141
ERINBROOK DR,01-Non intersection,10-Not on roadway - left side,01-Clear,01-Daylight,MIDBLOCK,Sunday,August,1,ERINBROOK DR,2,ROAD,MINOR,10.0,20.0,PAVED,TwoWay,PAVED,4,50,NO ACCESS,Y,1993.0,70.6183743160605
ERINBROOK DR,01-Non intersection,10-Not on roadway - left side,01-Clear,01-Daylight,MIDBLOCK,Sunday,August,1,ERINBROOK DR,2,ROAD,MINOR,10.0,20.0,PAVED,TwoWay,PAVED,4,40,NO ACCESS,N,1977.0,189.06752557919202
ERINBROOK DR,01-Non intersection,10-Not on roadway - left side,01-Clear,01-Daylight,MIDBLOCK,Sunday,August,1,ERINBROOK DR,2,ROAD,MINOR,10.0,20.0,PAVED,TwoWay,PAVED,4,50,NO ACCESS,Y,1977.0,110.454826719962
ERINBROOK DR,01-Non intersection,10-Not on roadway - left side,01-Clear,01-Daylight,MIDBLOCK,Sunday,August,1,ERINBROOK DR,2,ROAD,MINOR,10.0,20.0,PAVED,TwoWay,PAVED,4,50,NO ACCESS,N,1977.0,42.541757133807295
ERINBROOK DR,04-At/near private drive,02-Thru lane,01-Clear,07-Dark,MIDBLOCK,Monday,June,0,ERINBROOK DR,2,ROAD,MINOR,10.0,20.0,PAVED,TwoWay,PAVED,4,50,NO ACCESS,N,1977.0,153.643104577395
ERINBROOK DR,04-At/near private drive,02-Thru lane,01-Clear,07-Dark,MIDBLOCK,Monday,June,0,ERINBROOK DR,2,ROAD,MINOR,10.0,20.0,PAVED,TwoWay,PAVED,4,50,NO ACCESS,N,1977.0,69.9463105820263
ERINBROOK DR,04-At/near private drive,02-Thru lane,01-Clear,07-Dark,MIDBLOCK,Monday,June,0,ERINBROOK DR,2,ROAD,MINOR,10.0,20.0,PAVED,TwoWay,PAVED,4,50,NO ACCESS,N,1977.0,81.99681333870019
ERINBROOK DR,04-At/near private drive,02-Thru lane,01-Clear,07-Dark,MIDBLOCK,Monday,June,0,ERINBROOK DR,2,ROAD,MINOR,11.0,20.0,PAVED,TwoWay,PAVED,4,50,NO ACCESS,Y,1991.0,82.874178883153
ERINBROOK DR,04-At/near private drive,02-Thru lane,01-Clear,07-Dark,MIDBLOCK,Monday,June,0,ERINBROOK DR,2,ROAD,MINOR,11.0,20.0,PAVED,TwoWay,PAVED,4,50,NO ACCESS,Y,1991.0,83.76171226749851
ERINBROOK DR,04-At/near private drive,02-Thru lane,01-Clear,07-Dark,MIDBLOCK,Monday,June,0,ERINBROOK DR,2,ROAD,MINOR,10.0,20.0,PAVED,TwoWay,PAVED,4,50,NO ACCESS,Y,1993.0,77.7951601165318
ERINBROOK DR,04-At/near private drive,02-Thru lane,01-Clear,07-Dark,MIDBLOCK,Monday,June,0,ERINBROOK DR,2,ROAD,MINOR,11.0,20.0,PAVED,TwoWay,PAVED,4,50,NO ACCESS,Y,1987.0,101.68638268743
ERINBROOK DR,04-At/near private drive,02-Thru lane,01-Clear,07-Dark,MIDBLOCK,Monday,June,0,ERINBROOK DR,2,ROAD,MINOR,10.0,20.0,PAVED,TwoWay,PAVED,4,50,NO ACCESS,Y,1991.0,81.2540714999803
ERINBROOK DR,04-At/near private drive,02-Thru lane,01-Clear,07-Dark,MIDBLOCK,Monday,June,0,ERINBROOK DR,2,ROAD,MINOR,11.0,20.0,PAVED,TwoWay,PAVED,4,50,NO ACCESS,Y,1991.0,80.88119768186641
ERINBROOK DR,04-At/near private drive,02-Thru lane,01-Clear,07-Dark,MIDBLOCK,Monday,June,0,ERINBROOK DR,2,ROAD,MINOR,10.0,20.0,PAVED,TwoWay,PAVED,4,50,NO ACCESS,N,1977.0,222.80970665762797
ERINBROOK DR,04-At/near private drive,02-Thru lane,01-Clear,07-Dark,MIDBLOCK,Monday,June,0,ERINBROOK DR,2,ROAD,MINOR,10.0,20.0,PAVED,TwoWay,PAVED,4,50,NO ACCESS,N,1995.0,76.1365594918113
ERINBROOK DR,04-At/near private drive,02-Thru lane,01-Clear,07-Dark,MIDBLOCK,Monday,June,0,ERINBROOK DR,2,ROAD,MINOR,10.0,20.0,PAVED,TwoWay,PAVED,4,50,NO ACCESS,Y,1993.0,74.95733072864971
ERINBROOK DR,04-At/near private drive,02-Thru lane,01-Clear,07-Dark,MIDBLOCK,Monday,June,0,ERINBROOK DR,2,ROAD,MINOR,11.0,20.0,PAVED,TwoWay,PAVED,4,50,NO ACCESS,Y,1991.0,86.80417722625351
ERINBROOK DR,04-At/near private drive,02-Thru lane,01-Clear,07-Dark,MIDBLOCK,Monday,June,0,ERINBROOK DR,2,ROAD,MINOR,10.0,20.0,PAVED,TwoWay,PAVED,4,50,NO ACCESS,Y,1985.0,175.29677446655205
ERINBROOK DR,04-At/near private drive,02-Thru lane,01-Clear,07-Dark,MIDBLOCK,Monday,June,0,ERINBROOK DR,2,ROAD,MINOR,10.0,20.0,PAVED,TwoWay,PAVED,4,50,NO ACCESS,N,1995.0,141.56563225755104
ERINBROOK DR,04-At/near private drive,02-Thru lane,01-Clear,07-Dark,MIDBLOCK,Monday,June,0,ERINBROOK DR,2,ROAD,MINOR,10.0,20.0,PAVED,TwoWay,PAVED,4,50,NO ACCESS,N,1977.0,86.224188766185
ERINBROOK DR,04-At/near private drive,02-Thru lane,01-Clear,07-Dark,MIDBLOCK,Monday,June,0,ERINBROOK DR,2,ROAD,MINOR,10.0,20.0,PAVED,TwoWay,PAVED,4,50,NO ACCESS,Y,1985.0,90.0130089505324
ERINBROOK DR,04-At/near private drive,02-Thru lane,01-Clear,07-Dark,MIDBLOCK,Monday,June,0,ERINBROOK DR,2,ROAD,MINOR,11.0,20.0,PAVED,TwoWay,PAVED,4,50,NO ACCESS,Y,1987.0,82.75717677506391
ERINBROOK DR,04-At/near private drive,02-Thru lane,01-Clear,07-Dark,MIDBLOCK,Monday,June,0,ERINBROOK DR,2,ROAD,MINOR,10.0,20.0,PAVED,TwoWay,PAVED,4,50,NO ACCESS,Y,1987.0,79.3014790384327
ERINBROOK DR,04-At/near private drive,02-Thru lane,01-Clear,07-Dark,MIDBLOCK,Monday,June,0,ERINBROOK DR,2,ROAD,MINOR,10.0,20.0,PAVED,TwoWay,PAVED,4,50,NO ACCESS,Y,1995.0,136.74211838267098
ERINBROOK DR,04-At/near private drive,02-Thru lane,01-Clear,07-Dark,MIDBLOCK,Monday,June,0,ERINBROOK DR,2,ROAD,MINOR,11.0,20.0,PAVED,TwoWay,PAVED,4,50,NO ACCESS,Y,1987.0,72.0137723335344
ERINBROOK DR,04-At/near private drive,02-Thru lane,01-Clear,07-Dark,MIDBLOCK,Monday,June,0,ERINBROOK DR,2,ROAD,MINOR,10.0,20.0,PAVED,TwoWay,PAVED,4,50,NO ACCESS,Y,1985.0,130.596971264192
ERINBROOK DR,04-At/near private drive,02-Thru lane,01-Clear,07-Dark,MIDBLOCK,Monday,June,0,ERINBROOK DR,2,ROAD,MINOR,10.0,20.0,PAVED,TwoWay,PAVED,4,50,NO ACCESS,Y,1993.0,88.4396085660141
ERINBROOK DR,04-At/near private drive,02-Thru lane,01-Clear,07-Dark,MIDBLOCK,Monday,June,0,ERINBROOK DR,2,ROAD,MINOR,10.0,20.0,PAVED,TwoWay,PAVED,4,50,NO ACCESS,Y,1993.0,70.6183743160605
ERINBROOK DR,04-At/near private drive,02-Thru lane,01-Clear,07-Dark,MIDBLOCK,Monday,June,0,ERINBROOK DR,2,ROAD,MINOR,10.0,20.0,PAVED,TwoWay,PAVED,4,40,NO ACCESS,N,1977.0,189.06752557919202
ERINBROOK DR,04-At/near private drive,02-Thru lane,01-Clear,07-Dark,MIDBLOCK,Monday,June,0,ERINBROOK DR,2,ROAD,MINOR,10.0,20.0,PAVED,TwoWay,PAVED,4,50,NO ACCESS,Y,1977.0,110.454826719962
ERINBROOK DR,04-At/near private drive,02-Thru lane,01-Clear,07-Dark,MIDBLOCK,Monday,June,0,ERINBROOK DR,2,ROAD,MINOR,10.0,20.0,PAVED,TwoWay,PAVED,4,50,NO ACCESS,N,1977.0,42.541757133807295
ERINBROOK DR,01-Non intersection,09-Right shoulder,01-Clear,01-Daylight,MIDBLOCK,Saturday,July,1,ERINBROOK DR,2,ROAD,MINOR,10.0,20.0,PAVED,TwoWay,PAVED,4,50,NO ACCESS,N,1977.0,153.643104577395
ERINBROOK DR,01-Non intersection,09-Right shoulder,01-Clear,01-Daylight,MIDBLOCK,Saturday,July,1,ERINBROOK DR,2,ROAD,MINOR,10.0,20.0,PAVED,TwoWay,PAVED,4,50,NO ACCESS,N,1977.0,69.9463105820263
ERINBROOK DR,01-Non intersection,09-Right shoulder,01-Clear,01-Daylight,MIDBLOCK,Saturday,July,1,ERINBROOK DR,2,ROAD,MINOR,10.0,20.0,PAVED,TwoWay,PAVED,4,50,NO ACCESS,N,1977.0,81.99681333870019
ERINBROOK DR,01-Non intersection,09-Right shoulder,01-Clear,01-Daylight,MIDBLOCK,Saturday,July,1,ERINBROOK DR,2,ROAD,MINOR,11.0,20.0,PAVED,TwoWay,PAVED,4,50,NO ACCESS,Y,1991.0,82.874178883153
ERINBROOK DR,01-Non intersection,09-Right shoulder,01-Clear,01-Daylight,MIDBLOCK,Saturday,July,1,ERINBROOK DR,2,ROAD,MINOR,11.0,20.0,PAVED,TwoWay,PAVED,4,50,NO ACCESS,Y,1991.0,83.76171226749851
ERINBROOK DR,01-Non intersection,09-Right shoulder,01-Clear,01-Daylight,MIDBLOCK,Saturday,July,1,ERINBROOK DR,2,ROAD,MINOR,10.0,20.0,PAVED,TwoWay,PAVED,4,50,NO ACCESS,Y,1993.0,77.7951601165318
ERINBROOK DR,01-Non intersection,09-Right shoulder,01-Clear,01-Daylight,MIDBLOCK,Saturday,July,1,ERINBROOK DR,2,ROAD,MINOR,11.0,20.0,PAVED,TwoWay,PAVED,4,50,NO ACCESS,Y,1987.0,101.68638268743
ERINBROOK DR,01-Non intersection,09-Right shoulder,01-Clear,01-Daylight,MIDBLOCK,Saturday,July,1,ERINBROOK DR,2,ROAD,MINOR,10.0,20.0,PAVED,TwoWay,PAVED,4,50,NO ACCESS,Y,1991.0,81.2540714999803
ERINBROOK DR,01-Non intersection,09-Right shoulder,01-Clear,01-Daylight,MIDBLOCK,Saturday,July,1,ERINBROOK DR,2,ROAD,MINOR,11.0,20.0,PAVED,TwoWay,PAVED,4,50,NO ACCESS,Y,1991.0,80.88119768186641
ERINBROOK DR,01-Non intersection,09-Right shoulder,01-Clear,01-Daylight,MIDBLOCK,Saturday,July,1,ERINBROOK DR,2,ROAD,MINOR,10.0,20.0,PAVED,TwoWay,PAVED,4,50,NO ACCESS,N,1977.0,222.80970665762797
ERINBROOK DR,01-Non intersection,09-Right shoulder,01-Clear,01-Daylight,MIDBLOCK,Saturday,July,1,ERINBROOK DR,2,ROAD,MINOR,10.0,20.0,PAVED,TwoWay,PAVED,4,50,NO ACCESS,N,1995.0,76.1365594918113
ERINBROOK DR,01-Non intersection,09-Right shoulder,01-Clear,01-Daylight,MIDBLOCK,Saturday,July,1,ERINBROOK DR,2,ROAD,MINOR,10.0,20.0,PAVED,TwoWay,PAVED,4,50,NO ACCESS,Y,1993.0,74.95733072864971
ERINBROOK DR,01-Non intersection,09-Right shoulder,01-Clear,01-Daylight,MIDBLOCK,Saturday,July,1,ERINBROOK DR,2,ROAD,MINOR,11.0,20.0,PAVED,TwoWay,PAVED,4,50,NO ACCESS,Y,1991.0,86.80417722625351
ERINBROOK DR,01-Non intersection,09-Right shoulder,01-Clear,01-Daylight,MIDBLOCK,Saturday,July,1,ERINBROOK DR,2,ROAD,MINOR,10.0,20.0,PAVED,TwoWay,PAVED,4,50,NO ACCESS,Y,1985.0,175.29677446655205
ERINBROOK DR,01-Non intersection,09-Right shoulder,01-Clear,01-Daylight,MIDBLOCK,Saturday,July,1,ERINBROOK DR,2,ROAD,MINOR,10.0,20.0,PAVED,TwoWay,PAVED,4,50,NO ACCESS,N,1995.0,141.56563225755104