LOCATION,ACCIDENT_LOCATION,IMPACT_LOCATION,ENVIRONMENT_CONDITION,LIGHT,COLLISION_TYPE,DAY_OF_WEEK,MONTH,IS_WEEKEND,STREET,LANES,CATEGORY,SUBCATEGORY,PAVEMENT_WIDTH,ROW_WIDTH,SHOULDER,FLOW_DIRECTION,SURFACE_LAYER_TYPE,OFFICIAL_ROAD_CLASSIFICATION,SPEED_LIMIT_KM,TRUCK_ACCESS,BUS_ROUTE,SERVICE_YEAR,Shape__Length
ERINBROOK DR,01-Non intersection,09-Right shoulder,01-Clear,01-Daylight,MIDBLOCK,Saturday,July,1,ERINBROOK DR,2,ROAD,MINOR,10.0,20.0,PAVED,TwoWay,PAVED,4,50,NO ACCESS,N,1977.0,86.224188766185
ERINBROOK DR,01-Non intersection,09-Right shoulder,01-Clear,01-Daylight,MIDBLOCK,Saturday,July,1,ERINBROOK DR,2,ROAD,MINOR,10.0,20.0,PAVED,TwoWay,PAVED,4,50,NO ACCESS,Y,1985.0,90.0130089505324
ERINBROOK DR,01-Non intersection,09-Right shoulder,01-Clear,01-Daylight,MIDBLOCK,Saturday,July,1,ERINBROOK DR,2,ROAD,MINOR,11.0,20.0,PAVED,TwoWay,PAVED,4,50,NO ACCESS,Y,1987.0,82.75717677506391
ERINBROOK DR,01-Non intersection,09-Right shoulder,01-Clear,01-Daylight,MIDBLOCK,Saturday,July,1,ERINBROOK DR,2,ROAD,MINOR,10.0,20.0,PAVED,TwoWay,PAVED,4,50,NO ACCESS,Y,1987.0,79.3014790384327
ERINBROOK DR,01-Non intersection,09-Right shoulder,01-Clear,01-Daylight,MIDBLOCK,Saturday,July,1,ERINBROOK DR,2,ROAD,MINOR,10.0,20.0,PAVED,TwoWay,PAVED,4,50,NO ACCESS,Y,1995.0,136.74211838267098
ERINBROOK DR,01-Non intersection,09-Right shoulder,01-Clear,01-Daylight,MIDBLOCK,Saturday,July,1,ERINBROOK DR,2,ROAD,MINOR,11.0,20.0,PAVED,TwoWay,PAVED,4,50,NO ACCESS,Y,1987.0,72.0137723335344
ERINBROOK DR,01-Non intersection,09-Right shoulder,01-Clear,01-Daylight,MIDBLOCK,Saturday,July,1,ERINBROOK DR,2,ROAD,MINOR,10.0,20.0,PAVED,TwoWay,PAVED,4,50,NO ACCESS,Y,1985.0,130.596971264192
ERINBROOK DR,01-Non intersection,09-Right shoulder,01-Clear,01-Daylight,MIDBLOCK,Saturday,July,1,ERINBROOK DR,2,ROAD,MINOR,10.0,20.0,PAVED,TwoWay,PAVED,4,50,NO ACCESS,Y,1993.0,88.4396085660141
ERINBROOK DR,01-Non intersection,09-Right shoulder,01-Clear,01-Daylight,MIDBLOCK,Saturday,July,1,ERINBROOK DR,2,ROAD,MINOR,10.0,20.0,PAVED,TwoWay,PAVED,4,50,NO ACCESS,Y,1993.0,70.6183743160605
ERINBROOK DR,01-Non intersection,09-Right shoulder,01-Clear,01-Daylight,MIDBLOCK,Saturday,July,1,ERINBROOK DR,2,ROAD,MINOR,10.0,20.0,PAVED,TwoWay,PAVED,4,40,NO ACCESS,N,1977.0,189.06752557919202
ERINBROOK DR,01-Non intersection,09-Right shoulder,01-Clear,01-Daylight,MIDBLOCK,Saturday,July,1,ERINBROOK DR,2,ROAD,MINOR,10.0,20.0,PAVED,TwoWay,PAVED,4,50,NO ACCESS,Y,1977.0,110.454826719962
ERINBROOK DR,01-Non intersection,09-Right shoulder,01-Clear,01-Daylight,MIDBLOCK,Saturday,July,1,ERINBROOK DR,2,ROAD,MINOR,10.0,20.0,PAVED,TwoWay,PAVED,4,50,NO ACCESS,N,1977.0,42.541757133807295
HEATHER AVE,04-At/near private drive,02-Thru lane,01-Clear,01-Daylight,MIDBLOCK,Thursday,December,0,HEATHER AVE,2,ROAD,LOCAL,9.0,20.0,PAVED,TwoWay,PAVED,6,50,NO ACCESS,N,1952.0,98.7511184750902
HEATHER AVE,04-At/near private drive,02-Thru lane,01-Clear,01-Daylight,MIDBLOCK,Thursday,December,0,HEATHER AVE,2,ROAD,LOCAL,9.0,20.0,PAVED,TwoWay,PAVED,6,50,NO ACCESS,N,1954.0,95.78350059305927
HEATHER AVE,04-At/near private drive,02-Thru lane,01-Clear,01-Daylight,MIDBLOCK,Thursday,December,0,HEATHER AVE,2,ROAD,LOCAL,9.0,20.0,PAVED,TwoWay,PAVED,6,50,NO ACCESS,N,1952.0,246.332618134141
HEATHER AVE,04-At/near private drive,02-Thru lane,01-Clear,"08-Dark, artificial",MIDBLOCK,Saturday,June,1,HEATHER AVE,2,ROAD,LOCAL,9.0,20.0,PAVED,TwoWay,PAVED,6,50,NO ACCESS,N,1952.0,98.7511184750902
HEATHER AVE,04-At/near private drive,02-Thru lane,01-Clear,"08-Dark, artificial",MIDBLOCK,Saturday,June,1,HEATHER AVE,2,ROAD,LOCAL,9.0,20.0,PAVED,TwoWay,PAVED,6,50,NO ACCESS,N,1954.0,95.78350059305927
HEATHER AVE,04-At/near private drive,02-Thru lane,01-Clear,"08-Dark, artificial",MIDBLOCK,Saturday,June,1,HEATHER AVE,2,ROAD,LOCAL,9.0,20.0,PAVED,TwoWay,PAVED,6,50,NO ACCESS,N,1952.0,246.332618134141
SOUTHWOOD CRT,04-At/near private drive,02-Thru lane,01-Clear,01-Daylight,MIDBLOCK,Monday,December,0,SOUTHWOOD CRT,2,ROAD,LOCAL,10.0,20.0,PAVED,TwoWay,PAVED,6,50,NO ACCESS,N,1976.0,53.9931267042968
SOUTHWOOD CRT,04-At/near private drive,02-Thru lane,01-Clear,01-Daylight,MIDBLOCK,Monday,December,0,SOUTHWOOD CRT,1,BULB,LOCAL,10.0,43.0,PAVED,FromTo,PAVED,6,50,NO ACCESS,N,1976.0,83.594008339908
BLUCHER BLVD,04-At/near private drive,01-Within intersection,01-Clear,01-Daylight,MIDBLOCK,Wednesday,March,0,BLUCHER BLVD,2,ROAD,LOCAL,9.0,20.0,PAVED,TwoWay,PAVED,6,50,NO ACCESS,N,1914.0,139.857920803422
BLUCHER BLVD,04-At/near private drive,01-Within intersection,01-Clear,01-Daylight,MIDBLOCK,Wednesday,March,0,BLUCHER BLVD,2,ROAD,LOCAL,9.0,20.0,PAVED,TwoWay,PAVED,6,50,NO ACCESS,N,1914.0,128.39217605189899
BLUCHER BLVD,04-At/near private drive,01-Within intersection,01-Clear,"08-Dark, artificial",MIDBLOCK,Thursday,December,0,BLUCHER BLVD,2,ROAD,LOCAL,9.0,20.0,PAVED,TwoWay,PAVED,6,50,NO ACCESS,N,1914.0,139.857920803422
BLUCHER BLVD,04-At/near private drive,01-Within intersection,01-Clear,"08-Dark, artificial",MIDBLOCK,Thursday,December,0,BLUCHER BLVD,2,ROAD,LOCAL,9.0,20.0,PAVED,TwoWay,PAVED,6,50,NO ACCESS,N,1914.0,128.39217605189899
BLUCHER BLVD,04-At/near private drive,99-Other,02-Rain,01-Daylight,MIDBLOCK,Sunday,December,1,BLUCHER BLVD,2,ROAD,LOCAL,9.0,20.0,PAVED,TwoWay,PAVED,6,50,NO ACCESS,N,1914.0,139.857920803422
BLUCHER BLVD,04-At/near private drive,99-Other,02-Rain,01-Daylight,MIDBLOCK,Sunday,December,1,BLUCHER BLVD,2,ROAD,LOCAL,9.0,20.0,PAVED,TwoWay,PAVED,6,50,NO ACCESS,N,1914.0,128.39217605189899
BLUCHER BLVD,04-At/near private drive,02-Thru lane,01-Clear,01-Daylight,MIDBLOCK,Saturday,September,1,BLUCHER BLVD,2,ROAD,LOCAL,9.0,20.0,PAVED,TwoWay,PAVED,6,50,NO ACCESS,N,1914.0,139.857920803422
BLUCHER BLVD,04-At/near private drive,02-Thru lane,01-Clear,01-Daylight,MIDBLOCK,Saturday,September,1,BLUCHER BLVD,2,ROAD,LOCAL,9.0,20.0,PAVED,TwoWay,PAVED,6,50,NO ACCESS,N,1914.0,128.39217605189899
WENDY CRES,01-Non intersection,08-Left shoulder,01-Clear,07-Dark,MIDBLOCK,Wednesday,December,0,WENDY CRES,2,ROAD,LOCAL,9.0,18.0,PAVED,TwoWay,PAVED,6,50,NO ACCESS,N,1987.0,256.377904807088
WENDY CRES,01-Non intersection,08-Left shoulder,01-Clear,07-Dark,MIDBLOCK,Wednesday,December,0,WENDY CRES,2,ROAD,LOCAL,9.0,16.0,PAVED,TwoWay,PAVED,6,50,NO ACCESS,N,1987.0,102.52418150782101
WENDY CRES,04-At/near private drive,02-Thru lane,01-Clear,"08-Dark, artificial",MIDBLOCK,Monday,February,0,WENDY CRES,2,ROAD,LOCAL,9.0,18.0,PAVED,TwoWay,PAVED,6,50,NO ACCESS,N,1987.0,256.377904807088
WENDY CRES,04-At/near private drive,02-Thru lane,01-Clear,"08-Dark, artificial",MIDBLOCK,Monday,February,0,WENDY CRES,2,ROAD,LOCAL,9.0,16.0,PAVED,TwoWay,PAVED,6,50,NO ACCESS,N,1987.0,102.52418150782101
WENDY CRES,04-At/near private drive,02-Thru lane,01-Clear,01-Daylight,MIDBLOCK,Monday,March,0,WENDY CRES,2,ROAD,LOCAL,9.0,18.0,PAVED,TwoWay,PAVED,6,50,NO ACCESS,N,1987.0,256.377904807088
WENDY CRES,04-At/near private drive,02-Thru lane,01-Clear,01-Daylight,MIDBLOCK,Monday,March,0,WENDY CRES,2,ROAD,LOCAL,9.0,16.0,PAVED,TwoWay,PAVED,6,50,NO ACCESS,N,1987.0,102.52418150782101
FILBERT ST,04-At/near private drive,02-Thru lane,01-Clear,01-Daylight,MIDBLOCK,Saturday,December,1,FILBERT ST,2,ROAD,LOCAL,7.0,18.0,PAVED,TwoWay,PAVED,6,50,NO ACCESS,N,1900.0,183.610262096375
FILBERT ST,01-Non intersection,02-Thru lane,01-Clear,"08-Dark, artificial",MIDBLOCK,Saturday,September,1,FILBERT ST,2,ROAD,LOCAL,7.0,18.0,PAVED,TwoWay,PAVED,6,50,NO ACCESS,N,1900.0,183.610262096375
FILBERT ST,04-At/near private drive,99-Other,"07-Fog, mist, smoke, dust","08-Dark, artificial",MIDBLOCK,Wednesday,November,0,FILBERT ST,2,ROAD,LOCAL,7.0,18.0,PAVED,TwoWay,PAVED,6,50,NO ACCESS,N,1900.0,183.610262096375
DAHLIA ST,04-At/near private drive,02-Thru lane,01-Clear,07-Dark,MIDBLOCK,Saturday,October,1,DAHLIA ST,2,ROAD,LOCAL,8.0,20.0,PAVED,TwoWay,PAVED,6,50,NO ACCESS,N,2002.0,243.27997515459703
DAHLIA ST,04-At/near private drive,08-Left shoulder,01-Clear,01-Daylight,MIDBLOCK,Tuesday,July,0,DAHLIA ST,2,ROAD,LOCAL,8.0,20.0,PAVED,TwoWay,PAVED,6,50,NO ACCESS,N,2002.0,243.27997515459703
DAHLIA ST,01-Non intersection,02-Thru lane,01-Clear,01-Daylight,MIDBLOCK,Thursday,April,0,DAHLIA ST,2,ROAD,LOCAL,8.0,20.0,PAVED,TwoWay,PAVED,6,50,NO ACCESS,N,2002.0,243.27997515459703
BRECKENRIDGE DR,04-At/near private drive,02-Thru lane,01-Clear,01-Daylight,MIDBLOCK,Saturday,October,1,BRECKENRIDGE DR,2,ROAD,LOCAL,10.0,20.0,PAVED,TwoWay,PAVED,6,50,NO ACCESS,N,1970.0,571.179635931288
BRECKENRIDGE DR,01-Non intersection,02-Thru lane,01-Clear,01-Daylight,MIDBLOCK,Friday,February,0,BRECKENRIDGE DR,2,ROAD,LOCAL,10.0,20.0,PAVED,TwoWay,PAVED,6,50,NO ACCESS,N,1970.0,571.179635931288
BRECKENRIDGE DR,01-Non intersection,02-Thru lane,03-Snow,01-Daylight,MIDBLOCK,Monday,December,0,BRECKENRIDGE DR,2,ROAD,LOCAL,10.0,20.0,PAVED,TwoWay,PAVED,6,50,NO ACCESS,N,1970.0,571.179635931288
BRECKENRIDGE DR,04-At/near private drive,02-Thru lane,01-Clear,"08-Dark, artificial",MIDBLOCK,Sunday,April,1,BRECKENRIDGE DR,2,ROAD,LOCAL,10.0,20.0,PAVED,TwoWay,PAVED,6,50,NO ACCESS,N,1970.0,571.179635931288
BRECKENRIDGE DR,01-Non intersection,02-Thru lane,01-Clear,01-Daylight,MIDBLOCK,Monday,April,0,BRECKENRIDGE DR,2,ROAD,LOCAL,10.0,20.0,PAVED,TwoWay,PAVED,6,50,NO ACCESS,N,1970.0,571.179635931288
BRECKENRIDGE DR,04-At/near private drive,02-Thru lane,01-Clear,01-Daylight,MIDBLOCK,Sunday,May,1,BRECKENRIDGE DR,2,ROAD,LOCAL,10.0,20.0,PAVED,TwoWay,PAVED,6,50,NO ACCESS,N,1970.0,571.179635931288
BRECKENRIDGE DR,01-Non intersection,02-Thru lane,01-Clear,01-Daylight,MIDBLOCK,Saturday,November,1,BRECKENRIDGE DR,2,ROAD,LOCAL,10.0,20.0,PAVED,TwoWay,PAVED,6,50,NO ACCESS,N,1970.0,571.179635931288
BRECKENRIDGE DR,04-At/near private drive,09-Right shoulder,01-Clear,01-Daylight,MIDBLOCK,Friday,January,0,BRECKENRIDGE DR,2,ROAD,LOCAL,10.0,20.0,PAVED,TwoWay,PAVED,6,50,NO ACCESS,N,1970.0,571.179635931288
BRECKENRIDGE DR,04-At/near private drive,02-Thru lane,01-Clear,01-Daylight,MIDBLOCK,Tuesday,February,0,BRECKENRIDGE DR,2,ROAD,LOCAL,10.0,20.0,PAVED,TwoWay,PAVED,6,50,NO ACCESS,N,1970.0,571.179635931288
BRECKENRIDGE DR,01-Non intersection,02-Thru lane,02-Rain,01-Daylight,MIDBLOCK,Friday,July,0,BRECKENRIDGE DR,2,ROAD,LOCAL,10.0,20.0,PAVED,TwoWay,PAVED,6,50,NO ACCESS,N,1970.0,571.179635931288
BRECKENRIDGE DR,04-At/near private drive,09-Right shoulder,01-Clear,07-Dark,MIDBLOCK,Saturday,November,1,BRECKENRIDGE DR,2,ROAD,LOCAL,10.0,20.0,PAVED,TwoWay,PAVED,6,50,NO ACCESS,N,1970.0,571.179635931288
BRECKENRIDGE DR,04-At/near private drive,02-Thru lane,01-Clear,07-Dark,MIDBLOCK,Sunday,February,1,BRECKENRIDGE DR,2,ROAD,LOCAL,10.0,20.0,PAVED,TwoWay,PAVED,6,50,NO ACCESS,N,1970.0,571.179635931288
BRECKENRIDGE DR,99-Other,12-Off highway,01-Clear,03-Dawn,MIDBLOCK,Friday,May,0,BRECKENRIDGE DR,2,ROAD,LOCAL,10.0,20.0,PAVED,TwoWay,PAVED,6,50,NO ACCESS,N,1970.0,571.179635931288
GREY FOX DR,01-Non intersection,02-Thru lane,01-Clear,01-Daylight,MIDBLOCK,Monday,September,0,GREY FOX DR,2,ROAD,LOCAL,9.0,20.0,PAVED,TwoWay,PAVED,6,50,NO ACCESS,N,1997.0,105.695526836401
GREY FOX DR,01-Non intersection,02-Thru lane,01-Clear,01-Daylight,MIDBLOCK,Monday,September,0,GREY FOX DR,2,ROAD,LOCAL,9.0,20.0,PAVED,TwoWay,PAVED,6,50,NO ACCESS,N,1954.0,215.210151266101
GREY FOX DR,01-Non intersection,02-Thru lane,01-Clear,01-Daylight,MIDBLOCK,Monday,September,0,GREY FOX DR,2,ROAD,LOCAL,9.0,20.0,PAVED,TwoWay,PAVED,6,50,NO ACCESS,N,1995.0,88.9373697705645
GREY FOX DR,01-Non intersection,02-Thru lane,01-Clear,01-Daylight,MIDBLOCK,Monday,September,0,GREY FOX DR,2,ROAD,LOCAL,8.0,20.0,PAVED,TwoWay,PAVED,6,50,NO ACCESS,N,1995.0,191.390014842707
GREY FOX DR,04-At/near private drive,02-Thru lane,01-Clear,07-Dark,MIDBLOCK,Sunday,March,1,GREY FOX DR,2,ROAD,LOCAL,9.0,20.0,PAVED,TwoWay,PAVED,6,50,NO ACCESS,N,1997.0,105.695526836401
GREY FOX DR,04-At/near private drive,02-Thru lane,01-Clear,07-Dark,MIDBLOCK,Sunday,March,1,GREY FOX DR,2,ROAD,LOCAL,9.0,20.0,PAVED,TwoWay,PAVED,6,50,NO ACCESS,N,1954.0,215.210151266101
GREY FOX DR,04-At/near private drive,02-Thru lane,01-Clear,07-Dark,MIDBLOCK,Sunday,March,1,GREY FOX DR,2,ROAD,LOCAL,9.0,20.0,PAVED,TwoWay,PAVED,6,50,NO ACCESS,N,1995.0,88.9373697705645
GREY FOX DR,04-At/near private drive,02-Thru lane,01-Clear,07-Dark,MIDBLOCK,Sunday,March,1,GREY FOX DR,2,ROAD,LOCAL,8.0,20.0,PAVED,TwoWay,PAVED,6,50,NO ACCESS,N,1995.0,191.390014842707
GREY FOX DR,01-Non intersection,02-Thru lane,01-Clear,01-Daylight,MIDBLOCK,Sunday,June,1,GREY FOX DR,2,ROAD,LOCAL,9.0,20.0,PAVED,TwoWay,PAVED,6,50,NO ACCESS,N,1997.0,105.695526836401
GREY FOX DR,01-Non intersection,02-Thru lane,01-Clear,01-Daylight,MIDBLOCK,Sunday,June,1,GREY FOX DR,2,ROAD,LOCAL,9.0,20.0,PAVED,TwoWay,PAVED,6,50,NO ACCESS,N,1954.0,215.210151266101
GREY FOX DR,01-Non intersection,02-Thru lane,01-Clear,01-Daylight,MIDBLOCK,Sunday,June,1,GREY FOX DR,2,ROAD,LOCAL,9.0,20.0,PAVED,TwoWay,PAVED,6,50,NO ACCESS,N,1995.0,88.9373697705645
GREY FOX DR,01-Non intersection,02-Thru lane,01-Clear,01-Daylight,MIDBLOCK,Sunday,June,1,GREY FOX DR,2,ROAD,LOCAL,8.0,20.0,PAVED,TwoWay,PAVED,6,50,NO ACCESS,N,1995.0,191.390014842707
GREY FOX DR,04-At/near private drive,02-Thru lane,01-Clear,05-Dusk,MIDBLOCK,Sunday,September,1,GREY FOX DR,2,ROAD,LOCAL,9.0,20.0,PAVED,TwoWay,PAVED,6,50,NO ACCESS,N,1997.0,105.695526836401
GREY FOX DR,04-At/near private drive,02-Thru lane,01-Clear,05-Dusk,MIDBLOCK,Sunday,September,1,GREY FOX DR,2,ROAD,LOCAL,9.0,20.0,PAVED,TwoWay,PAVED,6,50,NO ACCESS,N,1954.0,215.210151266101
GREY FOX DR,04-At/near private drive,02-Thru lane,01-Clear,05-Dusk,MIDBLOCK,Sunday,September,1,GREY FOX DR,2,ROAD,LOCAL,9.0,20.0,PAVED,TwoWay,PAVED,6,50,NO ACCESS,N,1995.0,88.9373697705645
GREY FOX DR,04-At/near private drive,02-Thru lane,01-Clear,05-Dusk,MIDBLOCK,Sunday,September,1,GREY FOX DR,2,ROAD,LOCAL,8.0,20.0,PAVED,TwoWay,PAVED,6,50,NO ACCESS,N,1995.0,191.390014842707
GREY FOX DR,04-At/near private drive,02-Thru lane,01-Clear,01-Daylight,MIDBLOCK,Tuesday,February,0,GREY FOX DR,2,ROAD,LOCAL,9.0,20.0,PAVED,TwoWay,PAVED,6,50,NO ACCESS,N,1997.0,105.695526836401
GREY FOX DR,04-At/near private drive,02-Thru lane,01-Clear,01-Daylight,MIDBLOCK,Tuesday,February,0,GREY FOX DR,2,ROAD,LOCAL,9.0,20.0,PAVED,TwoWay,PAVED,6,50,NO ACCESS,N,1954.0,215.210151266101
GREY FOX DR,04-At/near private drive,02-Thru lane,01-Clear,01-Daylight,MIDBLOCK,Tuesday,February,0,GREY FOX DR,2,ROAD,LOCAL,9.0,20.0,PAVED,TwoWay,PAVED,6,50,NO ACCESS,N,1995.0,88.9373697705645
GREY FOX DR,04-At/near private drive,02-Thru lane,01-Clear,01-Daylight,MIDBLOCK,Tuesday,February,0,GREY FOX DR,2,ROAD,LOCAL,8.0,20.0,PAVED,TwoWay,PAVED,6,50,NO ACCESS,N,1995.0,191.390014842707
GREY FOX DR,04-At/near private drive,11-Not on roadway - right side,01-Clear,01-Daylight,MIDBLOCK,Wednesday,December,0,GREY FOX DR,2,ROAD,LOCAL,9.0,20.0,PAVED,TwoWay,PAVED,6,50,NO ACCESS,N,1997.0,105.695526836401
GREY FOX DR,04-At/near private drive,11-Not on roadway - right side,01-Clear,01-Daylight,MIDBLOCK,Wednesday,December,0,GREY FOX DR,2,ROAD,LOCAL,9.0,20.0,PAVED,TwoWay,PAVED,6,50,NO ACCESS,N,1954.0,215.210151266101
GREY FOX DR,04-At/near private drive,11-Not on roadway - right side,01-Clear,01-Daylight,MIDBLOCK,Wednesday,December,0,GREY FOX DR,2,ROAD,LOCAL,9.0,20.0,PAVED,TwoWay,PAVED,6,50,NO ACCESS,N,1995.0,88.9373697705645
GREY FOX DR,04-At/near private drive,11-Not on roadway - right side,01-Clear,01-Daylight,MIDBLOCK,Wednesday,December,0,GREY FOX DR,2,ROAD,LOCAL,8.0,20.0,PAVED,TwoWay,PAVED,6,50,NO ACCESS,N,1995.0,191.390014842707
GREY FOX DR,04-At/near private drive,02-Thru lane,01-Clear,01-Daylight,MIDBLOCK,Monday,September,0,GREY FOX DR,2,ROAD,LOCAL,9.0,20.0,PAVED,TwoWay,PAVED,6,50,NO ACCESS,N,1997.0,105.695526836401
GREY FOX DR,04-At/near private drive,02-Thru lane,01-Clear,01-Daylight,MIDBLOCK,Monday,September,0,GREY FOX DR,2,ROAD,LOCAL,9.0,20.0,PAVED,TwoWay,PAVED,6,50,NO ACCESS,N,1954.0,215.210151266101
GREY FOX DR,04-At/near private drive,02-Thru lane,01-Clear,01-Daylight,MIDBLOCK,Monday,September,0,GREY FOX DR,2,ROAD,LOCAL,9.0,20.0,PAVED,TwoWay,PAVED,6,50,NO ACCESS,N,1995.0,88.9373697705645
GREY FOX DR,04-At/near private drive,02-Thru lane,01-Clear,01-Daylight,MIDBLOCK,Monday,September,0,GREY FOX DR,2,ROAD,LOCAL,8.0,20.0,PAVED,TwoWay,PAVED,6,50,NO ACCESS,N,1995.0,191.390014842707
GREY FOX DR,04-At/near private drive,02-Thru lane,01-Clear,"08-Dark, artificial",MIDBLOCK,Tuesday,November,0,GREY FOX DR,2,ROAD,LOCAL,9.0,20.0,PAVED,TwoWay,PAVED,6,50,NO ACCESS,N,1997.0,105.695526836401
GREY FOX DR,04-At/near private drive,02-Thru lane,01-Clear,"08-Dark, artificial",MIDBLOCK,Tuesday,November,0,GREY FOX DR,2,ROAD,LOCAL,9.0,20.0,PAVED,TwoWay,PAVED,6,50,NO ACCESS,N,1954.0,215.210151266101
GREY FOX DR,04-At/near private drive,02-Thru lane,01-Clear,"08-Dark, artificial",MIDBLOCK,Tuesday,November,0,GREY FOX DR,2,ROAD,LOCAL,9.0,20.0,PAVED,TwoWay,PAVED,6,50,NO ACCESS,N,1995.0,88.9373697705645
GREY FOX DR,04-At/near private drive,02-Thru lane,01-Clear,"08-Dark, artificial",MIDBLOCK,Tuesday,November,0,GREY FOX DR,2,ROAD,LOCAL,8.0,20.0,PAVED,TwoWay,PAVED,6,50,NO ACCESS,N,1995.0,191.390014842707
GREY FOX DR,01-Non intersection,02-Thru lane,01-Clear,01-Daylight,MIDBLOCK,Tuesday,July,0,GREY FOX DR,2,ROAD,LOCAL,9.0,20.0,PAVED,TwoWay,PAVED,6,50,NO ACCESS,N,1997.0,105.695526836401
GREY FOX DR,01-Non intersection,02-Thru lane,01-Clear,01-Daylight,MIDBLOCK,Tuesday,July,0,GREY FOX DR,2,ROAD,LOCAL,9.0,20.0,PAVED,TwoWay,PAVED,6,50,NO ACCESS,N,1954.0,215.210151266101
GREY FOX DR,01-Non intersection,02-Thru lane,01-Clear,01-Daylight,MIDBLOCK,Tuesday,July,0,GREY FOX DR,2,ROAD,LOCAL,9.0,20.0,PAVED,TwoWay,PAVED,6,50,NO ACCESS,N,1995.0,88.9373697705645
GREY FOX DR,01-Non intersection,02-Thru lane,01-Clear,01-Daylight,MIDBLOCK,Tuesday,July,0,GREY FOX DR,2,ROAD,LOCAL,8.0,20.0,PAVED,TwoWay,PAVED,6,50,NO ACCESS,N,1995.0,191.390014842707
GREY FOX DR,04-At/near private drive,02-Thru lane,02-Rain,01-Daylight,MIDBLOCK,Thursday,May,0,GREY FOX DR,2,ROAD,LOCAL,9.0,20.0,PAVED,TwoWay,PAVED,6,50,NO ACCESS,N,1997.0,105.695526836401
GREY FOX DR,04-At/near private drive,02-Thru lane,02-Rain,01-Daylight,MIDBLOCK,Thursday,May,0,GREY FOX DR,2,ROAD,LOCAL,9.0,20.0,PAVED,TwoWay,PAVED,6,50,NO ACCESS,N,1954.0,215.210151266101
GREY FOX DR,04-At/near private drive,02-Thru lane,02-Rain,01-Daylight,MIDBLOCK,Thursday,May,0,GREY FOX DR,2,ROAD,LOCAL,9.0,20.0,PAVED,TwoWay,PAVED,6,50,NO ACCESS,N,1995.0,88.9373697705645
GREY FOX DR,04-At/near private drive,02-Thru lane,02-Rain,01-Daylight,MIDBLOCK,Thursday,May,0,GREY FOX DR,2,ROAD,LOCAL,8.0,20.0,PAVED,TwoWay,PAVED,6,50,NO ACCESS,N,1995.0,191.390014842707
AVALON PL,01-Non intersection,02-Thru lane,01-Clear,07-Dark,MIDBLOCK,Saturday,September,1,AVALON PL,2,ROAD,LOCAL,12.0,27.0,PAVED,TwoWay,PAVED,6,50,NO ACCESS,N,1975.0,89.5884474019462
AVALON PL,01-Non intersection,02-Thru lane,01-Clear,07-Dark,MIDBLOCK,Saturday,September,1,AVALON PL,2,ROAD,LOCAL,12.0,25.0,PAVED,TwoWay,PAVED,6,50,NO ACCESS,N,1948.0,231.371142022778
AVALON PL,01-Non intersection,02-Thru lane,01-Clear,07-Dark,MIDBLOCK,Saturday,September,1,AVALON PL,1,BULB,LOCAL,10.0,32.0,PAVED,FromTo,PAVED,6,50,NO ACCESS,N,1957.0,49.4672725093885
AVALON PL,01-Non intersection,02-Thru lane,01-Clear,07-Dark,MIDBLOCK,Saturday,September,1,AVALON PL,2,ROAD,LOCAL,12.0,25.0,PAVED,TwoWay,PAVED,6,50,NO ACCESS,N,1968.0,125.241410997459
AVALON PL,01-Non intersection,02-Thru lane,01-Clear,07-Dark,MIDBLOCK,Saturday,September,1,AVALON PL,1,BULB,LOCAL,12.0,24.0,PAVED,FromTo,PAVED,6,50,NO ACCESS,N,1968.0,29.0449266431787
AVALON PL,01-Non intersection,02-Thru lane,01-Clear,07-Dark,MIDBLOCK,Saturday,September,1,AVALON PL,2,ROAD,LOCAL,12.0,24.0,PAVED,TwoWay,PAVED,6,50,NO ACCESS,Y,1855.0,262.99505960681597
AVALON PL,01-Non intersection,02-Thru lane,01-Clear,07-Dark,MIDBLOCK,Saturday,September,1,AVALON PL,2,ROAD,LOCAL,10.0,16.0,PAVED,TwoWay,PAVED,6,50,NO ACCESS,N,1875.0,243.50578474757302
AVALON PL,04-At/near private drive,02-Thru lane,03-Snow,01-Daylight,MIDBLOCK,Monday,December,0,AVALON PL,2,ROAD,LOCAL,12.0,27.0,PAVED,TwoWay,PAVED,6,50,NO ACCESS,N,1975.0,89.5884474019462
AVALON PL,04-At/near private drive,02-Thru lane,03-Snow,01-Daylight,MIDBLOCK,Monday,December,0,AVALON PL,2,ROAD,LOCAL,12.0,25.0,PAVED,TwoWay,PAVED,6,50,NO ACCESS,N,1948.0,231.371142022778
AVALON PL,04-At/near private drive,02-Thru lane,03-Snow,01-Daylight,MIDBLOCK,Monday,December,0,AVALON PL,1,BULB,LOCAL,10.0,32.0,PAVED,FromTo,PAVED,6,50,NO ACCESS,N,1957.0,49.4672725093885
AVALON PL,04-At/near private drive,02-Thru lane,03-Snow,01-Daylight,MIDBLOCK,Monday,December,0,AVALON PL,2,ROAD,LOCAL,12.0,25.0,PAVED,TwoWay,PAVED,6,50,NO ACCESS,N,1968.0,125.241410997459
AVALON PL,04-At/near private drive,02-Thru lane,03-Snow,01-Daylight,MIDBLOCK,Monday,December,0,AVALON PL,1,BULB,LOCAL,12.0,24.0,PAVED,FromTo,PAVED,6,50,NO ACCESS,N,1968.0,29.0449266431787