LOCATION,ACCIDENT_LOCATION,IMPACT_LOCATION,ENVIRONMENT_CONDITION,LIGHT,COLLISION_TYPE,DAY_OF_WEEK,MONTH,IS_WEEKEND,STREET,LANES,CATEGORY,SUBCATEGORY,PAVEMENT_WIDTH,ROW_WIDTH,SHOULDER,FLOW_DIRECTION,SURFACE_LAYER_TYPE,OFFICIAL_ROAD_CLASSIFICATION,SPEED_LIMIT_KM,TRUCK_ACCESS,BUS_ROUTE,SERVICE_YEAR,Shape__Length
AVALON PL,04-At/near private drive,02-Thru lane,03-Snow,01-Daylight,MIDBLOCK,Monday,December,0,AVALON PL,2,ROAD,LOCAL,12.0,24.0,PAVED,TwoWay,PAVED,6,50,NO ACCESS,Y,1855.0,262.99505960681597
AVALON PL,04-At/near private drive,02-Thru lane,03-Snow,01-Daylight,MIDBLOCK,Monday,December,0,AVALON PL,2,ROAD,LOCAL,10.0,16.0,PAVED,TwoWay,PAVED,6,50,NO ACCESS,N,1875.0,243.50578474757302
ETON DR,04-At/near private drive,02-Thru lane,01-Clear,01-Daylight,MIDBLOCK,Wednesday,October,0,ETON DR,2,ROAD,LOCAL,9.0,20.0,PAVED,TwoWay,PAVED,6,50,NO ACCESS,N,1954.0,83.526351901865
ETON DR,04-At/near private drive,02-Thru lane,01-Clear,01-Daylight,MIDBLOCK,Wednesday,October,0,ETON DR,2,ROAD,LOCAL,9.0,20.0,PAVED,TwoWay,PAVED,6,50,NO ACCESS,N,1954.0,386.532942917309
HAZELGLEN DR,04-At/near private drive,02-Thru lane,01-Clear,01-Daylight,MIDBLOCK,Thursday,September,0,HAZELGLEN DR,2,ROAD,MINOR,10.0,20.0,PAVED,TwoWay,PAVED,4,50,NO ACCESS,Y,2001.0,80.8472044319111
HAZELGLEN DR,04-At/near private drive,02-Thru lane,01-Clear,01-Daylight,MIDBLOCK,Thursday,September,0,HAZELGLEN DR,2,ROAD,MINOR,10.0,20.0,PAVED,TwoWay,PAVED,4,50,NO ACCESS,Y,2001.0,81.32156397472409
HAZELGLEN DR,04-At/near private drive,02-Thru lane,01-Clear,01-Daylight,MIDBLOCK,Thursday,September,0,HAZELGLEN DR,2,ROAD,LOCAL,10.0,20.0,PAVED,TwoWay,PAVED,6,50,NO ACCESS,Y,2001.0,56.4042701700109
HAZELGLEN DR,04-At/near private drive,02-Thru lane,01-Clear,01-Daylight,MIDBLOCK,Thursday,September,0,HAZELGLEN DR,2,ROAD,LOCAL,10.0,20.0,PAVED,TwoWay,PAVED,6,50,NO ACCESS,Y,2001.0,431.157424592573
HAZELGLEN DR,04-At/near private drive,02-Thru lane,01-Clear,01-Daylight,MIDBLOCK,Thursday,September,0,HAZELGLEN DR,2,ROAD,LOCAL,10.0,20.0,PAVED,TwoWay,PAVED,6,50,NO ACCESS,N,1970.0,74.6249442462933
HAZELGLEN DR,04-At/near private drive,02-Thru lane,01-Clear,01-Daylight,MIDBLOCK,Thursday,September,0,HAZELGLEN DR,2,ROAD,LOCAL,10.0,20.0,PAVED,TwoWay,PAVED,6,50,NO ACCESS,Y,1970.0,139.73689885600402
HAZELGLEN DR,04-At/near private drive,02-Thru lane,01-Clear,01-Daylight,MIDBLOCK,Thursday,September,0,HAZELGLEN DR,2,ROAD,LOCAL,10.0,20.0,PAVED,TwoWay,PAVED,6,50,NO ACCESS,Y,2001.0,87.9765730844754
HAZELGLEN DR,04-At/near private drive,02-Thru lane,01-Clear,01-Daylight,MIDBLOCK,Thursday,September,0,HAZELGLEN DR,2,ROAD,MINOR,10.0,20.0,PAVED,TwoWay,PAVED,4,50,NO ACCESS,Y,2001.0,171.74255378791798
HAZELGLEN DR,04-At/near private drive,02-Thru lane,01-Clear,01-Daylight,MIDBLOCK,Thursday,September,0,HAZELGLEN DR,2,ROAD,LOCAL,10.0,20.0,PAVED,TwoWay,PAVED,6,50,NO ACCESS,N,1970.0,52.3669471403788
HAZELGLEN DR,01-Non intersection,02-Thru lane,03-Snow,"08-Dark, artificial",MIDBLOCK,Wednesday,November,0,HAZELGLEN DR,2,ROAD,MINOR,10.0,20.0,PAVED,TwoWay,PAVED,4,50,NO ACCESS,Y,2001.0,80.8472044319111
HAZELGLEN DR,01-Non intersection,02-Thru lane,03-Snow,"08-Dark, artificial",MIDBLOCK,Wednesday,November,0,HAZELGLEN DR,2,ROAD,MINOR,10.0,20.0,PAVED,TwoWay,PAVED,4,50,NO ACCESS,Y,2001.0,81.32156397472409
HAZELGLEN DR,01-Non intersection,02-Thru lane,03-Snow,"08-Dark, artificial",MIDBLOCK,Wednesday,November,0,HAZELGLEN DR,2,ROAD,LOCAL,10.0,20.0,PAVED,TwoWay,PAVED,6,50,NO ACCESS,Y,2001.0,56.4042701700109
HAZELGLEN DR,01-Non intersection,02-Thru lane,03-Snow,"08-Dark, artificial",MIDBLOCK,Wednesday,November,0,HAZELGLEN DR,2,ROAD,LOCAL,10.0,20.0,PAVED,TwoWay,PAVED,6,50,NO ACCESS,Y,2001.0,431.157424592573
HAZELGLEN DR,01-Non intersection,02-Thru lane,03-Snow,"08-Dark, artificial",MIDBLOCK,Wednesday,November,0,HAZELGLEN DR,2,ROAD,LOCAL,10.0,20.0,PAVED,TwoWay,PAVED,6,50,NO ACCESS,N,1970.0,74.6249442462933
HAZELGLEN DR,01-Non intersection,02-Thru lane,03-Snow,"08-Dark, artificial",MIDBLOCK,Wednesday,November,0,HAZELGLEN DR,2,ROAD,LOCAL,10.0,20.0,PAVED,TwoWay,PAVED,6,50,NO ACCESS,Y,1970.0,139.73689885600402
HAZELGLEN DR,01-Non intersection,02-Thru lane,03-Snow,"08-Dark, artificial",MIDBLOCK,Wednesday,November,0,HAZELGLEN DR,2,ROAD,LOCAL,10.0,20.0,PAVED,TwoWay,PAVED,6,50,NO ACCESS,Y,2001.0,87.9765730844754
HAZELGLEN DR,01-Non intersection,02-Thru lane,03-Snow,"08-Dark, artificial",MIDBLOCK,Wednesday,November,0,HAZELGLEN DR,2,ROAD,MINOR,10.0,20.0,PAVED,TwoWay,PAVED,4,50,NO ACCESS,Y,2001.0,171.74255378791798
HAZELGLEN DR,01-Non intersection,02-Thru lane,03-Snow,"08-Dark, artificial",MIDBLOCK,Wednesday,November,0,HAZELGLEN DR,2,ROAD,LOCAL,10.0,20.0,PAVED,TwoWay,PAVED,6,50,NO ACCESS,N,1970.0,52.3669471403788
HAZELGLEN DR,04-At/near private drive,11-Not on roadway - right side,02-Rain,"04-Dawn, artificial",MIDBLOCK,Friday,July,0,HAZELGLEN DR,2,ROAD,MINOR,10.0,20.0,PAVED,TwoWay,PAVED,4,50,NO ACCESS,Y,2001.0,80.8472044319111
HAZELGLEN DR,04-At/near private drive,11-Not on roadway - right side,02-Rain,"04-Dawn, artificial",MIDBLOCK,Friday,July,0,HAZELGLEN DR,2,ROAD,MINOR,10.0,20.0,PAVED,TwoWay,PAVED,4,50,NO ACCESS,Y,2001.0,81.32156397472409
HAZELGLEN DR,04-At/near private drive,11-Not on roadway - right side,02-Rain,"04-Dawn, artificial",MIDBLOCK,Friday,July,0,HAZELGLEN DR,2,ROAD,LOCAL,10.0,20.0,PAVED,TwoWay,PAVED,6,50,NO ACCESS,Y,2001.0,56.4042701700109
HAZELGLEN DR,04-At/near private drive,11-Not on roadway - right side,02-Rain,"04-Dawn, artificial",MIDBLOCK,Friday,July,0,HAZELGLEN DR,2,ROAD,LOCAL,10.0,20.0,PAVED,TwoWay,PAVED,6,50,NO ACCESS,Y,2001.0,431.157424592573
HAZELGLEN DR,04-At/near private drive,11-Not on roadway - right side,02-Rain,"04-Dawn, artificial",MIDBLOCK,Friday,July,0,HAZELGLEN DR,2,ROAD,LOCAL,10.0,20.0,PAVED,TwoWay,PAVED,6,50,NO ACCESS,N,1970.0,74.6249442462933
HAZELGLEN DR,04-At/near private drive,11-Not on roadway - right side,02-Rain,"04-Dawn, artificial",MIDBLOCK,Friday,July,0,HAZELGLEN DR,2,ROAD,LOCAL,10.0,20.0,PAVED,TwoWay,PAVED,6,50,NO ACCESS,Y,1970.0,139.73689885600402
HAZELGLEN DR,04-At/near private drive,11-Not on roadway - right side,02-Rain,"04-Dawn, artificial",MIDBLOCK,Friday,July,0,HAZELGLEN DR,2,ROAD,LOCAL,10.0,20.0,PAVED,TwoWay,PAVED,6,50,NO ACCESS,Y,2001.0,87.9765730844754
HAZELGLEN DR,04-At/near private drive,11-Not on roadway - right side,02-Rain,"04-Dawn, artificial",MIDBLOCK,Friday,July,0,HAZELGLEN DR,2,ROAD,MINOR,10.0,20.0,PAVED,TwoWay,PAVED,4,50,NO ACCESS,Y,2001.0,171.74255378791798
HAZELGLEN DR,04-At/near private drive,11-Not on roadway - right side,02-Rain,"04-Dawn, artificial",MIDBLOCK,Friday,July,0,HAZELGLEN DR,2,ROAD,LOCAL,10.0,20.0,PAVED,TwoWay,PAVED,6,50,NO ACCESS,N,1970.0,52.3669471403788
HAZELGLEN DR,01-Non intersection,02-Thru lane,01-Clear,"08-Dark, artificial",MIDBLOCK,Saturday,August,1,HAZELGLEN DR,2,ROAD,MINOR,10.0,20.0,PAVED,TwoWay,PAVED,4,50,NO ACCESS,Y,2001.0,80.8472044319111
HAZELGLEN DR,01-Non intersection,02-Thru lane,01-Clear,"08-Dark, artificial",MIDBLOCK,Saturday,August,1,HAZELGLEN DR,2,ROAD,MINOR,10.0,20.0,PAVED,TwoWay,PAVED,4,50,NO ACCESS,Y,2001.0,81.32156397472409
HAZELGLEN DR,01-Non intersection,02-Thru lane,01-Clear,"08-Dark, artificial",MIDBLOCK,Saturday,August,1,HAZELGLEN DR,2,ROAD,LOCAL,10.0,20.0,PAVED,TwoWay,PAVED,6,50,NO ACCESS,Y,2001.0,56.4042701700109
HAZELGLEN DR,01-Non intersection,02-Thru lane,01-Clear,"08-Dark, artificial",MIDBLOCK,Saturday,August,1,HAZELGLEN DR,2,ROAD,LOCAL,10.0,20.0,PAVED,TwoWay,PAVED,6,50,NO ACCESS,Y,2001.0,431.157424592573
HAZELGLEN DR,01-Non intersection,02-Thru lane,01-Clear,"08-Dark, artificial",MIDBLOCK,Saturday,August,1,HAZELGLEN DR,2,ROAD,LOCAL,10.0,20.0,PAVED,TwoWay,PAVED,6,50,NO ACCESS,N,1970.0,74.6249442462933
HAZELGLEN DR,01-Non intersection,02-Thru lane,01-Clear,"08-Dark, artificial",MIDBLOCK,Saturday,August,1,HAZELGLEN DR,2,ROAD,LOCAL,10.0,20.0,PAVED,TwoWay,PAVED,6,50,NO ACCESS,Y,1970.0,139.73689885600402
HAZELGLEN DR,01-Non intersection,02-Thru lane,01-Clear,"08-Dark, artificial",MIDBLOCK,Saturday,August,1,HAZELGLEN DR,2,ROAD,LOCAL,10.0,20.0,PAVED,TwoWay,PAVED,6,50,NO ACCESS,Y,2001.0,87.9765730844754
HAZELGLEN DR,01-Non intersection,02-Thru lane,01-Clear,"08-Dark, artificial",MIDBLOCK,Saturday,August,1,HAZELGLEN DR,2,ROAD,MINOR,10.0,20.0,PAVED,TwoWay,PAVED,4,50,NO ACCESS,Y,2001.0,171.74255378791798
HAZELGLEN DR,01-Non intersection,02-Thru lane,01-Clear,"08-Dark, artificial",MIDBLOCK,Saturday,August,1,HAZELGLEN DR,2,ROAD,LOCAL,10.0,20.0,PAVED,TwoWay,PAVED,6,50,NO ACCESS,N,1970.0,52.3669471403788
HAZELGLEN DR,01-Non intersection,02-Thru lane,03-Snow,01-Daylight,MIDBLOCK,Saturday,February,1,HAZELGLEN DR,2,ROAD,MINOR,10.0,20.0,PAVED,TwoWay,PAVED,4,50,NO ACCESS,Y,2001.0,80.8472044319111
HAZELGLEN DR,01-Non intersection,02-Thru lane,03-Snow,01-Daylight,MIDBLOCK,Saturday,February,1,HAZELGLEN DR,2,ROAD,MINOR,10.0,20.0,PAVED,TwoWay,PAVED,4,50,NO ACCESS,Y,2001.0,81.32156397472409
HAZELGLEN DR,01-Non intersection,02-Thru lane,03-Snow,01-Daylight,MIDBLOCK,Saturday,February,1,HAZELGLEN DR,2,ROAD,LOCAL,10.0,20.0,PAVED,TwoWay,PAVED,6,50,NO ACCESS,Y,2001.0,56.4042701700109
HAZELGLEN DR,01-Non intersection,02-Thru lane,03-Snow,01-Daylight,MIDBLOCK,Saturday,February,1,HAZELGLEN DR,2,ROAD,LOCAL,10.0,20.0,PAVED,TwoWay,PAVED,6,50,NO ACCESS,Y,2001.0,431.157424592573
HAZELGLEN DR,01-Non intersection,02-Thru lane,03-Snow,01-Daylight,MIDBLOCK,Saturday,February,1,HAZELGLEN DR,2,ROAD,LOCAL,10.0,20.0,PAVED,TwoWay,PAVED,6,50,NO ACCESS,N,1970.0,74.6249442462933
HAZELGLEN DR,01-Non intersection,02-Thru lane,03-Snow,01-Daylight,MIDBLOCK,Saturday,February,1,HAZELGLEN DR,2,ROAD,LOCAL,10.0,20.0,PAVED,TwoWay,PAVED,6,50,NO ACCESS,Y,1970.0,139.73689885600402
HAZELGLEN DR,01-Non intersection,02-Thru lane,03-Snow,01-Daylight,MIDBLOCK,Saturday,February,1,HAZELGLEN DR,2,ROAD,LOCAL,10.0,20.0,PAVED,TwoWay,PAVED,6,50,NO ACCESS,Y,2001.0,87.9765730844754
HAZELGLEN DR,01-Non intersection,02-Thru lane,03-Snow,01-Daylight,MIDBLOCK,Saturday,February,1,HAZELGLEN DR,2,ROAD,MINOR,10.0,20.0,PAVED,TwoWay,PAVED,4,50,NO ACCESS,Y,2001.0,171.74255378791798
HAZELGLEN DR,01-Non intersection,02-Thru lane,03-Snow,01-Daylight,MIDBLOCK,Saturday,February,1,HAZELGLEN DR,2,ROAD,LOCAL,10.0,20.0,PAVED,TwoWay,PAVED,6,50,NO ACCESS,N,1970.0,52.3669471403788
HAZELGLEN DR,04-At/near private drive,02-Thru lane,01-Clear,01-Daylight,MIDBLOCK,Sunday,July,1,HAZELGLEN DR,2,ROAD,MINOR,10.0,20.0,PAVED,TwoWay,PAVED,4,50,NO ACCESS,Y,2001.0,80.8472044319111
HAZELGLEN DR,04-At/near private drive,02-Thru lane,01-Clear,01-Daylight,MIDBLOCK,Sunday,July,1,HAZELGLEN DR,2,ROAD,MINOR,10.0,20.0,PAVED,TwoWay,PAVED,4,50,NO ACCESS,Y,2001.0,81.32156397472409
HAZELGLEN DR,04-At/near private drive,02-Thru lane,01-Clear,01-Daylight,MIDBLOCK,Sunday,July,1,HAZELGLEN DR,2,ROAD,LOCAL,10.0,20.0,PAVED,TwoWay,PAVED,6,50,NO ACCESS,Y,2001.0,56.4042701700109
HAZELGLEN DR,04-At/near private drive,02-Thru lane,01-Clear,01-Daylight,MIDBLOCK,Sunday,July,1,HAZELGLEN DR,2,ROAD,LOCAL,10.0,20.0,PAVED,TwoWay,PAVED,6,50,NO ACCESS,Y,2001.0,431.157424592573
HAZELGLEN DR,04-At/near private drive,02-Thru lane,01-Clear,01-Daylight,MIDBLOCK,Sunday,July,1,HAZELGLEN DR,2,ROAD,LOCAL,10.0,20.0,PAVED,TwoWay,PAVED,6,50,NO ACCESS,N,1970.0,74.6249442462933
HAZELGLEN DR,04-At/near private drive,02-Thru lane,01-Clear,01-Daylight,MIDBLOCK,Sunday,July,1,HAZELGLEN DR,2,ROAD,LOCAL,10.0,20.0,PAVED,TwoWay,PAVED,6,50,NO ACCESS,Y,1970.0,139.73689885600402
HAZELGLEN DR,04-At/near private drive,02-Thru lane,01-Clear,01-Daylight,MIDBLOCK,Sunday,July,1,HAZELGLEN DR,2,ROAD,LOCAL,10.0,20.0,PAVED,TwoWay,PAVED,6,50,NO ACCESS,Y,2001.0,87.9765730844754
HAZELGLEN DR,04-At/near private drive,02-Thru lane,01-Clear,01-Daylight,MIDBLOCK,Sunday,July,1,HAZELGLEN DR,2,ROAD,MINOR,10.0,20.0,PAVED,TwoWay,PAVED,4,50,NO ACCESS,Y,2001.0,171.74255378791798
HAZELGLEN DR,04-At/near private drive,02-Thru lane,01-Clear,01-Daylight,MIDBLOCK,Sunday,July,1,HAZELGLEN DR,2,ROAD,LOCAL,10.0,20.0,PAVED,TwoWay,PAVED,6,50,NO ACCESS,N,1970.0,52.3669471403788
HAZELGLEN DR,01-Non intersection,02-Thru lane,03-Snow,01-Daylight,MIDBLOCK,Tuesday,March,0,HAZELGLEN DR,2,ROAD,MINOR,10.0,20.0,PAVED,TwoWay,PAVED,4,50,NO ACCESS,Y,2001.0,80.8472044319111
HAZELGLEN DR,01-Non intersection,02-Thru lane,03-Snow,01-Daylight,MIDBLOCK,Tuesday,March,0,HAZELGLEN DR,2,ROAD,MINOR,10.0,20.0,PAVED,TwoWay,PAVED,4,50,NO ACCESS,Y,2001.0,81.32156397472409
HAZELGLEN DR,01-Non intersection,02-Thru lane,03-Snow,01-Daylight,MIDBLOCK,Tuesday,March,0,HAZELGLEN DR,2,ROAD,LOCAL,10.0,20.0,PAVED,TwoWay,PAVED,6,50,NO ACCESS,Y,2001.0,56.4042701700109
HAZELGLEN DR,01-Non intersection,02-Thru lane,03-Snow,01-Daylight,MIDBLOCK,Tuesday,March,0,HAZELGLEN DR,2,ROAD,LOCAL,10.0,20.0,PAVED,TwoWay,PAVED,6,50,NO ACCESS,Y,2001.0,431.157424592573
HAZELGLEN DR,01-Non intersection,02-Thru lane,03-Snow,01-Daylight,MIDBLOCK,Tuesday,March,0,HAZELGLEN DR,2,ROAD,LOCAL,10.0,20.0,PAVED,TwoWay,PAVED,6,50,NO ACCESS,N,1970.0,74.6249442462933
HAZELGLEN DR,01-Non intersection,02-Thru lane,03-Snow,01-Daylight,MIDBLOCK,Tuesday,March,0,HAZELGLEN DR,2,ROAD,LOCAL,10.0,20.0,PAVED,TwoWay,PAVED,6,50,NO ACCESS,Y,1970.0,139.73689885600402
HAZELGLEN DR,01-Non intersection,02-Thru lane,03-Snow,01-Daylight,MIDBLOCK,Tuesday,March,0,HAZELGLEN DR,2,ROAD,LOCAL,10.0,20.0,PAVED,TwoWay,PAVED,6,50,NO ACCESS,Y,2001.0,87.9765730844754
HAZELGLEN DR,01-Non intersection,02-Thru lane,03-Snow,01-Daylight,MIDBLOCK,Tuesday,March,0,HAZELGLEN DR,2,ROAD,MINOR,10.0,20.0,PAVED,TwoWay,PAVED,4,50,NO ACCESS,Y,2001.0,171.74255378791798
HAZELGLEN DR,01-Non intersection,02-Thru lane,03-Snow,01-Daylight,MIDBLOCK,Tuesday,March,0,HAZELGLEN DR,2,ROAD,LOCAL,10.0,20.0,PAVED,TwoWay,PAVED,6,50,NO ACCESS,N,1970.0,52.3669471403788
HAZELGLEN DR,01-Non intersection,02-Thru lane,01-Clear,"08-Dark, artificial",MIDBLOCK,Friday,January,0,HAZELGLEN DR,2,ROAD,MINOR,10.0,20.0,PAVED,TwoWay,PAVED,4,50,NO ACCESS,Y,2001.0,80.8472044319111
HAZELGLEN DR,01-Non intersection,02-Thru lane,01-Clear,"08-Dark, artificial",MIDBLOCK,Friday,January,0,HAZELGLEN DR,2,ROAD,MINOR,10.0,20.0,PAVED,TwoWay,PAVED,4,50,NO ACCESS,Y,2001.0,81.32156397472409
HAZELGLEN DR,01-Non intersection,02-Thru lane,01-Clear,"08-Dark, artificial",MIDBLOCK,Friday,January,0,HAZELGLEN DR,2,ROAD,LOCAL,10.0,20.0,PAVED,TwoWay,PAVED,6,50,NO ACCESS,Y,2001.0,56.4042701700109
HAZELGLEN DR,01-Non intersection,02-Thru lane,01-Clear,"08-Dark, artificial",MIDBLOCK,Friday,January,0,HAZELGLEN DR,2,ROAD,LOCAL,10.0,20.0,PAVED,TwoWay,PAVED,6,50,NO ACCESS,Y,2001.0,431.157424592573
HAZELGLEN DR,01-Non intersection,02-Thru lane,01-Clear,"08-Dark, artificial",MIDBLOCK,Friday,January,0,HAZELGLEN DR,2,ROAD,LOCAL,10.0,20.0,PAVED,TwoWay,PAVED,6,50,NO ACCESS,N,1970.0,74.6249442462933
HAZELGLEN DR,01-Non intersection,02-Thru lane,01-Clear,"08-Dark, artificial",MIDBLOCK,Friday,January,0,HAZELGLEN DR,2,ROAD,LOCAL,10.0,20.0,PAVED,TwoWay,PAVED,6,50,NO ACCESS,Y,1970.0,139.73689885600402
HAZELGLEN DR,01-Non intersection,02-Thru lane,01-Clear,"08-Dark, artificial",MIDBLOCK,Friday,January,0,HAZELGLEN DR,2,ROAD,LOCAL,10.0,20.0,PAVED,TwoWay,PAVED,6,50,NO ACCESS,Y,2001.0,87.9765730844754
HAZELGLEN DR,01-Non intersection,02-Thru lane,01-Clear,"08-Dark, artificial",MIDBLOCK,Friday,January,0,HAZELGLEN DR,2,ROAD,MINOR,10.0,20.0,PAVED,TwoWay,PAVED,4,50,NO ACCESS,Y,2001.0,171.74255378791798
HAZELGLEN DR,01-Non intersection,02-Thru lane,01-Clear,"08-Dark, artificial",MIDBLOCK,Friday,January,0,HAZELGLEN DR,2,ROAD,LOCAL,10.0,20.0,PAVED,TwoWay,PAVED,6,50,NO ACCESS,N,1970.0,52.3669471403788
HAZELGLEN DR,04-At/near private drive,02-Thru lane,01-Clear,07-Dark,MIDBLOCK,Sunday,March,1,HAZELGLEN DR,2,ROAD,MINOR,10.0,20.0,PAVED,TwoWay,PAVED,4,50,NO ACCESS,Y,2001.0,80.8472044319111
HAZELGLEN DR,04-At/near private drive,02-Thru lane,01-Clear,07-Dark,MIDBLOCK,Sunday,March,1,HAZELGLEN DR,2,ROAD,MINOR,10.0,20.0,PAVED,TwoWay,PAVED,4,50,NO ACCESS,Y,2001.0,81.32156397472409
HAZELGLEN DR,04-At/near private drive,02-Thru lane,01-Clear,07-Dark,MIDBLOCK,Sunday,March,1,HAZELGLEN DR,2,ROAD,LOCAL,10.0,20.0,PAVED,TwoWay,PAVED,6,50,NO ACCESS,Y,2001.0,56.4042701700109
HAZELGLEN DR,04-At/near private drive,02-Thru lane,01-Clear,07-Dark,MIDBLOCK,Sunday,March,1,HAZELGLEN DR,2,ROAD,LOCAL,10.0,20.0,PAVED,TwoWay,PAVED,6,50,NO ACCESS,Y,2001.0,431.157424592573
HAZELGLEN DR,04-At/near private drive,02-Thru lane,01-Clear,07-Dark,MIDBLOCK,Sunday,March,1,HAZELGLEN DR,2,ROAD,LOCAL,10.0,20.0,PAVED,TwoWay,PAVED,6,50,NO ACCESS,N,1970.0,74.6249442462933
HAZELGLEN DR,04-At/near private drive,02-Thru lane,01-Clear,07-Dark,MIDBLOCK,Sunday,March,1,HAZELGLEN DR,2,ROAD,LOCAL,10.0,20.0,PAVED,TwoWay,PAVED,6,50,NO ACCESS,Y,1970.0,139.73689885600402
HAZELGLEN DR,04-At/near private drive,02-Thru lane,01-Clear,07-Dark,MIDBLOCK,Sunday,March,1,HAZELGLEN DR,2,ROAD,LOCAL,10.0,20.0,PAVED,TwoWay,PAVED,6,50,NO ACCESS,Y,2001.0,87.9765730844754
HAZELGLEN DR,04-At/near private drive,02-Thru lane,01-Clear,07-Dark,MIDBLOCK,Sunday,March,1,HAZELGLEN DR,2,ROAD,MINOR,10.0,20.0,PAVED,TwoWay,PAVED,4,50,NO ACCESS,Y,2001.0,171.74255378791798
HAZELGLEN DR,04-At/near private drive,02-Thru lane,01-Clear,07-Dark,MIDBLOCK,Sunday,March,1,HAZELGLEN DR,2,ROAD,LOCAL,10.0,20.0,PAVED,TwoWay,PAVED,6,50,NO ACCESS,N,1970.0,52.3669471403788
HAZELGLEN DR,04-At/near private drive,02-Thru lane,01-Clear,01-Daylight,MIDBLOCK,Thursday,February,0,HAZELGLEN DR,2,ROAD,MINOR,10.0,20.0,PAVED,TwoWay,PAVED,4,50,NO ACCESS,Y,2001.0,80.8472044319111
HAZELGLEN DR,04-At/near private drive,02-Thru lane,01-Clear,01-Daylight,MIDBLOCK,Thursday,February,0,HAZELGLEN DR,2,ROAD,MINOR,10.0,20.0,PAVED,TwoWay,PAVED,4,50,NO ACCESS,Y,2001.0,81.32156397472409
HAZELGLEN DR,04-At/near private drive,02-Thru lane,01-Clear,01-Daylight,MIDBLOCK,Thursday,February,0,HAZELGLEN DR,2,ROAD,LOCAL,10.0,20.0,PAVED,TwoWay,PAVED,6,50,NO ACCESS,Y,2001.0,56.4042701700109
HAZELGLEN DR,04-At/near private drive,02-Thru lane,01-Clear,01-Daylight,MIDBLOCK,Thursday,February,0,HAZELGLEN DR,2,ROAD,LOCAL,10.0,20.0,PAVED,TwoWay,PAVED,6,50,NO ACCESS,Y,2001.0,431.157424592573
HAZELGLEN DR,04-At/near private drive,02-Thru lane,01-Clear,01-Daylight,MIDBLOCK,Thursday,February,0,HAZELGLEN DR,2,ROAD,LOCAL,10.0,20.0,PAVED,TwoWay,PAVED,6,50,NO ACCESS,N,1970.0,74.6249442462933
HAZELGLEN DR,04-At/near private drive,02-Thru lane,01-Clear,01-Daylight,MIDBLOCK,Thursday,February,0,HAZELGLEN DR,2,ROAD,LOCAL,10.0,20.0,PAVED,TwoWay,PAVED,6,50,NO ACCESS,Y,1970.0,139.73689885600402
HAZELGLEN DR,04-At/near private drive,02-Thru lane,01-Clear,01-Daylight,MIDBLOCK,Thursday,February,0,HAZELGLEN DR,2,ROAD,LOCAL,10.0,20.0,PAVED,TwoWay,PAVED,6,50,NO ACCESS,Y,2001.0,87.9765730844754
HAZELGLEN DR,04-At/near private drive,02-Thru lane,01-Clear,01-Daylight,MIDBLOCK,Thursday,February,0,HAZELGLEN DR,2,ROAD,MINOR,10.0,20.0,PAVED,TwoWay,PAVED,4,50,NO ACCESS,Y,2001.0,171.74255378791798
HAZELGLEN DR,04-At/near private drive,02-Thru lane,01-Clear,01-Daylight,MIDBLOCK,Thursday,February,0,HAZELGLEN DR,2,ROAD,LOCAL,10.0,20.0,PAVED,TwoWay,PAVED,6,50,NO ACCESS,N,1970.0,52.3669471403788
HAZELGLEN DR,01-Non intersection,02-Thru lane,01-Clear,01-Daylight,MIDBLOCK,Monday,June,0,HAZELGLEN DR,2,ROAD,MINOR,10.0,20.0,PAVED,TwoWay,PAVED,4,50,NO ACCESS,Y,2001.0,80.8472044319111
HAZELGLEN DR,01-Non intersection,02-Thru lane,01-Clear,01-Daylight,MIDBLOCK,Monday,June,0,HAZELGLEN DR,2,ROAD,MINOR,10.0,20.0,PAVED,TwoWay,PAVED,4,50,NO ACCESS,Y,2001.0,81.32156397472409
HAZELGLEN DR,01-Non intersection,02-Thru lane,01-Clear,01-Daylight,MIDBLOCK,Monday,June,0,HAZELGLEN DR,2,ROAD,LOCAL,10.0,20.0,PAVED,TwoWay,PAVED,6,50,NO ACCESS,Y,2001.0,56.4042701700109
HAZELGLEN DR,01-Non intersection,02-Thru lane,01-Clear,01-Daylight,MIDBLOCK,Monday,June,0,HAZELGLEN DR,2,ROAD,LOCAL,10.0,20.0,PAVED,TwoWay,PAVED,6,50,NO ACCESS,Y,2001.0,431.157424592573
HAZELGLEN DR,01-Non intersection,02-Thru lane,01-Clear,01-Daylight,MIDBLOCK,Monday,June,0,HAZELGLEN DR,2,ROAD,LOCAL,10.0,20.0,PAVED,TwoWay,PAVED,6,50,NO ACCESS,N,1970.0,74.6249442462933
HAZELGLEN DR,01-Non intersection,02-Thru lane,01-Clear,01-Daylight,MIDBLOCK,Monday,June,0,HAZELGLEN DR,2,ROAD,LOCAL,10.0,20.0,PAVED,TwoWay,PAVED,6,50,NO ACCESS,Y,1970.0,139.73689885600402
HAZELGLEN DR,01-Non intersection,02-Thru lane,01-Clear,01-Daylight,MIDBLOCK,Monday,June,0,HAZELGLEN DR,2,ROAD,LOCAL,10.0,20.0,PAVED,TwoWay,PAVED,6,50,NO ACCESS,Y,2001.0,87.9765730844754
HAZELGLEN DR,01-Non intersection,02-Thru lane,01-Clear,01-Daylight,MIDBLOCK,Monday,June,0,HAZELGLEN DR,2,ROAD,MINOR,10.0,20.0,PAVED,TwoWay,PAVED,4,50,NO ACCESS,Y,2001.0,171.74255378791798
HAZELGLEN DR,01-Non intersection,02-Thru lane,01-Clear,01-Daylight,MIDBLOCK,Monday,June,0,HAZELGLEN DR,2,ROAD,LOCAL,10.0,20.0,PAVED,TwoWay,PAVED,6,50,NO ACCESS,N,1970.0,52.3669471403788
HAZELGLEN DR,01-Non intersection,11-Not on roadway - right side,01-Clear,01-Daylight,MIDBLOCK,Wednesday,December,0,HAZELGLEN DR,2,ROAD,MINOR,10.0,20.0,PAVED,TwoWay,PAVED,4,50,NO ACCESS,Y,2001.0,80.8472044319111