LOCATION,ACCIDENT_LOCATION,IMPACT_LOCATION,ENVIRONMENT_CONDITION,LIGHT,COLLISION_TYPE,DAY_OF_WEEK,MONTH,IS_WEEKEND,STREET,LANES,CATEGORY,SUBCATEGORY,PAVEMENT_WIDTH,ROW_WIDTH,SHOULDER,FLOW_DIRECTION,SURFACE_LAYER_TYPE,OFFICIAL_ROAD_CLASSIFICATION,SPEED_LIMIT_KM,TRUCK_ACCESS,BUS_ROUTE,SERVICE_YEAR,Shape__Length
HAZELGLEN DR,01-Non intersection,11-Not on roadway - right side,01-Clear,01-Daylight,MIDBLOCK,Wednesday,December,0,HAZELGLEN DR,2,ROAD,MINOR,10.0,20.0,PAVED,TwoWay,PAVED,4,50,NO ACCESS,Y,2001.0,81.32156397472409
HAZELGLEN DR,01-Non intersection,11-Not on roadway - right side,01-Clear,01-Daylight,MIDBLOCK,Wednesday,December,0,HAZELGLEN DR,2,ROAD,LOCAL,10.0,20.0,PAVED,TwoWay,PAVED,6,50,NO ACCESS,Y,2001.0,56.4042701700109
HAZELGLEN DR,01-Non intersection,11-Not on roadway - right side,01-Clear,01-Daylight,MIDBLOCK,Wednesday,December,0,HAZELGLEN DR,2,ROAD,LOCAL,10.0,20.0,PAVED,TwoWay,PAVED,6,50,NO ACCESS,Y,2001.0,431.157424592573
HAZELGLEN DR,01-Non intersection,11-Not on roadway - right side,01-Clear,01-Daylight,MIDBLOCK,Wednesday,December,0,HAZELGLEN DR,2,ROAD,LOCAL,10.0,20.0,PAVED,TwoWay,PAVED,6,50,NO ACCESS,N,1970.0,74.6249442462933
HAZELGLEN DR,01-Non intersection,11-Not on roadway - right side,01-Clear,01-Daylight,MIDBLOCK,Wednesday,December,0,HAZELGLEN DR,2,ROAD,LOCAL,10.0,20.0,PAVED,TwoWay,PAVED,6,50,NO ACCESS,Y,1970.0,139.73689885600402
HAZELGLEN DR,01-Non intersection,11-Not on roadway - right side,01-Clear,01-Daylight,MIDBLOCK,Wednesday,December,0,HAZELGLEN DR,2,ROAD,LOCAL,10.0,20.0,PAVED,TwoWay,PAVED,6,50,NO ACCESS,Y,2001.0,87.9765730844754
HAZELGLEN DR,01-Non intersection,11-Not on roadway - right side,01-Clear,01-Daylight,MIDBLOCK,Wednesday,December,0,HAZELGLEN DR,2,ROAD,MINOR,10.0,20.0,PAVED,TwoWay,PAVED,4,50,NO ACCESS,Y,2001.0,171.74255378791798
HAZELGLEN DR,01-Non intersection,11-Not on roadway - right side,01-Clear,01-Daylight,MIDBLOCK,Wednesday,December,0,HAZELGLEN DR,2,ROAD,LOCAL,10.0,20.0,PAVED,TwoWay,PAVED,6,50,NO ACCESS,N,1970.0,52.3669471403788
HAZELGLEN DR,04-At/near private drive,11-Not on roadway - right side,01-Clear,07-Dark,MIDBLOCK,Monday,August,0,HAZELGLEN DR,2,ROAD,MINOR,10.0,20.0,PAVED,TwoWay,PAVED,4,50,NO ACCESS,Y,2001.0,80.8472044319111
HAZELGLEN DR,04-At/near private drive,11-Not on roadway - right side,01-Clear,07-Dark,MIDBLOCK,Monday,August,0,HAZELGLEN DR,2,ROAD,MINOR,10.0,20.0,PAVED,TwoWay,PAVED,4,50,NO ACCESS,Y,2001.0,81.32156397472409
HAZELGLEN DR,04-At/near private drive,11-Not on roadway - right side,01-Clear,07-Dark,MIDBLOCK,Monday,August,0,HAZELGLEN DR,2,ROAD,LOCAL,10.0,20.0,PAVED,TwoWay,PAVED,6,50,NO ACCESS,Y,2001.0,56.4042701700109
HAZELGLEN DR,04-At/near private drive,11-Not on roadway - right side,01-Clear,07-Dark,MIDBLOCK,Monday,August,0,HAZELGLEN DR,2,ROAD,LOCAL,10.0,20.0,PAVED,TwoWay,PAVED,6,50,NO ACCESS,Y,2001.0,431.157424592573
HAZELGLEN DR,04-At/near private drive,11-Not on roadway - right side,01-Clear,07-Dark,MIDBLOCK,Monday,August,0,HAZELGLEN DR,2,ROAD,LOCAL,10.0,20.0,PAVED,TwoWay,PAVED,6,50,NO ACCESS,N,1970.0,74.6249442462933
HAZELGLEN DR,04-At/near private drive,11-Not on roadway - right side,01-Clear,07-Dark,MIDBLOCK,Monday,August,0,HAZELGLEN DR,2,ROAD,LOCAL,10.0,20.0,PAVED,TwoWay,PAVED,6,50,NO ACCESS,Y,1970.0,139.73689885600402
HAZELGLEN DR,04-At/near private drive,11-Not on roadway - right side,01-Clear,07-Dark,MIDBLOCK,Monday,August,0,HAZELGLEN DR,2,ROAD,LOCAL,10.0,20.0,PAVED,TwoWay,PAVED,6,50,NO ACCESS,Y,2001.0,87.9765730844754
HAZELGLEN DR,04-At/near private drive,11-Not on roadway - right side,01-Clear,07-Dark,MIDBLOCK,Monday,August,0,HAZELGLEN DR,2,ROAD,MINOR,10.0,20.0,PAVED,TwoWay,PAVED,4,50,NO ACCESS,Y,2001.0,171.74255378791798
HAZELGLEN DR,04-At/near private drive,11-Not on roadway - right side,01-Clear,07-Dark,MIDBLOCK,Monday,August,0,HAZELGLEN DR,2,ROAD,LOCAL,10.0,20.0,PAVED,TwoWay,PAVED,6,50,NO ACCESS,N,1970.0,52.3669471403788
SWEET WILLIAM ST,04-At/near private drive,02-Thru lane,01-Clear,01-Daylight,MIDBLOCK,Wednesday,December,0,SWEET WILLIAM ST,2,ROAD,LOCAL,8.0,16.0,PAVED,TwoWay,PAVED,6,50,NO ACCESS,N,2003.0,241.584221083475
SWEET WILLIAM ST,04-At/near private drive,02-Thru lane,01-Clear,05-Dusk,MIDBLOCK,Wednesday,June,0,SWEET WILLIAM ST,2,ROAD,LOCAL,8.0,16.0,PAVED,TwoWay,PAVED,6,50,NO ACCESS,N,2003.0,241.584221083475
SWEET WILLIAM ST,04-At/near private drive,02-Thru lane,01-Clear,"08-Dark, artificial",MIDBLOCK,Saturday,January,1,SWEET WILLIAM ST,2,ROAD,LOCAL,8.0,16.0,PAVED,TwoWay,PAVED,6,50,NO ACCESS,N,2003.0,241.584221083475
RIDGEMERE CRT,01-Non intersection,02-Thru lane,01-Clear,01-Daylight,MIDBLOCK,Thursday,November,0,RIDGEMERE CRT,1,BULB,LOCAL,9.0,18.0,PAVED,FromTo,PAVED,6,50,NO ACCESS,N,2005.0,189.3174948457
RIDGEMERE CRT,01-Non intersection,02-Thru lane,01-Clear,01-Daylight,MIDBLOCK,Thursday,November,0,RIDGEMERE CRT,2,ROAD,LOCAL,9.0,20.0,PAVED,TwoWay,PAVED,6,50,NO ACCESS,N,2005.0,335.42622596875
RIDGEMERE CRT,01-Non intersection,02-Thru lane,01-Clear,01-Daylight,MIDBLOCK,Thursday,November,0,RIDGEMERE CRT,2,ROAD,LOCAL,9.0,20.0,PAVED,TwoWay,PAVED,6,50,NO ACCESS,N,2005.0,30.7921275740991
RIDGEMERE CRT,01-Non intersection,02-Thru lane,01-Clear,01-Daylight,MIDBLOCK,Wednesday,January,0,RIDGEMERE CRT,1,BULB,LOCAL,9.0,18.0,PAVED,FromTo,PAVED,6,50,NO ACCESS,N,2005.0,189.3174948457
RIDGEMERE CRT,01-Non intersection,02-Thru lane,01-Clear,01-Daylight,MIDBLOCK,Wednesday,January,0,RIDGEMERE CRT,2,ROAD,LOCAL,9.0,20.0,PAVED,TwoWay,PAVED,6,50,NO ACCESS,N,2005.0,335.42622596875
RIDGEMERE CRT,01-Non intersection,02-Thru lane,01-Clear,01-Daylight,MIDBLOCK,Wednesday,January,0,RIDGEMERE CRT,2,ROAD,LOCAL,9.0,20.0,PAVED,TwoWay,PAVED,6,50,NO ACCESS,N,2005.0,30.7921275740991
RIDGEMERE CRT,04-At/near private drive,02-Thru lane,01-Clear,01-Daylight,MIDBLOCK,Monday,October,0,RIDGEMERE CRT,1,BULB,LOCAL,9.0,18.0,PAVED,FromTo,PAVED,6,50,NO ACCESS,N,2005.0,189.3174948457
RIDGEMERE CRT,04-At/near private drive,02-Thru lane,01-Clear,01-Daylight,MIDBLOCK,Monday,October,0,RIDGEMERE CRT,2,ROAD,LOCAL,9.0,20.0,PAVED,TwoWay,PAVED,6,50,NO ACCESS,N,2005.0,335.42622596875
RIDGEMERE CRT,04-At/near private drive,02-Thru lane,01-Clear,01-Daylight,MIDBLOCK,Monday,October,0,RIDGEMERE CRT,2,ROAD,LOCAL,9.0,20.0,PAVED,TwoWay,PAVED,6,50,NO ACCESS,N,2005.0,30.7921275740991
RIDGEMERE CRT,04-At/near private drive,02-Thru lane,01-Clear,01-Daylight,MIDBLOCK,Saturday,July,1,RIDGEMERE CRT,1,BULB,LOCAL,9.0,18.0,PAVED,FromTo,PAVED,6,50,NO ACCESS,N,2005.0,189.3174948457
RIDGEMERE CRT,04-At/near private drive,02-Thru lane,01-Clear,01-Daylight,MIDBLOCK,Saturday,July,1,RIDGEMERE CRT,2,ROAD,LOCAL,9.0,20.0,PAVED,TwoWay,PAVED,6,50,NO ACCESS,N,2005.0,335.42622596875
RIDGEMERE CRT,04-At/near private drive,02-Thru lane,01-Clear,01-Daylight,MIDBLOCK,Saturday,July,1,RIDGEMERE CRT,2,ROAD,LOCAL,9.0,20.0,PAVED,TwoWay,PAVED,6,50,NO ACCESS,N,2005.0,30.7921275740991
RIDGEMERE CRT,01-Non intersection,02-Thru lane,01-Clear,"08-Dark, artificial",MIDBLOCK,Tuesday,October,0,RIDGEMERE CRT,1,BULB,LOCAL,9.0,18.0,PAVED,FromTo,PAVED,6,50,NO ACCESS,N,2005.0,189.3174948457
RIDGEMERE CRT,01-Non intersection,02-Thru lane,01-Clear,"08-Dark, artificial",MIDBLOCK,Tuesday,October,0,RIDGEMERE CRT,2,ROAD,LOCAL,9.0,20.0,PAVED,TwoWay,PAVED,6,50,NO ACCESS,N,2005.0,335.42622596875
RIDGEMERE CRT,01-Non intersection,02-Thru lane,01-Clear,"08-Dark, artificial",MIDBLOCK,Tuesday,October,0,RIDGEMERE CRT,2,ROAD,LOCAL,9.0,20.0,PAVED,TwoWay,PAVED,6,50,NO ACCESS,N,2005.0,30.7921275740991
RIDGEMERE CRT,04-At/near private drive,02-Thru lane,01-Clear,01-Daylight,MIDBLOCK,Wednesday,July,0,RIDGEMERE CRT,1,BULB,LOCAL,9.0,18.0,PAVED,FromTo,PAVED,6,50,NO ACCESS,N,2005.0,189.3174948457
RIDGEMERE CRT,04-At/near private drive,02-Thru lane,01-Clear,01-Daylight,MIDBLOCK,Wednesday,July,0,RIDGEMERE CRT,2,ROAD,LOCAL,9.0,20.0,PAVED,TwoWay,PAVED,6,50,NO ACCESS,N,2005.0,335.42622596875
RIDGEMERE CRT,04-At/near private drive,02-Thru lane,01-Clear,01-Daylight,MIDBLOCK,Wednesday,July,0,RIDGEMERE CRT,2,ROAD,LOCAL,9.0,20.0,PAVED,TwoWay,PAVED,6,50,NO ACCESS,N,2005.0,30.7921275740991
BURBANK RD,04-At/near private drive,02-Thru lane,01-Clear,01-Daylight,MIDBLOCK,Thursday,November,0,BURBANK RD,2,ROAD,LOCAL,9.0,20.0,PAVED,TwoWay,PAVED,6,50,NO ACCESS,N,1956.0,252.314567173463
BURBANK RD,04-At/near private drive,02-Thru lane,01-Clear,01-Daylight,MIDBLOCK,Thursday,November,0,BURBANK RD,2,ROAD,LOCAL,9.0,20.0,PAVED,TwoWay,PAVED,6,50,NO ACCESS,N,1914.0,142.852820722444
BURBANK RD,04-At/near private drive,02-Thru lane,01-Clear,01-Daylight,MIDBLOCK,Thursday,November,0,BURBANK RD,2,ROAD,LOCAL,9.0,20.0,PAVED,TwoWay,PAVED,6,50,NO ACCESS,N,1914.0,56.2765613972562
BURBANK RD,04-At/near private drive,09-Right shoulder,01-Clear,"08-Dark, artificial",MIDBLOCK,Monday,December,0,BURBANK RD,2,ROAD,LOCAL,9.0,20.0,PAVED,TwoWay,PAVED,6,50,NO ACCESS,N,1956.0,252.314567173463
BURBANK RD,04-At/near private drive,09-Right shoulder,01-Clear,"08-Dark, artificial",MIDBLOCK,Monday,December,0,BURBANK RD,2,ROAD,LOCAL,9.0,20.0,PAVED,TwoWay,PAVED,6,50,NO ACCESS,N,1914.0,142.852820722444
BURBANK RD,04-At/near private drive,09-Right shoulder,01-Clear,"08-Dark, artificial",MIDBLOCK,Monday,December,0,BURBANK RD,2,ROAD,LOCAL,9.0,20.0,PAVED,TwoWay,PAVED,6,50,NO ACCESS,N,1914.0,56.2765613972562
BURBANK RD,02-Intersection related,02-Thru lane,01-Clear,01-Daylight,MIDBLOCK,Sunday,March,1,BURBANK RD,2,ROAD,LOCAL,9.0,20.0,PAVED,TwoWay,PAVED,6,50,NO ACCESS,N,1956.0,252.314567173463
BURBANK RD,02-Intersection related,02-Thru lane,01-Clear,01-Daylight,MIDBLOCK,Sunday,March,1,BURBANK RD,2,ROAD,LOCAL,9.0,20.0,PAVED,TwoWay,PAVED,6,50,NO ACCESS,N,1914.0,142.852820722444
BURBANK RD,02-Intersection related,02-Thru lane,01-Clear,01-Daylight,MIDBLOCK,Sunday,March,1,BURBANK RD,2,ROAD,LOCAL,9.0,20.0,PAVED,TwoWay,PAVED,6,50,NO ACCESS,N,1914.0,56.2765613972562
BURBANK RD,04-At/near private drive,02-Thru lane,01-Clear,01-Daylight,MIDBLOCK,Tuesday,May,0,BURBANK RD,2,ROAD,LOCAL,9.0,20.0,PAVED,TwoWay,PAVED,6,50,NO ACCESS,N,1956.0,252.314567173463
BURBANK RD,04-At/near private drive,02-Thru lane,01-Clear,01-Daylight,MIDBLOCK,Tuesday,May,0,BURBANK RD,2,ROAD,LOCAL,9.0,20.0,PAVED,TwoWay,PAVED,6,50,NO ACCESS,N,1914.0,142.852820722444
BURBANK RD,04-At/near private drive,02-Thru lane,01-Clear,01-Daylight,MIDBLOCK,Tuesday,May,0,BURBANK RD,2,ROAD,LOCAL,9.0,20.0,PAVED,TwoWay,PAVED,6,50,NO ACCESS,N,1914.0,56.2765613972562
CARLYLE DR,04-At/near private drive,02-Thru lane,01-Clear,01-Daylight,MIDBLOCK,Tuesday,July,0,CARLYLE DR,2,ROAD,LOCAL,9.0,20.0,PAVED,TwoWay,PAVED,6,50,NO ACCESS,N,1976.0,168.315645853376
CARLYLE DR,04-At/near private drive,02-Thru lane,01-Clear,01-Daylight,MIDBLOCK,Tuesday,July,0,CARLYLE DR,2,ROAD,LOCAL,9.0,20.0,PAVED,TwoWay,PAVED,6,50,NO ACCESS,N,1976.0,181.518644106273
CARLYLE DR,04-At/near private drive,02-Thru lane,01-Clear,01-Daylight,MIDBLOCK,Tuesday,July,0,CARLYLE DR,2,ROAD,LOCAL,9.0,20.0,PAVED,TwoWay,PAVED,6,50,NO ACCESS,N,1976.0,225.765308218671
TALBOT ST,04-At/near private drive,02-Thru lane,01-Clear,01-Daylight,MIDBLOCK,Sunday,June,1,TALBOT ST,2,ROAD,LOCAL,9.0,20.0,PAVED,TwoWay,PAVED,6,50,NO ACCESS,N,1915.0,268.909977046486
TALBOT ST,04-At/near private drive,02-Thru lane,01-Clear,01-Daylight,MIDBLOCK,Sunday,June,1,TALBOT ST,2,ROAD,LOCAL,8.0,20.0,PAVED,TwoWay,PAVED,6,50,NO ACCESS,N,1915.0,245.70986825747897
TALBOT ST,04-At/near private drive,02-Thru lane,01-Clear,01-Daylight,MIDBLOCK,Monday,October,0,TALBOT ST,2,ROAD,LOCAL,9.0,20.0,PAVED,TwoWay,PAVED,6,50,NO ACCESS,N,1915.0,268.909977046486
TALBOT ST,04-At/near private drive,02-Thru lane,01-Clear,01-Daylight,MIDBLOCK,Monday,October,0,TALBOT ST,2,ROAD,LOCAL,8.0,20.0,PAVED,TwoWay,PAVED,6,50,NO ACCESS,N,1915.0,245.70986825747897
TALBOT ST,01-Non intersection,02-Thru lane,01-Clear,01-Daylight,MIDBLOCK,Tuesday,February,0,TALBOT ST,2,ROAD,LOCAL,9.0,20.0,PAVED,TwoWay,PAVED,6,50,NO ACCESS,N,1915.0,268.909977046486
TALBOT ST,01-Non intersection,02-Thru lane,01-Clear,01-Daylight,MIDBLOCK,Tuesday,February,0,TALBOT ST,2,ROAD,LOCAL,8.0,20.0,PAVED,TwoWay,PAVED,6,50,NO ACCESS,N,1915.0,245.70986825747897
TALBOT ST,04-At/near private drive,02-Thru lane,01-Clear,"08-Dark, artificial",MIDBLOCK,Wednesday,February,0,TALBOT ST,2,ROAD,LOCAL,9.0,20.0,PAVED,TwoWay,PAVED,6,50,NO ACCESS,N,1915.0,268.909977046486
TALBOT ST,04-At/near private drive,02-Thru lane,01-Clear,"08-Dark, artificial",MIDBLOCK,Wednesday,February,0,TALBOT ST,2,ROAD,LOCAL,8.0,20.0,PAVED,TwoWay,PAVED,6,50,NO ACCESS,N,1915.0,245.70986825747897
CEDAR ST S,01-Non intersection,02-Thru lane,01-Clear,"08-Dark, artificial",MIDBLOCK,Sunday,August,1,CEDAR ST S,2,ROAD,LOCAL,6.0,12.0,PAVED,TwoWay,PAVED,6,50,NO ACCESS,N,2009.0,135.668825586526
CEDAR ST S,01-Non intersection,02-Thru lane,01-Clear,"08-Dark, artificial",MIDBLOCK,Sunday,August,1,CEDAR ST S,2,ROAD,LOCAL,6.0,12.0,PAVED,TwoWay,PAVED,6,50,NO ACCESS,N,1984.0,181.075027412607
CEDAR ST S,01-Non intersection,02-Thru lane,01-Clear,"08-Dark, artificial",MIDBLOCK,Sunday,August,1,CEDAR ST S,2,ROAD,LOCAL,6.0,12.0,PAVED,TwoWay,PAVED,6,50,NO ACCESS,N,1984.0,193.320668386167
CEDAR ST S,01-Non intersection,02-Thru lane,01-Clear,"08-Dark, artificial",MIDBLOCK,Sunday,August,1,CEDAR ST S,2,ROAD,LOCAL,6.0,12.0,PAVED,TwoWay,PAVED,6,50,NO ACCESS,N,2009.0,149.565603230646
CEDAR ST S,01-Non intersection,02-Thru lane,01-Clear,03-Dawn,MIDBLOCK,Friday,February,0,CEDAR ST S,2,ROAD,LOCAL,6.0,12.0,PAVED,TwoWay,PAVED,6,50,NO ACCESS,N,2009.0,135.668825586526
CEDAR ST S,01-Non intersection,02-Thru lane,01-Clear,03-Dawn,MIDBLOCK,Friday,February,0,CEDAR ST S,2,ROAD,LOCAL,6.0,12.0,PAVED,TwoWay,PAVED,6,50,NO ACCESS,N,1984.0,181.075027412607
CEDAR ST S,01-Non intersection,02-Thru lane,01-Clear,03-Dawn,MIDBLOCK,Friday,February,0,CEDAR ST S,2,ROAD,LOCAL,6.0,12.0,PAVED,TwoWay,PAVED,6,50,NO ACCESS,N,1984.0,193.320668386167
CEDAR ST S,01-Non intersection,02-Thru lane,01-Clear,03-Dawn,MIDBLOCK,Friday,February,0,CEDAR ST S,2,ROAD,LOCAL,6.0,12.0,PAVED,TwoWay,PAVED,6,50,NO ACCESS,N,2009.0,149.565603230646
CEDAR ST S,04-At/near private drive,02-Thru lane,01-Clear,01-Daylight,MIDBLOCK,Saturday,October,1,CEDAR ST S,2,ROAD,LOCAL,6.0,12.0,PAVED,TwoWay,PAVED,6,50,NO ACCESS,N,2009.0,135.668825586526
CEDAR ST S,04-At/near private drive,02-Thru lane,01-Clear,01-Daylight,MIDBLOCK,Saturday,October,1,CEDAR ST S,2,ROAD,LOCAL,6.0,12.0,PAVED,TwoWay,PAVED,6,50,NO ACCESS,N,1984.0,181.075027412607
CEDAR ST S,04-At/near private drive,02-Thru lane,01-Clear,01-Daylight,MIDBLOCK,Saturday,October,1,CEDAR ST S,2,ROAD,LOCAL,6.0,12.0,PAVED,TwoWay,PAVED,6,50,NO ACCESS,N,1984.0,193.320668386167
CEDAR ST S,04-At/near private drive,02-Thru lane,01-Clear,01-Daylight,MIDBLOCK,Saturday,October,1,CEDAR ST S,2,ROAD,LOCAL,6.0,12.0,PAVED,TwoWay,PAVED,6,50,NO ACCESS,N,2009.0,149.565603230646
CEDAR ST S,04-At/near private drive,02-Thru lane,01-Clear,07-Dark,MIDBLOCK,Tuesday,August,0,CEDAR ST S,2,ROAD,LOCAL,6.0,12.0,PAVED,TwoWay,PAVED,6,50,NO ACCESS,N,2009.0,135.668825586526
CEDAR ST S,04-At/near private drive,02-Thru lane,01-Clear,07-Dark,MIDBLOCK,Tuesday,August,0,CEDAR ST S,2,ROAD,LOCAL,6.0,12.0,PAVED,TwoWay,PAVED,6,50,NO ACCESS,N,1984.0,181.075027412607
CEDAR ST S,04-At/near private drive,02-Thru lane,01-Clear,07-Dark,MIDBLOCK,Tuesday,August,0,CEDAR ST S,2,ROAD,LOCAL,6.0,12.0,PAVED,TwoWay,PAVED,6,50,NO ACCESS,N,1984.0,193.320668386167
CEDAR ST S,04-At/near private drive,02-Thru lane,01-Clear,07-Dark,MIDBLOCK,Tuesday,August,0,CEDAR ST S,2,ROAD,LOCAL,6.0,12.0,PAVED,TwoWay,PAVED,6,50,NO ACCESS,N,2009.0,149.565603230646
ROY ST,04-At/near private drive,02-Thru lane,01-Clear,"08-Dark, artificial",MIDBLOCK,Sunday,November,1,ROY ST,2,ROAD,LOCAL,7.0,12.0,PAVED,TwoWay,PAVED,6,50,NO ACCESS,N,2004.0,289.220792001096
ROY ST,04-At/near private drive,02-Thru lane,01-Clear,01-Daylight,MIDBLOCK,Friday,June,0,ROY ST,2,ROAD,LOCAL,7.0,12.0,PAVED,TwoWay,PAVED,6,50,NO ACCESS,N,2004.0,289.220792001096
ROY ST,04-At/near private drive,02-Thru lane,03-Snow,"08-Dark, artificial",MIDBLOCK,Friday,November,0,ROY ST,2,ROAD,LOCAL,7.0,12.0,PAVED,TwoWay,PAVED,6,50,NO ACCESS,N,2004.0,289.220792001096
ROY ST,01-Non intersection,02-Thru lane,01-Clear,"08-Dark, artificial",MIDBLOCK,Friday,March,0,ROY ST,2,ROAD,LOCAL,7.0,12.0,PAVED,TwoWay,PAVED,6,50,NO ACCESS,N,2004.0,289.220792001096
ROY ST,04-At/near private drive,02-Thru lane,01-Clear,05-Dusk,MIDBLOCK,Wednesday,May,0,ROY ST,2,ROAD,LOCAL,7.0,12.0,PAVED,TwoWay,PAVED,6,50,NO ACCESS,N,2004.0,289.220792001096
ROY ST,04-At/near private drive,09-Right shoulder,02-Rain,01-Daylight,MIDBLOCK,Friday,April,0,ROY ST,2,ROAD,LOCAL,7.0,12.0,PAVED,TwoWay,PAVED,6,50,NO ACCESS,N,2004.0,289.220792001096
ROY ST,04-At/near private drive,09-Right shoulder,01-Clear,01-Daylight,MIDBLOCK,Thursday,January,0,ROY ST,2,ROAD,LOCAL,7.0,12.0,PAVED,TwoWay,PAVED,6,50,NO ACCESS,N,2004.0,289.220792001096
ROY ST,04-At/near private drive,12-Off highway,02-Rain,01-Daylight,MIDBLOCK,Friday,October,0,ROY ST,2,ROAD,LOCAL,7.0,12.0,PAVED,TwoWay,PAVED,6,50,NO ACCESS,N,2004.0,289.220792001096
BECHTEL DR,04-At/near private drive,02-Thru lane,01-Clear,01-Daylight,MIDBLOCK,Wednesday,September,0,BECHTEL DR,2,ROAD,MINOR,10.0,26.0,PAVED,TwoWay,PAVED,4,40,NO ACCESS,Y,1971.0,320.10547660152696
BECHTEL DR,04-At/near private drive,02-Thru lane,01-Clear,01-Daylight,MIDBLOCK,Wednesday,September,0,BECHTEL DR,2,ROAD,MINOR,10.0,26.0,PAVED,TwoWay,PAVED,4,50,NO ACCESS,Y,1978.0,121.234262252891
BECHTEL DR,04-At/near private drive,02-Thru lane,01-Clear,01-Daylight,MIDBLOCK,Wednesday,September,0,BECHTEL DR,2,ROAD,MINOR,10.0,26.0,PAVED,TwoWay,PAVED,4,50,NO ACCESS,Y,1978.0,95.6840564988348
BECHTEL DR,04-At/near private drive,02-Thru lane,01-Clear,01-Daylight,MIDBLOCK,Wednesday,September,0,BECHTEL DR,2,ROAD,MINOR,10.0,26.0,PAVED,TwoWay,PAVED,4,50,NO ACCESS,Y,1978.0,87.25696342481409
BECHTEL DR,04-At/near private drive,02-Thru lane,01-Clear,01-Daylight,MIDBLOCK,Wednesday,September,0,BECHTEL DR,2,ROAD,MINOR,10.0,26.0,PAVED,TwoWay,PAVED,4,50,NO ACCESS,Y,1978.0,233.400926362572
BECHTEL DR,04-At/near private drive,02-Thru lane,01-Clear,01-Daylight,MIDBLOCK,Wednesday,September,0,BECHTEL DR,2,ROAD,MINOR,10.0,26.0,PAVED,TwoWay,PAVED,4,50,NO ACCESS,Y,1978.0,115.27811673091298
BECHTEL DR,04-At/near private drive,02-Thru lane,01-Clear,01-Daylight,MIDBLOCK,Wednesday,September,0,BECHTEL DR,2,ROAD,MINOR,10.0,26.0,PAVED,TwoWay,PAVED,4,50,NO ACCESS,Y,1978.0,148.95764962573298
BECHTEL DR,04-At/near private drive,02-Thru lane,01-Clear,01-Daylight,MIDBLOCK,Wednesday,September,0,BECHTEL DR,2,ROAD,MINOR,10.0,26.0,PAVED,TwoWay,PAVED,4,50,NO ACCESS,Y,1978.0,82.3660193557722
BECHTEL DR,04-At/near private drive,02-Thru lane,01-Clear,01-Daylight,MIDBLOCK,Wednesday,September,0,BECHTEL DR,2,ROAD,MINOR,10.0,26.0,PAVED,TwoWay,PAVED,4,50,NO ACCESS,Y,1978.0,60.6323483111197
BECHTEL DR,04-At/near private drive,02-Thru lane,01-Clear,01-Daylight,MIDBLOCK,Wednesday,February,0,BECHTEL DR,2,ROAD,MINOR,10.0,26.0,PAVED,TwoWay,PAVED,4,40,NO ACCESS,Y,1971.0,320.10547660152696
BECHTEL DR,04-At/near private drive,02-Thru lane,01-Clear,01-Daylight,MIDBLOCK,Wednesday,February,0,BECHTEL DR,2,ROAD,MINOR,10.0,26.0,PAVED,TwoWay,PAVED,4,50,NO ACCESS,Y,1978.0,121.234262252891
BECHTEL DR,04-At/near private drive,02-Thru lane,01-Clear,01-Daylight,MIDBLOCK,Wednesday,February,0,BECHTEL DR,2,ROAD,MINOR,10.0,26.0,PAVED,TwoWay,PAVED,4,50,NO ACCESS,Y,1978.0,95.6840564988348
BECHTEL DR,04-At/near private drive,02-Thru lane,01-Clear,01-Daylight,MIDBLOCK,Wednesday,February,0,BECHTEL DR,2,ROAD,MINOR,10.0,26.0,PAVED,TwoWay,PAVED,4,50,NO ACCESS,Y,1978.0,87.25696342481409
BECHTEL DR,04-At/near private drive,02-Thru lane,01-Clear,01-Daylight,MIDBLOCK,Wednesday,February,0,BECHTEL DR,2,ROAD,MINOR,10.0,26.0,PAVED,TwoWay,PAVED,4,50,NO ACCESS,Y,1978.0,233.400926362572
BECHTEL DR,04-At/near private drive,02-Thru lane,01-Clear,01-Daylight,MIDBLOCK,Wednesday,February,0,BECHTEL DR,2,ROAD,MINOR,10.0,26.0,PAVED,TwoWay,PAVED,4,50,NO ACCESS,Y,1978.0,115.27811673091298
BECHTEL DR,04-At/near private drive,02-Thru lane,01-Clear,01-Daylight,MIDBLOCK,Wednesday,February,0,BECHTEL DR,2,ROAD,MINOR,10.0,26.0,PAVED,TwoWay,PAVED,4,50,NO ACCESS,Y,1978.0,148.95764962573298
BECHTEL DR,04-At/near private drive,02-Thru lane,01-Clear,01-Daylight,MIDBLOCK,Wednesday,February,0,BECHTEL DR,2,ROAD,MINOR,10.0,26.0,PAVED,TwoWay,PAVED,4,50,NO ACCESS,Y,1978.0,82.3660193557722
BECHTEL DR,04-At/near private drive,02-Thru lane,01-Clear,01-Daylight,MIDBLOCK,Wednesday,February,0,BECHTEL DR,2,ROAD,MINOR,10.0,26.0,PAVED,TwoWay,PAVED,4,50,NO ACCESS,Y,1978.0,60.6323483111197
BECHTEL DR,01-Non intersection,11-Not on roadway - right side,01-Clear,07-Dark,MIDBLOCK,Wednesday,April,0,BECHTEL DR,2,ROAD,MINOR,10.0,26.0,PAVED,TwoWay,PAVED,4,40,NO ACCESS,Y,1971.0,320.10547660152696