LOCATION,ACCIDENT_LOCATION,IMPACT_LOCATION,ENVIRONMENT_CONDITION,LIGHT,COLLISION_TYPE,DAY_OF_WEEK,MONTH,IS_WEEKEND,STREET,LANES,CATEGORY,SUBCATEGORY,PAVEMENT_WIDTH,ROW_WIDTH,SHOULDER,FLOW_DIRECTION,SURFACE_LAYER_TYPE,OFFICIAL_ROAD_CLASSIFICATION,SPEED_LIMIT_KM,TRUCK_ACCESS,BUS_ROUTE,SERVICE_YEAR,Shape__Length
BECHTEL DR,01-Non intersection,11-Not on roadway - right side,01-Clear,07-Dark,MIDBLOCK,Wednesday,April,0,BECHTEL DR,2,ROAD,MINOR,10.0,26.0,PAVED,TwoWay,PAVED,4,50,NO ACCESS,Y,1978.0,121.234262252891
BECHTEL DR,01-Non intersection,11-Not on roadway - right side,01-Clear,07-Dark,MIDBLOCK,Wednesday,April,0,BECHTEL DR,2,ROAD,MINOR,10.0,26.0,PAVED,TwoWay,PAVED,4,50,NO ACCESS,Y,1978.0,95.6840564988348
BECHTEL DR,01-Non intersection,11-Not on roadway - right side,01-Clear,07-Dark,MIDBLOCK,Wednesday,April,0,BECHTEL DR,2,ROAD,MINOR,10.0,26.0,PAVED,TwoWay,PAVED,4,50,NO ACCESS,Y,1978.0,87.25696342481409
BECHTEL DR,01-Non intersection,11-Not on roadway - right side,01-Clear,07-Dark,MIDBLOCK,Wednesday,April,0,BECHTEL DR,2,ROAD,MINOR,10.0,26.0,PAVED,TwoWay,PAVED,4,50,NO ACCESS,Y,1978.0,233.400926362572
BECHTEL DR,01-Non intersection,11-Not on roadway - right side,01-Clear,07-Dark,MIDBLOCK,Wednesday,April,0,BECHTEL DR,2,ROAD,MINOR,10.0,26.0,PAVED,TwoWay,PAVED,4,50,NO ACCESS,Y,1978.0,115.27811673091298
BECHTEL DR,01-Non intersection,11-Not on roadway - right side,01-Clear,07-Dark,MIDBLOCK,Wednesday,April,0,BECHTEL DR,2,ROAD,MINOR,10.0,26.0,PAVED,TwoWay,PAVED,4,50,NO ACCESS,Y,1978.0,148.95764962573298
BECHTEL DR,01-Non intersection,11-Not on roadway - right side,01-Clear,07-Dark,MIDBLOCK,Wednesday,April,0,BECHTEL DR,2,ROAD,MINOR,10.0,26.0,PAVED,TwoWay,PAVED,4,50,NO ACCESS,Y,1978.0,82.3660193557722
BECHTEL DR,01-Non intersection,11-Not on roadway - right side,01-Clear,07-Dark,MIDBLOCK,Wednesday,April,0,BECHTEL DR,2,ROAD,MINOR,10.0,26.0,PAVED,TwoWay,PAVED,4,50,NO ACCESS,Y,1978.0,60.6323483111197
BECHTEL DR,04-At/near private drive,10-Not on roadway - left side,01-Clear,01-Daylight,MIDBLOCK,Saturday,December,1,BECHTEL DR,2,ROAD,MINOR,10.0,26.0,PAVED,TwoWay,PAVED,4,40,NO ACCESS,Y,1971.0,320.10547660152696
BECHTEL DR,04-At/near private drive,10-Not on roadway - left side,01-Clear,01-Daylight,MIDBLOCK,Saturday,December,1,BECHTEL DR,2,ROAD,MINOR,10.0,26.0,PAVED,TwoWay,PAVED,4,50,NO ACCESS,Y,1978.0,121.234262252891
BECHTEL DR,04-At/near private drive,10-Not on roadway - left side,01-Clear,01-Daylight,MIDBLOCK,Saturday,December,1,BECHTEL DR,2,ROAD,MINOR,10.0,26.0,PAVED,TwoWay,PAVED,4,50,NO ACCESS,Y,1978.0,95.6840564988348
BECHTEL DR,04-At/near private drive,10-Not on roadway - left side,01-Clear,01-Daylight,MIDBLOCK,Saturday,December,1,BECHTEL DR,2,ROAD,MINOR,10.0,26.0,PAVED,TwoWay,PAVED,4,50,NO ACCESS,Y,1978.0,87.25696342481409
BECHTEL DR,04-At/near private drive,10-Not on roadway - left side,01-Clear,01-Daylight,MIDBLOCK,Saturday,December,1,BECHTEL DR,2,ROAD,MINOR,10.0,26.0,PAVED,TwoWay,PAVED,4,50,NO ACCESS,Y,1978.0,233.400926362572
BECHTEL DR,04-At/near private drive,10-Not on roadway - left side,01-Clear,01-Daylight,MIDBLOCK,Saturday,December,1,BECHTEL DR,2,ROAD,MINOR,10.0,26.0,PAVED,TwoWay,PAVED,4,50,NO ACCESS,Y,1978.0,115.27811673091298
BECHTEL DR,04-At/near private drive,10-Not on roadway - left side,01-Clear,01-Daylight,MIDBLOCK,Saturday,December,1,BECHTEL DR,2,ROAD,MINOR,10.0,26.0,PAVED,TwoWay,PAVED,4,50,NO ACCESS,Y,1978.0,148.95764962573298
BECHTEL DR,04-At/near private drive,10-Not on roadway - left side,01-Clear,01-Daylight,MIDBLOCK,Saturday,December,1,BECHTEL DR,2,ROAD,MINOR,10.0,26.0,PAVED,TwoWay,PAVED,4,50,NO ACCESS,Y,1978.0,82.3660193557722
BECHTEL DR,04-At/near private drive,10-Not on roadway - left side,01-Clear,01-Daylight,MIDBLOCK,Saturday,December,1,BECHTEL DR,2,ROAD,MINOR,10.0,26.0,PAVED,TwoWay,PAVED,4,50,NO ACCESS,Y,1978.0,60.6323483111197
BECHTEL DR,01-Non intersection,02-Thru lane,04-Freezing Rain,01-Daylight,MIDBLOCK,Monday,February,0,BECHTEL DR,2,ROAD,MINOR,10.0,26.0,PAVED,TwoWay,PAVED,4,40,NO ACCESS,Y,1971.0,320.10547660152696
BECHTEL DR,01-Non intersection,02-Thru lane,04-Freezing Rain,01-Daylight,MIDBLOCK,Monday,February,0,BECHTEL DR,2,ROAD,MINOR,10.0,26.0,PAVED,TwoWay,PAVED,4,50,NO ACCESS,Y,1978.0,121.234262252891
BECHTEL DR,01-Non intersection,02-Thru lane,04-Freezing Rain,01-Daylight,MIDBLOCK,Monday,February,0,BECHTEL DR,2,ROAD,MINOR,10.0,26.0,PAVED,TwoWay,PAVED,4,50,NO ACCESS,Y,1978.0,95.6840564988348
BECHTEL DR,01-Non intersection,02-Thru lane,04-Freezing Rain,01-Daylight,MIDBLOCK,Monday,February,0,BECHTEL DR,2,ROAD,MINOR,10.0,26.0,PAVED,TwoWay,PAVED,4,50,NO ACCESS,Y,1978.0,87.25696342481409
BECHTEL DR,01-Non intersection,02-Thru lane,04-Freezing Rain,01-Daylight,MIDBLOCK,Monday,February,0,BECHTEL DR,2,ROAD,MINOR,10.0,26.0,PAVED,TwoWay,PAVED,4,50,NO ACCESS,Y,1978.0,233.400926362572
BECHTEL DR,01-Non intersection,02-Thru lane,04-Freezing Rain,01-Daylight,MIDBLOCK,Monday,February,0,BECHTEL DR,2,ROAD,MINOR,10.0,26.0,PAVED,TwoWay,PAVED,4,50,NO ACCESS,Y,1978.0,115.27811673091298
BECHTEL DR,01-Non intersection,02-Thru lane,04-Freezing Rain,01-Daylight,MIDBLOCK,Monday,February,0,BECHTEL DR,2,ROAD,MINOR,10.0,26.0,PAVED,TwoWay,PAVED,4,50,NO ACCESS,Y,1978.0,148.95764962573298
BECHTEL DR,01-Non intersection,02-Thru lane,04-Freezing Rain,01-Daylight,MIDBLOCK,Monday,February,0,BECHTEL DR,2,ROAD,MINOR,10.0,26.0,PAVED,TwoWay,PAVED,4,50,NO ACCESS,Y,1978.0,82.3660193557722
BECHTEL DR,01-Non intersection,02-Thru lane,04-Freezing Rain,01-Daylight,MIDBLOCK,Monday,February,0,BECHTEL DR,2,ROAD,MINOR,10.0,26.0,PAVED,TwoWay,PAVED,4,50,NO ACCESS,Y,1978.0,60.6323483111197
BECHTEL DR,04-At/near private drive,02-Thru lane,01-Clear,01-Daylight,MIDBLOCK,Tuesday,October,0,BECHTEL DR,2,ROAD,MINOR,10.0,26.0,PAVED,TwoWay,PAVED,4,40,NO ACCESS,Y,1971.0,320.10547660152696
BECHTEL DR,04-At/near private drive,02-Thru lane,01-Clear,01-Daylight,MIDBLOCK,Tuesday,October,0,BECHTEL DR,2,ROAD,MINOR,10.0,26.0,PAVED,TwoWay,PAVED,4,50,NO ACCESS,Y,1978.0,121.234262252891
BECHTEL DR,04-At/near private drive,02-Thru lane,01-Clear,01-Daylight,MIDBLOCK,Tuesday,October,0,BECHTEL DR,2,ROAD,MINOR,10.0,26.0,PAVED,TwoWay,PAVED,4,50,NO ACCESS,Y,1978.0,95.6840564988348
BECHTEL DR,04-At/near private drive,02-Thru lane,01-Clear,01-Daylight,MIDBLOCK,Tuesday,October,0,BECHTEL DR,2,ROAD,MINOR,10.0,26.0,PAVED,TwoWay,PAVED,4,50,NO ACCESS,Y,1978.0,87.25696342481409
BECHTEL DR,04-At/near private drive,02-Thru lane,01-Clear,01-Daylight,MIDBLOCK,Tuesday,October,0,BECHTEL DR,2,ROAD,MINOR,10.0,26.0,PAVED,TwoWay,PAVED,4,50,NO ACCESS,Y,1978.0,233.400926362572
BECHTEL DR,04-At/near private drive,02-Thru lane,01-Clear,01-Daylight,MIDBLOCK,Tuesday,October,0,BECHTEL DR,2,ROAD,MINOR,10.0,26.0,PAVED,TwoWay,PAVED,4,50,NO ACCESS,Y,1978.0,115.27811673091298
BECHTEL DR,04-At/near private drive,02-Thru lane,01-Clear,01-Daylight,MIDBLOCK,Tuesday,October,0,BECHTEL DR,2,ROAD,MINOR,10.0,26.0,PAVED,TwoWay,PAVED,4,50,NO ACCESS,Y,1978.0,148.95764962573298
BECHTEL DR,04-At/near private drive,02-Thru lane,01-Clear,01-Daylight,MIDBLOCK,Tuesday,October,0,BECHTEL DR,2,ROAD,MINOR,10.0,26.0,PAVED,TwoWay,PAVED,4,50,NO ACCESS,Y,1978.0,82.3660193557722
BECHTEL DR,04-At/near private drive,02-Thru lane,01-Clear,01-Daylight,MIDBLOCK,Tuesday,October,0,BECHTEL DR,2,ROAD,MINOR,10.0,26.0,PAVED,TwoWay,PAVED,4,50,NO ACCESS,Y,1978.0,60.6323483111197
BECHTEL DR,01-Non intersection,02-Thru lane,01-Clear,01-Daylight,MIDBLOCK,Wednesday,June,0,BECHTEL DR,2,ROAD,MINOR,10.0,26.0,PAVED,TwoWay,PAVED,4,40,NO ACCESS,Y,1971.0,320.10547660152696
BECHTEL DR,01-Non intersection,02-Thru lane,01-Clear,01-Daylight,MIDBLOCK,Wednesday,June,0,BECHTEL DR,2,ROAD,MINOR,10.0,26.0,PAVED,TwoWay,PAVED,4,50,NO ACCESS,Y,1978.0,121.234262252891
BECHTEL DR,01-Non intersection,02-Thru lane,01-Clear,01-Daylight,MIDBLOCK,Wednesday,June,0,BECHTEL DR,2,ROAD,MINOR,10.0,26.0,PAVED,TwoWay,PAVED,4,50,NO ACCESS,Y,1978.0,95.6840564988348
BECHTEL DR,01-Non intersection,02-Thru lane,01-Clear,01-Daylight,MIDBLOCK,Wednesday,June,0,BECHTEL DR,2,ROAD,MINOR,10.0,26.0,PAVED,TwoWay,PAVED,4,50,NO ACCESS,Y,1978.0,87.25696342481409
BECHTEL DR,01-Non intersection,02-Thru lane,01-Clear,01-Daylight,MIDBLOCK,Wednesday,June,0,BECHTEL DR,2,ROAD,MINOR,10.0,26.0,PAVED,TwoWay,PAVED,4,50,NO ACCESS,Y,1978.0,233.400926362572
BECHTEL DR,01-Non intersection,02-Thru lane,01-Clear,01-Daylight,MIDBLOCK,Wednesday,June,0,BECHTEL DR,2,ROAD,MINOR,10.0,26.0,PAVED,TwoWay,PAVED,4,50,NO ACCESS,Y,1978.0,115.27811673091298
BECHTEL DR,01-Non intersection,02-Thru lane,01-Clear,01-Daylight,MIDBLOCK,Wednesday,June,0,BECHTEL DR,2,ROAD,MINOR,10.0,26.0,PAVED,TwoWay,PAVED,4,50,NO ACCESS,Y,1978.0,148.95764962573298
BECHTEL DR,01-Non intersection,02-Thru lane,01-Clear,01-Daylight,MIDBLOCK,Wednesday,June,0,BECHTEL DR,2,ROAD,MINOR,10.0,26.0,PAVED,TwoWay,PAVED,4,50,NO ACCESS,Y,1978.0,82.3660193557722
BECHTEL DR,01-Non intersection,02-Thru lane,01-Clear,01-Daylight,MIDBLOCK,Wednesday,June,0,BECHTEL DR,2,ROAD,MINOR,10.0,26.0,PAVED,TwoWay,PAVED,4,50,NO ACCESS,Y,1978.0,60.6323483111197
BECHTEL DR,01-Non intersection,02-Thru lane,01-Clear,01-Daylight,MIDBLOCK,Wednesday,December,0,BECHTEL DR,2,ROAD,MINOR,10.0,26.0,PAVED,TwoWay,PAVED,4,40,NO ACCESS,Y,1971.0,320.10547660152696
BECHTEL DR,01-Non intersection,02-Thru lane,01-Clear,01-Daylight,MIDBLOCK,Wednesday,December,0,BECHTEL DR,2,ROAD,MINOR,10.0,26.0,PAVED,TwoWay,PAVED,4,50,NO ACCESS,Y,1978.0,121.234262252891
BECHTEL DR,01-Non intersection,02-Thru lane,01-Clear,01-Daylight,MIDBLOCK,Wednesday,December,0,BECHTEL DR,2,ROAD,MINOR,10.0,26.0,PAVED,TwoWay,PAVED,4,50,NO ACCESS,Y,1978.0,95.6840564988348
BECHTEL DR,01-Non intersection,02-Thru lane,01-Clear,01-Daylight,MIDBLOCK,Wednesday,December,0,BECHTEL DR,2,ROAD,MINOR,10.0,26.0,PAVED,TwoWay,PAVED,4,50,NO ACCESS,Y,1978.0,87.25696342481409
BECHTEL DR,01-Non intersection,02-Thru lane,01-Clear,01-Daylight,MIDBLOCK,Wednesday,December,0,BECHTEL DR,2,ROAD,MINOR,10.0,26.0,PAVED,TwoWay,PAVED,4,50,NO ACCESS,Y,1978.0,233.400926362572
BECHTEL DR,01-Non intersection,02-Thru lane,01-Clear,01-Daylight,MIDBLOCK,Wednesday,December,0,BECHTEL DR,2,ROAD,MINOR,10.0,26.0,PAVED,TwoWay,PAVED,4,50,NO ACCESS,Y,1978.0,115.27811673091298
BECHTEL DR,01-Non intersection,02-Thru lane,01-Clear,01-Daylight,MIDBLOCK,Wednesday,December,0,BECHTEL DR,2,ROAD,MINOR,10.0,26.0,PAVED,TwoWay,PAVED,4,50,NO ACCESS,Y,1978.0,148.95764962573298
BECHTEL DR,01-Non intersection,02-Thru lane,01-Clear,01-Daylight,MIDBLOCK,Wednesday,December,0,BECHTEL DR,2,ROAD,MINOR,10.0,26.0,PAVED,TwoWay,PAVED,4,50,NO ACCESS,Y,1978.0,82.3660193557722
BECHTEL DR,01-Non intersection,02-Thru lane,01-Clear,01-Daylight,MIDBLOCK,Wednesday,December,0,BECHTEL DR,2,ROAD,MINOR,10.0,26.0,PAVED,TwoWay,PAVED,4,50,NO ACCESS,Y,1978.0,60.6323483111197
BECHTEL DR,01-Non intersection,02-Thru lane,01-Clear,01-Daylight,MIDBLOCK,Saturday,August,1,BECHTEL DR,2,ROAD,MINOR,10.0,26.0,PAVED,TwoWay,PAVED,4,40,NO ACCESS,Y,1971.0,320.10547660152696
BECHTEL DR,01-Non intersection,02-Thru lane,01-Clear,01-Daylight,MIDBLOCK,Saturday,August,1,BECHTEL DR,2,ROAD,MINOR,10.0,26.0,PAVED,TwoWay,PAVED,4,50,NO ACCESS,Y,1978.0,121.234262252891
BECHTEL DR,01-Non intersection,02-Thru lane,01-Clear,01-Daylight,MIDBLOCK,Saturday,August,1,BECHTEL DR,2,ROAD,MINOR,10.0,26.0,PAVED,TwoWay,PAVED,4,50,NO ACCESS,Y,1978.0,95.6840564988348
BECHTEL DR,01-Non intersection,02-Thru lane,01-Clear,01-Daylight,MIDBLOCK,Saturday,August,1,BECHTEL DR,2,ROAD,MINOR,10.0,26.0,PAVED,TwoWay,PAVED,4,50,NO ACCESS,Y,1978.0,87.25696342481409
BECHTEL DR,01-Non intersection,02-Thru lane,01-Clear,01-Daylight,MIDBLOCK,Saturday,August,1,BECHTEL DR,2,ROAD,MINOR,10.0,26.0,PAVED,TwoWay,PAVED,4,50,NO ACCESS,Y,1978.0,233.400926362572
BECHTEL DR,01-Non intersection,02-Thru lane,01-Clear,01-Daylight,MIDBLOCK,Saturday,August,1,BECHTEL DR,2,ROAD,MINOR,10.0,26.0,PAVED,TwoWay,PAVED,4,50,NO ACCESS,Y,1978.0,115.27811673091298
BECHTEL DR,01-Non intersection,02-Thru lane,01-Clear,01-Daylight,MIDBLOCK,Saturday,August,1,BECHTEL DR,2,ROAD,MINOR,10.0,26.0,PAVED,TwoWay,PAVED,4,50,NO ACCESS,Y,1978.0,148.95764962573298
BECHTEL DR,01-Non intersection,02-Thru lane,01-Clear,01-Daylight,MIDBLOCK,Saturday,August,1,BECHTEL DR,2,ROAD,MINOR,10.0,26.0,PAVED,TwoWay,PAVED,4,50,NO ACCESS,Y,1978.0,82.3660193557722
BECHTEL DR,01-Non intersection,02-Thru lane,01-Clear,01-Daylight,MIDBLOCK,Saturday,August,1,BECHTEL DR,2,ROAD,MINOR,10.0,26.0,PAVED,TwoWay,PAVED,4,50,NO ACCESS,Y,1978.0,60.6323483111197
BECHTEL DR,01-Non intersection,02-Thru lane,01-Clear,01-Daylight,MIDBLOCK,Wednesday,August,0,BECHTEL DR,2,ROAD,MINOR,10.0,26.0,PAVED,TwoWay,PAVED,4,40,NO ACCESS,Y,1971.0,320.10547660152696
BECHTEL DR,01-Non intersection,02-Thru lane,01-Clear,01-Daylight,MIDBLOCK,Wednesday,August,0,BECHTEL DR,2,ROAD,MINOR,10.0,26.0,PAVED,TwoWay,PAVED,4,50,NO ACCESS,Y,1978.0,121.234262252891
BECHTEL DR,01-Non intersection,02-Thru lane,01-Clear,01-Daylight,MIDBLOCK,Wednesday,August,0,BECHTEL DR,2,ROAD,MINOR,10.0,26.0,PAVED,TwoWay,PAVED,4,50,NO ACCESS,Y,1978.0,95.6840564988348
BECHTEL DR,01-Non intersection,02-Thru lane,01-Clear,01-Daylight,MIDBLOCK,Wednesday,August,0,BECHTEL DR,2,ROAD,MINOR,10.0,26.0,PAVED,TwoWay,PAVED,4,50,NO ACCESS,Y,1978.0,87.25696342481409
BECHTEL DR,01-Non intersection,02-Thru lane,01-Clear,01-Daylight,MIDBLOCK,Wednesday,August,0,BECHTEL DR,2,ROAD,MINOR,10.0,26.0,PAVED,TwoWay,PAVED,4,50,NO ACCESS,Y,1978.0,233.400926362572
BECHTEL DR,01-Non intersection,02-Thru lane,01-Clear,01-Daylight,MIDBLOCK,Wednesday,August,0,BECHTEL DR,2,ROAD,MINOR,10.0,26.0,PAVED,TwoWay,PAVED,4,50,NO ACCESS,Y,1978.0,115.27811673091298
BECHTEL DR,01-Non intersection,02-Thru lane,01-Clear,01-Daylight,MIDBLOCK,Wednesday,August,0,BECHTEL DR,2,ROAD,MINOR,10.0,26.0,PAVED,TwoWay,PAVED,4,50,NO ACCESS,Y,1978.0,148.95764962573298
BECHTEL DR,01-Non intersection,02-Thru lane,01-Clear,01-Daylight,MIDBLOCK,Wednesday,August,0,BECHTEL DR,2,ROAD,MINOR,10.0,26.0,PAVED,TwoWay,PAVED,4,50,NO ACCESS,Y,1978.0,82.3660193557722
BECHTEL DR,01-Non intersection,02-Thru lane,01-Clear,01-Daylight,MIDBLOCK,Wednesday,August,0,BECHTEL DR,2,ROAD,MINOR,10.0,26.0,PAVED,TwoWay,PAVED,4,50,NO ACCESS,Y,1978.0,60.6323483111197
AMHERST DR,04-At/near private drive,02-Thru lane,01-Clear,"08-Dark, artificial",MIDBLOCK,Saturday,March,1,AMHERST DR,2,ROAD,LOCAL,9.0,20.0,PAVED,TwoWay,PAVED,6,50,NO ACCESS,N,1870.0,100.15078689306699
AMHERST DR,04-At/near private drive,02-Thru lane,01-Clear,"08-Dark, artificial",MIDBLOCK,Saturday,March,1,AMHERST DR,2,ROAD,LOCAL,9.0,20.0,PAVED,TwoWay,PAVED,6,50,NO ACCESS,N,1895.0,201.8258808094
AMHERST DR,01-Non intersection,02-Thru lane,01-Clear,"08-Dark, artificial",MIDBLOCK,Thursday,March,0,AMHERST DR,2,ROAD,LOCAL,9.0,20.0,PAVED,TwoWay,PAVED,6,50,NO ACCESS,N,1870.0,100.15078689306699
AMHERST DR,01-Non intersection,02-Thru lane,01-Clear,"08-Dark, artificial",MIDBLOCK,Thursday,March,0,AMHERST DR,2,ROAD,LOCAL,9.0,20.0,PAVED,TwoWay,PAVED,6,50,NO ACCESS,N,1895.0,201.8258808094
AMHERST DR,04-At/near private drive,02-Thru lane,01-Clear,07-Dark,MIDBLOCK,Saturday,November,1,AMHERST DR,2,ROAD,LOCAL,9.0,20.0,PAVED,TwoWay,PAVED,6,50,NO ACCESS,N,1870.0,100.15078689306699
AMHERST DR,04-At/near private drive,02-Thru lane,01-Clear,07-Dark,MIDBLOCK,Saturday,November,1,AMHERST DR,2,ROAD,LOCAL,9.0,20.0,PAVED,TwoWay,PAVED,6,50,NO ACCESS,N,1895.0,201.8258808094
AMHERST DR,04-At/near private drive,02-Thru lane,01-Clear,01-Daylight,MIDBLOCK,Wednesday,March,0,AMHERST DR,2,ROAD,LOCAL,9.0,20.0,PAVED,TwoWay,PAVED,6,50,NO ACCESS,N,1870.0,100.15078689306699
AMHERST DR,04-At/near private drive,02-Thru lane,01-Clear,01-Daylight,MIDBLOCK,Wednesday,March,0,AMHERST DR,2,ROAD,LOCAL,9.0,20.0,PAVED,TwoWay,PAVED,6,50,NO ACCESS,N,1895.0,201.8258808094
AMHERST DR,04-At/near private drive,02-Thru lane,01-Clear,01-Daylight,MIDBLOCK,Thursday,June,0,AMHERST DR,2,ROAD,LOCAL,9.0,20.0,PAVED,TwoWay,PAVED,6,50,NO ACCESS,N,1870.0,100.15078689306699
AMHERST DR,04-At/near private drive,02-Thru lane,01-Clear,01-Daylight,MIDBLOCK,Thursday,June,0,AMHERST DR,2,ROAD,LOCAL,9.0,20.0,PAVED,TwoWay,PAVED,6,50,NO ACCESS,N,1895.0,201.8258808094
COURTLAND AVE E,04-At/near private drive,11-Not on roadway - right side,01-Clear,01-Daylight,MIDBLOCK,Friday,March,0,COURTLAND AVE E,3,ROAD,MAJOR,13.0,60.0,PAVED,TwoWay,PAVED,1,50,24HR,Y,0.0,9.513532047622538
COURTLAND AVE E,04-At/near private drive,11-Not on roadway - right side,01-Clear,01-Daylight,MIDBLOCK,Friday,March,0,COURTLAND AVE E,5,ROAD,MAJOR,18.0,165.0,PAVED,TwoWay,PAVED,1,50,24HR,Y,0.0,15.565757289126804
SIEBERT AVE,03-At intersection,01-Within intersection,01-Clear,01-Daylight,MIDBLOCK,Wednesday,March,0,SIEBERT AVE,2,ROAD,LOCAL,9.0,20.0,PAVED,TwoWay,PAVED,6,50,NO ACCESS,N,1953.0,138.84214106656
SIEBERT AVE,03-At intersection,01-Within intersection,01-Clear,01-Daylight,MIDBLOCK,Wednesday,March,0,SIEBERT AVE,2,ROAD,LOCAL,9.0,20.0,PAVED,TwoWay,PAVED,6,50,NO ACCESS,N,1953.0,122.50471604354799
SIEBERT AVE,03-At intersection,01-Within intersection,01-Clear,01-Daylight,MIDBLOCK,Wednesday,March,0,SIEBERT AVE,2,ROAD,LOCAL,9.0,20.0,PAVED,TwoWay,PAVED,6,50,NO ACCESS,N,1953.0,111.462273667785
SIEBERT AVE,03-At intersection,01-Within intersection,01-Clear,01-Daylight,MIDBLOCK,Wednesday,March,0,SIEBERT AVE,2,ROAD,LOCAL,9.0,20.0,PAVED,TwoWay,PAVED,6,50,NO ACCESS,N,1982.0,125.783181347799
SIEBERT AVE,03-At intersection,01-Within intersection,01-Clear,01-Daylight,MIDBLOCK,Wednesday,March,0,SIEBERT AVE,2,ROAD,LOCAL,9.0,20.0,PAVED,TwoWay,PAVED,6,50,NO ACCESS,N,1953.0,167.504826189439
SIEBERT AVE,04-At/near private drive,02-Thru lane,01-Clear,01-Daylight,MIDBLOCK,Friday,November,0,SIEBERT AVE,2,ROAD,LOCAL,9.0,20.0,PAVED,TwoWay,PAVED,6,50,NO ACCESS,N,1953.0,138.84214106656
SIEBERT AVE,04-At/near private drive,02-Thru lane,01-Clear,01-Daylight,MIDBLOCK,Friday,November,0,SIEBERT AVE,2,ROAD,LOCAL,9.0,20.0,PAVED,TwoWay,PAVED,6,50,NO ACCESS,N,1953.0,122.50471604354799
SIEBERT AVE,04-At/near private drive,02-Thru lane,01-Clear,01-Daylight,MIDBLOCK,Friday,November,0,SIEBERT AVE,2,ROAD,LOCAL,9.0,20.0,PAVED,TwoWay,PAVED,6,50,NO ACCESS,N,1953.0,111.462273667785
SIEBERT AVE,04-At/near private drive,02-Thru lane,01-Clear,01-Daylight,MIDBLOCK,Friday,November,0,SIEBERT AVE,2,ROAD,LOCAL,9.0,20.0,PAVED,TwoWay,PAVED,6,50,NO ACCESS,N,1982.0,125.783181347799
SIEBERT AVE,04-At/near private drive,02-Thru lane,01-Clear,01-Daylight,MIDBLOCK,Friday,November,0,SIEBERT AVE,2,ROAD,LOCAL,9.0,20.0,PAVED,TwoWay,PAVED,6,50,NO ACCESS,N,1953.0,167.504826189439
SIEBERT AVE,01-Non intersection,02-Thru lane,01-Clear,"08-Dark, artificial",MIDBLOCK,Tuesday,December,0,SIEBERT AVE,2,ROAD,LOCAL,9.0,20.0,PAVED,TwoWay,PAVED,6,50,NO ACCESS,N,1953.0,138.84214106656
SIEBERT AVE,01-Non intersection,02-Thru lane,01-Clear,"08-Dark, artificial",MIDBLOCK,Tuesday,December,0,SIEBERT AVE,2,ROAD,LOCAL,9.0,20.0,PAVED,TwoWay,PAVED,6,50,NO ACCESS,N,1953.0,122.50471604354799
SIEBERT AVE,01-Non intersection,02-Thru lane,01-Clear,"08-Dark, artificial",MIDBLOCK,Tuesday,December,0,SIEBERT AVE,2,ROAD,LOCAL,9.0,20.0,PAVED,TwoWay,PAVED,6,50,NO ACCESS,N,1953.0,111.462273667785
SIEBERT AVE,01-Non intersection,02-Thru lane,01-Clear,"08-Dark, artificial",MIDBLOCK,Tuesday,December,0,SIEBERT AVE,2,ROAD,LOCAL,9.0,20.0,PAVED,TwoWay,PAVED,6,50,NO ACCESS,N,1982.0,125.783181347799
SIEBERT AVE,01-Non intersection,02-Thru lane,01-Clear,"08-Dark, artificial",MIDBLOCK,Tuesday,December,0,SIEBERT AVE,2,ROAD,LOCAL,9.0,20.0,PAVED,TwoWay,PAVED,6,50,NO ACCESS,N,1953.0,167.504826189439
SIEBERT AVE,04-At/near private drive,11-Not on roadway - right side,03-Snow,01-Daylight,MIDBLOCK,Friday,November,0,SIEBERT AVE,2,ROAD,LOCAL,9.0,20.0,PAVED,TwoWay,PAVED,6,50,NO ACCESS,N,1953.0,138.84214106656
SIEBERT AVE,04-At/near private drive,11-Not on roadway - right side,03-Snow,01-Daylight,MIDBLOCK,Friday,November,0,SIEBERT AVE,2,ROAD,LOCAL,9.0,20.0,PAVED,TwoWay,PAVED,6,50,NO ACCESS,N,1953.0,122.50471604354799
SIEBERT AVE,04-At/near private drive,11-Not on roadway - right side,03-Snow,01-Daylight,MIDBLOCK,Friday,November,0,SIEBERT AVE,2,ROAD,LOCAL,9.0,20.0,PAVED,TwoWay,PAVED,6,50,NO ACCESS,N,1953.0,111.462273667785
SIEBERT AVE,04-At/near private drive,11-Not on roadway - right side,03-Snow,01-Daylight,MIDBLOCK,Friday,November,0,SIEBERT AVE,2,ROAD,LOCAL,9.0,20.0,PAVED,TwoWay,PAVED,6,50,NO ACCESS,N,1982.0,125.783181347799
SIEBERT AVE,04-At/near private drive,11-Not on roadway - right side,03-Snow,01-Daylight,MIDBLOCK,Friday,November,0,SIEBERT AVE,2,ROAD,LOCAL,9.0,20.0,PAVED,TwoWay,PAVED,6,50,NO ACCESS,N,1953.0,167.504826189439
SIEBERT AVE,01-Non intersection,08-Left shoulder,01-Clear,"08-Dark, artificial",MIDBLOCK,Sunday,December,1,SIEBERT AVE,2,ROAD,LOCAL,9.0,20.0,PAVED,TwoWay,PAVED,6,50,NO ACCESS,N,1953.0,138.84214106656