LOCATION,ACCIDENT_LOCATION,IMPACT_LOCATION,ENVIRONMENT_CONDITION,LIGHT,COLLISION_TYPE,DAY_OF_WEEK,MONTH,IS_WEEKEND,STREET,LANES,CATEGORY,SUBCATEGORY,PAVEMENT_WIDTH,ROW_WIDTH,SHOULDER,FLOW_DIRECTION,SURFACE_LAYER_TYPE,OFFICIAL_ROAD_CLASSIFICATION,SPEED_LIMIT_KM,TRUCK_ACCESS,BUS_ROUTE,SERVICE_YEAR,Shape__Length
SIEBERT AVE,01-Non intersection,08-Left shoulder,01-Clear,"08-Dark, artificial",MIDBLOCK,Sunday,December,1,SIEBERT AVE,2,ROAD,LOCAL,9.0,20.0,PAVED,TwoWay,PAVED,6,50,NO ACCESS,N,1953.0,122.50471604354799
SIEBERT AVE,01-Non intersection,08-Left shoulder,01-Clear,"08-Dark, artificial",MIDBLOCK,Sunday,December,1,SIEBERT AVE,2,ROAD,LOCAL,9.0,20.0,PAVED,TwoWay,PAVED,6,50,NO ACCESS,N,1953.0,111.462273667785
SIEBERT AVE,01-Non intersection,08-Left shoulder,01-Clear,"08-Dark, artificial",MIDBLOCK,Sunday,December,1,SIEBERT AVE,2,ROAD,LOCAL,9.0,20.0,PAVED,TwoWay,PAVED,6,50,NO ACCESS,N,1982.0,125.783181347799
SIEBERT AVE,01-Non intersection,08-Left shoulder,01-Clear,"08-Dark, artificial",MIDBLOCK,Sunday,December,1,SIEBERT AVE,2,ROAD,LOCAL,9.0,20.0,PAVED,TwoWay,PAVED,6,50,NO ACCESS,N,1953.0,167.504826189439
EDINBURGH RD,04-At/near private drive,02-Thru lane,01-Clear,01-Daylight,MIDBLOCK,Saturday,November,1,EDINBURGH RD,2,ROAD,LOCAL,9.0,20.0,PAVED,TwoWay,PAVED,6,50,NO ACCESS,N,1952.0,247.31779618529
EDINBURGH RD,04-At/near private drive,02-Thru lane,01-Clear,07-Dark,MIDBLOCK,Saturday,November,1,EDINBURGH RD,2,ROAD,LOCAL,9.0,20.0,PAVED,TwoWay,PAVED,6,50,NO ACCESS,N,1952.0,247.31779618529
EDINBURGH RD,04-At/near private drive,02-Thru lane,01-Clear,01-Daylight,MIDBLOCK,Tuesday,July,0,EDINBURGH RD,2,ROAD,LOCAL,9.0,20.0,PAVED,TwoWay,PAVED,6,50,NO ACCESS,N,1952.0,247.31779618529
EDINBURGH RD,04-At/near private drive,02-Thru lane,01-Clear,07-Dark,MIDBLOCK,Friday,May,0,EDINBURGH RD,2,ROAD,LOCAL,9.0,20.0,PAVED,TwoWay,PAVED,6,50,NO ACCESS,N,1952.0,247.31779618529
EDINBURGH RD,01-Non intersection,09-Right shoulder,01-Clear,01-Daylight,MIDBLOCK,Friday,September,0,EDINBURGH RD,2,ROAD,LOCAL,9.0,20.0,PAVED,TwoWay,PAVED,6,50,NO ACCESS,N,1952.0,247.31779618529
EDENBRIDGE DR,04-At/near private drive,02-Thru lane,01-Clear,01-Daylight,MIDBLOCK,Wednesday,May,0,EDENBRIDGE DR,2,ROAD,MINOR,10.0,23.0,PAVED,TwoWay,PAVED,4,50,NO ACCESS,Y,1986.0,186.04842233308705
EDENBRIDGE DR,04-At/near private drive,02-Thru lane,01-Clear,01-Daylight,MIDBLOCK,Wednesday,May,0,EDENBRIDGE DR,2,ROAD,MINOR,10.0,23.0,PAVED,TwoWay,PAVED,4,50,NO ACCESS,Y,1986.0,89.7674176350743
EDENBRIDGE DR,04-At/near private drive,02-Thru lane,01-Clear,01-Daylight,MIDBLOCK,Wednesday,May,0,EDENBRIDGE DR,2,ROAD,MINOR,10.0,23.0,PAVED,TwoWay,PAVED,4,50,NO ACCESS,Y,1986.0,77.3977548355693
EDENBRIDGE DR,04-At/near private drive,02-Thru lane,01-Clear,01-Daylight,MIDBLOCK,Wednesday,May,0,EDENBRIDGE DR,2,ROAD,MINOR,10.0,23.0,PAVED,TwoWay,PAVED,4,50,NO ACCESS,Y,1986.0,83.56236021529341
EDENBRIDGE DR,04-At/near private drive,02-Thru lane,01-Clear,01-Daylight,MIDBLOCK,Wednesday,May,0,EDENBRIDGE DR,2,ROAD,MINOR,10.0,23.0,PAVED,TwoWay,PAVED,4,50,NO ACCESS,Y,1986.0,55.7723499594534
EDENBRIDGE DR,04-At/near private drive,02-Thru lane,01-Clear,01-Daylight,MIDBLOCK,Wednesday,May,0,EDENBRIDGE DR,2,ROAD,MINOR,10.0,23.0,PAVED,TwoWay,PAVED,4,50,NO ACCESS,Y,1986.0,162.50175552410602
EDENBRIDGE DR,04-At/near private drive,02-Thru lane,01-Clear,01-Daylight,MIDBLOCK,Thursday,February,0,EDENBRIDGE DR,2,ROAD,MINOR,10.0,23.0,PAVED,TwoWay,PAVED,4,50,NO ACCESS,Y,1986.0,186.04842233308705
EDENBRIDGE DR,04-At/near private drive,02-Thru lane,01-Clear,01-Daylight,MIDBLOCK,Thursday,February,0,EDENBRIDGE DR,2,ROAD,MINOR,10.0,23.0,PAVED,TwoWay,PAVED,4,50,NO ACCESS,Y,1986.0,89.7674176350743
EDENBRIDGE DR,04-At/near private drive,02-Thru lane,01-Clear,01-Daylight,MIDBLOCK,Thursday,February,0,EDENBRIDGE DR,2,ROAD,MINOR,10.0,23.0,PAVED,TwoWay,PAVED,4,50,NO ACCESS,Y,1986.0,77.3977548355693
EDENBRIDGE DR,04-At/near private drive,02-Thru lane,01-Clear,01-Daylight,MIDBLOCK,Thursday,February,0,EDENBRIDGE DR,2,ROAD,MINOR,10.0,23.0,PAVED,TwoWay,PAVED,4,50,NO ACCESS,Y,1986.0,83.56236021529341
EDENBRIDGE DR,04-At/near private drive,02-Thru lane,01-Clear,01-Daylight,MIDBLOCK,Thursday,February,0,EDENBRIDGE DR,2,ROAD,MINOR,10.0,23.0,PAVED,TwoWay,PAVED,4,50,NO ACCESS,Y,1986.0,55.7723499594534
EDENBRIDGE DR,04-At/near private drive,02-Thru lane,01-Clear,01-Daylight,MIDBLOCK,Thursday,February,0,EDENBRIDGE DR,2,ROAD,MINOR,10.0,23.0,PAVED,TwoWay,PAVED,4,50,NO ACCESS,Y,1986.0,162.50175552410602
EDENBRIDGE DR,04-At/near private drive,02-Thru lane,01-Clear,01-Daylight,MIDBLOCK,Wednesday,August,0,EDENBRIDGE DR,2,ROAD,MINOR,10.0,23.0,PAVED,TwoWay,PAVED,4,50,NO ACCESS,Y,1986.0,186.04842233308705
EDENBRIDGE DR,04-At/near private drive,02-Thru lane,01-Clear,01-Daylight,MIDBLOCK,Wednesday,August,0,EDENBRIDGE DR,2,ROAD,MINOR,10.0,23.0,PAVED,TwoWay,PAVED,4,50,NO ACCESS,Y,1986.0,89.7674176350743
EDENBRIDGE DR,04-At/near private drive,02-Thru lane,01-Clear,01-Daylight,MIDBLOCK,Wednesday,August,0,EDENBRIDGE DR,2,ROAD,MINOR,10.0,23.0,PAVED,TwoWay,PAVED,4,50,NO ACCESS,Y,1986.0,77.3977548355693
EDENBRIDGE DR,04-At/near private drive,02-Thru lane,01-Clear,01-Daylight,MIDBLOCK,Wednesday,August,0,EDENBRIDGE DR,2,ROAD,MINOR,10.0,23.0,PAVED,TwoWay,PAVED,4,50,NO ACCESS,Y,1986.0,83.56236021529341
EDENBRIDGE DR,04-At/near private drive,02-Thru lane,01-Clear,01-Daylight,MIDBLOCK,Wednesday,August,0,EDENBRIDGE DR,2,ROAD,MINOR,10.0,23.0,PAVED,TwoWay,PAVED,4,50,NO ACCESS,Y,1986.0,55.7723499594534
EDENBRIDGE DR,04-At/near private drive,02-Thru lane,01-Clear,01-Daylight,MIDBLOCK,Wednesday,August,0,EDENBRIDGE DR,2,ROAD,MINOR,10.0,23.0,PAVED,TwoWay,PAVED,4,50,NO ACCESS,Y,1986.0,162.50175552410602
CAMROSE CRT,01-Non intersection,02-Thru lane,01-Clear,01-Daylight,MIDBLOCK,Tuesday,July,0,CAMROSE CRT,1,BULB,LOCAL,12.0,18.0,PAVED,FromTo,PAVED,6,50,NO ACCESS,N,1986.0,74.964710617476
CAMROSE CRT,01-Non intersection,02-Thru lane,01-Clear,01-Daylight,MIDBLOCK,Tuesday,July,0,CAMROSE CRT,2,ROAD,LOCAL,12.0,18.0,PAVED,TwoWay,PAVED,6,50,NO ACCESS,N,1986.0,156.550578514057
CAMROSE CRT,04-At/near private drive,02-Thru lane,01-Clear,01-Daylight,MIDBLOCK,Thursday,May,0,CAMROSE CRT,1,BULB,LOCAL,12.0,18.0,PAVED,FromTo,PAVED,6,50,NO ACCESS,N,1986.0,74.964710617476
CAMROSE CRT,04-At/near private drive,02-Thru lane,01-Clear,01-Daylight,MIDBLOCK,Thursday,May,0,CAMROSE CRT,2,ROAD,LOCAL,12.0,18.0,PAVED,TwoWay,PAVED,6,50,NO ACCESS,N,1986.0,156.550578514057
CAMROSE CRT,04-At/near private drive,09-Right shoulder,01-Clear,01-Daylight,MIDBLOCK,Friday,August,0,CAMROSE CRT,1,BULB,LOCAL,12.0,18.0,PAVED,FromTo,PAVED,6,50,NO ACCESS,N,1986.0,74.964710617476
CAMROSE CRT,04-At/near private drive,09-Right shoulder,01-Clear,01-Daylight,MIDBLOCK,Friday,August,0,CAMROSE CRT,2,ROAD,LOCAL,12.0,18.0,PAVED,TwoWay,PAVED,6,50,NO ACCESS,N,1986.0,156.550578514057
CAMROSE CRT,01-Non intersection,09-Right shoulder,01-Clear,01-Daylight,MIDBLOCK,Sunday,May,1,CAMROSE CRT,1,BULB,LOCAL,12.0,18.0,PAVED,FromTo,PAVED,6,50,NO ACCESS,N,1986.0,74.964710617476
CAMROSE CRT,01-Non intersection,09-Right shoulder,01-Clear,01-Daylight,MIDBLOCK,Sunday,May,1,CAMROSE CRT,2,ROAD,LOCAL,12.0,18.0,PAVED,TwoWay,PAVED,6,50,NO ACCESS,N,1986.0,156.550578514057
MIDLAND DR,04-At/near private drive,02-Thru lane,01-Clear,01-Daylight,MIDBLOCK,Monday,February,0,MIDLAND DR,2,ROAD,LOCAL,9.0,20.0,PAVED,TwoWay,PAVED,6,50,NO ACCESS,N,1965.0,85.6778472115678
MIDLAND DR,04-At/near private drive,02-Thru lane,01-Clear,01-Daylight,MIDBLOCK,Monday,February,0,MIDLAND DR,2,ROAD,LOCAL,9.0,20.0,PAVED,TwoWay,PAVED,6,50,NO ACCESS,N,1965.0,77.78483809183909
MIDLAND DR,04-At/near private drive,02-Thru lane,01-Clear,"08-Dark, artificial",MIDBLOCK,Saturday,January,1,MIDLAND DR,2,ROAD,LOCAL,9.0,20.0,PAVED,TwoWay,PAVED,6,50,NO ACCESS,N,1965.0,85.6778472115678
MIDLAND DR,04-At/near private drive,02-Thru lane,01-Clear,"08-Dark, artificial",MIDBLOCK,Saturday,January,1,MIDLAND DR,2,ROAD,LOCAL,9.0,20.0,PAVED,TwoWay,PAVED,6,50,NO ACCESS,N,1965.0,77.78483809183909
KEHL ST,04-At/near private drive,02-Thru lane,01-Clear,"08-Dark, artificial",MIDBLOCK,Wednesday,March,0,KEHL ST,2,ROAD,LOCAL,10.0,20.0,PAVED,TwoWay,PAVED,6,50,NO ACCESS,N,1947.0,481.265670646484
KEHL ST,04-At/near private drive,02-Thru lane,01-Clear,"08-Dark, artificial",MIDBLOCK,Wednesday,March,0,KEHL ST,2,ROAD,LOCAL,9.0,15.0,PAVED,TwoWay,PAVED,6,50,NO ACCESS,N,1943.0,120.782878868243
KEHL ST,04-At/near private drive,02-Thru lane,01-Clear,"08-Dark, artificial",MIDBLOCK,Wednesday,March,0,KEHL ST,2,ROAD,LOCAL,9.0,19.0,PAVED,TwoWay,PAVED,6,50,NO ACCESS,N,1855.0,281.262995196909
KEHL ST,04-At/near private drive,02-Thru lane,01-Clear,01-Daylight,MIDBLOCK,Friday,June,0,KEHL ST,2,ROAD,LOCAL,10.0,20.0,PAVED,TwoWay,PAVED,6,50,NO ACCESS,N,1947.0,481.265670646484
KEHL ST,04-At/near private drive,02-Thru lane,01-Clear,01-Daylight,MIDBLOCK,Friday,June,0,KEHL ST,2,ROAD,LOCAL,9.0,15.0,PAVED,TwoWay,PAVED,6,50,NO ACCESS,N,1943.0,120.782878868243
KEHL ST,04-At/near private drive,02-Thru lane,01-Clear,01-Daylight,MIDBLOCK,Friday,June,0,KEHL ST,2,ROAD,LOCAL,9.0,19.0,PAVED,TwoWay,PAVED,6,50,NO ACCESS,N,1855.0,281.262995196909
KEHL ST,10-Parking lot,12-Off highway,01-Clear,01-Daylight,MIDBLOCK,Thursday,July,0,KEHL ST,2,ROAD,LOCAL,10.0,20.0,PAVED,TwoWay,PAVED,6,50,NO ACCESS,N,1947.0,481.265670646484
KEHL ST,10-Parking lot,12-Off highway,01-Clear,01-Daylight,MIDBLOCK,Thursday,July,0,KEHL ST,2,ROAD,LOCAL,9.0,15.0,PAVED,TwoWay,PAVED,6,50,NO ACCESS,N,1943.0,120.782878868243
KEHL ST,10-Parking lot,12-Off highway,01-Clear,01-Daylight,MIDBLOCK,Thursday,July,0,KEHL ST,2,ROAD,LOCAL,9.0,19.0,PAVED,TwoWay,PAVED,6,50,NO ACCESS,N,1855.0,281.262995196909
KEHL ST,04-At/near private drive,12-Off highway,01-Clear,01-Daylight,MIDBLOCK,Monday,October,0,KEHL ST,2,ROAD,LOCAL,10.0,20.0,PAVED,TwoWay,PAVED,6,50,NO ACCESS,N,1947.0,481.265670646484
KEHL ST,04-At/near private drive,12-Off highway,01-Clear,01-Daylight,MIDBLOCK,Monday,October,0,KEHL ST,2,ROAD,LOCAL,9.0,15.0,PAVED,TwoWay,PAVED,6,50,NO ACCESS,N,1943.0,120.782878868243
KEHL ST,04-At/near private drive,12-Off highway,01-Clear,01-Daylight,MIDBLOCK,Monday,October,0,KEHL ST,2,ROAD,LOCAL,9.0,19.0,PAVED,TwoWay,PAVED,6,50,NO ACCESS,N,1855.0,281.262995196909
KEHL ST,04-At/near private drive,10-Not on roadway - left side,01-Clear,01-Daylight,MIDBLOCK,Tuesday,May,0,KEHL ST,2,ROAD,LOCAL,10.0,20.0,PAVED,TwoWay,PAVED,6,50,NO ACCESS,N,1947.0,481.265670646484
KEHL ST,04-At/near private drive,10-Not on roadway - left side,01-Clear,01-Daylight,MIDBLOCK,Tuesday,May,0,KEHL ST,2,ROAD,LOCAL,9.0,15.0,PAVED,TwoWay,PAVED,6,50,NO ACCESS,N,1943.0,120.782878868243
KEHL ST,04-At/near private drive,10-Not on roadway - left side,01-Clear,01-Daylight,MIDBLOCK,Tuesday,May,0,KEHL ST,2,ROAD,LOCAL,9.0,19.0,PAVED,TwoWay,PAVED,6,50,NO ACCESS,N,1855.0,281.262995196909
KEHL ST,04-At/near private drive,09-Right shoulder,01-Clear,01-Daylight,MIDBLOCK,Thursday,November,0,KEHL ST,2,ROAD,LOCAL,10.0,20.0,PAVED,TwoWay,PAVED,6,50,NO ACCESS,N,1947.0,481.265670646484
KEHL ST,04-At/near private drive,09-Right shoulder,01-Clear,01-Daylight,MIDBLOCK,Thursday,November,0,KEHL ST,2,ROAD,LOCAL,9.0,15.0,PAVED,TwoWay,PAVED,6,50,NO ACCESS,N,1943.0,120.782878868243
KEHL ST,04-At/near private drive,09-Right shoulder,01-Clear,01-Daylight,MIDBLOCK,Thursday,November,0,KEHL ST,2,ROAD,LOCAL,9.0,19.0,PAVED,TwoWay,PAVED,6,50,NO ACCESS,N,1855.0,281.262995196909
KEHL ST,04-At/near private drive,02-Thru lane,"07-Fog, mist, smoke, dust",01-Daylight,MIDBLOCK,Friday,January,0,KEHL ST,2,ROAD,LOCAL,10.0,20.0,PAVED,TwoWay,PAVED,6,50,NO ACCESS,N,1947.0,481.265670646484
KEHL ST,04-At/near private drive,02-Thru lane,"07-Fog, mist, smoke, dust",01-Daylight,MIDBLOCK,Friday,January,0,KEHL ST,2,ROAD,LOCAL,9.0,15.0,PAVED,TwoWay,PAVED,6,50,NO ACCESS,N,1943.0,120.782878868243
KEHL ST,04-At/near private drive,02-Thru lane,"07-Fog, mist, smoke, dust",01-Daylight,MIDBLOCK,Friday,January,0,KEHL ST,2,ROAD,LOCAL,9.0,19.0,PAVED,TwoWay,PAVED,6,50,NO ACCESS,N,1855.0,281.262995196909
KEHL ST,04-At/near private drive,02-Thru lane,01-Clear,01-Daylight,MIDBLOCK,Tuesday,February,0,KEHL ST,2,ROAD,LOCAL,10.0,20.0,PAVED,TwoWay,PAVED,6,50,NO ACCESS,N,1947.0,481.265670646484
KEHL ST,04-At/near private drive,02-Thru lane,01-Clear,01-Daylight,MIDBLOCK,Tuesday,February,0,KEHL ST,2,ROAD,LOCAL,9.0,15.0,PAVED,TwoWay,PAVED,6,50,NO ACCESS,N,1943.0,120.782878868243
KEHL ST,04-At/near private drive,02-Thru lane,01-Clear,01-Daylight,MIDBLOCK,Tuesday,February,0,KEHL ST,2,ROAD,LOCAL,9.0,19.0,PAVED,TwoWay,PAVED,6,50,NO ACCESS,N,1855.0,281.262995196909
KEHL ST,04-At/near private drive,02-Thru lane,01-Clear,"08-Dark, artificial",MIDBLOCK,Saturday,October,1,KEHL ST,2,ROAD,LOCAL,10.0,20.0,PAVED,TwoWay,PAVED,6,50,NO ACCESS,N,1947.0,481.265670646484
KEHL ST,04-At/near private drive,02-Thru lane,01-Clear,"08-Dark, artificial",MIDBLOCK,Saturday,October,1,KEHL ST,2,ROAD,LOCAL,9.0,15.0,PAVED,TwoWay,PAVED,6,50,NO ACCESS,N,1943.0,120.782878868243
KEHL ST,04-At/near private drive,02-Thru lane,01-Clear,"08-Dark, artificial",MIDBLOCK,Saturday,October,1,KEHL ST,2,ROAD,LOCAL,9.0,19.0,PAVED,TwoWay,PAVED,6,50,NO ACCESS,N,1855.0,281.262995196909
KEHL ST,04-At/near private drive,02-Thru lane,01-Clear,01-Daylight,MIDBLOCK,Friday,February,0,KEHL ST,2,ROAD,LOCAL,10.0,20.0,PAVED,TwoWay,PAVED,6,50,NO ACCESS,N,1947.0,481.265670646484
KEHL ST,04-At/near private drive,02-Thru lane,01-Clear,01-Daylight,MIDBLOCK,Friday,February,0,KEHL ST,2,ROAD,LOCAL,9.0,15.0,PAVED,TwoWay,PAVED,6,50,NO ACCESS,N,1943.0,120.782878868243
KEHL ST,04-At/near private drive,02-Thru lane,01-Clear,01-Daylight,MIDBLOCK,Friday,February,0,KEHL ST,2,ROAD,LOCAL,9.0,19.0,PAVED,TwoWay,PAVED,6,50,NO ACCESS,N,1855.0,281.262995196909
KEHL ST,01-Non intersection,09-Right shoulder,01-Clear,"08-Dark, artificial",MIDBLOCK,Monday,September,0,KEHL ST,2,ROAD,LOCAL,10.0,20.0,PAVED,TwoWay,PAVED,6,50,NO ACCESS,N,1947.0,481.265670646484
KEHL ST,01-Non intersection,09-Right shoulder,01-Clear,"08-Dark, artificial",MIDBLOCK,Monday,September,0,KEHL ST,2,ROAD,LOCAL,9.0,15.0,PAVED,TwoWay,PAVED,6,50,NO ACCESS,N,1943.0,120.782878868243
KEHL ST,01-Non intersection,09-Right shoulder,01-Clear,"08-Dark, artificial",MIDBLOCK,Monday,September,0,KEHL ST,2,ROAD,LOCAL,9.0,19.0,PAVED,TwoWay,PAVED,6,50,NO ACCESS,N,1855.0,281.262995196909
VERONICA DR,04-At/near private drive,02-Thru lane,"07-Fog, mist, smoke, dust","08-Dark, artificial",MIDBLOCK,Tuesday,August,0,VERONICA DR,2,ROAD,LOCAL,9.0,20.0,PAVED,TwoWay,PAVED,6,50,NO ACCESS,N,1987.0,82.6934705122014
VERONICA DR,04-At/near private drive,02-Thru lane,"07-Fog, mist, smoke, dust","08-Dark, artificial",MIDBLOCK,Tuesday,August,0,VERONICA DR,2,ROAD,LOCAL,9.0,20.0,PAVED,TwoWay,PAVED,6,50,NO ACCESS,N,1987.0,77.31167783862121
VERONICA DR,04-At/near private drive,02-Thru lane,"07-Fog, mist, smoke, dust","08-Dark, artificial",MIDBLOCK,Tuesday,August,0,VERONICA DR,2,ROAD,LOCAL,9.0,20.0,PAVED,TwoWay,PAVED,6,50,NO ACCESS,N,1987.0,15.9888263638438
VERONICA DR,04-At/near private drive,02-Thru lane,"07-Fog, mist, smoke, dust","08-Dark, artificial",MIDBLOCK,Tuesday,August,0,VERONICA DR,2,ROAD,LOCAL,9.0,23.0,PAVED,TwoWay,PAVED,6,50,NO ACCESS,N,1987.0,5.650493049818912
VERONICA DR,04-At/near private drive,02-Thru lane,"07-Fog, mist, smoke, dust","08-Dark, artificial",MIDBLOCK,Tuesday,August,0,VERONICA DR,2,ROAD,LOCAL,8.0,20.0,PAVED,TwoWay,PAVED,6,50,NO ACCESS,N,1999.0,357.024013023834
VERONICA DR,04-At/near private drive,02-Thru lane,"07-Fog, mist, smoke, dust","08-Dark, artificial",MIDBLOCK,Tuesday,August,0,VERONICA DR,2,ROAD,LOCAL,9.0,20.0,PAVED,TwoWay,PAVED,6,50,NO ACCESS,N,1970.0,88.1315758373913
VERONICA DR,04-At/near private drive,02-Thru lane,"07-Fog, mist, smoke, dust","08-Dark, artificial",MIDBLOCK,Tuesday,August,0,VERONICA DR,2,ROAD,LOCAL,8.0,20.0,PAVED,TwoWay,PAVED,6,50,NO ACCESS,N,1987.0,176.714125031571
VERONICA DR,04-At/near private drive,02-Thru lane,"07-Fog, mist, smoke, dust","08-Dark, artificial",MIDBLOCK,Tuesday,August,0,VERONICA DR,2,ROAD,LOCAL,9.0,20.0,PAVED,TwoWay,PAVED,6,50,NO ACCESS,N,1999.0,91.62187680219141
VERONICA DR,04-At/near private drive,02-Thru lane,"07-Fog, mist, smoke, dust","08-Dark, artificial",MIDBLOCK,Tuesday,August,0,VERONICA DR,2,ROAD,LOCAL,9.0,24.0,PAVED,TwoWay,PAVED,6,50,NO ACCESS,N,1987.0,14.020481074867401
VERONICA DR,04-At/near private drive,02-Thru lane,"07-Fog, mist, smoke, dust","08-Dark, artificial",MIDBLOCK,Tuesday,August,0,VERONICA DR,2,ROAD,LOCAL,8.0,20.0,PAVED,TwoWay,PAVED,6,50,NO ACCESS,N,1999.0,160.234959421018
VERONICA DR,04-At/near private drive,02-Thru lane,"07-Fog, mist, smoke, dust","08-Dark, artificial",MIDBLOCK,Tuesday,August,0,VERONICA DR,2,ROAD,LOCAL,9.0,20.0,PAVED,TwoWay,PAVED,6,50,NO ACCESS,N,1987.0,116.539258382786
VERONICA DR,04-At/near private drive,02-Thru lane,01-Clear,07-Dark,MIDBLOCK,Thursday,December,0,VERONICA DR,2,ROAD,LOCAL,9.0,20.0,PAVED,TwoWay,PAVED,6,50,NO ACCESS,N,1987.0,82.6934705122014
VERONICA DR,04-At/near private drive,02-Thru lane,01-Clear,07-Dark,MIDBLOCK,Thursday,December,0,VERONICA DR,2,ROAD,LOCAL,9.0,20.0,PAVED,TwoWay,PAVED,6,50,NO ACCESS,N,1987.0,77.31167783862121
VERONICA DR,04-At/near private drive,02-Thru lane,01-Clear,07-Dark,MIDBLOCK,Thursday,December,0,VERONICA DR,2,ROAD,LOCAL,9.0,20.0,PAVED,TwoWay,PAVED,6,50,NO ACCESS,N,1987.0,15.9888263638438
VERONICA DR,04-At/near private drive,02-Thru lane,01-Clear,07-Dark,MIDBLOCK,Thursday,December,0,VERONICA DR,2,ROAD,LOCAL,9.0,23.0,PAVED,TwoWay,PAVED,6,50,NO ACCESS,N,1987.0,5.650493049818912
VERONICA DR,04-At/near private drive,02-Thru lane,01-Clear,07-Dark,MIDBLOCK,Thursday,December,0,VERONICA DR,2,ROAD,LOCAL,8.0,20.0,PAVED,TwoWay,PAVED,6,50,NO ACCESS,N,1999.0,357.024013023834
VERONICA DR,04-At/near private drive,02-Thru lane,01-Clear,07-Dark,MIDBLOCK,Thursday,December,0,VERONICA DR,2,ROAD,LOCAL,9.0,20.0,PAVED,TwoWay,PAVED,6,50,NO ACCESS,N,1970.0,88.1315758373913
VERONICA DR,04-At/near private drive,02-Thru lane,01-Clear,07-Dark,MIDBLOCK,Thursday,December,0,VERONICA DR,2,ROAD,LOCAL,8.0,20.0,PAVED,TwoWay,PAVED,6,50,NO ACCESS,N,1987.0,176.714125031571
VERONICA DR,04-At/near private drive,02-Thru lane,01-Clear,07-Dark,MIDBLOCK,Thursday,December,0,VERONICA DR,2,ROAD,LOCAL,9.0,20.0,PAVED,TwoWay,PAVED,6,50,NO ACCESS,N,1999.0,91.62187680219141
VERONICA DR,04-At/near private drive,02-Thru lane,01-Clear,07-Dark,MIDBLOCK,Thursday,December,0,VERONICA DR,2,ROAD,LOCAL,9.0,24.0,PAVED,TwoWay,PAVED,6,50,NO ACCESS,N,1987.0,14.020481074867401
VERONICA DR,04-At/near private drive,02-Thru lane,01-Clear,07-Dark,MIDBLOCK,Thursday,December,0,VERONICA DR,2,ROAD,LOCAL,8.0,20.0,PAVED,TwoWay,PAVED,6,50,NO ACCESS,N,1999.0,160.234959421018
VERONICA DR,04-At/near private drive,02-Thru lane,01-Clear,07-Dark,MIDBLOCK,Thursday,December,0,VERONICA DR,2,ROAD,LOCAL,9.0,20.0,PAVED,TwoWay,PAVED,6,50,NO ACCESS,N,1987.0,116.539258382786
VERONICA DR,04-At/near private drive,02-Thru lane,03-Snow,01-Daylight,MIDBLOCK,Wednesday,March,0,VERONICA DR,2,ROAD,LOCAL,9.0,20.0,PAVED,TwoWay,PAVED,6,50,NO ACCESS,N,1987.0,82.6934705122014
VERONICA DR,04-At/near private drive,02-Thru lane,03-Snow,01-Daylight,MIDBLOCK,Wednesday,March,0,VERONICA DR,2,ROAD,LOCAL,9.0,20.0,PAVED,TwoWay,PAVED,6,50,NO ACCESS,N,1987.0,77.31167783862121
VERONICA DR,04-At/near private drive,02-Thru lane,03-Snow,01-Daylight,MIDBLOCK,Wednesday,March,0,VERONICA DR,2,ROAD,LOCAL,9.0,20.0,PAVED,TwoWay,PAVED,6,50,NO ACCESS,N,1987.0,15.9888263638438
VERONICA DR,04-At/near private drive,02-Thru lane,03-Snow,01-Daylight,MIDBLOCK,Wednesday,March,0,VERONICA DR,2,ROAD,LOCAL,9.0,23.0,PAVED,TwoWay,PAVED,6,50,NO ACCESS,N,1987.0,5.650493049818912
VERONICA DR,04-At/near private drive,02-Thru lane,03-Snow,01-Daylight,MIDBLOCK,Wednesday,March,0,VERONICA DR,2,ROAD,LOCAL,8.0,20.0,PAVED,TwoWay,PAVED,6,50,NO ACCESS,N,1999.0,357.024013023834
VERONICA DR,04-At/near private drive,02-Thru lane,03-Snow,01-Daylight,MIDBLOCK,Wednesday,March,0,VERONICA DR,2,ROAD,LOCAL,9.0,20.0,PAVED,TwoWay,PAVED,6,50,NO ACCESS,N,1970.0,88.1315758373913
VERONICA DR,04-At/near private drive,02-Thru lane,03-Snow,01-Daylight,MIDBLOCK,Wednesday,March,0,VERONICA DR,2,ROAD,LOCAL,8.0,20.0,PAVED,TwoWay,PAVED,6,50,NO ACCESS,N,1987.0,176.714125031571
VERONICA DR,04-At/near private drive,02-Thru lane,03-Snow,01-Daylight,MIDBLOCK,Wednesday,March,0,VERONICA DR,2,ROAD,LOCAL,9.0,20.0,PAVED,TwoWay,PAVED,6,50,NO ACCESS,N,1999.0,91.62187680219141
VERONICA DR,04-At/near private drive,02-Thru lane,03-Snow,01-Daylight,MIDBLOCK,Wednesday,March,0,VERONICA DR,2,ROAD,LOCAL,9.0,24.0,PAVED,TwoWay,PAVED,6,50,NO ACCESS,N,1987.0,14.020481074867401
VERONICA DR,04-At/near private drive,02-Thru lane,03-Snow,01-Daylight,MIDBLOCK,Wednesday,March,0,VERONICA DR,2,ROAD,LOCAL,8.0,20.0,PAVED,TwoWay,PAVED,6,50,NO ACCESS,N,1999.0,160.234959421018
VERONICA DR,04-At/near private drive,02-Thru lane,03-Snow,01-Daylight,MIDBLOCK,Wednesday,March,0,VERONICA DR,2,ROAD,LOCAL,9.0,20.0,PAVED,TwoWay,PAVED,6,50,NO ACCESS,N,1987.0,116.539258382786