LOCATION,ACCIDENT_LOCATION,IMPACT_LOCATION,ENVIRONMENT_CONDITION,LIGHT,COLLISION_TYPE,DAY_OF_WEEK,MONTH,IS_WEEKEND,STREET,LANES,CATEGORY,SUBCATEGORY,PAVEMENT_WIDTH,ROW_WIDTH,SHOULDER,FLOW_DIRECTION,SURFACE_LAYER_TYPE,OFFICIAL_ROAD_CLASSIFICATION,SPEED_LIMIT_KM,TRUCK_ACCESS,BUS_ROUTE,SERVICE_YEAR,Shape__Length
VERONICA DR,04-At/near private drive,02-Thru lane,01-Clear,01-Daylight,MIDBLOCK,Friday,July,0,VERONICA DR,2,ROAD,LOCAL,9.0,20.0,PAVED,TwoWay,PAVED,6,50,NO ACCESS,N,1987.0,82.6934705122014
VERONICA DR,04-At/near private drive,02-Thru lane,01-Clear,01-Daylight,MIDBLOCK,Friday,July,0,VERONICA DR,2,ROAD,LOCAL,9.0,20.0,PAVED,TwoWay,PAVED,6,50,NO ACCESS,N,1987.0,77.31167783862121
VERONICA DR,04-At/near private drive,02-Thru lane,01-Clear,01-Daylight,MIDBLOCK,Friday,July,0,VERONICA DR,2,ROAD,LOCAL,9.0,20.0,PAVED,TwoWay,PAVED,6,50,NO ACCESS,N,1987.0,15.9888263638438
VERONICA DR,04-At/near private drive,02-Thru lane,01-Clear,01-Daylight,MIDBLOCK,Friday,July,0,VERONICA DR,2,ROAD,LOCAL,9.0,23.0,PAVED,TwoWay,PAVED,6,50,NO ACCESS,N,1987.0,5.650493049818912
VERONICA DR,04-At/near private drive,02-Thru lane,01-Clear,01-Daylight,MIDBLOCK,Friday,July,0,VERONICA DR,2,ROAD,LOCAL,8.0,20.0,PAVED,TwoWay,PAVED,6,50,NO ACCESS,N,1999.0,357.024013023834
VERONICA DR,04-At/near private drive,02-Thru lane,01-Clear,01-Daylight,MIDBLOCK,Friday,July,0,VERONICA DR,2,ROAD,LOCAL,9.0,20.0,PAVED,TwoWay,PAVED,6,50,NO ACCESS,N,1970.0,88.1315758373913
VERONICA DR,04-At/near private drive,02-Thru lane,01-Clear,01-Daylight,MIDBLOCK,Friday,July,0,VERONICA DR,2,ROAD,LOCAL,8.0,20.0,PAVED,TwoWay,PAVED,6,50,NO ACCESS,N,1987.0,176.714125031571
VERONICA DR,04-At/near private drive,02-Thru lane,01-Clear,01-Daylight,MIDBLOCK,Friday,July,0,VERONICA DR,2,ROAD,LOCAL,9.0,20.0,PAVED,TwoWay,PAVED,6,50,NO ACCESS,N,1999.0,91.62187680219141
VERONICA DR,04-At/near private drive,02-Thru lane,01-Clear,01-Daylight,MIDBLOCK,Friday,July,0,VERONICA DR,2,ROAD,LOCAL,9.0,24.0,PAVED,TwoWay,PAVED,6,50,NO ACCESS,N,1987.0,14.020481074867401
VERONICA DR,04-At/near private drive,02-Thru lane,01-Clear,01-Daylight,MIDBLOCK,Friday,July,0,VERONICA DR,2,ROAD,LOCAL,8.0,20.0,PAVED,TwoWay,PAVED,6,50,NO ACCESS,N,1999.0,160.234959421018
VERONICA DR,04-At/near private drive,02-Thru lane,01-Clear,01-Daylight,MIDBLOCK,Friday,July,0,VERONICA DR,2,ROAD,LOCAL,9.0,20.0,PAVED,TwoWay,PAVED,6,50,NO ACCESS,N,1987.0,116.539258382786
VERONICA DR,01-Non intersection,02-Thru lane,01-Clear,01-Daylight,MIDBLOCK,Wednesday,March,0,VERONICA DR,2,ROAD,LOCAL,9.0,20.0,PAVED,TwoWay,PAVED,6,50,NO ACCESS,N,1987.0,82.6934705122014
VERONICA DR,01-Non intersection,02-Thru lane,01-Clear,01-Daylight,MIDBLOCK,Wednesday,March,0,VERONICA DR,2,ROAD,LOCAL,9.0,20.0,PAVED,TwoWay,PAVED,6,50,NO ACCESS,N,1987.0,77.31167783862121
VERONICA DR,01-Non intersection,02-Thru lane,01-Clear,01-Daylight,MIDBLOCK,Wednesday,March,0,VERONICA DR,2,ROAD,LOCAL,9.0,20.0,PAVED,TwoWay,PAVED,6,50,NO ACCESS,N,1987.0,15.9888263638438
VERONICA DR,01-Non intersection,02-Thru lane,01-Clear,01-Daylight,MIDBLOCK,Wednesday,March,0,VERONICA DR,2,ROAD,LOCAL,9.0,23.0,PAVED,TwoWay,PAVED,6,50,NO ACCESS,N,1987.0,5.650493049818912
VERONICA DR,01-Non intersection,02-Thru lane,01-Clear,01-Daylight,MIDBLOCK,Wednesday,March,0,VERONICA DR,2,ROAD,LOCAL,8.0,20.0,PAVED,TwoWay,PAVED,6,50,NO ACCESS,N,1999.0,357.024013023834
VERONICA DR,01-Non intersection,02-Thru lane,01-Clear,01-Daylight,MIDBLOCK,Wednesday,March,0,VERONICA DR,2,ROAD,LOCAL,9.0,20.0,PAVED,TwoWay,PAVED,6,50,NO ACCESS,N,1970.0,88.1315758373913
VERONICA DR,01-Non intersection,02-Thru lane,01-Clear,01-Daylight,MIDBLOCK,Wednesday,March,0,VERONICA DR,2,ROAD,LOCAL,8.0,20.0,PAVED,TwoWay,PAVED,6,50,NO ACCESS,N,1987.0,176.714125031571
VERONICA DR,01-Non intersection,02-Thru lane,01-Clear,01-Daylight,MIDBLOCK,Wednesday,March,0,VERONICA DR,2,ROAD,LOCAL,9.0,20.0,PAVED,TwoWay,PAVED,6,50,NO ACCESS,N,1999.0,91.62187680219141
VERONICA DR,01-Non intersection,02-Thru lane,01-Clear,01-Daylight,MIDBLOCK,Wednesday,March,0,VERONICA DR,2,ROAD,LOCAL,9.0,24.0,PAVED,TwoWay,PAVED,6,50,NO ACCESS,N,1987.0,14.020481074867401
VERONICA DR,01-Non intersection,02-Thru lane,01-Clear,01-Daylight,MIDBLOCK,Wednesday,March,0,VERONICA DR,2,ROAD,LOCAL,8.0,20.0,PAVED,TwoWay,PAVED,6,50,NO ACCESS,N,1999.0,160.234959421018
VERONICA DR,01-Non intersection,02-Thru lane,01-Clear,01-Daylight,MIDBLOCK,Wednesday,March,0,VERONICA DR,2,ROAD,LOCAL,9.0,20.0,PAVED,TwoWay,PAVED,6,50,NO ACCESS,N,1987.0,116.539258382786
VERONICA DR,01-Non intersection,02-Thru lane,01-Clear,01-Daylight,MIDBLOCK,Friday,September,0,VERONICA DR,2,ROAD,LOCAL,9.0,20.0,PAVED,TwoWay,PAVED,6,50,NO ACCESS,N,1987.0,82.6934705122014
VERONICA DR,01-Non intersection,02-Thru lane,01-Clear,01-Daylight,MIDBLOCK,Friday,September,0,VERONICA DR,2,ROAD,LOCAL,9.0,20.0,PAVED,TwoWay,PAVED,6,50,NO ACCESS,N,1987.0,77.31167783862121
VERONICA DR,01-Non intersection,02-Thru lane,01-Clear,01-Daylight,MIDBLOCK,Friday,September,0,VERONICA DR,2,ROAD,LOCAL,9.0,20.0,PAVED,TwoWay,PAVED,6,50,NO ACCESS,N,1987.0,15.9888263638438
VERONICA DR,01-Non intersection,02-Thru lane,01-Clear,01-Daylight,MIDBLOCK,Friday,September,0,VERONICA DR,2,ROAD,LOCAL,9.0,23.0,PAVED,TwoWay,PAVED,6,50,NO ACCESS,N,1987.0,5.650493049818912
VERONICA DR,01-Non intersection,02-Thru lane,01-Clear,01-Daylight,MIDBLOCK,Friday,September,0,VERONICA DR,2,ROAD,LOCAL,8.0,20.0,PAVED,TwoWay,PAVED,6,50,NO ACCESS,N,1999.0,357.024013023834
VERONICA DR,01-Non intersection,02-Thru lane,01-Clear,01-Daylight,MIDBLOCK,Friday,September,0,VERONICA DR,2,ROAD,LOCAL,9.0,20.0,PAVED,TwoWay,PAVED,6,50,NO ACCESS,N,1970.0,88.1315758373913
VERONICA DR,01-Non intersection,02-Thru lane,01-Clear,01-Daylight,MIDBLOCK,Friday,September,0,VERONICA DR,2,ROAD,LOCAL,8.0,20.0,PAVED,TwoWay,PAVED,6,50,NO ACCESS,N,1987.0,176.714125031571
VERONICA DR,01-Non intersection,02-Thru lane,01-Clear,01-Daylight,MIDBLOCK,Friday,September,0,VERONICA DR,2,ROAD,LOCAL,9.0,20.0,PAVED,TwoWay,PAVED,6,50,NO ACCESS,N,1999.0,91.62187680219141
VERONICA DR,01-Non intersection,02-Thru lane,01-Clear,01-Daylight,MIDBLOCK,Friday,September,0,VERONICA DR,2,ROAD,LOCAL,9.0,24.0,PAVED,TwoWay,PAVED,6,50,NO ACCESS,N,1987.0,14.020481074867401
VERONICA DR,01-Non intersection,02-Thru lane,01-Clear,01-Daylight,MIDBLOCK,Friday,September,0,VERONICA DR,2,ROAD,LOCAL,8.0,20.0,PAVED,TwoWay,PAVED,6,50,NO ACCESS,N,1999.0,160.234959421018
VERONICA DR,01-Non intersection,02-Thru lane,01-Clear,01-Daylight,MIDBLOCK,Friday,September,0,VERONICA DR,2,ROAD,LOCAL,9.0,20.0,PAVED,TwoWay,PAVED,6,50,NO ACCESS,N,1987.0,116.539258382786
VERONICA DR,01-Non intersection,02-Thru lane,01-Clear,01-Daylight,MIDBLOCK,Saturday,October,1,VERONICA DR,2,ROAD,LOCAL,9.0,20.0,PAVED,TwoWay,PAVED,6,50,NO ACCESS,N,1987.0,82.6934705122014
VERONICA DR,01-Non intersection,02-Thru lane,01-Clear,01-Daylight,MIDBLOCK,Saturday,October,1,VERONICA DR,2,ROAD,LOCAL,9.0,20.0,PAVED,TwoWay,PAVED,6,50,NO ACCESS,N,1987.0,77.31167783862121
VERONICA DR,01-Non intersection,02-Thru lane,01-Clear,01-Daylight,MIDBLOCK,Saturday,October,1,VERONICA DR,2,ROAD,LOCAL,9.0,20.0,PAVED,TwoWay,PAVED,6,50,NO ACCESS,N,1987.0,15.9888263638438
VERONICA DR,01-Non intersection,02-Thru lane,01-Clear,01-Daylight,MIDBLOCK,Saturday,October,1,VERONICA DR,2,ROAD,LOCAL,9.0,23.0,PAVED,TwoWay,PAVED,6,50,NO ACCESS,N,1987.0,5.650493049818912
VERONICA DR,01-Non intersection,02-Thru lane,01-Clear,01-Daylight,MIDBLOCK,Saturday,October,1,VERONICA DR,2,ROAD,LOCAL,8.0,20.0,PAVED,TwoWay,PAVED,6,50,NO ACCESS,N,1999.0,357.024013023834
VERONICA DR,01-Non intersection,02-Thru lane,01-Clear,01-Daylight,MIDBLOCK,Saturday,October,1,VERONICA DR,2,ROAD,LOCAL,9.0,20.0,PAVED,TwoWay,PAVED,6,50,NO ACCESS,N,1970.0,88.1315758373913
VERONICA DR,01-Non intersection,02-Thru lane,01-Clear,01-Daylight,MIDBLOCK,Saturday,October,1,VERONICA DR,2,ROAD,LOCAL,8.0,20.0,PAVED,TwoWay,PAVED,6,50,NO ACCESS,N,1987.0,176.714125031571
VERONICA DR,01-Non intersection,02-Thru lane,01-Clear,01-Daylight,MIDBLOCK,Saturday,October,1,VERONICA DR,2,ROAD,LOCAL,9.0,20.0,PAVED,TwoWay,PAVED,6,50,NO ACCESS,N,1999.0,91.62187680219141
VERONICA DR,01-Non intersection,02-Thru lane,01-Clear,01-Daylight,MIDBLOCK,Saturday,October,1,VERONICA DR,2,ROAD,LOCAL,9.0,24.0,PAVED,TwoWay,PAVED,6,50,NO ACCESS,N,1987.0,14.020481074867401
VERONICA DR,01-Non intersection,02-Thru lane,01-Clear,01-Daylight,MIDBLOCK,Saturday,October,1,VERONICA DR,2,ROAD,LOCAL,8.0,20.0,PAVED,TwoWay,PAVED,6,50,NO ACCESS,N,1999.0,160.234959421018
VERONICA DR,01-Non intersection,02-Thru lane,01-Clear,01-Daylight,MIDBLOCK,Saturday,October,1,VERONICA DR,2,ROAD,LOCAL,9.0,20.0,PAVED,TwoWay,PAVED,6,50,NO ACCESS,N,1987.0,116.539258382786
VERONICA DR,01-Non intersection,09-Right shoulder,99-Other,07-Dark,MIDBLOCK,Monday,October,0,VERONICA DR,2,ROAD,LOCAL,9.0,20.0,PAVED,TwoWay,PAVED,6,50,NO ACCESS,N,1987.0,82.6934705122014
VERONICA DR,01-Non intersection,09-Right shoulder,99-Other,07-Dark,MIDBLOCK,Monday,October,0,VERONICA DR,2,ROAD,LOCAL,9.0,20.0,PAVED,TwoWay,PAVED,6,50,NO ACCESS,N,1987.0,77.31167783862121
VERONICA DR,01-Non intersection,09-Right shoulder,99-Other,07-Dark,MIDBLOCK,Monday,October,0,VERONICA DR,2,ROAD,LOCAL,9.0,20.0,PAVED,TwoWay,PAVED,6,50,NO ACCESS,N,1987.0,15.9888263638438
VERONICA DR,01-Non intersection,09-Right shoulder,99-Other,07-Dark,MIDBLOCK,Monday,October,0,VERONICA DR,2,ROAD,LOCAL,9.0,23.0,PAVED,TwoWay,PAVED,6,50,NO ACCESS,N,1987.0,5.650493049818912
VERONICA DR,01-Non intersection,09-Right shoulder,99-Other,07-Dark,MIDBLOCK,Monday,October,0,VERONICA DR,2,ROAD,LOCAL,8.0,20.0,PAVED,TwoWay,PAVED,6,50,NO ACCESS,N,1999.0,357.024013023834
VERONICA DR,01-Non intersection,09-Right shoulder,99-Other,07-Dark,MIDBLOCK,Monday,October,0,VERONICA DR,2,ROAD,LOCAL,9.0,20.0,PAVED,TwoWay,PAVED,6,50,NO ACCESS,N,1970.0,88.1315758373913
VERONICA DR,01-Non intersection,09-Right shoulder,99-Other,07-Dark,MIDBLOCK,Monday,October,0,VERONICA DR,2,ROAD,LOCAL,8.0,20.0,PAVED,TwoWay,PAVED,6,50,NO ACCESS,N,1987.0,176.714125031571
VERONICA DR,01-Non intersection,09-Right shoulder,99-Other,07-Dark,MIDBLOCK,Monday,October,0,VERONICA DR,2,ROAD,LOCAL,9.0,20.0,PAVED,TwoWay,PAVED,6,50,NO ACCESS,N,1999.0,91.62187680219141
VERONICA DR,01-Non intersection,09-Right shoulder,99-Other,07-Dark,MIDBLOCK,Monday,October,0,VERONICA DR,2,ROAD,LOCAL,9.0,24.0,PAVED,TwoWay,PAVED,6,50,NO ACCESS,N,1987.0,14.020481074867401
VERONICA DR,01-Non intersection,09-Right shoulder,99-Other,07-Dark,MIDBLOCK,Monday,October,0,VERONICA DR,2,ROAD,LOCAL,8.0,20.0,PAVED,TwoWay,PAVED,6,50,NO ACCESS,N,1999.0,160.234959421018
VERONICA DR,01-Non intersection,09-Right shoulder,99-Other,07-Dark,MIDBLOCK,Monday,October,0,VERONICA DR,2,ROAD,LOCAL,9.0,20.0,PAVED,TwoWay,PAVED,6,50,NO ACCESS,N,1987.0,116.539258382786
VERONICA DR,04-At/near private drive,02-Thru lane,01-Clear,07-Dark,MIDBLOCK,Wednesday,February,0,VERONICA DR,2,ROAD,LOCAL,9.0,20.0,PAVED,TwoWay,PAVED,6,50,NO ACCESS,N,1987.0,82.6934705122014
VERONICA DR,04-At/near private drive,02-Thru lane,01-Clear,07-Dark,MIDBLOCK,Wednesday,February,0,VERONICA DR,2,ROAD,LOCAL,9.0,20.0,PAVED,TwoWay,PAVED,6,50,NO ACCESS,N,1987.0,77.31167783862121
VERONICA DR,04-At/near private drive,02-Thru lane,01-Clear,07-Dark,MIDBLOCK,Wednesday,February,0,VERONICA DR,2,ROAD,LOCAL,9.0,20.0,PAVED,TwoWay,PAVED,6,50,NO ACCESS,N,1987.0,15.9888263638438
VERONICA DR,04-At/near private drive,02-Thru lane,01-Clear,07-Dark,MIDBLOCK,Wednesday,February,0,VERONICA DR,2,ROAD,LOCAL,9.0,23.0,PAVED,TwoWay,PAVED,6,50,NO ACCESS,N,1987.0,5.650493049818912
VERONICA DR,04-At/near private drive,02-Thru lane,01-Clear,07-Dark,MIDBLOCK,Wednesday,February,0,VERONICA DR,2,ROAD,LOCAL,8.0,20.0,PAVED,TwoWay,PAVED,6,50,NO ACCESS,N,1999.0,357.024013023834
VERONICA DR,04-At/near private drive,02-Thru lane,01-Clear,07-Dark,MIDBLOCK,Wednesday,February,0,VERONICA DR,2,ROAD,LOCAL,9.0,20.0,PAVED,TwoWay,PAVED,6,50,NO ACCESS,N,1970.0,88.1315758373913
VERONICA DR,04-At/near private drive,02-Thru lane,01-Clear,07-Dark,MIDBLOCK,Wednesday,February,0,VERONICA DR,2,ROAD,LOCAL,8.0,20.0,PAVED,TwoWay,PAVED,6,50,NO ACCESS,N,1987.0,176.714125031571
VERONICA DR,04-At/near private drive,02-Thru lane,01-Clear,07-Dark,MIDBLOCK,Wednesday,February,0,VERONICA DR,2,ROAD,LOCAL,9.0,20.0,PAVED,TwoWay,PAVED,6,50,NO ACCESS,N,1999.0,91.62187680219141
VERONICA DR,04-At/near private drive,02-Thru lane,01-Clear,07-Dark,MIDBLOCK,Wednesday,February,0,VERONICA DR,2,ROAD,LOCAL,9.0,24.0,PAVED,TwoWay,PAVED,6,50,NO ACCESS,N,1987.0,14.020481074867401
VERONICA DR,04-At/near private drive,02-Thru lane,01-Clear,07-Dark,MIDBLOCK,Wednesday,February,0,VERONICA DR,2,ROAD,LOCAL,8.0,20.0,PAVED,TwoWay,PAVED,6,50,NO ACCESS,N,1999.0,160.234959421018
VERONICA DR,04-At/near private drive,02-Thru lane,01-Clear,07-Dark,MIDBLOCK,Wednesday,February,0,VERONICA DR,2,ROAD,LOCAL,9.0,20.0,PAVED,TwoWay,PAVED,6,50,NO ACCESS,N,1987.0,116.539258382786
VERONICA DR,01-Non intersection,02-Thru lane,01-Clear,01-Daylight,MIDBLOCK,Friday,June,0,VERONICA DR,2,ROAD,LOCAL,9.0,20.0,PAVED,TwoWay,PAVED,6,50,NO ACCESS,N,1987.0,82.6934705122014
VERONICA DR,01-Non intersection,02-Thru lane,01-Clear,01-Daylight,MIDBLOCK,Friday,June,0,VERONICA DR,2,ROAD,LOCAL,9.0,20.0,PAVED,TwoWay,PAVED,6,50,NO ACCESS,N,1987.0,77.31167783862121
VERONICA DR,01-Non intersection,02-Thru lane,01-Clear,01-Daylight,MIDBLOCK,Friday,June,0,VERONICA DR,2,ROAD,LOCAL,9.0,20.0,PAVED,TwoWay,PAVED,6,50,NO ACCESS,N,1987.0,15.9888263638438
VERONICA DR,01-Non intersection,02-Thru lane,01-Clear,01-Daylight,MIDBLOCK,Friday,June,0,VERONICA DR,2,ROAD,LOCAL,9.0,23.0,PAVED,TwoWay,PAVED,6,50,NO ACCESS,N,1987.0,5.650493049818912
VERONICA DR,01-Non intersection,02-Thru lane,01-Clear,01-Daylight,MIDBLOCK,Friday,June,0,VERONICA DR,2,ROAD,LOCAL,8.0,20.0,PAVED,TwoWay,PAVED,6,50,NO ACCESS,N,1999.0,357.024013023834
VERONICA DR,01-Non intersection,02-Thru lane,01-Clear,01-Daylight,MIDBLOCK,Friday,June,0,VERONICA DR,2,ROAD,LOCAL,9.0,20.0,PAVED,TwoWay,PAVED,6,50,NO ACCESS,N,1970.0,88.1315758373913
VERONICA DR,01-Non intersection,02-Thru lane,01-Clear,01-Daylight,MIDBLOCK,Friday,June,0,VERONICA DR,2,ROAD,LOCAL,8.0,20.0,PAVED,TwoWay,PAVED,6,50,NO ACCESS,N,1987.0,176.714125031571
VERONICA DR,01-Non intersection,02-Thru lane,01-Clear,01-Daylight,MIDBLOCK,Friday,June,0,VERONICA DR,2,ROAD,LOCAL,9.0,20.0,PAVED,TwoWay,PAVED,6,50,NO ACCESS,N,1999.0,91.62187680219141
VERONICA DR,01-Non intersection,02-Thru lane,01-Clear,01-Daylight,MIDBLOCK,Friday,June,0,VERONICA DR,2,ROAD,LOCAL,9.0,24.0,PAVED,TwoWay,PAVED,6,50,NO ACCESS,N,1987.0,14.020481074867401
VERONICA DR,01-Non intersection,02-Thru lane,01-Clear,01-Daylight,MIDBLOCK,Friday,June,0,VERONICA DR,2,ROAD,LOCAL,8.0,20.0,PAVED,TwoWay,PAVED,6,50,NO ACCESS,N,1999.0,160.234959421018
VERONICA DR,01-Non intersection,02-Thru lane,01-Clear,01-Daylight,MIDBLOCK,Friday,June,0,VERONICA DR,2,ROAD,LOCAL,9.0,20.0,PAVED,TwoWay,PAVED,6,50,NO ACCESS,N,1987.0,116.539258382786
VERONICA DR,04-At/near private drive,02-Thru lane,01-Clear,"08-Dark, artificial",MIDBLOCK,Friday,July,0,VERONICA DR,2,ROAD,LOCAL,9.0,20.0,PAVED,TwoWay,PAVED,6,50,NO ACCESS,N,1987.0,82.6934705122014
VERONICA DR,04-At/near private drive,02-Thru lane,01-Clear,"08-Dark, artificial",MIDBLOCK,Friday,July,0,VERONICA DR,2,ROAD,LOCAL,9.0,20.0,PAVED,TwoWay,PAVED,6,50,NO ACCESS,N,1987.0,77.31167783862121
VERONICA DR,04-At/near private drive,02-Thru lane,01-Clear,"08-Dark, artificial",MIDBLOCK,Friday,July,0,VERONICA DR,2,ROAD,LOCAL,9.0,20.0,PAVED,TwoWay,PAVED,6,50,NO ACCESS,N,1987.0,15.9888263638438
VERONICA DR,04-At/near private drive,02-Thru lane,01-Clear,"08-Dark, artificial",MIDBLOCK,Friday,July,0,VERONICA DR,2,ROAD,LOCAL,9.0,23.0,PAVED,TwoWay,PAVED,6,50,NO ACCESS,N,1987.0,5.650493049818912
VERONICA DR,04-At/near private drive,02-Thru lane,01-Clear,"08-Dark, artificial",MIDBLOCK,Friday,July,0,VERONICA DR,2,ROAD,LOCAL,8.0,20.0,PAVED,TwoWay,PAVED,6,50,NO ACCESS,N,1999.0,357.024013023834
VERONICA DR,04-At/near private drive,02-Thru lane,01-Clear,"08-Dark, artificial",MIDBLOCK,Friday,July,0,VERONICA DR,2,ROAD,LOCAL,9.0,20.0,PAVED,TwoWay,PAVED,6,50,NO ACCESS,N,1970.0,88.1315758373913
VERONICA DR,04-At/near private drive,02-Thru lane,01-Clear,"08-Dark, artificial",MIDBLOCK,Friday,July,0,VERONICA DR,2,ROAD,LOCAL,8.0,20.0,PAVED,TwoWay,PAVED,6,50,NO ACCESS,N,1987.0,176.714125031571
VERONICA DR,04-At/near private drive,02-Thru lane,01-Clear,"08-Dark, artificial",MIDBLOCK,Friday,July,0,VERONICA DR,2,ROAD,LOCAL,9.0,20.0,PAVED,TwoWay,PAVED,6,50,NO ACCESS,N,1999.0,91.62187680219141
VERONICA DR,04-At/near private drive,02-Thru lane,01-Clear,"08-Dark, artificial",MIDBLOCK,Friday,July,0,VERONICA DR,2,ROAD,LOCAL,9.0,24.0,PAVED,TwoWay,PAVED,6,50,NO ACCESS,N,1987.0,14.020481074867401
VERONICA DR,04-At/near private drive,02-Thru lane,01-Clear,"08-Dark, artificial",MIDBLOCK,Friday,July,0,VERONICA DR,2,ROAD,LOCAL,8.0,20.0,PAVED,TwoWay,PAVED,6,50,NO ACCESS,N,1999.0,160.234959421018
VERONICA DR,04-At/near private drive,02-Thru lane,01-Clear,"08-Dark, artificial",MIDBLOCK,Friday,July,0,VERONICA DR,2,ROAD,LOCAL,9.0,20.0,PAVED,TwoWay,PAVED,6,50,NO ACCESS,N,1987.0,116.539258382786
VERONICA DR,04-At/near private drive,02-Thru lane,01-Clear,01-Daylight,MIDBLOCK,Monday,December,0,VERONICA DR,2,ROAD,LOCAL,9.0,20.0,PAVED,TwoWay,PAVED,6,50,NO ACCESS,N,1987.0,82.6934705122014
VERONICA DR,04-At/near private drive,02-Thru lane,01-Clear,01-Daylight,MIDBLOCK,Monday,December,0,VERONICA DR,2,ROAD,LOCAL,9.0,20.0,PAVED,TwoWay,PAVED,6,50,NO ACCESS,N,1987.0,77.31167783862121
VERONICA DR,04-At/near private drive,02-Thru lane,01-Clear,01-Daylight,MIDBLOCK,Monday,December,0,VERONICA DR,2,ROAD,LOCAL,9.0,20.0,PAVED,TwoWay,PAVED,6,50,NO ACCESS,N,1987.0,15.9888263638438
VERONICA DR,04-At/near private drive,02-Thru lane,01-Clear,01-Daylight,MIDBLOCK,Monday,December,0,VERONICA DR,2,ROAD,LOCAL,9.0,23.0,PAVED,TwoWay,PAVED,6,50,NO ACCESS,N,1987.0,5.650493049818912
VERONICA DR,04-At/near private drive,02-Thru lane,01-Clear,01-Daylight,MIDBLOCK,Monday,December,0,VERONICA DR,2,ROAD,LOCAL,8.0,20.0,PAVED,TwoWay,PAVED,6,50,NO ACCESS,N,1999.0,357.024013023834
VERONICA DR,04-At/near private drive,02-Thru lane,01-Clear,01-Daylight,MIDBLOCK,Monday,December,0,VERONICA DR,2,ROAD,LOCAL,9.0,20.0,PAVED,TwoWay,PAVED,6,50,NO ACCESS,N,1970.0,88.1315758373913
VERONICA DR,04-At/near private drive,02-Thru lane,01-Clear,01-Daylight,MIDBLOCK,Monday,December,0,VERONICA DR,2,ROAD,LOCAL,8.0,20.0,PAVED,TwoWay,PAVED,6,50,NO ACCESS,N,1987.0,176.714125031571
VERONICA DR,04-At/near private drive,02-Thru lane,01-Clear,01-Daylight,MIDBLOCK,Monday,December,0,VERONICA DR,2,ROAD,LOCAL,9.0,20.0,PAVED,TwoWay,PAVED,6,50,NO ACCESS,N,1999.0,91.62187680219141
VERONICA DR,04-At/near private drive,02-Thru lane,01-Clear,01-Daylight,MIDBLOCK,Monday,December,0,VERONICA DR,2,ROAD,LOCAL,9.0,24.0,PAVED,TwoWay,PAVED,6,50,NO ACCESS,N,1987.0,14.020481074867401
VERONICA DR,04-At/near private drive,02-Thru lane,01-Clear,01-Daylight,MIDBLOCK,Monday,December,0,VERONICA DR,2,ROAD,LOCAL,8.0,20.0,PAVED,TwoWay,PAVED,6,50,NO ACCESS,N,1999.0,160.234959421018
VERONICA DR,04-At/near private drive,02-Thru lane,01-Clear,01-Daylight,MIDBLOCK,Monday,December,0,VERONICA DR,2,ROAD,LOCAL,9.0,20.0,PAVED,TwoWay,PAVED,6,50,NO ACCESS,N,1987.0,116.539258382786
DODGE DR,04-At/near private drive,02-Thru lane,01-Clear,01-Daylight,MIDBLOCK,Saturday,March,1,DODGE DR,2,ROAD,MINOR,7.0,16.0,PAVED,TwoWay,PAVED,6,50,NO ACCESS,N,1870.0,942.559884743777
DODGE DR,04-At/near private drive,02-Thru lane,01-Clear,01-Daylight,MIDBLOCK,Saturday,March,1,DODGE DR,2,ROAD,MINOR,7.0,15.0,PAVED,TwoWay,PAVED,6,50,NO ACCESS,N,1870.0,511.181850006402
DODGE DR,04-At/near private drive,10-Not on roadway - left side,03-Snow,07-Dark,MIDBLOCK,Friday,March,0,DODGE DR,2,ROAD,MINOR,7.0,16.0,PAVED,TwoWay,PAVED,6,50,NO ACCESS,N,1870.0,942.559884743777
DODGE DR,04-At/near private drive,10-Not on roadway - left side,03-Snow,07-Dark,MIDBLOCK,Friday,March,0,DODGE DR,2,ROAD,MINOR,7.0,15.0,PAVED,TwoWay,PAVED,6,50,NO ACCESS,N,1870.0,511.181850006402
DODGE DR,01-Non intersection,10-Not on roadway - left side,01-Clear,07-Dark,MIDBLOCK,Friday,September,0,DODGE DR,2,ROAD,MINOR,7.0,16.0,PAVED,TwoWay,PAVED,6,50,NO ACCESS,N,1870.0,942.559884743777
DODGE DR,01-Non intersection,10-Not on roadway - left side,01-Clear,07-Dark,MIDBLOCK,Friday,September,0,DODGE DR,2,ROAD,MINOR,7.0,15.0,PAVED,TwoWay,PAVED,6,50,NO ACCESS,N,1870.0,511.181850006402
DODGE DR,01-Non intersection,09-Right shoulder,01-Clear,07-Dark,MIDBLOCK,Wednesday,September,0,DODGE DR,2,ROAD,MINOR,7.0,16.0,PAVED,TwoWay,PAVED,6,50,NO ACCESS,N,1870.0,942.559884743777
DODGE DR,01-Non intersection,09-Right shoulder,01-Clear,07-Dark,MIDBLOCK,Wednesday,September,0,DODGE DR,2,ROAD,MINOR,7.0,15.0,PAVED,TwoWay,PAVED,6,50,NO ACCESS,N,1870.0,511.181850006402