LOCATION,ACCIDENT_LOCATION,IMPACT_LOCATION,ENVIRONMENT_CONDITION,LIGHT,COLLISION_TYPE,DAY_OF_WEEK,MONTH,IS_WEEKEND,STREET,LANES,CATEGORY,SUBCATEGORY,PAVEMENT_WIDTH,ROW_WIDTH,SHOULDER,FLOW_DIRECTION,SURFACE_LAYER_TYPE,OFFICIAL_ROAD_CLASSIFICATION,SPEED_LIMIT_KM,TRUCK_ACCESS,BUS_ROUTE,SERVICE_YEAR,Shape__Length
BLOCK LINE RD,01-Non intersection,02-Thru lane,01-Clear,01-Daylight,MIDBLOCK,Wednesday,June,0,BLOCK LINE RD,4,ROAD,MAJOR,15.0,35.0,PAVED,TwoWay,PAVED,2,50,NO ACCESS,Y,1977.0,652.796545529766
BLOCK LINE RD,01-Non intersection,02-Thru lane,01-Clear,01-Daylight,MIDBLOCK,Wednesday,June,0,BLOCK LINE RD,2,ROAD,LOCAL,8.0,24.0,PAVED,TwoWay,PAVED,6,50,NO ACCESS,N,1979.0,78.6851928032223
BLOCK LINE RD,01-Non intersection,02-Thru lane,01-Clear,01-Daylight,MIDBLOCK,Wednesday,June,0,BLOCK LINE RD,4,ROAD,MAJOR,16.0,35.0,PAVED,TwoWay,PAVED,2,50,NO ACCESS,Y,1973.0,359.823184336382
BLOCK LINE RD,01-Non intersection,02-Thru lane,01-Clear,01-Daylight,MIDBLOCK,Wednesday,June,0,BLOCK LINE RD,4,ROAD,MAJOR,16.0,35.0,PAVED,TwoWay,PAVED,2,50,NO ACCESS,Y,1977.0,232.221901778467
BLOCK LINE RD,01-Non intersection,02-Thru lane,01-Clear,01-Daylight,MIDBLOCK,Wednesday,June,0,BLOCK LINE RD,2,ROAD,MAJOR,15.0,35.0,PAVED,TwoWay,PAVED,2,50,NO ACCESS,N,1971.0,178.44225174408905
BLOCK LINE RD,01-Non intersection,02-Thru lane,01-Clear,01-Daylight,MIDBLOCK,Wednesday,June,0,BLOCK LINE RD,4,ROAD,MAJOR,15.0,35.0,PAVED,TwoWay,PAVED,2,50,NO ACCESS,Y,1977.0,470.781545448619
BLOCK LINE RD,01-Non intersection,02-Thru lane,01-Clear,01-Daylight,MIDBLOCK,Wednesday,June,0,BLOCK LINE RD,4,ROAD,MAJOR,15.0,35.0,PAVED,TwoWay,PAVED,2,50,NO ACCESS,Y,1971.0,215.068737848674
BLOCK LINE RD,01-Non intersection,02-Thru lane,01-Clear,01-Daylight,MIDBLOCK,Wednesday,June,0,BLOCK LINE RD,2,ROAD,LOCAL,8.0,24.0,PAVED,TwoWay,PAVED,6,50,NO ACCESS,N,1979.0,77.9776595796848
BLOCK LINE RD,01-Non intersection,02-Thru lane,01-Clear,01-Daylight,MIDBLOCK,Wednesday,June,0,BLOCK LINE RD,4,ROAD,MAJOR,15.0,35.0,PAVED,TwoWay,PAVED,2,50,NO ACCESS,N,1971.0,374.9279021977681
BLOCK LINE RD,01-Non intersection,09-Right shoulder,01-Clear,01-Daylight,MIDBLOCK,Monday,October,0,BLOCK LINE RD,4,ROAD,MAJOR,15.0,35.0,PAVED,TwoWay,PAVED,2,50,NO ACCESS,Y,1977.0,652.796545529766
BLOCK LINE RD,01-Non intersection,09-Right shoulder,01-Clear,01-Daylight,MIDBLOCK,Monday,October,0,BLOCK LINE RD,2,ROAD,LOCAL,8.0,24.0,PAVED,TwoWay,PAVED,6,50,NO ACCESS,N,1979.0,78.6851928032223
BLOCK LINE RD,01-Non intersection,09-Right shoulder,01-Clear,01-Daylight,MIDBLOCK,Monday,October,0,BLOCK LINE RD,4,ROAD,MAJOR,16.0,35.0,PAVED,TwoWay,PAVED,2,50,NO ACCESS,Y,1973.0,359.823184336382
BLOCK LINE RD,01-Non intersection,09-Right shoulder,01-Clear,01-Daylight,MIDBLOCK,Monday,October,0,BLOCK LINE RD,4,ROAD,MAJOR,16.0,35.0,PAVED,TwoWay,PAVED,2,50,NO ACCESS,Y,1977.0,232.221901778467
BLOCK LINE RD,01-Non intersection,09-Right shoulder,01-Clear,01-Daylight,MIDBLOCK,Monday,October,0,BLOCK LINE RD,2,ROAD,MAJOR,15.0,35.0,PAVED,TwoWay,PAVED,2,50,NO ACCESS,N,1971.0,178.44225174408905
BLOCK LINE RD,01-Non intersection,09-Right shoulder,01-Clear,01-Daylight,MIDBLOCK,Monday,October,0,BLOCK LINE RD,4,ROAD,MAJOR,15.0,35.0,PAVED,TwoWay,PAVED,2,50,NO ACCESS,Y,1977.0,470.781545448619
BLOCK LINE RD,01-Non intersection,09-Right shoulder,01-Clear,01-Daylight,MIDBLOCK,Monday,October,0,BLOCK LINE RD,4,ROAD,MAJOR,15.0,35.0,PAVED,TwoWay,PAVED,2,50,NO ACCESS,Y,1971.0,215.068737848674
BLOCK LINE RD,01-Non intersection,09-Right shoulder,01-Clear,01-Daylight,MIDBLOCK,Monday,October,0,BLOCK LINE RD,2,ROAD,LOCAL,8.0,24.0,PAVED,TwoWay,PAVED,6,50,NO ACCESS,N,1979.0,77.9776595796848
BLOCK LINE RD,01-Non intersection,09-Right shoulder,01-Clear,01-Daylight,MIDBLOCK,Monday,October,0,BLOCK LINE RD,4,ROAD,MAJOR,15.0,35.0,PAVED,TwoWay,PAVED,2,50,NO ACCESS,N,1971.0,374.9279021977681
BLOCK LINE RD,01-Non intersection,02-Thru lane,01-Clear,05-Dusk,MIDBLOCK,Tuesday,October,0,BLOCK LINE RD,4,ROAD,MAJOR,15.0,35.0,PAVED,TwoWay,PAVED,2,50,NO ACCESS,Y,1977.0,652.796545529766
BLOCK LINE RD,01-Non intersection,02-Thru lane,01-Clear,05-Dusk,MIDBLOCK,Tuesday,October,0,BLOCK LINE RD,2,ROAD,LOCAL,8.0,24.0,PAVED,TwoWay,PAVED,6,50,NO ACCESS,N,1979.0,78.6851928032223
BLOCK LINE RD,01-Non intersection,02-Thru lane,01-Clear,05-Dusk,MIDBLOCK,Tuesday,October,0,BLOCK LINE RD,4,ROAD,MAJOR,16.0,35.0,PAVED,TwoWay,PAVED,2,50,NO ACCESS,Y,1973.0,359.823184336382
BLOCK LINE RD,01-Non intersection,02-Thru lane,01-Clear,05-Dusk,MIDBLOCK,Tuesday,October,0,BLOCK LINE RD,4,ROAD,MAJOR,16.0,35.0,PAVED,TwoWay,PAVED,2,50,NO ACCESS,Y,1977.0,232.221901778467
BLOCK LINE RD,01-Non intersection,02-Thru lane,01-Clear,05-Dusk,MIDBLOCK,Tuesday,October,0,BLOCK LINE RD,2,ROAD,MAJOR,15.0,35.0,PAVED,TwoWay,PAVED,2,50,NO ACCESS,N,1971.0,178.44225174408905
BLOCK LINE RD,01-Non intersection,02-Thru lane,01-Clear,05-Dusk,MIDBLOCK,Tuesday,October,0,BLOCK LINE RD,4,ROAD,MAJOR,15.0,35.0,PAVED,TwoWay,PAVED,2,50,NO ACCESS,Y,1977.0,470.781545448619
BLOCK LINE RD,01-Non intersection,02-Thru lane,01-Clear,05-Dusk,MIDBLOCK,Tuesday,October,0,BLOCK LINE RD,4,ROAD,MAJOR,15.0,35.0,PAVED,TwoWay,PAVED,2,50,NO ACCESS,Y,1971.0,215.068737848674
BLOCK LINE RD,01-Non intersection,02-Thru lane,01-Clear,05-Dusk,MIDBLOCK,Tuesday,October,0,BLOCK LINE RD,2,ROAD,LOCAL,8.0,24.0,PAVED,TwoWay,PAVED,6,50,NO ACCESS,N,1979.0,77.9776595796848
BLOCK LINE RD,01-Non intersection,02-Thru lane,01-Clear,05-Dusk,MIDBLOCK,Tuesday,October,0,BLOCK LINE RD,4,ROAD,MAJOR,15.0,35.0,PAVED,TwoWay,PAVED,2,50,NO ACCESS,N,1971.0,374.9279021977681
BLOCK LINE RD,01-Non intersection,09-Right shoulder,99-Other,01-Daylight,MIDBLOCK,Wednesday,November,0,BLOCK LINE RD,4,ROAD,MAJOR,15.0,35.0,PAVED,TwoWay,PAVED,2,50,NO ACCESS,Y,1977.0,652.796545529766
BLOCK LINE RD,01-Non intersection,09-Right shoulder,99-Other,01-Daylight,MIDBLOCK,Wednesday,November,0,BLOCK LINE RD,2,ROAD,LOCAL,8.0,24.0,PAVED,TwoWay,PAVED,6,50,NO ACCESS,N,1979.0,78.6851928032223
BLOCK LINE RD,01-Non intersection,09-Right shoulder,99-Other,01-Daylight,MIDBLOCK,Wednesday,November,0,BLOCK LINE RD,4,ROAD,MAJOR,16.0,35.0,PAVED,TwoWay,PAVED,2,50,NO ACCESS,Y,1973.0,359.823184336382
BLOCK LINE RD,01-Non intersection,09-Right shoulder,99-Other,01-Daylight,MIDBLOCK,Wednesday,November,0,BLOCK LINE RD,4,ROAD,MAJOR,16.0,35.0,PAVED,TwoWay,PAVED,2,50,NO ACCESS,Y,1977.0,232.221901778467
BLOCK LINE RD,01-Non intersection,09-Right shoulder,99-Other,01-Daylight,MIDBLOCK,Wednesday,November,0,BLOCK LINE RD,2,ROAD,MAJOR,15.0,35.0,PAVED,TwoWay,PAVED,2,50,NO ACCESS,N,1971.0,178.44225174408905
BLOCK LINE RD,01-Non intersection,09-Right shoulder,99-Other,01-Daylight,MIDBLOCK,Wednesday,November,0,BLOCK LINE RD,4,ROAD,MAJOR,15.0,35.0,PAVED,TwoWay,PAVED,2,50,NO ACCESS,Y,1977.0,470.781545448619
BLOCK LINE RD,01-Non intersection,09-Right shoulder,99-Other,01-Daylight,MIDBLOCK,Wednesday,November,0,BLOCK LINE RD,4,ROAD,MAJOR,15.0,35.0,PAVED,TwoWay,PAVED,2,50,NO ACCESS,Y,1971.0,215.068737848674
BLOCK LINE RD,01-Non intersection,09-Right shoulder,99-Other,01-Daylight,MIDBLOCK,Wednesday,November,0,BLOCK LINE RD,2,ROAD,LOCAL,8.0,24.0,PAVED,TwoWay,PAVED,6,50,NO ACCESS,N,1979.0,77.9776595796848
BLOCK LINE RD,01-Non intersection,09-Right shoulder,99-Other,01-Daylight,MIDBLOCK,Wednesday,November,0,BLOCK LINE RD,4,ROAD,MAJOR,15.0,35.0,PAVED,TwoWay,PAVED,2,50,NO ACCESS,N,1971.0,374.9279021977681
BLOCK LINE RD,01-Non intersection,02-Thru lane,01-Clear,"08-Dark, artificial",MIDBLOCK,Friday,December,0,BLOCK LINE RD,4,ROAD,MAJOR,15.0,35.0,PAVED,TwoWay,PAVED,2,50,NO ACCESS,Y,1977.0,652.796545529766
BLOCK LINE RD,01-Non intersection,02-Thru lane,01-Clear,"08-Dark, artificial",MIDBLOCK,Friday,December,0,BLOCK LINE RD,2,ROAD,LOCAL,8.0,24.0,PAVED,TwoWay,PAVED,6,50,NO ACCESS,N,1979.0,78.6851928032223
BLOCK LINE RD,01-Non intersection,02-Thru lane,01-Clear,"08-Dark, artificial",MIDBLOCK,Friday,December,0,BLOCK LINE RD,4,ROAD,MAJOR,16.0,35.0,PAVED,TwoWay,PAVED,2,50,NO ACCESS,Y,1973.0,359.823184336382
BLOCK LINE RD,01-Non intersection,02-Thru lane,01-Clear,"08-Dark, artificial",MIDBLOCK,Friday,December,0,BLOCK LINE RD,4,ROAD,MAJOR,16.0,35.0,PAVED,TwoWay,PAVED,2,50,NO ACCESS,Y,1977.0,232.221901778467
BLOCK LINE RD,01-Non intersection,02-Thru lane,01-Clear,"08-Dark, artificial",MIDBLOCK,Friday,December,0,BLOCK LINE RD,2,ROAD,MAJOR,15.0,35.0,PAVED,TwoWay,PAVED,2,50,NO ACCESS,N,1971.0,178.44225174408905
BLOCK LINE RD,01-Non intersection,02-Thru lane,01-Clear,"08-Dark, artificial",MIDBLOCK,Friday,December,0,BLOCK LINE RD,4,ROAD,MAJOR,15.0,35.0,PAVED,TwoWay,PAVED,2,50,NO ACCESS,Y,1977.0,470.781545448619
BLOCK LINE RD,01-Non intersection,02-Thru lane,01-Clear,"08-Dark, artificial",MIDBLOCK,Friday,December,0,BLOCK LINE RD,4,ROAD,MAJOR,15.0,35.0,PAVED,TwoWay,PAVED,2,50,NO ACCESS,Y,1971.0,215.068737848674
BLOCK LINE RD,01-Non intersection,02-Thru lane,01-Clear,"08-Dark, artificial",MIDBLOCK,Friday,December,0,BLOCK LINE RD,2,ROAD,LOCAL,8.0,24.0,PAVED,TwoWay,PAVED,6,50,NO ACCESS,N,1979.0,77.9776595796848
BLOCK LINE RD,01-Non intersection,02-Thru lane,01-Clear,"08-Dark, artificial",MIDBLOCK,Friday,December,0,BLOCK LINE RD,4,ROAD,MAJOR,15.0,35.0,PAVED,TwoWay,PAVED,2,50,NO ACCESS,N,1971.0,374.9279021977681
BLOCK LINE RD,04-At/near private drive,02-Thru lane,01-Clear,05-Dusk,MIDBLOCK,Thursday,February,0,BLOCK LINE RD,4,ROAD,MAJOR,15.0,35.0,PAVED,TwoWay,PAVED,2,50,NO ACCESS,Y,1977.0,652.796545529766
BLOCK LINE RD,04-At/near private drive,02-Thru lane,01-Clear,05-Dusk,MIDBLOCK,Thursday,February,0,BLOCK LINE RD,2,ROAD,LOCAL,8.0,24.0,PAVED,TwoWay,PAVED,6,50,NO ACCESS,N,1979.0,78.6851928032223
BLOCK LINE RD,04-At/near private drive,02-Thru lane,01-Clear,05-Dusk,MIDBLOCK,Thursday,February,0,BLOCK LINE RD,4,ROAD,MAJOR,16.0,35.0,PAVED,TwoWay,PAVED,2,50,NO ACCESS,Y,1973.0,359.823184336382
BLOCK LINE RD,04-At/near private drive,02-Thru lane,01-Clear,05-Dusk,MIDBLOCK,Thursday,February,0,BLOCK LINE RD,4,ROAD,MAJOR,16.0,35.0,PAVED,TwoWay,PAVED,2,50,NO ACCESS,Y,1977.0,232.221901778467
BLOCK LINE RD,04-At/near private drive,02-Thru lane,01-Clear,05-Dusk,MIDBLOCK,Thursday,February,0,BLOCK LINE RD,2,ROAD,MAJOR,15.0,35.0,PAVED,TwoWay,PAVED,2,50,NO ACCESS,N,1971.0,178.44225174408905
BLOCK LINE RD,04-At/near private drive,02-Thru lane,01-Clear,05-Dusk,MIDBLOCK,Thursday,February,0,BLOCK LINE RD,4,ROAD,MAJOR,15.0,35.0,PAVED,TwoWay,PAVED,2,50,NO ACCESS,Y,1977.0,470.781545448619
BLOCK LINE RD,04-At/near private drive,02-Thru lane,01-Clear,05-Dusk,MIDBLOCK,Thursday,February,0,BLOCK LINE RD,4,ROAD,MAJOR,15.0,35.0,PAVED,TwoWay,PAVED,2,50,NO ACCESS,Y,1971.0,215.068737848674
BLOCK LINE RD,04-At/near private drive,02-Thru lane,01-Clear,05-Dusk,MIDBLOCK,Thursday,February,0,BLOCK LINE RD,2,ROAD,LOCAL,8.0,24.0,PAVED,TwoWay,PAVED,6,50,NO ACCESS,N,1979.0,77.9776595796848
BLOCK LINE RD,04-At/near private drive,02-Thru lane,01-Clear,05-Dusk,MIDBLOCK,Thursday,February,0,BLOCK LINE RD,4,ROAD,MAJOR,15.0,35.0,PAVED,TwoWay,PAVED,2,50,NO ACCESS,N,1971.0,374.9279021977681
BLOCK LINE RD,04-At/near private drive,02-Thru lane,03-Snow,01-Daylight,MIDBLOCK,Monday,November,0,BLOCK LINE RD,4,ROAD,MAJOR,15.0,35.0,PAVED,TwoWay,PAVED,2,50,NO ACCESS,Y,1977.0,652.796545529766
BLOCK LINE RD,04-At/near private drive,02-Thru lane,03-Snow,01-Daylight,MIDBLOCK,Monday,November,0,BLOCK LINE RD,2,ROAD,LOCAL,8.0,24.0,PAVED,TwoWay,PAVED,6,50,NO ACCESS,N,1979.0,78.6851928032223
BLOCK LINE RD,04-At/near private drive,02-Thru lane,03-Snow,01-Daylight,MIDBLOCK,Monday,November,0,BLOCK LINE RD,4,ROAD,MAJOR,16.0,35.0,PAVED,TwoWay,PAVED,2,50,NO ACCESS,Y,1973.0,359.823184336382
BLOCK LINE RD,04-At/near private drive,02-Thru lane,03-Snow,01-Daylight,MIDBLOCK,Monday,November,0,BLOCK LINE RD,4,ROAD,MAJOR,16.0,35.0,PAVED,TwoWay,PAVED,2,50,NO ACCESS,Y,1977.0,232.221901778467
BLOCK LINE RD,04-At/near private drive,02-Thru lane,03-Snow,01-Daylight,MIDBLOCK,Monday,November,0,BLOCK LINE RD,2,ROAD,MAJOR,15.0,35.0,PAVED,TwoWay,PAVED,2,50,NO ACCESS,N,1971.0,178.44225174408905
BLOCK LINE RD,04-At/near private drive,02-Thru lane,03-Snow,01-Daylight,MIDBLOCK,Monday,November,0,BLOCK LINE RD,4,ROAD,MAJOR,15.0,35.0,PAVED,TwoWay,PAVED,2,50,NO ACCESS,Y,1977.0,470.781545448619
BLOCK LINE RD,04-At/near private drive,02-Thru lane,03-Snow,01-Daylight,MIDBLOCK,Monday,November,0,BLOCK LINE RD,4,ROAD,MAJOR,15.0,35.0,PAVED,TwoWay,PAVED,2,50,NO ACCESS,Y,1971.0,215.068737848674
BLOCK LINE RD,04-At/near private drive,02-Thru lane,03-Snow,01-Daylight,MIDBLOCK,Monday,November,0,BLOCK LINE RD,2,ROAD,LOCAL,8.0,24.0,PAVED,TwoWay,PAVED,6,50,NO ACCESS,N,1979.0,77.9776595796848
BLOCK LINE RD,04-At/near private drive,02-Thru lane,03-Snow,01-Daylight,MIDBLOCK,Monday,November,0,BLOCK LINE RD,4,ROAD,MAJOR,15.0,35.0,PAVED,TwoWay,PAVED,2,50,NO ACCESS,N,1971.0,374.9279021977681
BLOCK LINE RD,04-At/near private drive,02-Thru lane,02-Rain,"08-Dark, artificial",MIDBLOCK,Tuesday,December,0,BLOCK LINE RD,4,ROAD,MAJOR,15.0,35.0,PAVED,TwoWay,PAVED,2,50,NO ACCESS,Y,1977.0,652.796545529766
BLOCK LINE RD,04-At/near private drive,02-Thru lane,02-Rain,"08-Dark, artificial",MIDBLOCK,Tuesday,December,0,BLOCK LINE RD,2,ROAD,LOCAL,8.0,24.0,PAVED,TwoWay,PAVED,6,50,NO ACCESS,N,1979.0,78.6851928032223
BLOCK LINE RD,04-At/near private drive,02-Thru lane,02-Rain,"08-Dark, artificial",MIDBLOCK,Tuesday,December,0,BLOCK LINE RD,4,ROAD,MAJOR,16.0,35.0,PAVED,TwoWay,PAVED,2,50,NO ACCESS,Y,1973.0,359.823184336382
BLOCK LINE RD,04-At/near private drive,02-Thru lane,02-Rain,"08-Dark, artificial",MIDBLOCK,Tuesday,December,0,BLOCK LINE RD,4,ROAD,MAJOR,16.0,35.0,PAVED,TwoWay,PAVED,2,50,NO ACCESS,Y,1977.0,232.221901778467
BLOCK LINE RD,04-At/near private drive,02-Thru lane,02-Rain,"08-Dark, artificial",MIDBLOCK,Tuesday,December,0,BLOCK LINE RD,2,ROAD,MAJOR,15.0,35.0,PAVED,TwoWay,PAVED,2,50,NO ACCESS,N,1971.0,178.44225174408905
BLOCK LINE RD,04-At/near private drive,02-Thru lane,02-Rain,"08-Dark, artificial",MIDBLOCK,Tuesday,December,0,BLOCK LINE RD,4,ROAD,MAJOR,15.0,35.0,PAVED,TwoWay,PAVED,2,50,NO ACCESS,Y,1977.0,470.781545448619
BLOCK LINE RD,04-At/near private drive,02-Thru lane,02-Rain,"08-Dark, artificial",MIDBLOCK,Tuesday,December,0,BLOCK LINE RD,4,ROAD,MAJOR,15.0,35.0,PAVED,TwoWay,PAVED,2,50,NO ACCESS,Y,1971.0,215.068737848674
BLOCK LINE RD,04-At/near private drive,02-Thru lane,02-Rain,"08-Dark, artificial",MIDBLOCK,Tuesday,December,0,BLOCK LINE RD,2,ROAD,LOCAL,8.0,24.0,PAVED,TwoWay,PAVED,6,50,NO ACCESS,N,1979.0,77.9776595796848
BLOCK LINE RD,04-At/near private drive,02-Thru lane,02-Rain,"08-Dark, artificial",MIDBLOCK,Tuesday,December,0,BLOCK LINE RD,4,ROAD,MAJOR,15.0,35.0,PAVED,TwoWay,PAVED,2,50,NO ACCESS,N,1971.0,374.9279021977681
BLOCK LINE RD,01-Non intersection,02-Thru lane,01-Clear,"08-Dark, artificial",MIDBLOCK,Sunday,October,1,BLOCK LINE RD,4,ROAD,MAJOR,15.0,35.0,PAVED,TwoWay,PAVED,2,50,NO ACCESS,Y,1977.0,652.796545529766
BLOCK LINE RD,01-Non intersection,02-Thru lane,01-Clear,"08-Dark, artificial",MIDBLOCK,Sunday,October,1,BLOCK LINE RD,2,ROAD,LOCAL,8.0,24.0,PAVED,TwoWay,PAVED,6,50,NO ACCESS,N,1979.0,78.6851928032223
BLOCK LINE RD,01-Non intersection,02-Thru lane,01-Clear,"08-Dark, artificial",MIDBLOCK,Sunday,October,1,BLOCK LINE RD,4,ROAD,MAJOR,16.0,35.0,PAVED,TwoWay,PAVED,2,50,NO ACCESS,Y,1973.0,359.823184336382
BLOCK LINE RD,01-Non intersection,02-Thru lane,01-Clear,"08-Dark, artificial",MIDBLOCK,Sunday,October,1,BLOCK LINE RD,4,ROAD,MAJOR,16.0,35.0,PAVED,TwoWay,PAVED,2,50,NO ACCESS,Y,1977.0,232.221901778467
BLOCK LINE RD,01-Non intersection,02-Thru lane,01-Clear,"08-Dark, artificial",MIDBLOCK,Sunday,October,1,BLOCK LINE RD,2,ROAD,MAJOR,15.0,35.0,PAVED,TwoWay,PAVED,2,50,NO ACCESS,N,1971.0,178.44225174408905
BLOCK LINE RD,01-Non intersection,02-Thru lane,01-Clear,"08-Dark, artificial",MIDBLOCK,Sunday,October,1,BLOCK LINE RD,4,ROAD,MAJOR,15.0,35.0,PAVED,TwoWay,PAVED,2,50,NO ACCESS,Y,1977.0,470.781545448619
BLOCK LINE RD,01-Non intersection,02-Thru lane,01-Clear,"08-Dark, artificial",MIDBLOCK,Sunday,October,1,BLOCK LINE RD,4,ROAD,MAJOR,15.0,35.0,PAVED,TwoWay,PAVED,2,50,NO ACCESS,Y,1971.0,215.068737848674
BLOCK LINE RD,01-Non intersection,02-Thru lane,01-Clear,"08-Dark, artificial",MIDBLOCK,Sunday,October,1,BLOCK LINE RD,2,ROAD,LOCAL,8.0,24.0,PAVED,TwoWay,PAVED,6,50,NO ACCESS,N,1979.0,77.9776595796848
BLOCK LINE RD,01-Non intersection,02-Thru lane,01-Clear,"08-Dark, artificial",MIDBLOCK,Sunday,October,1,BLOCK LINE RD,4,ROAD,MAJOR,15.0,35.0,PAVED,TwoWay,PAVED,2,50,NO ACCESS,N,1971.0,374.9279021977681
BLOCK LINE RD,04-At/near private drive,02-Thru lane,02-Rain,"08-Dark, artificial",MIDBLOCK,Saturday,October,1,BLOCK LINE RD,4,ROAD,MAJOR,15.0,35.0,PAVED,TwoWay,PAVED,2,50,NO ACCESS,Y,1977.0,652.796545529766
BLOCK LINE RD,04-At/near private drive,02-Thru lane,02-Rain,"08-Dark, artificial",MIDBLOCK,Saturday,October,1,BLOCK LINE RD,2,ROAD,LOCAL,8.0,24.0,PAVED,TwoWay,PAVED,6,50,NO ACCESS,N,1979.0,78.6851928032223
BLOCK LINE RD,04-At/near private drive,02-Thru lane,02-Rain,"08-Dark, artificial",MIDBLOCK,Saturday,October,1,BLOCK LINE RD,4,ROAD,MAJOR,16.0,35.0,PAVED,TwoWay,PAVED,2,50,NO ACCESS,Y,1973.0,359.823184336382
BLOCK LINE RD,04-At/near private drive,02-Thru lane,02-Rain,"08-Dark, artificial",MIDBLOCK,Saturday,October,1,BLOCK LINE RD,4,ROAD,MAJOR,16.0,35.0,PAVED,TwoWay,PAVED,2,50,NO ACCESS,Y,1977.0,232.221901778467
BLOCK LINE RD,04-At/near private drive,02-Thru lane,02-Rain,"08-Dark, artificial",MIDBLOCK,Saturday,October,1,BLOCK LINE RD,2,ROAD,MAJOR,15.0,35.0,PAVED,TwoWay,PAVED,2,50,NO ACCESS,N,1971.0,178.44225174408905
BLOCK LINE RD,04-At/near private drive,02-Thru lane,02-Rain,"08-Dark, artificial",MIDBLOCK,Saturday,October,1,BLOCK LINE RD,4,ROAD,MAJOR,15.0,35.0,PAVED,TwoWay,PAVED,2,50,NO ACCESS,Y,1977.0,470.781545448619
BLOCK LINE RD,04-At/near private drive,02-Thru lane,02-Rain,"08-Dark, artificial",MIDBLOCK,Saturday,October,1,BLOCK LINE RD,4,ROAD,MAJOR,15.0,35.0,PAVED,TwoWay,PAVED,2,50,NO ACCESS,Y,1971.0,215.068737848674
BLOCK LINE RD,04-At/near private drive,02-Thru lane,02-Rain,"08-Dark, artificial",MIDBLOCK,Saturday,October,1,BLOCK LINE RD,2,ROAD,LOCAL,8.0,24.0,PAVED,TwoWay,PAVED,6,50,NO ACCESS,N,1979.0,77.9776595796848
BLOCK LINE RD,04-At/near private drive,02-Thru lane,02-Rain,"08-Dark, artificial",MIDBLOCK,Saturday,October,1,BLOCK LINE RD,4,ROAD,MAJOR,15.0,35.0,PAVED,TwoWay,PAVED,2,50,NO ACCESS,N,1971.0,374.9279021977681
BLOCK LINE RD,01-Non intersection,11-Not on roadway - right side,01-Clear,05-Dusk,MIDBLOCK,Tuesday,January,0,BLOCK LINE RD,4,ROAD,MAJOR,15.0,35.0,PAVED,TwoWay,PAVED,2,50,NO ACCESS,Y,1977.0,652.796545529766
BLOCK LINE RD,01-Non intersection,11-Not on roadway - right side,01-Clear,05-Dusk,MIDBLOCK,Tuesday,January,0,BLOCK LINE RD,2,ROAD,LOCAL,8.0,24.0,PAVED,TwoWay,PAVED,6,50,NO ACCESS,N,1979.0,78.6851928032223
BLOCK LINE RD,01-Non intersection,11-Not on roadway - right side,01-Clear,05-Dusk,MIDBLOCK,Tuesday,January,0,BLOCK LINE RD,4,ROAD,MAJOR,16.0,35.0,PAVED,TwoWay,PAVED,2,50,NO ACCESS,Y,1973.0,359.823184336382
BLOCK LINE RD,01-Non intersection,11-Not on roadway - right side,01-Clear,05-Dusk,MIDBLOCK,Tuesday,January,0,BLOCK LINE RD,4,ROAD,MAJOR,16.0,35.0,PAVED,TwoWay,PAVED,2,50,NO ACCESS,Y,1977.0,232.221901778467
BLOCK LINE RD,01-Non intersection,11-Not on roadway - right side,01-Clear,05-Dusk,MIDBLOCK,Tuesday,January,0,BLOCK LINE RD,2,ROAD,MAJOR,15.0,35.0,PAVED,TwoWay,PAVED,2,50,NO ACCESS,N,1971.0,178.44225174408905
BLOCK LINE RD,01-Non intersection,11-Not on roadway - right side,01-Clear,05-Dusk,MIDBLOCK,Tuesday,January,0,BLOCK LINE RD,4,ROAD,MAJOR,15.0,35.0,PAVED,TwoWay,PAVED,2,50,NO ACCESS,Y,1977.0,470.781545448619
BLOCK LINE RD,01-Non intersection,11-Not on roadway - right side,01-Clear,05-Dusk,MIDBLOCK,Tuesday,January,0,BLOCK LINE RD,4,ROAD,MAJOR,15.0,35.0,PAVED,TwoWay,PAVED,2,50,NO ACCESS,Y,1971.0,215.068737848674
BLOCK LINE RD,01-Non intersection,11-Not on roadway - right side,01-Clear,05-Dusk,MIDBLOCK,Tuesday,January,0,BLOCK LINE RD,2,ROAD,LOCAL,8.0,24.0,PAVED,TwoWay,PAVED,6,50,NO ACCESS,N,1979.0,77.9776595796848
BLOCK LINE RD,01-Non intersection,11-Not on roadway - right side,01-Clear,05-Dusk,MIDBLOCK,Tuesday,January,0,BLOCK LINE RD,4,ROAD,MAJOR,15.0,35.0,PAVED,TwoWay,PAVED,2,50,NO ACCESS,N,1971.0,374.9279021977681
BLOCK LINE RD,04-At/near private drive,02-Thru lane,01-Clear,01-Daylight,MIDBLOCK,Monday,July,0,BLOCK LINE RD,4,ROAD,MAJOR,15.0,35.0,PAVED,TwoWay,PAVED,2,50,NO ACCESS,Y,1977.0,652.796545529766
BLOCK LINE RD,04-At/near private drive,02-Thru lane,01-Clear,01-Daylight,MIDBLOCK,Monday,July,0,BLOCK LINE RD,2,ROAD,LOCAL,8.0,24.0,PAVED,TwoWay,PAVED,6,50,NO ACCESS,N,1979.0,78.6851928032223
BLOCK LINE RD,04-At/near private drive,02-Thru lane,01-Clear,01-Daylight,MIDBLOCK,Monday,July,0,BLOCK LINE RD,4,ROAD,MAJOR,16.0,35.0,PAVED,TwoWay,PAVED,2,50,NO ACCESS,Y,1973.0,359.823184336382