LOCATION,ACCIDENT_LOCATION,IMPACT_LOCATION,ENVIRONMENT_CONDITION,LIGHT,COLLISION_TYPE,DAY_OF_WEEK,MONTH,IS_WEEKEND,STREET,LANES,CATEGORY,SUBCATEGORY,PAVEMENT_WIDTH,ROW_WIDTH,SHOULDER,FLOW_DIRECTION,SURFACE_LAYER_TYPE,OFFICIAL_ROAD_CLASSIFICATION,SPEED_LIMIT_KM,TRUCK_ACCESS,BUS_ROUTE,SERVICE_YEAR,Shape__Length
BLOCK LINE RD,04-At/near private drive,02-Thru lane,01-Clear,01-Daylight,MIDBLOCK,Monday,July,0,BLOCK LINE RD,4,ROAD,MAJOR,16.0,35.0,PAVED,TwoWay,PAVED,2,50,NO ACCESS,Y,1977.0,232.221901778467
BLOCK LINE RD,04-At/near private drive,02-Thru lane,01-Clear,01-Daylight,MIDBLOCK,Monday,July,0,BLOCK LINE RD,2,ROAD,MAJOR,15.0,35.0,PAVED,TwoWay,PAVED,2,50,NO ACCESS,N,1971.0,178.44225174408905
BLOCK LINE RD,04-At/near private drive,02-Thru lane,01-Clear,01-Daylight,MIDBLOCK,Monday,July,0,BLOCK LINE RD,4,ROAD,MAJOR,15.0,35.0,PAVED,TwoWay,PAVED,2,50,NO ACCESS,Y,1977.0,470.781545448619
BLOCK LINE RD,04-At/near private drive,02-Thru lane,01-Clear,01-Daylight,MIDBLOCK,Monday,July,0,BLOCK LINE RD,4,ROAD,MAJOR,15.0,35.0,PAVED,TwoWay,PAVED,2,50,NO ACCESS,Y,1971.0,215.068737848674
BLOCK LINE RD,04-At/near private drive,02-Thru lane,01-Clear,01-Daylight,MIDBLOCK,Monday,July,0,BLOCK LINE RD,2,ROAD,LOCAL,8.0,24.0,PAVED,TwoWay,PAVED,6,50,NO ACCESS,N,1979.0,77.9776595796848
BLOCK LINE RD,04-At/near private drive,02-Thru lane,01-Clear,01-Daylight,MIDBLOCK,Monday,July,0,BLOCK LINE RD,4,ROAD,MAJOR,15.0,35.0,PAVED,TwoWay,PAVED,2,50,NO ACCESS,N,1971.0,374.9279021977681
BLOCK LINE RD,99-Other,12-Off highway,03-Snow,01-Daylight,MIDBLOCK,Monday,January,0,BLOCK LINE RD,4,ROAD,MAJOR,15.0,35.0,PAVED,TwoWay,PAVED,2,50,NO ACCESS,Y,1977.0,652.796545529766
BLOCK LINE RD,99-Other,12-Off highway,03-Snow,01-Daylight,MIDBLOCK,Monday,January,0,BLOCK LINE RD,2,ROAD,LOCAL,8.0,24.0,PAVED,TwoWay,PAVED,6,50,NO ACCESS,N,1979.0,78.6851928032223
BLOCK LINE RD,99-Other,12-Off highway,03-Snow,01-Daylight,MIDBLOCK,Monday,January,0,BLOCK LINE RD,4,ROAD,MAJOR,16.0,35.0,PAVED,TwoWay,PAVED,2,50,NO ACCESS,Y,1973.0,359.823184336382
BLOCK LINE RD,99-Other,12-Off highway,03-Snow,01-Daylight,MIDBLOCK,Monday,January,0,BLOCK LINE RD,4,ROAD,MAJOR,16.0,35.0,PAVED,TwoWay,PAVED,2,50,NO ACCESS,Y,1977.0,232.221901778467
BLOCK LINE RD,99-Other,12-Off highway,03-Snow,01-Daylight,MIDBLOCK,Monday,January,0,BLOCK LINE RD,2,ROAD,MAJOR,15.0,35.0,PAVED,TwoWay,PAVED,2,50,NO ACCESS,N,1971.0,178.44225174408905
BLOCK LINE RD,99-Other,12-Off highway,03-Snow,01-Daylight,MIDBLOCK,Monday,January,0,BLOCK LINE RD,4,ROAD,MAJOR,15.0,35.0,PAVED,TwoWay,PAVED,2,50,NO ACCESS,Y,1977.0,470.781545448619
BLOCK LINE RD,99-Other,12-Off highway,03-Snow,01-Daylight,MIDBLOCK,Monday,January,0,BLOCK LINE RD,4,ROAD,MAJOR,15.0,35.0,PAVED,TwoWay,PAVED,2,50,NO ACCESS,Y,1971.0,215.068737848674
BLOCK LINE RD,99-Other,12-Off highway,03-Snow,01-Daylight,MIDBLOCK,Monday,January,0,BLOCK LINE RD,2,ROAD,LOCAL,8.0,24.0,PAVED,TwoWay,PAVED,6,50,NO ACCESS,N,1979.0,77.9776595796848
BLOCK LINE RD,99-Other,12-Off highway,03-Snow,01-Daylight,MIDBLOCK,Monday,January,0,BLOCK LINE RD,4,ROAD,MAJOR,15.0,35.0,PAVED,TwoWay,PAVED,2,50,NO ACCESS,N,1971.0,374.9279021977681
WHEATFIELD CRES,04-At/near private drive,02-Thru lane,03-Snow,07-Dark,MIDBLOCK,Saturday,March,1,WHEATFIELD CRES,2,ROAD,LOCAL,9.0,20.0,PAVED,TwoWay,PAVED,6,50,NO ACCESS,N,1978.0,679.521335656577
WHEATFIELD CRES,04-At/near private drive,02-Thru lane,01-Clear,01-Daylight,MIDBLOCK,Wednesday,July,0,WHEATFIELD CRES,2,ROAD,LOCAL,9.0,20.0,PAVED,TwoWay,PAVED,6,50,NO ACCESS,N,1978.0,679.521335656577
WHEATFIELD CRES,04-At/near private drive,11-Not on roadway - right side,01-Clear,01-Daylight,MIDBLOCK,Monday,July,0,WHEATFIELD CRES,2,ROAD,LOCAL,9.0,20.0,PAVED,TwoWay,PAVED,6,50,NO ACCESS,N,1978.0,679.521335656577
CHERRYTREE CRT,04-At/near private drive,02-Thru lane,01-Clear,05-Dusk,MIDBLOCK,Friday,March,0,CHERRYTREE CRT,1,BULB,LOCAL,8.0,43.0,PAVED,FromTo,PAVED,6,50,NO ACCESS,N,1975.0,122.35513686361601
CHERRYTREE CRT,04-At/near private drive,02-Thru lane,01-Clear,05-Dusk,MIDBLOCK,Friday,March,0,CHERRYTREE CRT,2,ROAD,LOCAL,8.0,20.0,PAVED,TwoWay,PAVED,6,50,NO ACCESS,N,1975.0,171.150873276406
CHERRYTREE CRT,04-At/near private drive,02-Thru lane,01-Clear,01-Daylight,MIDBLOCK,Tuesday,May,0,CHERRYTREE CRT,1,BULB,LOCAL,8.0,43.0,PAVED,FromTo,PAVED,6,50,NO ACCESS,N,1975.0,122.35513686361601
CHERRYTREE CRT,04-At/near private drive,02-Thru lane,01-Clear,01-Daylight,MIDBLOCK,Tuesday,May,0,CHERRYTREE CRT,2,ROAD,LOCAL,8.0,20.0,PAVED,TwoWay,PAVED,6,50,NO ACCESS,N,1975.0,171.150873276406
SCHWEITZER ST,01-Non intersection,10-Not on roadway - left side,01-Clear,01-Daylight,MIDBLOCK,Thursday,December,0,SCHWEITZER ST,2,ROAD,LOCAL,9.0,20.0,PAVED,TwoWay,PAVED,6,50,NO ACCESS,Y,1948.0,178.356587365485
SCHWEITZER ST,01-Non intersection,10-Not on roadway - left side,01-Clear,01-Daylight,MIDBLOCK,Thursday,December,0,SCHWEITZER ST,2,ROAD,LOCAL,8.0,20.0,PAVED,TwoWay,PAVED,6,50,NO ACCESS,N,1948.0,108.42839890687401
SCHWEITZER ST,01-Non intersection,10-Not on roadway - left side,01-Clear,01-Daylight,MIDBLOCK,Thursday,December,0,SCHWEITZER ST,2,ROAD,LOCAL,9.0,20.0,PAVED,TwoWay,PAVED,6,50,NO ACCESS,Y,1948.0,166.246992965724
SCHWEITZER ST,01-Non intersection,10-Not on roadway - left side,01-Clear,01-Daylight,MIDBLOCK,Thursday,December,0,SCHWEITZER ST,2,ROAD,LOCAL,9.0,20.0,PAVED,TwoWay,PAVED,6,50,NO ACCESS,Y,1948.0,129.086396388546
SCHWEITZER ST,01-Non intersection,10-Not on roadway - left side,01-Clear,01-Daylight,MIDBLOCK,Thursday,December,0,SCHWEITZER ST,1,BULB,LOCAL,11.0,37.0,PAVED,FromTo,PAVED,6,50,NO ACCESS,N,1948.0,68.0790815928588
SCHWEITZER ST,01-Non intersection,10-Not on roadway - left side,01-Clear,01-Daylight,MIDBLOCK,Thursday,December,0,SCHWEITZER ST,2,ROAD,LOCAL,11.0,20.0,PAVED,TwoWay,PAVED,6,50,NO ACCESS,N,1948.0,196.769949043742
SCHWEITZER ST,01-Non intersection,07-Passing lane,01-Clear,01-Daylight,MIDBLOCK,Sunday,April,1,SCHWEITZER ST,2,ROAD,LOCAL,9.0,20.0,PAVED,TwoWay,PAVED,6,50,NO ACCESS,Y,1948.0,178.356587365485
SCHWEITZER ST,01-Non intersection,07-Passing lane,01-Clear,01-Daylight,MIDBLOCK,Sunday,April,1,SCHWEITZER ST,2,ROAD,LOCAL,8.0,20.0,PAVED,TwoWay,PAVED,6,50,NO ACCESS,N,1948.0,108.42839890687401
SCHWEITZER ST,01-Non intersection,07-Passing lane,01-Clear,01-Daylight,MIDBLOCK,Sunday,April,1,SCHWEITZER ST,2,ROAD,LOCAL,9.0,20.0,PAVED,TwoWay,PAVED,6,50,NO ACCESS,Y,1948.0,166.246992965724
SCHWEITZER ST,01-Non intersection,07-Passing lane,01-Clear,01-Daylight,MIDBLOCK,Sunday,April,1,SCHWEITZER ST,2,ROAD,LOCAL,9.0,20.0,PAVED,TwoWay,PAVED,6,50,NO ACCESS,Y,1948.0,129.086396388546
SCHWEITZER ST,01-Non intersection,07-Passing lane,01-Clear,01-Daylight,MIDBLOCK,Sunday,April,1,SCHWEITZER ST,1,BULB,LOCAL,11.0,37.0,PAVED,FromTo,PAVED,6,50,NO ACCESS,N,1948.0,68.0790815928588
SCHWEITZER ST,01-Non intersection,07-Passing lane,01-Clear,01-Daylight,MIDBLOCK,Sunday,April,1,SCHWEITZER ST,2,ROAD,LOCAL,11.0,20.0,PAVED,TwoWay,PAVED,6,50,NO ACCESS,N,1948.0,196.769949043742
BIEHN DR,01-Non intersection,02-Thru lane,01-Clear,01-Daylight,MIDBLOCK,Thursday,January,0,BIEHN DR,2,ROAD,LOCAL,10.0,26.0,PAVED,TwoWay,PAVED,3,50,NO ACCESS,Y,1987.0,76.54999185212421
BIEHN DR,01-Non intersection,02-Thru lane,01-Clear,01-Daylight,MIDBLOCK,Thursday,January,0,BIEHN DR,2,ROAD,MINOR,9.0,26.0,PAVED,TwoWay,PAVED,3,50,NO ACCESS,Y,1986.0,60.9015173378797
BIEHN DR,01-Non intersection,02-Thru lane,01-Clear,01-Daylight,MIDBLOCK,Thursday,January,0,BIEHN DR,2,ROAD,MINOR,10.0,26.0,PAVED,TwoWay,PAVED,3,50,NO ACCESS,Y,1987.0,53.9133854415799
BIEHN DR,01-Non intersection,02-Thru lane,01-Clear,01-Daylight,MIDBLOCK,Thursday,January,0,BIEHN DR,2,ROAD,MINOR,9.0,26.0,PAVED,TwoWay,PAVED,3,50,NO ACCESS,Y,1985.0,153.04373083225
BIEHN DR,01-Non intersection,02-Thru lane,01-Clear,01-Daylight,MIDBLOCK,Thursday,January,0,BIEHN DR,2,ROAD,MINOR,10.0,20.0,PAVED,TwoWay,PAVED,3,50,NO ACCESS,Y,1987.0,86.43417216177241
BIEHN DR,01-Non intersection,02-Thru lane,01-Clear,01-Daylight,MIDBLOCK,Thursday,January,0,BIEHN DR,1,BULB,LOCAL,10.0,26.0,PAVED,FromTo,PAVED,6,50,NO ACCESS,N,1987.0,56.153551917707006
BIEHN DR,01-Non intersection,02-Thru lane,01-Clear,01-Daylight,MIDBLOCK,Thursday,January,0,BIEHN DR,2,ROAD,MINOR,9.0,26.0,PAVED,TwoWay,PAVED,3,50,NO ACCESS,Y,1850.0,302.90241844597
BIEHN DR,01-Non intersection,02-Thru lane,01-Clear,01-Daylight,MIDBLOCK,Thursday,January,0,BIEHN DR,2,ROAD,MINOR,10.0,26.0,PAVED,TwoWay,PAVED,3,50,NO ACCESS,Y,1987.0,269.174735462423
BIEHN DR,01-Non intersection,02-Thru lane,01-Clear,01-Daylight,MIDBLOCK,Thursday,January,0,BIEHN DR,2,ROAD,MINOR,9.0,26.0,PAVED,TwoWay,PAVED,3,50,NO ACCESS,Y,1988.0,161.111857414836
BIEHN DR,01-Non intersection,02-Thru lane,01-Clear,01-Daylight,MIDBLOCK,Thursday,January,0,BIEHN DR,2,ROAD,LOCAL,9.0,26.0,PAVED,TwoWay,PAVED,3,50,NO ACCESS,Y,1987.0,80.2391617735305
BIEHN DR,01-Non intersection,02-Thru lane,01-Clear,01-Daylight,MIDBLOCK,Thursday,January,0,BIEHN DR,2,ROAD,LOCAL,10.0,26.0,PAVED,TwoWay,PAVED,3,50,NO ACCESS,Y,1987.0,128.026463512384
BIEHN DR,01-Non intersection,02-Thru lane,01-Clear,01-Daylight,MIDBLOCK,Thursday,January,0,BIEHN DR,2,ROAD,MINOR,9.0,26.0,PAVED,TwoWay,PAVED,3,50,NO ACCESS,Y,1982.0,102.223902189906
BIEHN DR,01-Non intersection,08-Left shoulder,02-Rain,07-Dark,MIDBLOCK,Thursday,November,0,BIEHN DR,2,ROAD,LOCAL,10.0,26.0,PAVED,TwoWay,PAVED,3,50,NO ACCESS,Y,1987.0,76.54999185212421
BIEHN DR,01-Non intersection,08-Left shoulder,02-Rain,07-Dark,MIDBLOCK,Thursday,November,0,BIEHN DR,2,ROAD,MINOR,9.0,26.0,PAVED,TwoWay,PAVED,3,50,NO ACCESS,Y,1986.0,60.9015173378797
BIEHN DR,01-Non intersection,08-Left shoulder,02-Rain,07-Dark,MIDBLOCK,Thursday,November,0,BIEHN DR,2,ROAD,MINOR,10.0,26.0,PAVED,TwoWay,PAVED,3,50,NO ACCESS,Y,1987.0,53.9133854415799
BIEHN DR,01-Non intersection,08-Left shoulder,02-Rain,07-Dark,MIDBLOCK,Thursday,November,0,BIEHN DR,2,ROAD,MINOR,9.0,26.0,PAVED,TwoWay,PAVED,3,50,NO ACCESS,Y,1985.0,153.04373083225
BIEHN DR,01-Non intersection,08-Left shoulder,02-Rain,07-Dark,MIDBLOCK,Thursday,November,0,BIEHN DR,2,ROAD,MINOR,10.0,20.0,PAVED,TwoWay,PAVED,3,50,NO ACCESS,Y,1987.0,86.43417216177241
BIEHN DR,01-Non intersection,08-Left shoulder,02-Rain,07-Dark,MIDBLOCK,Thursday,November,0,BIEHN DR,1,BULB,LOCAL,10.0,26.0,PAVED,FromTo,PAVED,6,50,NO ACCESS,N,1987.0,56.153551917707006
BIEHN DR,01-Non intersection,08-Left shoulder,02-Rain,07-Dark,MIDBLOCK,Thursday,November,0,BIEHN DR,2,ROAD,MINOR,9.0,26.0,PAVED,TwoWay,PAVED,3,50,NO ACCESS,Y,1850.0,302.90241844597
BIEHN DR,01-Non intersection,08-Left shoulder,02-Rain,07-Dark,MIDBLOCK,Thursday,November,0,BIEHN DR,2,ROAD,MINOR,10.0,26.0,PAVED,TwoWay,PAVED,3,50,NO ACCESS,Y,1987.0,269.174735462423
BIEHN DR,01-Non intersection,08-Left shoulder,02-Rain,07-Dark,MIDBLOCK,Thursday,November,0,BIEHN DR,2,ROAD,MINOR,9.0,26.0,PAVED,TwoWay,PAVED,3,50,NO ACCESS,Y,1988.0,161.111857414836
BIEHN DR,01-Non intersection,08-Left shoulder,02-Rain,07-Dark,MIDBLOCK,Thursday,November,0,BIEHN DR,2,ROAD,LOCAL,9.0,26.0,PAVED,TwoWay,PAVED,3,50,NO ACCESS,Y,1987.0,80.2391617735305
BIEHN DR,01-Non intersection,08-Left shoulder,02-Rain,07-Dark,MIDBLOCK,Thursday,November,0,BIEHN DR,2,ROAD,LOCAL,10.0,26.0,PAVED,TwoWay,PAVED,3,50,NO ACCESS,Y,1987.0,128.026463512384
BIEHN DR,01-Non intersection,08-Left shoulder,02-Rain,07-Dark,MIDBLOCK,Thursday,November,0,BIEHN DR,2,ROAD,MINOR,9.0,26.0,PAVED,TwoWay,PAVED,3,50,NO ACCESS,Y,1982.0,102.223902189906
BIEHN DR,01-Non intersection,09-Right shoulder,01-Clear,"08-Dark, artificial",MIDBLOCK,Sunday,August,1,BIEHN DR,2,ROAD,LOCAL,10.0,26.0,PAVED,TwoWay,PAVED,3,50,NO ACCESS,Y,1987.0,76.54999185212421
BIEHN DR,01-Non intersection,09-Right shoulder,01-Clear,"08-Dark, artificial",MIDBLOCK,Sunday,August,1,BIEHN DR,2,ROAD,MINOR,9.0,26.0,PAVED,TwoWay,PAVED,3,50,NO ACCESS,Y,1986.0,60.9015173378797
BIEHN DR,01-Non intersection,09-Right shoulder,01-Clear,"08-Dark, artificial",MIDBLOCK,Sunday,August,1,BIEHN DR,2,ROAD,MINOR,10.0,26.0,PAVED,TwoWay,PAVED,3,50,NO ACCESS,Y,1987.0,53.9133854415799
BIEHN DR,01-Non intersection,09-Right shoulder,01-Clear,"08-Dark, artificial",MIDBLOCK,Sunday,August,1,BIEHN DR,2,ROAD,MINOR,9.0,26.0,PAVED,TwoWay,PAVED,3,50,NO ACCESS,Y,1985.0,153.04373083225
BIEHN DR,01-Non intersection,09-Right shoulder,01-Clear,"08-Dark, artificial",MIDBLOCK,Sunday,August,1,BIEHN DR,2,ROAD,MINOR,10.0,20.0,PAVED,TwoWay,PAVED,3,50,NO ACCESS,Y,1987.0,86.43417216177241
BIEHN DR,01-Non intersection,09-Right shoulder,01-Clear,"08-Dark, artificial",MIDBLOCK,Sunday,August,1,BIEHN DR,1,BULB,LOCAL,10.0,26.0,PAVED,FromTo,PAVED,6,50,NO ACCESS,N,1987.0,56.153551917707006
BIEHN DR,01-Non intersection,09-Right shoulder,01-Clear,"08-Dark, artificial",MIDBLOCK,Sunday,August,1,BIEHN DR,2,ROAD,MINOR,9.0,26.0,PAVED,TwoWay,PAVED,3,50,NO ACCESS,Y,1850.0,302.90241844597
BIEHN DR,01-Non intersection,09-Right shoulder,01-Clear,"08-Dark, artificial",MIDBLOCK,Sunday,August,1,BIEHN DR,2,ROAD,MINOR,10.0,26.0,PAVED,TwoWay,PAVED,3,50,NO ACCESS,Y,1987.0,269.174735462423
BIEHN DR,01-Non intersection,09-Right shoulder,01-Clear,"08-Dark, artificial",MIDBLOCK,Sunday,August,1,BIEHN DR,2,ROAD,MINOR,9.0,26.0,PAVED,TwoWay,PAVED,3,50,NO ACCESS,Y,1988.0,161.111857414836
BIEHN DR,01-Non intersection,09-Right shoulder,01-Clear,"08-Dark, artificial",MIDBLOCK,Sunday,August,1,BIEHN DR,2,ROAD,LOCAL,9.0,26.0,PAVED,TwoWay,PAVED,3,50,NO ACCESS,Y,1987.0,80.2391617735305
BIEHN DR,01-Non intersection,09-Right shoulder,01-Clear,"08-Dark, artificial",MIDBLOCK,Sunday,August,1,BIEHN DR,2,ROAD,LOCAL,10.0,26.0,PAVED,TwoWay,PAVED,3,50,NO ACCESS,Y,1987.0,128.026463512384
BIEHN DR,01-Non intersection,09-Right shoulder,01-Clear,"08-Dark, artificial",MIDBLOCK,Sunday,August,1,BIEHN DR,2,ROAD,MINOR,9.0,26.0,PAVED,TwoWay,PAVED,3,50,NO ACCESS,Y,1982.0,102.223902189906
BIEHN DR,04-At/near private drive,02-Thru lane,01-Clear,07-Dark,MIDBLOCK,Tuesday,February,0,BIEHN DR,2,ROAD,LOCAL,10.0,26.0,PAVED,TwoWay,PAVED,3,50,NO ACCESS,Y,1987.0,76.54999185212421
BIEHN DR,04-At/near private drive,02-Thru lane,01-Clear,07-Dark,MIDBLOCK,Tuesday,February,0,BIEHN DR,2,ROAD,MINOR,9.0,26.0,PAVED,TwoWay,PAVED,3,50,NO ACCESS,Y,1986.0,60.9015173378797
BIEHN DR,04-At/near private drive,02-Thru lane,01-Clear,07-Dark,MIDBLOCK,Tuesday,February,0,BIEHN DR,2,ROAD,MINOR,10.0,26.0,PAVED,TwoWay,PAVED,3,50,NO ACCESS,Y,1987.0,53.9133854415799
BIEHN DR,04-At/near private drive,02-Thru lane,01-Clear,07-Dark,MIDBLOCK,Tuesday,February,0,BIEHN DR,2,ROAD,MINOR,9.0,26.0,PAVED,TwoWay,PAVED,3,50,NO ACCESS,Y,1985.0,153.04373083225
BIEHN DR,04-At/near private drive,02-Thru lane,01-Clear,07-Dark,MIDBLOCK,Tuesday,February,0,BIEHN DR,2,ROAD,MINOR,10.0,20.0,PAVED,TwoWay,PAVED,3,50,NO ACCESS,Y,1987.0,86.43417216177241
BIEHN DR,04-At/near private drive,02-Thru lane,01-Clear,07-Dark,MIDBLOCK,Tuesday,February,0,BIEHN DR,1,BULB,LOCAL,10.0,26.0,PAVED,FromTo,PAVED,6,50,NO ACCESS,N,1987.0,56.153551917707006
BIEHN DR,04-At/near private drive,02-Thru lane,01-Clear,07-Dark,MIDBLOCK,Tuesday,February,0,BIEHN DR,2,ROAD,MINOR,9.0,26.0,PAVED,TwoWay,PAVED,3,50,NO ACCESS,Y,1850.0,302.90241844597
BIEHN DR,04-At/near private drive,02-Thru lane,01-Clear,07-Dark,MIDBLOCK,Tuesday,February,0,BIEHN DR,2,ROAD,MINOR,10.0,26.0,PAVED,TwoWay,PAVED,3,50,NO ACCESS,Y,1987.0,269.174735462423
BIEHN DR,04-At/near private drive,02-Thru lane,01-Clear,07-Dark,MIDBLOCK,Tuesday,February,0,BIEHN DR,2,ROAD,MINOR,9.0,26.0,PAVED,TwoWay,PAVED,3,50,NO ACCESS,Y,1988.0,161.111857414836
BIEHN DR,04-At/near private drive,02-Thru lane,01-Clear,07-Dark,MIDBLOCK,Tuesday,February,0,BIEHN DR,2,ROAD,LOCAL,9.0,26.0,PAVED,TwoWay,PAVED,3,50,NO ACCESS,Y,1987.0,80.2391617735305
BIEHN DR,04-At/near private drive,02-Thru lane,01-Clear,07-Dark,MIDBLOCK,Tuesday,February,0,BIEHN DR,2,ROAD,LOCAL,10.0,26.0,PAVED,TwoWay,PAVED,3,50,NO ACCESS,Y,1987.0,128.026463512384
BIEHN DR,04-At/near private drive,02-Thru lane,01-Clear,07-Dark,MIDBLOCK,Tuesday,February,0,BIEHN DR,2,ROAD,MINOR,9.0,26.0,PAVED,TwoWay,PAVED,3,50,NO ACCESS,Y,1982.0,102.223902189906
BIEHN DR,01-Non intersection,02-Thru lane,01-Clear,01-Daylight,MIDBLOCK,Tuesday,October,0,BIEHN DR,2,ROAD,LOCAL,10.0,26.0,PAVED,TwoWay,PAVED,3,50,NO ACCESS,Y,1987.0,76.54999185212421
BIEHN DR,01-Non intersection,02-Thru lane,01-Clear,01-Daylight,MIDBLOCK,Tuesday,October,0,BIEHN DR,2,ROAD,MINOR,9.0,26.0,PAVED,TwoWay,PAVED,3,50,NO ACCESS,Y,1986.0,60.9015173378797
BIEHN DR,01-Non intersection,02-Thru lane,01-Clear,01-Daylight,MIDBLOCK,Tuesday,October,0,BIEHN DR,2,ROAD,MINOR,10.0,26.0,PAVED,TwoWay,PAVED,3,50,NO ACCESS,Y,1987.0,53.9133854415799
BIEHN DR,01-Non intersection,02-Thru lane,01-Clear,01-Daylight,MIDBLOCK,Tuesday,October,0,BIEHN DR,2,ROAD,MINOR,9.0,26.0,PAVED,TwoWay,PAVED,3,50,NO ACCESS,Y,1985.0,153.04373083225
BIEHN DR,01-Non intersection,02-Thru lane,01-Clear,01-Daylight,MIDBLOCK,Tuesday,October,0,BIEHN DR,2,ROAD,MINOR,10.0,20.0,PAVED,TwoWay,PAVED,3,50,NO ACCESS,Y,1987.0,86.43417216177241
BIEHN DR,01-Non intersection,02-Thru lane,01-Clear,01-Daylight,MIDBLOCK,Tuesday,October,0,BIEHN DR,1,BULB,LOCAL,10.0,26.0,PAVED,FromTo,PAVED,6,50,NO ACCESS,N,1987.0,56.153551917707006
BIEHN DR,01-Non intersection,02-Thru lane,01-Clear,01-Daylight,MIDBLOCK,Tuesday,October,0,BIEHN DR,2,ROAD,MINOR,9.0,26.0,PAVED,TwoWay,PAVED,3,50,NO ACCESS,Y,1850.0,302.90241844597
BIEHN DR,01-Non intersection,02-Thru lane,01-Clear,01-Daylight,MIDBLOCK,Tuesday,October,0,BIEHN DR,2,ROAD,MINOR,10.0,26.0,PAVED,TwoWay,PAVED,3,50,NO ACCESS,Y,1987.0,269.174735462423
BIEHN DR,01-Non intersection,02-Thru lane,01-Clear,01-Daylight,MIDBLOCK,Tuesday,October,0,BIEHN DR,2,ROAD,MINOR,9.0,26.0,PAVED,TwoWay,PAVED,3,50,NO ACCESS,Y,1988.0,161.111857414836
BIEHN DR,01-Non intersection,02-Thru lane,01-Clear,01-Daylight,MIDBLOCK,Tuesday,October,0,BIEHN DR,2,ROAD,LOCAL,9.0,26.0,PAVED,TwoWay,PAVED,3,50,NO ACCESS,Y,1987.0,80.2391617735305
BIEHN DR,01-Non intersection,02-Thru lane,01-Clear,01-Daylight,MIDBLOCK,Tuesday,October,0,BIEHN DR,2,ROAD,LOCAL,10.0,26.0,PAVED,TwoWay,PAVED,3,50,NO ACCESS,Y,1987.0,128.026463512384
BIEHN DR,01-Non intersection,02-Thru lane,01-Clear,01-Daylight,MIDBLOCK,Tuesday,October,0,BIEHN DR,2,ROAD,MINOR,9.0,26.0,PAVED,TwoWay,PAVED,3,50,NO ACCESS,Y,1982.0,102.223902189906
BIEHN DR,01-Non intersection,02-Thru lane,01-Clear,01-Daylight,MIDBLOCK,Thursday,September,0,BIEHN DR,2,ROAD,LOCAL,10.0,26.0,PAVED,TwoWay,PAVED,3,50,NO ACCESS,Y,1987.0,76.54999185212421
BIEHN DR,01-Non intersection,02-Thru lane,01-Clear,01-Daylight,MIDBLOCK,Thursday,September,0,BIEHN DR,2,ROAD,MINOR,9.0,26.0,PAVED,TwoWay,PAVED,3,50,NO ACCESS,Y,1986.0,60.9015173378797
BIEHN DR,01-Non intersection,02-Thru lane,01-Clear,01-Daylight,MIDBLOCK,Thursday,September,0,BIEHN DR,2,ROAD,MINOR,10.0,26.0,PAVED,TwoWay,PAVED,3,50,NO ACCESS,Y,1987.0,53.9133854415799
BIEHN DR,01-Non intersection,02-Thru lane,01-Clear,01-Daylight,MIDBLOCK,Thursday,September,0,BIEHN DR,2,ROAD,MINOR,9.0,26.0,PAVED,TwoWay,PAVED,3,50,NO ACCESS,Y,1985.0,153.04373083225
BIEHN DR,01-Non intersection,02-Thru lane,01-Clear,01-Daylight,MIDBLOCK,Thursday,September,0,BIEHN DR,2,ROAD,MINOR,10.0,20.0,PAVED,TwoWay,PAVED,3,50,NO ACCESS,Y,1987.0,86.43417216177241
BIEHN DR,01-Non intersection,02-Thru lane,01-Clear,01-Daylight,MIDBLOCK,Thursday,September,0,BIEHN DR,1,BULB,LOCAL,10.0,26.0,PAVED,FromTo,PAVED,6,50,NO ACCESS,N,1987.0,56.153551917707006
BIEHN DR,01-Non intersection,02-Thru lane,01-Clear,01-Daylight,MIDBLOCK,Thursday,September,0,BIEHN DR,2,ROAD,MINOR,9.0,26.0,PAVED,TwoWay,PAVED,3,50,NO ACCESS,Y,1850.0,302.90241844597
BIEHN DR,01-Non intersection,02-Thru lane,01-Clear,01-Daylight,MIDBLOCK,Thursday,September,0,BIEHN DR,2,ROAD,MINOR,10.0,26.0,PAVED,TwoWay,PAVED,3,50,NO ACCESS,Y,1987.0,269.174735462423
BIEHN DR,01-Non intersection,02-Thru lane,01-Clear,01-Daylight,MIDBLOCK,Thursday,September,0,BIEHN DR,2,ROAD,MINOR,9.0,26.0,PAVED,TwoWay,PAVED,3,50,NO ACCESS,Y,1988.0,161.111857414836
BIEHN DR,01-Non intersection,02-Thru lane,01-Clear,01-Daylight,MIDBLOCK,Thursday,September,0,BIEHN DR,2,ROAD,LOCAL,9.0,26.0,PAVED,TwoWay,PAVED,3,50,NO ACCESS,Y,1987.0,80.2391617735305
BIEHN DR,01-Non intersection,02-Thru lane,01-Clear,01-Daylight,MIDBLOCK,Thursday,September,0,BIEHN DR,2,ROAD,LOCAL,10.0,26.0,PAVED,TwoWay,PAVED,3,50,NO ACCESS,Y,1987.0,128.026463512384
BIEHN DR,01-Non intersection,02-Thru lane,01-Clear,01-Daylight,MIDBLOCK,Thursday,September,0,BIEHN DR,2,ROAD,MINOR,9.0,26.0,PAVED,TwoWay,PAVED,3,50,NO ACCESS,Y,1982.0,102.223902189906
BIEHN DR,01-Non intersection,02-Thru lane,03-Snow,01-Daylight,MIDBLOCK,Wednesday,April,0,BIEHN DR,2,ROAD,LOCAL,10.0,26.0,PAVED,TwoWay,PAVED,3,50,NO ACCESS,Y,1987.0,76.54999185212421
BIEHN DR,01-Non intersection,02-Thru lane,03-Snow,01-Daylight,MIDBLOCK,Wednesday,April,0,BIEHN DR,2,ROAD,MINOR,9.0,26.0,PAVED,TwoWay,PAVED,3,50,NO ACCESS,Y,1986.0,60.9015173378797
BIEHN DR,01-Non intersection,02-Thru lane,03-Snow,01-Daylight,MIDBLOCK,Wednesday,April,0,BIEHN DR,2,ROAD,MINOR,10.0,26.0,PAVED,TwoWay,PAVED,3,50,NO ACCESS,Y,1987.0,53.9133854415799