LOCATION,ACCIDENT_LOCATION,IMPACT_LOCATION,ENVIRONMENT_CONDITION,LIGHT,COLLISION_TYPE,DAY_OF_WEEK,MONTH,IS_WEEKEND,STREET,LANES,CATEGORY,SUBCATEGORY,PAVEMENT_WIDTH,ROW_WIDTH,SHOULDER,FLOW_DIRECTION,SURFACE_LAYER_TYPE,OFFICIAL_ROAD_CLASSIFICATION,SPEED_LIMIT_KM,TRUCK_ACCESS,BUS_ROUTE,SERVICE_YEAR,Shape__Length
BIEHN DR,01-Non intersection,02-Thru lane,03-Snow,01-Daylight,MIDBLOCK,Wednesday,April,0,BIEHN DR,2,ROAD,MINOR,9.0,26.0,PAVED,TwoWay,PAVED,3,50,NO ACCESS,Y,1985.0,153.04373083225
BIEHN DR,01-Non intersection,02-Thru lane,03-Snow,01-Daylight,MIDBLOCK,Wednesday,April,0,BIEHN DR,2,ROAD,MINOR,10.0,20.0,PAVED,TwoWay,PAVED,3,50,NO ACCESS,Y,1987.0,86.43417216177241
BIEHN DR,01-Non intersection,02-Thru lane,03-Snow,01-Daylight,MIDBLOCK,Wednesday,April,0,BIEHN DR,1,BULB,LOCAL,10.0,26.0,PAVED,FromTo,PAVED,6,50,NO ACCESS,N,1987.0,56.153551917707006
BIEHN DR,01-Non intersection,02-Thru lane,03-Snow,01-Daylight,MIDBLOCK,Wednesday,April,0,BIEHN DR,2,ROAD,MINOR,9.0,26.0,PAVED,TwoWay,PAVED,3,50,NO ACCESS,Y,1850.0,302.90241844597
BIEHN DR,01-Non intersection,02-Thru lane,03-Snow,01-Daylight,MIDBLOCK,Wednesday,April,0,BIEHN DR,2,ROAD,MINOR,10.0,26.0,PAVED,TwoWay,PAVED,3,50,NO ACCESS,Y,1987.0,269.174735462423
BIEHN DR,01-Non intersection,02-Thru lane,03-Snow,01-Daylight,MIDBLOCK,Wednesday,April,0,BIEHN DR,2,ROAD,MINOR,9.0,26.0,PAVED,TwoWay,PAVED,3,50,NO ACCESS,Y,1988.0,161.111857414836
BIEHN DR,01-Non intersection,02-Thru lane,03-Snow,01-Daylight,MIDBLOCK,Wednesday,April,0,BIEHN DR,2,ROAD,LOCAL,9.0,26.0,PAVED,TwoWay,PAVED,3,50,NO ACCESS,Y,1987.0,80.2391617735305
BIEHN DR,01-Non intersection,02-Thru lane,03-Snow,01-Daylight,MIDBLOCK,Wednesday,April,0,BIEHN DR,2,ROAD,LOCAL,10.0,26.0,PAVED,TwoWay,PAVED,3,50,NO ACCESS,Y,1987.0,128.026463512384
BIEHN DR,01-Non intersection,02-Thru lane,03-Snow,01-Daylight,MIDBLOCK,Wednesday,April,0,BIEHN DR,2,ROAD,MINOR,9.0,26.0,PAVED,TwoWay,PAVED,3,50,NO ACCESS,Y,1982.0,102.223902189906
BIEHN DR,04-At/near private drive,09-Right shoulder,01-Clear,01-Daylight,MIDBLOCK,Thursday,May,0,BIEHN DR,2,ROAD,LOCAL,10.0,26.0,PAVED,TwoWay,PAVED,3,50,NO ACCESS,Y,1987.0,76.54999185212421
BIEHN DR,04-At/near private drive,09-Right shoulder,01-Clear,01-Daylight,MIDBLOCK,Thursday,May,0,BIEHN DR,2,ROAD,MINOR,9.0,26.0,PAVED,TwoWay,PAVED,3,50,NO ACCESS,Y,1986.0,60.9015173378797
BIEHN DR,04-At/near private drive,09-Right shoulder,01-Clear,01-Daylight,MIDBLOCK,Thursday,May,0,BIEHN DR,2,ROAD,MINOR,10.0,26.0,PAVED,TwoWay,PAVED,3,50,NO ACCESS,Y,1987.0,53.9133854415799
BIEHN DR,04-At/near private drive,09-Right shoulder,01-Clear,01-Daylight,MIDBLOCK,Thursday,May,0,BIEHN DR,2,ROAD,MINOR,9.0,26.0,PAVED,TwoWay,PAVED,3,50,NO ACCESS,Y,1985.0,153.04373083225
BIEHN DR,04-At/near private drive,09-Right shoulder,01-Clear,01-Daylight,MIDBLOCK,Thursday,May,0,BIEHN DR,2,ROAD,MINOR,10.0,20.0,PAVED,TwoWay,PAVED,3,50,NO ACCESS,Y,1987.0,86.43417216177241
BIEHN DR,04-At/near private drive,09-Right shoulder,01-Clear,01-Daylight,MIDBLOCK,Thursday,May,0,BIEHN DR,1,BULB,LOCAL,10.0,26.0,PAVED,FromTo,PAVED,6,50,NO ACCESS,N,1987.0,56.153551917707006
BIEHN DR,04-At/near private drive,09-Right shoulder,01-Clear,01-Daylight,MIDBLOCK,Thursday,May,0,BIEHN DR,2,ROAD,MINOR,9.0,26.0,PAVED,TwoWay,PAVED,3,50,NO ACCESS,Y,1850.0,302.90241844597
BIEHN DR,04-At/near private drive,09-Right shoulder,01-Clear,01-Daylight,MIDBLOCK,Thursday,May,0,BIEHN DR,2,ROAD,MINOR,10.0,26.0,PAVED,TwoWay,PAVED,3,50,NO ACCESS,Y,1987.0,269.174735462423
BIEHN DR,04-At/near private drive,09-Right shoulder,01-Clear,01-Daylight,MIDBLOCK,Thursday,May,0,BIEHN DR,2,ROAD,MINOR,9.0,26.0,PAVED,TwoWay,PAVED,3,50,NO ACCESS,Y,1988.0,161.111857414836
BIEHN DR,04-At/near private drive,09-Right shoulder,01-Clear,01-Daylight,MIDBLOCK,Thursday,May,0,BIEHN DR,2,ROAD,LOCAL,9.0,26.0,PAVED,TwoWay,PAVED,3,50,NO ACCESS,Y,1987.0,80.2391617735305
BIEHN DR,04-At/near private drive,09-Right shoulder,01-Clear,01-Daylight,MIDBLOCK,Thursday,May,0,BIEHN DR,2,ROAD,LOCAL,10.0,26.0,PAVED,TwoWay,PAVED,3,50,NO ACCESS,Y,1987.0,128.026463512384
BIEHN DR,04-At/near private drive,09-Right shoulder,01-Clear,01-Daylight,MIDBLOCK,Thursday,May,0,BIEHN DR,2,ROAD,MINOR,9.0,26.0,PAVED,TwoWay,PAVED,3,50,NO ACCESS,Y,1982.0,102.223902189906
BIEHN DR,01-Non intersection,02-Thru lane,01-Clear,07-Dark,MIDBLOCK,Thursday,December,0,BIEHN DR,2,ROAD,LOCAL,10.0,26.0,PAVED,TwoWay,PAVED,3,50,NO ACCESS,Y,1987.0,76.54999185212421
BIEHN DR,01-Non intersection,02-Thru lane,01-Clear,07-Dark,MIDBLOCK,Thursday,December,0,BIEHN DR,2,ROAD,MINOR,9.0,26.0,PAVED,TwoWay,PAVED,3,50,NO ACCESS,Y,1986.0,60.9015173378797
BIEHN DR,01-Non intersection,02-Thru lane,01-Clear,07-Dark,MIDBLOCK,Thursday,December,0,BIEHN DR,2,ROAD,MINOR,10.0,26.0,PAVED,TwoWay,PAVED,3,50,NO ACCESS,Y,1987.0,53.9133854415799
BIEHN DR,01-Non intersection,02-Thru lane,01-Clear,07-Dark,MIDBLOCK,Thursday,December,0,BIEHN DR,2,ROAD,MINOR,9.0,26.0,PAVED,TwoWay,PAVED,3,50,NO ACCESS,Y,1985.0,153.04373083225
BIEHN DR,01-Non intersection,02-Thru lane,01-Clear,07-Dark,MIDBLOCK,Thursday,December,0,BIEHN DR,2,ROAD,MINOR,10.0,20.0,PAVED,TwoWay,PAVED,3,50,NO ACCESS,Y,1987.0,86.43417216177241
BIEHN DR,01-Non intersection,02-Thru lane,01-Clear,07-Dark,MIDBLOCK,Thursday,December,0,BIEHN DR,1,BULB,LOCAL,10.0,26.0,PAVED,FromTo,PAVED,6,50,NO ACCESS,N,1987.0,56.153551917707006
BIEHN DR,01-Non intersection,02-Thru lane,01-Clear,07-Dark,MIDBLOCK,Thursday,December,0,BIEHN DR,2,ROAD,MINOR,9.0,26.0,PAVED,TwoWay,PAVED,3,50,NO ACCESS,Y,1850.0,302.90241844597
BIEHN DR,01-Non intersection,02-Thru lane,01-Clear,07-Dark,MIDBLOCK,Thursday,December,0,BIEHN DR,2,ROAD,MINOR,10.0,26.0,PAVED,TwoWay,PAVED,3,50,NO ACCESS,Y,1987.0,269.174735462423
BIEHN DR,01-Non intersection,02-Thru lane,01-Clear,07-Dark,MIDBLOCK,Thursday,December,0,BIEHN DR,2,ROAD,MINOR,9.0,26.0,PAVED,TwoWay,PAVED,3,50,NO ACCESS,Y,1988.0,161.111857414836
BIEHN DR,01-Non intersection,02-Thru lane,01-Clear,07-Dark,MIDBLOCK,Thursday,December,0,BIEHN DR,2,ROAD,LOCAL,9.0,26.0,PAVED,TwoWay,PAVED,3,50,NO ACCESS,Y,1987.0,80.2391617735305
BIEHN DR,01-Non intersection,02-Thru lane,01-Clear,07-Dark,MIDBLOCK,Thursday,December,0,BIEHN DR,2,ROAD,LOCAL,10.0,26.0,PAVED,TwoWay,PAVED,3,50,NO ACCESS,Y,1987.0,128.026463512384
BIEHN DR,01-Non intersection,02-Thru lane,01-Clear,07-Dark,MIDBLOCK,Thursday,December,0,BIEHN DR,2,ROAD,MINOR,9.0,26.0,PAVED,TwoWay,PAVED,3,50,NO ACCESS,Y,1982.0,102.223902189906
BIEHN DR,01-Non intersection,08-Left shoulder,01-Clear,07-Dark,MIDBLOCK,Thursday,December,0,BIEHN DR,2,ROAD,LOCAL,10.0,26.0,PAVED,TwoWay,PAVED,3,50,NO ACCESS,Y,1987.0,76.54999185212421
BIEHN DR,01-Non intersection,08-Left shoulder,01-Clear,07-Dark,MIDBLOCK,Thursday,December,0,BIEHN DR,2,ROAD,MINOR,9.0,26.0,PAVED,TwoWay,PAVED,3,50,NO ACCESS,Y,1986.0,60.9015173378797
BIEHN DR,01-Non intersection,08-Left shoulder,01-Clear,07-Dark,MIDBLOCK,Thursday,December,0,BIEHN DR,2,ROAD,MINOR,10.0,26.0,PAVED,TwoWay,PAVED,3,50,NO ACCESS,Y,1987.0,53.9133854415799
BIEHN DR,01-Non intersection,08-Left shoulder,01-Clear,07-Dark,MIDBLOCK,Thursday,December,0,BIEHN DR,2,ROAD,MINOR,9.0,26.0,PAVED,TwoWay,PAVED,3,50,NO ACCESS,Y,1985.0,153.04373083225
BIEHN DR,01-Non intersection,08-Left shoulder,01-Clear,07-Dark,MIDBLOCK,Thursday,December,0,BIEHN DR,2,ROAD,MINOR,10.0,20.0,PAVED,TwoWay,PAVED,3,50,NO ACCESS,Y,1987.0,86.43417216177241
BIEHN DR,01-Non intersection,08-Left shoulder,01-Clear,07-Dark,MIDBLOCK,Thursday,December,0,BIEHN DR,1,BULB,LOCAL,10.0,26.0,PAVED,FromTo,PAVED,6,50,NO ACCESS,N,1987.0,56.153551917707006
BIEHN DR,01-Non intersection,08-Left shoulder,01-Clear,07-Dark,MIDBLOCK,Thursday,December,0,BIEHN DR,2,ROAD,MINOR,9.0,26.0,PAVED,TwoWay,PAVED,3,50,NO ACCESS,Y,1850.0,302.90241844597
BIEHN DR,01-Non intersection,08-Left shoulder,01-Clear,07-Dark,MIDBLOCK,Thursday,December,0,BIEHN DR,2,ROAD,MINOR,10.0,26.0,PAVED,TwoWay,PAVED,3,50,NO ACCESS,Y,1987.0,269.174735462423
BIEHN DR,01-Non intersection,08-Left shoulder,01-Clear,07-Dark,MIDBLOCK,Thursday,December,0,BIEHN DR,2,ROAD,MINOR,9.0,26.0,PAVED,TwoWay,PAVED,3,50,NO ACCESS,Y,1988.0,161.111857414836
BIEHN DR,01-Non intersection,08-Left shoulder,01-Clear,07-Dark,MIDBLOCK,Thursday,December,0,BIEHN DR,2,ROAD,LOCAL,9.0,26.0,PAVED,TwoWay,PAVED,3,50,NO ACCESS,Y,1987.0,80.2391617735305
BIEHN DR,01-Non intersection,08-Left shoulder,01-Clear,07-Dark,MIDBLOCK,Thursday,December,0,BIEHN DR,2,ROAD,LOCAL,10.0,26.0,PAVED,TwoWay,PAVED,3,50,NO ACCESS,Y,1987.0,128.026463512384
BIEHN DR,01-Non intersection,08-Left shoulder,01-Clear,07-Dark,MIDBLOCK,Thursday,December,0,BIEHN DR,2,ROAD,MINOR,9.0,26.0,PAVED,TwoWay,PAVED,3,50,NO ACCESS,Y,1982.0,102.223902189906
CRESCENT ST,04-At/near private drive,02-Thru lane,01-Clear,07-Dark,MIDBLOCK,Sunday,August,1,CRESCENT ST,2,ROAD,LOCAL,10.0,24.0,PAVED,TwoWay,PAVED,6,50,NO ACCESS,N,1913.0,92.3233376458547
CRESCENT ST,04-At/near private drive,02-Thru lane,01-Clear,07-Dark,MIDBLOCK,Sunday,August,1,CRESCENT ST,2,ROAD,LOCAL,7.0,15.0,PAVED,TwoWay,PAVED,6,50,NO ACCESS,N,1913.0,106.021551748168
CRESCENT ST,04-At/near private drive,02-Thru lane,01-Clear,07-Dark,MIDBLOCK,Sunday,August,1,CRESCENT ST,2,ROAD,LOCAL,13.0,18.0,PAVED,TwoWay,PAVED,6,50,NO ACCESS,N,1924.0,34.7006183996606
CARTIER DR,04-At/near private drive,02-Thru lane,04-Freezing Rain,"04-Dawn, artificial",MIDBLOCK,Tuesday,March,0,CARTIER DR,2,ROAD,LOCAL,9.0,20.0,PAVED,TwoWay,PAVED,6,50,NO ACCESS,N,1968.0,85.4197233512112
CARTIER DR,04-At/near private drive,02-Thru lane,04-Freezing Rain,"04-Dawn, artificial",MIDBLOCK,Tuesday,March,0,CARTIER DR,2,ROAD,LOCAL,9.0,20.0,PAVED,TwoWay,PAVED,6,50,NO ACCESS,N,1992.0,194.93030646328
CARTIER DR,04-At/near private drive,02-Thru lane,04-Freezing Rain,"04-Dawn, artificial",MIDBLOCK,Tuesday,March,0,CARTIER DR,2,ROAD,LOCAL,9.0,20.0,PAVED,TwoWay,PAVED,6,50,NO ACCESS,N,1968.0,76.2444984460893
CARTIER DR,04-At/near private drive,02-Thru lane,01-Clear,01-Daylight,MIDBLOCK,Saturday,January,1,CARTIER DR,2,ROAD,LOCAL,9.0,20.0,PAVED,TwoWay,PAVED,6,50,NO ACCESS,N,1968.0,85.4197233512112
CARTIER DR,04-At/near private drive,02-Thru lane,01-Clear,01-Daylight,MIDBLOCK,Saturday,January,1,CARTIER DR,2,ROAD,LOCAL,9.0,20.0,PAVED,TwoWay,PAVED,6,50,NO ACCESS,N,1992.0,194.93030646328
CARTIER DR,04-At/near private drive,02-Thru lane,01-Clear,01-Daylight,MIDBLOCK,Saturday,January,1,CARTIER DR,2,ROAD,LOCAL,9.0,20.0,PAVED,TwoWay,PAVED,6,50,NO ACCESS,N,1968.0,76.2444984460893
CARTIER DR,04-At/near private drive,02-Thru lane,01-Clear,01-Daylight,MIDBLOCK,Sunday,February,1,CARTIER DR,2,ROAD,LOCAL,9.0,20.0,PAVED,TwoWay,PAVED,6,50,NO ACCESS,N,1968.0,85.4197233512112
CARTIER DR,04-At/near private drive,02-Thru lane,01-Clear,01-Daylight,MIDBLOCK,Sunday,February,1,CARTIER DR,2,ROAD,LOCAL,9.0,20.0,PAVED,TwoWay,PAVED,6,50,NO ACCESS,N,1992.0,194.93030646328
CARTIER DR,04-At/near private drive,02-Thru lane,01-Clear,01-Daylight,MIDBLOCK,Sunday,February,1,CARTIER DR,2,ROAD,LOCAL,9.0,20.0,PAVED,TwoWay,PAVED,6,50,NO ACCESS,N,1968.0,76.2444984460893
APPALACHIAN CRES,04-At/near private drive,02-Thru lane,01-Clear,01-Daylight,MIDBLOCK,Sunday,March,1,APPALACHIAN CRES,2,ROAD,LOCAL,9.0,20.0,PAVED,TwoWay,PAVED,6,50,NO ACCESS,N,1968.0,653.011642044618
APPALACHIAN CRES,04-At/near private drive,02-Thru lane,01-Clear,"08-Dark, artificial",MIDBLOCK,Saturday,October,1,APPALACHIAN CRES,2,ROAD,LOCAL,9.0,20.0,PAVED,TwoWay,PAVED,6,50,NO ACCESS,N,1968.0,653.011642044618
APPALACHIAN CRES,01-Non intersection,02-Thru lane,01-Clear,01-Daylight,MIDBLOCK,Friday,August,0,APPALACHIAN CRES,2,ROAD,LOCAL,9.0,20.0,PAVED,TwoWay,PAVED,6,50,NO ACCESS,N,1968.0,653.011642044618
APPALACHIAN CRES,04-At/near private drive,02-Thru lane,01-Clear,01-Daylight,MIDBLOCK,Monday,May,0,APPALACHIAN CRES,2,ROAD,LOCAL,9.0,20.0,PAVED,TwoWay,PAVED,6,50,NO ACCESS,N,1968.0,653.011642044618
APPALACHIAN CRES,04-At/near private drive,09-Right shoulder,01-Clear,"08-Dark, artificial",MIDBLOCK,Wednesday,January,0,APPALACHIAN CRES,2,ROAD,LOCAL,9.0,20.0,PAVED,TwoWay,PAVED,6,50,NO ACCESS,N,1968.0,653.011642044618
APPALACHIAN CRES,04-At/near private drive,02-Thru lane,01-Clear,01-Daylight,MIDBLOCK,Saturday,February,1,APPALACHIAN CRES,2,ROAD,LOCAL,9.0,20.0,PAVED,TwoWay,PAVED,6,50,NO ACCESS,N,1968.0,653.011642044618
APPALACHIAN CRES,04-At/near private drive,02-Thru lane,01-Clear,01-Daylight,MIDBLOCK,Sunday,June,1,APPALACHIAN CRES,2,ROAD,LOCAL,9.0,20.0,PAVED,TwoWay,PAVED,6,50,NO ACCESS,N,1968.0,653.011642044618
CARWOOD AVE,04-At/near private drive,02-Thru lane,01-Clear,01-Daylight,MIDBLOCK,Friday,April,0,CARWOOD AVE,2,ROAD,MINOR,9.0,20.0,PAVED,TwoWay,PAVED,4,50,NO ACCESS,N,2004.0,202.83274491464002
CARWOOD AVE,04-At/near private drive,02-Thru lane,01-Clear,01-Daylight,MIDBLOCK,Friday,April,0,CARWOOD AVE,2,ROAD,MINOR,10.0,20.0,PAVED,TwoWay,PAVED,4,50,NO ACCESS,N,1962.0,255.226895209631
CARWOOD AVE,04-At/near private drive,02-Thru lane,01-Clear,01-Daylight,MIDBLOCK,Friday,April,0,CARWOOD AVE,2,ROAD,MINOR,9.0,20.0,PAVED,TwoWay,PAVED,4,50,NO ACCESS,N,2004.0,97.0144085842019
CARWOOD AVE,04-At/near private drive,02-Thru lane,01-Clear,01-Daylight,MIDBLOCK,Friday,April,0,CARWOOD AVE,2,ROAD,LOCAL,9.0,20.0,PAVED,TwoWay,PAVED,6,50,NO ACCESS,N,2004.0,40.3619127919799
CARWOOD AVE,04-At/near private drive,02-Thru lane,01-Clear,01-Daylight,MIDBLOCK,Friday,April,0,CARWOOD AVE,1,BULB,LOCAL,11.0,20.0,PAVED,FromTo,PAVED,6,50,NO ACCESS,N,2004.0,55.5699830440381
CARWOOD AVE,04-At/near private drive,02-Thru lane,01-Clear,01-Daylight,MIDBLOCK,Friday,April,0,CARWOOD AVE,2,ROAD,LOCAL,9.0,20.0,PAVED,TwoWay,PAVED,6,50,NO ACCESS,N,2004.0,165.579063408866
CARWOOD AVE,04-At/near private drive,02-Thru lane,01-Clear,01-Daylight,MIDBLOCK,Friday,April,0,CARWOOD AVE,2,ROAD,LOCAL,9.0,20.0,PAVED,TwoWay,PAVED,6,50,NO ACCESS,N,1959.0,113.394726096849
CARWOOD AVE,04-At/near private drive,02-Thru lane,01-Clear,01-Daylight,MIDBLOCK,Wednesday,March,0,CARWOOD AVE,2,ROAD,MINOR,9.0,20.0,PAVED,TwoWay,PAVED,4,50,NO ACCESS,N,2004.0,202.83274491464002
CARWOOD AVE,04-At/near private drive,02-Thru lane,01-Clear,01-Daylight,MIDBLOCK,Wednesday,March,0,CARWOOD AVE,2,ROAD,MINOR,10.0,20.0,PAVED,TwoWay,PAVED,4,50,NO ACCESS,N,1962.0,255.226895209631
CARWOOD AVE,04-At/near private drive,02-Thru lane,01-Clear,01-Daylight,MIDBLOCK,Wednesday,March,0,CARWOOD AVE,2,ROAD,MINOR,9.0,20.0,PAVED,TwoWay,PAVED,4,50,NO ACCESS,N,2004.0,97.0144085842019
CARWOOD AVE,04-At/near private drive,02-Thru lane,01-Clear,01-Daylight,MIDBLOCK,Wednesday,March,0,CARWOOD AVE,2,ROAD,LOCAL,9.0,20.0,PAVED,TwoWay,PAVED,6,50,NO ACCESS,N,2004.0,40.3619127919799
CARWOOD AVE,04-At/near private drive,02-Thru lane,01-Clear,01-Daylight,MIDBLOCK,Wednesday,March,0,CARWOOD AVE,1,BULB,LOCAL,11.0,20.0,PAVED,FromTo,PAVED,6,50,NO ACCESS,N,2004.0,55.5699830440381
CARWOOD AVE,04-At/near private drive,02-Thru lane,01-Clear,01-Daylight,MIDBLOCK,Wednesday,March,0,CARWOOD AVE,2,ROAD,LOCAL,9.0,20.0,PAVED,TwoWay,PAVED,6,50,NO ACCESS,N,2004.0,165.579063408866
CARWOOD AVE,04-At/near private drive,02-Thru lane,01-Clear,01-Daylight,MIDBLOCK,Wednesday,March,0,CARWOOD AVE,2,ROAD,LOCAL,9.0,20.0,PAVED,TwoWay,PAVED,6,50,NO ACCESS,N,1959.0,113.394726096849
CARWOOD AVE,04-At/near private drive,09-Right shoulder,01-Clear,01-Daylight,MIDBLOCK,Saturday,September,1,CARWOOD AVE,2,ROAD,MINOR,9.0,20.0,PAVED,TwoWay,PAVED,4,50,NO ACCESS,N,2004.0,202.83274491464002
CARWOOD AVE,04-At/near private drive,09-Right shoulder,01-Clear,01-Daylight,MIDBLOCK,Saturday,September,1,CARWOOD AVE,2,ROAD,MINOR,10.0,20.0,PAVED,TwoWay,PAVED,4,50,NO ACCESS,N,1962.0,255.226895209631
CARWOOD AVE,04-At/near private drive,09-Right shoulder,01-Clear,01-Daylight,MIDBLOCK,Saturday,September,1,CARWOOD AVE,2,ROAD,MINOR,9.0,20.0,PAVED,TwoWay,PAVED,4,50,NO ACCESS,N,2004.0,97.0144085842019
CARWOOD AVE,04-At/near private drive,09-Right shoulder,01-Clear,01-Daylight,MIDBLOCK,Saturday,September,1,CARWOOD AVE,2,ROAD,LOCAL,9.0,20.0,PAVED,TwoWay,PAVED,6,50,NO ACCESS,N,2004.0,40.3619127919799
CARWOOD AVE,04-At/near private drive,09-Right shoulder,01-Clear,01-Daylight,MIDBLOCK,Saturday,September,1,CARWOOD AVE,1,BULB,LOCAL,11.0,20.0,PAVED,FromTo,PAVED,6,50,NO ACCESS,N,2004.0,55.5699830440381
CARWOOD AVE,04-At/near private drive,09-Right shoulder,01-Clear,01-Daylight,MIDBLOCK,Saturday,September,1,CARWOOD AVE,2,ROAD,LOCAL,9.0,20.0,PAVED,TwoWay,PAVED,6,50,NO ACCESS,N,2004.0,165.579063408866
CARWOOD AVE,04-At/near private drive,09-Right shoulder,01-Clear,01-Daylight,MIDBLOCK,Saturday,September,1,CARWOOD AVE,2,ROAD,LOCAL,9.0,20.0,PAVED,TwoWay,PAVED,6,50,NO ACCESS,N,1959.0,113.394726096849
CARWOOD AVE,99-Other,12-Off highway,01-Clear,05-Dusk,MIDBLOCK,Tuesday,November,0,CARWOOD AVE,2,ROAD,MINOR,9.0,20.0,PAVED,TwoWay,PAVED,4,50,NO ACCESS,N,2004.0,202.83274491464002
CARWOOD AVE,99-Other,12-Off highway,01-Clear,05-Dusk,MIDBLOCK,Tuesday,November,0,CARWOOD AVE,2,ROAD,MINOR,10.0,20.0,PAVED,TwoWay,PAVED,4,50,NO ACCESS,N,1962.0,255.226895209631
CARWOOD AVE,99-Other,12-Off highway,01-Clear,05-Dusk,MIDBLOCK,Tuesday,November,0,CARWOOD AVE,2,ROAD,MINOR,9.0,20.0,PAVED,TwoWay,PAVED,4,50,NO ACCESS,N,2004.0,97.0144085842019
CARWOOD AVE,99-Other,12-Off highway,01-Clear,05-Dusk,MIDBLOCK,Tuesday,November,0,CARWOOD AVE,2,ROAD,LOCAL,9.0,20.0,PAVED,TwoWay,PAVED,6,50,NO ACCESS,N,2004.0,40.3619127919799
CARWOOD AVE,99-Other,12-Off highway,01-Clear,05-Dusk,MIDBLOCK,Tuesday,November,0,CARWOOD AVE,1,BULB,LOCAL,11.0,20.0,PAVED,FromTo,PAVED,6,50,NO ACCESS,N,2004.0,55.5699830440381
CARWOOD AVE,99-Other,12-Off highway,01-Clear,05-Dusk,MIDBLOCK,Tuesday,November,0,CARWOOD AVE,2,ROAD,LOCAL,9.0,20.0,PAVED,TwoWay,PAVED,6,50,NO ACCESS,N,2004.0,165.579063408866
CARWOOD AVE,99-Other,12-Off highway,01-Clear,05-Dusk,MIDBLOCK,Tuesday,November,0,CARWOOD AVE,2,ROAD,LOCAL,9.0,20.0,PAVED,TwoWay,PAVED,6,50,NO ACCESS,N,1959.0,113.394726096849
CARWOOD AVE,01-Non intersection,11-Not on roadway - right side,01-Clear,"08-Dark, artificial",MIDBLOCK,Wednesday,May,0,CARWOOD AVE,2,ROAD,MINOR,9.0,20.0,PAVED,TwoWay,PAVED,4,50,NO ACCESS,N,2004.0,202.83274491464002
CARWOOD AVE,01-Non intersection,11-Not on roadway - right side,01-Clear,"08-Dark, artificial",MIDBLOCK,Wednesday,May,0,CARWOOD AVE,2,ROAD,MINOR,10.0,20.0,PAVED,TwoWay,PAVED,4,50,NO ACCESS,N,1962.0,255.226895209631
CARWOOD AVE,01-Non intersection,11-Not on roadway - right side,01-Clear,"08-Dark, artificial",MIDBLOCK,Wednesday,May,0,CARWOOD AVE,2,ROAD,MINOR,9.0,20.0,PAVED,TwoWay,PAVED,4,50,NO ACCESS,N,2004.0,97.0144085842019
CARWOOD AVE,01-Non intersection,11-Not on roadway - right side,01-Clear,"08-Dark, artificial",MIDBLOCK,Wednesday,May,0,CARWOOD AVE,2,ROAD,LOCAL,9.0,20.0,PAVED,TwoWay,PAVED,6,50,NO ACCESS,N,2004.0,40.3619127919799
CARWOOD AVE,01-Non intersection,11-Not on roadway - right side,01-Clear,"08-Dark, artificial",MIDBLOCK,Wednesday,May,0,CARWOOD AVE,1,BULB,LOCAL,11.0,20.0,PAVED,FromTo,PAVED,6,50,NO ACCESS,N,2004.0,55.5699830440381
CARWOOD AVE,01-Non intersection,11-Not on roadway - right side,01-Clear,"08-Dark, artificial",MIDBLOCK,Wednesday,May,0,CARWOOD AVE,2,ROAD,LOCAL,9.0,20.0,PAVED,TwoWay,PAVED,6,50,NO ACCESS,N,2004.0,165.579063408866
CARWOOD AVE,01-Non intersection,11-Not on roadway - right side,01-Clear,"08-Dark, artificial",MIDBLOCK,Wednesday,May,0,CARWOOD AVE,2,ROAD,LOCAL,9.0,20.0,PAVED,TwoWay,PAVED,6,50,NO ACCESS,N,1959.0,113.394726096849
CARWOOD AVE,01-Non intersection,02-Thru lane,01-Clear,07-Dark,MIDBLOCK,Sunday,May,1,CARWOOD AVE,2,ROAD,MINOR,9.0,20.0,PAVED,TwoWay,PAVED,4,50,NO ACCESS,N,2004.0,202.83274491464002
CARWOOD AVE,01-Non intersection,02-Thru lane,01-Clear,07-Dark,MIDBLOCK,Sunday,May,1,CARWOOD AVE,2,ROAD,MINOR,10.0,20.0,PAVED,TwoWay,PAVED,4,50,NO ACCESS,N,1962.0,255.226895209631
CARWOOD AVE,01-Non intersection,02-Thru lane,01-Clear,07-Dark,MIDBLOCK,Sunday,May,1,CARWOOD AVE,2,ROAD,MINOR,9.0,20.0,PAVED,TwoWay,PAVED,4,50,NO ACCESS,N,2004.0,97.0144085842019
CARWOOD AVE,01-Non intersection,02-Thru lane,01-Clear,07-Dark,MIDBLOCK,Sunday,May,1,CARWOOD AVE,2,ROAD,LOCAL,9.0,20.0,PAVED,TwoWay,PAVED,6,50,NO ACCESS,N,2004.0,40.3619127919799
CARWOOD AVE,01-Non intersection,02-Thru lane,01-Clear,07-Dark,MIDBLOCK,Sunday,May,1,CARWOOD AVE,1,BULB,LOCAL,11.0,20.0,PAVED,FromTo,PAVED,6,50,NO ACCESS,N,2004.0,55.5699830440381
CARWOOD AVE,01-Non intersection,02-Thru lane,01-Clear,07-Dark,MIDBLOCK,Sunday,May,1,CARWOOD AVE,2,ROAD,LOCAL,9.0,20.0,PAVED,TwoWay,PAVED,6,50,NO ACCESS,N,2004.0,165.579063408866
CARWOOD AVE,01-Non intersection,02-Thru lane,01-Clear,07-Dark,MIDBLOCK,Sunday,May,1,CARWOOD AVE,2,ROAD,LOCAL,9.0,20.0,PAVED,TwoWay,PAVED,6,50,NO ACCESS,N,1959.0,113.394726096849
CARWOOD AVE,01-Non intersection,08-Left shoulder,03-Snow,07-Dark,MIDBLOCK,Sunday,December,1,CARWOOD AVE,2,ROAD,MINOR,9.0,20.0,PAVED,TwoWay,PAVED,4,50,NO ACCESS,N,2004.0,202.83274491464002