LOCATION,ACCIDENT_LOCATION,IMPACT_LOCATION,ENVIRONMENT_CONDITION,LIGHT,COLLISION_TYPE,DAY_OF_WEEK,MONTH,IS_WEEKEND,STREET,LANES,CATEGORY,SUBCATEGORY,PAVEMENT_WIDTH,ROW_WIDTH,SHOULDER,FLOW_DIRECTION,SURFACE_LAYER_TYPE,OFFICIAL_ROAD_CLASSIFICATION,SPEED_LIMIT_KM,TRUCK_ACCESS,BUS_ROUTE,SERVICE_YEAR,Shape__Length
CARWOOD AVE,01-Non intersection,08-Left shoulder,03-Snow,07-Dark,MIDBLOCK,Sunday,December,1,CARWOOD AVE,2,ROAD,MINOR,10.0,20.0,PAVED,TwoWay,PAVED,4,50,NO ACCESS,N,1962.0,255.226895209631
CARWOOD AVE,01-Non intersection,08-Left shoulder,03-Snow,07-Dark,MIDBLOCK,Sunday,December,1,CARWOOD AVE,2,ROAD,MINOR,9.0,20.0,PAVED,TwoWay,PAVED,4,50,NO ACCESS,N,2004.0,97.0144085842019
CARWOOD AVE,01-Non intersection,08-Left shoulder,03-Snow,07-Dark,MIDBLOCK,Sunday,December,1,CARWOOD AVE,2,ROAD,LOCAL,9.0,20.0,PAVED,TwoWay,PAVED,6,50,NO ACCESS,N,2004.0,40.3619127919799
CARWOOD AVE,01-Non intersection,08-Left shoulder,03-Snow,07-Dark,MIDBLOCK,Sunday,December,1,CARWOOD AVE,1,BULB,LOCAL,11.0,20.0,PAVED,FromTo,PAVED,6,50,NO ACCESS,N,2004.0,55.5699830440381
CARWOOD AVE,01-Non intersection,08-Left shoulder,03-Snow,07-Dark,MIDBLOCK,Sunday,December,1,CARWOOD AVE,2,ROAD,LOCAL,9.0,20.0,PAVED,TwoWay,PAVED,6,50,NO ACCESS,N,2004.0,165.579063408866
CARWOOD AVE,01-Non intersection,08-Left shoulder,03-Snow,07-Dark,MIDBLOCK,Sunday,December,1,CARWOOD AVE,2,ROAD,LOCAL,9.0,20.0,PAVED,TwoWay,PAVED,6,50,NO ACCESS,N,1959.0,113.394726096849
UPPER MERCER ST,01-Non intersection,02-Thru lane,01-Clear,01-Daylight,MIDBLOCK,Friday,October,0,UPPER MERCER ST,2,ROAD,LOCAL,6.0,16.0,PAVED,TwoWay,PAVED,6,50,NO ACCESS,N,2006.0,227.002133198369
UPPER MERCER ST,01-Non intersection,02-Thru lane,01-Clear,01-Daylight,MIDBLOCK,Friday,October,0,UPPER MERCER ST,2,ROAD,LOCAL,6.0,16.0,PAVED,TwoWay,PAVED,6,50,NO ACCESS,N,2006.0,323.466338992496
UPPER MERCER ST,04-At/near private drive,02-Thru lane,01-Clear,01-Daylight,MIDBLOCK,Sunday,March,1,UPPER MERCER ST,2,ROAD,LOCAL,6.0,16.0,PAVED,TwoWay,PAVED,6,50,NO ACCESS,N,2006.0,227.002133198369
UPPER MERCER ST,04-At/near private drive,02-Thru lane,01-Clear,01-Daylight,MIDBLOCK,Sunday,March,1,UPPER MERCER ST,2,ROAD,LOCAL,6.0,16.0,PAVED,TwoWay,PAVED,6,50,NO ACCESS,N,2006.0,323.466338992496
GUERIN AVE,04-At/near private drive,02-Thru lane,01-Clear,01-Daylight,MIDBLOCK,Sunday,October,1,GUERIN AVE,2,ROAD,LOCAL,9.0,20.0,PAVED,TwoWay,PAVED,6,50,NO ACCESS,N,1924.0,178.57474594548302
GUERIN AVE,04-At/near private drive,02-Thru lane,01-Clear,01-Daylight,MIDBLOCK,Sunday,October,1,GUERIN AVE,2,ROAD,LOCAL,9.0,20.0,PAVED,TwoWay,PAVED,6,50,NO ACCESS,N,1924.0,92.7657473437411
GUERIN AVE,04-At/near private drive,02-Thru lane,01-Clear,01-Daylight,MIDBLOCK,Wednesday,August,0,GUERIN AVE,2,ROAD,LOCAL,9.0,20.0,PAVED,TwoWay,PAVED,6,50,NO ACCESS,N,1924.0,178.57474594548302
GUERIN AVE,04-At/near private drive,02-Thru lane,01-Clear,01-Daylight,MIDBLOCK,Wednesday,August,0,GUERIN AVE,2,ROAD,LOCAL,9.0,20.0,PAVED,TwoWay,PAVED,6,50,NO ACCESS,N,1924.0,92.7657473437411
GUERIN AVE,99-Other,12-Off highway,01-Clear,01-Daylight,MIDBLOCK,Friday,April,0,GUERIN AVE,2,ROAD,LOCAL,9.0,20.0,PAVED,TwoWay,PAVED,6,50,NO ACCESS,N,1924.0,178.57474594548302
GUERIN AVE,99-Other,12-Off highway,01-Clear,01-Daylight,MIDBLOCK,Friday,April,0,GUERIN AVE,2,ROAD,LOCAL,9.0,20.0,PAVED,TwoWay,PAVED,6,50,NO ACCESS,N,1924.0,92.7657473437411
GUERIN AVE,04-At/near private drive,02-Thru lane,01-Clear,01-Daylight,MIDBLOCK,Tuesday,September,0,GUERIN AVE,2,ROAD,LOCAL,9.0,20.0,PAVED,TwoWay,PAVED,6,50,NO ACCESS,N,1924.0,178.57474594548302
GUERIN AVE,04-At/near private drive,02-Thru lane,01-Clear,01-Daylight,MIDBLOCK,Tuesday,September,0,GUERIN AVE,2,ROAD,LOCAL,9.0,20.0,PAVED,TwoWay,PAVED,6,50,NO ACCESS,N,1924.0,92.7657473437411
CARLYLE PL,04-At/near private drive,02-Thru lane,01-Clear,"08-Dark, artificial",MIDBLOCK,Thursday,July,0,CARLYLE PL,2,ROAD,LOCAL,9.0,20.0,PAVED,TwoWay,PAVED,6,50,NO ACCESS,N,1976.0,139.555365098306
CARLYLE PL,04-At/near private drive,02-Thru lane,01-Clear,"08-Dark, artificial",MIDBLOCK,Thursday,July,0,CARLYLE PL,1,BULB,LOCAL,9.0,20.0,PAVED,FromTo,PAVED,6,50,NO ACCESS,N,1976.0,79.0959550286192
MORRISON RD,01-Non intersection,10-Not on roadway - left side,01-Clear,01-Daylight,MIDBLOCK,Sunday,July,1,MORRISON RD,2,ROAD,MINOR,9.0,20.0,PAVED,TwoWay,PAVED,4,50,NO ACCESS,N,1979.0,535.512847031844
MORRISON RD,01-Non intersection,10-Not on roadway - left side,01-Clear,01-Daylight,MIDBLOCK,Sunday,July,1,MORRISON RD,2,ROAD,MINOR,9.0,20.0,PAVED,TwoWay,PAVED,4,50,NO ACCESS,Y,1978.0,178.458667005215
MORRISON RD,01-Non intersection,10-Not on roadway - left side,01-Clear,01-Daylight,MIDBLOCK,Sunday,July,1,MORRISON RD,2,ROAD,MINOR,9.0,20.0,PAVED,TwoWay,PAVED,4,50,NO ACCESS,Y,1957.0,443.973931125815
MORRISON RD,01-Non intersection,10-Not on roadway - left side,01-Clear,01-Daylight,MIDBLOCK,Sunday,July,1,MORRISON RD,2,ROAD,MINOR,9.0,20.0,PAVED,TwoWay,PAVED,4,50,NO ACCESS,Y,1978.0,137.504496171477
MORRISON RD,04-At/near private drive,02-Thru lane,02-Rain,07-Dark,MIDBLOCK,Saturday,November,1,MORRISON RD,2,ROAD,MINOR,9.0,20.0,PAVED,TwoWay,PAVED,4,50,NO ACCESS,N,1979.0,535.512847031844
MORRISON RD,04-At/near private drive,02-Thru lane,02-Rain,07-Dark,MIDBLOCK,Saturday,November,1,MORRISON RD,2,ROAD,MINOR,9.0,20.0,PAVED,TwoWay,PAVED,4,50,NO ACCESS,Y,1978.0,178.458667005215
MORRISON RD,04-At/near private drive,02-Thru lane,02-Rain,07-Dark,MIDBLOCK,Saturday,November,1,MORRISON RD,2,ROAD,MINOR,9.0,20.0,PAVED,TwoWay,PAVED,4,50,NO ACCESS,Y,1957.0,443.973931125815
MORRISON RD,04-At/near private drive,02-Thru lane,02-Rain,07-Dark,MIDBLOCK,Saturday,November,1,MORRISON RD,2,ROAD,MINOR,9.0,20.0,PAVED,TwoWay,PAVED,4,50,NO ACCESS,Y,1978.0,137.504496171477
MORRISON RD,04-At/near private drive,12-Off highway,01-Clear,01-Daylight,MIDBLOCK,Sunday,June,1,MORRISON RD,2,ROAD,MINOR,9.0,20.0,PAVED,TwoWay,PAVED,4,50,NO ACCESS,N,1979.0,535.512847031844
MORRISON RD,04-At/near private drive,12-Off highway,01-Clear,01-Daylight,MIDBLOCK,Sunday,June,1,MORRISON RD,2,ROAD,MINOR,9.0,20.0,PAVED,TwoWay,PAVED,4,50,NO ACCESS,Y,1978.0,178.458667005215
MORRISON RD,04-At/near private drive,12-Off highway,01-Clear,01-Daylight,MIDBLOCK,Sunday,June,1,MORRISON RD,2,ROAD,MINOR,9.0,20.0,PAVED,TwoWay,PAVED,4,50,NO ACCESS,Y,1957.0,443.973931125815
MORRISON RD,04-At/near private drive,12-Off highway,01-Clear,01-Daylight,MIDBLOCK,Sunday,June,1,MORRISON RD,2,ROAD,MINOR,9.0,20.0,PAVED,TwoWay,PAVED,4,50,NO ACCESS,Y,1978.0,137.504496171477
MORRISON RD,01-Non intersection,02-Thru lane,03-Snow,01-Daylight,MIDBLOCK,Sunday,January,1,MORRISON RD,2,ROAD,MINOR,9.0,20.0,PAVED,TwoWay,PAVED,4,50,NO ACCESS,N,1979.0,535.512847031844
MORRISON RD,01-Non intersection,02-Thru lane,03-Snow,01-Daylight,MIDBLOCK,Sunday,January,1,MORRISON RD,2,ROAD,MINOR,9.0,20.0,PAVED,TwoWay,PAVED,4,50,NO ACCESS,Y,1978.0,178.458667005215
MORRISON RD,01-Non intersection,02-Thru lane,03-Snow,01-Daylight,MIDBLOCK,Sunday,January,1,MORRISON RD,2,ROAD,MINOR,9.0,20.0,PAVED,TwoWay,PAVED,4,50,NO ACCESS,Y,1957.0,443.973931125815
MORRISON RD,01-Non intersection,02-Thru lane,03-Snow,01-Daylight,MIDBLOCK,Sunday,January,1,MORRISON RD,2,ROAD,MINOR,9.0,20.0,PAVED,TwoWay,PAVED,4,50,NO ACCESS,Y,1978.0,137.504496171477
MORRISON RD,04-At/near private drive,02-Thru lane,01-Clear,01-Daylight,MIDBLOCK,Sunday,June,1,MORRISON RD,2,ROAD,MINOR,9.0,20.0,PAVED,TwoWay,PAVED,4,50,NO ACCESS,N,1979.0,535.512847031844
MORRISON RD,04-At/near private drive,02-Thru lane,01-Clear,01-Daylight,MIDBLOCK,Sunday,June,1,MORRISON RD,2,ROAD,MINOR,9.0,20.0,PAVED,TwoWay,PAVED,4,50,NO ACCESS,Y,1978.0,178.458667005215
MORRISON RD,04-At/near private drive,02-Thru lane,01-Clear,01-Daylight,MIDBLOCK,Sunday,June,1,MORRISON RD,2,ROAD,MINOR,9.0,20.0,PAVED,TwoWay,PAVED,4,50,NO ACCESS,Y,1957.0,443.973931125815
MORRISON RD,04-At/near private drive,02-Thru lane,01-Clear,01-Daylight,MIDBLOCK,Sunday,June,1,MORRISON RD,2,ROAD,MINOR,9.0,20.0,PAVED,TwoWay,PAVED,4,50,NO ACCESS,Y,1978.0,137.504496171477
MORRISON RD,01-Non intersection,02-Thru lane,02-Rain,01-Daylight,MIDBLOCK,Friday,April,0,MORRISON RD,2,ROAD,MINOR,9.0,20.0,PAVED,TwoWay,PAVED,4,50,NO ACCESS,N,1979.0,535.512847031844
MORRISON RD,01-Non intersection,02-Thru lane,02-Rain,01-Daylight,MIDBLOCK,Friday,April,0,MORRISON RD,2,ROAD,MINOR,9.0,20.0,PAVED,TwoWay,PAVED,4,50,NO ACCESS,Y,1978.0,178.458667005215
MORRISON RD,01-Non intersection,02-Thru lane,02-Rain,01-Daylight,MIDBLOCK,Friday,April,0,MORRISON RD,2,ROAD,MINOR,9.0,20.0,PAVED,TwoWay,PAVED,4,50,NO ACCESS,Y,1957.0,443.973931125815
MORRISON RD,01-Non intersection,02-Thru lane,02-Rain,01-Daylight,MIDBLOCK,Friday,April,0,MORRISON RD,2,ROAD,MINOR,9.0,20.0,PAVED,TwoWay,PAVED,4,50,NO ACCESS,Y,1978.0,137.504496171477
MORRISON RD,04-At/near private drive,11-Not on roadway - right side,03-Snow,01-Daylight,MIDBLOCK,Saturday,January,1,MORRISON RD,2,ROAD,MINOR,9.0,20.0,PAVED,TwoWay,PAVED,4,50,NO ACCESS,N,1979.0,535.512847031844
MORRISON RD,04-At/near private drive,11-Not on roadway - right side,03-Snow,01-Daylight,MIDBLOCK,Saturday,January,1,MORRISON RD,2,ROAD,MINOR,9.0,20.0,PAVED,TwoWay,PAVED,4,50,NO ACCESS,Y,1978.0,178.458667005215
MORRISON RD,04-At/near private drive,11-Not on roadway - right side,03-Snow,01-Daylight,MIDBLOCK,Saturday,January,1,MORRISON RD,2,ROAD,MINOR,9.0,20.0,PAVED,TwoWay,PAVED,4,50,NO ACCESS,Y,1957.0,443.973931125815
MORRISON RD,04-At/near private drive,11-Not on roadway - right side,03-Snow,01-Daylight,MIDBLOCK,Saturday,January,1,MORRISON RD,2,ROAD,MINOR,9.0,20.0,PAVED,TwoWay,PAVED,4,50,NO ACCESS,Y,1978.0,137.504496171477
MORRISON RD,04-At/near private drive,02-Thru lane,01-Clear,01-Daylight,MIDBLOCK,Thursday,January,0,MORRISON RD,2,ROAD,MINOR,9.0,20.0,PAVED,TwoWay,PAVED,4,50,NO ACCESS,N,1979.0,535.512847031844
MORRISON RD,04-At/near private drive,02-Thru lane,01-Clear,01-Daylight,MIDBLOCK,Thursday,January,0,MORRISON RD,2,ROAD,MINOR,9.0,20.0,PAVED,TwoWay,PAVED,4,50,NO ACCESS,Y,1978.0,178.458667005215
MORRISON RD,04-At/near private drive,02-Thru lane,01-Clear,01-Daylight,MIDBLOCK,Thursday,January,0,MORRISON RD,2,ROAD,MINOR,9.0,20.0,PAVED,TwoWay,PAVED,4,50,NO ACCESS,Y,1957.0,443.973931125815
MORRISON RD,04-At/near private drive,02-Thru lane,01-Clear,01-Daylight,MIDBLOCK,Thursday,January,0,MORRISON RD,2,ROAD,MINOR,9.0,20.0,PAVED,TwoWay,PAVED,4,50,NO ACCESS,Y,1978.0,137.504496171477
MORRISON RD,04-At/near private drive,11-Not on roadway - right side,01-Clear,01-Daylight,MIDBLOCK,Tuesday,July,0,MORRISON RD,2,ROAD,MINOR,9.0,20.0,PAVED,TwoWay,PAVED,4,50,NO ACCESS,N,1979.0,535.512847031844
MORRISON RD,04-At/near private drive,11-Not on roadway - right side,01-Clear,01-Daylight,MIDBLOCK,Tuesday,July,0,MORRISON RD,2,ROAD,MINOR,9.0,20.0,PAVED,TwoWay,PAVED,4,50,NO ACCESS,Y,1978.0,178.458667005215
MORRISON RD,04-At/near private drive,11-Not on roadway - right side,01-Clear,01-Daylight,MIDBLOCK,Tuesday,July,0,MORRISON RD,2,ROAD,MINOR,9.0,20.0,PAVED,TwoWay,PAVED,4,50,NO ACCESS,Y,1957.0,443.973931125815
MORRISON RD,04-At/near private drive,11-Not on roadway - right side,01-Clear,01-Daylight,MIDBLOCK,Tuesday,July,0,MORRISON RD,2,ROAD,MINOR,9.0,20.0,PAVED,TwoWay,PAVED,4,50,NO ACCESS,Y,1978.0,137.504496171477
MORRISON RD,99-Other,99-Other,01-Clear,05-Dusk,MIDBLOCK,Friday,October,0,MORRISON RD,2,ROAD,MINOR,9.0,20.0,PAVED,TwoWay,PAVED,4,50,NO ACCESS,N,1979.0,535.512847031844
MORRISON RD,99-Other,99-Other,01-Clear,05-Dusk,MIDBLOCK,Friday,October,0,MORRISON RD,2,ROAD,MINOR,9.0,20.0,PAVED,TwoWay,PAVED,4,50,NO ACCESS,Y,1978.0,178.458667005215
MORRISON RD,99-Other,99-Other,01-Clear,05-Dusk,MIDBLOCK,Friday,October,0,MORRISON RD,2,ROAD,MINOR,9.0,20.0,PAVED,TwoWay,PAVED,4,50,NO ACCESS,Y,1957.0,443.973931125815
MORRISON RD,99-Other,99-Other,01-Clear,05-Dusk,MIDBLOCK,Friday,October,0,MORRISON RD,2,ROAD,MINOR,9.0,20.0,PAVED,TwoWay,PAVED,4,50,NO ACCESS,Y,1978.0,137.504496171477
MORRISON RD,01-Non intersection,08-Left shoulder,"07-Fog, mist, smoke, dust","08-Dark, artificial",MIDBLOCK,Monday,December,0,MORRISON RD,2,ROAD,MINOR,9.0,20.0,PAVED,TwoWay,PAVED,4,50,NO ACCESS,N,1979.0,535.512847031844
MORRISON RD,01-Non intersection,08-Left shoulder,"07-Fog, mist, smoke, dust","08-Dark, artificial",MIDBLOCK,Monday,December,0,MORRISON RD,2,ROAD,MINOR,9.0,20.0,PAVED,TwoWay,PAVED,4,50,NO ACCESS,Y,1978.0,178.458667005215
MORRISON RD,01-Non intersection,08-Left shoulder,"07-Fog, mist, smoke, dust","08-Dark, artificial",MIDBLOCK,Monday,December,0,MORRISON RD,2,ROAD,MINOR,9.0,20.0,PAVED,TwoWay,PAVED,4,50,NO ACCESS,Y,1957.0,443.973931125815
MORRISON RD,01-Non intersection,08-Left shoulder,"07-Fog, mist, smoke, dust","08-Dark, artificial",MIDBLOCK,Monday,December,0,MORRISON RD,2,ROAD,MINOR,9.0,20.0,PAVED,TwoWay,PAVED,4,50,NO ACCESS,Y,1978.0,137.504496171477
MORRISON RD,01-Non intersection,02-Thru lane,01-Clear,01-Daylight,MIDBLOCK,Tuesday,August,0,MORRISON RD,2,ROAD,MINOR,9.0,20.0,PAVED,TwoWay,PAVED,4,50,NO ACCESS,N,1979.0,535.512847031844
MORRISON RD,01-Non intersection,02-Thru lane,01-Clear,01-Daylight,MIDBLOCK,Tuesday,August,0,MORRISON RD,2,ROAD,MINOR,9.0,20.0,PAVED,TwoWay,PAVED,4,50,NO ACCESS,Y,1978.0,178.458667005215
MORRISON RD,01-Non intersection,02-Thru lane,01-Clear,01-Daylight,MIDBLOCK,Tuesday,August,0,MORRISON RD,2,ROAD,MINOR,9.0,20.0,PAVED,TwoWay,PAVED,4,50,NO ACCESS,Y,1957.0,443.973931125815
MORRISON RD,01-Non intersection,02-Thru lane,01-Clear,01-Daylight,MIDBLOCK,Tuesday,August,0,MORRISON RD,2,ROAD,MINOR,9.0,20.0,PAVED,TwoWay,PAVED,4,50,NO ACCESS,Y,1978.0,137.504496171477
MORRISON RD,01-Non intersection,02-Thru lane,01-Clear,07-Dark,MIDBLOCK,Sunday,May,1,MORRISON RD,2,ROAD,MINOR,9.0,20.0,PAVED,TwoWay,PAVED,4,50,NO ACCESS,N,1979.0,535.512847031844
MORRISON RD,01-Non intersection,02-Thru lane,01-Clear,07-Dark,MIDBLOCK,Sunday,May,1,MORRISON RD,2,ROAD,MINOR,9.0,20.0,PAVED,TwoWay,PAVED,4,50,NO ACCESS,Y,1978.0,178.458667005215
MORRISON RD,01-Non intersection,02-Thru lane,01-Clear,07-Dark,MIDBLOCK,Sunday,May,1,MORRISON RD,2,ROAD,MINOR,9.0,20.0,PAVED,TwoWay,PAVED,4,50,NO ACCESS,Y,1957.0,443.973931125815
MORRISON RD,01-Non intersection,02-Thru lane,01-Clear,07-Dark,MIDBLOCK,Sunday,May,1,MORRISON RD,2,ROAD,MINOR,9.0,20.0,PAVED,TwoWay,PAVED,4,50,NO ACCESS,Y,1978.0,137.504496171477
MORRISON RD,99-Other,12-Off highway,01-Clear,01-Daylight,MIDBLOCK,Saturday,February,1,MORRISON RD,2,ROAD,MINOR,9.0,20.0,PAVED,TwoWay,PAVED,4,50,NO ACCESS,N,1979.0,535.512847031844
MORRISON RD,99-Other,12-Off highway,01-Clear,01-Daylight,MIDBLOCK,Saturday,February,1,MORRISON RD,2,ROAD,MINOR,9.0,20.0,PAVED,TwoWay,PAVED,4,50,NO ACCESS,Y,1978.0,178.458667005215
MORRISON RD,99-Other,12-Off highway,01-Clear,01-Daylight,MIDBLOCK,Saturday,February,1,MORRISON RD,2,ROAD,MINOR,9.0,20.0,PAVED,TwoWay,PAVED,4,50,NO ACCESS,Y,1957.0,443.973931125815
MORRISON RD,99-Other,12-Off highway,01-Clear,01-Daylight,MIDBLOCK,Saturday,February,1,MORRISON RD,2,ROAD,MINOR,9.0,20.0,PAVED,TwoWay,PAVED,4,50,NO ACCESS,Y,1978.0,137.504496171477
MORRISON RD,01-Non intersection,10-Not on roadway - left side,01-Clear,01-Daylight,MIDBLOCK,Tuesday,January,0,MORRISON RD,2,ROAD,MINOR,9.0,20.0,PAVED,TwoWay,PAVED,4,50,NO ACCESS,N,1979.0,535.512847031844
MORRISON RD,01-Non intersection,10-Not on roadway - left side,01-Clear,01-Daylight,MIDBLOCK,Tuesday,January,0,MORRISON RD,2,ROAD,MINOR,9.0,20.0,PAVED,TwoWay,PAVED,4,50,NO ACCESS,Y,1978.0,178.458667005215
MORRISON RD,01-Non intersection,10-Not on roadway - left side,01-Clear,01-Daylight,MIDBLOCK,Tuesday,January,0,MORRISON RD,2,ROAD,MINOR,9.0,20.0,PAVED,TwoWay,PAVED,4,50,NO ACCESS,Y,1957.0,443.973931125815
MORRISON RD,01-Non intersection,10-Not on roadway - left side,01-Clear,01-Daylight,MIDBLOCK,Tuesday,January,0,MORRISON RD,2,ROAD,MINOR,9.0,20.0,PAVED,TwoWay,PAVED,4,50,NO ACCESS,Y,1978.0,137.504496171477
FEATHERSTONE ST,01-Non intersection,02-Thru lane,01-Clear,01-Daylight,MIDBLOCK,Thursday,February,0,FEATHERSTONE ST,2,ROAD,LOCAL,10.0,18.0,PAVED,TwoWay,PAVED,6,50,NO ACCESS,N,2007.0,63.050458755600005
FEATHERSTONE ST,01-Non intersection,02-Thru lane,01-Clear,01-Daylight,MIDBLOCK,Thursday,February,0,FEATHERSTONE ST,2,ROAD,LOCAL,10.0,20.0,PAVED,TwoWay,PAVED,6,50,NO ACCESS,N,2007.0,88.09658669711641
FEATHERSTONE ST,01-Non intersection,02-Thru lane,01-Clear,01-Daylight,MIDBLOCK,Thursday,February,0,FEATHERSTONE ST,2,ROAD,LOCAL,10.0,20.0,PAVED,TwoWay,PAVED,6,50,NO ACCESS,N,2007.0,100.489754195849
FEATHERSTONE ST,01-Non intersection,04-Right turn lane,01-Clear,01-Daylight,MIDBLOCK,Sunday,August,1,FEATHERSTONE ST,2,ROAD,LOCAL,10.0,18.0,PAVED,TwoWay,PAVED,6,50,NO ACCESS,N,2007.0,63.050458755600005
FEATHERSTONE ST,01-Non intersection,04-Right turn lane,01-Clear,01-Daylight,MIDBLOCK,Sunday,August,1,FEATHERSTONE ST,2,ROAD,LOCAL,10.0,20.0,PAVED,TwoWay,PAVED,6,50,NO ACCESS,N,2007.0,88.09658669711641
FEATHERSTONE ST,01-Non intersection,04-Right turn lane,01-Clear,01-Daylight,MIDBLOCK,Sunday,August,1,FEATHERSTONE ST,2,ROAD,LOCAL,10.0,20.0,PAVED,TwoWay,PAVED,6,50,NO ACCESS,N,2007.0,100.489754195849
SUNRISE DR,01-Non intersection,09-Right shoulder,01-Clear,01-Daylight,MIDBLOCK,Tuesday,March,0,SUNRISE DR,2,ROAD,LOCAL,10.0,20.0,PAVED,TwoWay,PAVED,6,50,NO ACCESS,N,1982.0,326.14888028191
SUNRISE DR,04-At/near private drive,02-Thru lane,01-Clear,01-Daylight,MIDBLOCK,Saturday,April,1,SUNRISE DR,2,ROAD,LOCAL,10.0,20.0,PAVED,TwoWay,PAVED,6,50,NO ACCESS,N,1982.0,326.14888028191
SUNRISE DR,04-At/near private drive,02-Thru lane,01-Clear,01-Daylight,MIDBLOCK,Friday,March,0,SUNRISE DR,2,ROAD,LOCAL,10.0,20.0,PAVED,TwoWay,PAVED,6,50,NO ACCESS,N,1982.0,326.14888028191
SUNRISE DR,04-At/near private drive,02-Thru lane,01-Clear,01-Daylight,MIDBLOCK,Sunday,May,1,SUNRISE DR,2,ROAD,LOCAL,10.0,20.0,PAVED,TwoWay,PAVED,6,50,NO ACCESS,N,1982.0,326.14888028191
JEAN AVE,04-At/near private drive,02-Thru lane,03-Snow,05-Dusk,MIDBLOCK,Tuesday,February,0,JEAN AVE,2,ROAD,LOCAL,9.0,18.0,PAVED,TwoWay,PAVED,6,50,NO ACCESS,N,1961.0,178.574658133019
JEAN AVE,04-At/near private drive,02-Thru lane,01-Clear,07-Dark,MIDBLOCK,Wednesday,November,0,JEAN AVE,2,ROAD,LOCAL,9.0,18.0,PAVED,TwoWay,PAVED,6,50,NO ACCESS,N,1961.0,178.574658133019
WOLFES CRT,10-Parking lot,12-Off highway,01-Clear,01-Daylight,MIDBLOCK,Sunday,June,1,WOLFES CRT,1,BULB,LOCAL,12.0,43.0,PAVED,FromTo,PAVED,6,50,NO ACCESS,N,1968.0,111.62894922736
WOLFES CRT,10-Parking lot,12-Off highway,01-Clear,01-Daylight,MIDBLOCK,Sunday,June,1,WOLFES CRT,2,ROAD,LOCAL,12.0,20.0,PAVED,TwoWay,PAVED,6,50,NO ACCESS,N,1968.0,84.8276531366412
NICHOLE CRES,01-Non intersection,02-Thru lane,01-Clear,01-Daylight,MIDBLOCK,Wednesday,October,0,NICHOLE CRES,2,ROAD,LOCAL,9.0,16.0,PAVED,TwoWay,PAVED,6,50,NO ACCESS,N,1985.0,337.858761538389
NICHOLE CRES,01-Non intersection,09-Right shoulder,03-Snow,01-Daylight,MIDBLOCK,Thursday,February,0,NICHOLE CRES,2,ROAD,LOCAL,9.0,16.0,PAVED,TwoWay,PAVED,6,50,NO ACCESS,N,1985.0,337.858761538389
OAK ST,01-Non intersection,02-Thru lane,01-Clear,01-Daylight,MIDBLOCK,Saturday,March,1,OAK ST,2,ROAD,LOCAL,8.0,20.0,PAVED,TwoWay,PAVED,6,50,NO ACCESS,N,1887.0,176.6969393625
OAK ST,04-At/near private drive,02-Thru lane,01-Clear,01-Daylight,MIDBLOCK,Friday,July,0,OAK ST,2,ROAD,LOCAL,8.0,20.0,PAVED,TwoWay,PAVED,6,50,NO ACCESS,N,1887.0,176.6969393625
OAK ST,04-At/near private drive,02-Thru lane,01-Clear,01-Daylight,MIDBLOCK,Saturday,June,1,OAK ST,2,ROAD,LOCAL,8.0,20.0,PAVED,TwoWay,PAVED,6,50,NO ACCESS,N,1887.0,176.6969393625
SHANLEY ST,04-At/near private drive,09-Right shoulder,01-Clear,07-Dark,MIDBLOCK,Wednesday,December,0,SHANLEY ST,2,ROAD,LOCAL,7.0,17.0,PAVED,TwoWay,PAVED,6,50,NO ACCESS,N,1993.0,154.856485437592
SHANLEY ST,04-At/near private drive,02-Thru lane,01-Clear,01-Daylight,MIDBLOCK,Thursday,September,0,SHANLEY ST,2,ROAD,LOCAL,7.0,17.0,PAVED,TwoWay,PAVED,6,50,NO ACCESS,N,1993.0,154.856485437592
SHANLEY ST,01-Non intersection,02-Thru lane,03-Snow,"08-Dark, artificial",MIDBLOCK,Friday,February,0,SHANLEY ST,2,ROAD,LOCAL,7.0,17.0,PAVED,TwoWay,PAVED,6,50,NO ACCESS,N,1993.0,154.856485437592
SHANLEY ST,01-Non intersection,10-Not on roadway - left side,01-Clear,"04-Dawn, artificial",MIDBLOCK,Friday,August,0,SHANLEY ST,2,ROAD,LOCAL,7.0,17.0,PAVED,TwoWay,PAVED,6,50,NO ACCESS,N,1993.0,154.856485437592
SHANLEY ST,01-Non intersection,02-Thru lane,01-Clear,01-Daylight,MIDBLOCK,Monday,November,0,SHANLEY ST,2,ROAD,LOCAL,7.0,17.0,PAVED,TwoWay,PAVED,6,50,NO ACCESS,N,1993.0,154.856485437592
SHANLEY ST,01-Non intersection,11-Not on roadway - right side,01-Clear,07-Dark,MIDBLOCK,Monday,December,0,SHANLEY ST,2,ROAD,LOCAL,7.0,17.0,PAVED,TwoWay,PAVED,6,50,NO ACCESS,N,1993.0,154.856485437592
COLTON CIR,04-At/near private drive,09-Right shoulder,01-Clear,01-Daylight,MIDBLOCK,Saturday,September,1,COLTON CIR,2,ROAD,LOCAL,10.0,20.0,PAVED,TwoWay,PAVED,6,50,NO ACCESS,N,2006.0,86.917018324979
COLTON CIR,04-At/near private drive,09-Right shoulder,01-Clear,01-Daylight,MIDBLOCK,Saturday,September,1,COLTON CIR,2,ROAD,LOCAL,10.0,20.0,PAVED,TwoWay,PAVED,6,50,NO ACCESS,N,2006.0,169.607253508149