LOCATION,ACCIDENT_LOCATION,IMPACT_LOCATION,ENVIRONMENT_CONDITION,LIGHT,COLLISION_TYPE,DAY_OF_WEEK,MONTH,IS_WEEKEND,STREET,LANES,CATEGORY,SUBCATEGORY,PAVEMENT_WIDTH,ROW_WIDTH,SHOULDER,FLOW_DIRECTION,SURFACE_LAYER_TYPE,OFFICIAL_ROAD_CLASSIFICATION,SPEED_LIMIT_KM,TRUCK_ACCESS,BUS_ROUTE,SERVICE_YEAR,Shape__Length
COLTON CIR,04-At/near private drive,09-Right shoulder,01-Clear,01-Daylight,MIDBLOCK,Saturday,September,1,COLTON CIR,2,ROAD,LOCAL,9.0,20.0,PAVED,TwoWay,PAVED,6,50,NO ACCESS,N,2006.0,166.639044009918
COLTON CIR,04-At/near private drive,09-Right shoulder,01-Clear,01-Daylight,MIDBLOCK,Saturday,September,1,COLTON CIR,2,ROAD,LOCAL,10.0,20.0,PAVED,TwoWay,PAVED,6,50,NO ACCESS,N,2006.0,342.069482857616
COLTON CIR,04-At/near private drive,09-Right shoulder,01-Clear,01-Daylight,MIDBLOCK,Saturday,September,1,COLTON CIR,2,ROAD,LOCAL,9.0,20.0,PAVED,TwoWay,PAVED,6,50,NO ACCESS,N,2006.0,181.671231703563
COLTON CIR,04-At/near private drive,02-Thru lane,01-Clear,01-Daylight,MIDBLOCK,Monday,March,0,COLTON CIR,2,ROAD,LOCAL,10.0,20.0,PAVED,TwoWay,PAVED,6,50,NO ACCESS,N,2006.0,86.917018324979
COLTON CIR,04-At/near private drive,02-Thru lane,01-Clear,01-Daylight,MIDBLOCK,Monday,March,0,COLTON CIR,2,ROAD,LOCAL,10.0,20.0,PAVED,TwoWay,PAVED,6,50,NO ACCESS,N,2006.0,169.607253508149
COLTON CIR,04-At/near private drive,02-Thru lane,01-Clear,01-Daylight,MIDBLOCK,Monday,March,0,COLTON CIR,2,ROAD,LOCAL,9.0,20.0,PAVED,TwoWay,PAVED,6,50,NO ACCESS,N,2006.0,166.639044009918
COLTON CIR,04-At/near private drive,02-Thru lane,01-Clear,01-Daylight,MIDBLOCK,Monday,March,0,COLTON CIR,2,ROAD,LOCAL,10.0,20.0,PAVED,TwoWay,PAVED,6,50,NO ACCESS,N,2006.0,342.069482857616
COLTON CIR,04-At/near private drive,02-Thru lane,01-Clear,01-Daylight,MIDBLOCK,Monday,March,0,COLTON CIR,2,ROAD,LOCAL,9.0,20.0,PAVED,TwoWay,PAVED,6,50,NO ACCESS,N,2006.0,181.671231703563
COLTON CIR,04-At/near private drive,02-Thru lane,01-Clear,01-Daylight,MIDBLOCK,Sunday,March,1,COLTON CIR,2,ROAD,LOCAL,10.0,20.0,PAVED,TwoWay,PAVED,6,50,NO ACCESS,N,2006.0,86.917018324979
COLTON CIR,04-At/near private drive,02-Thru lane,01-Clear,01-Daylight,MIDBLOCK,Sunday,March,1,COLTON CIR,2,ROAD,LOCAL,10.0,20.0,PAVED,TwoWay,PAVED,6,50,NO ACCESS,N,2006.0,169.607253508149
COLTON CIR,04-At/near private drive,02-Thru lane,01-Clear,01-Daylight,MIDBLOCK,Sunday,March,1,COLTON CIR,2,ROAD,LOCAL,9.0,20.0,PAVED,TwoWay,PAVED,6,50,NO ACCESS,N,2006.0,166.639044009918
COLTON CIR,04-At/near private drive,02-Thru lane,01-Clear,01-Daylight,MIDBLOCK,Sunday,March,1,COLTON CIR,2,ROAD,LOCAL,10.0,20.0,PAVED,TwoWay,PAVED,6,50,NO ACCESS,N,2006.0,342.069482857616
COLTON CIR,04-At/near private drive,02-Thru lane,01-Clear,01-Daylight,MIDBLOCK,Sunday,March,1,COLTON CIR,2,ROAD,LOCAL,9.0,20.0,PAVED,TwoWay,PAVED,6,50,NO ACCESS,N,2006.0,181.671231703563
COLTON CIR,01-Non intersection,02-Thru lane,01-Clear,"08-Dark, artificial",MIDBLOCK,Sunday,September,1,COLTON CIR,2,ROAD,LOCAL,10.0,20.0,PAVED,TwoWay,PAVED,6,50,NO ACCESS,N,2006.0,86.917018324979
COLTON CIR,01-Non intersection,02-Thru lane,01-Clear,"08-Dark, artificial",MIDBLOCK,Sunday,September,1,COLTON CIR,2,ROAD,LOCAL,10.0,20.0,PAVED,TwoWay,PAVED,6,50,NO ACCESS,N,2006.0,169.607253508149
COLTON CIR,01-Non intersection,02-Thru lane,01-Clear,"08-Dark, artificial",MIDBLOCK,Sunday,September,1,COLTON CIR,2,ROAD,LOCAL,9.0,20.0,PAVED,TwoWay,PAVED,6,50,NO ACCESS,N,2006.0,166.639044009918
COLTON CIR,01-Non intersection,02-Thru lane,01-Clear,"08-Dark, artificial",MIDBLOCK,Sunday,September,1,COLTON CIR,2,ROAD,LOCAL,10.0,20.0,PAVED,TwoWay,PAVED,6,50,NO ACCESS,N,2006.0,342.069482857616
COLTON CIR,01-Non intersection,02-Thru lane,01-Clear,"08-Dark, artificial",MIDBLOCK,Sunday,September,1,COLTON CIR,2,ROAD,LOCAL,9.0,20.0,PAVED,TwoWay,PAVED,6,50,NO ACCESS,N,2006.0,181.671231703563
COLTON CIR,04-At/near private drive,02-Thru lane,01-Clear,01-Daylight,MIDBLOCK,Tuesday,November,0,COLTON CIR,2,ROAD,LOCAL,10.0,20.0,PAVED,TwoWay,PAVED,6,50,NO ACCESS,N,2006.0,86.917018324979
COLTON CIR,04-At/near private drive,02-Thru lane,01-Clear,01-Daylight,MIDBLOCK,Tuesday,November,0,COLTON CIR,2,ROAD,LOCAL,10.0,20.0,PAVED,TwoWay,PAVED,6,50,NO ACCESS,N,2006.0,169.607253508149
COLTON CIR,04-At/near private drive,02-Thru lane,01-Clear,01-Daylight,MIDBLOCK,Tuesday,November,0,COLTON CIR,2,ROAD,LOCAL,9.0,20.0,PAVED,TwoWay,PAVED,6,50,NO ACCESS,N,2006.0,166.639044009918
COLTON CIR,04-At/near private drive,02-Thru lane,01-Clear,01-Daylight,MIDBLOCK,Tuesday,November,0,COLTON CIR,2,ROAD,LOCAL,10.0,20.0,PAVED,TwoWay,PAVED,6,50,NO ACCESS,N,2006.0,342.069482857616
COLTON CIR,04-At/near private drive,02-Thru lane,01-Clear,01-Daylight,MIDBLOCK,Tuesday,November,0,COLTON CIR,2,ROAD,LOCAL,9.0,20.0,PAVED,TwoWay,PAVED,6,50,NO ACCESS,N,2006.0,181.671231703563
COLTON CIR,04-At/near private drive,02-Thru lane,03-Snow,07-Dark,MIDBLOCK,Monday,November,0,COLTON CIR,2,ROAD,LOCAL,10.0,20.0,PAVED,TwoWay,PAVED,6,50,NO ACCESS,N,2006.0,86.917018324979
COLTON CIR,04-At/near private drive,02-Thru lane,03-Snow,07-Dark,MIDBLOCK,Monday,November,0,COLTON CIR,2,ROAD,LOCAL,10.0,20.0,PAVED,TwoWay,PAVED,6,50,NO ACCESS,N,2006.0,169.607253508149
COLTON CIR,04-At/near private drive,02-Thru lane,03-Snow,07-Dark,MIDBLOCK,Monday,November,0,COLTON CIR,2,ROAD,LOCAL,9.0,20.0,PAVED,TwoWay,PAVED,6,50,NO ACCESS,N,2006.0,166.639044009918
COLTON CIR,04-At/near private drive,02-Thru lane,03-Snow,07-Dark,MIDBLOCK,Monday,November,0,COLTON CIR,2,ROAD,LOCAL,10.0,20.0,PAVED,TwoWay,PAVED,6,50,NO ACCESS,N,2006.0,342.069482857616
COLTON CIR,04-At/near private drive,02-Thru lane,03-Snow,07-Dark,MIDBLOCK,Monday,November,0,COLTON CIR,2,ROAD,LOCAL,9.0,20.0,PAVED,TwoWay,PAVED,6,50,NO ACCESS,N,2006.0,181.671231703563
COLTON CIR,04-At/near private drive,09-Right shoulder,01-Clear,01-Daylight,MIDBLOCK,Tuesday,May,0,COLTON CIR,2,ROAD,LOCAL,10.0,20.0,PAVED,TwoWay,PAVED,6,50,NO ACCESS,N,2006.0,86.917018324979
COLTON CIR,04-At/near private drive,09-Right shoulder,01-Clear,01-Daylight,MIDBLOCK,Tuesday,May,0,COLTON CIR,2,ROAD,LOCAL,10.0,20.0,PAVED,TwoWay,PAVED,6,50,NO ACCESS,N,2006.0,169.607253508149
COLTON CIR,04-At/near private drive,09-Right shoulder,01-Clear,01-Daylight,MIDBLOCK,Tuesday,May,0,COLTON CIR,2,ROAD,LOCAL,9.0,20.0,PAVED,TwoWay,PAVED,6,50,NO ACCESS,N,2006.0,166.639044009918
COLTON CIR,04-At/near private drive,09-Right shoulder,01-Clear,01-Daylight,MIDBLOCK,Tuesday,May,0,COLTON CIR,2,ROAD,LOCAL,10.0,20.0,PAVED,TwoWay,PAVED,6,50,NO ACCESS,N,2006.0,342.069482857616
COLTON CIR,04-At/near private drive,09-Right shoulder,01-Clear,01-Daylight,MIDBLOCK,Tuesday,May,0,COLTON CIR,2,ROAD,LOCAL,9.0,20.0,PAVED,TwoWay,PAVED,6,50,NO ACCESS,N,2006.0,181.671231703563
COLTON CIR,01-Non intersection,02-Thru lane,01-Clear,07-Dark,MIDBLOCK,Sunday,February,1,COLTON CIR,2,ROAD,LOCAL,10.0,20.0,PAVED,TwoWay,PAVED,6,50,NO ACCESS,N,2006.0,86.917018324979
COLTON CIR,01-Non intersection,02-Thru lane,01-Clear,07-Dark,MIDBLOCK,Sunday,February,1,COLTON CIR,2,ROAD,LOCAL,10.0,20.0,PAVED,TwoWay,PAVED,6,50,NO ACCESS,N,2006.0,169.607253508149
COLTON CIR,01-Non intersection,02-Thru lane,01-Clear,07-Dark,MIDBLOCK,Sunday,February,1,COLTON CIR,2,ROAD,LOCAL,9.0,20.0,PAVED,TwoWay,PAVED,6,50,NO ACCESS,N,2006.0,166.639044009918
COLTON CIR,01-Non intersection,02-Thru lane,01-Clear,07-Dark,MIDBLOCK,Sunday,February,1,COLTON CIR,2,ROAD,LOCAL,10.0,20.0,PAVED,TwoWay,PAVED,6,50,NO ACCESS,N,2006.0,342.069482857616
COLTON CIR,01-Non intersection,02-Thru lane,01-Clear,07-Dark,MIDBLOCK,Sunday,February,1,COLTON CIR,2,ROAD,LOCAL,9.0,20.0,PAVED,TwoWay,PAVED,6,50,NO ACCESS,N,2006.0,181.671231703563
COLTON CIR,01-Non intersection,02-Thru lane,01-Clear,07-Dark,MIDBLOCK,Saturday,October,1,COLTON CIR,2,ROAD,LOCAL,10.0,20.0,PAVED,TwoWay,PAVED,6,50,NO ACCESS,N,2006.0,86.917018324979
COLTON CIR,01-Non intersection,02-Thru lane,01-Clear,07-Dark,MIDBLOCK,Saturday,October,1,COLTON CIR,2,ROAD,LOCAL,10.0,20.0,PAVED,TwoWay,PAVED,6,50,NO ACCESS,N,2006.0,169.607253508149
COLTON CIR,01-Non intersection,02-Thru lane,01-Clear,07-Dark,MIDBLOCK,Saturday,October,1,COLTON CIR,2,ROAD,LOCAL,9.0,20.0,PAVED,TwoWay,PAVED,6,50,NO ACCESS,N,2006.0,166.639044009918
COLTON CIR,01-Non intersection,02-Thru lane,01-Clear,07-Dark,MIDBLOCK,Saturday,October,1,COLTON CIR,2,ROAD,LOCAL,10.0,20.0,PAVED,TwoWay,PAVED,6,50,NO ACCESS,N,2006.0,342.069482857616
COLTON CIR,01-Non intersection,02-Thru lane,01-Clear,07-Dark,MIDBLOCK,Saturday,October,1,COLTON CIR,2,ROAD,LOCAL,9.0,20.0,PAVED,TwoWay,PAVED,6,50,NO ACCESS,N,2006.0,181.671231703563
COLTON CIR,04-At/near private drive,02-Thru lane,01-Clear,01-Daylight,MIDBLOCK,Saturday,April,1,COLTON CIR,2,ROAD,LOCAL,10.0,20.0,PAVED,TwoWay,PAVED,6,50,NO ACCESS,N,2006.0,86.917018324979
COLTON CIR,04-At/near private drive,02-Thru lane,01-Clear,01-Daylight,MIDBLOCK,Saturday,April,1,COLTON CIR,2,ROAD,LOCAL,10.0,20.0,PAVED,TwoWay,PAVED,6,50,NO ACCESS,N,2006.0,169.607253508149
COLTON CIR,04-At/near private drive,02-Thru lane,01-Clear,01-Daylight,MIDBLOCK,Saturday,April,1,COLTON CIR,2,ROAD,LOCAL,9.0,20.0,PAVED,TwoWay,PAVED,6,50,NO ACCESS,N,2006.0,166.639044009918
COLTON CIR,04-At/near private drive,02-Thru lane,01-Clear,01-Daylight,MIDBLOCK,Saturday,April,1,COLTON CIR,2,ROAD,LOCAL,10.0,20.0,PAVED,TwoWay,PAVED,6,50,NO ACCESS,N,2006.0,342.069482857616
COLTON CIR,04-At/near private drive,02-Thru lane,01-Clear,01-Daylight,MIDBLOCK,Saturday,April,1,COLTON CIR,2,ROAD,LOCAL,9.0,20.0,PAVED,TwoWay,PAVED,6,50,NO ACCESS,N,2006.0,181.671231703563
COLTON CIR,01-Non intersection,02-Thru lane,02-Rain,03-Dawn,MIDBLOCK,Monday,December,0,COLTON CIR,2,ROAD,LOCAL,10.0,20.0,PAVED,TwoWay,PAVED,6,50,NO ACCESS,N,2006.0,86.917018324979
COLTON CIR,01-Non intersection,02-Thru lane,02-Rain,03-Dawn,MIDBLOCK,Monday,December,0,COLTON CIR,2,ROAD,LOCAL,10.0,20.0,PAVED,TwoWay,PAVED,6,50,NO ACCESS,N,2006.0,169.607253508149
COLTON CIR,01-Non intersection,02-Thru lane,02-Rain,03-Dawn,MIDBLOCK,Monday,December,0,COLTON CIR,2,ROAD,LOCAL,9.0,20.0,PAVED,TwoWay,PAVED,6,50,NO ACCESS,N,2006.0,166.639044009918
COLTON CIR,01-Non intersection,02-Thru lane,02-Rain,03-Dawn,MIDBLOCK,Monday,December,0,COLTON CIR,2,ROAD,LOCAL,10.0,20.0,PAVED,TwoWay,PAVED,6,50,NO ACCESS,N,2006.0,342.069482857616
COLTON CIR,01-Non intersection,02-Thru lane,02-Rain,03-Dawn,MIDBLOCK,Monday,December,0,COLTON CIR,2,ROAD,LOCAL,9.0,20.0,PAVED,TwoWay,PAVED,6,50,NO ACCESS,N,2006.0,181.671231703563
COLTON CIR,01-Non intersection,09-Right shoulder,99-Other,99-Other,MIDBLOCK,Saturday,October,1,COLTON CIR,2,ROAD,LOCAL,10.0,20.0,PAVED,TwoWay,PAVED,6,50,NO ACCESS,N,2006.0,86.917018324979
COLTON CIR,01-Non intersection,09-Right shoulder,99-Other,99-Other,MIDBLOCK,Saturday,October,1,COLTON CIR,2,ROAD,LOCAL,10.0,20.0,PAVED,TwoWay,PAVED,6,50,NO ACCESS,N,2006.0,169.607253508149
COLTON CIR,01-Non intersection,09-Right shoulder,99-Other,99-Other,MIDBLOCK,Saturday,October,1,COLTON CIR,2,ROAD,LOCAL,9.0,20.0,PAVED,TwoWay,PAVED,6,50,NO ACCESS,N,2006.0,166.639044009918
COLTON CIR,01-Non intersection,09-Right shoulder,99-Other,99-Other,MIDBLOCK,Saturday,October,1,COLTON CIR,2,ROAD,LOCAL,10.0,20.0,PAVED,TwoWay,PAVED,6,50,NO ACCESS,N,2006.0,342.069482857616
COLTON CIR,01-Non intersection,09-Right shoulder,99-Other,99-Other,MIDBLOCK,Saturday,October,1,COLTON CIR,2,ROAD,LOCAL,9.0,20.0,PAVED,TwoWay,PAVED,6,50,NO ACCESS,N,2006.0,181.671231703563
IRVIN ST,01-Non intersection,02-Thru lane,01-Clear,01-Daylight,MIDBLOCK,Wednesday,March,0,IRVIN ST,1,ROAD,LOCAL,6.0,12.0,PAVED,FromTo,PAVED,6,50,NO ACCESS,N,2005.0,185.121670998884
IRVIN ST,01-Non intersection,02-Thru lane,02-Rain,01-Daylight,MIDBLOCK,Tuesday,April,0,IRVIN ST,1,ROAD,LOCAL,6.0,12.0,PAVED,FromTo,PAVED,6,50,NO ACCESS,N,2005.0,185.121670998884
IRVIN ST,01-Non intersection,02-Thru lane,01-Clear,01-Daylight,MIDBLOCK,Sunday,May,1,IRVIN ST,1,ROAD,LOCAL,6.0,12.0,PAVED,FromTo,PAVED,6,50,NO ACCESS,N,2005.0,185.121670998884
IRVIN ST,01-Non intersection,09-Right shoulder,01-Clear,01-Daylight,MIDBLOCK,Friday,February,0,IRVIN ST,1,ROAD,LOCAL,6.0,12.0,PAVED,FromTo,PAVED,6,50,NO ACCESS,N,2005.0,185.121670998884
REYBURN AVE,04-At/near private drive,02-Thru lane,01-Clear,01-Daylight,MIDBLOCK,Sunday,April,1,REYBURN AVE,2,ROAD,LOCAL,9.0,20.0,PAVED,TwoWay,PAVED,6,50,NO ACCESS,N,1955.0,326.07975047231
REYBURN AVE,01-Non intersection,02-Thru lane,01-Clear,01-Daylight,MIDBLOCK,Sunday,April,1,REYBURN AVE,2,ROAD,LOCAL,9.0,20.0,PAVED,TwoWay,PAVED,6,50,NO ACCESS,N,1955.0,326.07975047231
REYBURN AVE,04-At/near private drive,09-Right shoulder,01-Clear,01-Daylight,MIDBLOCK,Monday,May,0,REYBURN AVE,2,ROAD,LOCAL,9.0,20.0,PAVED,TwoWay,PAVED,6,50,NO ACCESS,N,1955.0,326.07975047231
REYBURN AVE,04-At/near private drive,02-Thru lane,01-Clear,01-Daylight,MIDBLOCK,Tuesday,August,0,REYBURN AVE,2,ROAD,LOCAL,9.0,20.0,PAVED,TwoWay,PAVED,6,50,NO ACCESS,N,1955.0,326.07975047231
REYBURN AVE,04-At/near private drive,02-Thru lane,01-Clear,01-Daylight,MIDBLOCK,Sunday,October,1,REYBURN AVE,2,ROAD,LOCAL,9.0,20.0,PAVED,TwoWay,PAVED,6,50,NO ACCESS,N,1955.0,326.07975047231
REYBURN AVE,01-Non intersection,02-Thru lane,01-Clear,01-Daylight,MIDBLOCK,Tuesday,December,0,REYBURN AVE,2,ROAD,LOCAL,9.0,20.0,PAVED,TwoWay,PAVED,6,50,NO ACCESS,N,1955.0,326.07975047231
OPRINGTON DR,04-At/near private drive,02-Thru lane,03-Snow,"08-Dark, artificial",MIDBLOCK,Sunday,January,1,OPRINGTON DR,2,ROAD,MINOR,9.0,20.0,PAVED,TwoWay,PAVED,4,50,NO ACCESS,N,1990.0,137.59273990354902
OPRINGTON DR,04-At/near private drive,02-Thru lane,03-Snow,"08-Dark, artificial",MIDBLOCK,Sunday,January,1,OPRINGTON DR,2,ROAD,MINOR,8.0,20.0,PAVED,TwoWay,PAVED,4,50,NO ACCESS,N,1991.0,83.94981373758121
OPRINGTON DR,04-At/near private drive,02-Thru lane,03-Snow,"08-Dark, artificial",MIDBLOCK,Sunday,January,1,OPRINGTON DR,2,ROAD,MINOR,8.0,20.0,PAVED,TwoWay,PAVED,4,50,NO ACCESS,N,1991.0,160.631702814938
OPRINGTON DR,01-Non intersection,02-Thru lane,01-Clear,01-Daylight,MIDBLOCK,Friday,January,0,OPRINGTON DR,2,ROAD,MINOR,9.0,20.0,PAVED,TwoWay,PAVED,4,50,NO ACCESS,N,1990.0,137.59273990354902
OPRINGTON DR,01-Non intersection,02-Thru lane,01-Clear,01-Daylight,MIDBLOCK,Friday,January,0,OPRINGTON DR,2,ROAD,MINOR,8.0,20.0,PAVED,TwoWay,PAVED,4,50,NO ACCESS,N,1991.0,83.94981373758121
OPRINGTON DR,01-Non intersection,02-Thru lane,01-Clear,01-Daylight,MIDBLOCK,Friday,January,0,OPRINGTON DR,2,ROAD,MINOR,8.0,20.0,PAVED,TwoWay,PAVED,4,50,NO ACCESS,N,1991.0,160.631702814938
OPRINGTON DR,04-At/near private drive,11-Not on roadway - right side,01-Clear,01-Daylight,MIDBLOCK,Monday,July,0,OPRINGTON DR,2,ROAD,MINOR,9.0,20.0,PAVED,TwoWay,PAVED,4,50,NO ACCESS,N,1990.0,137.59273990354902
OPRINGTON DR,04-At/near private drive,11-Not on roadway - right side,01-Clear,01-Daylight,MIDBLOCK,Monday,July,0,OPRINGTON DR,2,ROAD,MINOR,8.0,20.0,PAVED,TwoWay,PAVED,4,50,NO ACCESS,N,1991.0,83.94981373758121
OPRINGTON DR,04-At/near private drive,11-Not on roadway - right side,01-Clear,01-Daylight,MIDBLOCK,Monday,July,0,OPRINGTON DR,2,ROAD,MINOR,8.0,20.0,PAVED,TwoWay,PAVED,4,50,NO ACCESS,N,1991.0,160.631702814938
OPRINGTON DR,99-Other,12-Off highway,01-Clear,01-Daylight,MIDBLOCK,Saturday,October,1,OPRINGTON DR,2,ROAD,MINOR,9.0,20.0,PAVED,TwoWay,PAVED,4,50,NO ACCESS,N,1990.0,137.59273990354902
OPRINGTON DR,99-Other,12-Off highway,01-Clear,01-Daylight,MIDBLOCK,Saturday,October,1,OPRINGTON DR,2,ROAD,MINOR,8.0,20.0,PAVED,TwoWay,PAVED,4,50,NO ACCESS,N,1991.0,83.94981373758121
OPRINGTON DR,99-Other,12-Off highway,01-Clear,01-Daylight,MIDBLOCK,Saturday,October,1,OPRINGTON DR,2,ROAD,MINOR,8.0,20.0,PAVED,TwoWay,PAVED,4,50,NO ACCESS,N,1991.0,160.631702814938
OPRINGTON DR,01-Non intersection,02-Thru lane,01-Clear,07-Dark,MIDBLOCK,Friday,December,0,OPRINGTON DR,2,ROAD,MINOR,9.0,20.0,PAVED,TwoWay,PAVED,4,50,NO ACCESS,N,1990.0,137.59273990354902
OPRINGTON DR,01-Non intersection,02-Thru lane,01-Clear,07-Dark,MIDBLOCK,Friday,December,0,OPRINGTON DR,2,ROAD,MINOR,8.0,20.0,PAVED,TwoWay,PAVED,4,50,NO ACCESS,N,1991.0,83.94981373758121
OPRINGTON DR,01-Non intersection,02-Thru lane,01-Clear,07-Dark,MIDBLOCK,Friday,December,0,OPRINGTON DR,2,ROAD,MINOR,8.0,20.0,PAVED,TwoWay,PAVED,4,50,NO ACCESS,N,1991.0,160.631702814938
OPRINGTON DR,04-At/near private drive,02-Thru lane,01-Clear,01-Daylight,MIDBLOCK,Wednesday,November,0,OPRINGTON DR,2,ROAD,MINOR,9.0,20.0,PAVED,TwoWay,PAVED,4,50,NO ACCESS,N,1990.0,137.59273990354902
OPRINGTON DR,04-At/near private drive,02-Thru lane,01-Clear,01-Daylight,MIDBLOCK,Wednesday,November,0,OPRINGTON DR,2,ROAD,MINOR,8.0,20.0,PAVED,TwoWay,PAVED,4,50,NO ACCESS,N,1991.0,83.94981373758121
OPRINGTON DR,04-At/near private drive,02-Thru lane,01-Clear,01-Daylight,MIDBLOCK,Wednesday,November,0,OPRINGTON DR,2,ROAD,MINOR,8.0,20.0,PAVED,TwoWay,PAVED,4,50,NO ACCESS,N,1991.0,160.631702814938
OPRINGTON DR,01-Non intersection,02-Thru lane,01-Clear,"08-Dark, artificial",MIDBLOCK,Monday,July,0,OPRINGTON DR,2,ROAD,MINOR,9.0,20.0,PAVED,TwoWay,PAVED,4,50,NO ACCESS,N,1990.0,137.59273990354902
OPRINGTON DR,01-Non intersection,02-Thru lane,01-Clear,"08-Dark, artificial",MIDBLOCK,Monday,July,0,OPRINGTON DR,2,ROAD,MINOR,8.0,20.0,PAVED,TwoWay,PAVED,4,50,NO ACCESS,N,1991.0,83.94981373758121
OPRINGTON DR,01-Non intersection,02-Thru lane,01-Clear,"08-Dark, artificial",MIDBLOCK,Monday,July,0,OPRINGTON DR,2,ROAD,MINOR,8.0,20.0,PAVED,TwoWay,PAVED,4,50,NO ACCESS,N,1991.0,160.631702814938
CENTREVILLE ST,01-Non intersection,11-Not on roadway - right side,01-Clear,"02-Daylight, artificial",MIDBLOCK,Sunday,April,1,CENTREVILLE ST,2,ROAD,LOCAL,9.0,16.0,PAVED,TwoWay,PAVED,6,50,NO ACCESS,N,1858.0,198.747314953456
CENTREVILLE ST,01-Non intersection,02-Thru lane,01-Clear,01-Daylight,MIDBLOCK,Friday,September,0,CENTREVILLE ST,2,ROAD,LOCAL,9.0,16.0,PAVED,TwoWay,PAVED,6,50,NO ACCESS,N,1858.0,198.747314953456
CENTREVILLE ST,04-At/near private drive,02-Thru lane,01-Clear,07-Dark,MIDBLOCK,Sunday,February,1,CENTREVILLE ST,2,ROAD,LOCAL,9.0,16.0,PAVED,TwoWay,PAVED,6,50,NO ACCESS,N,1858.0,198.747314953456
SHADELAND CRES,04-At/near private drive,01-Within intersection,03-Snow,01-Daylight,MIDBLOCK,Monday,February,0,SHADELAND CRES,2,ROAD,LOCAL,9.0,20.0,PAVED,TwoWay,PAVED,6,50,NO ACCESS,N,1970.0,511.832242755748
SHADELAND CRES,04-At/near private drive,02-Thru lane,01-Clear,01-Daylight,MIDBLOCK,Saturday,July,1,SHADELAND CRES,2,ROAD,LOCAL,9.0,20.0,PAVED,TwoWay,PAVED,6,50,NO ACCESS,N,1970.0,511.832242755748
SHADELAND CRES,04-At/near private drive,02-Thru lane,01-Clear,01-Daylight,MIDBLOCK,Sunday,October,1,SHADELAND CRES,2,ROAD,LOCAL,9.0,20.0,PAVED,TwoWay,PAVED,6,50,NO ACCESS,N,1970.0,511.832242755748
SHADELAND CRES,04-At/near private drive,02-Thru lane,01-Clear,01-Daylight,MIDBLOCK,Tuesday,June,0,SHADELAND CRES,2,ROAD,LOCAL,9.0,20.0,PAVED,TwoWay,PAVED,6,50,NO ACCESS,N,1970.0,511.832242755748
SHADELAND CRES,04-At/near private drive,02-Thru lane,01-Clear,07-Dark,MIDBLOCK,Friday,August,0,SHADELAND CRES,2,ROAD,LOCAL,9.0,20.0,PAVED,TwoWay,PAVED,6,50,NO ACCESS,N,1970.0,511.832242755748
SHADELAND CRES,04-At/near private drive,02-Thru lane,01-Clear,01-Daylight,MIDBLOCK,Monday,February,0,SHADELAND CRES,2,ROAD,LOCAL,9.0,20.0,PAVED,TwoWay,PAVED,6,50,NO ACCESS,N,1970.0,511.832242755748
CALMCREST DR,01-Non intersection,02-Thru lane,01-Clear,01-Daylight,MIDBLOCK,Thursday,April,0,CALMCREST DR,2,ROAD,LOCAL,8.0,16.0,PAVED,TwoWay,PAVED,6,50,NO ACCESS,N,1974.0,351.26663923939697
CALMCREST DR,04-At/near private drive,02-Thru lane,01-Clear,"08-Dark, artificial",MIDBLOCK,Thursday,April,0,CALMCREST DR,2,ROAD,LOCAL,8.0,16.0,PAVED,TwoWay,PAVED,6,50,NO ACCESS,N,1974.0,351.26663923939697
BROADVIEW AVE,01-Non intersection,02-Thru lane,01-Clear,"02-Daylight, artificial",MIDBLOCK,Sunday,October,1,BROADVIEW AVE,2,ROAD,LOCAL,9.0,20.0,PAVED,TwoWay,PAVED,6,50,NO ACCESS,N,1974.0,247.65294273790292
BROADVIEW AVE,01-Non intersection,02-Thru lane,01-Clear,"02-Daylight, artificial",MIDBLOCK,Sunday,October,1,BROADVIEW AVE,2,ROAD,LOCAL,8.0,20.0,PAVED,TwoWay,PAVED,6,50,NO ACCESS,N,1974.0,42.608197566878
BROADVIEW AVE,01-Non intersection,02-Thru lane,01-Clear,"02-Daylight, artificial",MIDBLOCK,Sunday,October,1,BROADVIEW AVE,2,ROAD,LANE,10.0,10.0,PAVED,TwoWay,PAVED,6,50,NO ACCESS,N,2009.0,88.76521543843398
BROADVIEW AVE,01-Non intersection,02-Thru lane,01-Clear,"02-Daylight, artificial",MIDBLOCK,Sunday,October,1,BROADVIEW AVE,2,ROAD,LOCAL,8.0,20.0,PAVED,TwoWay,PAVED,6,50,NO ACCESS,N,1974.0,84.8852923820754
BROADVIEW AVE,04-At/near private drive,02-Thru lane,01-Clear,07-Dark,MIDBLOCK,Saturday,September,1,BROADVIEW AVE,2,ROAD,LOCAL,9.0,20.0,PAVED,TwoWay,PAVED,6,50,NO ACCESS,N,1974.0,247.65294273790292
BROADVIEW AVE,04-At/near private drive,02-Thru lane,01-Clear,07-Dark,MIDBLOCK,Saturday,September,1,BROADVIEW AVE,2,ROAD,LOCAL,8.0,20.0,PAVED,TwoWay,PAVED,6,50,NO ACCESS,N,1974.0,42.608197566878