LOCATION,ACCIDENT_LOCATION,IMPACT_LOCATION,ENVIRONMENT_CONDITION,LIGHT,COLLISION_TYPE,DAY_OF_WEEK,MONTH,IS_WEEKEND,STREET,LANES,CATEGORY,SUBCATEGORY,PAVEMENT_WIDTH,ROW_WIDTH,SHOULDER,FLOW_DIRECTION,SURFACE_LAYER_TYPE,OFFICIAL_ROAD_CLASSIFICATION,SPEED_LIMIT_KM,TRUCK_ACCESS,BUS_ROUTE,SERVICE_YEAR,Shape__Length
BROADVIEW AVE,04-At/near private drive,02-Thru lane,01-Clear,07-Dark,MIDBLOCK,Saturday,September,1,BROADVIEW AVE,2,ROAD,LANE,10.0,10.0,PAVED,TwoWay,PAVED,6,50,NO ACCESS,N,2009.0,88.76521543843398
BROADVIEW AVE,04-At/near private drive,02-Thru lane,01-Clear,07-Dark,MIDBLOCK,Saturday,September,1,BROADVIEW AVE,2,ROAD,LOCAL,8.0,20.0,PAVED,TwoWay,PAVED,6,50,NO ACCESS,N,1974.0,84.8852923820754
BROADVIEW AVE,04-At/near private drive,02-Thru lane,01-Clear,01-Daylight,MIDBLOCK,Wednesday,June,0,BROADVIEW AVE,2,ROAD,LOCAL,9.0,20.0,PAVED,TwoWay,PAVED,6,50,NO ACCESS,N,1974.0,247.65294273790292
BROADVIEW AVE,04-At/near private drive,02-Thru lane,01-Clear,01-Daylight,MIDBLOCK,Wednesday,June,0,BROADVIEW AVE,2,ROAD,LOCAL,8.0,20.0,PAVED,TwoWay,PAVED,6,50,NO ACCESS,N,1974.0,42.608197566878
BROADVIEW AVE,04-At/near private drive,02-Thru lane,01-Clear,01-Daylight,MIDBLOCK,Wednesday,June,0,BROADVIEW AVE,2,ROAD,LANE,10.0,10.0,PAVED,TwoWay,PAVED,6,50,NO ACCESS,N,2009.0,88.76521543843398
BROADVIEW AVE,04-At/near private drive,02-Thru lane,01-Clear,01-Daylight,MIDBLOCK,Wednesday,June,0,BROADVIEW AVE,2,ROAD,LOCAL,8.0,20.0,PAVED,TwoWay,PAVED,6,50,NO ACCESS,N,1974.0,84.8852923820754
PLEASANT AVE,01-Non intersection,02-Thru lane,01-Clear,01-Daylight,MIDBLOCK,Thursday,October,0,PLEASANT AVE,2,ROAD,MINOR,9.0,18.0,PAVED,TwoWay,PAVED,4,50,NO ACCESS,N,2002.0,182.41668004472402
PLEASANT AVE,01-Non intersection,02-Thru lane,01-Clear,01-Daylight,MIDBLOCK,Thursday,October,0,PLEASANT AVE,2,ROAD,MINOR,9.0,18.0,PAVED,TwoWay,PAVED,4,50,NO ACCESS,N,1913.0,95.98706323868879
PLEASANT AVE,01-Non intersection,02-Thru lane,01-Clear,01-Daylight,MIDBLOCK,Thursday,October,0,PLEASANT AVE,2,ROAD,MINOR,8.0,18.0,PAVED,TwoWay,PAVED,4,50,NO ACCESS,N,1948.0,95.8744464010488
PLEASANT AVE,01-Non intersection,02-Thru lane,02-Rain,07-Dark,MIDBLOCK,Saturday,May,1,PLEASANT AVE,2,ROAD,MINOR,9.0,18.0,PAVED,TwoWay,PAVED,4,50,NO ACCESS,N,2002.0,182.41668004472402
PLEASANT AVE,01-Non intersection,02-Thru lane,02-Rain,07-Dark,MIDBLOCK,Saturday,May,1,PLEASANT AVE,2,ROAD,MINOR,9.0,18.0,PAVED,TwoWay,PAVED,4,50,NO ACCESS,N,1913.0,95.98706323868879
PLEASANT AVE,01-Non intersection,02-Thru lane,02-Rain,07-Dark,MIDBLOCK,Saturday,May,1,PLEASANT AVE,2,ROAD,MINOR,8.0,18.0,PAVED,TwoWay,PAVED,4,50,NO ACCESS,N,1948.0,95.8744464010488
PLEASANT AVE,04-At/near private drive,02-Thru lane,01-Clear,01-Daylight,MIDBLOCK,Sunday,July,1,PLEASANT AVE,2,ROAD,MINOR,9.0,18.0,PAVED,TwoWay,PAVED,4,50,NO ACCESS,N,2002.0,182.41668004472402
PLEASANT AVE,04-At/near private drive,02-Thru lane,01-Clear,01-Daylight,MIDBLOCK,Sunday,July,1,PLEASANT AVE,2,ROAD,MINOR,9.0,18.0,PAVED,TwoWay,PAVED,4,50,NO ACCESS,N,1913.0,95.98706323868879
PLEASANT AVE,04-At/near private drive,02-Thru lane,01-Clear,01-Daylight,MIDBLOCK,Sunday,July,1,PLEASANT AVE,2,ROAD,MINOR,8.0,18.0,PAVED,TwoWay,PAVED,4,50,NO ACCESS,N,1948.0,95.8744464010488
PLEASANT AVE,04-At/near private drive,02-Thru lane,01-Clear,01-Daylight,MIDBLOCK,Wednesday,May,0,PLEASANT AVE,2,ROAD,MINOR,9.0,18.0,PAVED,TwoWay,PAVED,4,50,NO ACCESS,N,2002.0,182.41668004472402
PLEASANT AVE,04-At/near private drive,02-Thru lane,01-Clear,01-Daylight,MIDBLOCK,Wednesday,May,0,PLEASANT AVE,2,ROAD,MINOR,9.0,18.0,PAVED,TwoWay,PAVED,4,50,NO ACCESS,N,1913.0,95.98706323868879
PLEASANT AVE,04-At/near private drive,02-Thru lane,01-Clear,01-Daylight,MIDBLOCK,Wednesday,May,0,PLEASANT AVE,2,ROAD,MINOR,8.0,18.0,PAVED,TwoWay,PAVED,4,50,NO ACCESS,N,1948.0,95.8744464010488
EASTFOREST TRAIL,01-Non intersection,02-Thru lane,01-Clear,01-Daylight,MIDBLOCK,Friday,September,0,EASTFOREST TRAIL,3,ROAD,MINOR,14.0,26.0,PAVED,TwoWay,PAVED,3,50,NO ACCESS,N,2000.0,179.96533479845903
EASTFOREST TRAIL,01-Non intersection,02-Thru lane,01-Clear,01-Daylight,MIDBLOCK,Friday,September,0,EASTFOREST TRAIL,3,ROAD,MINOR,14.0,26.0,PAVED,TwoWay,PAVED,3,50,NO ACCESS,N,2000.0,102.02895026354
EASTFOREST TRAIL,01-Non intersection,02-Thru lane,01-Clear,01-Daylight,MIDBLOCK,Friday,September,0,EASTFOREST TRAIL,3,ROAD,MINOR,14.0,26.0,PAVED,TwoWay,PAVED,3,50,NO ACCESS,N,2000.0,167.335412654919
EASTFOREST TRAIL,01-Non intersection,02-Thru lane,01-Clear,01-Daylight,MIDBLOCK,Friday,September,0,EASTFOREST TRAIL,3,ROAD,MINOR,14.0,26.0,PAVED,TwoWay,PAVED,3,50,NO ACCESS,N,2000.0,132.440658991637
EASTFOREST TRAIL,01-Non intersection,02-Thru lane,01-Clear,01-Daylight,MIDBLOCK,Friday,September,0,EASTFOREST TRAIL,3,ROAD,MINOR,14.0,26.0,PAVED,TwoWay,PAVED,6,50,NO ACCESS,Y,1998.0,249.609795018084
EASTFOREST TRAIL,01-Non intersection,11-Not on roadway - right side,04-Freezing Rain,01-Daylight,MIDBLOCK,Monday,February,0,EASTFOREST TRAIL,3,ROAD,MINOR,14.0,26.0,PAVED,TwoWay,PAVED,3,50,NO ACCESS,N,2000.0,179.96533479845903
EASTFOREST TRAIL,01-Non intersection,11-Not on roadway - right side,04-Freezing Rain,01-Daylight,MIDBLOCK,Monday,February,0,EASTFOREST TRAIL,3,ROAD,MINOR,14.0,26.0,PAVED,TwoWay,PAVED,3,50,NO ACCESS,N,2000.0,102.02895026354
EASTFOREST TRAIL,01-Non intersection,11-Not on roadway - right side,04-Freezing Rain,01-Daylight,MIDBLOCK,Monday,February,0,EASTFOREST TRAIL,3,ROAD,MINOR,14.0,26.0,PAVED,TwoWay,PAVED,3,50,NO ACCESS,N,2000.0,167.335412654919
EASTFOREST TRAIL,01-Non intersection,11-Not on roadway - right side,04-Freezing Rain,01-Daylight,MIDBLOCK,Monday,February,0,EASTFOREST TRAIL,3,ROAD,MINOR,14.0,26.0,PAVED,TwoWay,PAVED,3,50,NO ACCESS,N,2000.0,132.440658991637
EASTFOREST TRAIL,01-Non intersection,11-Not on roadway - right side,04-Freezing Rain,01-Daylight,MIDBLOCK,Monday,February,0,EASTFOREST TRAIL,3,ROAD,MINOR,14.0,26.0,PAVED,TwoWay,PAVED,6,50,NO ACCESS,Y,1998.0,249.609795018084
EASTFOREST TRAIL,01-Non intersection,02-Thru lane,01-Clear,07-Dark,MIDBLOCK,Monday,October,0,EASTFOREST TRAIL,3,ROAD,MINOR,14.0,26.0,PAVED,TwoWay,PAVED,3,50,NO ACCESS,N,2000.0,179.96533479845903
EASTFOREST TRAIL,01-Non intersection,02-Thru lane,01-Clear,07-Dark,MIDBLOCK,Monday,October,0,EASTFOREST TRAIL,3,ROAD,MINOR,14.0,26.0,PAVED,TwoWay,PAVED,3,50,NO ACCESS,N,2000.0,102.02895026354
EASTFOREST TRAIL,01-Non intersection,02-Thru lane,01-Clear,07-Dark,MIDBLOCK,Monday,October,0,EASTFOREST TRAIL,3,ROAD,MINOR,14.0,26.0,PAVED,TwoWay,PAVED,3,50,NO ACCESS,N,2000.0,167.335412654919
EASTFOREST TRAIL,01-Non intersection,02-Thru lane,01-Clear,07-Dark,MIDBLOCK,Monday,October,0,EASTFOREST TRAIL,3,ROAD,MINOR,14.0,26.0,PAVED,TwoWay,PAVED,3,50,NO ACCESS,N,2000.0,132.440658991637
EASTFOREST TRAIL,01-Non intersection,02-Thru lane,01-Clear,07-Dark,MIDBLOCK,Monday,October,0,EASTFOREST TRAIL,3,ROAD,MINOR,14.0,26.0,PAVED,TwoWay,PAVED,6,50,NO ACCESS,Y,1998.0,249.609795018084
APPLE RIDGE DR,04-At/near private drive,02-Thru lane,01-Clear,01-Daylight,MIDBLOCK,Wednesday,December,0,APPLE RIDGE DR,2,ROAD,LOCAL,10.0,20.0,PAVED,TwoWay,PAVED,6,50,NO ACCESS,N,2003.0,112.221643315998
APPLE RIDGE DR,04-At/near private drive,02-Thru lane,01-Clear,01-Daylight,MIDBLOCK,Wednesday,December,0,APPLE RIDGE DR,2,ROAD,LOCAL,10.0,20.0,PAVED,TwoWay,PAVED,6,50,NO ACCESS,N,2002.0,87.7644402445507
APPLE RIDGE DR,04-At/near private drive,02-Thru lane,01-Clear,01-Daylight,MIDBLOCK,Wednesday,December,0,APPLE RIDGE DR,2,ROAD,LOCAL,9.0,20.0,PAVED,TwoWay,PAVED,6,50,NO ACCESS,N,2003.0,178.147632457822
APPLE RIDGE DR,04-At/near private drive,02-Thru lane,01-Clear,01-Daylight,MIDBLOCK,Wednesday,December,0,APPLE RIDGE DR,2,ROAD,LOCAL,8.0,20.0,PAVED,TwoWay,PAVED,6,50,NO ACCESS,N,2003.0,256.68095612941397
APPLE RIDGE DR,04-At/near private drive,02-Thru lane,01-Clear,01-Daylight,MIDBLOCK,Wednesday,December,0,APPLE RIDGE DR,2,ROAD,LOCAL,10.0,20.0,PAVED,TwoWay,PAVED,6,50,NO ACCESS,N,2003.0,92.9842050390283
APPLE RIDGE DR,04-At/near private drive,11-Not on roadway - right side,01-Clear,"08-Dark, artificial",MIDBLOCK,Saturday,November,1,APPLE RIDGE DR,2,ROAD,LOCAL,10.0,20.0,PAVED,TwoWay,PAVED,6,50,NO ACCESS,N,2003.0,112.221643315998
APPLE RIDGE DR,04-At/near private drive,11-Not on roadway - right side,01-Clear,"08-Dark, artificial",MIDBLOCK,Saturday,November,1,APPLE RIDGE DR,2,ROAD,LOCAL,10.0,20.0,PAVED,TwoWay,PAVED,6,50,NO ACCESS,N,2002.0,87.7644402445507
APPLE RIDGE DR,04-At/near private drive,11-Not on roadway - right side,01-Clear,"08-Dark, artificial",MIDBLOCK,Saturday,November,1,APPLE RIDGE DR,2,ROAD,LOCAL,9.0,20.0,PAVED,TwoWay,PAVED,6,50,NO ACCESS,N,2003.0,178.147632457822
APPLE RIDGE DR,04-At/near private drive,11-Not on roadway - right side,01-Clear,"08-Dark, artificial",MIDBLOCK,Saturday,November,1,APPLE RIDGE DR,2,ROAD,LOCAL,8.0,20.0,PAVED,TwoWay,PAVED,6,50,NO ACCESS,N,2003.0,256.68095612941397
APPLE RIDGE DR,04-At/near private drive,11-Not on roadway - right side,01-Clear,"08-Dark, artificial",MIDBLOCK,Saturday,November,1,APPLE RIDGE DR,2,ROAD,LOCAL,10.0,20.0,PAVED,TwoWay,PAVED,6,50,NO ACCESS,N,2003.0,92.9842050390283
APPLE RIDGE DR,01-Non intersection,02-Thru lane,02-Rain,01-Daylight,MIDBLOCK,Wednesday,January,0,APPLE RIDGE DR,2,ROAD,LOCAL,10.0,20.0,PAVED,TwoWay,PAVED,6,50,NO ACCESS,N,2003.0,112.221643315998
APPLE RIDGE DR,01-Non intersection,02-Thru lane,02-Rain,01-Daylight,MIDBLOCK,Wednesday,January,0,APPLE RIDGE DR,2,ROAD,LOCAL,10.0,20.0,PAVED,TwoWay,PAVED,6,50,NO ACCESS,N,2002.0,87.7644402445507
APPLE RIDGE DR,01-Non intersection,02-Thru lane,02-Rain,01-Daylight,MIDBLOCK,Wednesday,January,0,APPLE RIDGE DR,2,ROAD,LOCAL,9.0,20.0,PAVED,TwoWay,PAVED,6,50,NO ACCESS,N,2003.0,178.147632457822
APPLE RIDGE DR,01-Non intersection,02-Thru lane,02-Rain,01-Daylight,MIDBLOCK,Wednesday,January,0,APPLE RIDGE DR,2,ROAD,LOCAL,8.0,20.0,PAVED,TwoWay,PAVED,6,50,NO ACCESS,N,2003.0,256.68095612941397
APPLE RIDGE DR,01-Non intersection,02-Thru lane,02-Rain,01-Daylight,MIDBLOCK,Wednesday,January,0,APPLE RIDGE DR,2,ROAD,LOCAL,10.0,20.0,PAVED,TwoWay,PAVED,6,50,NO ACCESS,N,2003.0,92.9842050390283
APPLE RIDGE DR,01-Non intersection,02-Thru lane,01-Clear,01-Daylight,MIDBLOCK,Wednesday,February,0,APPLE RIDGE DR,2,ROAD,LOCAL,10.0,20.0,PAVED,TwoWay,PAVED,6,50,NO ACCESS,N,2003.0,112.221643315998
APPLE RIDGE DR,01-Non intersection,02-Thru lane,01-Clear,01-Daylight,MIDBLOCK,Wednesday,February,0,APPLE RIDGE DR,2,ROAD,LOCAL,10.0,20.0,PAVED,TwoWay,PAVED,6,50,NO ACCESS,N,2002.0,87.7644402445507
APPLE RIDGE DR,01-Non intersection,02-Thru lane,01-Clear,01-Daylight,MIDBLOCK,Wednesday,February,0,APPLE RIDGE DR,2,ROAD,LOCAL,9.0,20.0,PAVED,TwoWay,PAVED,6,50,NO ACCESS,N,2003.0,178.147632457822
APPLE RIDGE DR,01-Non intersection,02-Thru lane,01-Clear,01-Daylight,MIDBLOCK,Wednesday,February,0,APPLE RIDGE DR,2,ROAD,LOCAL,8.0,20.0,PAVED,TwoWay,PAVED,6,50,NO ACCESS,N,2003.0,256.68095612941397
APPLE RIDGE DR,01-Non intersection,02-Thru lane,01-Clear,01-Daylight,MIDBLOCK,Wednesday,February,0,APPLE RIDGE DR,2,ROAD,LOCAL,10.0,20.0,PAVED,TwoWay,PAVED,6,50,NO ACCESS,N,2003.0,92.9842050390283
APPLE RIDGE DR,04-At/near private drive,02-Thru lane,01-Clear,"08-Dark, artificial",MIDBLOCK,Tuesday,February,0,APPLE RIDGE DR,2,ROAD,LOCAL,10.0,20.0,PAVED,TwoWay,PAVED,6,50,NO ACCESS,N,2003.0,112.221643315998
APPLE RIDGE DR,04-At/near private drive,02-Thru lane,01-Clear,"08-Dark, artificial",MIDBLOCK,Tuesday,February,0,APPLE RIDGE DR,2,ROAD,LOCAL,10.0,20.0,PAVED,TwoWay,PAVED,6,50,NO ACCESS,N,2002.0,87.7644402445507
APPLE RIDGE DR,04-At/near private drive,02-Thru lane,01-Clear,"08-Dark, artificial",MIDBLOCK,Tuesday,February,0,APPLE RIDGE DR,2,ROAD,LOCAL,9.0,20.0,PAVED,TwoWay,PAVED,6,50,NO ACCESS,N,2003.0,178.147632457822
APPLE RIDGE DR,04-At/near private drive,02-Thru lane,01-Clear,"08-Dark, artificial",MIDBLOCK,Tuesday,February,0,APPLE RIDGE DR,2,ROAD,LOCAL,8.0,20.0,PAVED,TwoWay,PAVED,6,50,NO ACCESS,N,2003.0,256.68095612941397
APPLE RIDGE DR,04-At/near private drive,02-Thru lane,01-Clear,"08-Dark, artificial",MIDBLOCK,Tuesday,February,0,APPLE RIDGE DR,2,ROAD,LOCAL,10.0,20.0,PAVED,TwoWay,PAVED,6,50,NO ACCESS,N,2003.0,92.9842050390283
APPLE RIDGE DR,03-At intersection,02-Thru lane,01-Clear,01-Daylight,MIDBLOCK,Friday,November,0,APPLE RIDGE DR,2,ROAD,LOCAL,10.0,20.0,PAVED,TwoWay,PAVED,6,50,NO ACCESS,N,2003.0,112.221643315998
APPLE RIDGE DR,03-At intersection,02-Thru lane,01-Clear,01-Daylight,MIDBLOCK,Friday,November,0,APPLE RIDGE DR,2,ROAD,LOCAL,10.0,20.0,PAVED,TwoWay,PAVED,6,50,NO ACCESS,N,2002.0,87.7644402445507
APPLE RIDGE DR,03-At intersection,02-Thru lane,01-Clear,01-Daylight,MIDBLOCK,Friday,November,0,APPLE RIDGE DR,2,ROAD,LOCAL,9.0,20.0,PAVED,TwoWay,PAVED,6,50,NO ACCESS,N,2003.0,178.147632457822
APPLE RIDGE DR,03-At intersection,02-Thru lane,01-Clear,01-Daylight,MIDBLOCK,Friday,November,0,APPLE RIDGE DR,2,ROAD,LOCAL,8.0,20.0,PAVED,TwoWay,PAVED,6,50,NO ACCESS,N,2003.0,256.68095612941397
APPLE RIDGE DR,03-At intersection,02-Thru lane,01-Clear,01-Daylight,MIDBLOCK,Friday,November,0,APPLE RIDGE DR,2,ROAD,LOCAL,10.0,20.0,PAVED,TwoWay,PAVED,6,50,NO ACCESS,N,2003.0,92.9842050390283
APPLE RIDGE DR,04-At/near private drive,02-Thru lane,01-Clear,"08-Dark, artificial",MIDBLOCK,Friday,February,0,APPLE RIDGE DR,2,ROAD,LOCAL,10.0,20.0,PAVED,TwoWay,PAVED,6,50,NO ACCESS,N,2003.0,112.221643315998
APPLE RIDGE DR,04-At/near private drive,02-Thru lane,01-Clear,"08-Dark, artificial",MIDBLOCK,Friday,February,0,APPLE RIDGE DR,2,ROAD,LOCAL,10.0,20.0,PAVED,TwoWay,PAVED,6,50,NO ACCESS,N,2002.0,87.7644402445507
APPLE RIDGE DR,04-At/near private drive,02-Thru lane,01-Clear,"08-Dark, artificial",MIDBLOCK,Friday,February,0,APPLE RIDGE DR,2,ROAD,LOCAL,9.0,20.0,PAVED,TwoWay,PAVED,6,50,NO ACCESS,N,2003.0,178.147632457822
APPLE RIDGE DR,04-At/near private drive,02-Thru lane,01-Clear,"08-Dark, artificial",MIDBLOCK,Friday,February,0,APPLE RIDGE DR,2,ROAD,LOCAL,8.0,20.0,PAVED,TwoWay,PAVED,6,50,NO ACCESS,N,2003.0,256.68095612941397
APPLE RIDGE DR,04-At/near private drive,02-Thru lane,01-Clear,"08-Dark, artificial",MIDBLOCK,Friday,February,0,APPLE RIDGE DR,2,ROAD,LOCAL,10.0,20.0,PAVED,TwoWay,PAVED,6,50,NO ACCESS,N,2003.0,92.9842050390283
APPLE RIDGE DR,01-Non intersection,12-Off highway,01-Clear,01-Daylight,MIDBLOCK,Saturday,September,1,APPLE RIDGE DR,2,ROAD,LOCAL,10.0,20.0,PAVED,TwoWay,PAVED,6,50,NO ACCESS,N,2003.0,112.221643315998
APPLE RIDGE DR,01-Non intersection,12-Off highway,01-Clear,01-Daylight,MIDBLOCK,Saturday,September,1,APPLE RIDGE DR,2,ROAD,LOCAL,10.0,20.0,PAVED,TwoWay,PAVED,6,50,NO ACCESS,N,2002.0,87.7644402445507
APPLE RIDGE DR,01-Non intersection,12-Off highway,01-Clear,01-Daylight,MIDBLOCK,Saturday,September,1,APPLE RIDGE DR,2,ROAD,LOCAL,9.0,20.0,PAVED,TwoWay,PAVED,6,50,NO ACCESS,N,2003.0,178.147632457822
APPLE RIDGE DR,01-Non intersection,12-Off highway,01-Clear,01-Daylight,MIDBLOCK,Saturday,September,1,APPLE RIDGE DR,2,ROAD,LOCAL,8.0,20.0,PAVED,TwoWay,PAVED,6,50,NO ACCESS,N,2003.0,256.68095612941397
APPLE RIDGE DR,01-Non intersection,12-Off highway,01-Clear,01-Daylight,MIDBLOCK,Saturday,September,1,APPLE RIDGE DR,2,ROAD,LOCAL,10.0,20.0,PAVED,TwoWay,PAVED,6,50,NO ACCESS,N,2003.0,92.9842050390283
APPLE RIDGE DR,01-Non intersection,02-Thru lane,01-Clear,07-Dark,MIDBLOCK,Sunday,January,1,APPLE RIDGE DR,2,ROAD,LOCAL,10.0,20.0,PAVED,TwoWay,PAVED,6,50,NO ACCESS,N,2003.0,112.221643315998
APPLE RIDGE DR,01-Non intersection,02-Thru lane,01-Clear,07-Dark,MIDBLOCK,Sunday,January,1,APPLE RIDGE DR,2,ROAD,LOCAL,10.0,20.0,PAVED,TwoWay,PAVED,6,50,NO ACCESS,N,2002.0,87.7644402445507
APPLE RIDGE DR,01-Non intersection,02-Thru lane,01-Clear,07-Dark,MIDBLOCK,Sunday,January,1,APPLE RIDGE DR,2,ROAD,LOCAL,9.0,20.0,PAVED,TwoWay,PAVED,6,50,NO ACCESS,N,2003.0,178.147632457822
APPLE RIDGE DR,01-Non intersection,02-Thru lane,01-Clear,07-Dark,MIDBLOCK,Sunday,January,1,APPLE RIDGE DR,2,ROAD,LOCAL,8.0,20.0,PAVED,TwoWay,PAVED,6,50,NO ACCESS,N,2003.0,256.68095612941397
APPLE RIDGE DR,01-Non intersection,02-Thru lane,01-Clear,07-Dark,MIDBLOCK,Sunday,January,1,APPLE RIDGE DR,2,ROAD,LOCAL,10.0,20.0,PAVED,TwoWay,PAVED,6,50,NO ACCESS,N,2003.0,92.9842050390283
APPLE RIDGE DR,04-At/near private drive,02-Thru lane,01-Clear,01-Daylight,MIDBLOCK,Monday,January,0,APPLE RIDGE DR,2,ROAD,LOCAL,10.0,20.0,PAVED,TwoWay,PAVED,6,50,NO ACCESS,N,2003.0,112.221643315998
APPLE RIDGE DR,04-At/near private drive,02-Thru lane,01-Clear,01-Daylight,MIDBLOCK,Monday,January,0,APPLE RIDGE DR,2,ROAD,LOCAL,10.0,20.0,PAVED,TwoWay,PAVED,6,50,NO ACCESS,N,2002.0,87.7644402445507
APPLE RIDGE DR,04-At/near private drive,02-Thru lane,01-Clear,01-Daylight,MIDBLOCK,Monday,January,0,APPLE RIDGE DR,2,ROAD,LOCAL,9.0,20.0,PAVED,TwoWay,PAVED,6,50,NO ACCESS,N,2003.0,178.147632457822
APPLE RIDGE DR,04-At/near private drive,02-Thru lane,01-Clear,01-Daylight,MIDBLOCK,Monday,January,0,APPLE RIDGE DR,2,ROAD,LOCAL,8.0,20.0,PAVED,TwoWay,PAVED,6,50,NO ACCESS,N,2003.0,256.68095612941397
APPLE RIDGE DR,04-At/near private drive,02-Thru lane,01-Clear,01-Daylight,MIDBLOCK,Monday,January,0,APPLE RIDGE DR,2,ROAD,LOCAL,10.0,20.0,PAVED,TwoWay,PAVED,6,50,NO ACCESS,N,2003.0,92.9842050390283
DONNENWERTH DR,04-At/near private drive,02-Thru lane,01-Clear,01-Daylight,MIDBLOCK,Wednesday,February,0,DONNENWERTH DR,2,ROAD,LOCAL,10.0,20.0,PAVED,TwoWay,PAVED,6,50,NO ACCESS,N,2003.0,250.53481885342998
DONNENWERTH DR,04-At/near private drive,02-Thru lane,01-Clear,01-Daylight,MIDBLOCK,Wednesday,February,0,DONNENWERTH DR,2,ROAD,LOCAL,10.0,20.0,PAVED,TwoWay,PAVED,6,50,NO ACCESS,N,2003.0,69.1666933270618
DONNENWERTH DR,04-At/near private drive,02-Thru lane,01-Clear,01-Daylight,MIDBLOCK,Wednesday,February,0,DONNENWERTH DR,2,ROAD,LOCAL,10.0,20.0,PAVED,TwoWay,PAVED,6,50,NO ACCESS,N,2003.0,169.441510353738
DONNENWERTH DR,04-At/near private drive,09-Right shoulder,01-Clear,"08-Dark, artificial",MIDBLOCK,Sunday,July,1,DONNENWERTH DR,2,ROAD,LOCAL,10.0,20.0,PAVED,TwoWay,PAVED,6,50,NO ACCESS,N,2003.0,250.53481885342998
DONNENWERTH DR,04-At/near private drive,09-Right shoulder,01-Clear,"08-Dark, artificial",MIDBLOCK,Sunday,July,1,DONNENWERTH DR,2,ROAD,LOCAL,10.0,20.0,PAVED,TwoWay,PAVED,6,50,NO ACCESS,N,2003.0,69.1666933270618
DONNENWERTH DR,04-At/near private drive,09-Right shoulder,01-Clear,"08-Dark, artificial",MIDBLOCK,Sunday,July,1,DONNENWERTH DR,2,ROAD,LOCAL,10.0,20.0,PAVED,TwoWay,PAVED,6,50,NO ACCESS,N,2003.0,169.441510353738
DONNENWERTH DR,01-Non intersection,02-Thru lane,01-Clear,"08-Dark, artificial",MIDBLOCK,Thursday,December,0,DONNENWERTH DR,2,ROAD,LOCAL,10.0,20.0,PAVED,TwoWay,PAVED,6,50,NO ACCESS,N,2003.0,250.53481885342998
DONNENWERTH DR,01-Non intersection,02-Thru lane,01-Clear,"08-Dark, artificial",MIDBLOCK,Thursday,December,0,DONNENWERTH DR,2,ROAD,LOCAL,10.0,20.0,PAVED,TwoWay,PAVED,6,50,NO ACCESS,N,2003.0,69.1666933270618
DONNENWERTH DR,01-Non intersection,02-Thru lane,01-Clear,"08-Dark, artificial",MIDBLOCK,Thursday,December,0,DONNENWERTH DR,2,ROAD,LOCAL,10.0,20.0,PAVED,TwoWay,PAVED,6,50,NO ACCESS,N,2003.0,169.441510353738
DONNENWERTH DR,04-At/near private drive,02-Thru lane,01-Clear,01-Daylight,MIDBLOCK,Saturday,August,1,DONNENWERTH DR,2,ROAD,LOCAL,10.0,20.0,PAVED,TwoWay,PAVED,6,50,NO ACCESS,N,2003.0,250.53481885342998
DONNENWERTH DR,04-At/near private drive,02-Thru lane,01-Clear,01-Daylight,MIDBLOCK,Saturday,August,1,DONNENWERTH DR,2,ROAD,LOCAL,10.0,20.0,PAVED,TwoWay,PAVED,6,50,NO ACCESS,N,2003.0,69.1666933270618
DONNENWERTH DR,04-At/near private drive,02-Thru lane,01-Clear,01-Daylight,MIDBLOCK,Saturday,August,1,DONNENWERTH DR,2,ROAD,LOCAL,10.0,20.0,PAVED,TwoWay,PAVED,6,50,NO ACCESS,N,2003.0,169.441510353738
DONNENWERTH DR,01-Non intersection,02-Thru lane,01-Clear,"08-Dark, artificial",MIDBLOCK,Friday,September,0,DONNENWERTH DR,2,ROAD,LOCAL,10.0,20.0,PAVED,TwoWay,PAVED,6,50,NO ACCESS,N,2003.0,250.53481885342998
DONNENWERTH DR,01-Non intersection,02-Thru lane,01-Clear,"08-Dark, artificial",MIDBLOCK,Friday,September,0,DONNENWERTH DR,2,ROAD,LOCAL,10.0,20.0,PAVED,TwoWay,PAVED,6,50,NO ACCESS,N,2003.0,69.1666933270618
DONNENWERTH DR,01-Non intersection,02-Thru lane,01-Clear,"08-Dark, artificial",MIDBLOCK,Friday,September,0,DONNENWERTH DR,2,ROAD,LOCAL,10.0,20.0,PAVED,TwoWay,PAVED,6,50,NO ACCESS,N,2003.0,169.441510353738
DONNENWERTH DR,04-At/near private drive,02-Thru lane,06-Strong wind,01-Daylight,MIDBLOCK,Tuesday,January,0,DONNENWERTH DR,2,ROAD,LOCAL,10.0,20.0,PAVED,TwoWay,PAVED,6,50,NO ACCESS,N,2003.0,250.53481885342998
DONNENWERTH DR,04-At/near private drive,02-Thru lane,06-Strong wind,01-Daylight,MIDBLOCK,Tuesday,January,0,DONNENWERTH DR,2,ROAD,LOCAL,10.0,20.0,PAVED,TwoWay,PAVED,6,50,NO ACCESS,N,2003.0,69.1666933270618
DONNENWERTH DR,04-At/near private drive,02-Thru lane,06-Strong wind,01-Daylight,MIDBLOCK,Tuesday,January,0,DONNENWERTH DR,2,ROAD,LOCAL,10.0,20.0,PAVED,TwoWay,PAVED,6,50,NO ACCESS,N,2003.0,169.441510353738