LOCATION,ACCIDENT_LOCATION,IMPACT_LOCATION,ENVIRONMENT_CONDITION,LIGHT,COLLISION_TYPE,DAY_OF_WEEK,MONTH,IS_WEEKEND,STREET,LANES,CATEGORY,SUBCATEGORY,PAVEMENT_WIDTH,ROW_WIDTH,SHOULDER,FLOW_DIRECTION,SURFACE_LAYER_TYPE,OFFICIAL_ROAD_CLASSIFICATION,SPEED_LIMIT_KM,TRUCK_ACCESS,BUS_ROUTE,SERVICE_YEAR,Shape__Length
DONNENWERTH DR,04-At/near private drive,10-Not on roadway - left side,01-Clear,01-Daylight,MIDBLOCK,Wednesday,August,0,DONNENWERTH DR,2,ROAD,LOCAL,10.0,20.0,PAVED,TwoWay,PAVED,6,50,NO ACCESS,N,2003.0,250.53481885342998
DONNENWERTH DR,04-At/near private drive,10-Not on roadway - left side,01-Clear,01-Daylight,MIDBLOCK,Wednesday,August,0,DONNENWERTH DR,2,ROAD,LOCAL,10.0,20.0,PAVED,TwoWay,PAVED,6,50,NO ACCESS,N,2003.0,69.1666933270618
DONNENWERTH DR,04-At/near private drive,10-Not on roadway - left side,01-Clear,01-Daylight,MIDBLOCK,Wednesday,August,0,DONNENWERTH DR,2,ROAD,LOCAL,10.0,20.0,PAVED,TwoWay,PAVED,6,50,NO ACCESS,N,2003.0,169.441510353738
DONNENWERTH DR,04-At/near private drive,02-Thru lane,03-Snow,01-Daylight,MIDBLOCK,Friday,November,0,DONNENWERTH DR,2,ROAD,LOCAL,10.0,20.0,PAVED,TwoWay,PAVED,6,50,NO ACCESS,N,2003.0,250.53481885342998
DONNENWERTH DR,04-At/near private drive,02-Thru lane,03-Snow,01-Daylight,MIDBLOCK,Friday,November,0,DONNENWERTH DR,2,ROAD,LOCAL,10.0,20.0,PAVED,TwoWay,PAVED,6,50,NO ACCESS,N,2003.0,69.1666933270618
DONNENWERTH DR,04-At/near private drive,02-Thru lane,03-Snow,01-Daylight,MIDBLOCK,Friday,November,0,DONNENWERTH DR,2,ROAD,LOCAL,10.0,20.0,PAVED,TwoWay,PAVED,6,50,NO ACCESS,N,2003.0,169.441510353738
DONNENWERTH DR,01-Non intersection,09-Right shoulder,01-Clear,01-Daylight,MIDBLOCK,Tuesday,August,0,DONNENWERTH DR,2,ROAD,LOCAL,10.0,20.0,PAVED,TwoWay,PAVED,6,50,NO ACCESS,N,2003.0,250.53481885342998
DONNENWERTH DR,01-Non intersection,09-Right shoulder,01-Clear,01-Daylight,MIDBLOCK,Tuesday,August,0,DONNENWERTH DR,2,ROAD,LOCAL,10.0,20.0,PAVED,TwoWay,PAVED,6,50,NO ACCESS,N,2003.0,69.1666933270618
DONNENWERTH DR,01-Non intersection,09-Right shoulder,01-Clear,01-Daylight,MIDBLOCK,Tuesday,August,0,DONNENWERTH DR,2,ROAD,LOCAL,10.0,20.0,PAVED,TwoWay,PAVED,6,50,NO ACCESS,N,2003.0,169.441510353738
DONNENWERTH DR,04-At/near private drive,02-Thru lane,01-Clear,01-Daylight,MIDBLOCK,Saturday,February,1,DONNENWERTH DR,2,ROAD,LOCAL,10.0,20.0,PAVED,TwoWay,PAVED,6,50,NO ACCESS,N,2003.0,250.53481885342998
DONNENWERTH DR,04-At/near private drive,02-Thru lane,01-Clear,01-Daylight,MIDBLOCK,Saturday,February,1,DONNENWERTH DR,2,ROAD,LOCAL,10.0,20.0,PAVED,TwoWay,PAVED,6,50,NO ACCESS,N,2003.0,69.1666933270618
DONNENWERTH DR,04-At/near private drive,02-Thru lane,01-Clear,01-Daylight,MIDBLOCK,Saturday,February,1,DONNENWERTH DR,2,ROAD,LOCAL,10.0,20.0,PAVED,TwoWay,PAVED,6,50,NO ACCESS,N,2003.0,169.441510353738
ROSS AVE,01-Non intersection,02-Thru lane,01-Clear,01-Daylight,MIDBLOCK,Thursday,April,0,ROSS AVE,2,ROAD,LOCAL,9.0,20.0,PAVED,TwoWay,PAVED,6,50,NO ACCESS,N,1957.0,406.55274463861997
ROSS AVE,01-Non intersection,02-Thru lane,01-Clear,01-Daylight,MIDBLOCK,Thursday,April,0,ROSS AVE,2,ROAD,LOCAL,9.0,20.0,PAVED,TwoWay,PAVED,6,50,NO ACCESS,N,1957.0,220.249246675202
ROSS AVE,01-Non intersection,02-Thru lane,01-Clear,01-Daylight,MIDBLOCK,Thursday,April,0,ROSS AVE,2,ROAD,LOCAL,9.0,15.0,PAVED,TwoWay,PAVED,6,50,NO ACCESS,N,1935.0,60.293829739887705
ROSS AVE,01-Non intersection,02-Thru lane,01-Clear,01-Daylight,MIDBLOCK,Thursday,April,0,ROSS AVE,2,ROAD,LOCAL,9.0,20.0,PAVED,TwoWay,PAVED,6,50,NO ACCESS,N,1957.0,169.531149920762
ROSS AVE,04-At/near private drive,02-Thru lane,01-Clear,07-Dark,MIDBLOCK,Wednesday,January,0,ROSS AVE,2,ROAD,LOCAL,9.0,20.0,PAVED,TwoWay,PAVED,6,50,NO ACCESS,N,1957.0,406.55274463861997
ROSS AVE,04-At/near private drive,02-Thru lane,01-Clear,07-Dark,MIDBLOCK,Wednesday,January,0,ROSS AVE,2,ROAD,LOCAL,9.0,20.0,PAVED,TwoWay,PAVED,6,50,NO ACCESS,N,1957.0,220.249246675202
ROSS AVE,04-At/near private drive,02-Thru lane,01-Clear,07-Dark,MIDBLOCK,Wednesday,January,0,ROSS AVE,2,ROAD,LOCAL,9.0,15.0,PAVED,TwoWay,PAVED,6,50,NO ACCESS,N,1935.0,60.293829739887705
ROSS AVE,04-At/near private drive,02-Thru lane,01-Clear,07-Dark,MIDBLOCK,Wednesday,January,0,ROSS AVE,2,ROAD,LOCAL,9.0,20.0,PAVED,TwoWay,PAVED,6,50,NO ACCESS,N,1957.0,169.531149920762
ROSS AVE,04-At/near private drive,02-Thru lane,01-Clear,01-Daylight,MIDBLOCK,Sunday,December,1,ROSS AVE,2,ROAD,LOCAL,9.0,20.0,PAVED,TwoWay,PAVED,6,50,NO ACCESS,N,1957.0,406.55274463861997
ROSS AVE,04-At/near private drive,02-Thru lane,01-Clear,01-Daylight,MIDBLOCK,Sunday,December,1,ROSS AVE,2,ROAD,LOCAL,9.0,20.0,PAVED,TwoWay,PAVED,6,50,NO ACCESS,N,1957.0,220.249246675202
ROSS AVE,04-At/near private drive,02-Thru lane,01-Clear,01-Daylight,MIDBLOCK,Sunday,December,1,ROSS AVE,2,ROAD,LOCAL,9.0,15.0,PAVED,TwoWay,PAVED,6,50,NO ACCESS,N,1935.0,60.293829739887705
ROSS AVE,04-At/near private drive,02-Thru lane,01-Clear,01-Daylight,MIDBLOCK,Sunday,December,1,ROSS AVE,2,ROAD,LOCAL,9.0,20.0,PAVED,TwoWay,PAVED,6,50,NO ACCESS,N,1957.0,169.531149920762
ROSS AVE,99-Other,12-Off highway,01-Clear,01-Daylight,MIDBLOCK,Monday,June,0,ROSS AVE,2,ROAD,LOCAL,9.0,20.0,PAVED,TwoWay,PAVED,6,50,NO ACCESS,N,1957.0,406.55274463861997
ROSS AVE,99-Other,12-Off highway,01-Clear,01-Daylight,MIDBLOCK,Monday,June,0,ROSS AVE,2,ROAD,LOCAL,9.0,20.0,PAVED,TwoWay,PAVED,6,50,NO ACCESS,N,1957.0,220.249246675202
ROSS AVE,99-Other,12-Off highway,01-Clear,01-Daylight,MIDBLOCK,Monday,June,0,ROSS AVE,2,ROAD,LOCAL,9.0,15.0,PAVED,TwoWay,PAVED,6,50,NO ACCESS,N,1935.0,60.293829739887705
ROSS AVE,99-Other,12-Off highway,01-Clear,01-Daylight,MIDBLOCK,Monday,June,0,ROSS AVE,2,ROAD,LOCAL,9.0,20.0,PAVED,TwoWay,PAVED,6,50,NO ACCESS,N,1957.0,169.531149920762
ROSS AVE,04-At/near private drive,02-Thru lane,01-Clear,01-Daylight,MIDBLOCK,Thursday,February,0,ROSS AVE,2,ROAD,LOCAL,9.0,20.0,PAVED,TwoWay,PAVED,6,50,NO ACCESS,N,1957.0,406.55274463861997
ROSS AVE,04-At/near private drive,02-Thru lane,01-Clear,01-Daylight,MIDBLOCK,Thursday,February,0,ROSS AVE,2,ROAD,LOCAL,9.0,20.0,PAVED,TwoWay,PAVED,6,50,NO ACCESS,N,1957.0,220.249246675202
ROSS AVE,04-At/near private drive,02-Thru lane,01-Clear,01-Daylight,MIDBLOCK,Thursday,February,0,ROSS AVE,2,ROAD,LOCAL,9.0,15.0,PAVED,TwoWay,PAVED,6,50,NO ACCESS,N,1935.0,60.293829739887705
ROSS AVE,04-At/near private drive,02-Thru lane,01-Clear,01-Daylight,MIDBLOCK,Thursday,February,0,ROSS AVE,2,ROAD,LOCAL,9.0,20.0,PAVED,TwoWay,PAVED,6,50,NO ACCESS,N,1957.0,169.531149920762
OLD CHICOPEE TRAIL,01-Non intersection,02-Thru lane,01-Clear,01-Daylight,MIDBLOCK,Wednesday,March,0,OLD CHICOPEE TRAIL,2,ROAD,LOCAL,8.0,16.0,PAVED,TwoWay,PAVED,6,50,NO ACCESS,N,1958.0,776.753348084904
OLD CHICOPEE TRAIL,04-At/near private drive,09-Right shoulder,01-Clear,01-Daylight,MIDBLOCK,Monday,March,0,OLD CHICOPEE TRAIL,2,ROAD,LOCAL,8.0,16.0,PAVED,TwoWay,PAVED,6,50,NO ACCESS,N,1958.0,776.753348084904
OLD CHICOPEE TRAIL,04-At/near private drive,02-Thru lane,01-Clear,01-Daylight,MIDBLOCK,Wednesday,November,0,OLD CHICOPEE TRAIL,2,ROAD,LOCAL,8.0,16.0,PAVED,TwoWay,PAVED,6,50,NO ACCESS,N,1958.0,776.753348084904
OLD CHICOPEE TRAIL,04-At/near private drive,02-Thru lane,01-Clear,01-Daylight,MIDBLOCK,Friday,April,0,OLD CHICOPEE TRAIL,2,ROAD,LOCAL,8.0,16.0,PAVED,TwoWay,PAVED,6,50,NO ACCESS,N,1958.0,776.753348084904
OLD CHICOPEE TRAIL,01-Non intersection,08-Left shoulder,01-Clear,01-Daylight,MIDBLOCK,Monday,November,0,OLD CHICOPEE TRAIL,2,ROAD,LOCAL,8.0,16.0,PAVED,TwoWay,PAVED,6,50,NO ACCESS,N,1958.0,776.753348084904
OLD CHICOPEE TRAIL,04-At/near private drive,09-Right shoulder,02-Rain,01-Daylight,MIDBLOCK,Tuesday,September,0,OLD CHICOPEE TRAIL,2,ROAD,LOCAL,8.0,16.0,PAVED,TwoWay,PAVED,6,50,NO ACCESS,N,1958.0,776.753348084904
CEDAR CREST ST,04-At/near private drive,02-Thru lane,01-Clear,01-Daylight,MIDBLOCK,Wednesday,May,0,CEDAR CREST ST,2,ROAD,LOCAL,8.0,20.0,PAVED,TwoWay,PAVED,6,50,NO ACCESS,N,1979.0,287.654886722563
CEDAR CREST ST,04-At/near private drive,02-Thru lane,01-Clear,01-Daylight,MIDBLOCK,Wednesday,May,0,CEDAR CREST ST,2,ROAD,LOCAL,8.0,20.0,PAVED,TwoWay,PAVED,6,50,NO ACCESS,N,1979.0,292.066978694003
CEDAR CREST ST,01-Non intersection,04-Right turn lane,02-Rain,01-Daylight,MIDBLOCK,Monday,March,0,CEDAR CREST ST,2,ROAD,LOCAL,8.0,20.0,PAVED,TwoWay,PAVED,6,50,NO ACCESS,N,1979.0,287.654886722563
CEDAR CREST ST,01-Non intersection,04-Right turn lane,02-Rain,01-Daylight,MIDBLOCK,Monday,March,0,CEDAR CREST ST,2,ROAD,LOCAL,8.0,20.0,PAVED,TwoWay,PAVED,6,50,NO ACCESS,N,1979.0,292.066978694003
CEDAR CREST ST,99-Other,12-Off highway,01-Clear,07-Dark,MIDBLOCK,Sunday,April,1,CEDAR CREST ST,2,ROAD,LOCAL,8.0,20.0,PAVED,TwoWay,PAVED,6,50,NO ACCESS,N,1979.0,287.654886722563
CEDAR CREST ST,99-Other,12-Off highway,01-Clear,07-Dark,MIDBLOCK,Sunday,April,1,CEDAR CREST ST,2,ROAD,LOCAL,8.0,20.0,PAVED,TwoWay,PAVED,6,50,NO ACCESS,N,1979.0,292.066978694003
CEDAR CREST ST,04-At/near private drive,02-Thru lane,01-Clear,01-Daylight,MIDBLOCK,Saturday,December,1,CEDAR CREST ST,2,ROAD,LOCAL,8.0,20.0,PAVED,TwoWay,PAVED,6,50,NO ACCESS,N,1979.0,287.654886722563
CEDAR CREST ST,04-At/near private drive,02-Thru lane,01-Clear,01-Daylight,MIDBLOCK,Saturday,December,1,CEDAR CREST ST,2,ROAD,LOCAL,8.0,20.0,PAVED,TwoWay,PAVED,6,50,NO ACCESS,N,1979.0,292.066978694003
CEDAR CREST ST,04-At/near private drive,02-Thru lane,01-Clear,"06-Dusk, artificial",MIDBLOCK,Monday,February,0,CEDAR CREST ST,2,ROAD,LOCAL,8.0,20.0,PAVED,TwoWay,PAVED,6,50,NO ACCESS,N,1979.0,287.654886722563
CEDAR CREST ST,04-At/near private drive,02-Thru lane,01-Clear,"06-Dusk, artificial",MIDBLOCK,Monday,February,0,CEDAR CREST ST,2,ROAD,LOCAL,8.0,20.0,PAVED,TwoWay,PAVED,6,50,NO ACCESS,N,1979.0,292.066978694003
CEDAR CREST ST,04-At/near private drive,99-Other,01-Clear,01-Daylight,MIDBLOCK,Saturday,April,1,CEDAR CREST ST,2,ROAD,LOCAL,8.0,20.0,PAVED,TwoWay,PAVED,6,50,NO ACCESS,N,1979.0,287.654886722563
CEDAR CREST ST,04-At/near private drive,99-Other,01-Clear,01-Daylight,MIDBLOCK,Saturday,April,1,CEDAR CREST ST,2,ROAD,LOCAL,8.0,20.0,PAVED,TwoWay,PAVED,6,50,NO ACCESS,N,1979.0,292.066978694003
BATTLER RD,01-Non intersection,02-Thru lane,05-Drifting Snow,07-Dark,MIDBLOCK,Sunday,December,1,BATTLER RD,2,ROAD,MINOR,9.0,20.0,PAVED,TwoWay,PAVED,6,50,NO ACCESS,Y,1860.0,129.69965929179
BATTLER RD,01-Non intersection,09-Right shoulder,01-Clear,01-Daylight,MIDBLOCK,Tuesday,October,0,BATTLER RD,2,ROAD,MINOR,9.0,20.0,PAVED,TwoWay,PAVED,6,50,NO ACCESS,Y,1860.0,129.69965929179
BATTLER RD,04-At/near private drive,02-Thru lane,01-Clear,01-Daylight,MIDBLOCK,Thursday,November,0,BATTLER RD,2,ROAD,MINOR,9.0,20.0,PAVED,TwoWay,PAVED,6,50,NO ACCESS,Y,1860.0,129.69965929179
BATTLER RD,04-At/near private drive,02-Thru lane,01-Clear,01-Daylight,MIDBLOCK,Wednesday,August,0,BATTLER RD,2,ROAD,MINOR,9.0,20.0,PAVED,TwoWay,PAVED,6,50,NO ACCESS,Y,1860.0,129.69965929179
COACH HILL DR,01-Non intersection,02-Thru lane,03-Snow,"08-Dark, artificial",MIDBLOCK,Saturday,December,1,COACH HILL DR,2,ROAD,LOCAL,9.0,20.0,PAVED,TwoWay,PAVED,6,50,NO ACCESS,N,2004.0,61.9676729804669
COACH HILL DR,01-Non intersection,02-Thru lane,03-Snow,"08-Dark, artificial",MIDBLOCK,Saturday,December,1,COACH HILL DR,2,ROAD,LOCAL,9.0,20.0,PAVED,TwoWay,PAVED,6,50,NO ACCESS,N,2004.0,68.1502136050255
COACH HILL DR,01-Non intersection,02-Thru lane,03-Snow,"08-Dark, artificial",MIDBLOCK,Saturday,December,1,COACH HILL DR,2,ROAD,LOCAL,9.0,20.0,PAVED,TwoWay,PAVED,6,50,NO ACCESS,N,2004.0,684.23745898376
COACH HILL DR,01-Non intersection,02-Thru lane,01-Clear,"08-Dark, artificial",MIDBLOCK,Friday,October,0,COACH HILL DR,2,ROAD,LOCAL,9.0,20.0,PAVED,TwoWay,PAVED,6,50,NO ACCESS,N,2004.0,61.9676729804669
COACH HILL DR,01-Non intersection,02-Thru lane,01-Clear,"08-Dark, artificial",MIDBLOCK,Friday,October,0,COACH HILL DR,2,ROAD,LOCAL,9.0,20.0,PAVED,TwoWay,PAVED,6,50,NO ACCESS,N,2004.0,68.1502136050255
COACH HILL DR,01-Non intersection,02-Thru lane,01-Clear,"08-Dark, artificial",MIDBLOCK,Friday,October,0,COACH HILL DR,2,ROAD,LOCAL,9.0,20.0,PAVED,TwoWay,PAVED,6,50,NO ACCESS,N,2004.0,684.23745898376
COACH HILL DR,01-Non intersection,02-Thru lane,01-Clear,01-Daylight,MIDBLOCK,Thursday,October,0,COACH HILL DR,2,ROAD,LOCAL,9.0,20.0,PAVED,TwoWay,PAVED,6,50,NO ACCESS,N,2004.0,61.9676729804669
COACH HILL DR,01-Non intersection,02-Thru lane,01-Clear,01-Daylight,MIDBLOCK,Thursday,October,0,COACH HILL DR,2,ROAD,LOCAL,9.0,20.0,PAVED,TwoWay,PAVED,6,50,NO ACCESS,N,2004.0,68.1502136050255
COACH HILL DR,01-Non intersection,02-Thru lane,01-Clear,01-Daylight,MIDBLOCK,Thursday,October,0,COACH HILL DR,2,ROAD,LOCAL,9.0,20.0,PAVED,TwoWay,PAVED,6,50,NO ACCESS,N,2004.0,684.23745898376
WOOLWICH ST,01-Non intersection,02-Thru lane,03-Snow,07-Dark,MIDBLOCK,Tuesday,January,0,WOOLWICH ST,2,ROAD,LOCAL,8.0,15.0,PAVED,TwoWay,PAVED,6,50,NO ACCESS,N,1870.0,201.423204307962
WOOLWICH ST,04-At/near private drive,02-Thru lane,01-Clear,01-Daylight,MIDBLOCK,Friday,May,0,WOOLWICH ST,2,ROAD,LOCAL,8.0,15.0,PAVED,TwoWay,PAVED,6,50,NO ACCESS,N,1870.0,201.423204307962
WOOLWICH ST,04-At/near private drive,02-Thru lane,01-Clear,01-Daylight,MIDBLOCK,Thursday,March,0,WOOLWICH ST,2,ROAD,LOCAL,8.0,15.0,PAVED,TwoWay,PAVED,6,50,NO ACCESS,N,1870.0,201.423204307962
WOOLWICH ST,04-At/near private drive,99-Other,01-Clear,07-Dark,MIDBLOCK,Monday,December,0,WOOLWICH ST,2,ROAD,LOCAL,8.0,15.0,PAVED,TwoWay,PAVED,6,50,NO ACCESS,N,1870.0,201.423204307962
WOOLWICH ST,04-At/near private drive,02-Thru lane,01-Clear,"08-Dark, artificial",MIDBLOCK,Friday,February,0,WOOLWICH ST,2,ROAD,LOCAL,8.0,15.0,PAVED,TwoWay,PAVED,6,50,NO ACCESS,N,1870.0,201.423204307962
KENT AVE,04-At/near private drive,02-Thru lane,01-Clear,01-Daylight,MIDBLOCK,Monday,March,0,KENT AVE,2,ROAD,LOCAL,9.0,18.0,PAVED,TwoWay,PAVED,6,50,NO ACCESS,N,1880.0,81.2202518565007
KENT AVE,04-At/near private drive,09-Right shoulder,01-Clear,01-Daylight,MIDBLOCK,Tuesday,July,0,KENT AVE,2,ROAD,LOCAL,9.0,18.0,PAVED,TwoWay,PAVED,6,50,NO ACCESS,N,1880.0,81.2202518565007
RUSHBROOK DR,04-At/near private drive,02-Thru lane,01-Clear,07-Dark,MIDBLOCK,Saturday,February,1,RUSHBROOK DR,2,ROAD,LOCAL,9.0,18.0,PAVED,TwoWay,PAVED,6,50,NO ACCESS,N,1987.0,428.120616730031
RUSHBROOK DR,01-Non intersection,10-Not on roadway - left side,01-Clear,01-Daylight,MIDBLOCK,Wednesday,June,0,RUSHBROOK DR,2,ROAD,LOCAL,9.0,18.0,PAVED,TwoWay,PAVED,6,50,NO ACCESS,N,1987.0,428.120616730031
RUSHBROOK DR,04-At/near private drive,02-Thru lane,01-Clear,"08-Dark, artificial",MIDBLOCK,Friday,September,0,RUSHBROOK DR,2,ROAD,LOCAL,9.0,18.0,PAVED,TwoWay,PAVED,6,50,NO ACCESS,N,1987.0,428.120616730031
RUSHBROOK DR,04-At/near private drive,09-Right shoulder,01-Clear,07-Dark,MIDBLOCK,Thursday,September,0,RUSHBROOK DR,2,ROAD,LOCAL,9.0,18.0,PAVED,TwoWay,PAVED,6,50,NO ACCESS,N,1987.0,428.120616730031
CORNELL AVE,01-Non intersection,02-Thru lane,01-Clear,01-Daylight,MIDBLOCK,Thursday,May,0,CORNELL AVE,2,ROAD,LOCAL,9.0,20.0,PAVED,TwoWay,PAVED,6,50,NO ACCESS,N,1954.0,419.1307637392469
VALLEYVIEW RD,04-At/near private drive,02-Thru lane,01-Clear,01-Daylight,MIDBLOCK,Thursday,May,0,VALLEYVIEW RD,1,BULB,LOCAL,9.0,43.0,PAVED,FromTo,PAVED,6,50,NO ACCESS,N,1952.0,79.7934163554125
VALLEYVIEW RD,04-At/near private drive,02-Thru lane,01-Clear,01-Daylight,MIDBLOCK,Thursday,May,0,VALLEYVIEW RD,2,ROAD,LOCAL,9.0,20.0,PAVED,TwoWay,PAVED,6,50,NO ACCESS,N,1952.0,83.19012765057441
VALLEYVIEW RD,04-At/near private drive,02-Thru lane,01-Clear,"08-Dark, artificial",MIDBLOCK,Saturday,November,1,VALLEYVIEW RD,1,BULB,LOCAL,9.0,43.0,PAVED,FromTo,PAVED,6,50,NO ACCESS,N,1952.0,79.7934163554125
VALLEYVIEW RD,04-At/near private drive,02-Thru lane,01-Clear,"08-Dark, artificial",MIDBLOCK,Saturday,November,1,VALLEYVIEW RD,2,ROAD,LOCAL,9.0,20.0,PAVED,TwoWay,PAVED,6,50,NO ACCESS,N,1952.0,83.19012765057441
WILKINS DR,01-Non intersection,02-Thru lane,01-Clear,01-Daylight,MIDBLOCK,Thursday,April,0,WILKINS DR,2,ROAD,LOCAL,9.0,20.0,PAVED,TwoWay,PAVED,6,50,NO ACCESS,N,1951.0,231.697782078199
WILKINS DR,04-At/near private drive,02-Thru lane,04-Freezing Rain,"08-Dark, artificial",MIDBLOCK,Monday,February,0,WILKINS DR,2,ROAD,LOCAL,9.0,20.0,PAVED,TwoWay,PAVED,6,50,NO ACCESS,N,1951.0,231.697782078199
WILKINS DR,04-At/near private drive,09-Right shoulder,01-Clear,07-Dark,MIDBLOCK,Thursday,May,0,WILKINS DR,2,ROAD,LOCAL,9.0,20.0,PAVED,TwoWay,PAVED,6,50,NO ACCESS,N,1951.0,231.697782078199
EAST AVE,01-Non intersection,02-Thru lane,03-Snow,01-Daylight,MIDBLOCK,Sunday,December,1,EAST AVE,4,ROAD,MAJOR,12.0,24.0,PAVED,TwoWay,PAVED,3,50,NO ACCESS,Y,1981.0,113.23314257776
EAST AVE,01-Non intersection,02-Thru lane,03-Snow,01-Daylight,MIDBLOCK,Sunday,December,1,EAST AVE,4,ROAD,MAJOR,12.0,24.0,PAVED,TwoWay,PAVED,3,50,NO ACCESS,Y,1949.0,143.291906876308
EAST AVE,01-Non intersection,02-Thru lane,03-Snow,01-Daylight,MIDBLOCK,Sunday,December,1,EAST AVE,4,ROAD,MAJOR,11.0,24.0,PAVED,TwoWay,PAVED,3,50,NO ACCESS,N,1946.0,145.927050911312
EAST AVE,01-Non intersection,02-Thru lane,03-Snow,01-Daylight,MIDBLOCK,Sunday,December,1,EAST AVE,4,ROAD,MAJOR,12.0,24.0,PAVED,TwoWay,PAVED,3,50,NO ACCESS,Y,1981.0,112.87786541115
EAST AVE,01-Non intersection,02-Thru lane,03-Snow,01-Daylight,MIDBLOCK,Sunday,December,1,EAST AVE,4,ROAD,MAJOR,12.0,24.0,PAVED,TwoWay,PAVED,3,50,NO ACCESS,Y,1924.0,206.970053920312
EAST AVE,01-Non intersection,02-Thru lane,03-Snow,01-Daylight,MIDBLOCK,Sunday,December,1,EAST AVE,4,ROAD,MAJOR,12.0,24.0,PAVED,TwoWay,PAVED,3,50,NO ACCESS,Y,1924.0,98.7190922959123
EAST AVE,01-Non intersection,02-Thru lane,03-Snow,01-Daylight,MIDBLOCK,Sunday,December,1,EAST AVE,4,ROAD,MAJOR,12.0,24.0,PAVED,TwoWay,PAVED,3,50,NO ACCESS,Y,1949.0,264.271419816249
EAST AVE,01-Non intersection,02-Thru lane,03-Snow,01-Daylight,MIDBLOCK,Sunday,December,1,EAST AVE,4,ROAD,MAJOR,12.0,24.0,PAVED,TwoWay,PAVED,3,50,NO ACCESS,Y,1924.0,233.212328774638
EAST AVE,01-Non intersection,02-Thru lane,03-Snow,01-Daylight,MIDBLOCK,Sunday,December,1,EAST AVE,4,ROAD,MAJOR,11.0,24.0,PAVED,TwoWay,PAVED,3,50,NO ACCESS,N,1946.0,90.2475443680617
EAST AVE,01-Non intersection,02-Thru lane,03-Snow,01-Daylight,MIDBLOCK,Sunday,December,1,EAST AVE,4,ROAD,MAJOR,11.0,24.0,PAVED,TwoWay,PAVED,3,50,NO ACCESS,Y,1935.0,100.80413237506501
EAST AVE,04-At/near private drive,02-Thru lane,01-Clear,05-Dusk,MIDBLOCK,Friday,May,0,EAST AVE,4,ROAD,MAJOR,12.0,24.0,PAVED,TwoWay,PAVED,3,50,NO ACCESS,Y,1981.0,113.23314257776
EAST AVE,04-At/near private drive,02-Thru lane,01-Clear,05-Dusk,MIDBLOCK,Friday,May,0,EAST AVE,4,ROAD,MAJOR,12.0,24.0,PAVED,TwoWay,PAVED,3,50,NO ACCESS,Y,1949.0,143.291906876308
EAST AVE,04-At/near private drive,02-Thru lane,01-Clear,05-Dusk,MIDBLOCK,Friday,May,0,EAST AVE,4,ROAD,MAJOR,11.0,24.0,PAVED,TwoWay,PAVED,3,50,NO ACCESS,N,1946.0,145.927050911312
EAST AVE,04-At/near private drive,02-Thru lane,01-Clear,05-Dusk,MIDBLOCK,Friday,May,0,EAST AVE,4,ROAD,MAJOR,12.0,24.0,PAVED,TwoWay,PAVED,3,50,NO ACCESS,Y,1981.0,112.87786541115
EAST AVE,04-At/near private drive,02-Thru lane,01-Clear,05-Dusk,MIDBLOCK,Friday,May,0,EAST AVE,4,ROAD,MAJOR,12.0,24.0,PAVED,TwoWay,PAVED,3,50,NO ACCESS,Y,1924.0,206.970053920312
EAST AVE,04-At/near private drive,02-Thru lane,01-Clear,05-Dusk,MIDBLOCK,Friday,May,0,EAST AVE,4,ROAD,MAJOR,12.0,24.0,PAVED,TwoWay,PAVED,3,50,NO ACCESS,Y,1924.0,98.7190922959123
EAST AVE,04-At/near private drive,02-Thru lane,01-Clear,05-Dusk,MIDBLOCK,Friday,May,0,EAST AVE,4,ROAD,MAJOR,12.0,24.0,PAVED,TwoWay,PAVED,3,50,NO ACCESS,Y,1949.0,264.271419816249
EAST AVE,04-At/near private drive,02-Thru lane,01-Clear,05-Dusk,MIDBLOCK,Friday,May,0,EAST AVE,4,ROAD,MAJOR,12.0,24.0,PAVED,TwoWay,PAVED,3,50,NO ACCESS,Y,1924.0,233.212328774638
EAST AVE,04-At/near private drive,02-Thru lane,01-Clear,05-Dusk,MIDBLOCK,Friday,May,0,EAST AVE,4,ROAD,MAJOR,11.0,24.0,PAVED,TwoWay,PAVED,3,50,NO ACCESS,N,1946.0,90.2475443680617
EAST AVE,04-At/near private drive,02-Thru lane,01-Clear,05-Dusk,MIDBLOCK,Friday,May,0,EAST AVE,4,ROAD,MAJOR,11.0,24.0,PAVED,TwoWay,PAVED,3,50,NO ACCESS,Y,1935.0,100.80413237506501
EAST AVE,02-Intersection related,01-Within intersection,01-Clear,"08-Dark, artificial",MIDBLOCK,Friday,February,0,EAST AVE,4,ROAD,MAJOR,12.0,24.0,PAVED,TwoWay,PAVED,3,50,NO ACCESS,Y,1981.0,113.23314257776
EAST AVE,02-Intersection related,01-Within intersection,01-Clear,"08-Dark, artificial",MIDBLOCK,Friday,February,0,EAST AVE,4,ROAD,MAJOR,12.0,24.0,PAVED,TwoWay,PAVED,3,50,NO ACCESS,Y,1949.0,143.291906876308
EAST AVE,02-Intersection related,01-Within intersection,01-Clear,"08-Dark, artificial",MIDBLOCK,Friday,February,0,EAST AVE,4,ROAD,MAJOR,11.0,24.0,PAVED,TwoWay,PAVED,3,50,NO ACCESS,N,1946.0,145.927050911312
EAST AVE,02-Intersection related,01-Within intersection,01-Clear,"08-Dark, artificial",MIDBLOCK,Friday,February,0,EAST AVE,4,ROAD,MAJOR,12.0,24.0,PAVED,TwoWay,PAVED,3,50,NO ACCESS,Y,1981.0,112.87786541115
EAST AVE,02-Intersection related,01-Within intersection,01-Clear,"08-Dark, artificial",MIDBLOCK,Friday,February,0,EAST AVE,4,ROAD,MAJOR,12.0,24.0,PAVED,TwoWay,PAVED,3,50,NO ACCESS,Y,1924.0,206.970053920312