LOCATION,ACCIDENT_LOCATION,IMPACT_LOCATION,ENVIRONMENT_CONDITION,LIGHT,COLLISION_TYPE,DAY_OF_WEEK,MONTH,IS_WEEKEND,STREET,LANES,CATEGORY,SUBCATEGORY,PAVEMENT_WIDTH,ROW_WIDTH,SHOULDER,FLOW_DIRECTION,SURFACE_LAYER_TYPE,OFFICIAL_ROAD_CLASSIFICATION,SPEED_LIMIT_KM,TRUCK_ACCESS,BUS_ROUTE,SERVICE_YEAR,Shape__Length
EAST AVE,02-Intersection related,01-Within intersection,01-Clear,"08-Dark, artificial",MIDBLOCK,Friday,February,0,EAST AVE,4,ROAD,MAJOR,12.0,24.0,PAVED,TwoWay,PAVED,3,50,NO ACCESS,Y,1924.0,98.7190922959123
EAST AVE,02-Intersection related,01-Within intersection,01-Clear,"08-Dark, artificial",MIDBLOCK,Friday,February,0,EAST AVE,4,ROAD,MAJOR,12.0,24.0,PAVED,TwoWay,PAVED,3,50,NO ACCESS,Y,1949.0,264.271419816249
EAST AVE,02-Intersection related,01-Within intersection,01-Clear,"08-Dark, artificial",MIDBLOCK,Friday,February,0,EAST AVE,4,ROAD,MAJOR,12.0,24.0,PAVED,TwoWay,PAVED,3,50,NO ACCESS,Y,1924.0,233.212328774638
EAST AVE,02-Intersection related,01-Within intersection,01-Clear,"08-Dark, artificial",MIDBLOCK,Friday,February,0,EAST AVE,4,ROAD,MAJOR,11.0,24.0,PAVED,TwoWay,PAVED,3,50,NO ACCESS,N,1946.0,90.2475443680617
EAST AVE,02-Intersection related,01-Within intersection,01-Clear,"08-Dark, artificial",MIDBLOCK,Friday,February,0,EAST AVE,4,ROAD,MAJOR,11.0,24.0,PAVED,TwoWay,PAVED,3,50,NO ACCESS,Y,1935.0,100.80413237506501
EAST AVE,01-Non intersection,02-Thru lane,01-Clear,01-Daylight,MIDBLOCK,Tuesday,December,0,EAST AVE,4,ROAD,MAJOR,12.0,24.0,PAVED,TwoWay,PAVED,3,50,NO ACCESS,Y,1981.0,113.23314257776
EAST AVE,01-Non intersection,02-Thru lane,01-Clear,01-Daylight,MIDBLOCK,Tuesday,December,0,EAST AVE,4,ROAD,MAJOR,12.0,24.0,PAVED,TwoWay,PAVED,3,50,NO ACCESS,Y,1949.0,143.291906876308
EAST AVE,01-Non intersection,02-Thru lane,01-Clear,01-Daylight,MIDBLOCK,Tuesday,December,0,EAST AVE,4,ROAD,MAJOR,11.0,24.0,PAVED,TwoWay,PAVED,3,50,NO ACCESS,N,1946.0,145.927050911312
EAST AVE,01-Non intersection,02-Thru lane,01-Clear,01-Daylight,MIDBLOCK,Tuesday,December,0,EAST AVE,4,ROAD,MAJOR,12.0,24.0,PAVED,TwoWay,PAVED,3,50,NO ACCESS,Y,1981.0,112.87786541115
EAST AVE,01-Non intersection,02-Thru lane,01-Clear,01-Daylight,MIDBLOCK,Tuesday,December,0,EAST AVE,4,ROAD,MAJOR,12.0,24.0,PAVED,TwoWay,PAVED,3,50,NO ACCESS,Y,1924.0,206.970053920312
EAST AVE,01-Non intersection,02-Thru lane,01-Clear,01-Daylight,MIDBLOCK,Tuesday,December,0,EAST AVE,4,ROAD,MAJOR,12.0,24.0,PAVED,TwoWay,PAVED,3,50,NO ACCESS,Y,1924.0,98.7190922959123
EAST AVE,01-Non intersection,02-Thru lane,01-Clear,01-Daylight,MIDBLOCK,Tuesday,December,0,EAST AVE,4,ROAD,MAJOR,12.0,24.0,PAVED,TwoWay,PAVED,3,50,NO ACCESS,Y,1949.0,264.271419816249
EAST AVE,01-Non intersection,02-Thru lane,01-Clear,01-Daylight,MIDBLOCK,Tuesday,December,0,EAST AVE,4,ROAD,MAJOR,12.0,24.0,PAVED,TwoWay,PAVED,3,50,NO ACCESS,Y,1924.0,233.212328774638
EAST AVE,01-Non intersection,02-Thru lane,01-Clear,01-Daylight,MIDBLOCK,Tuesday,December,0,EAST AVE,4,ROAD,MAJOR,11.0,24.0,PAVED,TwoWay,PAVED,3,50,NO ACCESS,N,1946.0,90.2475443680617
EAST AVE,01-Non intersection,02-Thru lane,01-Clear,01-Daylight,MIDBLOCK,Tuesday,December,0,EAST AVE,4,ROAD,MAJOR,11.0,24.0,PAVED,TwoWay,PAVED,3,50,NO ACCESS,Y,1935.0,100.80413237506501
EAST AVE,04-At/near private drive,02-Thru lane,01-Clear,01-Daylight,MIDBLOCK,Friday,November,0,EAST AVE,4,ROAD,MAJOR,12.0,24.0,PAVED,TwoWay,PAVED,3,50,NO ACCESS,Y,1981.0,113.23314257776
EAST AVE,04-At/near private drive,02-Thru lane,01-Clear,01-Daylight,MIDBLOCK,Friday,November,0,EAST AVE,4,ROAD,MAJOR,12.0,24.0,PAVED,TwoWay,PAVED,3,50,NO ACCESS,Y,1949.0,143.291906876308
EAST AVE,04-At/near private drive,02-Thru lane,01-Clear,01-Daylight,MIDBLOCK,Friday,November,0,EAST AVE,4,ROAD,MAJOR,11.0,24.0,PAVED,TwoWay,PAVED,3,50,NO ACCESS,N,1946.0,145.927050911312
EAST AVE,04-At/near private drive,02-Thru lane,01-Clear,01-Daylight,MIDBLOCK,Friday,November,0,EAST AVE,4,ROAD,MAJOR,12.0,24.0,PAVED,TwoWay,PAVED,3,50,NO ACCESS,Y,1981.0,112.87786541115
EAST AVE,04-At/near private drive,02-Thru lane,01-Clear,01-Daylight,MIDBLOCK,Friday,November,0,EAST AVE,4,ROAD,MAJOR,12.0,24.0,PAVED,TwoWay,PAVED,3,50,NO ACCESS,Y,1924.0,206.970053920312
EAST AVE,04-At/near private drive,02-Thru lane,01-Clear,01-Daylight,MIDBLOCK,Friday,November,0,EAST AVE,4,ROAD,MAJOR,12.0,24.0,PAVED,TwoWay,PAVED,3,50,NO ACCESS,Y,1924.0,98.7190922959123
EAST AVE,04-At/near private drive,02-Thru lane,01-Clear,01-Daylight,MIDBLOCK,Friday,November,0,EAST AVE,4,ROAD,MAJOR,12.0,24.0,PAVED,TwoWay,PAVED,3,50,NO ACCESS,Y,1949.0,264.271419816249
EAST AVE,04-At/near private drive,02-Thru lane,01-Clear,01-Daylight,MIDBLOCK,Friday,November,0,EAST AVE,4,ROAD,MAJOR,12.0,24.0,PAVED,TwoWay,PAVED,3,50,NO ACCESS,Y,1924.0,233.212328774638
EAST AVE,04-At/near private drive,02-Thru lane,01-Clear,01-Daylight,MIDBLOCK,Friday,November,0,EAST AVE,4,ROAD,MAJOR,11.0,24.0,PAVED,TwoWay,PAVED,3,50,NO ACCESS,N,1946.0,90.2475443680617
EAST AVE,04-At/near private drive,02-Thru lane,01-Clear,01-Daylight,MIDBLOCK,Friday,November,0,EAST AVE,4,ROAD,MAJOR,11.0,24.0,PAVED,TwoWay,PAVED,3,50,NO ACCESS,Y,1935.0,100.80413237506501
EAST AVE,04-At/near private drive,02-Thru lane,01-Clear,01-Daylight,MIDBLOCK,Saturday,July,1,EAST AVE,4,ROAD,MAJOR,12.0,24.0,PAVED,TwoWay,PAVED,3,50,NO ACCESS,Y,1981.0,113.23314257776
EAST AVE,04-At/near private drive,02-Thru lane,01-Clear,01-Daylight,MIDBLOCK,Saturday,July,1,EAST AVE,4,ROAD,MAJOR,12.0,24.0,PAVED,TwoWay,PAVED,3,50,NO ACCESS,Y,1949.0,143.291906876308
EAST AVE,04-At/near private drive,02-Thru lane,01-Clear,01-Daylight,MIDBLOCK,Saturday,July,1,EAST AVE,4,ROAD,MAJOR,11.0,24.0,PAVED,TwoWay,PAVED,3,50,NO ACCESS,N,1946.0,145.927050911312
EAST AVE,04-At/near private drive,02-Thru lane,01-Clear,01-Daylight,MIDBLOCK,Saturday,July,1,EAST AVE,4,ROAD,MAJOR,12.0,24.0,PAVED,TwoWay,PAVED,3,50,NO ACCESS,Y,1981.0,112.87786541115
EAST AVE,04-At/near private drive,02-Thru lane,01-Clear,01-Daylight,MIDBLOCK,Saturday,July,1,EAST AVE,4,ROAD,MAJOR,12.0,24.0,PAVED,TwoWay,PAVED,3,50,NO ACCESS,Y,1924.0,206.970053920312
EAST AVE,04-At/near private drive,02-Thru lane,01-Clear,01-Daylight,MIDBLOCK,Saturday,July,1,EAST AVE,4,ROAD,MAJOR,12.0,24.0,PAVED,TwoWay,PAVED,3,50,NO ACCESS,Y,1924.0,98.7190922959123
EAST AVE,04-At/near private drive,02-Thru lane,01-Clear,01-Daylight,MIDBLOCK,Saturday,July,1,EAST AVE,4,ROAD,MAJOR,12.0,24.0,PAVED,TwoWay,PAVED,3,50,NO ACCESS,Y,1949.0,264.271419816249
EAST AVE,04-At/near private drive,02-Thru lane,01-Clear,01-Daylight,MIDBLOCK,Saturday,July,1,EAST AVE,4,ROAD,MAJOR,12.0,24.0,PAVED,TwoWay,PAVED,3,50,NO ACCESS,Y,1924.0,233.212328774638
EAST AVE,04-At/near private drive,02-Thru lane,01-Clear,01-Daylight,MIDBLOCK,Saturday,July,1,EAST AVE,4,ROAD,MAJOR,11.0,24.0,PAVED,TwoWay,PAVED,3,50,NO ACCESS,N,1946.0,90.2475443680617
EAST AVE,04-At/near private drive,02-Thru lane,01-Clear,01-Daylight,MIDBLOCK,Saturday,July,1,EAST AVE,4,ROAD,MAJOR,11.0,24.0,PAVED,TwoWay,PAVED,3,50,NO ACCESS,Y,1935.0,100.80413237506501
KENNETH AVE,04-At/near private drive,02-Thru lane,03-Snow,"08-Dark, artificial",MIDBLOCK,Saturday,November,1,KENNETH AVE,2,ROAD,LOCAL,9.0,20.0,PAVED,TwoWay,PAVED,6,50,NO ACCESS,N,1957.0,299.291798818431
KENNETH AVE,04-At/near private drive,02-Thru lane,03-Snow,"08-Dark, artificial",MIDBLOCK,Saturday,November,1,KENNETH AVE,2,ROAD,LOCAL,9.0,20.0,PAVED,TwoWay,PAVED,6,50,NO ACCESS,N,1961.0,111.572944593596
KENNETH AVE,04-At/near private drive,02-Thru lane,03-Snow,"08-Dark, artificial",MIDBLOCK,Saturday,November,1,KENNETH AVE,1,BULB,LOCAL,9.0,60.0,PAVED,FromTo,PAVED,6,50,NO ACCESS,N,1961.0,132.014127442404
KENNETH AVE,04-At/near private drive,02-Thru lane,03-Snow,"08-Dark, artificial",MIDBLOCK,Saturday,November,1,KENNETH AVE,2,ROAD,LOCAL,9.0,20.0,PAVED,TwoWay,PAVED,6,50,NO ACCESS,N,1957.0,104.802679870558
KENNETH AVE,04-At/near private drive,02-Thru lane,03-Snow,"08-Dark, artificial",MIDBLOCK,Saturday,November,1,KENNETH AVE,2,ROAD,LOCAL,9.0,20.0,PAVED,TwoWay,PAVED,6,50,NO ACCESS,N,1961.0,173.51207776082904
KENNETH AVE,04-At/near private drive,02-Thru lane,03-Snow,"08-Dark, artificial",MIDBLOCK,Saturday,November,1,KENNETH AVE,2,ROAD,LOCAL,9.0,20.0,PAVED,TwoWay,PAVED,6,50,NO ACCESS,N,1957.0,302.479947173307
KENNETH AVE,04-At/near private drive,02-Thru lane,01-Clear,01-Daylight,MIDBLOCK,Wednesday,June,0,KENNETH AVE,2,ROAD,LOCAL,9.0,20.0,PAVED,TwoWay,PAVED,6,50,NO ACCESS,N,1957.0,299.291798818431
KENNETH AVE,04-At/near private drive,02-Thru lane,01-Clear,01-Daylight,MIDBLOCK,Wednesday,June,0,KENNETH AVE,2,ROAD,LOCAL,9.0,20.0,PAVED,TwoWay,PAVED,6,50,NO ACCESS,N,1961.0,111.572944593596
KENNETH AVE,04-At/near private drive,02-Thru lane,01-Clear,01-Daylight,MIDBLOCK,Wednesday,June,0,KENNETH AVE,1,BULB,LOCAL,9.0,60.0,PAVED,FromTo,PAVED,6,50,NO ACCESS,N,1961.0,132.014127442404
KENNETH AVE,04-At/near private drive,02-Thru lane,01-Clear,01-Daylight,MIDBLOCK,Wednesday,June,0,KENNETH AVE,2,ROAD,LOCAL,9.0,20.0,PAVED,TwoWay,PAVED,6,50,NO ACCESS,N,1957.0,104.802679870558
KENNETH AVE,04-At/near private drive,02-Thru lane,01-Clear,01-Daylight,MIDBLOCK,Wednesday,June,0,KENNETH AVE,2,ROAD,LOCAL,9.0,20.0,PAVED,TwoWay,PAVED,6,50,NO ACCESS,N,1961.0,173.51207776082904
KENNETH AVE,04-At/near private drive,02-Thru lane,01-Clear,01-Daylight,MIDBLOCK,Wednesday,June,0,KENNETH AVE,2,ROAD,LOCAL,9.0,20.0,PAVED,TwoWay,PAVED,6,50,NO ACCESS,N,1957.0,302.479947173307
KENNETH AVE,04-At/near private drive,02-Thru lane,01-Clear,01-Daylight,MIDBLOCK,Monday,November,0,KENNETH AVE,2,ROAD,LOCAL,9.0,20.0,PAVED,TwoWay,PAVED,6,50,NO ACCESS,N,1957.0,299.291798818431
KENNETH AVE,04-At/near private drive,02-Thru lane,01-Clear,01-Daylight,MIDBLOCK,Monday,November,0,KENNETH AVE,2,ROAD,LOCAL,9.0,20.0,PAVED,TwoWay,PAVED,6,50,NO ACCESS,N,1961.0,111.572944593596
KENNETH AVE,04-At/near private drive,02-Thru lane,01-Clear,01-Daylight,MIDBLOCK,Monday,November,0,KENNETH AVE,1,BULB,LOCAL,9.0,60.0,PAVED,FromTo,PAVED,6,50,NO ACCESS,N,1961.0,132.014127442404
KENNETH AVE,04-At/near private drive,02-Thru lane,01-Clear,01-Daylight,MIDBLOCK,Monday,November,0,KENNETH AVE,2,ROAD,LOCAL,9.0,20.0,PAVED,TwoWay,PAVED,6,50,NO ACCESS,N,1957.0,104.802679870558
KENNETH AVE,04-At/near private drive,02-Thru lane,01-Clear,01-Daylight,MIDBLOCK,Monday,November,0,KENNETH AVE,2,ROAD,LOCAL,9.0,20.0,PAVED,TwoWay,PAVED,6,50,NO ACCESS,N,1961.0,173.51207776082904
KENNETH AVE,04-At/near private drive,02-Thru lane,01-Clear,01-Daylight,MIDBLOCK,Monday,November,0,KENNETH AVE,2,ROAD,LOCAL,9.0,20.0,PAVED,TwoWay,PAVED,6,50,NO ACCESS,N,1957.0,302.479947173307
KENNETH AVE,04-At/near private drive,02-Thru lane,01-Clear,01-Daylight,MIDBLOCK,Monday,August,0,KENNETH AVE,2,ROAD,LOCAL,9.0,20.0,PAVED,TwoWay,PAVED,6,50,NO ACCESS,N,1957.0,299.291798818431
KENNETH AVE,04-At/near private drive,02-Thru lane,01-Clear,01-Daylight,MIDBLOCK,Monday,August,0,KENNETH AVE,2,ROAD,LOCAL,9.0,20.0,PAVED,TwoWay,PAVED,6,50,NO ACCESS,N,1961.0,111.572944593596
KENNETH AVE,04-At/near private drive,02-Thru lane,01-Clear,01-Daylight,MIDBLOCK,Monday,August,0,KENNETH AVE,1,BULB,LOCAL,9.0,60.0,PAVED,FromTo,PAVED,6,50,NO ACCESS,N,1961.0,132.014127442404
KENNETH AVE,04-At/near private drive,02-Thru lane,01-Clear,01-Daylight,MIDBLOCK,Monday,August,0,KENNETH AVE,2,ROAD,LOCAL,9.0,20.0,PAVED,TwoWay,PAVED,6,50,NO ACCESS,N,1957.0,104.802679870558
KENNETH AVE,04-At/near private drive,02-Thru lane,01-Clear,01-Daylight,MIDBLOCK,Monday,August,0,KENNETH AVE,2,ROAD,LOCAL,9.0,20.0,PAVED,TwoWay,PAVED,6,50,NO ACCESS,N,1961.0,173.51207776082904
KENNETH AVE,04-At/near private drive,02-Thru lane,01-Clear,01-Daylight,MIDBLOCK,Monday,August,0,KENNETH AVE,2,ROAD,LOCAL,9.0,20.0,PAVED,TwoWay,PAVED,6,50,NO ACCESS,N,1957.0,302.479947173307
MARL MEADOW CRES,04-At/near private drive,02-Thru lane,01-Clear,01-Daylight,MIDBLOCK,Monday,September,0,MARL MEADOW CRES,2,ROAD,LOCAL,9.0,18.0,PAVED,TwoWay,PAVED,6,50,NO ACCESS,N,1995.0,438.940745384683
MARL MEADOW CRES,04-At/near private drive,02-Thru lane,01-Clear,"08-Dark, artificial",MIDBLOCK,Monday,November,0,MARL MEADOW CRES,2,ROAD,LOCAL,9.0,18.0,PAVED,TwoWay,PAVED,6,50,NO ACCESS,N,1995.0,438.940745384683
MARL MEADOW CRES,04-At/near private drive,12-Off highway,01-Clear,07-Dark,MIDBLOCK,Sunday,August,1,MARL MEADOW CRES,2,ROAD,LOCAL,9.0,18.0,PAVED,TwoWay,PAVED,6,50,NO ACCESS,N,1995.0,438.940745384683
HERITAGE DR,04-At/near private drive,02-Thru lane,01-Clear,01-Daylight,MIDBLOCK,Thursday,February,0,HERITAGE DR,2,ROAD,MINOR,9.0,16.0,PAVED,TwoWay,PAVED,4,40,NO ACCESS,N,1973.0,402.451649707856
HERITAGE DR,04-At/near private drive,02-Thru lane,01-Clear,01-Daylight,MIDBLOCK,Thursday,February,0,HERITAGE DR,2,ROAD,MINOR,9.0,20.0,PAVED,TwoWay,PAVED,4,50,NO ACCESS,Y,1955.0,177.15060556117405
HERITAGE DR,04-At/near private drive,02-Thru lane,01-Clear,01-Daylight,MIDBLOCK,Thursday,February,0,HERITAGE DR,2,ROAD,MINOR,8.0,20.0,PAVED,TwoWay,PAVED,4,40,NO ACCESS,N,1986.0,86.7145169417684
HERITAGE DR,04-At/near private drive,02-Thru lane,01-Clear,01-Daylight,MIDBLOCK,Thursday,February,0,HERITAGE DR,2,ROAD,MINOR,9.0,20.0,PAVED,TwoWay,PAVED,4,50,NO ACCESS,N,1956.0,346.133156194675
HERITAGE DR,04-At/near private drive,02-Thru lane,01-Clear,01-Daylight,MIDBLOCK,Thursday,February,0,HERITAGE DR,2,ROAD,MINOR,8.0,20.0,PAVED,TwoWay,PAVED,4,40,NO ACCESS,N,1977.0,85.6646366359793
HERITAGE DR,04-At/near private drive,02-Thru lane,01-Clear,01-Daylight,MIDBLOCK,Thursday,February,0,HERITAGE DR,2,ROAD,MINOR,8.0,20.0,PAVED,TwoWay,PAVED,4,40,NO ACCESS,N,1976.0,254.57302302082198
HERITAGE DR,04-At/near private drive,02-Thru lane,01-Clear,01-Daylight,MIDBLOCK,Thursday,April,0,HERITAGE DR,2,ROAD,MINOR,9.0,16.0,PAVED,TwoWay,PAVED,4,40,NO ACCESS,N,1973.0,402.451649707856
HERITAGE DR,04-At/near private drive,02-Thru lane,01-Clear,01-Daylight,MIDBLOCK,Thursday,April,0,HERITAGE DR,2,ROAD,MINOR,9.0,20.0,PAVED,TwoWay,PAVED,4,50,NO ACCESS,Y,1955.0,177.15060556117405
HERITAGE DR,04-At/near private drive,02-Thru lane,01-Clear,01-Daylight,MIDBLOCK,Thursday,April,0,HERITAGE DR,2,ROAD,MINOR,8.0,20.0,PAVED,TwoWay,PAVED,4,40,NO ACCESS,N,1986.0,86.7145169417684
HERITAGE DR,04-At/near private drive,02-Thru lane,01-Clear,01-Daylight,MIDBLOCK,Thursday,April,0,HERITAGE DR,2,ROAD,MINOR,9.0,20.0,PAVED,TwoWay,PAVED,4,50,NO ACCESS,N,1956.0,346.133156194675
HERITAGE DR,04-At/near private drive,02-Thru lane,01-Clear,01-Daylight,MIDBLOCK,Thursday,April,0,HERITAGE DR,2,ROAD,MINOR,8.0,20.0,PAVED,TwoWay,PAVED,4,40,NO ACCESS,N,1977.0,85.6646366359793
HERITAGE DR,04-At/near private drive,02-Thru lane,01-Clear,01-Daylight,MIDBLOCK,Thursday,April,0,HERITAGE DR,2,ROAD,MINOR,8.0,20.0,PAVED,TwoWay,PAVED,4,40,NO ACCESS,N,1976.0,254.57302302082198
HERITAGE DR,01-Non intersection,02-Thru lane,01-Clear,01-Daylight,MIDBLOCK,Sunday,June,1,HERITAGE DR,2,ROAD,MINOR,9.0,16.0,PAVED,TwoWay,PAVED,4,40,NO ACCESS,N,1973.0,402.451649707856
HERITAGE DR,01-Non intersection,02-Thru lane,01-Clear,01-Daylight,MIDBLOCK,Sunday,June,1,HERITAGE DR,2,ROAD,MINOR,9.0,20.0,PAVED,TwoWay,PAVED,4,50,NO ACCESS,Y,1955.0,177.15060556117405
HERITAGE DR,01-Non intersection,02-Thru lane,01-Clear,01-Daylight,MIDBLOCK,Sunday,June,1,HERITAGE DR,2,ROAD,MINOR,8.0,20.0,PAVED,TwoWay,PAVED,4,40,NO ACCESS,N,1986.0,86.7145169417684
HERITAGE DR,01-Non intersection,02-Thru lane,01-Clear,01-Daylight,MIDBLOCK,Sunday,June,1,HERITAGE DR,2,ROAD,MINOR,9.0,20.0,PAVED,TwoWay,PAVED,4,50,NO ACCESS,N,1956.0,346.133156194675
HERITAGE DR,01-Non intersection,02-Thru lane,01-Clear,01-Daylight,MIDBLOCK,Sunday,June,1,HERITAGE DR,2,ROAD,MINOR,8.0,20.0,PAVED,TwoWay,PAVED,4,40,NO ACCESS,N,1977.0,85.6646366359793
HERITAGE DR,01-Non intersection,02-Thru lane,01-Clear,01-Daylight,MIDBLOCK,Sunday,June,1,HERITAGE DR,2,ROAD,MINOR,8.0,20.0,PAVED,TwoWay,PAVED,4,40,NO ACCESS,N,1976.0,254.57302302082198
HERITAGE DR,04-At/near private drive,02-Thru lane,01-Clear,01-Daylight,MIDBLOCK,Sunday,June,1,HERITAGE DR,2,ROAD,MINOR,9.0,16.0,PAVED,TwoWay,PAVED,4,40,NO ACCESS,N,1973.0,402.451649707856
HERITAGE DR,04-At/near private drive,02-Thru lane,01-Clear,01-Daylight,MIDBLOCK,Sunday,June,1,HERITAGE DR,2,ROAD,MINOR,9.0,20.0,PAVED,TwoWay,PAVED,4,50,NO ACCESS,Y,1955.0,177.15060556117405
HERITAGE DR,04-At/near private drive,02-Thru lane,01-Clear,01-Daylight,MIDBLOCK,Sunday,June,1,HERITAGE DR,2,ROAD,MINOR,8.0,20.0,PAVED,TwoWay,PAVED,4,40,NO ACCESS,N,1986.0,86.7145169417684
HERITAGE DR,04-At/near private drive,02-Thru lane,01-Clear,01-Daylight,MIDBLOCK,Sunday,June,1,HERITAGE DR,2,ROAD,MINOR,9.0,20.0,PAVED,TwoWay,PAVED,4,50,NO ACCESS,N,1956.0,346.133156194675
HERITAGE DR,04-At/near private drive,02-Thru lane,01-Clear,01-Daylight,MIDBLOCK,Sunday,June,1,HERITAGE DR,2,ROAD,MINOR,8.0,20.0,PAVED,TwoWay,PAVED,4,40,NO ACCESS,N,1977.0,85.6646366359793
HERITAGE DR,04-At/near private drive,02-Thru lane,01-Clear,01-Daylight,MIDBLOCK,Sunday,June,1,HERITAGE DR,2,ROAD,MINOR,8.0,20.0,PAVED,TwoWay,PAVED,4,40,NO ACCESS,N,1976.0,254.57302302082198
HERITAGE DR,04-At/near private drive,02-Thru lane,01-Clear,"08-Dark, artificial",MIDBLOCK,Wednesday,September,0,HERITAGE DR,2,ROAD,MINOR,9.0,16.0,PAVED,TwoWay,PAVED,4,40,NO ACCESS,N,1973.0,402.451649707856
HERITAGE DR,04-At/near private drive,02-Thru lane,01-Clear,"08-Dark, artificial",MIDBLOCK,Wednesday,September,0,HERITAGE DR,2,ROAD,MINOR,9.0,20.0,PAVED,TwoWay,PAVED,4,50,NO ACCESS,Y,1955.0,177.15060556117405
HERITAGE DR,04-At/near private drive,02-Thru lane,01-Clear,"08-Dark, artificial",MIDBLOCK,Wednesday,September,0,HERITAGE DR,2,ROAD,MINOR,8.0,20.0,PAVED,TwoWay,PAVED,4,40,NO ACCESS,N,1986.0,86.7145169417684
HERITAGE DR,04-At/near private drive,02-Thru lane,01-Clear,"08-Dark, artificial",MIDBLOCK,Wednesday,September,0,HERITAGE DR,2,ROAD,MINOR,9.0,20.0,PAVED,TwoWay,PAVED,4,50,NO ACCESS,N,1956.0,346.133156194675
HERITAGE DR,04-At/near private drive,02-Thru lane,01-Clear,"08-Dark, artificial",MIDBLOCK,Wednesday,September,0,HERITAGE DR,2,ROAD,MINOR,8.0,20.0,PAVED,TwoWay,PAVED,4,40,NO ACCESS,N,1977.0,85.6646366359793
HERITAGE DR,04-At/near private drive,02-Thru lane,01-Clear,"08-Dark, artificial",MIDBLOCK,Wednesday,September,0,HERITAGE DR,2,ROAD,MINOR,8.0,20.0,PAVED,TwoWay,PAVED,4,40,NO ACCESS,N,1976.0,254.57302302082198
HERITAGE DR,01-Non intersection,08-Left shoulder,01-Clear,01-Daylight,MIDBLOCK,Thursday,June,0,HERITAGE DR,2,ROAD,MINOR,9.0,16.0,PAVED,TwoWay,PAVED,4,40,NO ACCESS,N,1973.0,402.451649707856
HERITAGE DR,01-Non intersection,08-Left shoulder,01-Clear,01-Daylight,MIDBLOCK,Thursday,June,0,HERITAGE DR,2,ROAD,MINOR,9.0,20.0,PAVED,TwoWay,PAVED,4,50,NO ACCESS,Y,1955.0,177.15060556117405
HERITAGE DR,01-Non intersection,08-Left shoulder,01-Clear,01-Daylight,MIDBLOCK,Thursday,June,0,HERITAGE DR,2,ROAD,MINOR,8.0,20.0,PAVED,TwoWay,PAVED,4,40,NO ACCESS,N,1986.0,86.7145169417684
HERITAGE DR,01-Non intersection,08-Left shoulder,01-Clear,01-Daylight,MIDBLOCK,Thursday,June,0,HERITAGE DR,2,ROAD,MINOR,9.0,20.0,PAVED,TwoWay,PAVED,4,50,NO ACCESS,N,1956.0,346.133156194675
HERITAGE DR,01-Non intersection,08-Left shoulder,01-Clear,01-Daylight,MIDBLOCK,Thursday,June,0,HERITAGE DR,2,ROAD,MINOR,8.0,20.0,PAVED,TwoWay,PAVED,4,40,NO ACCESS,N,1977.0,85.6646366359793
HERITAGE DR,01-Non intersection,08-Left shoulder,01-Clear,01-Daylight,MIDBLOCK,Thursday,June,0,HERITAGE DR,2,ROAD,MINOR,8.0,20.0,PAVED,TwoWay,PAVED,4,40,NO ACCESS,N,1976.0,254.57302302082198
HERITAGE DR,04-At/near private drive,02-Thru lane,01-Clear,03-Dawn,MIDBLOCK,Tuesday,December,0,HERITAGE DR,2,ROAD,MINOR,9.0,16.0,PAVED,TwoWay,PAVED,4,40,NO ACCESS,N,1973.0,402.451649707856
HERITAGE DR,04-At/near private drive,02-Thru lane,01-Clear,03-Dawn,MIDBLOCK,Tuesday,December,0,HERITAGE DR,2,ROAD,MINOR,9.0,20.0,PAVED,TwoWay,PAVED,4,50,NO ACCESS,Y,1955.0,177.15060556117405
HERITAGE DR,04-At/near private drive,02-Thru lane,01-Clear,03-Dawn,MIDBLOCK,Tuesday,December,0,HERITAGE DR,2,ROAD,MINOR,8.0,20.0,PAVED,TwoWay,PAVED,4,40,NO ACCESS,N,1986.0,86.7145169417684
HERITAGE DR,04-At/near private drive,02-Thru lane,01-Clear,03-Dawn,MIDBLOCK,Tuesday,December,0,HERITAGE DR,2,ROAD,MINOR,9.0,20.0,PAVED,TwoWay,PAVED,4,50,NO ACCESS,N,1956.0,346.133156194675
HERITAGE DR,04-At/near private drive,02-Thru lane,01-Clear,03-Dawn,MIDBLOCK,Tuesday,December,0,HERITAGE DR,2,ROAD,MINOR,8.0,20.0,PAVED,TwoWay,PAVED,4,40,NO ACCESS,N,1977.0,85.6646366359793
HERITAGE DR,04-At/near private drive,02-Thru lane,01-Clear,03-Dawn,MIDBLOCK,Tuesday,December,0,HERITAGE DR,2,ROAD,MINOR,8.0,20.0,PAVED,TwoWay,PAVED,4,40,NO ACCESS,N,1976.0,254.57302302082198
HERITAGE DR,04-At/near private drive,02-Thru lane,01-Clear,01-Daylight,MIDBLOCK,Monday,May,0,HERITAGE DR,2,ROAD,MINOR,9.0,16.0,PAVED,TwoWay,PAVED,4,40,NO ACCESS,N,1973.0,402.451649707856
HERITAGE DR,04-At/near private drive,02-Thru lane,01-Clear,01-Daylight,MIDBLOCK,Monday,May,0,HERITAGE DR,2,ROAD,MINOR,9.0,20.0,PAVED,TwoWay,PAVED,4,50,NO ACCESS,Y,1955.0,177.15060556117405