LOCATION,ACCIDENT_LOCATION,IMPACT_LOCATION,ENVIRONMENT_CONDITION,LIGHT,COLLISION_TYPE,DAY_OF_WEEK,MONTH,IS_WEEKEND,STREET,LANES,CATEGORY,SUBCATEGORY,PAVEMENT_WIDTH,ROW_WIDTH,SHOULDER,FLOW_DIRECTION,SURFACE_LAYER_TYPE,OFFICIAL_ROAD_CLASSIFICATION,SPEED_LIMIT_KM,TRUCK_ACCESS,BUS_ROUTE,SERVICE_YEAR,Shape__Length
HERITAGE DR,04-At/near private drive,02-Thru lane,01-Clear,01-Daylight,MIDBLOCK,Monday,May,0,HERITAGE DR,2,ROAD,MINOR,8.0,20.0,PAVED,TwoWay,PAVED,4,40,NO ACCESS,N,1986.0,86.7145169417684
HERITAGE DR,04-At/near private drive,02-Thru lane,01-Clear,01-Daylight,MIDBLOCK,Monday,May,0,HERITAGE DR,2,ROAD,MINOR,9.0,20.0,PAVED,TwoWay,PAVED,4,50,NO ACCESS,N,1956.0,346.133156194675
HERITAGE DR,04-At/near private drive,02-Thru lane,01-Clear,01-Daylight,MIDBLOCK,Monday,May,0,HERITAGE DR,2,ROAD,MINOR,8.0,20.0,PAVED,TwoWay,PAVED,4,40,NO ACCESS,N,1977.0,85.6646366359793
HERITAGE DR,04-At/near private drive,02-Thru lane,01-Clear,01-Daylight,MIDBLOCK,Monday,May,0,HERITAGE DR,2,ROAD,MINOR,8.0,20.0,PAVED,TwoWay,PAVED,4,40,NO ACCESS,N,1976.0,254.57302302082198
MONTEAGLE CRES,04-At/near private drive,02-Thru lane,01-Clear,07-Dark,MIDBLOCK,Sunday,January,1,MONTEAGLE CRES,2,ROAD,LOCAL,7.0,15.0,PAVED,TwoWay,PAVED,6,50,NO ACCESS,N,1974.0,451.368087529498
MONTEAGLE CRES,04-At/near private drive,02-Thru lane,01-Clear,01-Daylight,MIDBLOCK,Monday,November,0,MONTEAGLE CRES,2,ROAD,LOCAL,7.0,15.0,PAVED,TwoWay,PAVED,6,50,NO ACCESS,N,1974.0,451.368087529498
MONTEAGLE CRES,04-At/near private drive,02-Thru lane,01-Clear,01-Daylight,MIDBLOCK,Thursday,May,0,MONTEAGLE CRES,2,ROAD,LOCAL,7.0,15.0,PAVED,TwoWay,PAVED,6,50,NO ACCESS,N,1974.0,451.368087529498
EVERGLADE CRES,04-At/near private drive,02-Thru lane,01-Clear,01-Daylight,MIDBLOCK,Thursday,March,0,EVERGLADE CRES,2,ROAD,LOCAL,9.0,18.0,PAVED,TwoWay,PAVED,6,50,NO ACCESS,N,2002.0,434.36009937489604
EVERGLADE CRES,04-At/near private drive,10-Not on roadway - left side,03-Snow,01-Daylight,MIDBLOCK,Monday,December,0,EVERGLADE CRES,2,ROAD,LOCAL,9.0,18.0,PAVED,TwoWay,PAVED,6,50,NO ACCESS,N,2002.0,434.36009937489604
MICHAEL ST,04-At/near private drive,02-Thru lane,01-Clear,01-Daylight,MIDBLOCK,Saturday,March,1,MICHAEL ST,2,ROAD,LOCAL,8.0,20.0,PAVED,TwoWay,PAVED,6,50,NO ACCESS,N,1859.0,205.02340135670798
MICHAEL ST,01-Non intersection,09-Right shoulder,01-Clear,01-Daylight,MIDBLOCK,Sunday,June,1,MICHAEL ST,2,ROAD,LOCAL,8.0,20.0,PAVED,TwoWay,PAVED,6,50,NO ACCESS,N,1859.0,205.02340135670798
IRON GATE ST,04-At/near private drive,02-Thru lane,01-Clear,01-Daylight,MIDBLOCK,Thursday,March,0,IRON GATE ST,2,ROAD,LOCAL,9.0,18.0,PAVED,TwoWay,PAVED,6,50,NO ACCESS,N,2007.0,265.394043485852
IRON GATE ST,04-At/near private drive,02-Thru lane,01-Clear,01-Daylight,MIDBLOCK,Thursday,March,0,IRON GATE ST,2,ROAD,LOCAL,9.0,18.0,PAVED,TwoWay,PAVED,6,50,NO ACCESS,N,2007.0,145.953140686035
IRON GATE ST,01-Non intersection,02-Thru lane,01-Clear,01-Daylight,MIDBLOCK,Sunday,February,1,IRON GATE ST,2,ROAD,LOCAL,9.0,18.0,PAVED,TwoWay,PAVED,6,50,NO ACCESS,N,2007.0,265.394043485852
IRON GATE ST,01-Non intersection,02-Thru lane,01-Clear,01-Daylight,MIDBLOCK,Sunday,February,1,IRON GATE ST,2,ROAD,LOCAL,9.0,18.0,PAVED,TwoWay,PAVED,6,50,NO ACCESS,N,2007.0,145.953140686035
BRIARMEADOW PL,04-At/near private drive,02-Thru lane,01-Clear,01-Daylight,MIDBLOCK,Monday,June,0,BRIARMEADOW PL,2,ROAD,LOCAL,9.0,18.0,PAVED,TwoWay,PAVED,6,50,NO ACCESS,N,1997.0,147.418882937783
BRIARMEADOW PL,04-At/near private drive,02-Thru lane,01-Clear,01-Daylight,MIDBLOCK,Monday,June,0,BRIARMEADOW PL,2,ROAD,LOCAL,11.0,18.0,PAVED,TwoWay,PAVED,6,50,NO ACCESS,N,1997.0,42.1118517267334
RISTAU CRES,04-At/near private drive,02-Thru lane,01-Clear,01-Daylight,MIDBLOCK,Saturday,May,1,RISTAU CRES,2,ROAD,LOCAL,9.0,16.0,PAVED,TwoWay,PAVED,6,50,NO ACCESS,N,1986.0,108.502176494736
RISTAU CRES,04-At/near private drive,02-Thru lane,01-Clear,01-Daylight,MIDBLOCK,Saturday,May,1,RISTAU CRES,2,ROAD,LOCAL,8.0,16.0,PAVED,TwoWay,PAVED,6,50,NO ACCESS,N,1986.0,219.59955432073602
RISTAU CRES,01-Non intersection,02-Thru lane,01-Clear,01-Daylight,MIDBLOCK,Thursday,July,0,RISTAU CRES,2,ROAD,LOCAL,9.0,16.0,PAVED,TwoWay,PAVED,6,50,NO ACCESS,N,1986.0,108.502176494736
RISTAU CRES,01-Non intersection,02-Thru lane,01-Clear,01-Daylight,MIDBLOCK,Thursday,July,0,RISTAU CRES,2,ROAD,LOCAL,8.0,16.0,PAVED,TwoWay,PAVED,6,50,NO ACCESS,N,1986.0,219.59955432073602
RISTAU CRES,04-At/near private drive,09-Right shoulder,02-Rain,01-Daylight,MIDBLOCK,Friday,January,0,RISTAU CRES,2,ROAD,LOCAL,9.0,16.0,PAVED,TwoWay,PAVED,6,50,NO ACCESS,N,1986.0,108.502176494736
RISTAU CRES,04-At/near private drive,09-Right shoulder,02-Rain,01-Daylight,MIDBLOCK,Friday,January,0,RISTAU CRES,2,ROAD,LOCAL,8.0,16.0,PAVED,TwoWay,PAVED,6,50,NO ACCESS,N,1986.0,219.59955432073602
SEABROOK DR,01-Non intersection,02-Thru lane,01-Clear,03-Dawn,MIDBLOCK,Saturday,November,1,SEABROOK DR,2,ROAD,MINOR,10.0,20.0,PAVED,TwoWay,PAVED,6,50,NO ACCESS,N,2005.0,188.33452725299
SEABROOK DR,01-Non intersection,02-Thru lane,01-Clear,03-Dawn,MIDBLOCK,Saturday,November,1,SEABROOK DR,2,ROAD,MINOR,10.0,20.0,PAVED,TwoWay,PAVED,6,50,NO ACCESS,N,2005.0,55.24688968960921
SEABROOK DR,04-At/near private drive,02-Thru lane,01-Clear,01-Daylight,MIDBLOCK,Saturday,November,1,SEABROOK DR,2,ROAD,MINOR,10.0,20.0,PAVED,TwoWay,PAVED,6,50,NO ACCESS,N,2005.0,188.33452725299
SEABROOK DR,04-At/near private drive,02-Thru lane,01-Clear,01-Daylight,MIDBLOCK,Saturday,November,1,SEABROOK DR,2,ROAD,MINOR,10.0,20.0,PAVED,TwoWay,PAVED,6,50,NO ACCESS,N,2005.0,55.24688968960921
SEABROOK DR,01-Non intersection,11-Not on roadway - right side,02-Rain,07-Dark,MIDBLOCK,Monday,December,0,SEABROOK DR,2,ROAD,MINOR,10.0,20.0,PAVED,TwoWay,PAVED,6,50,NO ACCESS,N,2005.0,188.33452725299
SEABROOK DR,01-Non intersection,11-Not on roadway - right side,02-Rain,07-Dark,MIDBLOCK,Monday,December,0,SEABROOK DR,2,ROAD,MINOR,10.0,20.0,PAVED,TwoWay,PAVED,6,50,NO ACCESS,N,2005.0,55.24688968960921
SEABROOK DR,04-At/near private drive,02-Thru lane,01-Clear,01-Daylight,MIDBLOCK,Friday,April,0,SEABROOK DR,2,ROAD,MINOR,10.0,20.0,PAVED,TwoWay,PAVED,6,50,NO ACCESS,N,2005.0,188.33452725299
SEABROOK DR,04-At/near private drive,02-Thru lane,01-Clear,01-Daylight,MIDBLOCK,Friday,April,0,SEABROOK DR,2,ROAD,MINOR,10.0,20.0,PAVED,TwoWay,PAVED,6,50,NO ACCESS,N,2005.0,55.24688968960921
SEABROOK DR,01-Non intersection,09-Right shoulder,01-Clear,01-Daylight,MIDBLOCK,Friday,April,0,SEABROOK DR,2,ROAD,MINOR,10.0,20.0,PAVED,TwoWay,PAVED,6,50,NO ACCESS,N,2005.0,188.33452725299
SEABROOK DR,01-Non intersection,09-Right shoulder,01-Clear,01-Daylight,MIDBLOCK,Friday,April,0,SEABROOK DR,2,ROAD,MINOR,10.0,20.0,PAVED,TwoWay,PAVED,6,50,NO ACCESS,N,2005.0,55.24688968960921
INGLESIDE DR,04-At/near private drive,02-Thru lane,01-Clear,01-Daylight,MIDBLOCK,Saturday,July,1,INGLESIDE DR,2,ROAD,LOCAL,9.0,20.0,PAVED,TwoWay,PAVED,6,50,NO ACCESS,Y,1969.0,251.44869718572602
INGLESIDE DR,04-At/near private drive,02-Thru lane,01-Clear,01-Daylight,MIDBLOCK,Saturday,July,1,INGLESIDE DR,2,ROAD,LOCAL,10.0,20.0,PAVED,TwoWay,PAVED,6,50,NO ACCESS,Y,1971.0,149.873700302287
INGLESIDE DR,04-At/near private drive,02-Thru lane,01-Clear,01-Daylight,MIDBLOCK,Saturday,July,1,INGLESIDE DR,2,ROAD,LOCAL,9.0,20.0,PAVED,TwoWay,PAVED,6,50,NO ACCESS,Y,2001.0,131.31820882220399
INGLESIDE DR,04-At/near private drive,09-Right shoulder,01-Clear,01-Daylight,MIDBLOCK,Friday,May,0,INGLESIDE DR,2,ROAD,LOCAL,9.0,20.0,PAVED,TwoWay,PAVED,6,50,NO ACCESS,Y,1969.0,251.44869718572602
INGLESIDE DR,04-At/near private drive,09-Right shoulder,01-Clear,01-Daylight,MIDBLOCK,Friday,May,0,INGLESIDE DR,2,ROAD,LOCAL,10.0,20.0,PAVED,TwoWay,PAVED,6,50,NO ACCESS,Y,1971.0,149.873700302287
INGLESIDE DR,04-At/near private drive,09-Right shoulder,01-Clear,01-Daylight,MIDBLOCK,Friday,May,0,INGLESIDE DR,2,ROAD,LOCAL,9.0,20.0,PAVED,TwoWay,PAVED,6,50,NO ACCESS,Y,2001.0,131.31820882220399
INGLESIDE DR,01-Non intersection,10-Not on roadway - left side,01-Clear,"08-Dark, artificial",MIDBLOCK,Monday,December,0,INGLESIDE DR,2,ROAD,LOCAL,9.0,20.0,PAVED,TwoWay,PAVED,6,50,NO ACCESS,Y,1969.0,251.44869718572602
INGLESIDE DR,01-Non intersection,10-Not on roadway - left side,01-Clear,"08-Dark, artificial",MIDBLOCK,Monday,December,0,INGLESIDE DR,2,ROAD,LOCAL,10.0,20.0,PAVED,TwoWay,PAVED,6,50,NO ACCESS,Y,1971.0,149.873700302287
INGLESIDE DR,01-Non intersection,10-Not on roadway - left side,01-Clear,"08-Dark, artificial",MIDBLOCK,Monday,December,0,INGLESIDE DR,2,ROAD,LOCAL,9.0,20.0,PAVED,TwoWay,PAVED,6,50,NO ACCESS,Y,2001.0,131.31820882220399
INGLESIDE DR,04-At/near private drive,02-Thru lane,01-Clear,01-Daylight,MIDBLOCK,Sunday,October,1,INGLESIDE DR,2,ROAD,LOCAL,9.0,20.0,PAVED,TwoWay,PAVED,6,50,NO ACCESS,Y,1969.0,251.44869718572602
INGLESIDE DR,04-At/near private drive,02-Thru lane,01-Clear,01-Daylight,MIDBLOCK,Sunday,October,1,INGLESIDE DR,2,ROAD,LOCAL,10.0,20.0,PAVED,TwoWay,PAVED,6,50,NO ACCESS,Y,1971.0,149.873700302287
INGLESIDE DR,04-At/near private drive,02-Thru lane,01-Clear,01-Daylight,MIDBLOCK,Sunday,October,1,INGLESIDE DR,2,ROAD,LOCAL,9.0,20.0,PAVED,TwoWay,PAVED,6,50,NO ACCESS,Y,2001.0,131.31820882220399
INGLESIDE DR,04-At/near private drive,02-Thru lane,03-Snow,01-Daylight,MIDBLOCK,Saturday,January,1,INGLESIDE DR,2,ROAD,LOCAL,9.0,20.0,PAVED,TwoWay,PAVED,6,50,NO ACCESS,Y,1969.0,251.44869718572602
INGLESIDE DR,04-At/near private drive,02-Thru lane,03-Snow,01-Daylight,MIDBLOCK,Saturday,January,1,INGLESIDE DR,2,ROAD,LOCAL,10.0,20.0,PAVED,TwoWay,PAVED,6,50,NO ACCESS,Y,1971.0,149.873700302287
INGLESIDE DR,04-At/near private drive,02-Thru lane,03-Snow,01-Daylight,MIDBLOCK,Saturday,January,1,INGLESIDE DR,2,ROAD,LOCAL,9.0,20.0,PAVED,TwoWay,PAVED,6,50,NO ACCESS,Y,2001.0,131.31820882220399
INGLESIDE DR,01-Non intersection,02-Thru lane,01-Clear,01-Daylight,MIDBLOCK,Saturday,August,1,INGLESIDE DR,2,ROAD,LOCAL,9.0,20.0,PAVED,TwoWay,PAVED,6,50,NO ACCESS,Y,1969.0,251.44869718572602
INGLESIDE DR,01-Non intersection,02-Thru lane,01-Clear,01-Daylight,MIDBLOCK,Saturday,August,1,INGLESIDE DR,2,ROAD,LOCAL,10.0,20.0,PAVED,TwoWay,PAVED,6,50,NO ACCESS,Y,1971.0,149.873700302287
INGLESIDE DR,01-Non intersection,02-Thru lane,01-Clear,01-Daylight,MIDBLOCK,Saturday,August,1,INGLESIDE DR,2,ROAD,LOCAL,9.0,20.0,PAVED,TwoWay,PAVED,6,50,NO ACCESS,Y,2001.0,131.31820882220399
INGLESIDE DR,01-Non intersection,09-Right shoulder,01-Clear,01-Daylight,MIDBLOCK,Monday,May,0,INGLESIDE DR,2,ROAD,LOCAL,9.0,20.0,PAVED,TwoWay,PAVED,6,50,NO ACCESS,Y,1969.0,251.44869718572602
INGLESIDE DR,01-Non intersection,09-Right shoulder,01-Clear,01-Daylight,MIDBLOCK,Monday,May,0,INGLESIDE DR,2,ROAD,LOCAL,10.0,20.0,PAVED,TwoWay,PAVED,6,50,NO ACCESS,Y,1971.0,149.873700302287
INGLESIDE DR,01-Non intersection,09-Right shoulder,01-Clear,01-Daylight,MIDBLOCK,Monday,May,0,INGLESIDE DR,2,ROAD,LOCAL,9.0,20.0,PAVED,TwoWay,PAVED,6,50,NO ACCESS,Y,2001.0,131.31820882220399
DINISON CRES,04-At/near private drive,09-Right shoulder,02-Rain,01-Daylight,MIDBLOCK,Friday,May,0,DINISON CRES,2,ROAD,LOCAL,9.0,20.0,PAVED,TwoWay,PAVED,6,50,NO ACCESS,N,1979.0,505.5956341828849
DINISON CRES,04-At/near private drive,09-Right shoulder,02-Rain,01-Daylight,MIDBLOCK,Friday,May,0,DINISON CRES,2,ROAD,LOCAL,10.0,20.0,PAVED,TwoWay,PAVED,6,50,NO ACCESS,N,1979.0,125.117488303701
DINISON CRES,04-At/near private drive,09-Right shoulder,02-Rain,01-Daylight,MIDBLOCK,Friday,May,0,DINISON CRES,2,ROAD,LOCAL,9.0,20.0,PAVED,TwoWay,PAVED,6,50,NO ACCESS,N,1979.0,114.458408505413
DINISON CRES,04-At/near private drive,09-Right shoulder,02-Rain,01-Daylight,MIDBLOCK,Friday,May,0,DINISON CRES,2,ROAD,LOCAL,9.0,20.0,PAVED,TwoWay,PAVED,6,50,NO ACCESS,N,1979.0,15.8675245713698
DINISON CRES,04-At/near private drive,09-Right shoulder,02-Rain,01-Daylight,MIDBLOCK,Friday,May,0,DINISON CRES,2,ROAD,LOCAL,9.0,20.0,PAVED,TwoWay,PAVED,6,50,NO ACCESS,N,1979.0,78.07085006670091
DINISON CRES,04-At/near private drive,09-Right shoulder,02-Rain,01-Daylight,MIDBLOCK,Friday,May,0,DINISON CRES,2,ROAD,LOCAL,9.0,20.0,PAVED,TwoWay,PAVED,6,50,NO ACCESS,N,1979.0,88.0568965209531
DINISON CRES,04-At/near private drive,02-Thru lane,01-Clear,07-Dark,MIDBLOCK,Friday,December,0,DINISON CRES,2,ROAD,LOCAL,9.0,20.0,PAVED,TwoWay,PAVED,6,50,NO ACCESS,N,1979.0,505.5956341828849
DINISON CRES,04-At/near private drive,02-Thru lane,01-Clear,07-Dark,MIDBLOCK,Friday,December,0,DINISON CRES,2,ROAD,LOCAL,10.0,20.0,PAVED,TwoWay,PAVED,6,50,NO ACCESS,N,1979.0,125.117488303701
DINISON CRES,04-At/near private drive,02-Thru lane,01-Clear,07-Dark,MIDBLOCK,Friday,December,0,DINISON CRES,2,ROAD,LOCAL,9.0,20.0,PAVED,TwoWay,PAVED,6,50,NO ACCESS,N,1979.0,114.458408505413
DINISON CRES,04-At/near private drive,02-Thru lane,01-Clear,07-Dark,MIDBLOCK,Friday,December,0,DINISON CRES,2,ROAD,LOCAL,9.0,20.0,PAVED,TwoWay,PAVED,6,50,NO ACCESS,N,1979.0,15.8675245713698
DINISON CRES,04-At/near private drive,02-Thru lane,01-Clear,07-Dark,MIDBLOCK,Friday,December,0,DINISON CRES,2,ROAD,LOCAL,9.0,20.0,PAVED,TwoWay,PAVED,6,50,NO ACCESS,N,1979.0,78.07085006670091
DINISON CRES,04-At/near private drive,02-Thru lane,01-Clear,07-Dark,MIDBLOCK,Friday,December,0,DINISON CRES,2,ROAD,LOCAL,9.0,20.0,PAVED,TwoWay,PAVED,6,50,NO ACCESS,N,1979.0,88.0568965209531
DINISON CRES,04-At/near private drive,09-Right shoulder,01-Clear,01-Daylight,MIDBLOCK,Sunday,February,1,DINISON CRES,2,ROAD,LOCAL,9.0,20.0,PAVED,TwoWay,PAVED,6,50,NO ACCESS,N,1979.0,505.5956341828849
DINISON CRES,04-At/near private drive,09-Right shoulder,01-Clear,01-Daylight,MIDBLOCK,Sunday,February,1,DINISON CRES,2,ROAD,LOCAL,10.0,20.0,PAVED,TwoWay,PAVED,6,50,NO ACCESS,N,1979.0,125.117488303701
DINISON CRES,04-At/near private drive,09-Right shoulder,01-Clear,01-Daylight,MIDBLOCK,Sunday,February,1,DINISON CRES,2,ROAD,LOCAL,9.0,20.0,PAVED,TwoWay,PAVED,6,50,NO ACCESS,N,1979.0,114.458408505413
DINISON CRES,04-At/near private drive,09-Right shoulder,01-Clear,01-Daylight,MIDBLOCK,Sunday,February,1,DINISON CRES,2,ROAD,LOCAL,9.0,20.0,PAVED,TwoWay,PAVED,6,50,NO ACCESS,N,1979.0,15.8675245713698
DINISON CRES,04-At/near private drive,09-Right shoulder,01-Clear,01-Daylight,MIDBLOCK,Sunday,February,1,DINISON CRES,2,ROAD,LOCAL,9.0,20.0,PAVED,TwoWay,PAVED,6,50,NO ACCESS,N,1979.0,78.07085006670091
DINISON CRES,04-At/near private drive,09-Right shoulder,01-Clear,01-Daylight,MIDBLOCK,Sunday,February,1,DINISON CRES,2,ROAD,LOCAL,9.0,20.0,PAVED,TwoWay,PAVED,6,50,NO ACCESS,N,1979.0,88.0568965209531
DINISON CRES,04-At/near private drive,09-Right shoulder,01-Clear,01-Daylight,MIDBLOCK,Saturday,June,1,DINISON CRES,2,ROAD,LOCAL,9.0,20.0,PAVED,TwoWay,PAVED,6,50,NO ACCESS,N,1979.0,505.5956341828849
DINISON CRES,04-At/near private drive,09-Right shoulder,01-Clear,01-Daylight,MIDBLOCK,Saturday,June,1,DINISON CRES,2,ROAD,LOCAL,10.0,20.0,PAVED,TwoWay,PAVED,6,50,NO ACCESS,N,1979.0,125.117488303701
DINISON CRES,04-At/near private drive,09-Right shoulder,01-Clear,01-Daylight,MIDBLOCK,Saturday,June,1,DINISON CRES,2,ROAD,LOCAL,9.0,20.0,PAVED,TwoWay,PAVED,6,50,NO ACCESS,N,1979.0,114.458408505413
DINISON CRES,04-At/near private drive,09-Right shoulder,01-Clear,01-Daylight,MIDBLOCK,Saturday,June,1,DINISON CRES,2,ROAD,LOCAL,9.0,20.0,PAVED,TwoWay,PAVED,6,50,NO ACCESS,N,1979.0,15.8675245713698
DINISON CRES,04-At/near private drive,09-Right shoulder,01-Clear,01-Daylight,MIDBLOCK,Saturday,June,1,DINISON CRES,2,ROAD,LOCAL,9.0,20.0,PAVED,TwoWay,PAVED,6,50,NO ACCESS,N,1979.0,78.07085006670091
DINISON CRES,04-At/near private drive,09-Right shoulder,01-Clear,01-Daylight,MIDBLOCK,Saturday,June,1,DINISON CRES,2,ROAD,LOCAL,9.0,20.0,PAVED,TwoWay,PAVED,6,50,NO ACCESS,N,1979.0,88.0568965209531
DINISON CRES,04-At/near private drive,02-Thru lane,01-Clear,"08-Dark, artificial",MIDBLOCK,Saturday,January,1,DINISON CRES,2,ROAD,LOCAL,9.0,20.0,PAVED,TwoWay,PAVED,6,50,NO ACCESS,N,1979.0,505.5956341828849
DINISON CRES,04-At/near private drive,02-Thru lane,01-Clear,"08-Dark, artificial",MIDBLOCK,Saturday,January,1,DINISON CRES,2,ROAD,LOCAL,10.0,20.0,PAVED,TwoWay,PAVED,6,50,NO ACCESS,N,1979.0,125.117488303701
DINISON CRES,04-At/near private drive,02-Thru lane,01-Clear,"08-Dark, artificial",MIDBLOCK,Saturday,January,1,DINISON CRES,2,ROAD,LOCAL,9.0,20.0,PAVED,TwoWay,PAVED,6,50,NO ACCESS,N,1979.0,114.458408505413
DINISON CRES,04-At/near private drive,02-Thru lane,01-Clear,"08-Dark, artificial",MIDBLOCK,Saturday,January,1,DINISON CRES,2,ROAD,LOCAL,9.0,20.0,PAVED,TwoWay,PAVED,6,50,NO ACCESS,N,1979.0,15.8675245713698
DINISON CRES,04-At/near private drive,02-Thru lane,01-Clear,"08-Dark, artificial",MIDBLOCK,Saturday,January,1,DINISON CRES,2,ROAD,LOCAL,9.0,20.0,PAVED,TwoWay,PAVED,6,50,NO ACCESS,N,1979.0,78.07085006670091
DINISON CRES,04-At/near private drive,02-Thru lane,01-Clear,"08-Dark, artificial",MIDBLOCK,Saturday,January,1,DINISON CRES,2,ROAD,LOCAL,9.0,20.0,PAVED,TwoWay,PAVED,6,50,NO ACCESS,N,1979.0,88.0568965209531
DINISON CRES,04-At/near private drive,02-Thru lane,01-Clear,01-Daylight,MIDBLOCK,Sunday,June,1,DINISON CRES,2,ROAD,LOCAL,9.0,20.0,PAVED,TwoWay,PAVED,6,50,NO ACCESS,N,1979.0,505.5956341828849
DINISON CRES,04-At/near private drive,02-Thru lane,01-Clear,01-Daylight,MIDBLOCK,Sunday,June,1,DINISON CRES,2,ROAD,LOCAL,10.0,20.0,PAVED,TwoWay,PAVED,6,50,NO ACCESS,N,1979.0,125.117488303701
DINISON CRES,04-At/near private drive,02-Thru lane,01-Clear,01-Daylight,MIDBLOCK,Sunday,June,1,DINISON CRES,2,ROAD,LOCAL,9.0,20.0,PAVED,TwoWay,PAVED,6,50,NO ACCESS,N,1979.0,114.458408505413
DINISON CRES,04-At/near private drive,02-Thru lane,01-Clear,01-Daylight,MIDBLOCK,Sunday,June,1,DINISON CRES,2,ROAD,LOCAL,9.0,20.0,PAVED,TwoWay,PAVED,6,50,NO ACCESS,N,1979.0,15.8675245713698
DINISON CRES,04-At/near private drive,02-Thru lane,01-Clear,01-Daylight,MIDBLOCK,Sunday,June,1,DINISON CRES,2,ROAD,LOCAL,9.0,20.0,PAVED,TwoWay,PAVED,6,50,NO ACCESS,N,1979.0,78.07085006670091
DINISON CRES,04-At/near private drive,02-Thru lane,01-Clear,01-Daylight,MIDBLOCK,Sunday,June,1,DINISON CRES,2,ROAD,LOCAL,9.0,20.0,PAVED,TwoWay,PAVED,6,50,NO ACCESS,N,1979.0,88.0568965209531
DINISON CRES,04-At/near private drive,09-Right shoulder,01-Clear,01-Daylight,MIDBLOCK,Sunday,September,1,DINISON CRES,2,ROAD,LOCAL,9.0,20.0,PAVED,TwoWay,PAVED,6,50,NO ACCESS,N,1979.0,505.5956341828849
DINISON CRES,04-At/near private drive,09-Right shoulder,01-Clear,01-Daylight,MIDBLOCK,Sunday,September,1,DINISON CRES,2,ROAD,LOCAL,10.0,20.0,PAVED,TwoWay,PAVED,6,50,NO ACCESS,N,1979.0,125.117488303701
DINISON CRES,04-At/near private drive,09-Right shoulder,01-Clear,01-Daylight,MIDBLOCK,Sunday,September,1,DINISON CRES,2,ROAD,LOCAL,9.0,20.0,PAVED,TwoWay,PAVED,6,50,NO ACCESS,N,1979.0,114.458408505413
DINISON CRES,04-At/near private drive,09-Right shoulder,01-Clear,01-Daylight,MIDBLOCK,Sunday,September,1,DINISON CRES,2,ROAD,LOCAL,9.0,20.0,PAVED,TwoWay,PAVED,6,50,NO ACCESS,N,1979.0,15.8675245713698
DINISON CRES,04-At/near private drive,09-Right shoulder,01-Clear,01-Daylight,MIDBLOCK,Sunday,September,1,DINISON CRES,2,ROAD,LOCAL,9.0,20.0,PAVED,TwoWay,PAVED,6,50,NO ACCESS,N,1979.0,78.07085006670091
DINISON CRES,04-At/near private drive,09-Right shoulder,01-Clear,01-Daylight,MIDBLOCK,Sunday,September,1,DINISON CRES,2,ROAD,LOCAL,9.0,20.0,PAVED,TwoWay,PAVED,6,50,NO ACCESS,N,1979.0,88.0568965209531
DINISON CRES,01-Non intersection,02-Thru lane,03-Snow,"08-Dark, artificial",MIDBLOCK,Monday,January,0,DINISON CRES,2,ROAD,LOCAL,9.0,20.0,PAVED,TwoWay,PAVED,6,50,NO ACCESS,N,1979.0,505.5956341828849
DINISON CRES,01-Non intersection,02-Thru lane,03-Snow,"08-Dark, artificial",MIDBLOCK,Monday,January,0,DINISON CRES,2,ROAD,LOCAL,10.0,20.0,PAVED,TwoWay,PAVED,6,50,NO ACCESS,N,1979.0,125.117488303701
DINISON CRES,01-Non intersection,02-Thru lane,03-Snow,"08-Dark, artificial",MIDBLOCK,Monday,January,0,DINISON CRES,2,ROAD,LOCAL,9.0,20.0,PAVED,TwoWay,PAVED,6,50,NO ACCESS,N,1979.0,114.458408505413
DINISON CRES,01-Non intersection,02-Thru lane,03-Snow,"08-Dark, artificial",MIDBLOCK,Monday,January,0,DINISON CRES,2,ROAD,LOCAL,9.0,20.0,PAVED,TwoWay,PAVED,6,50,NO ACCESS,N,1979.0,15.8675245713698
DINISON CRES,01-Non intersection,02-Thru lane,03-Snow,"08-Dark, artificial",MIDBLOCK,Monday,January,0,DINISON CRES,2,ROAD,LOCAL,9.0,20.0,PAVED,TwoWay,PAVED,6,50,NO ACCESS,N,1979.0,78.07085006670091
DINISON CRES,01-Non intersection,02-Thru lane,03-Snow,"08-Dark, artificial",MIDBLOCK,Monday,January,0,DINISON CRES,2,ROAD,LOCAL,9.0,20.0,PAVED,TwoWay,PAVED,6,50,NO ACCESS,N,1979.0,88.0568965209531
ELKINGTON DR,04-At/near private drive,09-Right shoulder,01-Clear,01-Daylight,MIDBLOCK,Thursday,December,0,ELKINGTON DR,2,ROAD,LOCAL,8.0,20.0,PAVED,TwoWay,PAVED,6,50,NO ACCESS,N,1958.0,206.352846539901
ELKINGTON DR,04-At/near private drive,09-Right shoulder,01-Clear,01-Daylight,MIDBLOCK,Thursday,December,0,ELKINGTON DR,2,ROAD,LOCAL,9.0,20.0,PAVED,TwoWay,PAVED,6,50,NO ACCESS,N,1958.0,361.266916051883