LOCATION,ACCIDENT_LOCATION,IMPACT_LOCATION,ENVIRONMENT_CONDITION,LIGHT,COLLISION_TYPE,DAY_OF_WEEK,MONTH,IS_WEEKEND,STREET,LANES,CATEGORY,SUBCATEGORY,PAVEMENT_WIDTH,ROW_WIDTH,SHOULDER,FLOW_DIRECTION,SURFACE_LAYER_TYPE,OFFICIAL_ROAD_CLASSIFICATION,SPEED_LIMIT_KM,TRUCK_ACCESS,BUS_ROUTE,SERVICE_YEAR,Shape__Length
ELKINGTON DR,04-At/near private drive,02-Thru lane,01-Clear,"08-Dark, artificial",MIDBLOCK,Saturday,September,1,ELKINGTON DR,2,ROAD,LOCAL,8.0,20.0,PAVED,TwoWay,PAVED,6,50,NO ACCESS,N,1958.0,206.352846539901
ELKINGTON DR,04-At/near private drive,02-Thru lane,01-Clear,"08-Dark, artificial",MIDBLOCK,Saturday,September,1,ELKINGTON DR,2,ROAD,LOCAL,9.0,20.0,PAVED,TwoWay,PAVED,6,50,NO ACCESS,N,1958.0,361.266916051883
ELKINGTON DR,04-At/near private drive,02-Thru lane,01-Clear,01-Daylight,MIDBLOCK,Wednesday,March,0,ELKINGTON DR,2,ROAD,LOCAL,8.0,20.0,PAVED,TwoWay,PAVED,6,50,NO ACCESS,N,1958.0,206.352846539901
ELKINGTON DR,04-At/near private drive,02-Thru lane,01-Clear,01-Daylight,MIDBLOCK,Wednesday,March,0,ELKINGTON DR,2,ROAD,LOCAL,9.0,20.0,PAVED,TwoWay,PAVED,6,50,NO ACCESS,N,1958.0,361.266916051883
BLUCHER ST,04-At/near private drive,12-Off highway,01-Clear,"06-Dusk, artificial",MIDBLOCK,Saturday,February,1,BLUCHER ST,2,ROAD,LOCAL,8.0,16.0,PAVED,TwoWay,PAVED,6,50,NO ACCESS,N,1933.0,358.176086294126
BLUCHER ST,04-At/near private drive,12-Off highway,01-Clear,"06-Dusk, artificial",MIDBLOCK,Saturday,February,1,BLUCHER ST,2,ROAD,LOCAL,6.0,16.0,PAVED,TwoWay,PAVED,6,50,NO ACCESS,N,1861.0,69.8077086701844
BLUCHER ST,04-At/near private drive,12-Off highway,01-Clear,"06-Dusk, artificial",MIDBLOCK,Saturday,February,1,BLUCHER ST,2,ROAD,LOCAL,7.0,16.0,PAVED,TwoWay,PAVED,6,50,NO ACCESS,N,1861.0,74.22030521295859
BLUCHER ST,04-At/near private drive,12-Off highway,01-Clear,"06-Dusk, artificial",MIDBLOCK,Saturday,February,1,BLUCHER ST,2,ROAD,LOCAL,6.0,16.0,PAVED,TwoWay,PAVED,6,50,NO ACCESS,N,1861.0,87.0648292364444
BLUCHER ST,04-At/near private drive,12-Off highway,01-Clear,"06-Dusk, artificial",MIDBLOCK,Saturday,February,1,BLUCHER ST,2,ROAD,LOCAL,8.0,16.0,PAVED,TwoWay,PAVED,6,50,NO ACCESS,N,1933.0,33.335123094278
BLUCHER ST,04-At/near private drive,12-Off highway,01-Clear,"06-Dusk, artificial",MIDBLOCK,Saturday,February,1,BLUCHER ST,2,ROAD,LOCAL,8.0,16.0,PAVED,TwoWay,PAVED,6,50,NO ACCESS,N,1933.0,119.423301404724
BLUCHER ST,04-At/near private drive,12-Off highway,01-Clear,"06-Dusk, artificial",MIDBLOCK,Saturday,February,1,BLUCHER ST,2,ROAD,LOCAL,9.0,16.0,PAVED,TwoWay,PAVED,6,50,NO ACCESS,N,1861.0,97.39698134023241
BLUCHER ST,04-At/near private drive,12-Off highway,01-Clear,"06-Dusk, artificial",MIDBLOCK,Saturday,February,1,BLUCHER ST,2,ROAD,LOCAL,6.0,16.0,PAVED,TwoWay,PAVED,6,50,NO ACCESS,N,1861.0,109.656852515736
BLUCHER ST,04-At/near private drive,02-Thru lane,03-Snow,01-Daylight,MIDBLOCK,Monday,February,0,BLUCHER ST,2,ROAD,LOCAL,8.0,16.0,PAVED,TwoWay,PAVED,6,50,NO ACCESS,N,1933.0,358.176086294126
BLUCHER ST,04-At/near private drive,02-Thru lane,03-Snow,01-Daylight,MIDBLOCK,Monday,February,0,BLUCHER ST,2,ROAD,LOCAL,6.0,16.0,PAVED,TwoWay,PAVED,6,50,NO ACCESS,N,1861.0,69.8077086701844
BLUCHER ST,04-At/near private drive,02-Thru lane,03-Snow,01-Daylight,MIDBLOCK,Monday,February,0,BLUCHER ST,2,ROAD,LOCAL,7.0,16.0,PAVED,TwoWay,PAVED,6,50,NO ACCESS,N,1861.0,74.22030521295859
BLUCHER ST,04-At/near private drive,02-Thru lane,03-Snow,01-Daylight,MIDBLOCK,Monday,February,0,BLUCHER ST,2,ROAD,LOCAL,6.0,16.0,PAVED,TwoWay,PAVED,6,50,NO ACCESS,N,1861.0,87.0648292364444
BLUCHER ST,04-At/near private drive,02-Thru lane,03-Snow,01-Daylight,MIDBLOCK,Monday,February,0,BLUCHER ST,2,ROAD,LOCAL,8.0,16.0,PAVED,TwoWay,PAVED,6,50,NO ACCESS,N,1933.0,33.335123094278
BLUCHER ST,04-At/near private drive,02-Thru lane,03-Snow,01-Daylight,MIDBLOCK,Monday,February,0,BLUCHER ST,2,ROAD,LOCAL,8.0,16.0,PAVED,TwoWay,PAVED,6,50,NO ACCESS,N,1933.0,119.423301404724
BLUCHER ST,04-At/near private drive,02-Thru lane,03-Snow,01-Daylight,MIDBLOCK,Monday,February,0,BLUCHER ST,2,ROAD,LOCAL,9.0,16.0,PAVED,TwoWay,PAVED,6,50,NO ACCESS,N,1861.0,97.39698134023241
BLUCHER ST,04-At/near private drive,02-Thru lane,03-Snow,01-Daylight,MIDBLOCK,Monday,February,0,BLUCHER ST,2,ROAD,LOCAL,6.0,16.0,PAVED,TwoWay,PAVED,6,50,NO ACCESS,N,1861.0,109.656852515736
BLUCHER ST,04-At/near private drive,02-Thru lane,01-Clear,01-Daylight,MIDBLOCK,Sunday,February,1,BLUCHER ST,2,ROAD,LOCAL,8.0,16.0,PAVED,TwoWay,PAVED,6,50,NO ACCESS,N,1933.0,358.176086294126
BLUCHER ST,04-At/near private drive,02-Thru lane,01-Clear,01-Daylight,MIDBLOCK,Sunday,February,1,BLUCHER ST,2,ROAD,LOCAL,6.0,16.0,PAVED,TwoWay,PAVED,6,50,NO ACCESS,N,1861.0,69.8077086701844
BLUCHER ST,04-At/near private drive,02-Thru lane,01-Clear,01-Daylight,MIDBLOCK,Sunday,February,1,BLUCHER ST,2,ROAD,LOCAL,7.0,16.0,PAVED,TwoWay,PAVED,6,50,NO ACCESS,N,1861.0,74.22030521295859
BLUCHER ST,04-At/near private drive,02-Thru lane,01-Clear,01-Daylight,MIDBLOCK,Sunday,February,1,BLUCHER ST,2,ROAD,LOCAL,6.0,16.0,PAVED,TwoWay,PAVED,6,50,NO ACCESS,N,1861.0,87.0648292364444
BLUCHER ST,04-At/near private drive,02-Thru lane,01-Clear,01-Daylight,MIDBLOCK,Sunday,February,1,BLUCHER ST,2,ROAD,LOCAL,8.0,16.0,PAVED,TwoWay,PAVED,6,50,NO ACCESS,N,1933.0,33.335123094278
BLUCHER ST,04-At/near private drive,02-Thru lane,01-Clear,01-Daylight,MIDBLOCK,Sunday,February,1,BLUCHER ST,2,ROAD,LOCAL,8.0,16.0,PAVED,TwoWay,PAVED,6,50,NO ACCESS,N,1933.0,119.423301404724
BLUCHER ST,04-At/near private drive,02-Thru lane,01-Clear,01-Daylight,MIDBLOCK,Sunday,February,1,BLUCHER ST,2,ROAD,LOCAL,9.0,16.0,PAVED,TwoWay,PAVED,6,50,NO ACCESS,N,1861.0,97.39698134023241
BLUCHER ST,04-At/near private drive,02-Thru lane,01-Clear,01-Daylight,MIDBLOCK,Sunday,February,1,BLUCHER ST,2,ROAD,LOCAL,6.0,16.0,PAVED,TwoWay,PAVED,6,50,NO ACCESS,N,1861.0,109.656852515736
BLUCHER ST,04-At/near private drive,02-Thru lane,03-Snow,01-Daylight,MIDBLOCK,Friday,March,0,BLUCHER ST,2,ROAD,LOCAL,8.0,16.0,PAVED,TwoWay,PAVED,6,50,NO ACCESS,N,1933.0,358.176086294126
BLUCHER ST,04-At/near private drive,02-Thru lane,03-Snow,01-Daylight,MIDBLOCK,Friday,March,0,BLUCHER ST,2,ROAD,LOCAL,6.0,16.0,PAVED,TwoWay,PAVED,6,50,NO ACCESS,N,1861.0,69.8077086701844
BLUCHER ST,04-At/near private drive,02-Thru lane,03-Snow,01-Daylight,MIDBLOCK,Friday,March,0,BLUCHER ST,2,ROAD,LOCAL,7.0,16.0,PAVED,TwoWay,PAVED,6,50,NO ACCESS,N,1861.0,74.22030521295859
BLUCHER ST,04-At/near private drive,02-Thru lane,03-Snow,01-Daylight,MIDBLOCK,Friday,March,0,BLUCHER ST,2,ROAD,LOCAL,6.0,16.0,PAVED,TwoWay,PAVED,6,50,NO ACCESS,N,1861.0,87.0648292364444
BLUCHER ST,04-At/near private drive,02-Thru lane,03-Snow,01-Daylight,MIDBLOCK,Friday,March,0,BLUCHER ST,2,ROAD,LOCAL,8.0,16.0,PAVED,TwoWay,PAVED,6,50,NO ACCESS,N,1933.0,33.335123094278
BLUCHER ST,04-At/near private drive,02-Thru lane,03-Snow,01-Daylight,MIDBLOCK,Friday,March,0,BLUCHER ST,2,ROAD,LOCAL,8.0,16.0,PAVED,TwoWay,PAVED,6,50,NO ACCESS,N,1933.0,119.423301404724
BLUCHER ST,04-At/near private drive,02-Thru lane,03-Snow,01-Daylight,MIDBLOCK,Friday,March,0,BLUCHER ST,2,ROAD,LOCAL,9.0,16.0,PAVED,TwoWay,PAVED,6,50,NO ACCESS,N,1861.0,97.39698134023241
BLUCHER ST,04-At/near private drive,02-Thru lane,03-Snow,01-Daylight,MIDBLOCK,Friday,March,0,BLUCHER ST,2,ROAD,LOCAL,6.0,16.0,PAVED,TwoWay,PAVED,6,50,NO ACCESS,N,1861.0,109.656852515736
BLUCHER ST,04-At/near private drive,09-Right shoulder,01-Clear,01-Daylight,MIDBLOCK,Saturday,July,1,BLUCHER ST,2,ROAD,LOCAL,8.0,16.0,PAVED,TwoWay,PAVED,6,50,NO ACCESS,N,1933.0,358.176086294126
BLUCHER ST,04-At/near private drive,09-Right shoulder,01-Clear,01-Daylight,MIDBLOCK,Saturday,July,1,BLUCHER ST,2,ROAD,LOCAL,6.0,16.0,PAVED,TwoWay,PAVED,6,50,NO ACCESS,N,1861.0,69.8077086701844
BLUCHER ST,04-At/near private drive,09-Right shoulder,01-Clear,01-Daylight,MIDBLOCK,Saturday,July,1,BLUCHER ST,2,ROAD,LOCAL,7.0,16.0,PAVED,TwoWay,PAVED,6,50,NO ACCESS,N,1861.0,74.22030521295859
BLUCHER ST,04-At/near private drive,09-Right shoulder,01-Clear,01-Daylight,MIDBLOCK,Saturday,July,1,BLUCHER ST,2,ROAD,LOCAL,6.0,16.0,PAVED,TwoWay,PAVED,6,50,NO ACCESS,N,1861.0,87.0648292364444
BLUCHER ST,04-At/near private drive,09-Right shoulder,01-Clear,01-Daylight,MIDBLOCK,Saturday,July,1,BLUCHER ST,2,ROAD,LOCAL,8.0,16.0,PAVED,TwoWay,PAVED,6,50,NO ACCESS,N,1933.0,33.335123094278
BLUCHER ST,04-At/near private drive,09-Right shoulder,01-Clear,01-Daylight,MIDBLOCK,Saturday,July,1,BLUCHER ST,2,ROAD,LOCAL,8.0,16.0,PAVED,TwoWay,PAVED,6,50,NO ACCESS,N,1933.0,119.423301404724
BLUCHER ST,04-At/near private drive,09-Right shoulder,01-Clear,01-Daylight,MIDBLOCK,Saturday,July,1,BLUCHER ST,2,ROAD,LOCAL,9.0,16.0,PAVED,TwoWay,PAVED,6,50,NO ACCESS,N,1861.0,97.39698134023241
BLUCHER ST,04-At/near private drive,09-Right shoulder,01-Clear,01-Daylight,MIDBLOCK,Saturday,July,1,BLUCHER ST,2,ROAD,LOCAL,6.0,16.0,PAVED,TwoWay,PAVED,6,50,NO ACCESS,N,1861.0,109.656852515736
BLUCHER ST,04-At/near private drive,09-Right shoulder,01-Clear,01-Daylight,MIDBLOCK,Sunday,August,1,BLUCHER ST,2,ROAD,LOCAL,8.0,16.0,PAVED,TwoWay,PAVED,6,50,NO ACCESS,N,1933.0,358.176086294126
BLUCHER ST,04-At/near private drive,09-Right shoulder,01-Clear,01-Daylight,MIDBLOCK,Sunday,August,1,BLUCHER ST,2,ROAD,LOCAL,6.0,16.0,PAVED,TwoWay,PAVED,6,50,NO ACCESS,N,1861.0,69.8077086701844
BLUCHER ST,04-At/near private drive,09-Right shoulder,01-Clear,01-Daylight,MIDBLOCK,Sunday,August,1,BLUCHER ST,2,ROAD,LOCAL,7.0,16.0,PAVED,TwoWay,PAVED,6,50,NO ACCESS,N,1861.0,74.22030521295859
BLUCHER ST,04-At/near private drive,09-Right shoulder,01-Clear,01-Daylight,MIDBLOCK,Sunday,August,1,BLUCHER ST,2,ROAD,LOCAL,6.0,16.0,PAVED,TwoWay,PAVED,6,50,NO ACCESS,N,1861.0,87.0648292364444
BLUCHER ST,04-At/near private drive,09-Right shoulder,01-Clear,01-Daylight,MIDBLOCK,Sunday,August,1,BLUCHER ST,2,ROAD,LOCAL,8.0,16.0,PAVED,TwoWay,PAVED,6,50,NO ACCESS,N,1933.0,33.335123094278
BLUCHER ST,04-At/near private drive,09-Right shoulder,01-Clear,01-Daylight,MIDBLOCK,Sunday,August,1,BLUCHER ST,2,ROAD,LOCAL,8.0,16.0,PAVED,TwoWay,PAVED,6,50,NO ACCESS,N,1933.0,119.423301404724
BLUCHER ST,04-At/near private drive,09-Right shoulder,01-Clear,01-Daylight,MIDBLOCK,Sunday,August,1,BLUCHER ST,2,ROAD,LOCAL,9.0,16.0,PAVED,TwoWay,PAVED,6,50,NO ACCESS,N,1861.0,97.39698134023241
BLUCHER ST,04-At/near private drive,09-Right shoulder,01-Clear,01-Daylight,MIDBLOCK,Sunday,August,1,BLUCHER ST,2,ROAD,LOCAL,6.0,16.0,PAVED,TwoWay,PAVED,6,50,NO ACCESS,N,1861.0,109.656852515736
BLUCHER ST,01-Non intersection,02-Thru lane,01-Clear,01-Daylight,MIDBLOCK,Friday,September,0,BLUCHER ST,2,ROAD,LOCAL,8.0,16.0,PAVED,TwoWay,PAVED,6,50,NO ACCESS,N,1933.0,358.176086294126
BLUCHER ST,01-Non intersection,02-Thru lane,01-Clear,01-Daylight,MIDBLOCK,Friday,September,0,BLUCHER ST,2,ROAD,LOCAL,6.0,16.0,PAVED,TwoWay,PAVED,6,50,NO ACCESS,N,1861.0,69.8077086701844
BLUCHER ST,01-Non intersection,02-Thru lane,01-Clear,01-Daylight,MIDBLOCK,Friday,September,0,BLUCHER ST,2,ROAD,LOCAL,7.0,16.0,PAVED,TwoWay,PAVED,6,50,NO ACCESS,N,1861.0,74.22030521295859
BLUCHER ST,01-Non intersection,02-Thru lane,01-Clear,01-Daylight,MIDBLOCK,Friday,September,0,BLUCHER ST,2,ROAD,LOCAL,6.0,16.0,PAVED,TwoWay,PAVED,6,50,NO ACCESS,N,1861.0,87.0648292364444
BLUCHER ST,01-Non intersection,02-Thru lane,01-Clear,01-Daylight,MIDBLOCK,Friday,September,0,BLUCHER ST,2,ROAD,LOCAL,8.0,16.0,PAVED,TwoWay,PAVED,6,50,NO ACCESS,N,1933.0,33.335123094278
BLUCHER ST,01-Non intersection,02-Thru lane,01-Clear,01-Daylight,MIDBLOCK,Friday,September,0,BLUCHER ST,2,ROAD,LOCAL,8.0,16.0,PAVED,TwoWay,PAVED,6,50,NO ACCESS,N,1933.0,119.423301404724
BLUCHER ST,01-Non intersection,02-Thru lane,01-Clear,01-Daylight,MIDBLOCK,Friday,September,0,BLUCHER ST,2,ROAD,LOCAL,9.0,16.0,PAVED,TwoWay,PAVED,6,50,NO ACCESS,N,1861.0,97.39698134023241
BLUCHER ST,01-Non intersection,02-Thru lane,01-Clear,01-Daylight,MIDBLOCK,Friday,September,0,BLUCHER ST,2,ROAD,LOCAL,6.0,16.0,PAVED,TwoWay,PAVED,6,50,NO ACCESS,N,1861.0,109.656852515736
JACKSON AVE,04-At/near private drive,02-Thru lane,03-Snow,07-Dark,MIDBLOCK,Saturday,December,1,JACKSON AVE,2,ROAD,LOCAL,9.0,20.0,PAVED,TwoWay,PAVED,6,50,NO ACCESS,N,1946.0,80.93907409366649
JACKSON AVE,04-At/near private drive,02-Thru lane,03-Snow,07-Dark,MIDBLOCK,Saturday,December,1,JACKSON AVE,2,ROAD,LOCAL,10.0,15.0,PAVED,TwoWay,PAVED,6,50,NO ACCESS,N,2004.0,188.567321157641
JACKSON AVE,04-At/near private drive,02-Thru lane,03-Snow,07-Dark,MIDBLOCK,Saturday,December,1,JACKSON AVE,2,ROAD,LOCAL,10.0,20.0,PAVED,TwoWay,PAVED,6,50,NO ACCESS,N,1946.0,177.412944736239
JACKSON AVE,01-Non intersection,02-Thru lane,01-Clear,01-Daylight,MIDBLOCK,Wednesday,August,0,JACKSON AVE,2,ROAD,LOCAL,9.0,20.0,PAVED,TwoWay,PAVED,6,50,NO ACCESS,N,1946.0,80.93907409366649
JACKSON AVE,01-Non intersection,02-Thru lane,01-Clear,01-Daylight,MIDBLOCK,Wednesday,August,0,JACKSON AVE,2,ROAD,LOCAL,10.0,15.0,PAVED,TwoWay,PAVED,6,50,NO ACCESS,N,2004.0,188.567321157641
JACKSON AVE,01-Non intersection,02-Thru lane,01-Clear,01-Daylight,MIDBLOCK,Wednesday,August,0,JACKSON AVE,2,ROAD,LOCAL,10.0,20.0,PAVED,TwoWay,PAVED,6,50,NO ACCESS,N,1946.0,177.412944736239
OLD HURON CRT,01-Non intersection,02-Thru lane,01-Clear,01-Daylight,MIDBLOCK,Wednesday,December,0,OLD HURON CRT,2,ROAD,LOCAL,8.0,16.0,PAVED,TwoWay,PAVED,6,50,NO ACCESS,N,1990.0,251.844452136846
OLD HURON CRT,01-Non intersection,02-Thru lane,01-Clear,01-Daylight,MIDBLOCK,Wednesday,December,0,OLD HURON CRT,2,ROAD,LOCAL,8.0,16.0,PAVED,TwoWay,PAVED,6,50,NO ACCESS,N,1990.0,75.5483336771584
TRILLIUM DR,01-Non intersection,11-Not on roadway - right side,03-Snow,"08-Dark, artificial",MIDBLOCK,Tuesday,November,0,TRILLIUM DR,3,ROAD,MINOR,14.0,20.0,PAVED,TwoWay,PAVED,3,50,7-7 MON-SUN,Y,2002.0,228.35605390745098
TRILLIUM DR,01-Non intersection,11-Not on roadway - right side,03-Snow,"08-Dark, artificial",MIDBLOCK,Tuesday,November,0,TRILLIUM DR,3,ROAD,MINOR,14.0,20.0,PAVED,TwoWay,PAVED,3,50,7-7 MON-SUN,Y,1963.0,144.057978330924
TRILLIUM DR,01-Non intersection,11-Not on roadway - right side,03-Snow,"08-Dark, artificial",MIDBLOCK,Tuesday,November,0,TRILLIUM DR,3,ROAD,MINOR,15.0,20.0,PAVED,TwoWay,PAVED,3,50,7-7 MON-SUN,Y,2002.0,137.877141539252
TRILLIUM DR,01-Non intersection,11-Not on roadway - right side,03-Snow,"08-Dark, artificial",MIDBLOCK,Tuesday,November,0,TRILLIUM DR,2,ROAD,MINOR,10.0,20.0,PAVED,TwoWay,PAVED,3,50,7-7 MON-SUN,Y,1963.0,459.919007871949
TRILLIUM DR,01-Non intersection,11-Not on roadway - right side,03-Snow,"08-Dark, artificial",MIDBLOCK,Tuesday,November,0,TRILLIUM DR,2,ROAD,MINOR,10.0,18.0,PAVED,TwoWay,PAVED,3,50,7-7 MON-SUN,N,1987.0,105.907535465488
TRILLIUM DR,01-Non intersection,11-Not on roadway - right side,03-Snow,"08-Dark, artificial",MIDBLOCK,Tuesday,November,0,TRILLIUM DR,3,ROAD,MINOR,14.0,20.0,PAVED,TwoWay,PAVED,3,50,7-7 MON-SUN,Y,1963.0,299.262536551604
TRILLIUM DR,01-Non intersection,11-Not on roadway - right side,03-Snow,"08-Dark, artificial",MIDBLOCK,Tuesday,November,0,TRILLIUM DR,2,ROAD,MINOR,10.0,20.0,PAVED,TwoWay,PAVED,3,50,7-7 MON-SUN,Y,1987.0,221.12703465682893
TRILLIUM DR,01-Non intersection,11-Not on roadway - right side,03-Snow,"08-Dark, artificial",MIDBLOCK,Tuesday,November,0,TRILLIUM DR,2,ROAD,MINOR,10.0,20.0,PAVED,TwoWay,PAVED,3,50,7-7 MON-SUN,Y,1998.0,1169.52194629381
TRILLIUM DR,04-At/near private drive,02-Thru lane,01-Clear,01-Daylight,MIDBLOCK,Thursday,May,0,TRILLIUM DR,3,ROAD,MINOR,14.0,20.0,PAVED,TwoWay,PAVED,3,50,7-7 MON-SUN,Y,2002.0,228.35605390745098
TRILLIUM DR,04-At/near private drive,02-Thru lane,01-Clear,01-Daylight,MIDBLOCK,Thursday,May,0,TRILLIUM DR,3,ROAD,MINOR,14.0,20.0,PAVED,TwoWay,PAVED,3,50,7-7 MON-SUN,Y,1963.0,144.057978330924
TRILLIUM DR,04-At/near private drive,02-Thru lane,01-Clear,01-Daylight,MIDBLOCK,Thursday,May,0,TRILLIUM DR,3,ROAD,MINOR,15.0,20.0,PAVED,TwoWay,PAVED,3,50,7-7 MON-SUN,Y,2002.0,137.877141539252
TRILLIUM DR,04-At/near private drive,02-Thru lane,01-Clear,01-Daylight,MIDBLOCK,Thursday,May,0,TRILLIUM DR,2,ROAD,MINOR,10.0,20.0,PAVED,TwoWay,PAVED,3,50,7-7 MON-SUN,Y,1963.0,459.919007871949
TRILLIUM DR,04-At/near private drive,02-Thru lane,01-Clear,01-Daylight,MIDBLOCK,Thursday,May,0,TRILLIUM DR,2,ROAD,MINOR,10.0,18.0,PAVED,TwoWay,PAVED,3,50,7-7 MON-SUN,N,1987.0,105.907535465488
TRILLIUM DR,04-At/near private drive,02-Thru lane,01-Clear,01-Daylight,MIDBLOCK,Thursday,May,0,TRILLIUM DR,3,ROAD,MINOR,14.0,20.0,PAVED,TwoWay,PAVED,3,50,7-7 MON-SUN,Y,1963.0,299.262536551604
TRILLIUM DR,04-At/near private drive,02-Thru lane,01-Clear,01-Daylight,MIDBLOCK,Thursday,May,0,TRILLIUM DR,2,ROAD,MINOR,10.0,20.0,PAVED,TwoWay,PAVED,3,50,7-7 MON-SUN,Y,1987.0,221.12703465682893
TRILLIUM DR,04-At/near private drive,02-Thru lane,01-Clear,01-Daylight,MIDBLOCK,Thursday,May,0,TRILLIUM DR,2,ROAD,MINOR,10.0,20.0,PAVED,TwoWay,PAVED,3,50,7-7 MON-SUN,Y,1998.0,1169.52194629381
TRILLIUM DR,04-At/near private drive,02-Thru lane,01-Clear,01-Daylight,MIDBLOCK,Friday,June,0,TRILLIUM DR,3,ROAD,MINOR,14.0,20.0,PAVED,TwoWay,PAVED,3,50,7-7 MON-SUN,Y,2002.0,228.35605390745098
TRILLIUM DR,04-At/near private drive,02-Thru lane,01-Clear,01-Daylight,MIDBLOCK,Friday,June,0,TRILLIUM DR,3,ROAD,MINOR,14.0,20.0,PAVED,TwoWay,PAVED,3,50,7-7 MON-SUN,Y,1963.0,144.057978330924
TRILLIUM DR,04-At/near private drive,02-Thru lane,01-Clear,01-Daylight,MIDBLOCK,Friday,June,0,TRILLIUM DR,3,ROAD,MINOR,15.0,20.0,PAVED,TwoWay,PAVED,3,50,7-7 MON-SUN,Y,2002.0,137.877141539252
TRILLIUM DR,04-At/near private drive,02-Thru lane,01-Clear,01-Daylight,MIDBLOCK,Friday,June,0,TRILLIUM DR,2,ROAD,MINOR,10.0,20.0,PAVED,TwoWay,PAVED,3,50,7-7 MON-SUN,Y,1963.0,459.919007871949
TRILLIUM DR,04-At/near private drive,02-Thru lane,01-Clear,01-Daylight,MIDBLOCK,Friday,June,0,TRILLIUM DR,2,ROAD,MINOR,10.0,18.0,PAVED,TwoWay,PAVED,3,50,7-7 MON-SUN,N,1987.0,105.907535465488
TRILLIUM DR,04-At/near private drive,02-Thru lane,01-Clear,01-Daylight,MIDBLOCK,Friday,June,0,TRILLIUM DR,3,ROAD,MINOR,14.0,20.0,PAVED,TwoWay,PAVED,3,50,7-7 MON-SUN,Y,1963.0,299.262536551604
TRILLIUM DR,04-At/near private drive,02-Thru lane,01-Clear,01-Daylight,MIDBLOCK,Friday,June,0,TRILLIUM DR,2,ROAD,MINOR,10.0,20.0,PAVED,TwoWay,PAVED,3,50,7-7 MON-SUN,Y,1987.0,221.12703465682893
TRILLIUM DR,04-At/near private drive,02-Thru lane,01-Clear,01-Daylight,MIDBLOCK,Friday,June,0,TRILLIUM DR,2,ROAD,MINOR,10.0,20.0,PAVED,TwoWay,PAVED,3,50,7-7 MON-SUN,Y,1998.0,1169.52194629381
TRILLIUM DR,01-Non intersection,02-Thru lane,01-Clear,"08-Dark, artificial",MIDBLOCK,Tuesday,January,0,TRILLIUM DR,3,ROAD,MINOR,14.0,20.0,PAVED,TwoWay,PAVED,3,50,7-7 MON-SUN,Y,2002.0,228.35605390745098
TRILLIUM DR,01-Non intersection,02-Thru lane,01-Clear,"08-Dark, artificial",MIDBLOCK,Tuesday,January,0,TRILLIUM DR,3,ROAD,MINOR,14.0,20.0,PAVED,TwoWay,PAVED,3,50,7-7 MON-SUN,Y,1963.0,144.057978330924
TRILLIUM DR,01-Non intersection,02-Thru lane,01-Clear,"08-Dark, artificial",MIDBLOCK,Tuesday,January,0,TRILLIUM DR,3,ROAD,MINOR,15.0,20.0,PAVED,TwoWay,PAVED,3,50,7-7 MON-SUN,Y,2002.0,137.877141539252
TRILLIUM DR,01-Non intersection,02-Thru lane,01-Clear,"08-Dark, artificial",MIDBLOCK,Tuesday,January,0,TRILLIUM DR,2,ROAD,MINOR,10.0,20.0,PAVED,TwoWay,PAVED,3,50,7-7 MON-SUN,Y,1963.0,459.919007871949
TRILLIUM DR,01-Non intersection,02-Thru lane,01-Clear,"08-Dark, artificial",MIDBLOCK,Tuesday,January,0,TRILLIUM DR,2,ROAD,MINOR,10.0,18.0,PAVED,TwoWay,PAVED,3,50,7-7 MON-SUN,N,1987.0,105.907535465488
TRILLIUM DR,01-Non intersection,02-Thru lane,01-Clear,"08-Dark, artificial",MIDBLOCK,Tuesday,January,0,TRILLIUM DR,3,ROAD,MINOR,14.0,20.0,PAVED,TwoWay,PAVED,3,50,7-7 MON-SUN,Y,1963.0,299.262536551604
TRILLIUM DR,01-Non intersection,02-Thru lane,01-Clear,"08-Dark, artificial",MIDBLOCK,Tuesday,January,0,TRILLIUM DR,2,ROAD,MINOR,10.0,20.0,PAVED,TwoWay,PAVED,3,50,7-7 MON-SUN,Y,1987.0,221.12703465682893
TRILLIUM DR,01-Non intersection,02-Thru lane,01-Clear,"08-Dark, artificial",MIDBLOCK,Tuesday,January,0,TRILLIUM DR,2,ROAD,MINOR,10.0,20.0,PAVED,TwoWay,PAVED,3,50,7-7 MON-SUN,Y,1998.0,1169.52194629381
TRILLIUM DR,04-At/near private drive,02-Thru lane,02-Rain,01-Daylight,MIDBLOCK,Thursday,July,0,TRILLIUM DR,3,ROAD,MINOR,14.0,20.0,PAVED,TwoWay,PAVED,3,50,7-7 MON-SUN,Y,2002.0,228.35605390745098
TRILLIUM DR,04-At/near private drive,02-Thru lane,02-Rain,01-Daylight,MIDBLOCK,Thursday,July,0,TRILLIUM DR,3,ROAD,MINOR,14.0,20.0,PAVED,TwoWay,PAVED,3,50,7-7 MON-SUN,Y,1963.0,144.057978330924
TRILLIUM DR,04-At/near private drive,02-Thru lane,02-Rain,01-Daylight,MIDBLOCK,Thursday,July,0,TRILLIUM DR,3,ROAD,MINOR,15.0,20.0,PAVED,TwoWay,PAVED,3,50,7-7 MON-SUN,Y,2002.0,137.877141539252
TRILLIUM DR,04-At/near private drive,02-Thru lane,02-Rain,01-Daylight,MIDBLOCK,Thursday,July,0,TRILLIUM DR,2,ROAD,MINOR,10.0,20.0,PAVED,TwoWay,PAVED,3,50,7-7 MON-SUN,Y,1963.0,459.919007871949