LOCATION,ACCIDENT_LOCATION,IMPACT_LOCATION,ENVIRONMENT_CONDITION,LIGHT,COLLISION_TYPE,DAY_OF_WEEK,MONTH,IS_WEEKEND,STREET,LANES,CATEGORY,SUBCATEGORY,PAVEMENT_WIDTH,ROW_WIDTH,SHOULDER,FLOW_DIRECTION,SURFACE_LAYER_TYPE,OFFICIAL_ROAD_CLASSIFICATION,SPEED_LIMIT_KM,TRUCK_ACCESS,BUS_ROUTE,SERVICE_YEAR,Shape__Length
TRILLIUM DR,04-At/near private drive,02-Thru lane,02-Rain,01-Daylight,MIDBLOCK,Thursday,July,0,TRILLIUM DR,2,ROAD,MINOR,10.0,18.0,PAVED,TwoWay,PAVED,3,50,7-7 MON-SUN,N,1987.0,105.907535465488
TRILLIUM DR,04-At/near private drive,02-Thru lane,02-Rain,01-Daylight,MIDBLOCK,Thursday,July,0,TRILLIUM DR,3,ROAD,MINOR,14.0,20.0,PAVED,TwoWay,PAVED,3,50,7-7 MON-SUN,Y,1963.0,299.262536551604
TRILLIUM DR,04-At/near private drive,02-Thru lane,02-Rain,01-Daylight,MIDBLOCK,Thursday,July,0,TRILLIUM DR,2,ROAD,MINOR,10.0,20.0,PAVED,TwoWay,PAVED,3,50,7-7 MON-SUN,Y,1987.0,221.12703465682893
TRILLIUM DR,04-At/near private drive,02-Thru lane,02-Rain,01-Daylight,MIDBLOCK,Thursday,July,0,TRILLIUM DR,2,ROAD,MINOR,10.0,20.0,PAVED,TwoWay,PAVED,3,50,7-7 MON-SUN,Y,1998.0,1169.52194629381
TRILLIUM DR,04-At/near private drive,02-Thru lane,03-Snow,05-Dusk,MIDBLOCK,Thursday,December,0,TRILLIUM DR,3,ROAD,MINOR,14.0,20.0,PAVED,TwoWay,PAVED,3,50,7-7 MON-SUN,Y,2002.0,228.35605390745098
TRILLIUM DR,04-At/near private drive,02-Thru lane,03-Snow,05-Dusk,MIDBLOCK,Thursday,December,0,TRILLIUM DR,3,ROAD,MINOR,14.0,20.0,PAVED,TwoWay,PAVED,3,50,7-7 MON-SUN,Y,1963.0,144.057978330924
TRILLIUM DR,04-At/near private drive,02-Thru lane,03-Snow,05-Dusk,MIDBLOCK,Thursday,December,0,TRILLIUM DR,3,ROAD,MINOR,15.0,20.0,PAVED,TwoWay,PAVED,3,50,7-7 MON-SUN,Y,2002.0,137.877141539252
TRILLIUM DR,04-At/near private drive,02-Thru lane,03-Snow,05-Dusk,MIDBLOCK,Thursday,December,0,TRILLIUM DR,2,ROAD,MINOR,10.0,20.0,PAVED,TwoWay,PAVED,3,50,7-7 MON-SUN,Y,1963.0,459.919007871949
TRILLIUM DR,04-At/near private drive,02-Thru lane,03-Snow,05-Dusk,MIDBLOCK,Thursday,December,0,TRILLIUM DR,2,ROAD,MINOR,10.0,18.0,PAVED,TwoWay,PAVED,3,50,7-7 MON-SUN,N,1987.0,105.907535465488
TRILLIUM DR,04-At/near private drive,02-Thru lane,03-Snow,05-Dusk,MIDBLOCK,Thursday,December,0,TRILLIUM DR,3,ROAD,MINOR,14.0,20.0,PAVED,TwoWay,PAVED,3,50,7-7 MON-SUN,Y,1963.0,299.262536551604
TRILLIUM DR,04-At/near private drive,02-Thru lane,03-Snow,05-Dusk,MIDBLOCK,Thursday,December,0,TRILLIUM DR,2,ROAD,MINOR,10.0,20.0,PAVED,TwoWay,PAVED,3,50,7-7 MON-SUN,Y,1987.0,221.12703465682893
TRILLIUM DR,04-At/near private drive,02-Thru lane,03-Snow,05-Dusk,MIDBLOCK,Thursday,December,0,TRILLIUM DR,2,ROAD,MINOR,10.0,20.0,PAVED,TwoWay,PAVED,3,50,7-7 MON-SUN,Y,1998.0,1169.52194629381
TRILLIUM DR,04-At/near private drive,02-Thru lane,02-Rain,05-Dusk,MIDBLOCK,Tuesday,February,0,TRILLIUM DR,3,ROAD,MINOR,14.0,20.0,PAVED,TwoWay,PAVED,3,50,7-7 MON-SUN,Y,2002.0,228.35605390745098
TRILLIUM DR,04-At/near private drive,02-Thru lane,02-Rain,05-Dusk,MIDBLOCK,Tuesday,February,0,TRILLIUM DR,3,ROAD,MINOR,14.0,20.0,PAVED,TwoWay,PAVED,3,50,7-7 MON-SUN,Y,1963.0,144.057978330924
TRILLIUM DR,04-At/near private drive,02-Thru lane,02-Rain,05-Dusk,MIDBLOCK,Tuesday,February,0,TRILLIUM DR,3,ROAD,MINOR,15.0,20.0,PAVED,TwoWay,PAVED,3,50,7-7 MON-SUN,Y,2002.0,137.877141539252
TRILLIUM DR,04-At/near private drive,02-Thru lane,02-Rain,05-Dusk,MIDBLOCK,Tuesday,February,0,TRILLIUM DR,2,ROAD,MINOR,10.0,20.0,PAVED,TwoWay,PAVED,3,50,7-7 MON-SUN,Y,1963.0,459.919007871949
TRILLIUM DR,04-At/near private drive,02-Thru lane,02-Rain,05-Dusk,MIDBLOCK,Tuesday,February,0,TRILLIUM DR,2,ROAD,MINOR,10.0,18.0,PAVED,TwoWay,PAVED,3,50,7-7 MON-SUN,N,1987.0,105.907535465488
TRILLIUM DR,04-At/near private drive,02-Thru lane,02-Rain,05-Dusk,MIDBLOCK,Tuesday,February,0,TRILLIUM DR,3,ROAD,MINOR,14.0,20.0,PAVED,TwoWay,PAVED,3,50,7-7 MON-SUN,Y,1963.0,299.262536551604
TRILLIUM DR,04-At/near private drive,02-Thru lane,02-Rain,05-Dusk,MIDBLOCK,Tuesday,February,0,TRILLIUM DR,2,ROAD,MINOR,10.0,20.0,PAVED,TwoWay,PAVED,3,50,7-7 MON-SUN,Y,1987.0,221.12703465682893
TRILLIUM DR,04-At/near private drive,02-Thru lane,02-Rain,05-Dusk,MIDBLOCK,Tuesday,February,0,TRILLIUM DR,2,ROAD,MINOR,10.0,20.0,PAVED,TwoWay,PAVED,3,50,7-7 MON-SUN,Y,1998.0,1169.52194629381
TRILLIUM DR,01-Non intersection,02-Thru lane,01-Clear,01-Daylight,MIDBLOCK,Thursday,October,0,TRILLIUM DR,3,ROAD,MINOR,14.0,20.0,PAVED,TwoWay,PAVED,3,50,7-7 MON-SUN,Y,2002.0,228.35605390745098
TRILLIUM DR,01-Non intersection,02-Thru lane,01-Clear,01-Daylight,MIDBLOCK,Thursday,October,0,TRILLIUM DR,3,ROAD,MINOR,14.0,20.0,PAVED,TwoWay,PAVED,3,50,7-7 MON-SUN,Y,1963.0,144.057978330924
TRILLIUM DR,01-Non intersection,02-Thru lane,01-Clear,01-Daylight,MIDBLOCK,Thursday,October,0,TRILLIUM DR,3,ROAD,MINOR,15.0,20.0,PAVED,TwoWay,PAVED,3,50,7-7 MON-SUN,Y,2002.0,137.877141539252
TRILLIUM DR,01-Non intersection,02-Thru lane,01-Clear,01-Daylight,MIDBLOCK,Thursday,October,0,TRILLIUM DR,2,ROAD,MINOR,10.0,20.0,PAVED,TwoWay,PAVED,3,50,7-7 MON-SUN,Y,1963.0,459.919007871949
TRILLIUM DR,01-Non intersection,02-Thru lane,01-Clear,01-Daylight,MIDBLOCK,Thursday,October,0,TRILLIUM DR,2,ROAD,MINOR,10.0,18.0,PAVED,TwoWay,PAVED,3,50,7-7 MON-SUN,N,1987.0,105.907535465488
TRILLIUM DR,01-Non intersection,02-Thru lane,01-Clear,01-Daylight,MIDBLOCK,Thursday,October,0,TRILLIUM DR,3,ROAD,MINOR,14.0,20.0,PAVED,TwoWay,PAVED,3,50,7-7 MON-SUN,Y,1963.0,299.262536551604
TRILLIUM DR,01-Non intersection,02-Thru lane,01-Clear,01-Daylight,MIDBLOCK,Thursday,October,0,TRILLIUM DR,2,ROAD,MINOR,10.0,20.0,PAVED,TwoWay,PAVED,3,50,7-7 MON-SUN,Y,1987.0,221.12703465682893
TRILLIUM DR,01-Non intersection,02-Thru lane,01-Clear,01-Daylight,MIDBLOCK,Thursday,October,0,TRILLIUM DR,2,ROAD,MINOR,10.0,20.0,PAVED,TwoWay,PAVED,3,50,7-7 MON-SUN,Y,1998.0,1169.52194629381
TRILLIUM DR,04-At/near private drive,02-Thru lane,01-Clear,01-Daylight,MIDBLOCK,Thursday,September,0,TRILLIUM DR,3,ROAD,MINOR,14.0,20.0,PAVED,TwoWay,PAVED,3,50,7-7 MON-SUN,Y,2002.0,228.35605390745098
TRILLIUM DR,04-At/near private drive,02-Thru lane,01-Clear,01-Daylight,MIDBLOCK,Thursday,September,0,TRILLIUM DR,3,ROAD,MINOR,14.0,20.0,PAVED,TwoWay,PAVED,3,50,7-7 MON-SUN,Y,1963.0,144.057978330924
TRILLIUM DR,04-At/near private drive,02-Thru lane,01-Clear,01-Daylight,MIDBLOCK,Thursday,September,0,TRILLIUM DR,3,ROAD,MINOR,15.0,20.0,PAVED,TwoWay,PAVED,3,50,7-7 MON-SUN,Y,2002.0,137.877141539252
TRILLIUM DR,04-At/near private drive,02-Thru lane,01-Clear,01-Daylight,MIDBLOCK,Thursday,September,0,TRILLIUM DR,2,ROAD,MINOR,10.0,20.0,PAVED,TwoWay,PAVED,3,50,7-7 MON-SUN,Y,1963.0,459.919007871949
TRILLIUM DR,04-At/near private drive,02-Thru lane,01-Clear,01-Daylight,MIDBLOCK,Thursday,September,0,TRILLIUM DR,2,ROAD,MINOR,10.0,18.0,PAVED,TwoWay,PAVED,3,50,7-7 MON-SUN,N,1987.0,105.907535465488
TRILLIUM DR,04-At/near private drive,02-Thru lane,01-Clear,01-Daylight,MIDBLOCK,Thursday,September,0,TRILLIUM DR,3,ROAD,MINOR,14.0,20.0,PAVED,TwoWay,PAVED,3,50,7-7 MON-SUN,Y,1963.0,299.262536551604
TRILLIUM DR,04-At/near private drive,02-Thru lane,01-Clear,01-Daylight,MIDBLOCK,Thursday,September,0,TRILLIUM DR,2,ROAD,MINOR,10.0,20.0,PAVED,TwoWay,PAVED,3,50,7-7 MON-SUN,Y,1987.0,221.12703465682893
TRILLIUM DR,04-At/near private drive,02-Thru lane,01-Clear,01-Daylight,MIDBLOCK,Thursday,September,0,TRILLIUM DR,2,ROAD,MINOR,10.0,20.0,PAVED,TwoWay,PAVED,3,50,7-7 MON-SUN,Y,1998.0,1169.52194629381
TRILLIUM DR,01-Non intersection,02-Thru lane,01-Clear,01-Daylight,MIDBLOCK,Friday,December,0,TRILLIUM DR,3,ROAD,MINOR,14.0,20.0,PAVED,TwoWay,PAVED,3,50,7-7 MON-SUN,Y,2002.0,228.35605390745098
TRILLIUM DR,01-Non intersection,02-Thru lane,01-Clear,01-Daylight,MIDBLOCK,Friday,December,0,TRILLIUM DR,3,ROAD,MINOR,14.0,20.0,PAVED,TwoWay,PAVED,3,50,7-7 MON-SUN,Y,1963.0,144.057978330924
TRILLIUM DR,01-Non intersection,02-Thru lane,01-Clear,01-Daylight,MIDBLOCK,Friday,December,0,TRILLIUM DR,3,ROAD,MINOR,15.0,20.0,PAVED,TwoWay,PAVED,3,50,7-7 MON-SUN,Y,2002.0,137.877141539252
TRILLIUM DR,01-Non intersection,02-Thru lane,01-Clear,01-Daylight,MIDBLOCK,Friday,December,0,TRILLIUM DR,2,ROAD,MINOR,10.0,20.0,PAVED,TwoWay,PAVED,3,50,7-7 MON-SUN,Y,1963.0,459.919007871949
TRILLIUM DR,01-Non intersection,02-Thru lane,01-Clear,01-Daylight,MIDBLOCK,Friday,December,0,TRILLIUM DR,2,ROAD,MINOR,10.0,18.0,PAVED,TwoWay,PAVED,3,50,7-7 MON-SUN,N,1987.0,105.907535465488
TRILLIUM DR,01-Non intersection,02-Thru lane,01-Clear,01-Daylight,MIDBLOCK,Friday,December,0,TRILLIUM DR,3,ROAD,MINOR,14.0,20.0,PAVED,TwoWay,PAVED,3,50,7-7 MON-SUN,Y,1963.0,299.262536551604
TRILLIUM DR,01-Non intersection,02-Thru lane,01-Clear,01-Daylight,MIDBLOCK,Friday,December,0,TRILLIUM DR,2,ROAD,MINOR,10.0,20.0,PAVED,TwoWay,PAVED,3,50,7-7 MON-SUN,Y,1987.0,221.12703465682893
TRILLIUM DR,01-Non intersection,02-Thru lane,01-Clear,01-Daylight,MIDBLOCK,Friday,December,0,TRILLIUM DR,2,ROAD,MINOR,10.0,20.0,PAVED,TwoWay,PAVED,3,50,7-7 MON-SUN,Y,1998.0,1169.52194629381
TRILLIUM DR,01-Non intersection,12-Off highway,04-Freezing Rain,01-Daylight,MIDBLOCK,Monday,December,0,TRILLIUM DR,3,ROAD,MINOR,14.0,20.0,PAVED,TwoWay,PAVED,3,50,7-7 MON-SUN,Y,2002.0,228.35605390745098
TRILLIUM DR,01-Non intersection,12-Off highway,04-Freezing Rain,01-Daylight,MIDBLOCK,Monday,December,0,TRILLIUM DR,3,ROAD,MINOR,14.0,20.0,PAVED,TwoWay,PAVED,3,50,7-7 MON-SUN,Y,1963.0,144.057978330924
TRILLIUM DR,01-Non intersection,12-Off highway,04-Freezing Rain,01-Daylight,MIDBLOCK,Monday,December,0,TRILLIUM DR,3,ROAD,MINOR,15.0,20.0,PAVED,TwoWay,PAVED,3,50,7-7 MON-SUN,Y,2002.0,137.877141539252
TRILLIUM DR,01-Non intersection,12-Off highway,04-Freezing Rain,01-Daylight,MIDBLOCK,Monday,December,0,TRILLIUM DR,2,ROAD,MINOR,10.0,20.0,PAVED,TwoWay,PAVED,3,50,7-7 MON-SUN,Y,1963.0,459.919007871949
TRILLIUM DR,01-Non intersection,12-Off highway,04-Freezing Rain,01-Daylight,MIDBLOCK,Monday,December,0,TRILLIUM DR,2,ROAD,MINOR,10.0,18.0,PAVED,TwoWay,PAVED,3,50,7-7 MON-SUN,N,1987.0,105.907535465488
TRILLIUM DR,01-Non intersection,12-Off highway,04-Freezing Rain,01-Daylight,MIDBLOCK,Monday,December,0,TRILLIUM DR,3,ROAD,MINOR,14.0,20.0,PAVED,TwoWay,PAVED,3,50,7-7 MON-SUN,Y,1963.0,299.262536551604
TRILLIUM DR,01-Non intersection,12-Off highway,04-Freezing Rain,01-Daylight,MIDBLOCK,Monday,December,0,TRILLIUM DR,2,ROAD,MINOR,10.0,20.0,PAVED,TwoWay,PAVED,3,50,7-7 MON-SUN,Y,1987.0,221.12703465682893
TRILLIUM DR,01-Non intersection,12-Off highway,04-Freezing Rain,01-Daylight,MIDBLOCK,Monday,December,0,TRILLIUM DR,2,ROAD,MINOR,10.0,20.0,PAVED,TwoWay,PAVED,3,50,7-7 MON-SUN,Y,1998.0,1169.52194629381
TRILLIUM DR,01-Non intersection,11-Not on roadway - right side,01-Clear,01-Daylight,MIDBLOCK,Friday,August,0,TRILLIUM DR,3,ROAD,MINOR,14.0,20.0,PAVED,TwoWay,PAVED,3,50,7-7 MON-SUN,Y,2002.0,228.35605390745098
TRILLIUM DR,01-Non intersection,11-Not on roadway - right side,01-Clear,01-Daylight,MIDBLOCK,Friday,August,0,TRILLIUM DR,3,ROAD,MINOR,14.0,20.0,PAVED,TwoWay,PAVED,3,50,7-7 MON-SUN,Y,1963.0,144.057978330924
TRILLIUM DR,01-Non intersection,11-Not on roadway - right side,01-Clear,01-Daylight,MIDBLOCK,Friday,August,0,TRILLIUM DR,3,ROAD,MINOR,15.0,20.0,PAVED,TwoWay,PAVED,3,50,7-7 MON-SUN,Y,2002.0,137.877141539252
TRILLIUM DR,01-Non intersection,11-Not on roadway - right side,01-Clear,01-Daylight,MIDBLOCK,Friday,August,0,TRILLIUM DR,2,ROAD,MINOR,10.0,20.0,PAVED,TwoWay,PAVED,3,50,7-7 MON-SUN,Y,1963.0,459.919007871949
TRILLIUM DR,01-Non intersection,11-Not on roadway - right side,01-Clear,01-Daylight,MIDBLOCK,Friday,August,0,TRILLIUM DR,2,ROAD,MINOR,10.0,18.0,PAVED,TwoWay,PAVED,3,50,7-7 MON-SUN,N,1987.0,105.907535465488
TRILLIUM DR,01-Non intersection,11-Not on roadway - right side,01-Clear,01-Daylight,MIDBLOCK,Friday,August,0,TRILLIUM DR,3,ROAD,MINOR,14.0,20.0,PAVED,TwoWay,PAVED,3,50,7-7 MON-SUN,Y,1963.0,299.262536551604
TRILLIUM DR,01-Non intersection,11-Not on roadway - right side,01-Clear,01-Daylight,MIDBLOCK,Friday,August,0,TRILLIUM DR,2,ROAD,MINOR,10.0,20.0,PAVED,TwoWay,PAVED,3,50,7-7 MON-SUN,Y,1987.0,221.12703465682893
TRILLIUM DR,01-Non intersection,11-Not on roadway - right side,01-Clear,01-Daylight,MIDBLOCK,Friday,August,0,TRILLIUM DR,2,ROAD,MINOR,10.0,20.0,PAVED,TwoWay,PAVED,3,50,7-7 MON-SUN,Y,1998.0,1169.52194629381
TRILLIUM DR,04-At/near private drive,02-Thru lane,01-Clear,01-Daylight,MIDBLOCK,Thursday,July,0,TRILLIUM DR,3,ROAD,MINOR,14.0,20.0,PAVED,TwoWay,PAVED,3,50,7-7 MON-SUN,Y,2002.0,228.35605390745098
TRILLIUM DR,04-At/near private drive,02-Thru lane,01-Clear,01-Daylight,MIDBLOCK,Thursday,July,0,TRILLIUM DR,3,ROAD,MINOR,14.0,20.0,PAVED,TwoWay,PAVED,3,50,7-7 MON-SUN,Y,1963.0,144.057978330924
TRILLIUM DR,04-At/near private drive,02-Thru lane,01-Clear,01-Daylight,MIDBLOCK,Thursday,July,0,TRILLIUM DR,3,ROAD,MINOR,15.0,20.0,PAVED,TwoWay,PAVED,3,50,7-7 MON-SUN,Y,2002.0,137.877141539252
TRILLIUM DR,04-At/near private drive,02-Thru lane,01-Clear,01-Daylight,MIDBLOCK,Thursday,July,0,TRILLIUM DR,2,ROAD,MINOR,10.0,20.0,PAVED,TwoWay,PAVED,3,50,7-7 MON-SUN,Y,1963.0,459.919007871949
TRILLIUM DR,04-At/near private drive,02-Thru lane,01-Clear,01-Daylight,MIDBLOCK,Thursday,July,0,TRILLIUM DR,2,ROAD,MINOR,10.0,18.0,PAVED,TwoWay,PAVED,3,50,7-7 MON-SUN,N,1987.0,105.907535465488
TRILLIUM DR,04-At/near private drive,02-Thru lane,01-Clear,01-Daylight,MIDBLOCK,Thursday,July,0,TRILLIUM DR,3,ROAD,MINOR,14.0,20.0,PAVED,TwoWay,PAVED,3,50,7-7 MON-SUN,Y,1963.0,299.262536551604
TRILLIUM DR,04-At/near private drive,02-Thru lane,01-Clear,01-Daylight,MIDBLOCK,Thursday,July,0,TRILLIUM DR,2,ROAD,MINOR,10.0,20.0,PAVED,TwoWay,PAVED,3,50,7-7 MON-SUN,Y,1987.0,221.12703465682893
TRILLIUM DR,04-At/near private drive,02-Thru lane,01-Clear,01-Daylight,MIDBLOCK,Thursday,July,0,TRILLIUM DR,2,ROAD,MINOR,10.0,20.0,PAVED,TwoWay,PAVED,3,50,7-7 MON-SUN,Y,1998.0,1169.52194629381
TRILLIUM DR,04-At/near private drive,02-Thru lane,01-Clear,07-Dark,MIDBLOCK,Thursday,December,0,TRILLIUM DR,3,ROAD,MINOR,14.0,20.0,PAVED,TwoWay,PAVED,3,50,7-7 MON-SUN,Y,2002.0,228.35605390745098
TRILLIUM DR,04-At/near private drive,02-Thru lane,01-Clear,07-Dark,MIDBLOCK,Thursday,December,0,TRILLIUM DR,3,ROAD,MINOR,14.0,20.0,PAVED,TwoWay,PAVED,3,50,7-7 MON-SUN,Y,1963.0,144.057978330924
TRILLIUM DR,04-At/near private drive,02-Thru lane,01-Clear,07-Dark,MIDBLOCK,Thursday,December,0,TRILLIUM DR,3,ROAD,MINOR,15.0,20.0,PAVED,TwoWay,PAVED,3,50,7-7 MON-SUN,Y,2002.0,137.877141539252
TRILLIUM DR,04-At/near private drive,02-Thru lane,01-Clear,07-Dark,MIDBLOCK,Thursday,December,0,TRILLIUM DR,2,ROAD,MINOR,10.0,20.0,PAVED,TwoWay,PAVED,3,50,7-7 MON-SUN,Y,1963.0,459.919007871949
TRILLIUM DR,04-At/near private drive,02-Thru lane,01-Clear,07-Dark,MIDBLOCK,Thursday,December,0,TRILLIUM DR,2,ROAD,MINOR,10.0,18.0,PAVED,TwoWay,PAVED,3,50,7-7 MON-SUN,N,1987.0,105.907535465488
TRILLIUM DR,04-At/near private drive,02-Thru lane,01-Clear,07-Dark,MIDBLOCK,Thursday,December,0,TRILLIUM DR,3,ROAD,MINOR,14.0,20.0,PAVED,TwoWay,PAVED,3,50,7-7 MON-SUN,Y,1963.0,299.262536551604
TRILLIUM DR,04-At/near private drive,02-Thru lane,01-Clear,07-Dark,MIDBLOCK,Thursday,December,0,TRILLIUM DR,2,ROAD,MINOR,10.0,20.0,PAVED,TwoWay,PAVED,3,50,7-7 MON-SUN,Y,1987.0,221.12703465682893
TRILLIUM DR,04-At/near private drive,02-Thru lane,01-Clear,07-Dark,MIDBLOCK,Thursday,December,0,TRILLIUM DR,2,ROAD,MINOR,10.0,20.0,PAVED,TwoWay,PAVED,3,50,7-7 MON-SUN,Y,1998.0,1169.52194629381
TRILLIUM DR,01-Non intersection,02-Thru lane,02-Rain,01-Daylight,MIDBLOCK,Saturday,May,1,TRILLIUM DR,3,ROAD,MINOR,14.0,20.0,PAVED,TwoWay,PAVED,3,50,7-7 MON-SUN,Y,2002.0,228.35605390745098
TRILLIUM DR,01-Non intersection,02-Thru lane,02-Rain,01-Daylight,MIDBLOCK,Saturday,May,1,TRILLIUM DR,3,ROAD,MINOR,14.0,20.0,PAVED,TwoWay,PAVED,3,50,7-7 MON-SUN,Y,1963.0,144.057978330924
TRILLIUM DR,01-Non intersection,02-Thru lane,02-Rain,01-Daylight,MIDBLOCK,Saturday,May,1,TRILLIUM DR,3,ROAD,MINOR,15.0,20.0,PAVED,TwoWay,PAVED,3,50,7-7 MON-SUN,Y,2002.0,137.877141539252
TRILLIUM DR,01-Non intersection,02-Thru lane,02-Rain,01-Daylight,MIDBLOCK,Saturday,May,1,TRILLIUM DR,2,ROAD,MINOR,10.0,20.0,PAVED,TwoWay,PAVED,3,50,7-7 MON-SUN,Y,1963.0,459.919007871949
TRILLIUM DR,01-Non intersection,02-Thru lane,02-Rain,01-Daylight,MIDBLOCK,Saturday,May,1,TRILLIUM DR,2,ROAD,MINOR,10.0,18.0,PAVED,TwoWay,PAVED,3,50,7-7 MON-SUN,N,1987.0,105.907535465488
TRILLIUM DR,01-Non intersection,02-Thru lane,02-Rain,01-Daylight,MIDBLOCK,Saturday,May,1,TRILLIUM DR,3,ROAD,MINOR,14.0,20.0,PAVED,TwoWay,PAVED,3,50,7-7 MON-SUN,Y,1963.0,299.262536551604
TRILLIUM DR,01-Non intersection,02-Thru lane,02-Rain,01-Daylight,MIDBLOCK,Saturday,May,1,TRILLIUM DR,2,ROAD,MINOR,10.0,20.0,PAVED,TwoWay,PAVED,3,50,7-7 MON-SUN,Y,1987.0,221.12703465682893
TRILLIUM DR,01-Non intersection,02-Thru lane,02-Rain,01-Daylight,MIDBLOCK,Saturday,May,1,TRILLIUM DR,2,ROAD,MINOR,10.0,20.0,PAVED,TwoWay,PAVED,3,50,7-7 MON-SUN,Y,1998.0,1169.52194629381
TRILLIUM DR,01-Non intersection,02-Thru lane,02-Rain,01-Daylight,MIDBLOCK,Friday,November,0,TRILLIUM DR,3,ROAD,MINOR,14.0,20.0,PAVED,TwoWay,PAVED,3,50,7-7 MON-SUN,Y,2002.0,228.35605390745098
TRILLIUM DR,01-Non intersection,02-Thru lane,02-Rain,01-Daylight,MIDBLOCK,Friday,November,0,TRILLIUM DR,3,ROAD,MINOR,14.0,20.0,PAVED,TwoWay,PAVED,3,50,7-7 MON-SUN,Y,1963.0,144.057978330924
TRILLIUM DR,01-Non intersection,02-Thru lane,02-Rain,01-Daylight,MIDBLOCK,Friday,November,0,TRILLIUM DR,3,ROAD,MINOR,15.0,20.0,PAVED,TwoWay,PAVED,3,50,7-7 MON-SUN,Y,2002.0,137.877141539252
TRILLIUM DR,01-Non intersection,02-Thru lane,02-Rain,01-Daylight,MIDBLOCK,Friday,November,0,TRILLIUM DR,2,ROAD,MINOR,10.0,20.0,PAVED,TwoWay,PAVED,3,50,7-7 MON-SUN,Y,1963.0,459.919007871949
TRILLIUM DR,01-Non intersection,02-Thru lane,02-Rain,01-Daylight,MIDBLOCK,Friday,November,0,TRILLIUM DR,2,ROAD,MINOR,10.0,18.0,PAVED,TwoWay,PAVED,3,50,7-7 MON-SUN,N,1987.0,105.907535465488
TRILLIUM DR,01-Non intersection,02-Thru lane,02-Rain,01-Daylight,MIDBLOCK,Friday,November,0,TRILLIUM DR,3,ROAD,MINOR,14.0,20.0,PAVED,TwoWay,PAVED,3,50,7-7 MON-SUN,Y,1963.0,299.262536551604
TRILLIUM DR,01-Non intersection,02-Thru lane,02-Rain,01-Daylight,MIDBLOCK,Friday,November,0,TRILLIUM DR,2,ROAD,MINOR,10.0,20.0,PAVED,TwoWay,PAVED,3,50,7-7 MON-SUN,Y,1987.0,221.12703465682893
TRILLIUM DR,01-Non intersection,02-Thru lane,02-Rain,01-Daylight,MIDBLOCK,Friday,November,0,TRILLIUM DR,2,ROAD,MINOR,10.0,20.0,PAVED,TwoWay,PAVED,3,50,7-7 MON-SUN,Y,1998.0,1169.52194629381
TRILLIUM DR,01-Non intersection,11-Not on roadway - right side,01-Clear,07-Dark,MIDBLOCK,Friday,December,0,TRILLIUM DR,3,ROAD,MINOR,14.0,20.0,PAVED,TwoWay,PAVED,3,50,7-7 MON-SUN,Y,2002.0,228.35605390745098
TRILLIUM DR,01-Non intersection,11-Not on roadway - right side,01-Clear,07-Dark,MIDBLOCK,Friday,December,0,TRILLIUM DR,3,ROAD,MINOR,14.0,20.0,PAVED,TwoWay,PAVED,3,50,7-7 MON-SUN,Y,1963.0,144.057978330924
TRILLIUM DR,01-Non intersection,11-Not on roadway - right side,01-Clear,07-Dark,MIDBLOCK,Friday,December,0,TRILLIUM DR,3,ROAD,MINOR,15.0,20.0,PAVED,TwoWay,PAVED,3,50,7-7 MON-SUN,Y,2002.0,137.877141539252
TRILLIUM DR,01-Non intersection,11-Not on roadway - right side,01-Clear,07-Dark,MIDBLOCK,Friday,December,0,TRILLIUM DR,2,ROAD,MINOR,10.0,20.0,PAVED,TwoWay,PAVED,3,50,7-7 MON-SUN,Y,1963.0,459.919007871949
TRILLIUM DR,01-Non intersection,11-Not on roadway - right side,01-Clear,07-Dark,MIDBLOCK,Friday,December,0,TRILLIUM DR,2,ROAD,MINOR,10.0,18.0,PAVED,TwoWay,PAVED,3,50,7-7 MON-SUN,N,1987.0,105.907535465488
TRILLIUM DR,01-Non intersection,11-Not on roadway - right side,01-Clear,07-Dark,MIDBLOCK,Friday,December,0,TRILLIUM DR,3,ROAD,MINOR,14.0,20.0,PAVED,TwoWay,PAVED,3,50,7-7 MON-SUN,Y,1963.0,299.262536551604
TRILLIUM DR,01-Non intersection,11-Not on roadway - right side,01-Clear,07-Dark,MIDBLOCK,Friday,December,0,TRILLIUM DR,2,ROAD,MINOR,10.0,20.0,PAVED,TwoWay,PAVED,3,50,7-7 MON-SUN,Y,1987.0,221.12703465682893
TRILLIUM DR,01-Non intersection,11-Not on roadway - right side,01-Clear,07-Dark,MIDBLOCK,Friday,December,0,TRILLIUM DR,2,ROAD,MINOR,10.0,20.0,PAVED,TwoWay,PAVED,3,50,7-7 MON-SUN,Y,1998.0,1169.52194629381
TRILLIUM DR,04-At/near private drive,09-Right shoulder,02-Rain,07-Dark,MIDBLOCK,Wednesday,November,0,TRILLIUM DR,3,ROAD,MINOR,14.0,20.0,PAVED,TwoWay,PAVED,3,50,7-7 MON-SUN,Y,2002.0,228.35605390745098
TRILLIUM DR,04-At/near private drive,09-Right shoulder,02-Rain,07-Dark,MIDBLOCK,Wednesday,November,0,TRILLIUM DR,3,ROAD,MINOR,14.0,20.0,PAVED,TwoWay,PAVED,3,50,7-7 MON-SUN,Y,1963.0,144.057978330924
TRILLIUM DR,04-At/near private drive,09-Right shoulder,02-Rain,07-Dark,MIDBLOCK,Wednesday,November,0,TRILLIUM DR,3,ROAD,MINOR,15.0,20.0,PAVED,TwoWay,PAVED,3,50,7-7 MON-SUN,Y,2002.0,137.877141539252
TRILLIUM DR,04-At/near private drive,09-Right shoulder,02-Rain,07-Dark,MIDBLOCK,Wednesday,November,0,TRILLIUM DR,2,ROAD,MINOR,10.0,20.0,PAVED,TwoWay,PAVED,3,50,7-7 MON-SUN,Y,1963.0,459.919007871949
TRILLIUM DR,04-At/near private drive,09-Right shoulder,02-Rain,07-Dark,MIDBLOCK,Wednesday,November,0,TRILLIUM DR,2,ROAD,MINOR,10.0,18.0,PAVED,TwoWay,PAVED,3,50,7-7 MON-SUN,N,1987.0,105.907535465488