LOCATION,ACCIDENT_LOCATION,IMPACT_LOCATION,ENVIRONMENT_CONDITION,LIGHT,COLLISION_TYPE,DAY_OF_WEEK,MONTH,IS_WEEKEND,STREET,LANES,CATEGORY,SUBCATEGORY,PAVEMENT_WIDTH,ROW_WIDTH,SHOULDER,FLOW_DIRECTION,SURFACE_LAYER_TYPE,OFFICIAL_ROAD_CLASSIFICATION,SPEED_LIMIT_KM,TRUCK_ACCESS,BUS_ROUTE,SERVICE_YEAR,Shape__Length
TRILLIUM DR,04-At/near private drive,09-Right shoulder,02-Rain,07-Dark,MIDBLOCK,Wednesday,November,0,TRILLIUM DR,3,ROAD,MINOR,14.0,20.0,PAVED,TwoWay,PAVED,3,50,7-7 MON-SUN,Y,1963.0,299.262536551604
TRILLIUM DR,04-At/near private drive,09-Right shoulder,02-Rain,07-Dark,MIDBLOCK,Wednesday,November,0,TRILLIUM DR,2,ROAD,MINOR,10.0,20.0,PAVED,TwoWay,PAVED,3,50,7-7 MON-SUN,Y,1987.0,221.12703465682893
TRILLIUM DR,04-At/near private drive,09-Right shoulder,02-Rain,07-Dark,MIDBLOCK,Wednesday,November,0,TRILLIUM DR,2,ROAD,MINOR,10.0,20.0,PAVED,TwoWay,PAVED,3,50,7-7 MON-SUN,Y,1998.0,1169.52194629381
TRILLIUM DR,01-Non intersection,10-Not on roadway - left side,01-Clear,03-Dawn,MIDBLOCK,Monday,September,0,TRILLIUM DR,3,ROAD,MINOR,14.0,20.0,PAVED,TwoWay,PAVED,3,50,7-7 MON-SUN,Y,2002.0,228.35605390745098
TRILLIUM DR,01-Non intersection,10-Not on roadway - left side,01-Clear,03-Dawn,MIDBLOCK,Monday,September,0,TRILLIUM DR,3,ROAD,MINOR,14.0,20.0,PAVED,TwoWay,PAVED,3,50,7-7 MON-SUN,Y,1963.0,144.057978330924
TRILLIUM DR,01-Non intersection,10-Not on roadway - left side,01-Clear,03-Dawn,MIDBLOCK,Monday,September,0,TRILLIUM DR,3,ROAD,MINOR,15.0,20.0,PAVED,TwoWay,PAVED,3,50,7-7 MON-SUN,Y,2002.0,137.877141539252
TRILLIUM DR,01-Non intersection,10-Not on roadway - left side,01-Clear,03-Dawn,MIDBLOCK,Monday,September,0,TRILLIUM DR,2,ROAD,MINOR,10.0,20.0,PAVED,TwoWay,PAVED,3,50,7-7 MON-SUN,Y,1963.0,459.919007871949
TRILLIUM DR,01-Non intersection,10-Not on roadway - left side,01-Clear,03-Dawn,MIDBLOCK,Monday,September,0,TRILLIUM DR,2,ROAD,MINOR,10.0,18.0,PAVED,TwoWay,PAVED,3,50,7-7 MON-SUN,N,1987.0,105.907535465488
TRILLIUM DR,01-Non intersection,10-Not on roadway - left side,01-Clear,03-Dawn,MIDBLOCK,Monday,September,0,TRILLIUM DR,3,ROAD,MINOR,14.0,20.0,PAVED,TwoWay,PAVED,3,50,7-7 MON-SUN,Y,1963.0,299.262536551604
TRILLIUM DR,01-Non intersection,10-Not on roadway - left side,01-Clear,03-Dawn,MIDBLOCK,Monday,September,0,TRILLIUM DR,2,ROAD,MINOR,10.0,20.0,PAVED,TwoWay,PAVED,3,50,7-7 MON-SUN,Y,1987.0,221.12703465682893
TRILLIUM DR,01-Non intersection,10-Not on roadway - left side,01-Clear,03-Dawn,MIDBLOCK,Monday,September,0,TRILLIUM DR,2,ROAD,MINOR,10.0,20.0,PAVED,TwoWay,PAVED,3,50,7-7 MON-SUN,Y,1998.0,1169.52194629381
TRILLIUM DR,01-Non intersection,10-Not on roadway - left side,01-Clear,07-Dark,MIDBLOCK,Saturday,April,1,TRILLIUM DR,3,ROAD,MINOR,14.0,20.0,PAVED,TwoWay,PAVED,3,50,7-7 MON-SUN,Y,2002.0,228.35605390745098
TRILLIUM DR,01-Non intersection,10-Not on roadway - left side,01-Clear,07-Dark,MIDBLOCK,Saturday,April,1,TRILLIUM DR,3,ROAD,MINOR,14.0,20.0,PAVED,TwoWay,PAVED,3,50,7-7 MON-SUN,Y,1963.0,144.057978330924
TRILLIUM DR,01-Non intersection,10-Not on roadway - left side,01-Clear,07-Dark,MIDBLOCK,Saturday,April,1,TRILLIUM DR,3,ROAD,MINOR,15.0,20.0,PAVED,TwoWay,PAVED,3,50,7-7 MON-SUN,Y,2002.0,137.877141539252
TRILLIUM DR,01-Non intersection,10-Not on roadway - left side,01-Clear,07-Dark,MIDBLOCK,Saturday,April,1,TRILLIUM DR,2,ROAD,MINOR,10.0,20.0,PAVED,TwoWay,PAVED,3,50,7-7 MON-SUN,Y,1963.0,459.919007871949
TRILLIUM DR,01-Non intersection,10-Not on roadway - left side,01-Clear,07-Dark,MIDBLOCK,Saturday,April,1,TRILLIUM DR,2,ROAD,MINOR,10.0,18.0,PAVED,TwoWay,PAVED,3,50,7-7 MON-SUN,N,1987.0,105.907535465488
TRILLIUM DR,01-Non intersection,10-Not on roadway - left side,01-Clear,07-Dark,MIDBLOCK,Saturday,April,1,TRILLIUM DR,3,ROAD,MINOR,14.0,20.0,PAVED,TwoWay,PAVED,3,50,7-7 MON-SUN,Y,1963.0,299.262536551604
TRILLIUM DR,01-Non intersection,10-Not on roadway - left side,01-Clear,07-Dark,MIDBLOCK,Saturday,April,1,TRILLIUM DR,2,ROAD,MINOR,10.0,20.0,PAVED,TwoWay,PAVED,3,50,7-7 MON-SUN,Y,1987.0,221.12703465682893
TRILLIUM DR,01-Non intersection,10-Not on roadway - left side,01-Clear,07-Dark,MIDBLOCK,Saturday,April,1,TRILLIUM DR,2,ROAD,MINOR,10.0,20.0,PAVED,TwoWay,PAVED,3,50,7-7 MON-SUN,Y,1998.0,1169.52194629381
TRILLIUM DR,04-At/near private drive,02-Thru lane,01-Clear,01-Daylight,MIDBLOCK,Wednesday,June,0,TRILLIUM DR,3,ROAD,MINOR,14.0,20.0,PAVED,TwoWay,PAVED,3,50,7-7 MON-SUN,Y,2002.0,228.35605390745098
TRILLIUM DR,04-At/near private drive,02-Thru lane,01-Clear,01-Daylight,MIDBLOCK,Wednesday,June,0,TRILLIUM DR,3,ROAD,MINOR,14.0,20.0,PAVED,TwoWay,PAVED,3,50,7-7 MON-SUN,Y,1963.0,144.057978330924
TRILLIUM DR,04-At/near private drive,02-Thru lane,01-Clear,01-Daylight,MIDBLOCK,Wednesday,June,0,TRILLIUM DR,3,ROAD,MINOR,15.0,20.0,PAVED,TwoWay,PAVED,3,50,7-7 MON-SUN,Y,2002.0,137.877141539252
TRILLIUM DR,04-At/near private drive,02-Thru lane,01-Clear,01-Daylight,MIDBLOCK,Wednesday,June,0,TRILLIUM DR,2,ROAD,MINOR,10.0,20.0,PAVED,TwoWay,PAVED,3,50,7-7 MON-SUN,Y,1963.0,459.919007871949
TRILLIUM DR,04-At/near private drive,02-Thru lane,01-Clear,01-Daylight,MIDBLOCK,Wednesday,June,0,TRILLIUM DR,2,ROAD,MINOR,10.0,18.0,PAVED,TwoWay,PAVED,3,50,7-7 MON-SUN,N,1987.0,105.907535465488
TRILLIUM DR,04-At/near private drive,02-Thru lane,01-Clear,01-Daylight,MIDBLOCK,Wednesday,June,0,TRILLIUM DR,3,ROAD,MINOR,14.0,20.0,PAVED,TwoWay,PAVED,3,50,7-7 MON-SUN,Y,1963.0,299.262536551604
TRILLIUM DR,04-At/near private drive,02-Thru lane,01-Clear,01-Daylight,MIDBLOCK,Wednesday,June,0,TRILLIUM DR,2,ROAD,MINOR,10.0,20.0,PAVED,TwoWay,PAVED,3,50,7-7 MON-SUN,Y,1987.0,221.12703465682893
TRILLIUM DR,04-At/near private drive,02-Thru lane,01-Clear,01-Daylight,MIDBLOCK,Wednesday,June,0,TRILLIUM DR,2,ROAD,MINOR,10.0,20.0,PAVED,TwoWay,PAVED,3,50,7-7 MON-SUN,Y,1998.0,1169.52194629381
TRILLIUM DR,04-At/near private drive,04-Right turn lane,02-Rain,01-Daylight,MIDBLOCK,Friday,July,0,TRILLIUM DR,3,ROAD,MINOR,14.0,20.0,PAVED,TwoWay,PAVED,3,50,7-7 MON-SUN,Y,2002.0,228.35605390745098
TRILLIUM DR,04-At/near private drive,04-Right turn lane,02-Rain,01-Daylight,MIDBLOCK,Friday,July,0,TRILLIUM DR,3,ROAD,MINOR,14.0,20.0,PAVED,TwoWay,PAVED,3,50,7-7 MON-SUN,Y,1963.0,144.057978330924
TRILLIUM DR,04-At/near private drive,04-Right turn lane,02-Rain,01-Daylight,MIDBLOCK,Friday,July,0,TRILLIUM DR,3,ROAD,MINOR,15.0,20.0,PAVED,TwoWay,PAVED,3,50,7-7 MON-SUN,Y,2002.0,137.877141539252
TRILLIUM DR,04-At/near private drive,04-Right turn lane,02-Rain,01-Daylight,MIDBLOCK,Friday,July,0,TRILLIUM DR,2,ROAD,MINOR,10.0,20.0,PAVED,TwoWay,PAVED,3,50,7-7 MON-SUN,Y,1963.0,459.919007871949
TRILLIUM DR,04-At/near private drive,04-Right turn lane,02-Rain,01-Daylight,MIDBLOCK,Friday,July,0,TRILLIUM DR,2,ROAD,MINOR,10.0,18.0,PAVED,TwoWay,PAVED,3,50,7-7 MON-SUN,N,1987.0,105.907535465488
TRILLIUM DR,04-At/near private drive,04-Right turn lane,02-Rain,01-Daylight,MIDBLOCK,Friday,July,0,TRILLIUM DR,3,ROAD,MINOR,14.0,20.0,PAVED,TwoWay,PAVED,3,50,7-7 MON-SUN,Y,1963.0,299.262536551604
TRILLIUM DR,04-At/near private drive,04-Right turn lane,02-Rain,01-Daylight,MIDBLOCK,Friday,July,0,TRILLIUM DR,2,ROAD,MINOR,10.0,20.0,PAVED,TwoWay,PAVED,3,50,7-7 MON-SUN,Y,1987.0,221.12703465682893
TRILLIUM DR,04-At/near private drive,04-Right turn lane,02-Rain,01-Daylight,MIDBLOCK,Friday,July,0,TRILLIUM DR,2,ROAD,MINOR,10.0,20.0,PAVED,TwoWay,PAVED,3,50,7-7 MON-SUN,Y,1998.0,1169.52194629381
TRILLIUM DR,04-At/near private drive,04-Right turn lane,01-Clear,07-Dark,MIDBLOCK,Monday,January,0,TRILLIUM DR,3,ROAD,MINOR,14.0,20.0,PAVED,TwoWay,PAVED,3,50,7-7 MON-SUN,Y,2002.0,228.35605390745098
TRILLIUM DR,04-At/near private drive,04-Right turn lane,01-Clear,07-Dark,MIDBLOCK,Monday,January,0,TRILLIUM DR,3,ROAD,MINOR,14.0,20.0,PAVED,TwoWay,PAVED,3,50,7-7 MON-SUN,Y,1963.0,144.057978330924
TRILLIUM DR,04-At/near private drive,04-Right turn lane,01-Clear,07-Dark,MIDBLOCK,Monday,January,0,TRILLIUM DR,3,ROAD,MINOR,15.0,20.0,PAVED,TwoWay,PAVED,3,50,7-7 MON-SUN,Y,2002.0,137.877141539252
TRILLIUM DR,04-At/near private drive,04-Right turn lane,01-Clear,07-Dark,MIDBLOCK,Monday,January,0,TRILLIUM DR,2,ROAD,MINOR,10.0,20.0,PAVED,TwoWay,PAVED,3,50,7-7 MON-SUN,Y,1963.0,459.919007871949
TRILLIUM DR,04-At/near private drive,04-Right turn lane,01-Clear,07-Dark,MIDBLOCK,Monday,January,0,TRILLIUM DR,2,ROAD,MINOR,10.0,18.0,PAVED,TwoWay,PAVED,3,50,7-7 MON-SUN,N,1987.0,105.907535465488
TRILLIUM DR,04-At/near private drive,04-Right turn lane,01-Clear,07-Dark,MIDBLOCK,Monday,January,0,TRILLIUM DR,3,ROAD,MINOR,14.0,20.0,PAVED,TwoWay,PAVED,3,50,7-7 MON-SUN,Y,1963.0,299.262536551604
TRILLIUM DR,04-At/near private drive,04-Right turn lane,01-Clear,07-Dark,MIDBLOCK,Monday,January,0,TRILLIUM DR,2,ROAD,MINOR,10.0,20.0,PAVED,TwoWay,PAVED,3,50,7-7 MON-SUN,Y,1987.0,221.12703465682893
TRILLIUM DR,04-At/near private drive,04-Right turn lane,01-Clear,07-Dark,MIDBLOCK,Monday,January,0,TRILLIUM DR,2,ROAD,MINOR,10.0,20.0,PAVED,TwoWay,PAVED,3,50,7-7 MON-SUN,Y,1998.0,1169.52194629381
TRILLIUM DR,01-Non intersection,02-Thru lane,02-Rain,01-Daylight,MIDBLOCK,Thursday,August,0,TRILLIUM DR,3,ROAD,MINOR,14.0,20.0,PAVED,TwoWay,PAVED,3,50,7-7 MON-SUN,Y,2002.0,228.35605390745098
TRILLIUM DR,01-Non intersection,02-Thru lane,02-Rain,01-Daylight,MIDBLOCK,Thursday,August,0,TRILLIUM DR,3,ROAD,MINOR,14.0,20.0,PAVED,TwoWay,PAVED,3,50,7-7 MON-SUN,Y,1963.0,144.057978330924
TRILLIUM DR,01-Non intersection,02-Thru lane,02-Rain,01-Daylight,MIDBLOCK,Thursday,August,0,TRILLIUM DR,3,ROAD,MINOR,15.0,20.0,PAVED,TwoWay,PAVED,3,50,7-7 MON-SUN,Y,2002.0,137.877141539252
TRILLIUM DR,01-Non intersection,02-Thru lane,02-Rain,01-Daylight,MIDBLOCK,Thursday,August,0,TRILLIUM DR,2,ROAD,MINOR,10.0,20.0,PAVED,TwoWay,PAVED,3,50,7-7 MON-SUN,Y,1963.0,459.919007871949
TRILLIUM DR,01-Non intersection,02-Thru lane,02-Rain,01-Daylight,MIDBLOCK,Thursday,August,0,TRILLIUM DR,2,ROAD,MINOR,10.0,18.0,PAVED,TwoWay,PAVED,3,50,7-7 MON-SUN,N,1987.0,105.907535465488
TRILLIUM DR,01-Non intersection,02-Thru lane,02-Rain,01-Daylight,MIDBLOCK,Thursday,August,0,TRILLIUM DR,3,ROAD,MINOR,14.0,20.0,PAVED,TwoWay,PAVED,3,50,7-7 MON-SUN,Y,1963.0,299.262536551604
TRILLIUM DR,01-Non intersection,02-Thru lane,02-Rain,01-Daylight,MIDBLOCK,Thursday,August,0,TRILLIUM DR,2,ROAD,MINOR,10.0,20.0,PAVED,TwoWay,PAVED,3,50,7-7 MON-SUN,Y,1987.0,221.12703465682893
TRILLIUM DR,01-Non intersection,02-Thru lane,02-Rain,01-Daylight,MIDBLOCK,Thursday,August,0,TRILLIUM DR,2,ROAD,MINOR,10.0,20.0,PAVED,TwoWay,PAVED,3,50,7-7 MON-SUN,Y,1998.0,1169.52194629381
BRIARFIELD ST,04-At/near private drive,02-Thru lane,01-Clear,"08-Dark, artificial",MIDBLOCK,Sunday,July,1,BRIARFIELD ST,2,ROAD,LOCAL,9.0,20.0,PAVED,TwoWay,PAVED,6,50,NO ACCESS,N,1994.0,287.087339940421
BRIARFIELD ST,04-At/near private drive,02-Thru lane,02-Rain,01-Daylight,MIDBLOCK,Saturday,October,1,BRIARFIELD ST,2,ROAD,LOCAL,9.0,20.0,PAVED,TwoWay,PAVED,6,50,NO ACCESS,N,1994.0,287.087339940421
BRIARFIELD ST,04-At/near private drive,02-Thru lane,01-Clear,07-Dark,MIDBLOCK,Sunday,January,1,BRIARFIELD ST,2,ROAD,LOCAL,9.0,20.0,PAVED,TwoWay,PAVED,6,50,NO ACCESS,N,1994.0,287.087339940421
UNION BLVD,01-Non intersection,11-Not on roadway - right side,05-Drifting Snow,01-Daylight,MIDBLOCK,Thursday,February,0,UNION BLVD,4,ROAD,MINOR,10.0,24.0,PAVED,TwoWay,PAVED,2,50,24HR,Y,2000.0,132.631760268668
UNION BLVD,01-Non intersection,11-Not on roadway - right side,05-Drifting Snow,01-Daylight,MIDBLOCK,Thursday,February,0,UNION BLVD,2,ROAD,LOCAL,9.0,20.0,PAVED,TwoWay,PAVED,6,50,NO ACCESS,N,2003.0,145.955732575918
UNION BLVD,04-At/near private drive,02-Thru lane,01-Clear,03-Dawn,MIDBLOCK,Monday,February,0,UNION BLVD,4,ROAD,MINOR,10.0,24.0,PAVED,TwoWay,PAVED,2,50,24HR,Y,2000.0,132.631760268668
UNION BLVD,04-At/near private drive,02-Thru lane,01-Clear,03-Dawn,MIDBLOCK,Monday,February,0,UNION BLVD,2,ROAD,LOCAL,9.0,20.0,PAVED,TwoWay,PAVED,6,50,NO ACCESS,N,2003.0,145.955732575918
UNION BLVD,01-Non intersection,02-Thru lane,01-Clear,01-Daylight,MIDBLOCK,Monday,March,0,UNION BLVD,4,ROAD,MINOR,10.0,24.0,PAVED,TwoWay,PAVED,2,50,24HR,Y,2000.0,132.631760268668
UNION BLVD,01-Non intersection,02-Thru lane,01-Clear,01-Daylight,MIDBLOCK,Monday,March,0,UNION BLVD,2,ROAD,LOCAL,9.0,20.0,PAVED,TwoWay,PAVED,6,50,NO ACCESS,N,2003.0,145.955732575918
UNION BLVD,04-At/near private drive,11-Not on roadway - right side,03-Snow,01-Daylight,MIDBLOCK,Friday,January,0,UNION BLVD,4,ROAD,MINOR,10.0,24.0,PAVED,TwoWay,PAVED,2,50,24HR,Y,2000.0,132.631760268668
UNION BLVD,04-At/near private drive,11-Not on roadway - right side,03-Snow,01-Daylight,MIDBLOCK,Friday,January,0,UNION BLVD,2,ROAD,LOCAL,9.0,20.0,PAVED,TwoWay,PAVED,6,50,NO ACCESS,N,2003.0,145.955732575918
UNION BLVD,04-At/near private drive,02-Thru lane,01-Clear,01-Daylight,MIDBLOCK,Tuesday,August,0,UNION BLVD,4,ROAD,MINOR,10.0,24.0,PAVED,TwoWay,PAVED,2,50,24HR,Y,2000.0,132.631760268668
UNION BLVD,04-At/near private drive,02-Thru lane,01-Clear,01-Daylight,MIDBLOCK,Tuesday,August,0,UNION BLVD,2,ROAD,LOCAL,9.0,20.0,PAVED,TwoWay,PAVED,6,50,NO ACCESS,N,2003.0,145.955732575918
UNION BLVD,01-Non intersection,02-Thru lane,01-Clear,01-Daylight,MIDBLOCK,Friday,September,0,UNION BLVD,4,ROAD,MINOR,10.0,24.0,PAVED,TwoWay,PAVED,2,50,24HR,Y,2000.0,132.631760268668
UNION BLVD,01-Non intersection,02-Thru lane,01-Clear,01-Daylight,MIDBLOCK,Friday,September,0,UNION BLVD,2,ROAD,LOCAL,9.0,20.0,PAVED,TwoWay,PAVED,6,50,NO ACCESS,N,2003.0,145.955732575918
UNION BLVD,01-Non intersection,09-Right shoulder,02-Rain,"08-Dark, artificial",MIDBLOCK,Tuesday,December,0,UNION BLVD,4,ROAD,MINOR,10.0,24.0,PAVED,TwoWay,PAVED,2,50,24HR,Y,2000.0,132.631760268668
UNION BLVD,01-Non intersection,09-Right shoulder,02-Rain,"08-Dark, artificial",MIDBLOCK,Tuesday,December,0,UNION BLVD,2,ROAD,LOCAL,9.0,20.0,PAVED,TwoWay,PAVED,6,50,NO ACCESS,N,2003.0,145.955732575918
RENNIE DR,04-At/near private drive,02-Thru lane,01-Clear,"08-Dark, artificial",MIDBLOCK,Monday,February,0,RENNIE DR,2,ROAD,LOCAL,9.0,20.0,PAVED,TwoWay,PAVED,6,50,NO ACCESS,N,1963.0,317.578890421829
RENNIE DR,04-At/near private drive,02-Thru lane,01-Clear,"08-Dark, artificial",MIDBLOCK,Monday,February,0,RENNIE DR,2,ROAD,LOCAL,9.0,20.0,PAVED,TwoWay,PAVED,6,50,NO ACCESS,N,1963.0,363.61402642069703
WILFRED AVE,01-Non intersection,02-Thru lane,01-Clear,01-Daylight,MIDBLOCK,Wednesday,October,0,WILFRED AVE,2,ROAD,LOCAL,10.0,26.0,PAVED,TwoWay,PAVED,6,50,NO ACCESS,N,1915.0,53.534934734170896
WILFRED AVE,01-Non intersection,02-Thru lane,01-Clear,01-Daylight,MIDBLOCK,Wednesday,October,0,WILFRED AVE,2,ROAD,LOCAL,9.0,20.0,PAVED,TwoWay,PAVED,6,50,NO ACCESS,N,1957.0,307.8212939777
WILFRED AVE,01-Non intersection,02-Thru lane,01-Clear,01-Daylight,MIDBLOCK,Wednesday,October,0,WILFRED AVE,2,ROAD,LOCAL,9.0,20.0,PAVED,TwoWay,PAVED,6,50,NO ACCESS,N,1957.0,104.38570831247101
WILFRED AVE,01-Non intersection,02-Thru lane,01-Clear,01-Daylight,MIDBLOCK,Wednesday,October,0,WILFRED AVE,2,ROAD,LOCAL,9.0,20.0,PAVED,TwoWay,PAVED,6,50,NO ACCESS,N,1915.0,180.21783731381802
BRYAN CRT,01-Non intersection,02-Thru lane,02-Rain,"02-Daylight, artificial",MIDBLOCK,Tuesday,August,0,BRYAN CRT,2,ROAD,LOCAL,12.0,20.0,PAVED,TwoWay,PAVED,6,50,NO ACCESS,N,1994.0,69.8872286008576
BRYAN CRT,01-Non intersection,02-Thru lane,02-Rain,"02-Daylight, artificial",MIDBLOCK,Tuesday,August,0,BRYAN CRT,2,ROAD,LOCAL,8.0,20.0,PAVED,TwoWay,PAVED,6,50,NO ACCESS,N,2008.0,74.5257046138862
FOREST GLEN CRES,04-At/near private drive,02-Thru lane,01-Clear,01-Daylight,MIDBLOCK,Monday,October,0,FOREST GLEN CRES,2,ROAD,LOCAL,8.0,15.0,PAVED,TwoWay,PAVED,6,50,NO ACCESS,N,2001.0,552.055256996836
FOREST GLEN CRES,04-At/near private drive,02-Thru lane,01-Clear,01-Daylight,MIDBLOCK,Monday,October,0,FOREST GLEN CRES,2,ROAD,LOCAL,8.0,15.0,PAVED,TwoWay,PAVED,6,50,NO ACCESS,N,2001.0,86.6862072977257
FOREST GLEN CRES,04-At/near private drive,99-Other,01-Clear,01-Daylight,MIDBLOCK,Monday,February,0,FOREST GLEN CRES,2,ROAD,LOCAL,8.0,15.0,PAVED,TwoWay,PAVED,6,50,NO ACCESS,N,2001.0,552.055256996836
FOREST GLEN CRES,04-At/near private drive,99-Other,01-Clear,01-Daylight,MIDBLOCK,Monday,February,0,FOREST GLEN CRES,2,ROAD,LOCAL,8.0,15.0,PAVED,TwoWay,PAVED,6,50,NO ACCESS,N,2001.0,86.6862072977257
FOREST GLEN CRES,01-Non intersection,09-Right shoulder,03-Snow,01-Daylight,MIDBLOCK,Friday,January,0,FOREST GLEN CRES,2,ROAD,LOCAL,8.0,15.0,PAVED,TwoWay,PAVED,6,50,NO ACCESS,N,2001.0,552.055256996836
FOREST GLEN CRES,01-Non intersection,09-Right shoulder,03-Snow,01-Daylight,MIDBLOCK,Friday,January,0,FOREST GLEN CRES,2,ROAD,LOCAL,8.0,15.0,PAVED,TwoWay,PAVED,6,50,NO ACCESS,N,2001.0,86.6862072977257
FOREST GLEN CRES,04-At/near private drive,02-Thru lane,01-Clear,07-Dark,MIDBLOCK,Monday,March,0,FOREST GLEN CRES,2,ROAD,LOCAL,8.0,15.0,PAVED,TwoWay,PAVED,6,50,NO ACCESS,N,2001.0,552.055256996836
FOREST GLEN CRES,04-At/near private drive,02-Thru lane,01-Clear,07-Dark,MIDBLOCK,Monday,March,0,FOREST GLEN CRES,2,ROAD,LOCAL,8.0,15.0,PAVED,TwoWay,PAVED,6,50,NO ACCESS,N,2001.0,86.6862072977257
FOREST GLEN CRES,04-At/near private drive,09-Right shoulder,01-Clear,01-Daylight,MIDBLOCK,Tuesday,September,0,FOREST GLEN CRES,2,ROAD,LOCAL,8.0,15.0,PAVED,TwoWay,PAVED,6,50,NO ACCESS,N,2001.0,552.055256996836
FOREST GLEN CRES,04-At/near private drive,09-Right shoulder,01-Clear,01-Daylight,MIDBLOCK,Tuesday,September,0,FOREST GLEN CRES,2,ROAD,LOCAL,8.0,15.0,PAVED,TwoWay,PAVED,6,50,NO ACCESS,N,2001.0,86.6862072977257
FOREST GLEN CRES,04-At/near private drive,02-Thru lane,01-Clear,03-Dawn,MIDBLOCK,Monday,November,0,FOREST GLEN CRES,2,ROAD,LOCAL,8.0,15.0,PAVED,TwoWay,PAVED,6,50,NO ACCESS,N,2001.0,552.055256996836
FOREST GLEN CRES,04-At/near private drive,02-Thru lane,01-Clear,03-Dawn,MIDBLOCK,Monday,November,0,FOREST GLEN CRES,2,ROAD,LOCAL,8.0,15.0,PAVED,TwoWay,PAVED,6,50,NO ACCESS,N,2001.0,86.6862072977257
CHANTILLY ST,04-At/near private drive,02-Thru lane,01-Clear,"08-Dark, artificial",MIDBLOCK,Friday,December,0,CHANTILLY ST,2,ROAD,LOCAL,8.0,16.0,PAVED,TwoWay,PAVED,6,50,NO ACCESS,N,2005.0,230.474761621328
CHANTILLY ST,01-Non intersection,02-Thru lane,01-Clear,01-Daylight,MIDBLOCK,Wednesday,January,0,CHANTILLY ST,2,ROAD,LOCAL,8.0,16.0,PAVED,TwoWay,PAVED,6,50,NO ACCESS,N,2005.0,230.474761621328
CHANTILLY ST,04-At/near private drive,02-Thru lane,01-Clear,01-Daylight,MIDBLOCK,Sunday,July,1,CHANTILLY ST,2,ROAD,LOCAL,8.0,16.0,PAVED,TwoWay,PAVED,6,50,NO ACCESS,N,2005.0,230.474761621328
TOYNBEE CRES,04-At/near private drive,02-Thru lane,01-Clear,01-Daylight,MIDBLOCK,Tuesday,June,0,TOYNBEE CRES,2,ROAD,LOCAL,8.0,20.0,PAVED,TwoWay,PAVED,6,50,NO ACCESS,N,1976.0,520.471414106055
TOYNBEE CRES,04-At/near private drive,02-Thru lane,01-Clear,"08-Dark, artificial",MIDBLOCK,Friday,December,0,TOYNBEE CRES,2,ROAD,LOCAL,8.0,20.0,PAVED,TwoWay,PAVED,6,50,NO ACCESS,N,1976.0,520.471414106055
SWEETBRIAR DR,04-At/near private drive,02-Thru lane,01-Clear,01-Daylight,MIDBLOCK,Saturday,December,1,SWEETBRIAR DR,2,ROAD,LOCAL,9.0,20.0,PAVED,TwoWay,PAVED,6,50,NO ACCESS,N,2005.0,94.56199540611959
SWEETBRIAR DR,04-At/near private drive,02-Thru lane,01-Clear,01-Daylight,MIDBLOCK,Saturday,December,1,SWEETBRIAR DR,2,ROAD,LOCAL,9.0,20.0,PAVED,TwoWay,PAVED,6,50,NO ACCESS,N,2005.0,309.231459818482
SWEETBRIAR DR,04-At/near private drive,02-Thru lane,01-Clear,01-Daylight,MIDBLOCK,Saturday,December,1,SWEETBRIAR DR,2,ROAD,LOCAL,9.0,20.0,PAVED,TwoWay,PAVED,6,50,NO ACCESS,N,2005.0,381.1392302541671
SWEETBRIAR DR,04-At/near private drive,02-Thru lane,03-Snow,01-Daylight,MIDBLOCK,Saturday,January,1,SWEETBRIAR DR,2,ROAD,LOCAL,9.0,20.0,PAVED,TwoWay,PAVED,6,50,NO ACCESS,N,2005.0,94.56199540611959
SWEETBRIAR DR,04-At/near private drive,02-Thru lane,03-Snow,01-Daylight,MIDBLOCK,Saturday,January,1,SWEETBRIAR DR,2,ROAD,LOCAL,9.0,20.0,PAVED,TwoWay,PAVED,6,50,NO ACCESS,N,2005.0,309.231459818482
SWEETBRIAR DR,04-At/near private drive,02-Thru lane,03-Snow,01-Daylight,MIDBLOCK,Saturday,January,1,SWEETBRIAR DR,2,ROAD,LOCAL,9.0,20.0,PAVED,TwoWay,PAVED,6,50,NO ACCESS,N,2005.0,381.1392302541671
BLACKHORNE CRES,01-Non intersection,02-Thru lane,01-Clear,01-Daylight,MIDBLOCK,Friday,May,0,BLACKHORNE CRES,2,ROAD,LOCAL,8.0,16.0,PAVED,TwoWay,PAVED,6,50,NO ACCESS,N,1973.0,297.85818926780496
BLACKHORNE CRES,01-Non intersection,02-Thru lane,01-Clear,"08-Dark, artificial",MIDBLOCK,Thursday,May,0,BLACKHORNE CRES,2,ROAD,LOCAL,8.0,16.0,PAVED,TwoWay,PAVED,6,50,NO ACCESS,N,1973.0,297.85818926780496
BLACKHORNE CRES,01-Non intersection,12-Off highway,05-Drifting Snow,01-Daylight,MIDBLOCK,Tuesday,December,0,BLACKHORNE CRES,2,ROAD,LOCAL,8.0,16.0,PAVED,TwoWay,PAVED,6,50,NO ACCESS,N,1973.0,297.85818926780496
PLYMOUTH RD,04-At/near private drive,02-Thru lane,03-Snow,"08-Dark, artificial",MIDBLOCK,Saturday,February,1,PLYMOUTH RD,2,ROAD,LOCAL,9.0,20.0,PAVED,TwoWay,PAVED,6,50,NO ACCESS,N,1954.0,132.044934190753