LOCATION,ACCIDENT_LOCATION,IMPACT_LOCATION,ENVIRONMENT_CONDITION,LIGHT,COLLISION_TYPE,DAY_OF_WEEK,MONTH,IS_WEEKEND,STREET,LANES,CATEGORY,SUBCATEGORY,PAVEMENT_WIDTH,ROW_WIDTH,SHOULDER,FLOW_DIRECTION,SURFACE_LAYER_TYPE,OFFICIAL_ROAD_CLASSIFICATION,SPEED_LIMIT_KM,TRUCK_ACCESS,BUS_ROUTE,SERVICE_YEAR,Shape__Length
PLYMOUTH RD,04-At/near private drive,02-Thru lane,03-Snow,"08-Dark, artificial",MIDBLOCK,Saturday,February,1,PLYMOUTH RD,2,ROAD,LOCAL,9.0,20.0,PAVED,TwoWay,PAVED,6,50,NO ACCESS,N,1954.0,446.902767776859
WALKER ST,04-At/near private drive,02-Thru lane,01-Clear,07-Dark,MIDBLOCK,Monday,December,0,WALKER ST,2,ROAD,LOCAL,9.0,20.0,PAVED,TwoWay,PAVED,6,50,NO ACCESS,N,1924.0,92.6830523778079
WALKER ST,04-At/near private drive,02-Thru lane,01-Clear,07-Dark,MIDBLOCK,Monday,December,0,WALKER ST,2,ROAD,LOCAL,9.0,20.0,PAVED,TwoWay,PAVED,6,50,NO ACCESS,N,1924.0,179.362825065995
WASHBURN DR,04-At/near private drive,02-Thru lane,02-Rain,01-Daylight,MIDBLOCK,Monday,November,0,WASHBURN DR,2,ROAD,LOCAL,10.0,20.0,PAVED,TwoWay,PAVED,6,50,NO ACCESS,N,2001.0,729.245332267627
WASHBURN DR,01-Non intersection,02-Thru lane,01-Clear,01-Daylight,MIDBLOCK,Thursday,November,0,WASHBURN DR,2,ROAD,LOCAL,10.0,20.0,PAVED,TwoWay,PAVED,6,50,NO ACCESS,N,2001.0,729.245332267627
ROSENEATH CRES,01-Non intersection,10-Not on roadway - left side,01-Clear,"08-Dark, artificial",MIDBLOCK,Saturday,December,1,ROSENEATH CRES,2,ROAD,LOCAL,9.0,20.0,PAVED,TwoWay,PAVED,6,50,NO ACCESS,N,1974.0,403.98066507221495
ROSENEATH CRES,01-Non intersection,02-Thru lane,02-Rain,"08-Dark, artificial",MIDBLOCK,Sunday,September,1,ROSENEATH CRES,2,ROAD,LOCAL,9.0,20.0,PAVED,TwoWay,PAVED,6,50,NO ACCESS,N,1974.0,403.98066507221495
ROSENEATH CRES,04-At/near private drive,10-Not on roadway - left side,02-Rain,07-Dark,MIDBLOCK,Friday,September,0,ROSENEATH CRES,2,ROAD,LOCAL,9.0,20.0,PAVED,TwoWay,PAVED,6,50,NO ACCESS,N,1974.0,403.98066507221495
ROSENEATH CRES,04-At/near private drive,02-Thru lane,01-Clear,01-Daylight,MIDBLOCK,Sunday,July,1,ROSENEATH CRES,2,ROAD,LOCAL,9.0,20.0,PAVED,TwoWay,PAVED,6,50,NO ACCESS,N,1974.0,403.98066507221495
ROSENEATH CRES,04-At/near private drive,09-Right shoulder,05-Drifting Snow,07-Dark,MIDBLOCK,Friday,January,0,ROSENEATH CRES,2,ROAD,LOCAL,9.0,20.0,PAVED,TwoWay,PAVED,6,50,NO ACCESS,N,1974.0,403.98066507221495
ROSENEATH CRES,04-At/near private drive,02-Thru lane,01-Clear,01-Daylight,MIDBLOCK,Sunday,May,1,ROSENEATH CRES,2,ROAD,LOCAL,9.0,20.0,PAVED,TwoWay,PAVED,6,50,NO ACCESS,N,1974.0,403.98066507221495
HICKSON DR,01-Non intersection,10-Not on roadway - left side,02-Rain,01-Daylight,MIDBLOCK,Friday,November,0,HICKSON DR,2,ROAD,LOCAL,10.0,20.0,PAVED,TwoWay,PAVED,6,50,NO ACCESS,N,1960.0,71.6861629897301
HICKSON DR,01-Non intersection,10-Not on roadway - left side,02-Rain,01-Daylight,MIDBLOCK,Friday,November,0,HICKSON DR,2,ROAD,LOCAL,10.0,20.0,PAVED,TwoWay,PAVED,6,50,NO ACCESS,N,1960.0,94.45895231050258
HICKSON DR,01-Non intersection,10-Not on roadway - left side,02-Rain,01-Daylight,MIDBLOCK,Friday,November,0,HICKSON DR,2,ROAD,LOCAL,9.0,20.0,PAVED,TwoWay,PAVED,6,50,NO ACCESS,N,1960.0,174.00514741877498
HICKSON DR,01-Non intersection,10-Not on roadway - left side,02-Rain,01-Daylight,MIDBLOCK,Friday,November,0,HICKSON DR,2,ROAD,LOCAL,9.0,20.0,PAVED,TwoWay,PAVED,6,50,NO ACCESS,N,1960.0,124.15427236812799
HICKSON DR,01-Non intersection,10-Not on roadway - left side,02-Rain,01-Daylight,MIDBLOCK,Friday,November,0,HICKSON DR,2,ROAD,LOCAL,9.0,20.0,PAVED,TwoWay,PAVED,6,50,NO ACCESS,N,1960.0,158.917800104878
HICKSON DR,01-Non intersection,10-Not on roadway - left side,02-Rain,01-Daylight,MIDBLOCK,Friday,November,0,HICKSON DR,2,ROAD,LOCAL,9.0,20.0,PAVED,TwoWay,PAVED,6,50,NO ACCESS,N,1960.0,98.67461025959308
HICKSON DR,01-Non intersection,10-Not on roadway - left side,02-Rain,01-Daylight,MIDBLOCK,Friday,November,0,HICKSON DR,2,ROAD,LOCAL,9.0,20.0,PAVED,TwoWay,PAVED,6,50,NO ACCESS,N,1960.0,221.235347951339
HICKSON DR,04-At/near private drive,02-Thru lane,01-Clear,01-Daylight,MIDBLOCK,Wednesday,August,0,HICKSON DR,2,ROAD,LOCAL,10.0,20.0,PAVED,TwoWay,PAVED,6,50,NO ACCESS,N,1960.0,71.6861629897301
HICKSON DR,04-At/near private drive,02-Thru lane,01-Clear,01-Daylight,MIDBLOCK,Wednesday,August,0,HICKSON DR,2,ROAD,LOCAL,10.0,20.0,PAVED,TwoWay,PAVED,6,50,NO ACCESS,N,1960.0,94.45895231050258
HICKSON DR,04-At/near private drive,02-Thru lane,01-Clear,01-Daylight,MIDBLOCK,Wednesday,August,0,HICKSON DR,2,ROAD,LOCAL,9.0,20.0,PAVED,TwoWay,PAVED,6,50,NO ACCESS,N,1960.0,174.00514741877498
HICKSON DR,04-At/near private drive,02-Thru lane,01-Clear,01-Daylight,MIDBLOCK,Wednesday,August,0,HICKSON DR,2,ROAD,LOCAL,9.0,20.0,PAVED,TwoWay,PAVED,6,50,NO ACCESS,N,1960.0,124.15427236812799
HICKSON DR,04-At/near private drive,02-Thru lane,01-Clear,01-Daylight,MIDBLOCK,Wednesday,August,0,HICKSON DR,2,ROAD,LOCAL,9.0,20.0,PAVED,TwoWay,PAVED,6,50,NO ACCESS,N,1960.0,158.917800104878
HICKSON DR,04-At/near private drive,02-Thru lane,01-Clear,01-Daylight,MIDBLOCK,Wednesday,August,0,HICKSON DR,2,ROAD,LOCAL,9.0,20.0,PAVED,TwoWay,PAVED,6,50,NO ACCESS,N,1960.0,98.67461025959308
HICKSON DR,04-At/near private drive,02-Thru lane,01-Clear,01-Daylight,MIDBLOCK,Wednesday,August,0,HICKSON DR,2,ROAD,LOCAL,9.0,20.0,PAVED,TwoWay,PAVED,6,50,NO ACCESS,N,1960.0,221.235347951339
HICKSON DR,01-Non intersection,02-Thru lane,03-Snow,01-Daylight,MIDBLOCK,Tuesday,December,0,HICKSON DR,2,ROAD,LOCAL,10.0,20.0,PAVED,TwoWay,PAVED,6,50,NO ACCESS,N,1960.0,71.6861629897301
HICKSON DR,01-Non intersection,02-Thru lane,03-Snow,01-Daylight,MIDBLOCK,Tuesday,December,0,HICKSON DR,2,ROAD,LOCAL,10.0,20.0,PAVED,TwoWay,PAVED,6,50,NO ACCESS,N,1960.0,94.45895231050258
HICKSON DR,01-Non intersection,02-Thru lane,03-Snow,01-Daylight,MIDBLOCK,Tuesday,December,0,HICKSON DR,2,ROAD,LOCAL,9.0,20.0,PAVED,TwoWay,PAVED,6,50,NO ACCESS,N,1960.0,174.00514741877498
HICKSON DR,01-Non intersection,02-Thru lane,03-Snow,01-Daylight,MIDBLOCK,Tuesday,December,0,HICKSON DR,2,ROAD,LOCAL,9.0,20.0,PAVED,TwoWay,PAVED,6,50,NO ACCESS,N,1960.0,124.15427236812799
HICKSON DR,01-Non intersection,02-Thru lane,03-Snow,01-Daylight,MIDBLOCK,Tuesday,December,0,HICKSON DR,2,ROAD,LOCAL,9.0,20.0,PAVED,TwoWay,PAVED,6,50,NO ACCESS,N,1960.0,158.917800104878
HICKSON DR,01-Non intersection,02-Thru lane,03-Snow,01-Daylight,MIDBLOCK,Tuesday,December,0,HICKSON DR,2,ROAD,LOCAL,9.0,20.0,PAVED,TwoWay,PAVED,6,50,NO ACCESS,N,1960.0,98.67461025959308
HICKSON DR,01-Non intersection,02-Thru lane,03-Snow,01-Daylight,MIDBLOCK,Tuesday,December,0,HICKSON DR,2,ROAD,LOCAL,9.0,20.0,PAVED,TwoWay,PAVED,6,50,NO ACCESS,N,1960.0,221.235347951339
CLUTHE CRES,04-At/near private drive,02-Thru lane,01-Clear,01-Daylight,MIDBLOCK,Wednesday,June,0,CLUTHE CRES,2,ROAD,LOCAL,8.0,15.0,PAVED,TwoWay,PAVED,6,50,NO ACCESS,N,1976.0,360.58301867627
CLUTHE CRES,01-Non intersection,02-Thru lane,01-Clear,01-Daylight,MIDBLOCK,Thursday,July,0,CLUTHE CRES,2,ROAD,LOCAL,8.0,15.0,PAVED,TwoWay,PAVED,6,50,NO ACCESS,N,1976.0,360.58301867627
CLUTHE CRES,04-At/near private drive,12-Off highway,01-Clear,01-Daylight,MIDBLOCK,Friday,October,0,CLUTHE CRES,2,ROAD,LOCAL,8.0,15.0,PAVED,TwoWay,PAVED,6,50,NO ACCESS,N,1976.0,360.58301867627
CLUTHE CRES,04-At/near private drive,02-Thru lane,01-Clear,"08-Dark, artificial",MIDBLOCK,Thursday,April,0,CLUTHE CRES,2,ROAD,LOCAL,8.0,15.0,PAVED,TwoWay,PAVED,6,50,NO ACCESS,N,1976.0,360.58301867627
KNOX CRT,04-At/near private drive,02-Thru lane,01-Clear,07-Dark,MIDBLOCK,Thursday,January,0,KNOX CRT,1,BULB,LOCAL,7.0,16.0,PAVED,FromTo,PAVED,6,50,NO ACCESS,N,2004.0,75.3025617366621
KNOX CRT,04-At/near private drive,02-Thru lane,01-Clear,07-Dark,MIDBLOCK,Thursday,January,0,KNOX CRT,2,ROAD,LOCAL,8.0,16.0,PAVED,TwoWay,PAVED,6,50,NO ACCESS,N,2004.0,157.237080151979
MCGARRY DR,01-Non intersection,02-Thru lane,01-Clear,"08-Dark, artificial",MIDBLOCK,Friday,August,0,MCGARRY DR,2,ROAD,MINOR,10.0,26.0,PAVED,TwoWay,PAVED,3,40,NO ACCESS,Y,1999.0,181.84576119332402
MCGARRY DR,01-Non intersection,02-Thru lane,01-Clear,"08-Dark, artificial",MIDBLOCK,Friday,August,0,MCGARRY DR,2,ROAD,MINOR,10.0,26.0,PAVED,TwoWay,PAVED,3,40,NO ACCESS,Y,1999.0,88.23726984398571
MCGARRY DR,01-Non intersection,02-Thru lane,01-Clear,"08-Dark, artificial",MIDBLOCK,Friday,August,0,MCGARRY DR,2,ROAD,MINOR,10.0,26.0,PAVED,TwoWay,PAVED,3,40,NO ACCESS,Y,1999.0,64.2789610065962
MCGARRY DR,01-Non intersection,02-Thru lane,01-Clear,"08-Dark, artificial",MIDBLOCK,Friday,August,0,MCGARRY DR,2,ROAD,MINOR,10.0,26.0,PAVED,TwoWay,PAVED,3,40,NO ACCESS,Y,1999.0,91.2100186637333
MCGARRY DR,01-Non intersection,02-Thru lane,01-Clear,"08-Dark, artificial",MIDBLOCK,Friday,August,0,MCGARRY DR,2,ROAD,MINOR,10.0,26.0,PAVED,TwoWay,PAVED,3,40,NO ACCESS,Y,1999.0,72.6215281599136
MCGARRY DR,01-Non intersection,02-Thru lane,01-Clear,"08-Dark, artificial",MIDBLOCK,Friday,August,0,MCGARRY DR,2,ROAD,MINOR,10.0,26.0,PAVED,TwoWay,PAVED,3,40,NO ACCESS,Y,1999.0,90.7236409683248
MCGARRY DR,01-Non intersection,02-Thru lane,01-Clear,"08-Dark, artificial",MIDBLOCK,Friday,August,0,MCGARRY DR,2,ROAD,MINOR,10.0,26.0,PAVED,TwoWay,PAVED,3,40,NO ACCESS,Y,1999.0,122.19234768247601
MCGARRY DR,01-Non intersection,02-Thru lane,01-Clear,"08-Dark, artificial",MIDBLOCK,Friday,August,0,MCGARRY DR,2,ROAD,MINOR,10.0,26.0,PAVED,TwoWay,PAVED,3,40,NO ACCESS,Y,1999.0,80.1112633731906
MCGARRY DR,01-Non intersection,02-Thru lane,02-Rain,"06-Dusk, artificial",MIDBLOCK,Sunday,July,1,MCGARRY DR,2,ROAD,MINOR,10.0,26.0,PAVED,TwoWay,PAVED,3,40,NO ACCESS,Y,1999.0,181.84576119332402
MCGARRY DR,01-Non intersection,02-Thru lane,02-Rain,"06-Dusk, artificial",MIDBLOCK,Sunday,July,1,MCGARRY DR,2,ROAD,MINOR,10.0,26.0,PAVED,TwoWay,PAVED,3,40,NO ACCESS,Y,1999.0,88.23726984398571
MCGARRY DR,01-Non intersection,02-Thru lane,02-Rain,"06-Dusk, artificial",MIDBLOCK,Sunday,July,1,MCGARRY DR,2,ROAD,MINOR,10.0,26.0,PAVED,TwoWay,PAVED,3,40,NO ACCESS,Y,1999.0,64.2789610065962
MCGARRY DR,01-Non intersection,02-Thru lane,02-Rain,"06-Dusk, artificial",MIDBLOCK,Sunday,July,1,MCGARRY DR,2,ROAD,MINOR,10.0,26.0,PAVED,TwoWay,PAVED,3,40,NO ACCESS,Y,1999.0,91.2100186637333
MCGARRY DR,01-Non intersection,02-Thru lane,02-Rain,"06-Dusk, artificial",MIDBLOCK,Sunday,July,1,MCGARRY DR,2,ROAD,MINOR,10.0,26.0,PAVED,TwoWay,PAVED,3,40,NO ACCESS,Y,1999.0,72.6215281599136
MCGARRY DR,01-Non intersection,02-Thru lane,02-Rain,"06-Dusk, artificial",MIDBLOCK,Sunday,July,1,MCGARRY DR,2,ROAD,MINOR,10.0,26.0,PAVED,TwoWay,PAVED,3,40,NO ACCESS,Y,1999.0,90.7236409683248
MCGARRY DR,01-Non intersection,02-Thru lane,02-Rain,"06-Dusk, artificial",MIDBLOCK,Sunday,July,1,MCGARRY DR,2,ROAD,MINOR,10.0,26.0,PAVED,TwoWay,PAVED,3,40,NO ACCESS,Y,1999.0,122.19234768247601
MCGARRY DR,01-Non intersection,02-Thru lane,02-Rain,"06-Dusk, artificial",MIDBLOCK,Sunday,July,1,MCGARRY DR,2,ROAD,MINOR,10.0,26.0,PAVED,TwoWay,PAVED,3,40,NO ACCESS,Y,1999.0,80.1112633731906
MCGARRY DR,04-At/near private drive,02-Thru lane,01-Clear,"08-Dark, artificial",MIDBLOCK,Thursday,August,0,MCGARRY DR,2,ROAD,MINOR,10.0,26.0,PAVED,TwoWay,PAVED,3,40,NO ACCESS,Y,1999.0,181.84576119332402
MCGARRY DR,04-At/near private drive,02-Thru lane,01-Clear,"08-Dark, artificial",MIDBLOCK,Thursday,August,0,MCGARRY DR,2,ROAD,MINOR,10.0,26.0,PAVED,TwoWay,PAVED,3,40,NO ACCESS,Y,1999.0,88.23726984398571
MCGARRY DR,04-At/near private drive,02-Thru lane,01-Clear,"08-Dark, artificial",MIDBLOCK,Thursday,August,0,MCGARRY DR,2,ROAD,MINOR,10.0,26.0,PAVED,TwoWay,PAVED,3,40,NO ACCESS,Y,1999.0,64.2789610065962
MCGARRY DR,04-At/near private drive,02-Thru lane,01-Clear,"08-Dark, artificial",MIDBLOCK,Thursday,August,0,MCGARRY DR,2,ROAD,MINOR,10.0,26.0,PAVED,TwoWay,PAVED,3,40,NO ACCESS,Y,1999.0,91.2100186637333
MCGARRY DR,04-At/near private drive,02-Thru lane,01-Clear,"08-Dark, artificial",MIDBLOCK,Thursday,August,0,MCGARRY DR,2,ROAD,MINOR,10.0,26.0,PAVED,TwoWay,PAVED,3,40,NO ACCESS,Y,1999.0,72.6215281599136
MCGARRY DR,04-At/near private drive,02-Thru lane,01-Clear,"08-Dark, artificial",MIDBLOCK,Thursday,August,0,MCGARRY DR,2,ROAD,MINOR,10.0,26.0,PAVED,TwoWay,PAVED,3,40,NO ACCESS,Y,1999.0,90.7236409683248
MCGARRY DR,04-At/near private drive,02-Thru lane,01-Clear,"08-Dark, artificial",MIDBLOCK,Thursday,August,0,MCGARRY DR,2,ROAD,MINOR,10.0,26.0,PAVED,TwoWay,PAVED,3,40,NO ACCESS,Y,1999.0,122.19234768247601
MCGARRY DR,04-At/near private drive,02-Thru lane,01-Clear,"08-Dark, artificial",MIDBLOCK,Thursday,August,0,MCGARRY DR,2,ROAD,MINOR,10.0,26.0,PAVED,TwoWay,PAVED,3,40,NO ACCESS,Y,1999.0,80.1112633731906
MCGARRY DR,04-At/near private drive,02-Thru lane,01-Clear,01-Daylight,MIDBLOCK,Friday,August,0,MCGARRY DR,2,ROAD,MINOR,10.0,26.0,PAVED,TwoWay,PAVED,3,40,NO ACCESS,Y,1999.0,181.84576119332402
MCGARRY DR,04-At/near private drive,02-Thru lane,01-Clear,01-Daylight,MIDBLOCK,Friday,August,0,MCGARRY DR,2,ROAD,MINOR,10.0,26.0,PAVED,TwoWay,PAVED,3,40,NO ACCESS,Y,1999.0,88.23726984398571
MCGARRY DR,04-At/near private drive,02-Thru lane,01-Clear,01-Daylight,MIDBLOCK,Friday,August,0,MCGARRY DR,2,ROAD,MINOR,10.0,26.0,PAVED,TwoWay,PAVED,3,40,NO ACCESS,Y,1999.0,64.2789610065962
MCGARRY DR,04-At/near private drive,02-Thru lane,01-Clear,01-Daylight,MIDBLOCK,Friday,August,0,MCGARRY DR,2,ROAD,MINOR,10.0,26.0,PAVED,TwoWay,PAVED,3,40,NO ACCESS,Y,1999.0,91.2100186637333
MCGARRY DR,04-At/near private drive,02-Thru lane,01-Clear,01-Daylight,MIDBLOCK,Friday,August,0,MCGARRY DR,2,ROAD,MINOR,10.0,26.0,PAVED,TwoWay,PAVED,3,40,NO ACCESS,Y,1999.0,72.6215281599136
MCGARRY DR,04-At/near private drive,02-Thru lane,01-Clear,01-Daylight,MIDBLOCK,Friday,August,0,MCGARRY DR,2,ROAD,MINOR,10.0,26.0,PAVED,TwoWay,PAVED,3,40,NO ACCESS,Y,1999.0,90.7236409683248
MCGARRY DR,04-At/near private drive,02-Thru lane,01-Clear,01-Daylight,MIDBLOCK,Friday,August,0,MCGARRY DR,2,ROAD,MINOR,10.0,26.0,PAVED,TwoWay,PAVED,3,40,NO ACCESS,Y,1999.0,122.19234768247601
MCGARRY DR,04-At/near private drive,02-Thru lane,01-Clear,01-Daylight,MIDBLOCK,Friday,August,0,MCGARRY DR,2,ROAD,MINOR,10.0,26.0,PAVED,TwoWay,PAVED,3,40,NO ACCESS,Y,1999.0,80.1112633731906
MCGARRY DR,01-Non intersection,02-Thru lane,01-Clear,01-Daylight,MIDBLOCK,Wednesday,February,0,MCGARRY DR,2,ROAD,MINOR,10.0,26.0,PAVED,TwoWay,PAVED,3,40,NO ACCESS,Y,1999.0,181.84576119332402
MCGARRY DR,01-Non intersection,02-Thru lane,01-Clear,01-Daylight,MIDBLOCK,Wednesday,February,0,MCGARRY DR,2,ROAD,MINOR,10.0,26.0,PAVED,TwoWay,PAVED,3,40,NO ACCESS,Y,1999.0,88.23726984398571
MCGARRY DR,01-Non intersection,02-Thru lane,01-Clear,01-Daylight,MIDBLOCK,Wednesday,February,0,MCGARRY DR,2,ROAD,MINOR,10.0,26.0,PAVED,TwoWay,PAVED,3,40,NO ACCESS,Y,1999.0,64.2789610065962
MCGARRY DR,01-Non intersection,02-Thru lane,01-Clear,01-Daylight,MIDBLOCK,Wednesday,February,0,MCGARRY DR,2,ROAD,MINOR,10.0,26.0,PAVED,TwoWay,PAVED,3,40,NO ACCESS,Y,1999.0,91.2100186637333
MCGARRY DR,01-Non intersection,02-Thru lane,01-Clear,01-Daylight,MIDBLOCK,Wednesday,February,0,MCGARRY DR,2,ROAD,MINOR,10.0,26.0,PAVED,TwoWay,PAVED,3,40,NO ACCESS,Y,1999.0,72.6215281599136
MCGARRY DR,01-Non intersection,02-Thru lane,01-Clear,01-Daylight,MIDBLOCK,Wednesday,February,0,MCGARRY DR,2,ROAD,MINOR,10.0,26.0,PAVED,TwoWay,PAVED,3,40,NO ACCESS,Y,1999.0,90.7236409683248
MCGARRY DR,01-Non intersection,02-Thru lane,01-Clear,01-Daylight,MIDBLOCK,Wednesday,February,0,MCGARRY DR,2,ROAD,MINOR,10.0,26.0,PAVED,TwoWay,PAVED,3,40,NO ACCESS,Y,1999.0,122.19234768247601
MCGARRY DR,01-Non intersection,02-Thru lane,01-Clear,01-Daylight,MIDBLOCK,Wednesday,February,0,MCGARRY DR,2,ROAD,MINOR,10.0,26.0,PAVED,TwoWay,PAVED,3,40,NO ACCESS,Y,1999.0,80.1112633731906
MCGARRY DR,01-Non intersection,02-Thru lane,01-Clear,"08-Dark, artificial",MIDBLOCK,Friday,June,0,MCGARRY DR,2,ROAD,MINOR,10.0,26.0,PAVED,TwoWay,PAVED,3,40,NO ACCESS,Y,1999.0,181.84576119332402
MCGARRY DR,01-Non intersection,02-Thru lane,01-Clear,"08-Dark, artificial",MIDBLOCK,Friday,June,0,MCGARRY DR,2,ROAD,MINOR,10.0,26.0,PAVED,TwoWay,PAVED,3,40,NO ACCESS,Y,1999.0,88.23726984398571
MCGARRY DR,01-Non intersection,02-Thru lane,01-Clear,"08-Dark, artificial",MIDBLOCK,Friday,June,0,MCGARRY DR,2,ROAD,MINOR,10.0,26.0,PAVED,TwoWay,PAVED,3,40,NO ACCESS,Y,1999.0,64.2789610065962
MCGARRY DR,01-Non intersection,02-Thru lane,01-Clear,"08-Dark, artificial",MIDBLOCK,Friday,June,0,MCGARRY DR,2,ROAD,MINOR,10.0,26.0,PAVED,TwoWay,PAVED,3,40,NO ACCESS,Y,1999.0,91.2100186637333
MCGARRY DR,01-Non intersection,02-Thru lane,01-Clear,"08-Dark, artificial",MIDBLOCK,Friday,June,0,MCGARRY DR,2,ROAD,MINOR,10.0,26.0,PAVED,TwoWay,PAVED,3,40,NO ACCESS,Y,1999.0,72.6215281599136
MCGARRY DR,01-Non intersection,02-Thru lane,01-Clear,"08-Dark, artificial",MIDBLOCK,Friday,June,0,MCGARRY DR,2,ROAD,MINOR,10.0,26.0,PAVED,TwoWay,PAVED,3,40,NO ACCESS,Y,1999.0,90.7236409683248
MCGARRY DR,01-Non intersection,02-Thru lane,01-Clear,"08-Dark, artificial",MIDBLOCK,Friday,June,0,MCGARRY DR,2,ROAD,MINOR,10.0,26.0,PAVED,TwoWay,PAVED,3,40,NO ACCESS,Y,1999.0,122.19234768247601
MCGARRY DR,01-Non intersection,02-Thru lane,01-Clear,"08-Dark, artificial",MIDBLOCK,Friday,June,0,MCGARRY DR,2,ROAD,MINOR,10.0,26.0,PAVED,TwoWay,PAVED,3,40,NO ACCESS,Y,1999.0,80.1112633731906
FENWICK CRT,04-At/near private drive,10-Not on roadway - left side,01-Clear,07-Dark,MIDBLOCK,Sunday,October,1,FENWICK CRT,1,BULB,LOCAL,12.0,40.0,PAVED,FromTo,PAVED,6,50,NO ACCESS,N,1979.0,72.8125517223588
FENWICK CRT,04-At/near private drive,10-Not on roadway - left side,01-Clear,07-Dark,MIDBLOCK,Sunday,October,1,FENWICK CRT,2,ROAD,LOCAL,12.0,20.0,PAVED,TwoWay,PAVED,6,50,NO ACCESS,N,1979.0,257.152612764303
FENWICK CRT,01-Non intersection,09-Right shoulder,01-Clear,"08-Dark, artificial",MIDBLOCK,Wednesday,January,0,FENWICK CRT,1,BULB,LOCAL,12.0,40.0,PAVED,FromTo,PAVED,6,50,NO ACCESS,N,1979.0,72.8125517223588
FENWICK CRT,01-Non intersection,09-Right shoulder,01-Clear,"08-Dark, artificial",MIDBLOCK,Wednesday,January,0,FENWICK CRT,2,ROAD,LOCAL,12.0,20.0,PAVED,TwoWay,PAVED,6,50,NO ACCESS,N,1979.0,257.152612764303
TEMPLETON DR,04-At/near private drive,02-Thru lane,01-Clear,01-Daylight,MIDBLOCK,Tuesday,November,0,TEMPLETON DR,2,ROAD,LOCAL,9.0,16.0,PAVED,TwoWay,PAVED,6,50,NO ACCESS,N,2000.0,299.81440361732797
TEMPLETON DR,04-At/near private drive,02-Thru lane,01-Clear,01-Daylight,MIDBLOCK,Sunday,April,1,TEMPLETON DR,2,ROAD,LOCAL,9.0,16.0,PAVED,TwoWay,PAVED,6,50,NO ACCESS,N,2000.0,299.81440361732797
TEMPLETON DR,04-At/near private drive,02-Thru lane,03-Snow,07-Dark,MIDBLOCK,Monday,December,0,TEMPLETON DR,2,ROAD,LOCAL,9.0,16.0,PAVED,TwoWay,PAVED,6,50,NO ACCESS,N,2000.0,299.81440361732797
WESTMEADOW DR,04-At/near private drive,02-Thru lane,01-Clear,01-Daylight,MIDBLOCK,Wednesday,August,0,WESTMEADOW DR,2,ROAD,MINOR,8.0,20.0,PAVED,TwoWay,PAVED,4,50,NO ACCESS,N,1994.0,90.8257216985017
WESTMEADOW DR,04-At/near private drive,02-Thru lane,01-Clear,01-Daylight,MIDBLOCK,Wednesday,August,0,WESTMEADOW DR,2,ROAD,MINOR,9.0,20.0,PAVED,TwoWay,PAVED,4,50,NO ACCESS,N,1994.0,110.013746905287
WESTMEADOW DR,04-At/near private drive,02-Thru lane,01-Clear,01-Daylight,MIDBLOCK,Wednesday,August,0,WESTMEADOW DR,2,ROAD,MINOR,9.0,20.0,PAVED,TwoWay,PAVED,4,50,NO ACCESS,N,1994.0,34.5596491337623
WESTMEADOW DR,04-At/near private drive,02-Thru lane,01-Clear,01-Daylight,MIDBLOCK,Wednesday,August,0,WESTMEADOW DR,2,ROAD,MINOR,9.0,20.0,PAVED,TwoWay,PAVED,4,50,NO ACCESS,N,2006.0,647.795498499946
WESTMEADOW DR,04-At/near private drive,02-Thru lane,01-Clear,01-Daylight,MIDBLOCK,Wednesday,August,0,WESTMEADOW DR,2,ROAD,MINOR,9.0,20.0,PAVED,TwoWay,PAVED,4,50,NO ACCESS,N,1994.0,144.274586999988
WESTMEADOW DR,04-At/near private drive,02-Thru lane,01-Clear,01-Daylight,MIDBLOCK,Wednesday,August,0,WESTMEADOW DR,2,ROAD,MINOR,9.0,20.0,PAVED,TwoWay,PAVED,4,50,NO ACCESS,N,1994.0,140.668074488745
WESTMEADOW DR,04-At/near private drive,02-Thru lane,01-Clear,01-Daylight,MIDBLOCK,Wednesday,August,0,WESTMEADOW DR,2,ROAD,MINOR,9.0,20.0,PAVED,TwoWay,PAVED,4,50,NO ACCESS,N,1999.0,164.77680482226998
WESTMEADOW DR,04-At/near private drive,02-Thru lane,01-Clear,01-Daylight,MIDBLOCK,Wednesday,August,0,WESTMEADOW DR,2,ROAD,MINOR,9.0,20.0,PAVED,TwoWay,PAVED,4,50,NO ACCESS,N,1995.0,86.4452509406416
WESTMEADOW DR,04-At/near private drive,02-Thru lane,01-Clear,01-Daylight,MIDBLOCK,Wednesday,August,0,WESTMEADOW DR,2,ROAD,MINOR,9.0,20.0,PAVED,TwoWay,PAVED,4,50,NO ACCESS,N,1995.0,24.1148125386167
WESTMEADOW DR,04-At/near private drive,02-Thru lane,01-Clear,"08-Dark, artificial",MIDBLOCK,Tuesday,March,0,WESTMEADOW DR,2,ROAD,MINOR,8.0,20.0,PAVED,TwoWay,PAVED,4,50,NO ACCESS,N,1994.0,90.8257216985017
WESTMEADOW DR,04-At/near private drive,02-Thru lane,01-Clear,"08-Dark, artificial",MIDBLOCK,Tuesday,March,0,WESTMEADOW DR,2,ROAD,MINOR,9.0,20.0,PAVED,TwoWay,PAVED,4,50,NO ACCESS,N,1994.0,110.013746905287
WESTMEADOW DR,04-At/near private drive,02-Thru lane,01-Clear,"08-Dark, artificial",MIDBLOCK,Tuesday,March,0,WESTMEADOW DR,2,ROAD,MINOR,9.0,20.0,PAVED,TwoWay,PAVED,4,50,NO ACCESS,N,1994.0,34.5596491337623