LOCATION,ACCIDENT_LOCATION,IMPACT_LOCATION,ENVIRONMENT_CONDITION,LIGHT,COLLISION_TYPE,DAY_OF_WEEK,MONTH,IS_WEEKEND,STREET,LANES,CATEGORY,SUBCATEGORY,PAVEMENT_WIDTH,ROW_WIDTH,SHOULDER,FLOW_DIRECTION,SURFACE_LAYER_TYPE,OFFICIAL_ROAD_CLASSIFICATION,SPEED_LIMIT_KM,TRUCK_ACCESS,BUS_ROUTE,SERVICE_YEAR,Shape__Length
WESTMEADOW DR,04-At/near private drive,02-Thru lane,01-Clear,"08-Dark, artificial",MIDBLOCK,Tuesday,March,0,WESTMEADOW DR,2,ROAD,MINOR,9.0,20.0,PAVED,TwoWay,PAVED,4,50,NO ACCESS,N,2006.0,647.795498499946
WESTMEADOW DR,04-At/near private drive,02-Thru lane,01-Clear,"08-Dark, artificial",MIDBLOCK,Tuesday,March,0,WESTMEADOW DR,2,ROAD,MINOR,9.0,20.0,PAVED,TwoWay,PAVED,4,50,NO ACCESS,N,1994.0,144.274586999988
WESTMEADOW DR,04-At/near private drive,02-Thru lane,01-Clear,"08-Dark, artificial",MIDBLOCK,Tuesday,March,0,WESTMEADOW DR,2,ROAD,MINOR,9.0,20.0,PAVED,TwoWay,PAVED,4,50,NO ACCESS,N,1994.0,140.668074488745
WESTMEADOW DR,04-At/near private drive,02-Thru lane,01-Clear,"08-Dark, artificial",MIDBLOCK,Tuesday,March,0,WESTMEADOW DR,2,ROAD,MINOR,9.0,20.0,PAVED,TwoWay,PAVED,4,50,NO ACCESS,N,1999.0,164.77680482226998
WESTMEADOW DR,04-At/near private drive,02-Thru lane,01-Clear,"08-Dark, artificial",MIDBLOCK,Tuesday,March,0,WESTMEADOW DR,2,ROAD,MINOR,9.0,20.0,PAVED,TwoWay,PAVED,4,50,NO ACCESS,N,1995.0,86.4452509406416
WESTMEADOW DR,04-At/near private drive,02-Thru lane,01-Clear,"08-Dark, artificial",MIDBLOCK,Tuesday,March,0,WESTMEADOW DR,2,ROAD,MINOR,9.0,20.0,PAVED,TwoWay,PAVED,4,50,NO ACCESS,N,1995.0,24.1148125386167
WESTMEADOW DR,01-Non intersection,02-Thru lane,03-Snow,"08-Dark, artificial",MIDBLOCK,Sunday,February,1,WESTMEADOW DR,2,ROAD,MINOR,8.0,20.0,PAVED,TwoWay,PAVED,4,50,NO ACCESS,N,1994.0,90.8257216985017
WESTMEADOW DR,01-Non intersection,02-Thru lane,03-Snow,"08-Dark, artificial",MIDBLOCK,Sunday,February,1,WESTMEADOW DR,2,ROAD,MINOR,9.0,20.0,PAVED,TwoWay,PAVED,4,50,NO ACCESS,N,1994.0,110.013746905287
WESTMEADOW DR,01-Non intersection,02-Thru lane,03-Snow,"08-Dark, artificial",MIDBLOCK,Sunday,February,1,WESTMEADOW DR,2,ROAD,MINOR,9.0,20.0,PAVED,TwoWay,PAVED,4,50,NO ACCESS,N,1994.0,34.5596491337623
WESTMEADOW DR,01-Non intersection,02-Thru lane,03-Snow,"08-Dark, artificial",MIDBLOCK,Sunday,February,1,WESTMEADOW DR,2,ROAD,MINOR,9.0,20.0,PAVED,TwoWay,PAVED,4,50,NO ACCESS,N,2006.0,647.795498499946
WESTMEADOW DR,01-Non intersection,02-Thru lane,03-Snow,"08-Dark, artificial",MIDBLOCK,Sunday,February,1,WESTMEADOW DR,2,ROAD,MINOR,9.0,20.0,PAVED,TwoWay,PAVED,4,50,NO ACCESS,N,1994.0,144.274586999988
WESTMEADOW DR,01-Non intersection,02-Thru lane,03-Snow,"08-Dark, artificial",MIDBLOCK,Sunday,February,1,WESTMEADOW DR,2,ROAD,MINOR,9.0,20.0,PAVED,TwoWay,PAVED,4,50,NO ACCESS,N,1994.0,140.668074488745
WESTMEADOW DR,01-Non intersection,02-Thru lane,03-Snow,"08-Dark, artificial",MIDBLOCK,Sunday,February,1,WESTMEADOW DR,2,ROAD,MINOR,9.0,20.0,PAVED,TwoWay,PAVED,4,50,NO ACCESS,N,1999.0,164.77680482226998
WESTMEADOW DR,01-Non intersection,02-Thru lane,03-Snow,"08-Dark, artificial",MIDBLOCK,Sunday,February,1,WESTMEADOW DR,2,ROAD,MINOR,9.0,20.0,PAVED,TwoWay,PAVED,4,50,NO ACCESS,N,1995.0,86.4452509406416
WESTMEADOW DR,01-Non intersection,02-Thru lane,03-Snow,"08-Dark, artificial",MIDBLOCK,Sunday,February,1,WESTMEADOW DR,2,ROAD,MINOR,9.0,20.0,PAVED,TwoWay,PAVED,4,50,NO ACCESS,N,1995.0,24.1148125386167
WESTMEADOW DR,01-Non intersection,02-Thru lane,01-Clear,01-Daylight,MIDBLOCK,Monday,June,0,WESTMEADOW DR,2,ROAD,MINOR,8.0,20.0,PAVED,TwoWay,PAVED,4,50,NO ACCESS,N,1994.0,90.8257216985017
WESTMEADOW DR,01-Non intersection,02-Thru lane,01-Clear,01-Daylight,MIDBLOCK,Monday,June,0,WESTMEADOW DR,2,ROAD,MINOR,9.0,20.0,PAVED,TwoWay,PAVED,4,50,NO ACCESS,N,1994.0,110.013746905287
WESTMEADOW DR,01-Non intersection,02-Thru lane,01-Clear,01-Daylight,MIDBLOCK,Monday,June,0,WESTMEADOW DR,2,ROAD,MINOR,9.0,20.0,PAVED,TwoWay,PAVED,4,50,NO ACCESS,N,1994.0,34.5596491337623
WESTMEADOW DR,01-Non intersection,02-Thru lane,01-Clear,01-Daylight,MIDBLOCK,Monday,June,0,WESTMEADOW DR,2,ROAD,MINOR,9.0,20.0,PAVED,TwoWay,PAVED,4,50,NO ACCESS,N,2006.0,647.795498499946
WESTMEADOW DR,01-Non intersection,02-Thru lane,01-Clear,01-Daylight,MIDBLOCK,Monday,June,0,WESTMEADOW DR,2,ROAD,MINOR,9.0,20.0,PAVED,TwoWay,PAVED,4,50,NO ACCESS,N,1994.0,144.274586999988
WESTMEADOW DR,01-Non intersection,02-Thru lane,01-Clear,01-Daylight,MIDBLOCK,Monday,June,0,WESTMEADOW DR,2,ROAD,MINOR,9.0,20.0,PAVED,TwoWay,PAVED,4,50,NO ACCESS,N,1994.0,140.668074488745
WESTMEADOW DR,01-Non intersection,02-Thru lane,01-Clear,01-Daylight,MIDBLOCK,Monday,June,0,WESTMEADOW DR,2,ROAD,MINOR,9.0,20.0,PAVED,TwoWay,PAVED,4,50,NO ACCESS,N,1999.0,164.77680482226998
WESTMEADOW DR,01-Non intersection,02-Thru lane,01-Clear,01-Daylight,MIDBLOCK,Monday,June,0,WESTMEADOW DR,2,ROAD,MINOR,9.0,20.0,PAVED,TwoWay,PAVED,4,50,NO ACCESS,N,1995.0,86.4452509406416
WESTMEADOW DR,01-Non intersection,02-Thru lane,01-Clear,01-Daylight,MIDBLOCK,Monday,June,0,WESTMEADOW DR,2,ROAD,MINOR,9.0,20.0,PAVED,TwoWay,PAVED,4,50,NO ACCESS,N,1995.0,24.1148125386167
WESTMEADOW DR,04-At/near private drive,02-Thru lane,01-Clear,07-Dark,MIDBLOCK,Tuesday,December,0,WESTMEADOW DR,2,ROAD,MINOR,8.0,20.0,PAVED,TwoWay,PAVED,4,50,NO ACCESS,N,1994.0,90.8257216985017
WESTMEADOW DR,04-At/near private drive,02-Thru lane,01-Clear,07-Dark,MIDBLOCK,Tuesday,December,0,WESTMEADOW DR,2,ROAD,MINOR,9.0,20.0,PAVED,TwoWay,PAVED,4,50,NO ACCESS,N,1994.0,110.013746905287
WESTMEADOW DR,04-At/near private drive,02-Thru lane,01-Clear,07-Dark,MIDBLOCK,Tuesday,December,0,WESTMEADOW DR,2,ROAD,MINOR,9.0,20.0,PAVED,TwoWay,PAVED,4,50,NO ACCESS,N,1994.0,34.5596491337623
WESTMEADOW DR,04-At/near private drive,02-Thru lane,01-Clear,07-Dark,MIDBLOCK,Tuesday,December,0,WESTMEADOW DR,2,ROAD,MINOR,9.0,20.0,PAVED,TwoWay,PAVED,4,50,NO ACCESS,N,2006.0,647.795498499946
WESTMEADOW DR,04-At/near private drive,02-Thru lane,01-Clear,07-Dark,MIDBLOCK,Tuesday,December,0,WESTMEADOW DR,2,ROAD,MINOR,9.0,20.0,PAVED,TwoWay,PAVED,4,50,NO ACCESS,N,1994.0,144.274586999988
WESTMEADOW DR,04-At/near private drive,02-Thru lane,01-Clear,07-Dark,MIDBLOCK,Tuesday,December,0,WESTMEADOW DR,2,ROAD,MINOR,9.0,20.0,PAVED,TwoWay,PAVED,4,50,NO ACCESS,N,1994.0,140.668074488745
WESTMEADOW DR,04-At/near private drive,02-Thru lane,01-Clear,07-Dark,MIDBLOCK,Tuesday,December,0,WESTMEADOW DR,2,ROAD,MINOR,9.0,20.0,PAVED,TwoWay,PAVED,4,50,NO ACCESS,N,1999.0,164.77680482226998
WESTMEADOW DR,04-At/near private drive,02-Thru lane,01-Clear,07-Dark,MIDBLOCK,Tuesday,December,0,WESTMEADOW DR,2,ROAD,MINOR,9.0,20.0,PAVED,TwoWay,PAVED,4,50,NO ACCESS,N,1995.0,86.4452509406416
WESTMEADOW DR,04-At/near private drive,02-Thru lane,01-Clear,07-Dark,MIDBLOCK,Tuesday,December,0,WESTMEADOW DR,2,ROAD,MINOR,9.0,20.0,PAVED,TwoWay,PAVED,4,50,NO ACCESS,N,1995.0,24.1148125386167
WESTMEADOW DR,04-At/near private drive,02-Thru lane,03-Snow,07-Dark,MIDBLOCK,Saturday,January,1,WESTMEADOW DR,2,ROAD,MINOR,8.0,20.0,PAVED,TwoWay,PAVED,4,50,NO ACCESS,N,1994.0,90.8257216985017
WESTMEADOW DR,04-At/near private drive,02-Thru lane,03-Snow,07-Dark,MIDBLOCK,Saturday,January,1,WESTMEADOW DR,2,ROAD,MINOR,9.0,20.0,PAVED,TwoWay,PAVED,4,50,NO ACCESS,N,1994.0,110.013746905287
WESTMEADOW DR,04-At/near private drive,02-Thru lane,03-Snow,07-Dark,MIDBLOCK,Saturday,January,1,WESTMEADOW DR,2,ROAD,MINOR,9.0,20.0,PAVED,TwoWay,PAVED,4,50,NO ACCESS,N,1994.0,34.5596491337623
WESTMEADOW DR,04-At/near private drive,02-Thru lane,03-Snow,07-Dark,MIDBLOCK,Saturday,January,1,WESTMEADOW DR,2,ROAD,MINOR,9.0,20.0,PAVED,TwoWay,PAVED,4,50,NO ACCESS,N,2006.0,647.795498499946
WESTMEADOW DR,04-At/near private drive,02-Thru lane,03-Snow,07-Dark,MIDBLOCK,Saturday,January,1,WESTMEADOW DR,2,ROAD,MINOR,9.0,20.0,PAVED,TwoWay,PAVED,4,50,NO ACCESS,N,1994.0,144.274586999988
WESTMEADOW DR,04-At/near private drive,02-Thru lane,03-Snow,07-Dark,MIDBLOCK,Saturday,January,1,WESTMEADOW DR,2,ROAD,MINOR,9.0,20.0,PAVED,TwoWay,PAVED,4,50,NO ACCESS,N,1994.0,140.668074488745
WESTMEADOW DR,04-At/near private drive,02-Thru lane,03-Snow,07-Dark,MIDBLOCK,Saturday,January,1,WESTMEADOW DR,2,ROAD,MINOR,9.0,20.0,PAVED,TwoWay,PAVED,4,50,NO ACCESS,N,1999.0,164.77680482226998
WESTMEADOW DR,04-At/near private drive,02-Thru lane,03-Snow,07-Dark,MIDBLOCK,Saturday,January,1,WESTMEADOW DR,2,ROAD,MINOR,9.0,20.0,PAVED,TwoWay,PAVED,4,50,NO ACCESS,N,1995.0,86.4452509406416
WESTMEADOW DR,04-At/near private drive,02-Thru lane,03-Snow,07-Dark,MIDBLOCK,Saturday,January,1,WESTMEADOW DR,2,ROAD,MINOR,9.0,20.0,PAVED,TwoWay,PAVED,4,50,NO ACCESS,N,1995.0,24.1148125386167
WESTMEADOW DR,04-At/near private drive,02-Thru lane,01-Clear,07-Dark,MIDBLOCK,Saturday,February,1,WESTMEADOW DR,2,ROAD,MINOR,8.0,20.0,PAVED,TwoWay,PAVED,4,50,NO ACCESS,N,1994.0,90.8257216985017
WESTMEADOW DR,04-At/near private drive,02-Thru lane,01-Clear,07-Dark,MIDBLOCK,Saturday,February,1,WESTMEADOW DR,2,ROAD,MINOR,9.0,20.0,PAVED,TwoWay,PAVED,4,50,NO ACCESS,N,1994.0,110.013746905287
WESTMEADOW DR,04-At/near private drive,02-Thru lane,01-Clear,07-Dark,MIDBLOCK,Saturday,February,1,WESTMEADOW DR,2,ROAD,MINOR,9.0,20.0,PAVED,TwoWay,PAVED,4,50,NO ACCESS,N,1994.0,34.5596491337623
WESTMEADOW DR,04-At/near private drive,02-Thru lane,01-Clear,07-Dark,MIDBLOCK,Saturday,February,1,WESTMEADOW DR,2,ROAD,MINOR,9.0,20.0,PAVED,TwoWay,PAVED,4,50,NO ACCESS,N,2006.0,647.795498499946
WESTMEADOW DR,04-At/near private drive,02-Thru lane,01-Clear,07-Dark,MIDBLOCK,Saturday,February,1,WESTMEADOW DR,2,ROAD,MINOR,9.0,20.0,PAVED,TwoWay,PAVED,4,50,NO ACCESS,N,1994.0,144.274586999988
WESTMEADOW DR,04-At/near private drive,02-Thru lane,01-Clear,07-Dark,MIDBLOCK,Saturday,February,1,WESTMEADOW DR,2,ROAD,MINOR,9.0,20.0,PAVED,TwoWay,PAVED,4,50,NO ACCESS,N,1994.0,140.668074488745
WESTMEADOW DR,04-At/near private drive,02-Thru lane,01-Clear,07-Dark,MIDBLOCK,Saturday,February,1,WESTMEADOW DR,2,ROAD,MINOR,9.0,20.0,PAVED,TwoWay,PAVED,4,50,NO ACCESS,N,1999.0,164.77680482226998
WESTMEADOW DR,04-At/near private drive,02-Thru lane,01-Clear,07-Dark,MIDBLOCK,Saturday,February,1,WESTMEADOW DR,2,ROAD,MINOR,9.0,20.0,PAVED,TwoWay,PAVED,4,50,NO ACCESS,N,1995.0,86.4452509406416
WESTMEADOW DR,04-At/near private drive,02-Thru lane,01-Clear,07-Dark,MIDBLOCK,Saturday,February,1,WESTMEADOW DR,2,ROAD,MINOR,9.0,20.0,PAVED,TwoWay,PAVED,4,50,NO ACCESS,N,1995.0,24.1148125386167
WESTMEADOW DR,01-Non intersection,02-Thru lane,01-Clear,01-Daylight,MIDBLOCK,Wednesday,May,0,WESTMEADOW DR,2,ROAD,MINOR,8.0,20.0,PAVED,TwoWay,PAVED,4,50,NO ACCESS,N,1994.0,90.8257216985017
WESTMEADOW DR,01-Non intersection,02-Thru lane,01-Clear,01-Daylight,MIDBLOCK,Wednesday,May,0,WESTMEADOW DR,2,ROAD,MINOR,9.0,20.0,PAVED,TwoWay,PAVED,4,50,NO ACCESS,N,1994.0,110.013746905287
WESTMEADOW DR,01-Non intersection,02-Thru lane,01-Clear,01-Daylight,MIDBLOCK,Wednesday,May,0,WESTMEADOW DR,2,ROAD,MINOR,9.0,20.0,PAVED,TwoWay,PAVED,4,50,NO ACCESS,N,1994.0,34.5596491337623
WESTMEADOW DR,01-Non intersection,02-Thru lane,01-Clear,01-Daylight,MIDBLOCK,Wednesday,May,0,WESTMEADOW DR,2,ROAD,MINOR,9.0,20.0,PAVED,TwoWay,PAVED,4,50,NO ACCESS,N,2006.0,647.795498499946
WESTMEADOW DR,01-Non intersection,02-Thru lane,01-Clear,01-Daylight,MIDBLOCK,Wednesday,May,0,WESTMEADOW DR,2,ROAD,MINOR,9.0,20.0,PAVED,TwoWay,PAVED,4,50,NO ACCESS,N,1994.0,144.274586999988
WESTMEADOW DR,01-Non intersection,02-Thru lane,01-Clear,01-Daylight,MIDBLOCK,Wednesday,May,0,WESTMEADOW DR,2,ROAD,MINOR,9.0,20.0,PAVED,TwoWay,PAVED,4,50,NO ACCESS,N,1994.0,140.668074488745
WESTMEADOW DR,01-Non intersection,02-Thru lane,01-Clear,01-Daylight,MIDBLOCK,Wednesday,May,0,WESTMEADOW DR,2,ROAD,MINOR,9.0,20.0,PAVED,TwoWay,PAVED,4,50,NO ACCESS,N,1999.0,164.77680482226998
WESTMEADOW DR,01-Non intersection,02-Thru lane,01-Clear,01-Daylight,MIDBLOCK,Wednesday,May,0,WESTMEADOW DR,2,ROAD,MINOR,9.0,20.0,PAVED,TwoWay,PAVED,4,50,NO ACCESS,N,1995.0,86.4452509406416
WESTMEADOW DR,01-Non intersection,02-Thru lane,01-Clear,01-Daylight,MIDBLOCK,Wednesday,May,0,WESTMEADOW DR,2,ROAD,MINOR,9.0,20.0,PAVED,TwoWay,PAVED,4,50,NO ACCESS,N,1995.0,24.1148125386167
MONARCH WOODS DR,01-Non intersection,02-Thru lane,01-Clear,07-Dark,MIDBLOCK,Monday,January,0,MONARCH WOODS DR,2,ROAD,LOCAL,10.0,18.0,PAVED,TwoWay,PAVED,6,50,NO ACCESS,N,2006.0,140.542925168976
MONARCH WOODS DR,01-Non intersection,02-Thru lane,01-Clear,07-Dark,MIDBLOCK,Monday,January,0,MONARCH WOODS DR,2,ROAD,LOCAL,10.0,18.0,PAVED,TwoWay,PAVED,6,50,NO ACCESS,N,2006.0,80.7317651888653
COMMONWEALTH CRES,04-At/near private drive,02-Thru lane,01-Clear,01-Daylight,MIDBLOCK,Monday,April,0,COMMONWEALTH CRES,2,ROAD,LOCAL,9.0,18.0,PAVED,TwoWay,PAVED,6,50,NO ACCESS,N,2006.0,198.683895313079
COMMONWEALTH CRES,04-At/near private drive,02-Thru lane,01-Clear,01-Daylight,MIDBLOCK,Monday,April,0,COMMONWEALTH CRES,2,ROAD,LOCAL,9.0,18.0,PAVED,TwoWay,PAVED,6,50,NO ACCESS,N,2005.0,244.37799186829497
COMMONWEALTH CRES,04-At/near private drive,02-Thru lane,01-Clear,01-Daylight,MIDBLOCK,Monday,April,0,COMMONWEALTH CRES,2,ROAD,LOCAL,8.0,18.0,PAVED,TwoWay,PAVED,6,50,NO ACCESS,N,2005.0,351.808904221626
COMMONWEALTH CRES,04-At/near private drive,09-Right shoulder,01-Clear,"08-Dark, artificial",MIDBLOCK,Thursday,May,0,COMMONWEALTH CRES,2,ROAD,LOCAL,9.0,18.0,PAVED,TwoWay,PAVED,6,50,NO ACCESS,N,2006.0,198.683895313079
COMMONWEALTH CRES,04-At/near private drive,09-Right shoulder,01-Clear,"08-Dark, artificial",MIDBLOCK,Thursday,May,0,COMMONWEALTH CRES,2,ROAD,LOCAL,9.0,18.0,PAVED,TwoWay,PAVED,6,50,NO ACCESS,N,2005.0,244.37799186829497
COMMONWEALTH CRES,04-At/near private drive,09-Right shoulder,01-Clear,"08-Dark, artificial",MIDBLOCK,Thursday,May,0,COMMONWEALTH CRES,2,ROAD,LOCAL,8.0,18.0,PAVED,TwoWay,PAVED,6,50,NO ACCESS,N,2005.0,351.808904221626
COMMONWEALTH CRES,04-At/near private drive,10-Not on roadway - left side,01-Clear,"08-Dark, artificial",MIDBLOCK,Sunday,March,1,COMMONWEALTH CRES,2,ROAD,LOCAL,9.0,18.0,PAVED,TwoWay,PAVED,6,50,NO ACCESS,N,2006.0,198.683895313079
COMMONWEALTH CRES,04-At/near private drive,10-Not on roadway - left side,01-Clear,"08-Dark, artificial",MIDBLOCK,Sunday,March,1,COMMONWEALTH CRES,2,ROAD,LOCAL,9.0,18.0,PAVED,TwoWay,PAVED,6,50,NO ACCESS,N,2005.0,244.37799186829497
COMMONWEALTH CRES,04-At/near private drive,10-Not on roadway - left side,01-Clear,"08-Dark, artificial",MIDBLOCK,Sunday,March,1,COMMONWEALTH CRES,2,ROAD,LOCAL,8.0,18.0,PAVED,TwoWay,PAVED,6,50,NO ACCESS,N,2005.0,351.808904221626
COMMONWEALTH CRES,04-At/near private drive,09-Right shoulder,01-Clear,01-Daylight,MIDBLOCK,Wednesday,January,0,COMMONWEALTH CRES,2,ROAD,LOCAL,9.0,18.0,PAVED,TwoWay,PAVED,6,50,NO ACCESS,N,2006.0,198.683895313079
COMMONWEALTH CRES,04-At/near private drive,09-Right shoulder,01-Clear,01-Daylight,MIDBLOCK,Wednesday,January,0,COMMONWEALTH CRES,2,ROAD,LOCAL,9.0,18.0,PAVED,TwoWay,PAVED,6,50,NO ACCESS,N,2005.0,244.37799186829497
COMMONWEALTH CRES,04-At/near private drive,09-Right shoulder,01-Clear,01-Daylight,MIDBLOCK,Wednesday,January,0,COMMONWEALTH CRES,2,ROAD,LOCAL,8.0,18.0,PAVED,TwoWay,PAVED,6,50,NO ACCESS,N,2005.0,351.808904221626
COMMONWEALTH CRES,04-At/near private drive,02-Thru lane,01-Clear,01-Daylight,MIDBLOCK,Friday,July,0,COMMONWEALTH CRES,2,ROAD,LOCAL,9.0,18.0,PAVED,TwoWay,PAVED,6,50,NO ACCESS,N,2006.0,198.683895313079
COMMONWEALTH CRES,04-At/near private drive,02-Thru lane,01-Clear,01-Daylight,MIDBLOCK,Friday,July,0,COMMONWEALTH CRES,2,ROAD,LOCAL,9.0,18.0,PAVED,TwoWay,PAVED,6,50,NO ACCESS,N,2005.0,244.37799186829497
COMMONWEALTH CRES,04-At/near private drive,02-Thru lane,01-Clear,01-Daylight,MIDBLOCK,Friday,July,0,COMMONWEALTH CRES,2,ROAD,LOCAL,8.0,18.0,PAVED,TwoWay,PAVED,6,50,NO ACCESS,N,2005.0,351.808904221626
COMMONWEALTH CRES,01-Non intersection,02-Thru lane,01-Clear,01-Daylight,MIDBLOCK,Thursday,October,0,COMMONWEALTH CRES,2,ROAD,LOCAL,9.0,18.0,PAVED,TwoWay,PAVED,6,50,NO ACCESS,N,2006.0,198.683895313079
COMMONWEALTH CRES,01-Non intersection,02-Thru lane,01-Clear,01-Daylight,MIDBLOCK,Thursday,October,0,COMMONWEALTH CRES,2,ROAD,LOCAL,9.0,18.0,PAVED,TwoWay,PAVED,6,50,NO ACCESS,N,2005.0,244.37799186829497
COMMONWEALTH CRES,01-Non intersection,02-Thru lane,01-Clear,01-Daylight,MIDBLOCK,Thursday,October,0,COMMONWEALTH CRES,2,ROAD,LOCAL,8.0,18.0,PAVED,TwoWay,PAVED,6,50,NO ACCESS,N,2005.0,351.808904221626
COMMONWEALTH CRES,01-Non intersection,02-Thru lane,01-Clear,01-Daylight,MIDBLOCK,Tuesday,February,0,COMMONWEALTH CRES,2,ROAD,LOCAL,9.0,18.0,PAVED,TwoWay,PAVED,6,50,NO ACCESS,N,2006.0,198.683895313079
COMMONWEALTH CRES,01-Non intersection,02-Thru lane,01-Clear,01-Daylight,MIDBLOCK,Tuesday,February,0,COMMONWEALTH CRES,2,ROAD,LOCAL,9.0,18.0,PAVED,TwoWay,PAVED,6,50,NO ACCESS,N,2005.0,244.37799186829497
COMMONWEALTH CRES,01-Non intersection,02-Thru lane,01-Clear,01-Daylight,MIDBLOCK,Tuesday,February,0,COMMONWEALTH CRES,2,ROAD,LOCAL,8.0,18.0,PAVED,TwoWay,PAVED,6,50,NO ACCESS,N,2005.0,351.808904221626
COMMONWEALTH CRES,01-Non intersection,02-Thru lane,01-Clear,01-Daylight,MIDBLOCK,Thursday,November,0,COMMONWEALTH CRES,2,ROAD,LOCAL,9.0,18.0,PAVED,TwoWay,PAVED,6,50,NO ACCESS,N,2006.0,198.683895313079
COMMONWEALTH CRES,01-Non intersection,02-Thru lane,01-Clear,01-Daylight,MIDBLOCK,Thursday,November,0,COMMONWEALTH CRES,2,ROAD,LOCAL,9.0,18.0,PAVED,TwoWay,PAVED,6,50,NO ACCESS,N,2005.0,244.37799186829497
COMMONWEALTH CRES,01-Non intersection,02-Thru lane,01-Clear,01-Daylight,MIDBLOCK,Thursday,November,0,COMMONWEALTH CRES,2,ROAD,LOCAL,8.0,18.0,PAVED,TwoWay,PAVED,6,50,NO ACCESS,N,2005.0,351.808904221626
COMMONWEALTH CRES,04-At/near private drive,02-Thru lane,01-Clear,01-Daylight,MIDBLOCK,Thursday,March,0,COMMONWEALTH CRES,2,ROAD,LOCAL,9.0,18.0,PAVED,TwoWay,PAVED,6,50,NO ACCESS,N,2006.0,198.683895313079
COMMONWEALTH CRES,04-At/near private drive,02-Thru lane,01-Clear,01-Daylight,MIDBLOCK,Thursday,March,0,COMMONWEALTH CRES,2,ROAD,LOCAL,9.0,18.0,PAVED,TwoWay,PAVED,6,50,NO ACCESS,N,2005.0,244.37799186829497
COMMONWEALTH CRES,04-At/near private drive,02-Thru lane,01-Clear,01-Daylight,MIDBLOCK,Thursday,March,0,COMMONWEALTH CRES,2,ROAD,LOCAL,8.0,18.0,PAVED,TwoWay,PAVED,6,50,NO ACCESS,N,2005.0,351.808904221626
WILLIAMSBURG RD,01-Non intersection,02-Thru lane,01-Clear,05-Dusk,MIDBLOCK,Monday,April,0,WILLIAMSBURG RD,2,ROAD,MINOR,11.0,30.0,PAVED,TwoWay,PAVED,4,40,NO ACCESS,Y,1982.0,83.44051572205271
WILLIAMSBURG RD,01-Non intersection,02-Thru lane,01-Clear,05-Dusk,MIDBLOCK,Monday,April,0,WILLIAMSBURG RD,2,ROAD,MINOR,10.0,20.0,PAVED,TwoWay,PAVED,4,40,NO ACCESS,Y,1988.0,41.938284562684295
WILLIAMSBURG RD,01-Non intersection,02-Thru lane,01-Clear,05-Dusk,MIDBLOCK,Monday,April,0,WILLIAMSBURG RD,2,ROAD,MINOR,11.0,27.0,PAVED,TwoWay,PAVED,4,40,NO ACCESS,Y,1960.0,96.44778323374928
WILLIAMSBURG RD,01-Non intersection,02-Thru lane,01-Clear,05-Dusk,MIDBLOCK,Monday,April,0,WILLIAMSBURG RD,2,ROAD,MINOR,9.0,28.0,PAVED,TwoWay,PAVED,4,40,NO ACCESS,Y,1974.0,123.099231351278
WILLIAMSBURG RD,01-Non intersection,02-Thru lane,01-Clear,05-Dusk,MIDBLOCK,Monday,April,0,WILLIAMSBURG RD,2,ROAD,MINOR,10.0,30.0,PAVED,TwoWay,PAVED,4,50,NO ACCESS,Y,1958.0,254.58690576643502
WILLIAMSBURG RD,01-Non intersection,02-Thru lane,01-Clear,05-Dusk,MIDBLOCK,Monday,April,0,WILLIAMSBURG RD,2,ROAD,MINOR,10.0,30.0,PAVED,TwoWay,PAVED,4,50,NO ACCESS,Y,1960.0,165.767036898192
WILLIAMSBURG RD,01-Non intersection,02-Thru lane,01-Clear,05-Dusk,MIDBLOCK,Monday,April,0,WILLIAMSBURG RD,2,ROAD,MINOR,11.0,30.0,PAVED,TwoWay,PAVED,4,40,NO ACCESS,Y,1965.0,114.177989785153
WILLIAMSBURG RD,01-Non intersection,02-Thru lane,01-Clear,"08-Dark, artificial",MIDBLOCK,Friday,November,0,WILLIAMSBURG RD,2,ROAD,MINOR,11.0,30.0,PAVED,TwoWay,PAVED,4,40,NO ACCESS,Y,1982.0,83.44051572205271
WILLIAMSBURG RD,01-Non intersection,02-Thru lane,01-Clear,"08-Dark, artificial",MIDBLOCK,Friday,November,0,WILLIAMSBURG RD,2,ROAD,MINOR,10.0,20.0,PAVED,TwoWay,PAVED,4,40,NO ACCESS,Y,1988.0,41.938284562684295
WILLIAMSBURG RD,01-Non intersection,02-Thru lane,01-Clear,"08-Dark, artificial",MIDBLOCK,Friday,November,0,WILLIAMSBURG RD,2,ROAD,MINOR,11.0,27.0,PAVED,TwoWay,PAVED,4,40,NO ACCESS,Y,1960.0,96.44778323374928
WILLIAMSBURG RD,01-Non intersection,02-Thru lane,01-Clear,"08-Dark, artificial",MIDBLOCK,Friday,November,0,WILLIAMSBURG RD,2,ROAD,MINOR,9.0,28.0,PAVED,TwoWay,PAVED,4,40,NO ACCESS,Y,1974.0,123.099231351278
WILLIAMSBURG RD,01-Non intersection,02-Thru lane,01-Clear,"08-Dark, artificial",MIDBLOCK,Friday,November,0,WILLIAMSBURG RD,2,ROAD,MINOR,10.0,30.0,PAVED,TwoWay,PAVED,4,50,NO ACCESS,Y,1958.0,254.58690576643502
WILLIAMSBURG RD,01-Non intersection,02-Thru lane,01-Clear,"08-Dark, artificial",MIDBLOCK,Friday,November,0,WILLIAMSBURG RD,2,ROAD,MINOR,10.0,30.0,PAVED,TwoWay,PAVED,4,50,NO ACCESS,Y,1960.0,165.767036898192