LOCATION,ACCIDENT_LOCATION,IMPACT_LOCATION,ENVIRONMENT_CONDITION,LIGHT,COLLISION_TYPE,DAY_OF_WEEK,MONTH,IS_WEEKEND,STREET,LANES,CATEGORY,SUBCATEGORY,PAVEMENT_WIDTH,ROW_WIDTH,SHOULDER,FLOW_DIRECTION,SURFACE_LAYER_TYPE,OFFICIAL_ROAD_CLASSIFICATION,SPEED_LIMIT_KM,TRUCK_ACCESS,BUS_ROUTE,SERVICE_YEAR,Shape__Length
WILLIAMSBURG RD,01-Non intersection,02-Thru lane,01-Clear,"08-Dark, artificial",MIDBLOCK,Friday,November,0,WILLIAMSBURG RD,2,ROAD,MINOR,11.0,30.0,PAVED,TwoWay,PAVED,4,40,NO ACCESS,Y,1965.0,114.177989785153
WILLIAMSBURG RD,04-At/near private drive,02-Thru lane,01-Clear,01-Daylight,MIDBLOCK,Friday,August,0,WILLIAMSBURG RD,2,ROAD,MINOR,11.0,30.0,PAVED,TwoWay,PAVED,4,40,NO ACCESS,Y,1982.0,83.44051572205271
WILLIAMSBURG RD,04-At/near private drive,02-Thru lane,01-Clear,01-Daylight,MIDBLOCK,Friday,August,0,WILLIAMSBURG RD,2,ROAD,MINOR,10.0,20.0,PAVED,TwoWay,PAVED,4,40,NO ACCESS,Y,1988.0,41.938284562684295
WILLIAMSBURG RD,04-At/near private drive,02-Thru lane,01-Clear,01-Daylight,MIDBLOCK,Friday,August,0,WILLIAMSBURG RD,2,ROAD,MINOR,11.0,27.0,PAVED,TwoWay,PAVED,4,40,NO ACCESS,Y,1960.0,96.44778323374928
WILLIAMSBURG RD,04-At/near private drive,02-Thru lane,01-Clear,01-Daylight,MIDBLOCK,Friday,August,0,WILLIAMSBURG RD,2,ROAD,MINOR,9.0,28.0,PAVED,TwoWay,PAVED,4,40,NO ACCESS,Y,1974.0,123.099231351278
WILLIAMSBURG RD,04-At/near private drive,02-Thru lane,01-Clear,01-Daylight,MIDBLOCK,Friday,August,0,WILLIAMSBURG RD,2,ROAD,MINOR,10.0,30.0,PAVED,TwoWay,PAVED,4,50,NO ACCESS,Y,1958.0,254.58690576643502
WILLIAMSBURG RD,04-At/near private drive,02-Thru lane,01-Clear,01-Daylight,MIDBLOCK,Friday,August,0,WILLIAMSBURG RD,2,ROAD,MINOR,10.0,30.0,PAVED,TwoWay,PAVED,4,50,NO ACCESS,Y,1960.0,165.767036898192
WILLIAMSBURG RD,04-At/near private drive,02-Thru lane,01-Clear,01-Daylight,MIDBLOCK,Friday,August,0,WILLIAMSBURG RD,2,ROAD,MINOR,11.0,30.0,PAVED,TwoWay,PAVED,4,40,NO ACCESS,Y,1965.0,114.177989785153
WILLIAMSBURG RD,04-At/near private drive,07-Passing lane,01-Clear,07-Dark,MIDBLOCK,Saturday,February,1,WILLIAMSBURG RD,2,ROAD,MINOR,11.0,30.0,PAVED,TwoWay,PAVED,4,40,NO ACCESS,Y,1982.0,83.44051572205271
WILLIAMSBURG RD,04-At/near private drive,07-Passing lane,01-Clear,07-Dark,MIDBLOCK,Saturday,February,1,WILLIAMSBURG RD,2,ROAD,MINOR,10.0,20.0,PAVED,TwoWay,PAVED,4,40,NO ACCESS,Y,1988.0,41.938284562684295
WILLIAMSBURG RD,04-At/near private drive,07-Passing lane,01-Clear,07-Dark,MIDBLOCK,Saturday,February,1,WILLIAMSBURG RD,2,ROAD,MINOR,11.0,27.0,PAVED,TwoWay,PAVED,4,40,NO ACCESS,Y,1960.0,96.44778323374928
WILLIAMSBURG RD,04-At/near private drive,07-Passing lane,01-Clear,07-Dark,MIDBLOCK,Saturday,February,1,WILLIAMSBURG RD,2,ROAD,MINOR,9.0,28.0,PAVED,TwoWay,PAVED,4,40,NO ACCESS,Y,1974.0,123.099231351278
WILLIAMSBURG RD,04-At/near private drive,07-Passing lane,01-Clear,07-Dark,MIDBLOCK,Saturday,February,1,WILLIAMSBURG RD,2,ROAD,MINOR,10.0,30.0,PAVED,TwoWay,PAVED,4,50,NO ACCESS,Y,1958.0,254.58690576643502
WILLIAMSBURG RD,04-At/near private drive,07-Passing lane,01-Clear,07-Dark,MIDBLOCK,Saturday,February,1,WILLIAMSBURG RD,2,ROAD,MINOR,10.0,30.0,PAVED,TwoWay,PAVED,4,50,NO ACCESS,Y,1960.0,165.767036898192
WILLIAMSBURG RD,04-At/near private drive,07-Passing lane,01-Clear,07-Dark,MIDBLOCK,Saturday,February,1,WILLIAMSBURG RD,2,ROAD,MINOR,11.0,30.0,PAVED,TwoWay,PAVED,4,40,NO ACCESS,Y,1965.0,114.177989785153
WILLIAMSBURG RD,04-At/near private drive,02-Thru lane,01-Clear,07-Dark,MIDBLOCK,Sunday,August,1,WILLIAMSBURG RD,2,ROAD,MINOR,11.0,30.0,PAVED,TwoWay,PAVED,4,40,NO ACCESS,Y,1982.0,83.44051572205271
WILLIAMSBURG RD,04-At/near private drive,02-Thru lane,01-Clear,07-Dark,MIDBLOCK,Sunday,August,1,WILLIAMSBURG RD,2,ROAD,MINOR,10.0,20.0,PAVED,TwoWay,PAVED,4,40,NO ACCESS,Y,1988.0,41.938284562684295
WILLIAMSBURG RD,04-At/near private drive,02-Thru lane,01-Clear,07-Dark,MIDBLOCK,Sunday,August,1,WILLIAMSBURG RD,2,ROAD,MINOR,11.0,27.0,PAVED,TwoWay,PAVED,4,40,NO ACCESS,Y,1960.0,96.44778323374928
WILLIAMSBURG RD,04-At/near private drive,02-Thru lane,01-Clear,07-Dark,MIDBLOCK,Sunday,August,1,WILLIAMSBURG RD,2,ROAD,MINOR,9.0,28.0,PAVED,TwoWay,PAVED,4,40,NO ACCESS,Y,1974.0,123.099231351278
WILLIAMSBURG RD,04-At/near private drive,02-Thru lane,01-Clear,07-Dark,MIDBLOCK,Sunday,August,1,WILLIAMSBURG RD,2,ROAD,MINOR,10.0,30.0,PAVED,TwoWay,PAVED,4,50,NO ACCESS,Y,1958.0,254.58690576643502
WILLIAMSBURG RD,04-At/near private drive,02-Thru lane,01-Clear,07-Dark,MIDBLOCK,Sunday,August,1,WILLIAMSBURG RD,2,ROAD,MINOR,10.0,30.0,PAVED,TwoWay,PAVED,4,50,NO ACCESS,Y,1960.0,165.767036898192
WILLIAMSBURG RD,04-At/near private drive,02-Thru lane,01-Clear,07-Dark,MIDBLOCK,Sunday,August,1,WILLIAMSBURG RD,2,ROAD,MINOR,11.0,30.0,PAVED,TwoWay,PAVED,4,40,NO ACCESS,Y,1965.0,114.177989785153
WILLIAMSBURG RD,04-At/near private drive,02-Thru lane,01-Clear,"08-Dark, artificial",MIDBLOCK,Tuesday,January,0,WILLIAMSBURG RD,2,ROAD,MINOR,11.0,30.0,PAVED,TwoWay,PAVED,4,40,NO ACCESS,Y,1982.0,83.44051572205271
WILLIAMSBURG RD,04-At/near private drive,02-Thru lane,01-Clear,"08-Dark, artificial",MIDBLOCK,Tuesday,January,0,WILLIAMSBURG RD,2,ROAD,MINOR,10.0,20.0,PAVED,TwoWay,PAVED,4,40,NO ACCESS,Y,1988.0,41.938284562684295
WILLIAMSBURG RD,04-At/near private drive,02-Thru lane,01-Clear,"08-Dark, artificial",MIDBLOCK,Tuesday,January,0,WILLIAMSBURG RD,2,ROAD,MINOR,11.0,27.0,PAVED,TwoWay,PAVED,4,40,NO ACCESS,Y,1960.0,96.44778323374928
WILLIAMSBURG RD,04-At/near private drive,02-Thru lane,01-Clear,"08-Dark, artificial",MIDBLOCK,Tuesday,January,0,WILLIAMSBURG RD,2,ROAD,MINOR,9.0,28.0,PAVED,TwoWay,PAVED,4,40,NO ACCESS,Y,1974.0,123.099231351278
WILLIAMSBURG RD,04-At/near private drive,02-Thru lane,01-Clear,"08-Dark, artificial",MIDBLOCK,Tuesday,January,0,WILLIAMSBURG RD,2,ROAD,MINOR,10.0,30.0,PAVED,TwoWay,PAVED,4,50,NO ACCESS,Y,1958.0,254.58690576643502
WILLIAMSBURG RD,04-At/near private drive,02-Thru lane,01-Clear,"08-Dark, artificial",MIDBLOCK,Tuesday,January,0,WILLIAMSBURG RD,2,ROAD,MINOR,10.0,30.0,PAVED,TwoWay,PAVED,4,50,NO ACCESS,Y,1960.0,165.767036898192
WILLIAMSBURG RD,04-At/near private drive,02-Thru lane,01-Clear,"08-Dark, artificial",MIDBLOCK,Tuesday,January,0,WILLIAMSBURG RD,2,ROAD,MINOR,11.0,30.0,PAVED,TwoWay,PAVED,4,40,NO ACCESS,Y,1965.0,114.177989785153
GILMOUR CRES,04-At/near private drive,02-Thru lane,01-Clear,01-Daylight,MIDBLOCK,Saturday,June,1,GILMOUR CRES,2,ROAD,LOCAL,10.0,20.0,PAVED,TwoWay,PAVED,6,50,NO ACCESS,N,2007.0,379.502603860598
GILMOUR CRES,01-Non intersection,02-Thru lane,01-Clear,01-Daylight,MIDBLOCK,Tuesday,June,0,GILMOUR CRES,2,ROAD,LOCAL,10.0,20.0,PAVED,TwoWay,PAVED,6,50,NO ACCESS,N,2007.0,379.502603860598
GILMOUR CRES,04-At/near private drive,02-Thru lane,01-Clear,01-Daylight,MIDBLOCK,Tuesday,June,0,GILMOUR CRES,2,ROAD,LOCAL,10.0,20.0,PAVED,TwoWay,PAVED,6,50,NO ACCESS,N,2007.0,379.502603860598
GILMOUR CRES,01-Non intersection,02-Thru lane,01-Clear,01-Daylight,MIDBLOCK,Monday,December,0,GILMOUR CRES,2,ROAD,LOCAL,10.0,20.0,PAVED,TwoWay,PAVED,6,50,NO ACCESS,N,2007.0,379.502603860598
PENELOPE DR,01-Non intersection,11-Not on roadway - right side,03-Snow,"08-Dark, artificial",MIDBLOCK,Monday,January,0,PENELOPE DR,2,ROAD,LOCAL,8.0,20.0,PAVED,TwoWay,PAVED,6,50,NO ACCESS,N,1990.0,105.47570017915899
PENELOPE DR,04-At/near private drive,02-Thru lane,01-Clear,01-Daylight,MIDBLOCK,Saturday,September,1,PENELOPE DR,2,ROAD,LOCAL,8.0,20.0,PAVED,TwoWay,PAVED,6,50,NO ACCESS,N,1990.0,105.47570017915899
PENELOPE DR,04-At/near private drive,09-Right shoulder,01-Clear,07-Dark,MIDBLOCK,Sunday,February,1,PENELOPE DR,2,ROAD,LOCAL,8.0,20.0,PAVED,TwoWay,PAVED,6,50,NO ACCESS,N,1990.0,105.47570017915899
BRADLEY DR,01-Non intersection,02-Thru lane,03-Snow,01-Daylight,MIDBLOCK,Friday,January,0,BRADLEY DR,2,ROAD,LOCAL,9.0,20.0,PAVED,TwoWay,PAVED,6,50,NO ACCESS,N,1965.0,143.394952086176
BRADLEY DR,01-Non intersection,02-Thru lane,03-Snow,01-Daylight,MIDBLOCK,Friday,January,0,BRADLEY DR,2,ROAD,LOCAL,9.0,20.0,PAVED,TwoWay,PAVED,6,50,NO ACCESS,N,1964.0,86.6748612606057
BRADLEY DR,01-Non intersection,02-Thru lane,03-Snow,01-Daylight,MIDBLOCK,Friday,January,0,BRADLEY DR,2,ROAD,LOCAL,9.0,20.0,PAVED,TwoWay,PAVED,6,50,NO ACCESS,N,1965.0,62.919953115830296
BRADLEY DR,01-Non intersection,02-Thru lane,03-Snow,01-Daylight,MIDBLOCK,Friday,January,0,BRADLEY DR,2,ROAD,LOCAL,9.0,20.0,PAVED,TwoWay,PAVED,6,50,NO ACCESS,N,1965.0,77.2120053510999
BRADLEY DR,01-Non intersection,02-Thru lane,03-Snow,01-Daylight,MIDBLOCK,Friday,January,0,BRADLEY DR,2,ROAD,LOCAL,9.0,20.0,PAVED,TwoWay,PAVED,6,50,NO ACCESS,N,1965.0,74.5375261856004
BRADLEY DR,01-Non intersection,02-Thru lane,03-Snow,01-Daylight,MIDBLOCK,Friday,January,0,BRADLEY DR,2,ROAD,LOCAL,9.0,20.0,PAVED,TwoWay,PAVED,6,50,NO ACCESS,N,1965.0,197.10352958988892
BRADLEY DR,01-Non intersection,10-Not on roadway - left side,01-Clear,"08-Dark, artificial",MIDBLOCK,Monday,April,0,BRADLEY DR,2,ROAD,LOCAL,9.0,20.0,PAVED,TwoWay,PAVED,6,50,NO ACCESS,N,1965.0,143.394952086176
BRADLEY DR,01-Non intersection,10-Not on roadway - left side,01-Clear,"08-Dark, artificial",MIDBLOCK,Monday,April,0,BRADLEY DR,2,ROAD,LOCAL,9.0,20.0,PAVED,TwoWay,PAVED,6,50,NO ACCESS,N,1964.0,86.6748612606057
BRADLEY DR,01-Non intersection,10-Not on roadway - left side,01-Clear,"08-Dark, artificial",MIDBLOCK,Monday,April,0,BRADLEY DR,2,ROAD,LOCAL,9.0,20.0,PAVED,TwoWay,PAVED,6,50,NO ACCESS,N,1965.0,62.919953115830296
BRADLEY DR,01-Non intersection,10-Not on roadway - left side,01-Clear,"08-Dark, artificial",MIDBLOCK,Monday,April,0,BRADLEY DR,2,ROAD,LOCAL,9.0,20.0,PAVED,TwoWay,PAVED,6,50,NO ACCESS,N,1965.0,77.2120053510999
BRADLEY DR,01-Non intersection,10-Not on roadway - left side,01-Clear,"08-Dark, artificial",MIDBLOCK,Monday,April,0,BRADLEY DR,2,ROAD,LOCAL,9.0,20.0,PAVED,TwoWay,PAVED,6,50,NO ACCESS,N,1965.0,74.5375261856004
BRADLEY DR,01-Non intersection,10-Not on roadway - left side,01-Clear,"08-Dark, artificial",MIDBLOCK,Monday,April,0,BRADLEY DR,2,ROAD,LOCAL,9.0,20.0,PAVED,TwoWay,PAVED,6,50,NO ACCESS,N,1965.0,197.10352958988892
BRADLEY DR,01-Non intersection,02-Thru lane,01-Clear,01-Daylight,MIDBLOCK,Tuesday,October,0,BRADLEY DR,2,ROAD,LOCAL,9.0,20.0,PAVED,TwoWay,PAVED,6,50,NO ACCESS,N,1965.0,143.394952086176
BRADLEY DR,01-Non intersection,02-Thru lane,01-Clear,01-Daylight,MIDBLOCK,Tuesday,October,0,BRADLEY DR,2,ROAD,LOCAL,9.0,20.0,PAVED,TwoWay,PAVED,6,50,NO ACCESS,N,1964.0,86.6748612606057
BRADLEY DR,01-Non intersection,02-Thru lane,01-Clear,01-Daylight,MIDBLOCK,Tuesday,October,0,BRADLEY DR,2,ROAD,LOCAL,9.0,20.0,PAVED,TwoWay,PAVED,6,50,NO ACCESS,N,1965.0,62.919953115830296
BRADLEY DR,01-Non intersection,02-Thru lane,01-Clear,01-Daylight,MIDBLOCK,Tuesday,October,0,BRADLEY DR,2,ROAD,LOCAL,9.0,20.0,PAVED,TwoWay,PAVED,6,50,NO ACCESS,N,1965.0,77.2120053510999
BRADLEY DR,01-Non intersection,02-Thru lane,01-Clear,01-Daylight,MIDBLOCK,Tuesday,October,0,BRADLEY DR,2,ROAD,LOCAL,9.0,20.0,PAVED,TwoWay,PAVED,6,50,NO ACCESS,N,1965.0,74.5375261856004
BRADLEY DR,01-Non intersection,02-Thru lane,01-Clear,01-Daylight,MIDBLOCK,Tuesday,October,0,BRADLEY DR,2,ROAD,LOCAL,9.0,20.0,PAVED,TwoWay,PAVED,6,50,NO ACCESS,N,1965.0,197.10352958988892
PINE VALLEY DR,04-At/near private drive,11-Not on roadway - right side,05-Drifting Snow,01-Daylight,MIDBLOCK,Thursday,February,0,PINE VALLEY DR,2,ROAD,LOCAL,10.0,20.0,PAVED,TwoWay,PAVED,6,50,NO ACCESS,N,2004.0,144.61948126973
PINE VALLEY DR,04-At/near private drive,11-Not on roadway - right side,05-Drifting Snow,01-Daylight,MIDBLOCK,Thursday,February,0,PINE VALLEY DR,2,ROAD,LOCAL,9.0,20.0,PAVED,TwoWay,PAVED,6,50,NO ACCESS,N,2004.0,112.744107099769
PINE VALLEY DR,04-At/near private drive,11-Not on roadway - right side,05-Drifting Snow,01-Daylight,MIDBLOCK,Thursday,February,0,PINE VALLEY DR,2,ROAD,LOCAL,10.0,20.0,PAVED,TwoWay,PAVED,6,50,NO ACCESS,N,2004.0,302.20098222388197
PINE VALLEY DR,04-At/near private drive,11-Not on roadway - right side,05-Drifting Snow,01-Daylight,MIDBLOCK,Thursday,February,0,PINE VALLEY DR,2,ROAD,LOCAL,10.0,20.0,PAVED,TwoWay,PAVED,6,50,NO ACCESS,N,2004.0,629.044899261816
PINE VALLEY DR,04-At/near private drive,11-Not on roadway - right side,05-Drifting Snow,01-Daylight,MIDBLOCK,Thursday,February,0,PINE VALLEY DR,2,ROAD,LOCAL,10.0,20.0,PAVED,TwoWay,PAVED,6,50,NO ACCESS,N,2004.0,73.9063157966737
PINE VALLEY DR,04-At/near private drive,02-Thru lane,01-Clear,01-Daylight,MIDBLOCK,Sunday,June,1,PINE VALLEY DR,2,ROAD,LOCAL,10.0,20.0,PAVED,TwoWay,PAVED,6,50,NO ACCESS,N,2004.0,144.61948126973
PINE VALLEY DR,04-At/near private drive,02-Thru lane,01-Clear,01-Daylight,MIDBLOCK,Sunday,June,1,PINE VALLEY DR,2,ROAD,LOCAL,9.0,20.0,PAVED,TwoWay,PAVED,6,50,NO ACCESS,N,2004.0,112.744107099769
PINE VALLEY DR,04-At/near private drive,02-Thru lane,01-Clear,01-Daylight,MIDBLOCK,Sunday,June,1,PINE VALLEY DR,2,ROAD,LOCAL,10.0,20.0,PAVED,TwoWay,PAVED,6,50,NO ACCESS,N,2004.0,302.20098222388197
PINE VALLEY DR,04-At/near private drive,02-Thru lane,01-Clear,01-Daylight,MIDBLOCK,Sunday,June,1,PINE VALLEY DR,2,ROAD,LOCAL,10.0,20.0,PAVED,TwoWay,PAVED,6,50,NO ACCESS,N,2004.0,629.044899261816
PINE VALLEY DR,04-At/near private drive,02-Thru lane,01-Clear,01-Daylight,MIDBLOCK,Sunday,June,1,PINE VALLEY DR,2,ROAD,LOCAL,10.0,20.0,PAVED,TwoWay,PAVED,6,50,NO ACCESS,N,2004.0,73.9063157966737
PINE VALLEY DR,04-At/near private drive,02-Thru lane,01-Clear,01-Daylight,MIDBLOCK,Thursday,May,0,PINE VALLEY DR,2,ROAD,LOCAL,10.0,20.0,PAVED,TwoWay,PAVED,6,50,NO ACCESS,N,2004.0,144.61948126973
PINE VALLEY DR,04-At/near private drive,02-Thru lane,01-Clear,01-Daylight,MIDBLOCK,Thursday,May,0,PINE VALLEY DR,2,ROAD,LOCAL,9.0,20.0,PAVED,TwoWay,PAVED,6,50,NO ACCESS,N,2004.0,112.744107099769
PINE VALLEY DR,04-At/near private drive,02-Thru lane,01-Clear,01-Daylight,MIDBLOCK,Thursday,May,0,PINE VALLEY DR,2,ROAD,LOCAL,10.0,20.0,PAVED,TwoWay,PAVED,6,50,NO ACCESS,N,2004.0,302.20098222388197
PINE VALLEY DR,04-At/near private drive,02-Thru lane,01-Clear,01-Daylight,MIDBLOCK,Thursday,May,0,PINE VALLEY DR,2,ROAD,LOCAL,10.0,20.0,PAVED,TwoWay,PAVED,6,50,NO ACCESS,N,2004.0,629.044899261816
PINE VALLEY DR,04-At/near private drive,02-Thru lane,01-Clear,01-Daylight,MIDBLOCK,Thursday,May,0,PINE VALLEY DR,2,ROAD,LOCAL,10.0,20.0,PAVED,TwoWay,PAVED,6,50,NO ACCESS,N,2004.0,73.9063157966737
PINE VALLEY DR,04-At/near private drive,02-Thru lane,01-Clear,01-Daylight,MIDBLOCK,Monday,February,0,PINE VALLEY DR,2,ROAD,LOCAL,10.0,20.0,PAVED,TwoWay,PAVED,6,50,NO ACCESS,N,2004.0,144.61948126973
PINE VALLEY DR,04-At/near private drive,02-Thru lane,01-Clear,01-Daylight,MIDBLOCK,Monday,February,0,PINE VALLEY DR,2,ROAD,LOCAL,9.0,20.0,PAVED,TwoWay,PAVED,6,50,NO ACCESS,N,2004.0,112.744107099769
PINE VALLEY DR,04-At/near private drive,02-Thru lane,01-Clear,01-Daylight,MIDBLOCK,Monday,February,0,PINE VALLEY DR,2,ROAD,LOCAL,10.0,20.0,PAVED,TwoWay,PAVED,6,50,NO ACCESS,N,2004.0,302.20098222388197
PINE VALLEY DR,04-At/near private drive,02-Thru lane,01-Clear,01-Daylight,MIDBLOCK,Monday,February,0,PINE VALLEY DR,2,ROAD,LOCAL,10.0,20.0,PAVED,TwoWay,PAVED,6,50,NO ACCESS,N,2004.0,629.044899261816
PINE VALLEY DR,04-At/near private drive,02-Thru lane,01-Clear,01-Daylight,MIDBLOCK,Monday,February,0,PINE VALLEY DR,2,ROAD,LOCAL,10.0,20.0,PAVED,TwoWay,PAVED,6,50,NO ACCESS,N,2004.0,73.9063157966737
PINE VALLEY DR,01-Non intersection,08-Left shoulder,01-Clear,"08-Dark, artificial",MIDBLOCK,Wednesday,August,0,PINE VALLEY DR,2,ROAD,LOCAL,10.0,20.0,PAVED,TwoWay,PAVED,6,50,NO ACCESS,N,2004.0,144.61948126973
PINE VALLEY DR,01-Non intersection,08-Left shoulder,01-Clear,"08-Dark, artificial",MIDBLOCK,Wednesday,August,0,PINE VALLEY DR,2,ROAD,LOCAL,9.0,20.0,PAVED,TwoWay,PAVED,6,50,NO ACCESS,N,2004.0,112.744107099769
PINE VALLEY DR,01-Non intersection,08-Left shoulder,01-Clear,"08-Dark, artificial",MIDBLOCK,Wednesday,August,0,PINE VALLEY DR,2,ROAD,LOCAL,10.0,20.0,PAVED,TwoWay,PAVED,6,50,NO ACCESS,N,2004.0,302.20098222388197
PINE VALLEY DR,01-Non intersection,08-Left shoulder,01-Clear,"08-Dark, artificial",MIDBLOCK,Wednesday,August,0,PINE VALLEY DR,2,ROAD,LOCAL,10.0,20.0,PAVED,TwoWay,PAVED,6,50,NO ACCESS,N,2004.0,629.044899261816
PINE VALLEY DR,01-Non intersection,08-Left shoulder,01-Clear,"08-Dark, artificial",MIDBLOCK,Wednesday,August,0,PINE VALLEY DR,2,ROAD,LOCAL,10.0,20.0,PAVED,TwoWay,PAVED,6,50,NO ACCESS,N,2004.0,73.9063157966737
JASPER CRT,01-Non intersection,02-Thru lane,03-Snow,05-Dusk,MIDBLOCK,Saturday,February,1,JASPER CRT,2,ROAD,LOCAL,9.0,20.0,PAVED,TwoWay,PAVED,6,50,NO ACCESS,N,1968.0,78.0349079194038
JASPER CRT,01-Non intersection,02-Thru lane,03-Snow,05-Dusk,MIDBLOCK,Saturday,February,1,JASPER CRT,1,BULB,LOCAL,9.0,43.0,PAVED,FromTo,PAVED,6,50,NO ACCESS,N,1968.0,82.839912918393
KINGSWOOD DR,01-Non intersection,09-Right shoulder,03-Snow,01-Daylight,MIDBLOCK,Tuesday,January,0,KINGSWOOD DR,2,ROAD,MINOR,10.0,20.0,PAVED,TwoWay,PAVED,4,40,NO ACCESS,Y,1973.0,112.28152534968201
KINGSWOOD DR,01-Non intersection,09-Right shoulder,03-Snow,01-Daylight,MIDBLOCK,Tuesday,January,0,KINGSWOOD DR,2,ROAD,MINOR,11.0,20.0,PAVED,TwoWay,PAVED,4,40,NO ACCESS,Y,2000.0,77.47809785987609
KINGSWOOD DR,01-Non intersection,09-Right shoulder,03-Snow,01-Daylight,MIDBLOCK,Tuesday,January,0,KINGSWOOD DR,2,ROAD,MINOR,10.0,20.0,PAVED,TwoWay,PAVED,4,40,NO ACCESS,Y,1971.0,155.436156167628
KINGSWOOD DR,01-Non intersection,09-Right shoulder,03-Snow,01-Daylight,MIDBLOCK,Tuesday,January,0,KINGSWOOD DR,2,ROAD,MINOR,10.0,20.0,PAVED,TwoWay,PAVED,4,40,NO ACCESS,Y,2000.0,113.724797394239
KINGSWOOD DR,01-Non intersection,09-Right shoulder,03-Snow,01-Daylight,MIDBLOCK,Tuesday,January,0,KINGSWOOD DR,2,ROAD,MINOR,13.0,20.0,PAVED,TwoWay,PAVED,4,40,NO ACCESS,Y,2000.0,77.0072788452913
KINGSWOOD DR,01-Non intersection,09-Right shoulder,03-Snow,01-Daylight,MIDBLOCK,Tuesday,January,0,KINGSWOOD DR,2,ROAD,MINOR,10.0,20.0,PAVED,TwoWay,PAVED,4,40,NO ACCESS,Y,1971.0,157.61716371344696
KINGSWOOD DR,01-Non intersection,09-Right shoulder,03-Snow,01-Daylight,MIDBLOCK,Tuesday,January,0,KINGSWOOD DR,2,ROAD,MINOR,10.0,20.0,PAVED,TwoWay,PAVED,4,40,NO ACCESS,Y,1968.0,118.42313983160601
KINGSWOOD DR,01-Non intersection,09-Right shoulder,03-Snow,01-Daylight,MIDBLOCK,Tuesday,January,0,KINGSWOOD DR,2,ROAD,MINOR,10.0,20.0,PAVED,TwoWay,PAVED,4,40,NO ACCESS,Y,1971.0,286.53261978441003
KINGSWOOD DR,04-At/near private drive,02-Thru lane,01-Clear,01-Daylight,MIDBLOCK,Sunday,July,1,KINGSWOOD DR,2,ROAD,MINOR,10.0,20.0,PAVED,TwoWay,PAVED,4,40,NO ACCESS,Y,1973.0,112.28152534968201
KINGSWOOD DR,04-At/near private drive,02-Thru lane,01-Clear,01-Daylight,MIDBLOCK,Sunday,July,1,KINGSWOOD DR,2,ROAD,MINOR,11.0,20.0,PAVED,TwoWay,PAVED,4,40,NO ACCESS,Y,2000.0,77.47809785987609
KINGSWOOD DR,04-At/near private drive,02-Thru lane,01-Clear,01-Daylight,MIDBLOCK,Sunday,July,1,KINGSWOOD DR,2,ROAD,MINOR,10.0,20.0,PAVED,TwoWay,PAVED,4,40,NO ACCESS,Y,1971.0,155.436156167628
KINGSWOOD DR,04-At/near private drive,02-Thru lane,01-Clear,01-Daylight,MIDBLOCK,Sunday,July,1,KINGSWOOD DR,2,ROAD,MINOR,10.0,20.0,PAVED,TwoWay,PAVED,4,40,NO ACCESS,Y,2000.0,113.724797394239
KINGSWOOD DR,04-At/near private drive,02-Thru lane,01-Clear,01-Daylight,MIDBLOCK,Sunday,July,1,KINGSWOOD DR,2,ROAD,MINOR,13.0,20.0,PAVED,TwoWay,PAVED,4,40,NO ACCESS,Y,2000.0,77.0072788452913
KINGSWOOD DR,04-At/near private drive,02-Thru lane,01-Clear,01-Daylight,MIDBLOCK,Sunday,July,1,KINGSWOOD DR,2,ROAD,MINOR,10.0,20.0,PAVED,TwoWay,PAVED,4,40,NO ACCESS,Y,1971.0,157.61716371344696
KINGSWOOD DR,04-At/near private drive,02-Thru lane,01-Clear,01-Daylight,MIDBLOCK,Sunday,July,1,KINGSWOOD DR,2,ROAD,MINOR,10.0,20.0,PAVED,TwoWay,PAVED,4,40,NO ACCESS,Y,1968.0,118.42313983160601
KINGSWOOD DR,04-At/near private drive,02-Thru lane,01-Clear,01-Daylight,MIDBLOCK,Sunday,July,1,KINGSWOOD DR,2,ROAD,MINOR,10.0,20.0,PAVED,TwoWay,PAVED,4,40,NO ACCESS,Y,1971.0,286.53261978441003
KINGSWOOD DR,01-Non intersection,11-Not on roadway - right side,04-Freezing Rain,01-Daylight,MIDBLOCK,Monday,February,0,KINGSWOOD DR,2,ROAD,MINOR,10.0,20.0,PAVED,TwoWay,PAVED,4,40,NO ACCESS,Y,1973.0,112.28152534968201
KINGSWOOD DR,01-Non intersection,11-Not on roadway - right side,04-Freezing Rain,01-Daylight,MIDBLOCK,Monday,February,0,KINGSWOOD DR,2,ROAD,MINOR,11.0,20.0,PAVED,TwoWay,PAVED,4,40,NO ACCESS,Y,2000.0,77.47809785987609
KINGSWOOD DR,01-Non intersection,11-Not on roadway - right side,04-Freezing Rain,01-Daylight,MIDBLOCK,Monday,February,0,KINGSWOOD DR,2,ROAD,MINOR,10.0,20.0,PAVED,TwoWay,PAVED,4,40,NO ACCESS,Y,1971.0,155.436156167628
KINGSWOOD DR,01-Non intersection,11-Not on roadway - right side,04-Freezing Rain,01-Daylight,MIDBLOCK,Monday,February,0,KINGSWOOD DR,2,ROAD,MINOR,10.0,20.0,PAVED,TwoWay,PAVED,4,40,NO ACCESS,Y,2000.0,113.724797394239
KINGSWOOD DR,01-Non intersection,11-Not on roadway - right side,04-Freezing Rain,01-Daylight,MIDBLOCK,Monday,February,0,KINGSWOOD DR,2,ROAD,MINOR,13.0,20.0,PAVED,TwoWay,PAVED,4,40,NO ACCESS,Y,2000.0,77.0072788452913