LOCATION,ACCIDENT_LOCATION,IMPACT_LOCATION,ENVIRONMENT_CONDITION,LIGHT,COLLISION_TYPE,DAY_OF_WEEK,MONTH,IS_WEEKEND,STREET,LANES,CATEGORY,SUBCATEGORY,PAVEMENT_WIDTH,ROW_WIDTH,SHOULDER,FLOW_DIRECTION,SURFACE_LAYER_TYPE,OFFICIAL_ROAD_CLASSIFICATION,SPEED_LIMIT_KM,TRUCK_ACCESS,BUS_ROUTE,SERVICE_YEAR,Shape__Length
KINGSWOOD DR,01-Non intersection,11-Not on roadway - right side,04-Freezing Rain,01-Daylight,MIDBLOCK,Monday,February,0,KINGSWOOD DR,2,ROAD,MINOR,10.0,20.0,PAVED,TwoWay,PAVED,4,40,NO ACCESS,Y,1971.0,157.61716371344696
KINGSWOOD DR,01-Non intersection,11-Not on roadway - right side,04-Freezing Rain,01-Daylight,MIDBLOCK,Monday,February,0,KINGSWOOD DR,2,ROAD,MINOR,10.0,20.0,PAVED,TwoWay,PAVED,4,40,NO ACCESS,Y,1968.0,118.42313983160601
KINGSWOOD DR,01-Non intersection,11-Not on roadway - right side,04-Freezing Rain,01-Daylight,MIDBLOCK,Monday,February,0,KINGSWOOD DR,2,ROAD,MINOR,10.0,20.0,PAVED,TwoWay,PAVED,4,40,NO ACCESS,Y,1971.0,286.53261978441003
KINGSWOOD DR,04-At/near private drive,02-Thru lane,01-Clear,01-Daylight,MIDBLOCK,Tuesday,October,0,KINGSWOOD DR,2,ROAD,MINOR,10.0,20.0,PAVED,TwoWay,PAVED,4,40,NO ACCESS,Y,1973.0,112.28152534968201
KINGSWOOD DR,04-At/near private drive,02-Thru lane,01-Clear,01-Daylight,MIDBLOCK,Tuesday,October,0,KINGSWOOD DR,2,ROAD,MINOR,11.0,20.0,PAVED,TwoWay,PAVED,4,40,NO ACCESS,Y,2000.0,77.47809785987609
KINGSWOOD DR,04-At/near private drive,02-Thru lane,01-Clear,01-Daylight,MIDBLOCK,Tuesday,October,0,KINGSWOOD DR,2,ROAD,MINOR,10.0,20.0,PAVED,TwoWay,PAVED,4,40,NO ACCESS,Y,1971.0,155.436156167628
KINGSWOOD DR,04-At/near private drive,02-Thru lane,01-Clear,01-Daylight,MIDBLOCK,Tuesday,October,0,KINGSWOOD DR,2,ROAD,MINOR,10.0,20.0,PAVED,TwoWay,PAVED,4,40,NO ACCESS,Y,2000.0,113.724797394239
KINGSWOOD DR,04-At/near private drive,02-Thru lane,01-Clear,01-Daylight,MIDBLOCK,Tuesday,October,0,KINGSWOOD DR,2,ROAD,MINOR,13.0,20.0,PAVED,TwoWay,PAVED,4,40,NO ACCESS,Y,2000.0,77.0072788452913
KINGSWOOD DR,04-At/near private drive,02-Thru lane,01-Clear,01-Daylight,MIDBLOCK,Tuesday,October,0,KINGSWOOD DR,2,ROAD,MINOR,10.0,20.0,PAVED,TwoWay,PAVED,4,40,NO ACCESS,Y,1971.0,157.61716371344696
KINGSWOOD DR,04-At/near private drive,02-Thru lane,01-Clear,01-Daylight,MIDBLOCK,Tuesday,October,0,KINGSWOOD DR,2,ROAD,MINOR,10.0,20.0,PAVED,TwoWay,PAVED,4,40,NO ACCESS,Y,1968.0,118.42313983160601
KINGSWOOD DR,04-At/near private drive,02-Thru lane,01-Clear,01-Daylight,MIDBLOCK,Tuesday,October,0,KINGSWOOD DR,2,ROAD,MINOR,10.0,20.0,PAVED,TwoWay,PAVED,4,40,NO ACCESS,Y,1971.0,286.53261978441003
KINGSWOOD DR,04-At/near private drive,02-Thru lane,01-Clear,01-Daylight,MIDBLOCK,Tuesday,April,0,KINGSWOOD DR,2,ROAD,MINOR,10.0,20.0,PAVED,TwoWay,PAVED,4,40,NO ACCESS,Y,1973.0,112.28152534968201
KINGSWOOD DR,04-At/near private drive,02-Thru lane,01-Clear,01-Daylight,MIDBLOCK,Tuesday,April,0,KINGSWOOD DR,2,ROAD,MINOR,11.0,20.0,PAVED,TwoWay,PAVED,4,40,NO ACCESS,Y,2000.0,77.47809785987609
KINGSWOOD DR,04-At/near private drive,02-Thru lane,01-Clear,01-Daylight,MIDBLOCK,Tuesday,April,0,KINGSWOOD DR,2,ROAD,MINOR,10.0,20.0,PAVED,TwoWay,PAVED,4,40,NO ACCESS,Y,1971.0,155.436156167628
KINGSWOOD DR,04-At/near private drive,02-Thru lane,01-Clear,01-Daylight,MIDBLOCK,Tuesday,April,0,KINGSWOOD DR,2,ROAD,MINOR,10.0,20.0,PAVED,TwoWay,PAVED,4,40,NO ACCESS,Y,2000.0,113.724797394239
KINGSWOOD DR,04-At/near private drive,02-Thru lane,01-Clear,01-Daylight,MIDBLOCK,Tuesday,April,0,KINGSWOOD DR,2,ROAD,MINOR,13.0,20.0,PAVED,TwoWay,PAVED,4,40,NO ACCESS,Y,2000.0,77.0072788452913
KINGSWOOD DR,04-At/near private drive,02-Thru lane,01-Clear,01-Daylight,MIDBLOCK,Tuesday,April,0,KINGSWOOD DR,2,ROAD,MINOR,10.0,20.0,PAVED,TwoWay,PAVED,4,40,NO ACCESS,Y,1971.0,157.61716371344696
KINGSWOOD DR,04-At/near private drive,02-Thru lane,01-Clear,01-Daylight,MIDBLOCK,Tuesday,April,0,KINGSWOOD DR,2,ROAD,MINOR,10.0,20.0,PAVED,TwoWay,PAVED,4,40,NO ACCESS,Y,1968.0,118.42313983160601
KINGSWOOD DR,04-At/near private drive,02-Thru lane,01-Clear,01-Daylight,MIDBLOCK,Tuesday,April,0,KINGSWOOD DR,2,ROAD,MINOR,10.0,20.0,PAVED,TwoWay,PAVED,4,40,NO ACCESS,Y,1971.0,286.53261978441003
KINGSWOOD DR,04-At/near private drive,02-Thru lane,01-Clear,01-Daylight,MIDBLOCK,Thursday,January,0,KINGSWOOD DR,2,ROAD,MINOR,10.0,20.0,PAVED,TwoWay,PAVED,4,40,NO ACCESS,Y,1973.0,112.28152534968201
KINGSWOOD DR,04-At/near private drive,02-Thru lane,01-Clear,01-Daylight,MIDBLOCK,Thursday,January,0,KINGSWOOD DR,2,ROAD,MINOR,11.0,20.0,PAVED,TwoWay,PAVED,4,40,NO ACCESS,Y,2000.0,77.47809785987609
KINGSWOOD DR,04-At/near private drive,02-Thru lane,01-Clear,01-Daylight,MIDBLOCK,Thursday,January,0,KINGSWOOD DR,2,ROAD,MINOR,10.0,20.0,PAVED,TwoWay,PAVED,4,40,NO ACCESS,Y,1971.0,155.436156167628
KINGSWOOD DR,04-At/near private drive,02-Thru lane,01-Clear,01-Daylight,MIDBLOCK,Thursday,January,0,KINGSWOOD DR,2,ROAD,MINOR,10.0,20.0,PAVED,TwoWay,PAVED,4,40,NO ACCESS,Y,2000.0,113.724797394239
KINGSWOOD DR,04-At/near private drive,02-Thru lane,01-Clear,01-Daylight,MIDBLOCK,Thursday,January,0,KINGSWOOD DR,2,ROAD,MINOR,13.0,20.0,PAVED,TwoWay,PAVED,4,40,NO ACCESS,Y,2000.0,77.0072788452913
KINGSWOOD DR,04-At/near private drive,02-Thru lane,01-Clear,01-Daylight,MIDBLOCK,Thursday,January,0,KINGSWOOD DR,2,ROAD,MINOR,10.0,20.0,PAVED,TwoWay,PAVED,4,40,NO ACCESS,Y,1971.0,157.61716371344696
KINGSWOOD DR,04-At/near private drive,02-Thru lane,01-Clear,01-Daylight,MIDBLOCK,Thursday,January,0,KINGSWOOD DR,2,ROAD,MINOR,10.0,20.0,PAVED,TwoWay,PAVED,4,40,NO ACCESS,Y,1968.0,118.42313983160601
KINGSWOOD DR,04-At/near private drive,02-Thru lane,01-Clear,01-Daylight,MIDBLOCK,Thursday,January,0,KINGSWOOD DR,2,ROAD,MINOR,10.0,20.0,PAVED,TwoWay,PAVED,4,40,NO ACCESS,Y,1971.0,286.53261978441003
KINGSWOOD DR,04-At/near private drive,02-Thru lane,01-Clear,01-Daylight,MIDBLOCK,Tuesday,February,0,KINGSWOOD DR,2,ROAD,MINOR,10.0,20.0,PAVED,TwoWay,PAVED,4,40,NO ACCESS,Y,1973.0,112.28152534968201
KINGSWOOD DR,04-At/near private drive,02-Thru lane,01-Clear,01-Daylight,MIDBLOCK,Tuesday,February,0,KINGSWOOD DR,2,ROAD,MINOR,11.0,20.0,PAVED,TwoWay,PAVED,4,40,NO ACCESS,Y,2000.0,77.47809785987609
KINGSWOOD DR,04-At/near private drive,02-Thru lane,01-Clear,01-Daylight,MIDBLOCK,Tuesday,February,0,KINGSWOOD DR,2,ROAD,MINOR,10.0,20.0,PAVED,TwoWay,PAVED,4,40,NO ACCESS,Y,1971.0,155.436156167628
KINGSWOOD DR,04-At/near private drive,02-Thru lane,01-Clear,01-Daylight,MIDBLOCK,Tuesday,February,0,KINGSWOOD DR,2,ROAD,MINOR,10.0,20.0,PAVED,TwoWay,PAVED,4,40,NO ACCESS,Y,2000.0,113.724797394239
KINGSWOOD DR,04-At/near private drive,02-Thru lane,01-Clear,01-Daylight,MIDBLOCK,Tuesday,February,0,KINGSWOOD DR,2,ROAD,MINOR,13.0,20.0,PAVED,TwoWay,PAVED,4,40,NO ACCESS,Y,2000.0,77.0072788452913
KINGSWOOD DR,04-At/near private drive,02-Thru lane,01-Clear,01-Daylight,MIDBLOCK,Tuesday,February,0,KINGSWOOD DR,2,ROAD,MINOR,10.0,20.0,PAVED,TwoWay,PAVED,4,40,NO ACCESS,Y,1971.0,157.61716371344696
KINGSWOOD DR,04-At/near private drive,02-Thru lane,01-Clear,01-Daylight,MIDBLOCK,Tuesday,February,0,KINGSWOOD DR,2,ROAD,MINOR,10.0,20.0,PAVED,TwoWay,PAVED,4,40,NO ACCESS,Y,1968.0,118.42313983160601
KINGSWOOD DR,04-At/near private drive,02-Thru lane,01-Clear,01-Daylight,MIDBLOCK,Tuesday,February,0,KINGSWOOD DR,2,ROAD,MINOR,10.0,20.0,PAVED,TwoWay,PAVED,4,40,NO ACCESS,Y,1971.0,286.53261978441003
KINGSWOOD DR,01-Non intersection,11-Not on roadway - right side,01-Clear,"08-Dark, artificial",MIDBLOCK,Sunday,February,1,KINGSWOOD DR,2,ROAD,MINOR,10.0,20.0,PAVED,TwoWay,PAVED,4,40,NO ACCESS,Y,1973.0,112.28152534968201
KINGSWOOD DR,01-Non intersection,11-Not on roadway - right side,01-Clear,"08-Dark, artificial",MIDBLOCK,Sunday,February,1,KINGSWOOD DR,2,ROAD,MINOR,11.0,20.0,PAVED,TwoWay,PAVED,4,40,NO ACCESS,Y,2000.0,77.47809785987609
KINGSWOOD DR,01-Non intersection,11-Not on roadway - right side,01-Clear,"08-Dark, artificial",MIDBLOCK,Sunday,February,1,KINGSWOOD DR,2,ROAD,MINOR,10.0,20.0,PAVED,TwoWay,PAVED,4,40,NO ACCESS,Y,1971.0,155.436156167628
KINGSWOOD DR,01-Non intersection,11-Not on roadway - right side,01-Clear,"08-Dark, artificial",MIDBLOCK,Sunday,February,1,KINGSWOOD DR,2,ROAD,MINOR,10.0,20.0,PAVED,TwoWay,PAVED,4,40,NO ACCESS,Y,2000.0,113.724797394239
KINGSWOOD DR,01-Non intersection,11-Not on roadway - right side,01-Clear,"08-Dark, artificial",MIDBLOCK,Sunday,February,1,KINGSWOOD DR,2,ROAD,MINOR,13.0,20.0,PAVED,TwoWay,PAVED,4,40,NO ACCESS,Y,2000.0,77.0072788452913
KINGSWOOD DR,01-Non intersection,11-Not on roadway - right side,01-Clear,"08-Dark, artificial",MIDBLOCK,Sunday,February,1,KINGSWOOD DR,2,ROAD,MINOR,10.0,20.0,PAVED,TwoWay,PAVED,4,40,NO ACCESS,Y,1971.0,157.61716371344696
KINGSWOOD DR,01-Non intersection,11-Not on roadway - right side,01-Clear,"08-Dark, artificial",MIDBLOCK,Sunday,February,1,KINGSWOOD DR,2,ROAD,MINOR,10.0,20.0,PAVED,TwoWay,PAVED,4,40,NO ACCESS,Y,1968.0,118.42313983160601
KINGSWOOD DR,01-Non intersection,11-Not on roadway - right side,01-Clear,"08-Dark, artificial",MIDBLOCK,Sunday,February,1,KINGSWOOD DR,2,ROAD,MINOR,10.0,20.0,PAVED,TwoWay,PAVED,4,40,NO ACCESS,Y,1971.0,286.53261978441003
DOON MILLS DR,04-At/near private drive,09-Right shoulder,01-Clear,01-Daylight,MIDBLOCK,Monday,June,0,DOON MILLS DR,2,ROAD,MINOR,10.0,45.0,PAVED,TwoWay,PAVED,6,50,NO ACCESS,N,2005.0,281.424248871673
DOON MILLS DR,04-At/near private drive,09-Right shoulder,01-Clear,01-Daylight,MIDBLOCK,Monday,June,0,DOON MILLS DR,2,ROAD,MINOR,10.0,20.0,PAVED,TwoWay,PAVED,6,50,NO ACCESS,N,2002.0,125.606780017405
DOON MILLS DR,04-At/near private drive,09-Right shoulder,01-Clear,01-Daylight,MIDBLOCK,Monday,June,0,DOON MILLS DR,2,ROAD,MINOR,10.0,20.0,PAVED,TwoWay,PAVED,6,50,NO ACCESS,N,2002.0,89.89513718980609
DOON MILLS DR,04-At/near private drive,09-Right shoulder,01-Clear,01-Daylight,MIDBLOCK,Monday,June,0,DOON MILLS DR,2,ROAD,MINOR,7.0,20.0,PAVED,TwoWay,PAVED,6,50,NO ACCESS,N,2002.0,189.04359346406602
DOON MILLS DR,04-At/near private drive,09-Right shoulder,01-Clear,01-Daylight,MIDBLOCK,Monday,June,0,DOON MILLS DR,2,ROAD,MINOR,10.0,19.0,PAVED,TwoWay,PAVED,6,50,NO ACCESS,N,2002.0,85.6578679877455
DOON MILLS DR,04-At/near private drive,09-Right shoulder,01-Clear,01-Daylight,MIDBLOCK,Monday,June,0,DOON MILLS DR,2,ROAD,MINOR,11.0,22.0,PAVED,TwoWay,PAVED,6,50,NO ACCESS,N,2002.0,76.0413592455507
DOON MILLS DR,04-At/near private drive,09-Right shoulder,01-Clear,01-Daylight,MIDBLOCK,Monday,June,0,DOON MILLS DR,2,ROAD,MINOR,10.0,20.0,PAVED,TwoWay,PAVED,6,50,NO ACCESS,N,2002.0,302.2062893991701
DOON MILLS DR,04-At/near private drive,09-Right shoulder,01-Clear,01-Daylight,MIDBLOCK,Monday,June,0,DOON MILLS DR,2,ROAD,MINOR,10.0,20.0,PAVED,TwoWay,PAVED,6,50,NO ACCESS,N,2002.0,100.289160696941
DOON MILLS DR,01-Non intersection,02-Thru lane,01-Clear,"08-Dark, artificial",MIDBLOCK,Sunday,December,1,DOON MILLS DR,2,ROAD,MINOR,10.0,45.0,PAVED,TwoWay,PAVED,6,50,NO ACCESS,N,2005.0,281.424248871673
DOON MILLS DR,01-Non intersection,02-Thru lane,01-Clear,"08-Dark, artificial",MIDBLOCK,Sunday,December,1,DOON MILLS DR,2,ROAD,MINOR,10.0,20.0,PAVED,TwoWay,PAVED,6,50,NO ACCESS,N,2002.0,125.606780017405
DOON MILLS DR,01-Non intersection,02-Thru lane,01-Clear,"08-Dark, artificial",MIDBLOCK,Sunday,December,1,DOON MILLS DR,2,ROAD,MINOR,10.0,20.0,PAVED,TwoWay,PAVED,6,50,NO ACCESS,N,2002.0,89.89513718980609
DOON MILLS DR,01-Non intersection,02-Thru lane,01-Clear,"08-Dark, artificial",MIDBLOCK,Sunday,December,1,DOON MILLS DR,2,ROAD,MINOR,7.0,20.0,PAVED,TwoWay,PAVED,6,50,NO ACCESS,N,2002.0,189.04359346406602
DOON MILLS DR,01-Non intersection,02-Thru lane,01-Clear,"08-Dark, artificial",MIDBLOCK,Sunday,December,1,DOON MILLS DR,2,ROAD,MINOR,10.0,19.0,PAVED,TwoWay,PAVED,6,50,NO ACCESS,N,2002.0,85.6578679877455
DOON MILLS DR,01-Non intersection,02-Thru lane,01-Clear,"08-Dark, artificial",MIDBLOCK,Sunday,December,1,DOON MILLS DR,2,ROAD,MINOR,11.0,22.0,PAVED,TwoWay,PAVED,6,50,NO ACCESS,N,2002.0,76.0413592455507
DOON MILLS DR,01-Non intersection,02-Thru lane,01-Clear,"08-Dark, artificial",MIDBLOCK,Sunday,December,1,DOON MILLS DR,2,ROAD,MINOR,10.0,20.0,PAVED,TwoWay,PAVED,6,50,NO ACCESS,N,2002.0,302.2062893991701
DOON MILLS DR,01-Non intersection,02-Thru lane,01-Clear,"08-Dark, artificial",MIDBLOCK,Sunday,December,1,DOON MILLS DR,2,ROAD,MINOR,10.0,20.0,PAVED,TwoWay,PAVED,6,50,NO ACCESS,N,2002.0,100.289160696941
DOON MILLS DR,04-At/near private drive,11-Not on roadway - right side,01-Clear,"08-Dark, artificial",MIDBLOCK,Sunday,December,1,DOON MILLS DR,2,ROAD,MINOR,10.0,45.0,PAVED,TwoWay,PAVED,6,50,NO ACCESS,N,2005.0,281.424248871673
DOON MILLS DR,04-At/near private drive,11-Not on roadway - right side,01-Clear,"08-Dark, artificial",MIDBLOCK,Sunday,December,1,DOON MILLS DR,2,ROAD,MINOR,10.0,20.0,PAVED,TwoWay,PAVED,6,50,NO ACCESS,N,2002.0,125.606780017405
DOON MILLS DR,04-At/near private drive,11-Not on roadway - right side,01-Clear,"08-Dark, artificial",MIDBLOCK,Sunday,December,1,DOON MILLS DR,2,ROAD,MINOR,10.0,20.0,PAVED,TwoWay,PAVED,6,50,NO ACCESS,N,2002.0,89.89513718980609
DOON MILLS DR,04-At/near private drive,11-Not on roadway - right side,01-Clear,"08-Dark, artificial",MIDBLOCK,Sunday,December,1,DOON MILLS DR,2,ROAD,MINOR,7.0,20.0,PAVED,TwoWay,PAVED,6,50,NO ACCESS,N,2002.0,189.04359346406602
DOON MILLS DR,04-At/near private drive,11-Not on roadway - right side,01-Clear,"08-Dark, artificial",MIDBLOCK,Sunday,December,1,DOON MILLS DR,2,ROAD,MINOR,10.0,19.0,PAVED,TwoWay,PAVED,6,50,NO ACCESS,N,2002.0,85.6578679877455
DOON MILLS DR,04-At/near private drive,11-Not on roadway - right side,01-Clear,"08-Dark, artificial",MIDBLOCK,Sunday,December,1,DOON MILLS DR,2,ROAD,MINOR,11.0,22.0,PAVED,TwoWay,PAVED,6,50,NO ACCESS,N,2002.0,76.0413592455507
DOON MILLS DR,04-At/near private drive,11-Not on roadway - right side,01-Clear,"08-Dark, artificial",MIDBLOCK,Sunday,December,1,DOON MILLS DR,2,ROAD,MINOR,10.0,20.0,PAVED,TwoWay,PAVED,6,50,NO ACCESS,N,2002.0,302.2062893991701
DOON MILLS DR,04-At/near private drive,11-Not on roadway - right side,01-Clear,"08-Dark, artificial",MIDBLOCK,Sunday,December,1,DOON MILLS DR,2,ROAD,MINOR,10.0,20.0,PAVED,TwoWay,PAVED,6,50,NO ACCESS,N,2002.0,100.289160696941
DOON MILLS DR,01-Non intersection,02-Thru lane,01-Clear,"08-Dark, artificial",MIDBLOCK,Sunday,January,1,DOON MILLS DR,2,ROAD,MINOR,10.0,45.0,PAVED,TwoWay,PAVED,6,50,NO ACCESS,N,2005.0,281.424248871673
DOON MILLS DR,01-Non intersection,02-Thru lane,01-Clear,"08-Dark, artificial",MIDBLOCK,Sunday,January,1,DOON MILLS DR,2,ROAD,MINOR,10.0,20.0,PAVED,TwoWay,PAVED,6,50,NO ACCESS,N,2002.0,125.606780017405
DOON MILLS DR,01-Non intersection,02-Thru lane,01-Clear,"08-Dark, artificial",MIDBLOCK,Sunday,January,1,DOON MILLS DR,2,ROAD,MINOR,10.0,20.0,PAVED,TwoWay,PAVED,6,50,NO ACCESS,N,2002.0,89.89513718980609
DOON MILLS DR,01-Non intersection,02-Thru lane,01-Clear,"08-Dark, artificial",MIDBLOCK,Sunday,January,1,DOON MILLS DR,2,ROAD,MINOR,7.0,20.0,PAVED,TwoWay,PAVED,6,50,NO ACCESS,N,2002.0,189.04359346406602
DOON MILLS DR,01-Non intersection,02-Thru lane,01-Clear,"08-Dark, artificial",MIDBLOCK,Sunday,January,1,DOON MILLS DR,2,ROAD,MINOR,10.0,19.0,PAVED,TwoWay,PAVED,6,50,NO ACCESS,N,2002.0,85.6578679877455
DOON MILLS DR,01-Non intersection,02-Thru lane,01-Clear,"08-Dark, artificial",MIDBLOCK,Sunday,January,1,DOON MILLS DR,2,ROAD,MINOR,11.0,22.0,PAVED,TwoWay,PAVED,6,50,NO ACCESS,N,2002.0,76.0413592455507
DOON MILLS DR,01-Non intersection,02-Thru lane,01-Clear,"08-Dark, artificial",MIDBLOCK,Sunday,January,1,DOON MILLS DR,2,ROAD,MINOR,10.0,20.0,PAVED,TwoWay,PAVED,6,50,NO ACCESS,N,2002.0,302.2062893991701
DOON MILLS DR,01-Non intersection,02-Thru lane,01-Clear,"08-Dark, artificial",MIDBLOCK,Sunday,January,1,DOON MILLS DR,2,ROAD,MINOR,10.0,20.0,PAVED,TwoWay,PAVED,6,50,NO ACCESS,N,2002.0,100.289160696941
DOON MILLS DR,01-Non intersection,11-Not on roadway - right side,03-Snow,01-Daylight,MIDBLOCK,Friday,January,0,DOON MILLS DR,2,ROAD,MINOR,10.0,45.0,PAVED,TwoWay,PAVED,6,50,NO ACCESS,N,2005.0,281.424248871673
DOON MILLS DR,01-Non intersection,11-Not on roadway - right side,03-Snow,01-Daylight,MIDBLOCK,Friday,January,0,DOON MILLS DR,2,ROAD,MINOR,10.0,20.0,PAVED,TwoWay,PAVED,6,50,NO ACCESS,N,2002.0,125.606780017405
DOON MILLS DR,01-Non intersection,11-Not on roadway - right side,03-Snow,01-Daylight,MIDBLOCK,Friday,January,0,DOON MILLS DR,2,ROAD,MINOR,10.0,20.0,PAVED,TwoWay,PAVED,6,50,NO ACCESS,N,2002.0,89.89513718980609
DOON MILLS DR,01-Non intersection,11-Not on roadway - right side,03-Snow,01-Daylight,MIDBLOCK,Friday,January,0,DOON MILLS DR,2,ROAD,MINOR,7.0,20.0,PAVED,TwoWay,PAVED,6,50,NO ACCESS,N,2002.0,189.04359346406602
DOON MILLS DR,01-Non intersection,11-Not on roadway - right side,03-Snow,01-Daylight,MIDBLOCK,Friday,January,0,DOON MILLS DR,2,ROAD,MINOR,10.0,19.0,PAVED,TwoWay,PAVED,6,50,NO ACCESS,N,2002.0,85.6578679877455
DOON MILLS DR,01-Non intersection,11-Not on roadway - right side,03-Snow,01-Daylight,MIDBLOCK,Friday,January,0,DOON MILLS DR,2,ROAD,MINOR,11.0,22.0,PAVED,TwoWay,PAVED,6,50,NO ACCESS,N,2002.0,76.0413592455507
DOON MILLS DR,01-Non intersection,11-Not on roadway - right side,03-Snow,01-Daylight,MIDBLOCK,Friday,January,0,DOON MILLS DR,2,ROAD,MINOR,10.0,20.0,PAVED,TwoWay,PAVED,6,50,NO ACCESS,N,2002.0,302.2062893991701
DOON MILLS DR,01-Non intersection,11-Not on roadway - right side,03-Snow,01-Daylight,MIDBLOCK,Friday,January,0,DOON MILLS DR,2,ROAD,MINOR,10.0,20.0,PAVED,TwoWay,PAVED,6,50,NO ACCESS,N,2002.0,100.289160696941
DOON MILLS DR,01-Non intersection,11-Not on roadway - right side,02-Rain,01-Daylight,MIDBLOCK,Friday,May,0,DOON MILLS DR,2,ROAD,MINOR,10.0,45.0,PAVED,TwoWay,PAVED,6,50,NO ACCESS,N,2005.0,281.424248871673
DOON MILLS DR,01-Non intersection,11-Not on roadway - right side,02-Rain,01-Daylight,MIDBLOCK,Friday,May,0,DOON MILLS DR,2,ROAD,MINOR,10.0,20.0,PAVED,TwoWay,PAVED,6,50,NO ACCESS,N,2002.0,125.606780017405
DOON MILLS DR,01-Non intersection,11-Not on roadway - right side,02-Rain,01-Daylight,MIDBLOCK,Friday,May,0,DOON MILLS DR,2,ROAD,MINOR,10.0,20.0,PAVED,TwoWay,PAVED,6,50,NO ACCESS,N,2002.0,89.89513718980609
DOON MILLS DR,01-Non intersection,11-Not on roadway - right side,02-Rain,01-Daylight,MIDBLOCK,Friday,May,0,DOON MILLS DR,2,ROAD,MINOR,7.0,20.0,PAVED,TwoWay,PAVED,6,50,NO ACCESS,N,2002.0,189.04359346406602
DOON MILLS DR,01-Non intersection,11-Not on roadway - right side,02-Rain,01-Daylight,MIDBLOCK,Friday,May,0,DOON MILLS DR,2,ROAD,MINOR,10.0,19.0,PAVED,TwoWay,PAVED,6,50,NO ACCESS,N,2002.0,85.6578679877455
DOON MILLS DR,01-Non intersection,11-Not on roadway - right side,02-Rain,01-Daylight,MIDBLOCK,Friday,May,0,DOON MILLS DR,2,ROAD,MINOR,11.0,22.0,PAVED,TwoWay,PAVED,6,50,NO ACCESS,N,2002.0,76.0413592455507
DOON MILLS DR,01-Non intersection,11-Not on roadway - right side,02-Rain,01-Daylight,MIDBLOCK,Friday,May,0,DOON MILLS DR,2,ROAD,MINOR,10.0,20.0,PAVED,TwoWay,PAVED,6,50,NO ACCESS,N,2002.0,302.2062893991701
DOON MILLS DR,01-Non intersection,11-Not on roadway - right side,02-Rain,01-Daylight,MIDBLOCK,Friday,May,0,DOON MILLS DR,2,ROAD,MINOR,10.0,20.0,PAVED,TwoWay,PAVED,6,50,NO ACCESS,N,2002.0,100.289160696941
DOON MILLS DR,04-At/near private drive,02-Thru lane,01-Clear,01-Daylight,MIDBLOCK,Wednesday,May,0,DOON MILLS DR,2,ROAD,MINOR,10.0,45.0,PAVED,TwoWay,PAVED,6,50,NO ACCESS,N,2005.0,281.424248871673
DOON MILLS DR,04-At/near private drive,02-Thru lane,01-Clear,01-Daylight,MIDBLOCK,Wednesday,May,0,DOON MILLS DR,2,ROAD,MINOR,10.0,20.0,PAVED,TwoWay,PAVED,6,50,NO ACCESS,N,2002.0,125.606780017405
DOON MILLS DR,04-At/near private drive,02-Thru lane,01-Clear,01-Daylight,MIDBLOCK,Wednesday,May,0,DOON MILLS DR,2,ROAD,MINOR,10.0,20.0,PAVED,TwoWay,PAVED,6,50,NO ACCESS,N,2002.0,89.89513718980609
DOON MILLS DR,04-At/near private drive,02-Thru lane,01-Clear,01-Daylight,MIDBLOCK,Wednesday,May,0,DOON MILLS DR,2,ROAD,MINOR,7.0,20.0,PAVED,TwoWay,PAVED,6,50,NO ACCESS,N,2002.0,189.04359346406602
DOON MILLS DR,04-At/near private drive,02-Thru lane,01-Clear,01-Daylight,MIDBLOCK,Wednesday,May,0,DOON MILLS DR,2,ROAD,MINOR,10.0,19.0,PAVED,TwoWay,PAVED,6,50,NO ACCESS,N,2002.0,85.6578679877455
DOON MILLS DR,04-At/near private drive,02-Thru lane,01-Clear,01-Daylight,MIDBLOCK,Wednesday,May,0,DOON MILLS DR,2,ROAD,MINOR,11.0,22.0,PAVED,TwoWay,PAVED,6,50,NO ACCESS,N,2002.0,76.0413592455507
DOON MILLS DR,04-At/near private drive,02-Thru lane,01-Clear,01-Daylight,MIDBLOCK,Wednesday,May,0,DOON MILLS DR,2,ROAD,MINOR,10.0,20.0,PAVED,TwoWay,PAVED,6,50,NO ACCESS,N,2002.0,302.2062893991701
DOON MILLS DR,04-At/near private drive,02-Thru lane,01-Clear,01-Daylight,MIDBLOCK,Wednesday,May,0,DOON MILLS DR,2,ROAD,MINOR,10.0,20.0,PAVED,TwoWay,PAVED,6,50,NO ACCESS,N,2002.0,100.289160696941
PETER ST,04-At/near private drive,02-Thru lane,01-Clear,01-Daylight,MIDBLOCK,Friday,June,0,PETER ST,2,ROAD,LOCAL,7.0,12.0,PAVED,TwoWay,PAVED,6,50,NO ACCESS,N,2002.0,132.204502556624