LOCATION,ACCIDENT_LOCATION,IMPACT_LOCATION,ENVIRONMENT_CONDITION,LIGHT,COLLISION_TYPE,DAY_OF_WEEK,MONTH,IS_WEEKEND,STREET,LANES,CATEGORY,SUBCATEGORY,PAVEMENT_WIDTH,ROW_WIDTH,SHOULDER,FLOW_DIRECTION,SURFACE_LAYER_TYPE,OFFICIAL_ROAD_CLASSIFICATION,SPEED_LIMIT_KM,TRUCK_ACCESS,BUS_ROUTE,SERVICE_YEAR,Shape__Length
PETER ST,04-At/near private drive,02-Thru lane,01-Clear,01-Daylight,MIDBLOCK,Friday,June,0,PETER ST,2,ROAD,LOCAL,7.0,12.0,PAVED,TwoWay,PAVED,6,50,NO ACCESS,N,2002.0,194.46908486433998
PETER ST,04-At/near private drive,02-Thru lane,01-Clear,01-Daylight,MIDBLOCK,Friday,June,0,PETER ST,2,ROAD,LOCAL,7.0,12.0,PAVED,TwoWay,PAVED,6,50,NO ACCESS,N,1985.0,54.9550460173114
PETER ST,04-At/near private drive,02-Thru lane,01-Clear,01-Daylight,MIDBLOCK,Friday,June,0,PETER ST,2,ROAD,LOCAL,7.0,12.0,PAVED,TwoWay,PAVED,6,50,NO ACCESS,N,1985.0,83.0130897798542
PETER ST,04-At/near private drive,02-Thru lane,01-Clear,01-Daylight,MIDBLOCK,Friday,June,0,PETER ST,2,ROAD,LOCAL,8.0,12.0,PAVED,TwoWay,PAVED,6,50,NO ACCESS,N,1914.0,60.374721438007896
PETER ST,04-At/near private drive,02-Thru lane,01-Clear,01-Daylight,MIDBLOCK,Friday,June,0,PETER ST,2,ROAD,LOCAL,7.0,12.0,PAVED,TwoWay,PAVED,6,50,NO ACCESS,N,2002.0,97.35864558397051
PETER ST,04-At/near private drive,10-Not on roadway - left side,01-Clear,"08-Dark, artificial",MIDBLOCK,Friday,September,0,PETER ST,2,ROAD,LOCAL,7.0,12.0,PAVED,TwoWay,PAVED,6,50,NO ACCESS,N,2002.0,132.204502556624
PETER ST,04-At/near private drive,10-Not on roadway - left side,01-Clear,"08-Dark, artificial",MIDBLOCK,Friday,September,0,PETER ST,2,ROAD,LOCAL,7.0,12.0,PAVED,TwoWay,PAVED,6,50,NO ACCESS,N,2002.0,194.46908486433998
PETER ST,04-At/near private drive,10-Not on roadway - left side,01-Clear,"08-Dark, artificial",MIDBLOCK,Friday,September,0,PETER ST,2,ROAD,LOCAL,7.0,12.0,PAVED,TwoWay,PAVED,6,50,NO ACCESS,N,1985.0,54.9550460173114
PETER ST,04-At/near private drive,10-Not on roadway - left side,01-Clear,"08-Dark, artificial",MIDBLOCK,Friday,September,0,PETER ST,2,ROAD,LOCAL,7.0,12.0,PAVED,TwoWay,PAVED,6,50,NO ACCESS,N,1985.0,83.0130897798542
PETER ST,04-At/near private drive,10-Not on roadway - left side,01-Clear,"08-Dark, artificial",MIDBLOCK,Friday,September,0,PETER ST,2,ROAD,LOCAL,8.0,12.0,PAVED,TwoWay,PAVED,6,50,NO ACCESS,N,1914.0,60.374721438007896
PETER ST,04-At/near private drive,10-Not on roadway - left side,01-Clear,"08-Dark, artificial",MIDBLOCK,Friday,September,0,PETER ST,2,ROAD,LOCAL,7.0,12.0,PAVED,TwoWay,PAVED,6,50,NO ACCESS,N,2002.0,97.35864558397051
PETER ST,04-At/near private drive,09-Right shoulder,01-Clear,01-Daylight,MIDBLOCK,Wednesday,July,0,PETER ST,2,ROAD,LOCAL,7.0,12.0,PAVED,TwoWay,PAVED,6,50,NO ACCESS,N,2002.0,132.204502556624
PETER ST,04-At/near private drive,09-Right shoulder,01-Clear,01-Daylight,MIDBLOCK,Wednesday,July,0,PETER ST,2,ROAD,LOCAL,7.0,12.0,PAVED,TwoWay,PAVED,6,50,NO ACCESS,N,2002.0,194.46908486433998
PETER ST,04-At/near private drive,09-Right shoulder,01-Clear,01-Daylight,MIDBLOCK,Wednesday,July,0,PETER ST,2,ROAD,LOCAL,7.0,12.0,PAVED,TwoWay,PAVED,6,50,NO ACCESS,N,1985.0,54.9550460173114
PETER ST,04-At/near private drive,09-Right shoulder,01-Clear,01-Daylight,MIDBLOCK,Wednesday,July,0,PETER ST,2,ROAD,LOCAL,7.0,12.0,PAVED,TwoWay,PAVED,6,50,NO ACCESS,N,1985.0,83.0130897798542
PETER ST,04-At/near private drive,09-Right shoulder,01-Clear,01-Daylight,MIDBLOCK,Wednesday,July,0,PETER ST,2,ROAD,LOCAL,8.0,12.0,PAVED,TwoWay,PAVED,6,50,NO ACCESS,N,1914.0,60.374721438007896
PETER ST,04-At/near private drive,09-Right shoulder,01-Clear,01-Daylight,MIDBLOCK,Wednesday,July,0,PETER ST,2,ROAD,LOCAL,7.0,12.0,PAVED,TwoWay,PAVED,6,50,NO ACCESS,N,2002.0,97.35864558397051
PETER ST,01-Non intersection,02-Thru lane,01-Clear,01-Daylight,MIDBLOCK,Tuesday,March,0,PETER ST,2,ROAD,LOCAL,7.0,12.0,PAVED,TwoWay,PAVED,6,50,NO ACCESS,N,2002.0,132.204502556624
PETER ST,01-Non intersection,02-Thru lane,01-Clear,01-Daylight,MIDBLOCK,Tuesday,March,0,PETER ST,2,ROAD,LOCAL,7.0,12.0,PAVED,TwoWay,PAVED,6,50,NO ACCESS,N,2002.0,194.46908486433998
PETER ST,01-Non intersection,02-Thru lane,01-Clear,01-Daylight,MIDBLOCK,Tuesday,March,0,PETER ST,2,ROAD,LOCAL,7.0,12.0,PAVED,TwoWay,PAVED,6,50,NO ACCESS,N,1985.0,54.9550460173114
PETER ST,01-Non intersection,02-Thru lane,01-Clear,01-Daylight,MIDBLOCK,Tuesday,March,0,PETER ST,2,ROAD,LOCAL,7.0,12.0,PAVED,TwoWay,PAVED,6,50,NO ACCESS,N,1985.0,83.0130897798542
PETER ST,01-Non intersection,02-Thru lane,01-Clear,01-Daylight,MIDBLOCK,Tuesday,March,0,PETER ST,2,ROAD,LOCAL,8.0,12.0,PAVED,TwoWay,PAVED,6,50,NO ACCESS,N,1914.0,60.374721438007896
PETER ST,01-Non intersection,02-Thru lane,01-Clear,01-Daylight,MIDBLOCK,Tuesday,March,0,PETER ST,2,ROAD,LOCAL,7.0,12.0,PAVED,TwoWay,PAVED,6,50,NO ACCESS,N,2002.0,97.35864558397051
PETER ST,01-Non intersection,09-Right shoulder,01-Clear,07-Dark,MIDBLOCK,Saturday,November,1,PETER ST,2,ROAD,LOCAL,7.0,12.0,PAVED,TwoWay,PAVED,6,50,NO ACCESS,N,2002.0,132.204502556624
PETER ST,01-Non intersection,09-Right shoulder,01-Clear,07-Dark,MIDBLOCK,Saturday,November,1,PETER ST,2,ROAD,LOCAL,7.0,12.0,PAVED,TwoWay,PAVED,6,50,NO ACCESS,N,2002.0,194.46908486433998
PETER ST,01-Non intersection,09-Right shoulder,01-Clear,07-Dark,MIDBLOCK,Saturday,November,1,PETER ST,2,ROAD,LOCAL,7.0,12.0,PAVED,TwoWay,PAVED,6,50,NO ACCESS,N,1985.0,54.9550460173114
PETER ST,01-Non intersection,09-Right shoulder,01-Clear,07-Dark,MIDBLOCK,Saturday,November,1,PETER ST,2,ROAD,LOCAL,7.0,12.0,PAVED,TwoWay,PAVED,6,50,NO ACCESS,N,1985.0,83.0130897798542
PETER ST,01-Non intersection,09-Right shoulder,01-Clear,07-Dark,MIDBLOCK,Saturday,November,1,PETER ST,2,ROAD,LOCAL,8.0,12.0,PAVED,TwoWay,PAVED,6,50,NO ACCESS,N,1914.0,60.374721438007896
PETER ST,01-Non intersection,09-Right shoulder,01-Clear,07-Dark,MIDBLOCK,Saturday,November,1,PETER ST,2,ROAD,LOCAL,7.0,12.0,PAVED,TwoWay,PAVED,6,50,NO ACCESS,N,2002.0,97.35864558397051
SOPHIA CRES,04-At/near private drive,02-Thru lane,03-Snow,01-Daylight,MIDBLOCK,Monday,March,0,SOPHIA CRES,2,ROAD,LOCAL,8.0,18.0,PAVED,TwoWay,PAVED,6,50,NO ACCESS,N,2005.0,206.815869139478
SOPHIA CRES,04-At/near private drive,02-Thru lane,03-Snow,01-Daylight,MIDBLOCK,Monday,March,0,SOPHIA CRES,2,ROAD,LOCAL,8.0,18.0,PAVED,TwoWay,PAVED,6,50,NO ACCESS,N,2005.0,603.230377202361
SOPHIA CRES,04-At/near private drive,02-Thru lane,01-Clear,01-Daylight,MIDBLOCK,Monday,June,0,SOPHIA CRES,2,ROAD,LOCAL,8.0,18.0,PAVED,TwoWay,PAVED,6,50,NO ACCESS,N,2005.0,206.815869139478
SOPHIA CRES,04-At/near private drive,02-Thru lane,01-Clear,01-Daylight,MIDBLOCK,Monday,June,0,SOPHIA CRES,2,ROAD,LOCAL,8.0,18.0,PAVED,TwoWay,PAVED,6,50,NO ACCESS,N,2005.0,603.230377202361
SOPHIA CRES,04-At/near private drive,02-Thru lane,01-Clear,01-Daylight,MIDBLOCK,Tuesday,February,0,SOPHIA CRES,2,ROAD,LOCAL,8.0,18.0,PAVED,TwoWay,PAVED,6,50,NO ACCESS,N,2005.0,206.815869139478
SOPHIA CRES,04-At/near private drive,02-Thru lane,01-Clear,01-Daylight,MIDBLOCK,Tuesday,February,0,SOPHIA CRES,2,ROAD,LOCAL,8.0,18.0,PAVED,TwoWay,PAVED,6,50,NO ACCESS,N,2005.0,603.230377202361
SOPHIA CRES,04-At/near private drive,09-Right shoulder,01-Clear,01-Daylight,MIDBLOCK,Saturday,March,1,SOPHIA CRES,2,ROAD,LOCAL,8.0,18.0,PAVED,TwoWay,PAVED,6,50,NO ACCESS,N,2005.0,206.815869139478
SOPHIA CRES,04-At/near private drive,09-Right shoulder,01-Clear,01-Daylight,MIDBLOCK,Saturday,March,1,SOPHIA CRES,2,ROAD,LOCAL,8.0,18.0,PAVED,TwoWay,PAVED,6,50,NO ACCESS,N,2005.0,603.230377202361
SOPHIA CRES,01-Non intersection,02-Thru lane,01-Clear,01-Daylight,MIDBLOCK,Thursday,June,0,SOPHIA CRES,2,ROAD,LOCAL,8.0,18.0,PAVED,TwoWay,PAVED,6,50,NO ACCESS,N,2005.0,206.815869139478
SOPHIA CRES,01-Non intersection,02-Thru lane,01-Clear,01-Daylight,MIDBLOCK,Thursday,June,0,SOPHIA CRES,2,ROAD,LOCAL,8.0,18.0,PAVED,TwoWay,PAVED,6,50,NO ACCESS,N,2005.0,603.230377202361
SOPHIA CRES,04-At/near private drive,02-Thru lane,01-Clear,01-Daylight,MIDBLOCK,Sunday,September,1,SOPHIA CRES,2,ROAD,LOCAL,8.0,18.0,PAVED,TwoWay,PAVED,6,50,NO ACCESS,N,2005.0,206.815869139478
SOPHIA CRES,04-At/near private drive,02-Thru lane,01-Clear,01-Daylight,MIDBLOCK,Sunday,September,1,SOPHIA CRES,2,ROAD,LOCAL,8.0,18.0,PAVED,TwoWay,PAVED,6,50,NO ACCESS,N,2005.0,603.230377202361
RED CLOVER CRES,04-At/near private drive,02-Thru lane,01-Clear,01-Daylight,MIDBLOCK,Saturday,July,1,RED CLOVER CRES,2,ROAD,LOCAL,8.0,16.0,PAVED,TwoWay,PAVED,6,50,NO ACCESS,N,2003.0,104.135904132654
RED CLOVER CRES,04-At/near private drive,02-Thru lane,01-Clear,01-Daylight,MIDBLOCK,Saturday,July,1,RED CLOVER CRES,2,ROAD,LOCAL,8.0,16.0,PAVED,TwoWay,PAVED,6,50,NO ACCESS,N,2003.0,138.057038652313
CHANDLER DR,04-At/near private drive,02-Thru lane,01-Clear,01-Daylight,MIDBLOCK,Saturday,January,1,CHANDLER DR,2,ROAD,LOCAL,11.0,20.0,PAVED,TwoWay,PAVED,6,50,NO ACCESS,N,1969.0,110.575665293495
CHANDLER DR,04-At/near private drive,02-Thru lane,01-Clear,01-Daylight,MIDBLOCK,Saturday,January,1,CHANDLER DR,2,ROAD,LOCAL,10.0,20.0,PAVED,TwoWay,PAVED,6,50,NO ACCESS,N,1968.0,203.001451226751
CHANDLER DR,04-At/near private drive,02-Thru lane,01-Clear,01-Daylight,MIDBLOCK,Saturday,January,1,CHANDLER DR,2,ROAD,LOCAL,9.0,20.0,PAVED,TwoWay,PAVED,6,50,NO ACCESS,N,1968.0,130.847266075741
CHANDLER DR,04-At/near private drive,02-Thru lane,01-Clear,01-Daylight,MIDBLOCK,Saturday,January,1,CHANDLER DR,1,BULB,LOCAL,9.0,20.0,PAVED,FromTo,PAVED,6,50,NO ACCESS,N,1968.0,75.4725328424862
CHANDLER DR,01-Non intersection,02-Thru lane,01-Clear,"08-Dark, artificial",MIDBLOCK,Tuesday,May,0,CHANDLER DR,2,ROAD,LOCAL,11.0,20.0,PAVED,TwoWay,PAVED,6,50,NO ACCESS,N,1969.0,110.575665293495
CHANDLER DR,01-Non intersection,02-Thru lane,01-Clear,"08-Dark, artificial",MIDBLOCK,Tuesday,May,0,CHANDLER DR,2,ROAD,LOCAL,10.0,20.0,PAVED,TwoWay,PAVED,6,50,NO ACCESS,N,1968.0,203.001451226751
CHANDLER DR,01-Non intersection,02-Thru lane,01-Clear,"08-Dark, artificial",MIDBLOCK,Tuesday,May,0,CHANDLER DR,2,ROAD,LOCAL,9.0,20.0,PAVED,TwoWay,PAVED,6,50,NO ACCESS,N,1968.0,130.847266075741
CHANDLER DR,01-Non intersection,02-Thru lane,01-Clear,"08-Dark, artificial",MIDBLOCK,Tuesday,May,0,CHANDLER DR,1,BULB,LOCAL,9.0,20.0,PAVED,FromTo,PAVED,6,50,NO ACCESS,N,1968.0,75.4725328424862
CHANDLER DR,01-Non intersection,02-Thru lane,01-Clear,01-Daylight,MIDBLOCK,Friday,July,0,CHANDLER DR,2,ROAD,LOCAL,11.0,20.0,PAVED,TwoWay,PAVED,6,50,NO ACCESS,N,1969.0,110.575665293495
CHANDLER DR,01-Non intersection,02-Thru lane,01-Clear,01-Daylight,MIDBLOCK,Friday,July,0,CHANDLER DR,2,ROAD,LOCAL,10.0,20.0,PAVED,TwoWay,PAVED,6,50,NO ACCESS,N,1968.0,203.001451226751
CHANDLER DR,01-Non intersection,02-Thru lane,01-Clear,01-Daylight,MIDBLOCK,Friday,July,0,CHANDLER DR,2,ROAD,LOCAL,9.0,20.0,PAVED,TwoWay,PAVED,6,50,NO ACCESS,N,1968.0,130.847266075741
CHANDLER DR,01-Non intersection,02-Thru lane,01-Clear,01-Daylight,MIDBLOCK,Friday,July,0,CHANDLER DR,1,BULB,LOCAL,9.0,20.0,PAVED,FromTo,PAVED,6,50,NO ACCESS,N,1968.0,75.4725328424862
CHANDLER DR,01-Non intersection,02-Thru lane,01-Clear,01-Daylight,MIDBLOCK,Thursday,July,0,CHANDLER DR,2,ROAD,LOCAL,11.0,20.0,PAVED,TwoWay,PAVED,6,50,NO ACCESS,N,1969.0,110.575665293495
CHANDLER DR,01-Non intersection,02-Thru lane,01-Clear,01-Daylight,MIDBLOCK,Thursday,July,0,CHANDLER DR,2,ROAD,LOCAL,10.0,20.0,PAVED,TwoWay,PAVED,6,50,NO ACCESS,N,1968.0,203.001451226751
CHANDLER DR,01-Non intersection,02-Thru lane,01-Clear,01-Daylight,MIDBLOCK,Thursday,July,0,CHANDLER DR,2,ROAD,LOCAL,9.0,20.0,PAVED,TwoWay,PAVED,6,50,NO ACCESS,N,1968.0,130.847266075741
CHANDLER DR,01-Non intersection,02-Thru lane,01-Clear,01-Daylight,MIDBLOCK,Thursday,July,0,CHANDLER DR,1,BULB,LOCAL,9.0,20.0,PAVED,FromTo,PAVED,6,50,NO ACCESS,N,1968.0,75.4725328424862
CHANDLER DR,01-Non intersection,02-Thru lane,01-Clear,01-Daylight,MIDBLOCK,Monday,February,0,CHANDLER DR,2,ROAD,LOCAL,11.0,20.0,PAVED,TwoWay,PAVED,6,50,NO ACCESS,N,1969.0,110.575665293495
CHANDLER DR,01-Non intersection,02-Thru lane,01-Clear,01-Daylight,MIDBLOCK,Monday,February,0,CHANDLER DR,2,ROAD,LOCAL,10.0,20.0,PAVED,TwoWay,PAVED,6,50,NO ACCESS,N,1968.0,203.001451226751
CHANDLER DR,01-Non intersection,02-Thru lane,01-Clear,01-Daylight,MIDBLOCK,Monday,February,0,CHANDLER DR,2,ROAD,LOCAL,9.0,20.0,PAVED,TwoWay,PAVED,6,50,NO ACCESS,N,1968.0,130.847266075741
CHANDLER DR,01-Non intersection,02-Thru lane,01-Clear,01-Daylight,MIDBLOCK,Monday,February,0,CHANDLER DR,1,BULB,LOCAL,9.0,20.0,PAVED,FromTo,PAVED,6,50,NO ACCESS,N,1968.0,75.4725328424862
CHANDLER DR,01-Non intersection,02-Thru lane,03-Snow,07-Dark,MIDBLOCK,Wednesday,February,0,CHANDLER DR,2,ROAD,LOCAL,11.0,20.0,PAVED,TwoWay,PAVED,6,50,NO ACCESS,N,1969.0,110.575665293495
CHANDLER DR,01-Non intersection,02-Thru lane,03-Snow,07-Dark,MIDBLOCK,Wednesday,February,0,CHANDLER DR,2,ROAD,LOCAL,10.0,20.0,PAVED,TwoWay,PAVED,6,50,NO ACCESS,N,1968.0,203.001451226751
CHANDLER DR,01-Non intersection,02-Thru lane,03-Snow,07-Dark,MIDBLOCK,Wednesday,February,0,CHANDLER DR,2,ROAD,LOCAL,9.0,20.0,PAVED,TwoWay,PAVED,6,50,NO ACCESS,N,1968.0,130.847266075741
CHANDLER DR,01-Non intersection,02-Thru lane,03-Snow,07-Dark,MIDBLOCK,Wednesday,February,0,CHANDLER DR,1,BULB,LOCAL,9.0,20.0,PAVED,FromTo,PAVED,6,50,NO ACCESS,N,1968.0,75.4725328424862
BLACKWELL DR,04-At/near private drive,02-Thru lane,01-Clear,01-Daylight,MIDBLOCK,Friday,June,0,BLACKWELL DR,2,ROAD,MINOR,9.0,20.0,PAVED,TwoWay,PAVED,4,40,NO ACCESS,N,2006.0,91.1886511835713
BLACKWELL DR,04-At/near private drive,02-Thru lane,01-Clear,01-Daylight,MIDBLOCK,Friday,June,0,BLACKWELL DR,2,ROAD,MINOR,10.0,20.0,PAVED,TwoWay,PAVED,4,40,NO ACCESS,N,2006.0,147.341496869573
BLACKWELL DR,04-At/near private drive,02-Thru lane,01-Clear,01-Daylight,MIDBLOCK,Friday,June,0,BLACKWELL DR,2,ROAD,MINOR,10.0,20.0,PAVED,TwoWay,PAVED,4,40,NO ACCESS,N,2006.0,227.35149731753899
BLACKWELL DR,04-At/near private drive,02-Thru lane,01-Clear,01-Daylight,MIDBLOCK,Friday,June,0,BLACKWELL DR,2,ROAD,MINOR,9.0,20.0,PAVED,TwoWay,PAVED,4,40,NO ACCESS,N,2006.0,55.350672498832104
BLACKWELL DR,01-Non intersection,02-Thru lane,01-Clear,"08-Dark, artificial",MIDBLOCK,Tuesday,September,0,BLACKWELL DR,2,ROAD,MINOR,9.0,20.0,PAVED,TwoWay,PAVED,4,40,NO ACCESS,N,2006.0,91.1886511835713
BLACKWELL DR,01-Non intersection,02-Thru lane,01-Clear,"08-Dark, artificial",MIDBLOCK,Tuesday,September,0,BLACKWELL DR,2,ROAD,MINOR,10.0,20.0,PAVED,TwoWay,PAVED,4,40,NO ACCESS,N,2006.0,147.341496869573
BLACKWELL DR,01-Non intersection,02-Thru lane,01-Clear,"08-Dark, artificial",MIDBLOCK,Tuesday,September,0,BLACKWELL DR,2,ROAD,MINOR,10.0,20.0,PAVED,TwoWay,PAVED,4,40,NO ACCESS,N,2006.0,227.35149731753899
BLACKWELL DR,01-Non intersection,02-Thru lane,01-Clear,"08-Dark, artificial",MIDBLOCK,Tuesday,September,0,BLACKWELL DR,2,ROAD,MINOR,9.0,20.0,PAVED,TwoWay,PAVED,4,40,NO ACCESS,N,2006.0,55.350672498832104
BLACKWELL DR,01-Non intersection,10-Not on roadway - left side,01-Clear,01-Daylight,MIDBLOCK,Saturday,July,1,BLACKWELL DR,2,ROAD,MINOR,9.0,20.0,PAVED,TwoWay,PAVED,4,40,NO ACCESS,N,2006.0,91.1886511835713
BLACKWELL DR,01-Non intersection,10-Not on roadway - left side,01-Clear,01-Daylight,MIDBLOCK,Saturday,July,1,BLACKWELL DR,2,ROAD,MINOR,10.0,20.0,PAVED,TwoWay,PAVED,4,40,NO ACCESS,N,2006.0,147.341496869573
BLACKWELL DR,01-Non intersection,10-Not on roadway - left side,01-Clear,01-Daylight,MIDBLOCK,Saturday,July,1,BLACKWELL DR,2,ROAD,MINOR,10.0,20.0,PAVED,TwoWay,PAVED,4,40,NO ACCESS,N,2006.0,227.35149731753899
BLACKWELL DR,01-Non intersection,10-Not on roadway - left side,01-Clear,01-Daylight,MIDBLOCK,Saturday,July,1,BLACKWELL DR,2,ROAD,MINOR,9.0,20.0,PAVED,TwoWay,PAVED,4,40,NO ACCESS,N,2006.0,55.350672498832104
BLACKWELL DR,04-At/near private drive,02-Thru lane,01-Clear,01-Daylight,MIDBLOCK,Friday,October,0,BLACKWELL DR,2,ROAD,MINOR,9.0,20.0,PAVED,TwoWay,PAVED,4,40,NO ACCESS,N,2006.0,91.1886511835713
BLACKWELL DR,04-At/near private drive,02-Thru lane,01-Clear,01-Daylight,MIDBLOCK,Friday,October,0,BLACKWELL DR,2,ROAD,MINOR,10.0,20.0,PAVED,TwoWay,PAVED,4,40,NO ACCESS,N,2006.0,147.341496869573
BLACKWELL DR,04-At/near private drive,02-Thru lane,01-Clear,01-Daylight,MIDBLOCK,Friday,October,0,BLACKWELL DR,2,ROAD,MINOR,10.0,20.0,PAVED,TwoWay,PAVED,4,40,NO ACCESS,N,2006.0,227.35149731753899
BLACKWELL DR,04-At/near private drive,02-Thru lane,01-Clear,01-Daylight,MIDBLOCK,Friday,October,0,BLACKWELL DR,2,ROAD,MINOR,9.0,20.0,PAVED,TwoWay,PAVED,4,40,NO ACCESS,N,2006.0,55.350672498832104
BLACKWELL DR,04-At/near private drive,02-Thru lane,01-Clear,01-Daylight,MIDBLOCK,Saturday,November,1,BLACKWELL DR,2,ROAD,MINOR,9.0,20.0,PAVED,TwoWay,PAVED,4,40,NO ACCESS,N,2006.0,91.1886511835713
BLACKWELL DR,04-At/near private drive,02-Thru lane,01-Clear,01-Daylight,MIDBLOCK,Saturday,November,1,BLACKWELL DR,2,ROAD,MINOR,10.0,20.0,PAVED,TwoWay,PAVED,4,40,NO ACCESS,N,2006.0,147.341496869573
BLACKWELL DR,04-At/near private drive,02-Thru lane,01-Clear,01-Daylight,MIDBLOCK,Saturday,November,1,BLACKWELL DR,2,ROAD,MINOR,10.0,20.0,PAVED,TwoWay,PAVED,4,40,NO ACCESS,N,2006.0,227.35149731753899
BLACKWELL DR,04-At/near private drive,02-Thru lane,01-Clear,01-Daylight,MIDBLOCK,Saturday,November,1,BLACKWELL DR,2,ROAD,MINOR,9.0,20.0,PAVED,TwoWay,PAVED,4,40,NO ACCESS,N,2006.0,55.350672498832104
BLACKWELL DR,04-At/near private drive,02-Thru lane,01-Clear,01-Daylight,MIDBLOCK,Friday,January,0,BLACKWELL DR,2,ROAD,MINOR,9.0,20.0,PAVED,TwoWay,PAVED,4,40,NO ACCESS,N,2006.0,91.1886511835713
BLACKWELL DR,04-At/near private drive,02-Thru lane,01-Clear,01-Daylight,MIDBLOCK,Friday,January,0,BLACKWELL DR,2,ROAD,MINOR,10.0,20.0,PAVED,TwoWay,PAVED,4,40,NO ACCESS,N,2006.0,147.341496869573
BLACKWELL DR,04-At/near private drive,02-Thru lane,01-Clear,01-Daylight,MIDBLOCK,Friday,January,0,BLACKWELL DR,2,ROAD,MINOR,10.0,20.0,PAVED,TwoWay,PAVED,4,40,NO ACCESS,N,2006.0,227.35149731753899
BLACKWELL DR,04-At/near private drive,02-Thru lane,01-Clear,01-Daylight,MIDBLOCK,Friday,January,0,BLACKWELL DR,2,ROAD,MINOR,9.0,20.0,PAVED,TwoWay,PAVED,4,40,NO ACCESS,N,2006.0,55.350672498832104
BLACKWELL DR,01-Non intersection,02-Thru lane,"07-Fog, mist, smoke, dust",01-Daylight,MIDBLOCK,Friday,February,0,BLACKWELL DR,2,ROAD,MINOR,9.0,20.0,PAVED,TwoWay,PAVED,4,40,NO ACCESS,N,2006.0,91.1886511835713
BLACKWELL DR,01-Non intersection,02-Thru lane,"07-Fog, mist, smoke, dust",01-Daylight,MIDBLOCK,Friday,February,0,BLACKWELL DR,2,ROAD,MINOR,10.0,20.0,PAVED,TwoWay,PAVED,4,40,NO ACCESS,N,2006.0,147.341496869573
BLACKWELL DR,01-Non intersection,02-Thru lane,"07-Fog, mist, smoke, dust",01-Daylight,MIDBLOCK,Friday,February,0,BLACKWELL DR,2,ROAD,MINOR,10.0,20.0,PAVED,TwoWay,PAVED,4,40,NO ACCESS,N,2006.0,227.35149731753899
BLACKWELL DR,01-Non intersection,02-Thru lane,"07-Fog, mist, smoke, dust",01-Daylight,MIDBLOCK,Friday,February,0,BLACKWELL DR,2,ROAD,MINOR,9.0,20.0,PAVED,TwoWay,PAVED,4,40,NO ACCESS,N,2006.0,55.350672498832104
WEBER ST E,04-At/near private drive,99-Other,01-Clear,07-Dark,MIDBLOCK,Sunday,January,1,WEBER ST E,5,ROAD,MAJOR,18.0,51.0,PAVED,TwoWay,PAVED,1,50,7-7 MON-FRI,Y,0.0,32.6100777595395
WEBER ST E,04-At/near private drive,99-Other,01-Clear,07-Dark,MIDBLOCK,Sunday,January,1,WEBER ST E,5,ROAD,MAJOR,16.0,24.0,PAVED,TwoWay,PAVED,1,50,7-7 MON-FRI,N,0.0,122.04228532173599
WEBER ST E,04-At/near private drive,99-Other,01-Clear,07-Dark,MIDBLOCK,Sunday,January,1,WEBER ST E,4,ROAD,MAJOR,14.0,24.0,PAVED,TwoWay,PAVED,1,50,7-7 MON-FRI,N,0.0,129.245437629734
WEBER ST E,04-At/near private drive,02-Thru lane,01-Clear,01-Daylight,MIDBLOCK,Friday,March,0,WEBER ST E,5,ROAD,MAJOR,18.0,51.0,PAVED,TwoWay,PAVED,1,50,7-7 MON-FRI,Y,0.0,32.6100777595395
WEBER ST E,04-At/near private drive,02-Thru lane,01-Clear,01-Daylight,MIDBLOCK,Friday,March,0,WEBER ST E,5,ROAD,MAJOR,16.0,24.0,PAVED,TwoWay,PAVED,1,50,7-7 MON-FRI,N,0.0,122.04228532173599
WEBER ST E,04-At/near private drive,02-Thru lane,01-Clear,01-Daylight,MIDBLOCK,Friday,March,0,WEBER ST E,4,ROAD,MAJOR,14.0,24.0,PAVED,TwoWay,PAVED,1,50,7-7 MON-FRI,N,0.0,129.245437629734
WEBER ST E,01-Non intersection,02-Thru lane,01-Clear,01-Daylight,MIDBLOCK,Wednesday,June,0,WEBER ST E,5,ROAD,MAJOR,18.0,51.0,PAVED,TwoWay,PAVED,1,50,7-7 MON-FRI,Y,0.0,32.6100777595395
WEBER ST E,01-Non intersection,02-Thru lane,01-Clear,01-Daylight,MIDBLOCK,Wednesday,June,0,WEBER ST E,5,ROAD,MAJOR,16.0,24.0,PAVED,TwoWay,PAVED,1,50,7-7 MON-FRI,N,0.0,122.04228532173599
WEBER ST E,01-Non intersection,02-Thru lane,01-Clear,01-Daylight,MIDBLOCK,Wednesday,June,0,WEBER ST E,4,ROAD,MAJOR,14.0,24.0,PAVED,TwoWay,PAVED,1,50,7-7 MON-FRI,N,0.0,129.245437629734
BRIAR KNOLL DR,04-At/near private drive,02-Thru lane,01-Clear,01-Daylight,MIDBLOCK,Saturday,July,1,BRIAR KNOLL DR,2,ROAD,LOCAL,9.0,20.0,PAVED,TwoWay,PAVED,6,50,NO ACCESS,N,1974.0,243.9844639925949
BRIAR KNOLL DR,04-At/near private drive,02-Thru lane,01-Clear,01-Daylight,MIDBLOCK,Saturday,July,1,BRIAR KNOLL DR,2,ROAD,LOCAL,9.0,20.0,PAVED,TwoWay,PAVED,6,50,NO ACCESS,N,1974.0,111.214638735439