LOCATION,ACCIDENT_LOCATION,IMPACT_LOCATION,ENVIRONMENT_CONDITION,LIGHT,COLLISION_TYPE,DAY_OF_WEEK,MONTH,IS_WEEKEND,STREET,LANES,CATEGORY,SUBCATEGORY,PAVEMENT_WIDTH,ROW_WIDTH,SHOULDER,FLOW_DIRECTION,SURFACE_LAYER_TYPE,OFFICIAL_ROAD_CLASSIFICATION,SPEED_LIMIT_KM,TRUCK_ACCESS,BUS_ROUTE,SERVICE_YEAR,Shape__Length
BRIAR KNOLL DR,04-At/near private drive,02-Thru lane,01-Clear,01-Daylight,MIDBLOCK,Saturday,July,1,BRIAR KNOLL DR,2,ROAD,LOCAL,9.0,20.0,PAVED,TwoWay,PAVED,6,50,NO ACCESS,N,1974.0,141.53019776378
TROY ST,04-At/near private drive,02-Thru lane,01-Clear,01-Daylight,MIDBLOCK,Tuesday,December,0,TROY ST,2,ROAD,LOCAL,7.0,15.0,PAVED,TwoWay,PAVED,6,50,NO ACCESS,N,1997.0,104.07679542684
TROY ST,04-At/near private drive,02-Thru lane,01-Clear,01-Daylight,MIDBLOCK,Tuesday,December,0,TROY ST,2,ROAD,LOCAL,7.0,20.0,PAVED,TwoWay,PAVED,6,50,NO ACCESS,N,2004.0,226.44367929623505
EDGEWATER CRES,01-Non intersection,99-Other,01-Clear,01-Daylight,MIDBLOCK,Friday,September,0,EDGEWATER CRES,2,ROAD,LOCAL,8.0,18.0,PAVED,TwoWay,PAVED,6,50,NO ACCESS,N,2008.0,192.45624400801998
EDGEWATER CRES,01-Non intersection,99-Other,01-Clear,01-Daylight,MIDBLOCK,Friday,September,0,EDGEWATER CRES,2,ROAD,LOCAL,8.0,18.0,PAVED,TwoWay,PAVED,6,50,NO ACCESS,N,2006.0,83.80624921754941
EDGEWATER CRES,01-Non intersection,99-Other,01-Clear,01-Daylight,MIDBLOCK,Friday,September,0,EDGEWATER CRES,2,ROAD,LOCAL,8.0,18.0,PAVED,TwoWay,PAVED,6,50,NO ACCESS,N,2006.0,111.320040286516
EDGEWATER CRES,01-Non intersection,99-Other,01-Clear,01-Daylight,MIDBLOCK,Friday,September,0,EDGEWATER CRES,2,ROAD,LOCAL,8.0,18.0,PAVED,TwoWay,PAVED,6,50,NO ACCESS,N,2008.0,264.850981846942
BIRKSHIRE CRT,01-Non intersection,02-Thru lane,01-Clear,01-Daylight,MIDBLOCK,Friday,August,0,BIRKSHIRE CRT,1,BULB,LOCAL,9.0,20.0,PAVED,FromTo,PAVED,6,50,NO ACCESS,N,1967.0,83.2597922579838
BIRKSHIRE CRT,01-Non intersection,02-Thru lane,01-Clear,01-Daylight,MIDBLOCK,Friday,August,0,BIRKSHIRE CRT,2,ROAD,LOCAL,9.0,20.0,PAVED,TwoWay,PAVED,6,50,NO ACCESS,N,1967.0,167.06633248534501
BIRKSHIRE CRT,01-Non intersection,02-Thru lane,03-Snow,01-Daylight,MIDBLOCK,Saturday,December,1,BIRKSHIRE CRT,1,BULB,LOCAL,9.0,20.0,PAVED,FromTo,PAVED,6,50,NO ACCESS,N,1967.0,83.2597922579838
BIRKSHIRE CRT,01-Non intersection,02-Thru lane,03-Snow,01-Daylight,MIDBLOCK,Saturday,December,1,BIRKSHIRE CRT,2,ROAD,LOCAL,9.0,20.0,PAVED,TwoWay,PAVED,6,50,NO ACCESS,N,1967.0,167.06633248534501
BIRKSHIRE CRT,04-At/near private drive,11-Not on roadway - right side,"07-Fog, mist, smoke, dust","08-Dark, artificial",MIDBLOCK,Friday,March,0,BIRKSHIRE CRT,1,BULB,LOCAL,9.0,20.0,PAVED,FromTo,PAVED,6,50,NO ACCESS,N,1967.0,83.2597922579838
BIRKSHIRE CRT,04-At/near private drive,11-Not on roadway - right side,"07-Fog, mist, smoke, dust","08-Dark, artificial",MIDBLOCK,Friday,March,0,BIRKSHIRE CRT,2,ROAD,LOCAL,9.0,20.0,PAVED,TwoWay,PAVED,6,50,NO ACCESS,N,1967.0,167.06633248534501
SUSAN CRES,01-Non intersection,09-Right shoulder,01-Clear,"08-Dark, artificial",MIDBLOCK,Friday,October,0,SUSAN CRES,2,ROAD,LOCAL,9.0,18.0,PAVED,TwoWay,PAVED,6,50,NO ACCESS,N,1994.0,234.688107023719
SUSAN CRES,01-Non intersection,09-Right shoulder,01-Clear,"08-Dark, artificial",MIDBLOCK,Friday,October,0,SUSAN CRES,2,ROAD,LOCAL,9.0,18.0,PAVED,TwoWay,PAVED,6,50,NO ACCESS,N,1994.0,178.634955539565
SUSAN CRES,04-At/near private drive,02-Thru lane,01-Clear,01-Daylight,MIDBLOCK,Tuesday,February,0,SUSAN CRES,2,ROAD,LOCAL,9.0,18.0,PAVED,TwoWay,PAVED,6,50,NO ACCESS,N,1994.0,234.688107023719
SUSAN CRES,04-At/near private drive,02-Thru lane,01-Clear,01-Daylight,MIDBLOCK,Tuesday,February,0,SUSAN CRES,2,ROAD,LOCAL,9.0,18.0,PAVED,TwoWay,PAVED,6,50,NO ACCESS,N,1994.0,178.634955539565
SHEA CRES,01-Non intersection,02-Thru lane,01-Clear,01-Daylight,MIDBLOCK,Thursday,March,0,SHEA CRES,2,ROAD,LOCAL,9.0,20.0,PAVED,TwoWay,PAVED,6,50,NO ACCESS,N,1968.0,451.67461144505995
SHEA CRES,01-Non intersection,02-Thru lane,01-Clear,01-Daylight,MIDBLOCK,Thursday,March,0,SHEA CRES,2,ROAD,LOCAL,9.0,20.0,PAVED,TwoWay,PAVED,6,50,NO ACCESS,N,1968.0,116.331300151028
SHEA CRES,01-Non intersection,02-Thru lane,01-Clear,01-Daylight,MIDBLOCK,Wednesday,December,0,SHEA CRES,2,ROAD,LOCAL,9.0,20.0,PAVED,TwoWay,PAVED,6,50,NO ACCESS,N,1968.0,451.67461144505995
SHEA CRES,01-Non intersection,02-Thru lane,01-Clear,01-Daylight,MIDBLOCK,Wednesday,December,0,SHEA CRES,2,ROAD,LOCAL,9.0,20.0,PAVED,TwoWay,PAVED,6,50,NO ACCESS,N,1968.0,116.331300151028
SHEA CRES,04-At/near private drive,09-Right shoulder,01-Clear,01-Daylight,MIDBLOCK,Thursday,January,0,SHEA CRES,2,ROAD,LOCAL,9.0,20.0,PAVED,TwoWay,PAVED,6,50,NO ACCESS,N,1968.0,451.67461144505995
SHEA CRES,04-At/near private drive,09-Right shoulder,01-Clear,01-Daylight,MIDBLOCK,Thursday,January,0,SHEA CRES,2,ROAD,LOCAL,9.0,20.0,PAVED,TwoWay,PAVED,6,50,NO ACCESS,N,1968.0,116.331300151028
FALCONRIDGE DR,04-At/near private drive,02-Thru lane,01-Clear,"08-Dark, artificial",MIDBLOCK,Wednesday,January,0,FALCONRIDGE DR,2,ROAD,MINOR,9.0,18.0,PAVED,TwoWay,PAVED,6,50,NO ACCESS,N,2001.0,63.2887973356224
FALCONRIDGE DR,04-At/near private drive,02-Thru lane,01-Clear,"08-Dark, artificial",MIDBLOCK,Wednesday,January,0,FALCONRIDGE DR,2,ROAD,LOCAL,9.0,18.0,PAVED,TwoWay,PAVED,6,50,NO ACCESS,N,2001.0,212.052092448464
FALCONRIDGE DR,04-At/near private drive,02-Thru lane,01-Clear,"08-Dark, artificial",MIDBLOCK,Wednesday,January,0,FALCONRIDGE DR,2,ROAD,MINOR,10.0,18.0,PAVED,TwoWay,PAVED,6,50,NO ACCESS,N,2001.0,47.3807017204777
FALCONRIDGE DR,04-At/near private drive,02-Thru lane,01-Clear,"08-Dark, artificial",MIDBLOCK,Wednesday,January,0,FALCONRIDGE DR,2,ROAD,MINOR,9.0,18.0,PAVED,TwoWay,PAVED,6,50,NO ACCESS,N,2001.0,245.111826081007
FALCONRIDGE DR,04-At/near private drive,02-Thru lane,01-Clear,"08-Dark, artificial",MIDBLOCK,Wednesday,January,0,FALCONRIDGE DR,2,ROAD,LOCAL,9.0,18.0,PAVED,TwoWay,PAVED,6,50,NO ACCESS,N,2001.0,161.754860935603
FALCONRIDGE DR,04-At/near private drive,02-Thru lane,01-Clear,"08-Dark, artificial",MIDBLOCK,Wednesday,January,0,FALCONRIDGE DR,2,ROAD,LOCAL,9.0,18.0,PAVED,TwoWay,PAVED,6,50,NO ACCESS,N,2001.0,98.7259401570866
FALCONRIDGE DR,04-At/near private drive,02-Thru lane,01-Clear,"08-Dark, artificial",MIDBLOCK,Wednesday,January,0,FALCONRIDGE DR,2,ROAD,LOCAL,9.0,18.0,PAVED,TwoWay,PAVED,6,50,NO ACCESS,N,2001.0,37.8327953928286
FALCONRIDGE DR,01-Non intersection,09-Right shoulder,01-Clear,"08-Dark, artificial",MIDBLOCK,Friday,April,0,FALCONRIDGE DR,2,ROAD,MINOR,9.0,18.0,PAVED,TwoWay,PAVED,6,50,NO ACCESS,N,2001.0,63.2887973356224
FALCONRIDGE DR,01-Non intersection,09-Right shoulder,01-Clear,"08-Dark, artificial",MIDBLOCK,Friday,April,0,FALCONRIDGE DR,2,ROAD,LOCAL,9.0,18.0,PAVED,TwoWay,PAVED,6,50,NO ACCESS,N,2001.0,212.052092448464
FALCONRIDGE DR,01-Non intersection,09-Right shoulder,01-Clear,"08-Dark, artificial",MIDBLOCK,Friday,April,0,FALCONRIDGE DR,2,ROAD,MINOR,10.0,18.0,PAVED,TwoWay,PAVED,6,50,NO ACCESS,N,2001.0,47.3807017204777
FALCONRIDGE DR,01-Non intersection,09-Right shoulder,01-Clear,"08-Dark, artificial",MIDBLOCK,Friday,April,0,FALCONRIDGE DR,2,ROAD,MINOR,9.0,18.0,PAVED,TwoWay,PAVED,6,50,NO ACCESS,N,2001.0,245.111826081007
FALCONRIDGE DR,01-Non intersection,09-Right shoulder,01-Clear,"08-Dark, artificial",MIDBLOCK,Friday,April,0,FALCONRIDGE DR,2,ROAD,LOCAL,9.0,18.0,PAVED,TwoWay,PAVED,6,50,NO ACCESS,N,2001.0,161.754860935603
FALCONRIDGE DR,01-Non intersection,09-Right shoulder,01-Clear,"08-Dark, artificial",MIDBLOCK,Friday,April,0,FALCONRIDGE DR,2,ROAD,LOCAL,9.0,18.0,PAVED,TwoWay,PAVED,6,50,NO ACCESS,N,2001.0,98.7259401570866
FALCONRIDGE DR,01-Non intersection,09-Right shoulder,01-Clear,"08-Dark, artificial",MIDBLOCK,Friday,April,0,FALCONRIDGE DR,2,ROAD,LOCAL,9.0,18.0,PAVED,TwoWay,PAVED,6,50,NO ACCESS,N,2001.0,37.8327953928286
TIMBERLANE CRES,04-At/near private drive,02-Thru lane,01-Clear,05-Dusk,MIDBLOCK,Monday,December,0,TIMBERLANE CRES,2,ROAD,LOCAL,8.0,20.0,PAVED,TwoWay,PAVED,6,50,NO ACCESS,N,1977.0,423.0959848441069
SEREDA RD,04-At/near private drive,02-Thru lane,01-Clear,01-Daylight,MIDBLOCK,Wednesday,October,0,SEREDA RD,2,ROAD,MINOR,10.0,20.0,PAVED,TwoWay,PAVED,3,50,24HR,N,1947.0,331.77472081746896
SEREDA RD,04-At/near private drive,02-Thru lane,01-Clear,01-Daylight,MIDBLOCK,Wednesday,October,0,SEREDA RD,2,ROAD,MINOR,9.0,15.0,PAVED,TwoWay,PAVED,3,50,24HR,N,1947.0,326.057022167404
YELLOW BIRCH DR,04-At/near private drive,02-Thru lane,01-Clear,01-Daylight,MIDBLOCK,Saturday,July,1,YELLOW BIRCH DR,2,ROAD,MINOR,9.0,20.0,PAVED,TwoWay,PAVED,4,50,NO ACCESS,Y,1986.0,37.9634471965543
YELLOW BIRCH DR,04-At/near private drive,02-Thru lane,01-Clear,01-Daylight,MIDBLOCK,Saturday,July,1,YELLOW BIRCH DR,2,ROAD,MINOR,9.0,20.0,PAVED,TwoWay,PAVED,4,50,NO ACCESS,Y,1979.0,284.313528218403
YELLOW BIRCH DR,04-At/near private drive,02-Thru lane,01-Clear,01-Daylight,MIDBLOCK,Saturday,July,1,YELLOW BIRCH DR,2,ROAD,MINOR,9.0,20.0,PAVED,TwoWay,PAVED,4,50,NO ACCESS,Y,1986.0,216.94007658402
YELLOW BIRCH DR,04-At/near private drive,02-Thru lane,01-Clear,01-Daylight,MIDBLOCK,Saturday,July,1,YELLOW BIRCH DR,2,ROAD,MINOR,9.0,20.0,PAVED,TwoWay,PAVED,4,50,NO ACCESS,Y,1986.0,83.88289954324951
YELLOW BIRCH DR,04-At/near private drive,02-Thru lane,01-Clear,01-Daylight,MIDBLOCK,Saturday,July,1,YELLOW BIRCH DR,2,ROAD,MINOR,9.0,20.0,PAVED,TwoWay,PAVED,4,50,NO ACCESS,Y,1986.0,82.6007673594156
YELLOW BIRCH DR,04-At/near private drive,02-Thru lane,01-Clear,01-Daylight,MIDBLOCK,Saturday,July,1,YELLOW BIRCH DR,2,ROAD,MINOR,9.0,20.0,PAVED,TwoWay,PAVED,4,50,NO ACCESS,Y,1979.0,192.567811636864
YELLOW BIRCH DR,01-Non intersection,10-Not on roadway - left side,01-Clear,01-Daylight,MIDBLOCK,Friday,November,0,YELLOW BIRCH DR,2,ROAD,MINOR,9.0,20.0,PAVED,TwoWay,PAVED,4,50,NO ACCESS,Y,1986.0,37.9634471965543
YELLOW BIRCH DR,01-Non intersection,10-Not on roadway - left side,01-Clear,01-Daylight,MIDBLOCK,Friday,November,0,YELLOW BIRCH DR,2,ROAD,MINOR,9.0,20.0,PAVED,TwoWay,PAVED,4,50,NO ACCESS,Y,1979.0,284.313528218403
YELLOW BIRCH DR,01-Non intersection,10-Not on roadway - left side,01-Clear,01-Daylight,MIDBLOCK,Friday,November,0,YELLOW BIRCH DR,2,ROAD,MINOR,9.0,20.0,PAVED,TwoWay,PAVED,4,50,NO ACCESS,Y,1986.0,216.94007658402
YELLOW BIRCH DR,01-Non intersection,10-Not on roadway - left side,01-Clear,01-Daylight,MIDBLOCK,Friday,November,0,YELLOW BIRCH DR,2,ROAD,MINOR,9.0,20.0,PAVED,TwoWay,PAVED,4,50,NO ACCESS,Y,1986.0,83.88289954324951
YELLOW BIRCH DR,01-Non intersection,10-Not on roadway - left side,01-Clear,01-Daylight,MIDBLOCK,Friday,November,0,YELLOW BIRCH DR,2,ROAD,MINOR,9.0,20.0,PAVED,TwoWay,PAVED,4,50,NO ACCESS,Y,1986.0,82.6007673594156
YELLOW BIRCH DR,01-Non intersection,10-Not on roadway - left side,01-Clear,01-Daylight,MIDBLOCK,Friday,November,0,YELLOW BIRCH DR,2,ROAD,MINOR,9.0,20.0,PAVED,TwoWay,PAVED,4,50,NO ACCESS,Y,1979.0,192.567811636864
YELLOW BIRCH DR,01-Non intersection,09-Right shoulder,01-Clear,01-Daylight,MIDBLOCK,Monday,November,0,YELLOW BIRCH DR,2,ROAD,MINOR,9.0,20.0,PAVED,TwoWay,PAVED,4,50,NO ACCESS,Y,1986.0,37.9634471965543
YELLOW BIRCH DR,01-Non intersection,09-Right shoulder,01-Clear,01-Daylight,MIDBLOCK,Monday,November,0,YELLOW BIRCH DR,2,ROAD,MINOR,9.0,20.0,PAVED,TwoWay,PAVED,4,50,NO ACCESS,Y,1979.0,284.313528218403
YELLOW BIRCH DR,01-Non intersection,09-Right shoulder,01-Clear,01-Daylight,MIDBLOCK,Monday,November,0,YELLOW BIRCH DR,2,ROAD,MINOR,9.0,20.0,PAVED,TwoWay,PAVED,4,50,NO ACCESS,Y,1986.0,216.94007658402
YELLOW BIRCH DR,01-Non intersection,09-Right shoulder,01-Clear,01-Daylight,MIDBLOCK,Monday,November,0,YELLOW BIRCH DR,2,ROAD,MINOR,9.0,20.0,PAVED,TwoWay,PAVED,4,50,NO ACCESS,Y,1986.0,83.88289954324951
YELLOW BIRCH DR,01-Non intersection,09-Right shoulder,01-Clear,01-Daylight,MIDBLOCK,Monday,November,0,YELLOW BIRCH DR,2,ROAD,MINOR,9.0,20.0,PAVED,TwoWay,PAVED,4,50,NO ACCESS,Y,1986.0,82.6007673594156
YELLOW BIRCH DR,01-Non intersection,09-Right shoulder,01-Clear,01-Daylight,MIDBLOCK,Monday,November,0,YELLOW BIRCH DR,2,ROAD,MINOR,9.0,20.0,PAVED,TwoWay,PAVED,4,50,NO ACCESS,Y,1979.0,192.567811636864
SOUTHMOOR DR,04-At/near private drive,08-Left shoulder,06-Strong wind,01-Daylight,MIDBLOCK,Wednesday,March,0,SOUTHMOOR DR,2,ROAD,LOCAL,9.0,20.0,PAVED,TwoWay,PAVED,6,50,NO ACCESS,Y,1957.0,92.2162316051839
SOUTHMOOR DR,04-At/near private drive,08-Left shoulder,06-Strong wind,01-Daylight,MIDBLOCK,Wednesday,March,0,SOUTHMOOR DR,2,ROAD,LOCAL,9.0,20.0,PAVED,TwoWay,PAVED,6,50,NO ACCESS,Y,1957.0,242.225197405037
SOUTHMOOR DR,04-At/near private drive,08-Left shoulder,06-Strong wind,01-Daylight,MIDBLOCK,Wednesday,March,0,SOUTHMOOR DR,2,ROAD,LOCAL,9.0,20.0,PAVED,TwoWay,PAVED,6,50,NO ACCESS,Y,1957.0,97.95496633646843
SOUTHMOOR DR,04-At/near private drive,02-Thru lane,01-Clear,01-Daylight,MIDBLOCK,Sunday,August,1,SOUTHMOOR DR,2,ROAD,LOCAL,9.0,20.0,PAVED,TwoWay,PAVED,6,50,NO ACCESS,Y,1957.0,92.2162316051839
SOUTHMOOR DR,04-At/near private drive,02-Thru lane,01-Clear,01-Daylight,MIDBLOCK,Sunday,August,1,SOUTHMOOR DR,2,ROAD,LOCAL,9.0,20.0,PAVED,TwoWay,PAVED,6,50,NO ACCESS,Y,1957.0,242.225197405037
SOUTHMOOR DR,04-At/near private drive,02-Thru lane,01-Clear,01-Daylight,MIDBLOCK,Sunday,August,1,SOUTHMOOR DR,2,ROAD,LOCAL,9.0,20.0,PAVED,TwoWay,PAVED,6,50,NO ACCESS,Y,1957.0,97.95496633646843
SOUTHMOOR DR,01-Non intersection,09-Right shoulder,04-Freezing Rain,01-Daylight,MIDBLOCK,Wednesday,February,0,SOUTHMOOR DR,2,ROAD,LOCAL,9.0,20.0,PAVED,TwoWay,PAVED,6,50,NO ACCESS,Y,1957.0,92.2162316051839
SOUTHMOOR DR,01-Non intersection,09-Right shoulder,04-Freezing Rain,01-Daylight,MIDBLOCK,Wednesday,February,0,SOUTHMOOR DR,2,ROAD,LOCAL,9.0,20.0,PAVED,TwoWay,PAVED,6,50,NO ACCESS,Y,1957.0,242.225197405037
SOUTHMOOR DR,01-Non intersection,09-Right shoulder,04-Freezing Rain,01-Daylight,MIDBLOCK,Wednesday,February,0,SOUTHMOOR DR,2,ROAD,LOCAL,9.0,20.0,PAVED,TwoWay,PAVED,6,50,NO ACCESS,Y,1957.0,97.95496633646843
THIRD AVE,04-At/near private drive,09-Right shoulder,01-Clear,01-Daylight,MIDBLOCK,Saturday,September,1,THIRD AVE,2,ROAD,LOCAL,9.0,20.0,PAVED,TwoWay,PAVED,6,50,NO ACCESS,N,1914.0,412.103475597139
THIRD AVE,01-Non intersection,02-Thru lane,01-Clear,01-Daylight,MIDBLOCK,Wednesday,January,0,THIRD AVE,2,ROAD,LOCAL,9.0,20.0,PAVED,TwoWay,PAVED,6,50,NO ACCESS,N,1914.0,412.103475597139
MCGEE AVE,04-At/near private drive,02-Thru lane,01-Clear,01-Daylight,MIDBLOCK,Tuesday,September,0,MCGEE AVE,2,ROAD,LOCAL,9.0,20.0,PAVED,TwoWay,PAVED,6,40,NO ACCESS,N,1966.0,287.901628515578
MCGEE AVE,04-At/near private drive,12-Off highway,01-Clear,01-Daylight,MIDBLOCK,Friday,August,0,MCGEE AVE,2,ROAD,LOCAL,9.0,20.0,PAVED,TwoWay,PAVED,6,40,NO ACCESS,N,1966.0,287.901628515578
MCGEE AVE,04-At/near private drive,02-Thru lane,01-Clear,01-Daylight,MIDBLOCK,Wednesday,October,0,MCGEE AVE,2,ROAD,LOCAL,9.0,20.0,PAVED,TwoWay,PAVED,6,40,NO ACCESS,N,1966.0,287.901628515578
MCGEE AVE,01-Non intersection,02-Thru lane,02-Rain,01-Daylight,MIDBLOCK,Monday,October,0,MCGEE AVE,2,ROAD,LOCAL,9.0,20.0,PAVED,TwoWay,PAVED,6,40,NO ACCESS,N,1966.0,287.901628515578
MCGEE AVE,04-At/near private drive,02-Thru lane,01-Clear,01-Daylight,MIDBLOCK,Friday,September,0,MCGEE AVE,2,ROAD,LOCAL,9.0,20.0,PAVED,TwoWay,PAVED,6,40,NO ACCESS,N,1966.0,287.901628515578
MCGEE AVE,04-At/near private drive,02-Thru lane,01-Clear,01-Daylight,MIDBLOCK,Friday,January,0,MCGEE AVE,2,ROAD,LOCAL,9.0,20.0,PAVED,TwoWay,PAVED,6,40,NO ACCESS,N,1966.0,287.901628515578
IDLE CREEK DR,01-Non intersection,02-Thru lane,01-Clear,01-Daylight,MIDBLOCK,Wednesday,August,0,IDLE CREEK DR,2,ROAD,MINOR,9.0,20.0,PAVED,TwoWay,PAVED,4,50,NO ACCESS,N,1994.0,77.7180299610331
IDLE CREEK DR,01-Non intersection,02-Thru lane,01-Clear,01-Daylight,MIDBLOCK,Wednesday,August,0,IDLE CREEK DR,2,ROAD,MINOR,9.0,20.0,PAVED,TwoWay,PAVED,4,50,NO ACCESS,N,1995.0,414.835404637718
IDLE CREEK DR,01-Non intersection,02-Thru lane,01-Clear,01-Daylight,MIDBLOCK,Wednesday,August,0,IDLE CREEK DR,2,ROAD,MINOR,9.0,20.0,PAVED,TwoWay,PAVED,4,50,NO ACCESS,N,1995.0,71.27828661897809
IDLE CREEK DR,04-At/near private drive,02-Thru lane,01-Clear,01-Daylight,MIDBLOCK,Saturday,July,1,IDLE CREEK DR,2,ROAD,MINOR,9.0,20.0,PAVED,TwoWay,PAVED,4,50,NO ACCESS,N,1994.0,77.7180299610331
IDLE CREEK DR,04-At/near private drive,02-Thru lane,01-Clear,01-Daylight,MIDBLOCK,Saturday,July,1,IDLE CREEK DR,2,ROAD,MINOR,9.0,20.0,PAVED,TwoWay,PAVED,4,50,NO ACCESS,N,1995.0,414.835404637718
IDLE CREEK DR,04-At/near private drive,02-Thru lane,01-Clear,01-Daylight,MIDBLOCK,Saturday,July,1,IDLE CREEK DR,2,ROAD,MINOR,9.0,20.0,PAVED,TwoWay,PAVED,4,50,NO ACCESS,N,1995.0,71.27828661897809
IDLE CREEK DR,01-Non intersection,10-Not on roadway - left side,03-Snow,01-Daylight,MIDBLOCK,Sunday,January,1,IDLE CREEK DR,2,ROAD,MINOR,9.0,20.0,PAVED,TwoWay,PAVED,4,50,NO ACCESS,N,1994.0,77.7180299610331
IDLE CREEK DR,01-Non intersection,10-Not on roadway - left side,03-Snow,01-Daylight,MIDBLOCK,Sunday,January,1,IDLE CREEK DR,2,ROAD,MINOR,9.0,20.0,PAVED,TwoWay,PAVED,4,50,NO ACCESS,N,1995.0,414.835404637718
IDLE CREEK DR,01-Non intersection,10-Not on roadway - left side,03-Snow,01-Daylight,MIDBLOCK,Sunday,January,1,IDLE CREEK DR,2,ROAD,MINOR,9.0,20.0,PAVED,TwoWay,PAVED,4,50,NO ACCESS,N,1995.0,71.27828661897809
IDLE CREEK DR,01-Non intersection,09-Right shoulder,01-Clear,01-Daylight,MIDBLOCK,Friday,May,0,IDLE CREEK DR,2,ROAD,MINOR,9.0,20.0,PAVED,TwoWay,PAVED,4,50,NO ACCESS,N,1994.0,77.7180299610331
IDLE CREEK DR,01-Non intersection,09-Right shoulder,01-Clear,01-Daylight,MIDBLOCK,Friday,May,0,IDLE CREEK DR,2,ROAD,MINOR,9.0,20.0,PAVED,TwoWay,PAVED,4,50,NO ACCESS,N,1995.0,414.835404637718
IDLE CREEK DR,01-Non intersection,09-Right shoulder,01-Clear,01-Daylight,MIDBLOCK,Friday,May,0,IDLE CREEK DR,2,ROAD,MINOR,9.0,20.0,PAVED,TwoWay,PAVED,4,50,NO ACCESS,N,1995.0,71.27828661897809
WAKE ROBIN CRES,04-At/near private drive,09-Right shoulder,02-Rain,01-Daylight,MIDBLOCK,Friday,October,0,WAKE ROBIN CRES,2,ROAD,LOCAL,9.0,18.0,PAVED,TwoWay,PAVED,6,50,NO ACCESS,N,1998.0,319.700173852192
WAKE ROBIN CRES,04-At/near private drive,02-Thru lane,01-Clear,01-Daylight,MIDBLOCK,Thursday,March,0,WAKE ROBIN CRES,2,ROAD,LOCAL,9.0,18.0,PAVED,TwoWay,PAVED,6,50,NO ACCESS,N,1998.0,319.700173852192
KIPLING AVE,01-Non intersection,10-Not on roadway - left side,01-Clear,"08-Dark, artificial",MIDBLOCK,Friday,January,0,KIPLING AVE,2,ROAD,LOCAL,9.0,20.0,PAVED,TwoWay,PAVED,6,50,NO ACCESS,N,1949.0,154.787359286846
KIPLING AVE,01-Non intersection,10-Not on roadway - left side,01-Clear,"08-Dark, artificial",MIDBLOCK,Friday,January,0,KIPLING AVE,2,ROAD,LOCAL,9.0,20.0,PAVED,TwoWay,PAVED,6,50,NO ACCESS,N,1958.0,424.5474583554061
KIPLING AVE,04-At/near private drive,12-Off highway,01-Clear,01-Daylight,MIDBLOCK,Monday,May,0,KIPLING AVE,2,ROAD,LOCAL,9.0,20.0,PAVED,TwoWay,PAVED,6,50,NO ACCESS,N,1949.0,154.787359286846
KIPLING AVE,04-At/near private drive,12-Off highway,01-Clear,01-Daylight,MIDBLOCK,Monday,May,0,KIPLING AVE,2,ROAD,LOCAL,9.0,20.0,PAVED,TwoWay,PAVED,6,50,NO ACCESS,N,1958.0,424.5474583554061
KIPLING AVE,01-Non intersection,11-Not on roadway - right side,03-Snow,01-Daylight,MIDBLOCK,Sunday,December,1,KIPLING AVE,2,ROAD,LOCAL,9.0,20.0,PAVED,TwoWay,PAVED,6,50,NO ACCESS,N,1949.0,154.787359286846
KIPLING AVE,01-Non intersection,11-Not on roadway - right side,03-Snow,01-Daylight,MIDBLOCK,Sunday,December,1,KIPLING AVE,2,ROAD,LOCAL,9.0,20.0,PAVED,TwoWay,PAVED,6,50,NO ACCESS,N,1958.0,424.5474583554061
KIPLING AVE,01-Non intersection,02-Thru lane,01-Clear,07-Dark,MIDBLOCK,Tuesday,January,0,KIPLING AVE,2,ROAD,LOCAL,9.0,20.0,PAVED,TwoWay,PAVED,6,50,NO ACCESS,N,1949.0,154.787359286846
KIPLING AVE,01-Non intersection,02-Thru lane,01-Clear,07-Dark,MIDBLOCK,Tuesday,January,0,KIPLING AVE,2,ROAD,LOCAL,9.0,20.0,PAVED,TwoWay,PAVED,6,50,NO ACCESS,N,1958.0,424.5474583554061
PINEHURST CRES,04-At/near private drive,02-Thru lane,01-Clear,01-Daylight,MIDBLOCK,Wednesday,April,0,PINEHURST CRES,2,ROAD,LOCAL,10.0,20.0,PAVED,TwoWay,PAVED,6,50,NO ACCESS,N,1968.0,658.39427438757
PINEHURST CRES,04-At/near private drive,02-Thru lane,01-Clear,01-Daylight,MIDBLOCK,Wednesday,July,0,PINEHURST CRES,2,ROAD,LOCAL,10.0,20.0,PAVED,TwoWay,PAVED,6,50,NO ACCESS,N,1968.0,658.39427438757
PINEHURST CRES,01-Non intersection,02-Thru lane,01-Clear,01-Daylight,MIDBLOCK,Monday,October,0,PINEHURST CRES,2,ROAD,LOCAL,10.0,20.0,PAVED,TwoWay,PAVED,6,50,NO ACCESS,N,1968.0,658.39427438757
PINEHURST CRES,01-Non intersection,11-Not on roadway - right side,01-Clear,"08-Dark, artificial",MIDBLOCK,Tuesday,February,0,PINEHURST CRES,2,ROAD,LOCAL,10.0,20.0,PAVED,TwoWay,PAVED,6,50,NO ACCESS,N,1968.0,658.39427438757
RIDGEWOOD AVE,04-At/near private drive,02-Thru lane,01-Clear,"02-Daylight, artificial",MIDBLOCK,Saturday,October,1,RIDGEWOOD AVE,2,ROAD,LOCAL,9.0,20.0,PAVED,TwoWay,PAVED,6,50,NO ACCESS,N,1952.0,240.868688492076