LOCATION,ACCIDENT_LOCATION,IMPACT_LOCATION,ENVIRONMENT_CONDITION,LIGHT,COLLISION_TYPE,DAY_OF_WEEK,MONTH,IS_WEEKEND,STREET,LANES,CATEGORY,SUBCATEGORY,PAVEMENT_WIDTH,ROW_WIDTH,SHOULDER,FLOW_DIRECTION,SURFACE_LAYER_TYPE,OFFICIAL_ROAD_CLASSIFICATION,SPEED_LIMIT_KM,TRUCK_ACCESS,BUS_ROUTE,SERVICE_YEAR,Shape__Length
RIDGEWOOD AVE,01-Non intersection,02-Thru lane,02-Rain,07-Dark,MIDBLOCK,Wednesday,November,0,RIDGEWOOD AVE,2,ROAD,LOCAL,9.0,20.0,PAVED,TwoWay,PAVED,6,50,NO ACCESS,N,1952.0,240.868688492076
THOMAS SLEE DR,01-Non intersection,02-Thru lane,01-Clear,01-Daylight,MIDBLOCK,Wednesday,September,0,THOMAS SLEE DR,2,ROAD,LOCAL,10.0,20.0,PAVED,TwoWay,PAVED,6,50,NO ACCESS,N,2006.0,127.23143657335501
THOMAS SLEE DR,01-Non intersection,02-Thru lane,01-Clear,01-Daylight,MIDBLOCK,Wednesday,September,0,THOMAS SLEE DR,2,ROAD,MINOR,10.0,20.0,PAVED,TwoWay,PAVED,6,50,NO ACCESS,N,2006.0,178.52564975907902
THOMAS SLEE DR,01-Non intersection,02-Thru lane,01-Clear,01-Daylight,MIDBLOCK,Wednesday,September,0,THOMAS SLEE DR,2,ROAD,MINOR,9.0,20.0,PAVED,TwoWay,PAVED,6,50,NO ACCESS,N,2005.0,371.129126573172
THOMAS SLEE DR,01-Non intersection,02-Thru lane,01-Clear,01-Daylight,MIDBLOCK,Wednesday,September,0,THOMAS SLEE DR,2,ROAD,MINOR,9.0,20.0,PAVED,TwoWay,PAVED,3,50,NO ACCESS,N,1998.0,98.1450655523736
THOMAS SLEE DR,01-Non intersection,02-Thru lane,01-Clear,01-Daylight,MIDBLOCK,Wednesday,September,0,THOMAS SLEE DR,2,ROAD,MINOR,10.0,20.0,PAVED,TwoWay,PAVED,3,50,NO ACCESS,N,1998.0,161.135645485087
THOMAS SLEE DR,01-Non intersection,02-Thru lane,01-Clear,01-Daylight,MIDBLOCK,Wednesday,September,0,THOMAS SLEE DR,2,ROAD,MINOR,10.0,20.0,PAVED,TwoWay,PAVED,3,50,NO ACCESS,N,1998.0,98.0942892078875
THOMAS SLEE DR,04-At/near private drive,02-Thru lane,03-Snow,01-Daylight,MIDBLOCK,Friday,November,0,THOMAS SLEE DR,2,ROAD,LOCAL,10.0,20.0,PAVED,TwoWay,PAVED,6,50,NO ACCESS,N,2006.0,127.23143657335501
THOMAS SLEE DR,04-At/near private drive,02-Thru lane,03-Snow,01-Daylight,MIDBLOCK,Friday,November,0,THOMAS SLEE DR,2,ROAD,MINOR,10.0,20.0,PAVED,TwoWay,PAVED,6,50,NO ACCESS,N,2006.0,178.52564975907902
THOMAS SLEE DR,04-At/near private drive,02-Thru lane,03-Snow,01-Daylight,MIDBLOCK,Friday,November,0,THOMAS SLEE DR,2,ROAD,MINOR,9.0,20.0,PAVED,TwoWay,PAVED,6,50,NO ACCESS,N,2005.0,371.129126573172
THOMAS SLEE DR,04-At/near private drive,02-Thru lane,03-Snow,01-Daylight,MIDBLOCK,Friday,November,0,THOMAS SLEE DR,2,ROAD,MINOR,9.0,20.0,PAVED,TwoWay,PAVED,3,50,NO ACCESS,N,1998.0,98.1450655523736
THOMAS SLEE DR,04-At/near private drive,02-Thru lane,03-Snow,01-Daylight,MIDBLOCK,Friday,November,0,THOMAS SLEE DR,2,ROAD,MINOR,10.0,20.0,PAVED,TwoWay,PAVED,3,50,NO ACCESS,N,1998.0,161.135645485087
THOMAS SLEE DR,04-At/near private drive,02-Thru lane,03-Snow,01-Daylight,MIDBLOCK,Friday,November,0,THOMAS SLEE DR,2,ROAD,MINOR,10.0,20.0,PAVED,TwoWay,PAVED,3,50,NO ACCESS,N,1998.0,98.0942892078875
THOMAS SLEE DR,04-At/near private drive,02-Thru lane,01-Clear,07-Dark,MIDBLOCK,Tuesday,February,0,THOMAS SLEE DR,2,ROAD,LOCAL,10.0,20.0,PAVED,TwoWay,PAVED,6,50,NO ACCESS,N,2006.0,127.23143657335501
THOMAS SLEE DR,04-At/near private drive,02-Thru lane,01-Clear,07-Dark,MIDBLOCK,Tuesday,February,0,THOMAS SLEE DR,2,ROAD,MINOR,10.0,20.0,PAVED,TwoWay,PAVED,6,50,NO ACCESS,N,2006.0,178.52564975907902
THOMAS SLEE DR,04-At/near private drive,02-Thru lane,01-Clear,07-Dark,MIDBLOCK,Tuesday,February,0,THOMAS SLEE DR,2,ROAD,MINOR,9.0,20.0,PAVED,TwoWay,PAVED,6,50,NO ACCESS,N,2005.0,371.129126573172
THOMAS SLEE DR,04-At/near private drive,02-Thru lane,01-Clear,07-Dark,MIDBLOCK,Tuesday,February,0,THOMAS SLEE DR,2,ROAD,MINOR,9.0,20.0,PAVED,TwoWay,PAVED,3,50,NO ACCESS,N,1998.0,98.1450655523736
THOMAS SLEE DR,04-At/near private drive,02-Thru lane,01-Clear,07-Dark,MIDBLOCK,Tuesday,February,0,THOMAS SLEE DR,2,ROAD,MINOR,10.0,20.0,PAVED,TwoWay,PAVED,3,50,NO ACCESS,N,1998.0,161.135645485087
THOMAS SLEE DR,04-At/near private drive,02-Thru lane,01-Clear,07-Dark,MIDBLOCK,Tuesday,February,0,THOMAS SLEE DR,2,ROAD,MINOR,10.0,20.0,PAVED,TwoWay,PAVED,3,50,NO ACCESS,N,1998.0,98.0942892078875
THOMAS SLEE DR,04-At/near private drive,02-Thru lane,02-Rain,01-Daylight,MIDBLOCK,Monday,April,0,THOMAS SLEE DR,2,ROAD,LOCAL,10.0,20.0,PAVED,TwoWay,PAVED,6,50,NO ACCESS,N,2006.0,127.23143657335501
THOMAS SLEE DR,04-At/near private drive,02-Thru lane,02-Rain,01-Daylight,MIDBLOCK,Monday,April,0,THOMAS SLEE DR,2,ROAD,MINOR,10.0,20.0,PAVED,TwoWay,PAVED,6,50,NO ACCESS,N,2006.0,178.52564975907902
THOMAS SLEE DR,04-At/near private drive,02-Thru lane,02-Rain,01-Daylight,MIDBLOCK,Monday,April,0,THOMAS SLEE DR,2,ROAD,MINOR,9.0,20.0,PAVED,TwoWay,PAVED,6,50,NO ACCESS,N,2005.0,371.129126573172
THOMAS SLEE DR,04-At/near private drive,02-Thru lane,02-Rain,01-Daylight,MIDBLOCK,Monday,April,0,THOMAS SLEE DR,2,ROAD,MINOR,9.0,20.0,PAVED,TwoWay,PAVED,3,50,NO ACCESS,N,1998.0,98.1450655523736
THOMAS SLEE DR,04-At/near private drive,02-Thru lane,02-Rain,01-Daylight,MIDBLOCK,Monday,April,0,THOMAS SLEE DR,2,ROAD,MINOR,10.0,20.0,PAVED,TwoWay,PAVED,3,50,NO ACCESS,N,1998.0,161.135645485087
THOMAS SLEE DR,04-At/near private drive,02-Thru lane,02-Rain,01-Daylight,MIDBLOCK,Monday,April,0,THOMAS SLEE DR,2,ROAD,MINOR,10.0,20.0,PAVED,TwoWay,PAVED,3,50,NO ACCESS,N,1998.0,98.0942892078875
THOMAS SLEE DR,04-At/near private drive,09-Right shoulder,01-Clear,01-Daylight,MIDBLOCK,Thursday,September,0,THOMAS SLEE DR,2,ROAD,LOCAL,10.0,20.0,PAVED,TwoWay,PAVED,6,50,NO ACCESS,N,2006.0,127.23143657335501
THOMAS SLEE DR,04-At/near private drive,09-Right shoulder,01-Clear,01-Daylight,MIDBLOCK,Thursday,September,0,THOMAS SLEE DR,2,ROAD,MINOR,10.0,20.0,PAVED,TwoWay,PAVED,6,50,NO ACCESS,N,2006.0,178.52564975907902
THOMAS SLEE DR,04-At/near private drive,09-Right shoulder,01-Clear,01-Daylight,MIDBLOCK,Thursday,September,0,THOMAS SLEE DR,2,ROAD,MINOR,9.0,20.0,PAVED,TwoWay,PAVED,6,50,NO ACCESS,N,2005.0,371.129126573172
THOMAS SLEE DR,04-At/near private drive,09-Right shoulder,01-Clear,01-Daylight,MIDBLOCK,Thursday,September,0,THOMAS SLEE DR,2,ROAD,MINOR,9.0,20.0,PAVED,TwoWay,PAVED,3,50,NO ACCESS,N,1998.0,98.1450655523736
THOMAS SLEE DR,04-At/near private drive,09-Right shoulder,01-Clear,01-Daylight,MIDBLOCK,Thursday,September,0,THOMAS SLEE DR,2,ROAD,MINOR,10.0,20.0,PAVED,TwoWay,PAVED,3,50,NO ACCESS,N,1998.0,161.135645485087
THOMAS SLEE DR,04-At/near private drive,09-Right shoulder,01-Clear,01-Daylight,MIDBLOCK,Thursday,September,0,THOMAS SLEE DR,2,ROAD,MINOR,10.0,20.0,PAVED,TwoWay,PAVED,3,50,NO ACCESS,N,1998.0,98.0942892078875
CARYNDALE DR,04-At/near private drive,02-Thru lane,01-Clear,"08-Dark, artificial",MIDBLOCK,Monday,December,0,CARYNDALE DR,2,ROAD,MINOR,10.0,20.0,PAVED,TwoWay,PAVED,4,40,NO ACCESS,N,1870.0,170.701954090141
CARYNDALE DR,04-At/near private drive,02-Thru lane,01-Clear,"08-Dark, artificial",MIDBLOCK,Monday,December,0,CARYNDALE DR,2,ROAD,MINOR,10.0,20.0,PAVED,TwoWay,PAVED,4,50,NO ACCESS,N,1987.0,84.58224884760409
CARYNDALE DR,04-At/near private drive,02-Thru lane,01-Clear,"08-Dark, artificial",MIDBLOCK,Monday,December,0,CARYNDALE DR,2,ROAD,MINOR,10.0,20.0,PAVED,TwoWay,PAVED,4,40,NO ACCESS,N,1966.0,183.044447823278
CARYNDALE DR,01-Non intersection,09-Right shoulder,01-Clear,"08-Dark, artificial",MIDBLOCK,Saturday,September,1,CARYNDALE DR,2,ROAD,MINOR,10.0,20.0,PAVED,TwoWay,PAVED,4,40,NO ACCESS,N,1870.0,170.701954090141
CARYNDALE DR,01-Non intersection,09-Right shoulder,01-Clear,"08-Dark, artificial",MIDBLOCK,Saturday,September,1,CARYNDALE DR,2,ROAD,MINOR,10.0,20.0,PAVED,TwoWay,PAVED,4,50,NO ACCESS,N,1987.0,84.58224884760409
CARYNDALE DR,01-Non intersection,09-Right shoulder,01-Clear,"08-Dark, artificial",MIDBLOCK,Saturday,September,1,CARYNDALE DR,2,ROAD,MINOR,10.0,20.0,PAVED,TwoWay,PAVED,4,40,NO ACCESS,N,1966.0,183.044447823278
CARYNDALE DR,01-Non intersection,02-Thru lane,01-Clear,07-Dark,MIDBLOCK,Sunday,June,1,CARYNDALE DR,2,ROAD,MINOR,10.0,20.0,PAVED,TwoWay,PAVED,4,40,NO ACCESS,N,1870.0,170.701954090141
CARYNDALE DR,01-Non intersection,02-Thru lane,01-Clear,07-Dark,MIDBLOCK,Sunday,June,1,CARYNDALE DR,2,ROAD,MINOR,10.0,20.0,PAVED,TwoWay,PAVED,4,50,NO ACCESS,N,1987.0,84.58224884760409
CARYNDALE DR,01-Non intersection,02-Thru lane,01-Clear,07-Dark,MIDBLOCK,Sunday,June,1,CARYNDALE DR,2,ROAD,MINOR,10.0,20.0,PAVED,TwoWay,PAVED,4,40,NO ACCESS,N,1966.0,183.044447823278
CARYNDALE DR,01-Non intersection,08-Left shoulder,01-Clear,01-Daylight,MIDBLOCK,Monday,July,0,CARYNDALE DR,2,ROAD,MINOR,10.0,20.0,PAVED,TwoWay,PAVED,4,40,NO ACCESS,N,1870.0,170.701954090141
CARYNDALE DR,01-Non intersection,08-Left shoulder,01-Clear,01-Daylight,MIDBLOCK,Monday,July,0,CARYNDALE DR,2,ROAD,MINOR,10.0,20.0,PAVED,TwoWay,PAVED,4,50,NO ACCESS,N,1987.0,84.58224884760409
CARYNDALE DR,01-Non intersection,08-Left shoulder,01-Clear,01-Daylight,MIDBLOCK,Monday,July,0,CARYNDALE DR,2,ROAD,MINOR,10.0,20.0,PAVED,TwoWay,PAVED,4,40,NO ACCESS,N,1966.0,183.044447823278
CARYNDALE DR,01-Non intersection,11-Not on roadway - right side,02-Rain,07-Dark,MIDBLOCK,Saturday,January,1,CARYNDALE DR,2,ROAD,MINOR,10.0,20.0,PAVED,TwoWay,PAVED,4,40,NO ACCESS,N,1870.0,170.701954090141
CARYNDALE DR,01-Non intersection,11-Not on roadway - right side,02-Rain,07-Dark,MIDBLOCK,Saturday,January,1,CARYNDALE DR,2,ROAD,MINOR,10.0,20.0,PAVED,TwoWay,PAVED,4,50,NO ACCESS,N,1987.0,84.58224884760409
CARYNDALE DR,01-Non intersection,11-Not on roadway - right side,02-Rain,07-Dark,MIDBLOCK,Saturday,January,1,CARYNDALE DR,2,ROAD,MINOR,10.0,20.0,PAVED,TwoWay,PAVED,4,40,NO ACCESS,N,1966.0,183.044447823278
CARYNDALE DR,04-At/near private drive,02-Thru lane,01-Clear,01-Daylight,MIDBLOCK,Friday,April,0,CARYNDALE DR,2,ROAD,MINOR,10.0,20.0,PAVED,TwoWay,PAVED,4,40,NO ACCESS,N,1870.0,170.701954090141
CARYNDALE DR,04-At/near private drive,02-Thru lane,01-Clear,01-Daylight,MIDBLOCK,Friday,April,0,CARYNDALE DR,2,ROAD,MINOR,10.0,20.0,PAVED,TwoWay,PAVED,4,50,NO ACCESS,N,1987.0,84.58224884760409
CARYNDALE DR,04-At/near private drive,02-Thru lane,01-Clear,01-Daylight,MIDBLOCK,Friday,April,0,CARYNDALE DR,2,ROAD,MINOR,10.0,20.0,PAVED,TwoWay,PAVED,4,40,NO ACCESS,N,1966.0,183.044447823278
STANMORE AVE,04-At/near private drive,11-Not on roadway - right side,02-Rain,07-Dark,MIDBLOCK,Wednesday,May,0,STANMORE AVE,2,ROAD,LOCAL,9.0,20.0,PAVED,TwoWay,PAVED,6,50,NO ACCESS,N,1995.0,84.3659537903393
STANMORE AVE,04-At/near private drive,11-Not on roadway - right side,02-Rain,07-Dark,MIDBLOCK,Wednesday,May,0,STANMORE AVE,2,ROAD,LOCAL,9.0,20.0,PAVED,TwoWay,PAVED,6,50,NO ACCESS,N,1995.0,289.945051565052
THERESA ST,04-At/near private drive,11-Not on roadway - right side,01-Clear,01-Daylight,MIDBLOCK,Sunday,May,1,THERESA ST,1,ROAD,LOCAL,8.0,13.0,PAVED,FromTo,PAVED,6,50,NO ACCESS,N,2005.0,272.584269860703
THERESA ST,04-At/near private drive,02-Thru lane,01-Clear,"08-Dark, artificial",MIDBLOCK,Sunday,October,1,THERESA ST,1,ROAD,LOCAL,8.0,13.0,PAVED,FromTo,PAVED,6,50,NO ACCESS,N,2005.0,272.584269860703
SADDLEWOOD DR,04-At/near private drive,10-Not on roadway - left side,01-Clear,01-Daylight,MIDBLOCK,Tuesday,August,0,SADDLEWOOD DR,2,ROAD,LOCAL,8.0,18.0,PAVED,TwoWay,PAVED,6,50,NO ACCESS,N,1998.0,142.57943286111401
SADDLEWOOD DR,04-At/near private drive,10-Not on roadway - left side,01-Clear,01-Daylight,MIDBLOCK,Tuesday,August,0,SADDLEWOOD DR,2,ROAD,LOCAL,8.0,18.0,PAVED,TwoWay,PAVED,6,50,NO ACCESS,N,1998.0,134.034046859998
SADDLEWOOD DR,04-At/near private drive,02-Thru lane,01-Clear,01-Daylight,MIDBLOCK,Monday,July,0,SADDLEWOOD DR,2,ROAD,LOCAL,8.0,18.0,PAVED,TwoWay,PAVED,6,50,NO ACCESS,N,1998.0,142.57943286111401
SADDLEWOOD DR,04-At/near private drive,02-Thru lane,01-Clear,01-Daylight,MIDBLOCK,Monday,July,0,SADDLEWOOD DR,2,ROAD,LOCAL,8.0,18.0,PAVED,TwoWay,PAVED,6,50,NO ACCESS,N,1998.0,134.034046859998
SADDLEWOOD DR,01-Non intersection,09-Right shoulder,01-Clear,"08-Dark, artificial",MIDBLOCK,Saturday,March,1,SADDLEWOOD DR,2,ROAD,LOCAL,8.0,18.0,PAVED,TwoWay,PAVED,6,50,NO ACCESS,N,1998.0,142.57943286111401
SADDLEWOOD DR,01-Non intersection,09-Right shoulder,01-Clear,"08-Dark, artificial",MIDBLOCK,Saturday,March,1,SADDLEWOOD DR,2,ROAD,LOCAL,8.0,18.0,PAVED,TwoWay,PAVED,6,50,NO ACCESS,N,1998.0,134.034046859998
SADDLEWOOD DR,01-Non intersection,09-Right shoulder,01-Clear,01-Daylight,MIDBLOCK,Wednesday,February,0,SADDLEWOOD DR,2,ROAD,LOCAL,8.0,18.0,PAVED,TwoWay,PAVED,6,50,NO ACCESS,N,1998.0,142.57943286111401
SADDLEWOOD DR,01-Non intersection,09-Right shoulder,01-Clear,01-Daylight,MIDBLOCK,Wednesday,February,0,SADDLEWOOD DR,2,ROAD,LOCAL,8.0,18.0,PAVED,TwoWay,PAVED,6,50,NO ACCESS,N,1998.0,134.034046859998
COURTLAND AVE W,04-At/near private drive,02-Thru lane,01-Clear,01-Daylight,MIDBLOCK,Sunday,February,1,COURTLAND AVE W,2,ROAD,LOCAL,8.0,21.0,PAVED,TwoWay,PAVED,2,50,NO ACCESS,N,2000.0,137.59224393648
COURTLAND AVE W,01-Non intersection,02-Thru lane,01-Clear,01-Daylight,MIDBLOCK,Thursday,July,0,COURTLAND AVE W,2,ROAD,LOCAL,8.0,21.0,PAVED,TwoWay,PAVED,2,50,NO ACCESS,N,2000.0,137.59224393648
BREMBEL CRES,01-Non intersection,11-Not on roadway - right side,02-Rain,07-Dark,MIDBLOCK,Friday,November,0,BREMBEL CRES,2,ROAD,LOCAL,10.0,16.0,PAVED,TwoWay,PAVED,6,50,NO ACCESS,N,1997.0,206.071157962365
BURNABY CRES,04-At/near private drive,09-Right shoulder,01-Clear,01-Daylight,MIDBLOCK,Friday,September,0,BURNABY CRES,2,ROAD,LOCAL,7.0,16.0,PAVED,TwoWay,PAVED,6,50,NO ACCESS,N,1988.0,347.58201022141196
AUTUMN HILL CRES,04-At/near private drive,11-Not on roadway - right side,01-Clear,01-Daylight,MIDBLOCK,Tuesday,March,0,AUTUMN HILL CRES,2,ROAD,LOCAL,8.0,20.0,PAVED,TwoWay,PAVED,6,50,NO ACCESS,N,2007.0,133.98290786176
AUTUMN HILL CRES,04-At/near private drive,11-Not on roadway - right side,01-Clear,01-Daylight,MIDBLOCK,Tuesday,March,0,AUTUMN HILL CRES,2,ROAD,LOCAL,8.0,20.0,PAVED,TwoWay,PAVED,6,50,NO ACCESS,N,2007.0,239.070588630489
AUTUMN HILL CRES,04-At/near private drive,11-Not on roadway - right side,01-Clear,01-Daylight,MIDBLOCK,Tuesday,March,0,AUTUMN HILL CRES,2,ROAD,LOCAL,8.0,20.0,PAVED,TwoWay,PAVED,6,50,NO ACCESS,N,2007.0,169.95320501330798
AUTUMN HILL CRES,04-At/near private drive,11-Not on roadway - right side,01-Clear,01-Daylight,MIDBLOCK,Tuesday,March,0,AUTUMN HILL CRES,2,ROAD,LOCAL,8.0,20.0,PAVED,TwoWay,PAVED,6,50,NO ACCESS,N,2007.0,431.448141175292
AUTUMN HILL CRES,04-At/near private drive,02-Thru lane,01-Clear,01-Daylight,MIDBLOCK,Wednesday,November,0,AUTUMN HILL CRES,2,ROAD,LOCAL,8.0,20.0,PAVED,TwoWay,PAVED,6,50,NO ACCESS,N,2007.0,133.98290786176
AUTUMN HILL CRES,04-At/near private drive,02-Thru lane,01-Clear,01-Daylight,MIDBLOCK,Wednesday,November,0,AUTUMN HILL CRES,2,ROAD,LOCAL,8.0,20.0,PAVED,TwoWay,PAVED,6,50,NO ACCESS,N,2007.0,239.070588630489
AUTUMN HILL CRES,04-At/near private drive,02-Thru lane,01-Clear,01-Daylight,MIDBLOCK,Wednesday,November,0,AUTUMN HILL CRES,2,ROAD,LOCAL,8.0,20.0,PAVED,TwoWay,PAVED,6,50,NO ACCESS,N,2007.0,169.95320501330798
AUTUMN HILL CRES,04-At/near private drive,02-Thru lane,01-Clear,01-Daylight,MIDBLOCK,Wednesday,November,0,AUTUMN HILL CRES,2,ROAD,LOCAL,8.0,20.0,PAVED,TwoWay,PAVED,6,50,NO ACCESS,N,2007.0,431.448141175292
AUTUMN HILL CRES,01-Non intersection,02-Thru lane,01-Clear,01-Daylight,MIDBLOCK,Tuesday,January,0,AUTUMN HILL CRES,2,ROAD,LOCAL,8.0,20.0,PAVED,TwoWay,PAVED,6,50,NO ACCESS,N,2007.0,133.98290786176
AUTUMN HILL CRES,01-Non intersection,02-Thru lane,01-Clear,01-Daylight,MIDBLOCK,Tuesday,January,0,AUTUMN HILL CRES,2,ROAD,LOCAL,8.0,20.0,PAVED,TwoWay,PAVED,6,50,NO ACCESS,N,2007.0,239.070588630489
AUTUMN HILL CRES,01-Non intersection,02-Thru lane,01-Clear,01-Daylight,MIDBLOCK,Tuesday,January,0,AUTUMN HILL CRES,2,ROAD,LOCAL,8.0,20.0,PAVED,TwoWay,PAVED,6,50,NO ACCESS,N,2007.0,169.95320501330798
AUTUMN HILL CRES,01-Non intersection,02-Thru lane,01-Clear,01-Daylight,MIDBLOCK,Tuesday,January,0,AUTUMN HILL CRES,2,ROAD,LOCAL,8.0,20.0,PAVED,TwoWay,PAVED,6,50,NO ACCESS,N,2007.0,431.448141175292
AUTUMN HILL CRES,99-Other,12-Off highway,01-Clear,01-Daylight,MIDBLOCK,Wednesday,February,0,AUTUMN HILL CRES,2,ROAD,LOCAL,8.0,20.0,PAVED,TwoWay,PAVED,6,50,NO ACCESS,N,2007.0,133.98290786176
AUTUMN HILL CRES,99-Other,12-Off highway,01-Clear,01-Daylight,MIDBLOCK,Wednesday,February,0,AUTUMN HILL CRES,2,ROAD,LOCAL,8.0,20.0,PAVED,TwoWay,PAVED,6,50,NO ACCESS,N,2007.0,239.070588630489
AUTUMN HILL CRES,99-Other,12-Off highway,01-Clear,01-Daylight,MIDBLOCK,Wednesday,February,0,AUTUMN HILL CRES,2,ROAD,LOCAL,8.0,20.0,PAVED,TwoWay,PAVED,6,50,NO ACCESS,N,2007.0,169.95320501330798
AUTUMN HILL CRES,99-Other,12-Off highway,01-Clear,01-Daylight,MIDBLOCK,Wednesday,February,0,AUTUMN HILL CRES,2,ROAD,LOCAL,8.0,20.0,PAVED,TwoWay,PAVED,6,50,NO ACCESS,N,2007.0,431.448141175292
AUTUMN HILL CRES,04-At/near private drive,02-Thru lane,01-Clear,01-Daylight,MIDBLOCK,Monday,April,0,AUTUMN HILL CRES,2,ROAD,LOCAL,8.0,20.0,PAVED,TwoWay,PAVED,6,50,NO ACCESS,N,2007.0,133.98290786176
AUTUMN HILL CRES,04-At/near private drive,02-Thru lane,01-Clear,01-Daylight,MIDBLOCK,Monday,April,0,AUTUMN HILL CRES,2,ROAD,LOCAL,8.0,20.0,PAVED,TwoWay,PAVED,6,50,NO ACCESS,N,2007.0,239.070588630489
AUTUMN HILL CRES,04-At/near private drive,02-Thru lane,01-Clear,01-Daylight,MIDBLOCK,Monday,April,0,AUTUMN HILL CRES,2,ROAD,LOCAL,8.0,20.0,PAVED,TwoWay,PAVED,6,50,NO ACCESS,N,2007.0,169.95320501330798
AUTUMN HILL CRES,04-At/near private drive,02-Thru lane,01-Clear,01-Daylight,MIDBLOCK,Monday,April,0,AUTUMN HILL CRES,2,ROAD,LOCAL,8.0,20.0,PAVED,TwoWay,PAVED,6,50,NO ACCESS,N,2007.0,431.448141175292
AUTUMN HILL CRES,04-At/near private drive,02-Thru lane,03-Snow,"06-Dusk, artificial",MIDBLOCK,Monday,January,0,AUTUMN HILL CRES,2,ROAD,LOCAL,8.0,20.0,PAVED,TwoWay,PAVED,6,50,NO ACCESS,N,2007.0,133.98290786176
AUTUMN HILL CRES,04-At/near private drive,02-Thru lane,03-Snow,"06-Dusk, artificial",MIDBLOCK,Monday,January,0,AUTUMN HILL CRES,2,ROAD,LOCAL,8.0,20.0,PAVED,TwoWay,PAVED,6,50,NO ACCESS,N,2007.0,239.070588630489
AUTUMN HILL CRES,04-At/near private drive,02-Thru lane,03-Snow,"06-Dusk, artificial",MIDBLOCK,Monday,January,0,AUTUMN HILL CRES,2,ROAD,LOCAL,8.0,20.0,PAVED,TwoWay,PAVED,6,50,NO ACCESS,N,2007.0,169.95320501330798
AUTUMN HILL CRES,04-At/near private drive,02-Thru lane,03-Snow,"06-Dusk, artificial",MIDBLOCK,Monday,January,0,AUTUMN HILL CRES,2,ROAD,LOCAL,8.0,20.0,PAVED,TwoWay,PAVED,6,50,NO ACCESS,N,2007.0,431.448141175292
AUTUMN HILL CRES,04-At/near private drive,02-Thru lane,01-Clear,01-Daylight,MIDBLOCK,Wednesday,September,0,AUTUMN HILL CRES,2,ROAD,LOCAL,8.0,20.0,PAVED,TwoWay,PAVED,6,50,NO ACCESS,N,2007.0,133.98290786176
AUTUMN HILL CRES,04-At/near private drive,02-Thru lane,01-Clear,01-Daylight,MIDBLOCK,Wednesday,September,0,AUTUMN HILL CRES,2,ROAD,LOCAL,8.0,20.0,PAVED,TwoWay,PAVED,6,50,NO ACCESS,N,2007.0,239.070588630489
AUTUMN HILL CRES,04-At/near private drive,02-Thru lane,01-Clear,01-Daylight,MIDBLOCK,Wednesday,September,0,AUTUMN HILL CRES,2,ROAD,LOCAL,8.0,20.0,PAVED,TwoWay,PAVED,6,50,NO ACCESS,N,2007.0,169.95320501330798
AUTUMN HILL CRES,04-At/near private drive,02-Thru lane,01-Clear,01-Daylight,MIDBLOCK,Wednesday,September,0,AUTUMN HILL CRES,2,ROAD,LOCAL,8.0,20.0,PAVED,TwoWay,PAVED,6,50,NO ACCESS,N,2007.0,431.448141175292
BOUND BROOK CRT,04-At/near private drive,02-Thru lane,01-Clear,01-Daylight,MIDBLOCK,Tuesday,July,0,BOUND BROOK CRT,1,BULB,LOCAL,8.0,16.0,PAVED,FromTo,PAVED,6,50,NO ACCESS,N,1985.0,121.75405397316601
BOUND BROOK CRT,04-At/near private drive,02-Thru lane,01-Clear,01-Daylight,MIDBLOCK,Tuesday,July,0,BOUND BROOK CRT,2,ROAD,LOCAL,8.0,16.0,PAVED,TwoWay,PAVED,6,50,NO ACCESS,N,1985.0,196.71702359858105
BOUND BROOK CRT,04-At/near private drive,11-Not on roadway - right side,01-Clear,01-Daylight,MIDBLOCK,Saturday,May,1,BOUND BROOK CRT,1,BULB,LOCAL,8.0,16.0,PAVED,FromTo,PAVED,6,50,NO ACCESS,N,1985.0,121.75405397316601
BOUND BROOK CRT,04-At/near private drive,11-Not on roadway - right side,01-Clear,01-Daylight,MIDBLOCK,Saturday,May,1,BOUND BROOK CRT,2,ROAD,LOCAL,8.0,16.0,PAVED,TwoWay,PAVED,6,50,NO ACCESS,N,1985.0,196.71702359858105
BANKSIDE CRES,04-At/near private drive,09-Right shoulder,01-Clear,03-Dawn,MIDBLOCK,Tuesday,July,0,BANKSIDE CRES,2,ROAD,LOCAL,8.0,16.0,PAVED,TwoWay,PAVED,6,50,NO ACCESS,N,1991.0,230.679418850406
SECORD AVE,04-At/near private drive,02-Thru lane,01-Clear,01-Daylight,MIDBLOCK,Saturday,July,1,SECORD AVE,2,ROAD,LOCAL,12.0,20.0,PAVED,TwoWay,PAVED,6,50,NO ACCESS,N,1960.0,466.961241547361
SECORD AVE,01-Non intersection,02-Thru lane,03-Snow,01-Daylight,MIDBLOCK,Friday,November,0,SECORD AVE,2,ROAD,LOCAL,12.0,20.0,PAVED,TwoWay,PAVED,6,50,NO ACCESS,N,1960.0,466.961241547361
SECORD AVE,04-At/near private drive,02-Thru lane,02-Rain,"08-Dark, artificial",MIDBLOCK,Sunday,December,1,SECORD AVE,2,ROAD,LOCAL,12.0,20.0,PAVED,TwoWay,PAVED,6,50,NO ACCESS,N,1960.0,466.961241547361
GRASSWOOD ST,04-At/near private drive,02-Thru lane,01-Clear,01-Daylight,MIDBLOCK,Wednesday,November,0,GRASSWOOD ST,2,ROAD,LOCAL,8.0,16.0,PAVED,TwoWay,PAVED,6,50,NO ACCESS,N,2006.0,223.37328498658505