LOCATION,ACCIDENT_LOCATION,IMPACT_LOCATION,ENVIRONMENT_CONDITION,LIGHT,COLLISION_TYPE,DAY_OF_WEEK,MONTH,IS_WEEKEND,STREET,LANES,CATEGORY,SUBCATEGORY,PAVEMENT_WIDTH,ROW_WIDTH,SHOULDER,FLOW_DIRECTION,SURFACE_LAYER_TYPE,OFFICIAL_ROAD_CLASSIFICATION,SPEED_LIMIT_KM,TRUCK_ACCESS,BUS_ROUTE,SERVICE_YEAR,Shape__Length
BUTTONWOOD DR,04-At/near private drive,11-Not on roadway - right side,01-Clear,01-Daylight,MIDBLOCK,Monday,December,0,BUTTONWOOD DR,2,ROAD,LOCAL,9.0,20.0,PAVED,TwoWay,PAVED,6,50,NO ACCESS,N,1959.0,349.632801594785
BUTTONWOOD DR,04-At/near private drive,02-Thru lane,01-Clear,01-Daylight,MIDBLOCK,Friday,September,0,BUTTONWOOD DR,2,ROAD,LOCAL,9.0,20.0,PAVED,TwoWay,PAVED,6,50,NO ACCESS,N,1959.0,349.632801594785
FAIRVIEW AVE,04-At/near private drive,08-Left shoulder,02-Rain,"08-Dark, artificial",MIDBLOCK,Sunday,October,1,FAIRVIEW AVE,2,ROAD,LOCAL,7.0,15.0,PAVED,TwoWay,PAVED,6,50,NO ACCESS,N,1997.0,277.06769422671397
FAIRVIEW AVE,01-Non intersection,09-Right shoulder,01-Clear,01-Daylight,MIDBLOCK,Friday,September,0,FAIRVIEW AVE,2,ROAD,LOCAL,7.0,15.0,PAVED,TwoWay,PAVED,6,50,NO ACCESS,N,1997.0,277.06769422671397
FAIRVIEW AVE,04-At/near private drive,09-Right shoulder,01-Clear,01-Daylight,MIDBLOCK,Sunday,September,1,FAIRVIEW AVE,2,ROAD,LOCAL,7.0,15.0,PAVED,TwoWay,PAVED,6,50,NO ACCESS,N,1997.0,277.06769422671397
GLEN AVON CRES,01-Non intersection,02-Thru lane,01-Clear,01-Daylight,MIDBLOCK,Sunday,July,1,GLEN AVON CRES,2,ROAD,LOCAL,9.0,20.0,PAVED,TwoWay,PAVED,6,50,NO ACCESS,N,1970.0,392.988524693062
GLEN AVON CRES,01-Non intersection,02-Thru lane,01-Clear,01-Daylight,MIDBLOCK,Friday,November,0,GLEN AVON CRES,2,ROAD,LOCAL,9.0,20.0,PAVED,TwoWay,PAVED,6,50,NO ACCESS,N,1970.0,392.988524693062
RUSKVIEW RD,01-Non intersection,10-Not on roadway - left side,01-Clear,"08-Dark, artificial",MIDBLOCK,Friday,May,0,RUSKVIEW RD,2,ROAD,LOCAL,9.0,20.0,PAVED,TwoWay,PAVED,6,50,NO ACCESS,N,1964.0,373.3957367464469
RUSKVIEW RD,01-Non intersection,10-Not on roadway - left side,01-Clear,"08-Dark, artificial",MIDBLOCK,Friday,May,0,RUSKVIEW RD,2,ROAD,LOCAL,9.0,20.0,PAVED,TwoWay,PAVED,6,50,NO ACCESS,N,1963.0,324.741676967424
SABRINA CRES,04-At/near private drive,02-Thru lane,01-Clear,01-Daylight,MIDBLOCK,Saturday,June,1,SABRINA CRES,2,ROAD,LOCAL,8.0,15.0,PAVED,TwoWay,PAVED,6,50,NO ACCESS,N,1978.0,431.7929420917231
SABRINA CRES,04-At/near private drive,02-Thru lane,01-Clear,01-Daylight,MIDBLOCK,Wednesday,February,0,SABRINA CRES,2,ROAD,LOCAL,8.0,15.0,PAVED,TwoWay,PAVED,6,50,NO ACCESS,N,1978.0,431.7929420917231
SABRINA CRES,04-At/near private drive,02-Thru lane,01-Clear,01-Daylight,MIDBLOCK,Monday,April,0,SABRINA CRES,2,ROAD,LOCAL,8.0,15.0,PAVED,TwoWay,PAVED,6,50,NO ACCESS,N,1978.0,431.7929420917231
SHIRLEY DR,04-At/near private drive,11-Not on roadway - right side,01-Clear,"08-Dark, artificial",MIDBLOCK,Saturday,October,1,SHIRLEY DR,2,ROAD,MINOR,13.0,20.0,PAVED,TwoWay,PAVED,6,50,24HR,N,2006.0,336.535120529759
SHIRLEY DR,04-At/near private drive,11-Not on roadway - right side,01-Clear,"08-Dark, artificial",MIDBLOCK,Saturday,October,1,SHIRLEY DR,2,ROAD,MINOR,10.0,20.0,PAVED,TwoWay,PAVED,3,50,24HR,N,1988.0,269.225225053274
SHIRLEY DR,04-At/near private drive,11-Not on roadway - right side,01-Clear,"08-Dark, artificial",MIDBLOCK,Saturday,October,1,SHIRLEY DR,2,ROAD,MINOR,10.0,20.0,PAVED,TwoWay,PAVED,3,50,24HR,N,1988.0,263.285379073195
SHIRLEY DR,04-At/near private drive,11-Not on roadway - right side,01-Clear,"08-Dark, artificial",MIDBLOCK,Saturday,October,1,SHIRLEY DR,2,ROAD,MINOR,10.0,20.0,PAVED,TwoWay,PAVED,3,50,24HR,N,1988.0,256.694734747703
SHIRLEY DR,04-At/near private drive,11-Not on roadway - right side,01-Clear,"08-Dark, artificial",MIDBLOCK,Saturday,October,1,SHIRLEY DR,2,ROAD,MINOR,9.0,20.0,PAVED,TwoWay,PAVED,6,50,24HR,N,2006.0,254.98511689827598
SHIRLEY DR,04-At/near private drive,11-Not on roadway - right side,01-Clear,"08-Dark, artificial",MIDBLOCK,Saturday,October,1,SHIRLEY DR,2,ROAD,MINOR,9.0,20.0,PAVED,TwoWay,PAVED,3,50,24HR,N,1988.0,270.806951405609
SHIRLEY DR,04-At/near private drive,02-Thru lane,01-Clear,01-Daylight,MIDBLOCK,Monday,November,0,SHIRLEY DR,2,ROAD,MINOR,13.0,20.0,PAVED,TwoWay,PAVED,6,50,24HR,N,2006.0,336.535120529759
SHIRLEY DR,04-At/near private drive,02-Thru lane,01-Clear,01-Daylight,MIDBLOCK,Monday,November,0,SHIRLEY DR,2,ROAD,MINOR,10.0,20.0,PAVED,TwoWay,PAVED,3,50,24HR,N,1988.0,269.225225053274
SHIRLEY DR,04-At/near private drive,02-Thru lane,01-Clear,01-Daylight,MIDBLOCK,Monday,November,0,SHIRLEY DR,2,ROAD,MINOR,10.0,20.0,PAVED,TwoWay,PAVED,3,50,24HR,N,1988.0,263.285379073195
SHIRLEY DR,04-At/near private drive,02-Thru lane,01-Clear,01-Daylight,MIDBLOCK,Monday,November,0,SHIRLEY DR,2,ROAD,MINOR,10.0,20.0,PAVED,TwoWay,PAVED,3,50,24HR,N,1988.0,256.694734747703
SHIRLEY DR,04-At/near private drive,02-Thru lane,01-Clear,01-Daylight,MIDBLOCK,Monday,November,0,SHIRLEY DR,2,ROAD,MINOR,9.0,20.0,PAVED,TwoWay,PAVED,6,50,24HR,N,2006.0,254.98511689827598
SHIRLEY DR,04-At/near private drive,02-Thru lane,01-Clear,01-Daylight,MIDBLOCK,Monday,November,0,SHIRLEY DR,2,ROAD,MINOR,9.0,20.0,PAVED,TwoWay,PAVED,3,50,24HR,N,1988.0,270.806951405609
SHIRLEY DR,01-Non intersection,10-Not on roadway - left side,01-Clear,"08-Dark, artificial",MIDBLOCK,Friday,December,0,SHIRLEY DR,2,ROAD,MINOR,13.0,20.0,PAVED,TwoWay,PAVED,6,50,24HR,N,2006.0,336.535120529759
SHIRLEY DR,01-Non intersection,10-Not on roadway - left side,01-Clear,"08-Dark, artificial",MIDBLOCK,Friday,December,0,SHIRLEY DR,2,ROAD,MINOR,10.0,20.0,PAVED,TwoWay,PAVED,3,50,24HR,N,1988.0,269.225225053274
SHIRLEY DR,01-Non intersection,10-Not on roadway - left side,01-Clear,"08-Dark, artificial",MIDBLOCK,Friday,December,0,SHIRLEY DR,2,ROAD,MINOR,10.0,20.0,PAVED,TwoWay,PAVED,3,50,24HR,N,1988.0,263.285379073195
SHIRLEY DR,01-Non intersection,10-Not on roadway - left side,01-Clear,"08-Dark, artificial",MIDBLOCK,Friday,December,0,SHIRLEY DR,2,ROAD,MINOR,10.0,20.0,PAVED,TwoWay,PAVED,3,50,24HR,N,1988.0,256.694734747703
SHIRLEY DR,01-Non intersection,10-Not on roadway - left side,01-Clear,"08-Dark, artificial",MIDBLOCK,Friday,December,0,SHIRLEY DR,2,ROAD,MINOR,9.0,20.0,PAVED,TwoWay,PAVED,6,50,24HR,N,2006.0,254.98511689827598
SHIRLEY DR,01-Non intersection,10-Not on roadway - left side,01-Clear,"08-Dark, artificial",MIDBLOCK,Friday,December,0,SHIRLEY DR,2,ROAD,MINOR,9.0,20.0,PAVED,TwoWay,PAVED,3,50,24HR,N,1988.0,270.806951405609
WATER ST N,01-Non intersection,09-Right shoulder,02-Rain,01-Daylight,MIDBLOCK,Saturday,September,1,WATER ST N,2,ROAD,LOCAL,14.0,20.0,PAVED,TwoWay,PAVED,6,50,NO ACCESS,N,2006.0,81.3258279287326
WATER ST N,01-Non intersection,09-Right shoulder,02-Rain,01-Daylight,MIDBLOCK,Saturday,September,1,WATER ST N,2,ROAD,LOCAL,13.0,20.0,PAVED,TwoWay,PAVED,6,50,NO ACCESS,N,2006.0,149.093634299875
WATER ST N,01-Non intersection,09-Right shoulder,02-Rain,01-Daylight,MIDBLOCK,Saturday,September,1,WATER ST N,2,ROAD,LOCAL,14.0,20.0,PAVED,TwoWay,PAVED,6,50,NO ACCESS,N,2004.0,61.971498282083
WATER ST N,01-Non intersection,09-Right shoulder,02-Rain,01-Daylight,MIDBLOCK,Saturday,September,1,WATER ST N,2,ROAD,LOCAL,14.0,20.0,PAVED,TwoWay,PAVED,6,50,NO ACCESS,N,1854.0,113.80896728401599
WATER ST N,04-At/near private drive,02-Thru lane,01-Clear,01-Daylight,MIDBLOCK,Wednesday,November,0,WATER ST N,2,ROAD,LOCAL,14.0,20.0,PAVED,TwoWay,PAVED,6,50,NO ACCESS,N,2006.0,81.3258279287326
WATER ST N,04-At/near private drive,02-Thru lane,01-Clear,01-Daylight,MIDBLOCK,Wednesday,November,0,WATER ST N,2,ROAD,LOCAL,13.0,20.0,PAVED,TwoWay,PAVED,6,50,NO ACCESS,N,2006.0,149.093634299875
WATER ST N,04-At/near private drive,02-Thru lane,01-Clear,01-Daylight,MIDBLOCK,Wednesday,November,0,WATER ST N,2,ROAD,LOCAL,14.0,20.0,PAVED,TwoWay,PAVED,6,50,NO ACCESS,N,2004.0,61.971498282083
WATER ST N,04-At/near private drive,02-Thru lane,01-Clear,01-Daylight,MIDBLOCK,Wednesday,November,0,WATER ST N,2,ROAD,LOCAL,14.0,20.0,PAVED,TwoWay,PAVED,6,50,NO ACCESS,N,1854.0,113.80896728401599
WATER ST N,01-Non intersection,09-Right shoulder,03-Snow,01-Daylight,MIDBLOCK,Friday,January,0,WATER ST N,2,ROAD,LOCAL,14.0,20.0,PAVED,TwoWay,PAVED,6,50,NO ACCESS,N,2006.0,81.3258279287326
WATER ST N,01-Non intersection,09-Right shoulder,03-Snow,01-Daylight,MIDBLOCK,Friday,January,0,WATER ST N,2,ROAD,LOCAL,13.0,20.0,PAVED,TwoWay,PAVED,6,50,NO ACCESS,N,2006.0,149.093634299875
WATER ST N,01-Non intersection,09-Right shoulder,03-Snow,01-Daylight,MIDBLOCK,Friday,January,0,WATER ST N,2,ROAD,LOCAL,14.0,20.0,PAVED,TwoWay,PAVED,6,50,NO ACCESS,N,2004.0,61.971498282083
WATER ST N,01-Non intersection,09-Right shoulder,03-Snow,01-Daylight,MIDBLOCK,Friday,January,0,WATER ST N,2,ROAD,LOCAL,14.0,20.0,PAVED,TwoWay,PAVED,6,50,NO ACCESS,N,1854.0,113.80896728401599
WATER ST N,01-Non intersection,09-Right shoulder,01-Clear,01-Daylight,MIDBLOCK,Tuesday,January,0,WATER ST N,2,ROAD,LOCAL,14.0,20.0,PAVED,TwoWay,PAVED,6,50,NO ACCESS,N,2006.0,81.3258279287326
WATER ST N,01-Non intersection,09-Right shoulder,01-Clear,01-Daylight,MIDBLOCK,Tuesday,January,0,WATER ST N,2,ROAD,LOCAL,13.0,20.0,PAVED,TwoWay,PAVED,6,50,NO ACCESS,N,2006.0,149.093634299875
WATER ST N,01-Non intersection,09-Right shoulder,01-Clear,01-Daylight,MIDBLOCK,Tuesday,January,0,WATER ST N,2,ROAD,LOCAL,14.0,20.0,PAVED,TwoWay,PAVED,6,50,NO ACCESS,N,2004.0,61.971498282083
WATER ST N,01-Non intersection,09-Right shoulder,01-Clear,01-Daylight,MIDBLOCK,Tuesday,January,0,WATER ST N,2,ROAD,LOCAL,14.0,20.0,PAVED,TwoWay,PAVED,6,50,NO ACCESS,N,1854.0,113.80896728401599
WEXFORD CRES,99-Other,12-Off highway,01-Clear,"08-Dark, artificial",MIDBLOCK,Thursday,January,0,WEXFORD CRES,2,ROAD,LOCAL,9.0,20.0,PAVED,TwoWay,PAVED,6,50,NO ACCESS,N,1979.0,462.80836659691397
WEXFORD CRES,01-Non intersection,02-Thru lane,05-Drifting Snow,"08-Dark, artificial",MIDBLOCK,Saturday,February,1,WEXFORD CRES,2,ROAD,LOCAL,9.0,20.0,PAVED,TwoWay,PAVED,6,50,NO ACCESS,N,1979.0,462.80836659691397
WOOLNER TRAIL,01-Non intersection,09-Right shoulder,01-Clear,01-Daylight,MIDBLOCK,Friday,January,0,WOOLNER TRAIL,2,ROAD,LOCAL,6.0,12.0,PAVED,TwoWay,PAVED,6,50,NO ACCESS,N,1869.0,219.049654973029
WOOLNER TRAIL,01-Non intersection,09-Right shoulder,01-Clear,01-Daylight,MIDBLOCK,Friday,January,0,WOOLNER TRAIL,2,ROAD,LOCAL,6.0,12.0,PAVED,TwoWay,PAVED,6,50,NO ACCESS,N,1935.0,158.226840612062
WOOLNER TRAIL,01-Non intersection,09-Right shoulder,01-Clear,01-Daylight,MIDBLOCK,Friday,January,0,WOOLNER TRAIL,2,ROAD,LOCAL,6.0,12.0,PAVED,TwoWay,PAVED,6,50,NO ACCESS,N,1869.0,80.81060388333809
TILT DR,01-Non intersection,02-Thru lane,01-Clear,01-Daylight,MIDBLOCK,Saturday,December,1,TILT DR,2,ROAD,MINOR,7.0,13.0,PAVED,TwoWay,PAVED,7,50,NO ACCESS,N,1867.0,239.14883266892602
TILT DR,01-Non intersection,02-Thru lane,01-Clear,01-Daylight,MIDBLOCK,Saturday,December,1,TILT DR,2,ROAD,MINOR,7.0,16.0,GRAVEL,TwoWay,PAVED,7,50,NO ACCESS,N,1860.0,352.97017827292296
TILT DR,01-Non intersection,10-Not on roadway - left side,02-Rain,01-Daylight,MIDBLOCK,Monday,September,0,TILT DR,2,ROAD,MINOR,7.0,13.0,PAVED,TwoWay,PAVED,7,50,NO ACCESS,N,1867.0,239.14883266892602
TILT DR,01-Non intersection,10-Not on roadway - left side,02-Rain,01-Daylight,MIDBLOCK,Monday,September,0,TILT DR,2,ROAD,MINOR,7.0,16.0,GRAVEL,TwoWay,PAVED,7,50,NO ACCESS,N,1860.0,352.97017827292296
BRANDON AVE,04-At/near private drive,02-Thru lane,01-Clear,01-Daylight,MIDBLOCK,Friday,November,0,BRANDON AVE,2,ROAD,LOCAL,9.0,20.0,PAVED,TwoWay,PAVED,6,50,NO ACCESS,N,1955.0,92.7862516725544
BRANDON AVE,04-At/near private drive,02-Thru lane,01-Clear,01-Daylight,MIDBLOCK,Friday,November,0,BRANDON AVE,2,ROAD,LOCAL,9.0,20.0,PAVED,TwoWay,PAVED,6,50,NO ACCESS,N,1955.0,244.450400078186
BRANDON AVE,04-At/near private drive,02-Thru lane,01-Clear,01-Daylight,MIDBLOCK,Friday,November,0,BRANDON AVE,1,BULB,LOCAL,8.0,20.0,PAVED,FromTo,PAVED,6,50,NO ACCESS,N,1863.0,84.91061327097991
BRANDON AVE,04-At/near private drive,02-Thru lane,01-Clear,01-Daylight,MIDBLOCK,Friday,November,0,BRANDON AVE,2,ROAD,LOCAL,8.0,20.0,PAVED,TwoWay,PAVED,6,50,NO ACCESS,N,1955.0,49.542764760160395
BRANDON AVE,04-At/near private drive,02-Thru lane,01-Clear,01-Daylight,MIDBLOCK,Friday,November,0,BRANDON AVE,2,ROAD,LOCAL,8.0,20.0,PAVED,TwoWay,PAVED,6,50,NO ACCESS,N,1955.0,54.5673991043126
HENHOEFFER CRES,04-At/near private drive,02-Thru lane,01-Clear,01-Daylight,MIDBLOCK,Friday,November,0,HENHOEFFER CRES,2,ROAD,LOCAL,8.0,16.0,PAVED,TwoWay,PAVED,6,50,NO ACCESS,N,2005.0,81.59263438504941
HENHOEFFER CRES,04-At/near private drive,02-Thru lane,01-Clear,01-Daylight,MIDBLOCK,Friday,November,0,HENHOEFFER CRES,2,ROAD,LOCAL,8.0,16.0,PAVED,TwoWay,PAVED,6,50,NO ACCESS,N,2005.0,140.706978884562
HENHOEFFER CRES,04-At/near private drive,02-Thru lane,01-Clear,01-Daylight,MIDBLOCK,Friday,November,0,HENHOEFFER CRES,2,ROAD,LOCAL,8.0,16.0,PAVED,TwoWay,PAVED,6,50,NO ACCESS,N,2005.0,103.59301478936399
HENHOEFFER CRES,04-At/near private drive,02-Thru lane,01-Clear,01-Daylight,MIDBLOCK,Friday,November,0,HENHOEFFER CRES,2,ROAD,LOCAL,8.0,16.0,PAVED,TwoWay,PAVED,6,50,NO ACCESS,N,2005.0,117.93735086136499
HENHOEFFER CRES,04-At/near private drive,02-Thru lane,01-Clear,01-Daylight,MIDBLOCK,Sunday,October,1,HENHOEFFER CRES,2,ROAD,LOCAL,8.0,16.0,PAVED,TwoWay,PAVED,6,50,NO ACCESS,N,2005.0,81.59263438504941
HENHOEFFER CRES,04-At/near private drive,02-Thru lane,01-Clear,01-Daylight,MIDBLOCK,Sunday,October,1,HENHOEFFER CRES,2,ROAD,LOCAL,8.0,16.0,PAVED,TwoWay,PAVED,6,50,NO ACCESS,N,2005.0,140.706978884562
HENHOEFFER CRES,04-At/near private drive,02-Thru lane,01-Clear,01-Daylight,MIDBLOCK,Sunday,October,1,HENHOEFFER CRES,2,ROAD,LOCAL,8.0,16.0,PAVED,TwoWay,PAVED,6,50,NO ACCESS,N,2005.0,103.59301478936399
HENHOEFFER CRES,04-At/near private drive,02-Thru lane,01-Clear,01-Daylight,MIDBLOCK,Sunday,October,1,HENHOEFFER CRES,2,ROAD,LOCAL,8.0,16.0,PAVED,TwoWay,PAVED,6,50,NO ACCESS,N,2005.0,117.93735086136499
HENHOEFFER CRES,04-At/near private drive,02-Thru lane,01-Clear,"08-Dark, artificial",MIDBLOCK,Saturday,January,1,HENHOEFFER CRES,2,ROAD,LOCAL,8.0,16.0,PAVED,TwoWay,PAVED,6,50,NO ACCESS,N,2005.0,81.59263438504941
HENHOEFFER CRES,04-At/near private drive,02-Thru lane,01-Clear,"08-Dark, artificial",MIDBLOCK,Saturday,January,1,HENHOEFFER CRES,2,ROAD,LOCAL,8.0,16.0,PAVED,TwoWay,PAVED,6,50,NO ACCESS,N,2005.0,140.706978884562
HENHOEFFER CRES,04-At/near private drive,02-Thru lane,01-Clear,"08-Dark, artificial",MIDBLOCK,Saturday,January,1,HENHOEFFER CRES,2,ROAD,LOCAL,8.0,16.0,PAVED,TwoWay,PAVED,6,50,NO ACCESS,N,2005.0,103.59301478936399
HENHOEFFER CRES,04-At/near private drive,02-Thru lane,01-Clear,"08-Dark, artificial",MIDBLOCK,Saturday,January,1,HENHOEFFER CRES,2,ROAD,LOCAL,8.0,16.0,PAVED,TwoWay,PAVED,6,50,NO ACCESS,N,2005.0,117.93735086136499
LAURENTIAN DR,01-Non intersection,02-Thru lane,01-Clear,01-Daylight,MIDBLOCK,Friday,November,0,LAURENTIAN DR,2,ROAD,MINOR,10.0,20.0,PAVED,TwoWay,PAVED,4,50,NO ACCESS,N,1968.0,103.931184178337
LAURENTIAN DR,01-Non intersection,02-Thru lane,01-Clear,01-Daylight,MIDBLOCK,Friday,November,0,LAURENTIAN DR,2,ROAD,MINOR,10.0,20.0,PAVED,TwoWay,PAVED,4,50,NO ACCESS,N,1968.0,183.433533563862
LAURENTIAN DR,01-Non intersection,02-Thru lane,01-Clear,01-Daylight,MIDBLOCK,Friday,November,0,LAURENTIAN DR,2,ROAD,MINOR,10.0,20.0,PAVED,TwoWay,PAVED,4,40,NO ACCESS,N,1968.0,96.8010793693787
LAURENTIAN DR,01-Non intersection,02-Thru lane,01-Clear,01-Daylight,MIDBLOCK,Friday,November,0,LAURENTIAN DR,2,ROAD,MINOR,10.0,20.0,PAVED,TwoWay,PAVED,4,50,NO ACCESS,Y,1974.0,69.9466039004888
LAURENTIAN DR,01-Non intersection,02-Thru lane,01-Clear,01-Daylight,MIDBLOCK,Friday,November,0,LAURENTIAN DR,2,ROAD,MINOR,10.0,20.0,PAVED,TwoWay,PAVED,4,50,NO ACCESS,Y,1974.0,72.7705352724648
LAURENTIAN DR,01-Non intersection,02-Thru lane,01-Clear,01-Daylight,MIDBLOCK,Friday,November,0,LAURENTIAN DR,2,ROAD,MINOR,10.0,20.0,PAVED,TwoWay,PAVED,4,50,NO ACCESS,N,1968.0,236.094234251355
LAURENTIAN DR,01-Non intersection,02-Thru lane,01-Clear,01-Daylight,MIDBLOCK,Friday,November,0,LAURENTIAN DR,2,ROAD,MINOR,10.0,20.0,PAVED,TwoWay,PAVED,4,50,NO ACCESS,Y,1974.0,86.9514548026632
LAURENTIAN DR,01-Non intersection,02-Thru lane,01-Clear,01-Daylight,MIDBLOCK,Friday,November,0,LAURENTIAN DR,2,ROAD,MINOR,10.0,20.0,PAVED,TwoWay,PAVED,4,50,NO ACCESS,N,1968.0,180.856946346273
LAURENTIAN DR,01-Non intersection,02-Thru lane,01-Clear,01-Daylight,MIDBLOCK,Friday,November,0,LAURENTIAN DR,2,ROAD,MINOR,10.0,20.0,PAVED,TwoWay,PAVED,4,50,NO ACCESS,Y,1974.0,41.0859402871366
LAURENTIAN DR,01-Non intersection,02-Thru lane,01-Clear,01-Daylight,MIDBLOCK,Friday,November,0,LAURENTIAN DR,2,ROAD,MINOR,15.0,31.0,PAVED,TwoWay,PAVED,4,50,NO ACCESS,N,1977.0,147.64744623532
LAURENTIAN DR,01-Non intersection,02-Thru lane,01-Clear,01-Daylight,MIDBLOCK,Friday,November,0,LAURENTIAN DR,2,ROAD,MINOR,10.0,20.0,PAVED,TwoWay,PAVED,4,50,NO ACCESS,Y,1974.0,173.965568139659
LAURENTIAN DR,01-Non intersection,09-Right shoulder,01-Clear,01-Daylight,MIDBLOCK,Thursday,June,0,LAURENTIAN DR,2,ROAD,MINOR,10.0,20.0,PAVED,TwoWay,PAVED,4,50,NO ACCESS,N,1968.0,103.931184178337
LAURENTIAN DR,01-Non intersection,09-Right shoulder,01-Clear,01-Daylight,MIDBLOCK,Thursday,June,0,LAURENTIAN DR,2,ROAD,MINOR,10.0,20.0,PAVED,TwoWay,PAVED,4,50,NO ACCESS,N,1968.0,183.433533563862
LAURENTIAN DR,01-Non intersection,09-Right shoulder,01-Clear,01-Daylight,MIDBLOCK,Thursday,June,0,LAURENTIAN DR,2,ROAD,MINOR,10.0,20.0,PAVED,TwoWay,PAVED,4,40,NO ACCESS,N,1968.0,96.8010793693787
LAURENTIAN DR,01-Non intersection,09-Right shoulder,01-Clear,01-Daylight,MIDBLOCK,Thursday,June,0,LAURENTIAN DR,2,ROAD,MINOR,10.0,20.0,PAVED,TwoWay,PAVED,4,50,NO ACCESS,Y,1974.0,69.9466039004888
LAURENTIAN DR,01-Non intersection,09-Right shoulder,01-Clear,01-Daylight,MIDBLOCK,Thursday,June,0,LAURENTIAN DR,2,ROAD,MINOR,10.0,20.0,PAVED,TwoWay,PAVED,4,50,NO ACCESS,Y,1974.0,72.7705352724648
LAURENTIAN DR,01-Non intersection,09-Right shoulder,01-Clear,01-Daylight,MIDBLOCK,Thursday,June,0,LAURENTIAN DR,2,ROAD,MINOR,10.0,20.0,PAVED,TwoWay,PAVED,4,50,NO ACCESS,N,1968.0,236.094234251355
LAURENTIAN DR,01-Non intersection,09-Right shoulder,01-Clear,01-Daylight,MIDBLOCK,Thursday,June,0,LAURENTIAN DR,2,ROAD,MINOR,10.0,20.0,PAVED,TwoWay,PAVED,4,50,NO ACCESS,Y,1974.0,86.9514548026632
LAURENTIAN DR,01-Non intersection,09-Right shoulder,01-Clear,01-Daylight,MIDBLOCK,Thursday,June,0,LAURENTIAN DR,2,ROAD,MINOR,10.0,20.0,PAVED,TwoWay,PAVED,4,50,NO ACCESS,N,1968.0,180.856946346273
LAURENTIAN DR,01-Non intersection,09-Right shoulder,01-Clear,01-Daylight,MIDBLOCK,Thursday,June,0,LAURENTIAN DR,2,ROAD,MINOR,10.0,20.0,PAVED,TwoWay,PAVED,4,50,NO ACCESS,Y,1974.0,41.0859402871366
LAURENTIAN DR,01-Non intersection,09-Right shoulder,01-Clear,01-Daylight,MIDBLOCK,Thursday,June,0,LAURENTIAN DR,2,ROAD,MINOR,15.0,31.0,PAVED,TwoWay,PAVED,4,50,NO ACCESS,N,1977.0,147.64744623532
LAURENTIAN DR,01-Non intersection,09-Right shoulder,01-Clear,01-Daylight,MIDBLOCK,Thursday,June,0,LAURENTIAN DR,2,ROAD,MINOR,10.0,20.0,PAVED,TwoWay,PAVED,4,50,NO ACCESS,Y,1974.0,173.965568139659
LOCUST ST,04-At/near private drive,02-Thru lane,02-Rain,01-Daylight,MIDBLOCK,Saturday,November,1,LOCUST ST,2,ROAD,LOCAL,9.0,19.0,PAVED,TwoWay,PAVED,6,50,NO ACCESS,N,2001.0,201.104040413581
MILLWOOD CRES,04-At/near private drive,02-Thru lane,01-Clear,01-Daylight,MIDBLOCK,Saturday,June,1,MILLWOOD CRES,2,ROAD,LOCAL,9.0,21.0,PAVED,TwoWay,PAVED,6,50,NO ACCESS,N,1976.0,124.104712415223
MILLWOOD CRES,04-At/near private drive,02-Thru lane,01-Clear,01-Daylight,MIDBLOCK,Saturday,June,1,MILLWOOD CRES,2,ROAD,LOCAL,9.0,20.0,PAVED,TwoWay,PAVED,6,50,NO ACCESS,N,1976.0,163.784519247577
MILLWOOD CRES,04-At/near private drive,02-Thru lane,01-Clear,01-Daylight,MIDBLOCK,Saturday,June,1,MILLWOOD CRES,2,ROAD,LOCAL,9.0,20.0,PAVED,TwoWay,PAVED,6,50,NO ACCESS,N,1976.0,81.85643164746641
MILLWOOD CRES,04-At/near private drive,02-Thru lane,01-Clear,01-Daylight,MIDBLOCK,Saturday,June,1,MILLWOOD CRES,2,ROAD,LOCAL,9.0,20.0,PAVED,TwoWay,PAVED,6,50,NO ACCESS,N,1976.0,58.34314472625461
MILLWOOD CRES,04-At/near private drive,02-Thru lane,01-Clear,01-Daylight,MIDBLOCK,Saturday,June,1,MILLWOOD CRES,2,ROAD,LOCAL,9.0,20.0,PAVED,TwoWay,PAVED,6,50,NO ACCESS,N,1976.0,80.87858481776759
MILLWOOD CRES,04-At/near private drive,02-Thru lane,01-Clear,01-Daylight,MIDBLOCK,Saturday,June,1,MILLWOOD CRES,2,ROAD,LOCAL,9.0,20.0,PAVED,TwoWay,PAVED,6,50,NO ACCESS,N,1976.0,339.44836123294
MILLWOOD CRES,01-Non intersection,02-Thru lane,01-Clear,01-Daylight,MIDBLOCK,Tuesday,June,0,MILLWOOD CRES,2,ROAD,LOCAL,9.0,21.0,PAVED,TwoWay,PAVED,6,50,NO ACCESS,N,1976.0,124.104712415223
MILLWOOD CRES,01-Non intersection,02-Thru lane,01-Clear,01-Daylight,MIDBLOCK,Tuesday,June,0,MILLWOOD CRES,2,ROAD,LOCAL,9.0,20.0,PAVED,TwoWay,PAVED,6,50,NO ACCESS,N,1976.0,163.784519247577