LOCATION,ACCIDENT_LOCATION,IMPACT_LOCATION,ENVIRONMENT_CONDITION,LIGHT,COLLISION_TYPE,DAY_OF_WEEK,MONTH,IS_WEEKEND,STREET,LANES,CATEGORY,SUBCATEGORY,PAVEMENT_WIDTH,ROW_WIDTH,SHOULDER,FLOW_DIRECTION,SURFACE_LAYER_TYPE,OFFICIAL_ROAD_CLASSIFICATION,SPEED_LIMIT_KM,TRUCK_ACCESS,BUS_ROUTE,SERVICE_YEAR,Shape__Length
MILLWOOD CRES,01-Non intersection,02-Thru lane,01-Clear,01-Daylight,MIDBLOCK,Tuesday,June,0,MILLWOOD CRES,2,ROAD,LOCAL,9.0,20.0,PAVED,TwoWay,PAVED,6,50,NO ACCESS,N,1976.0,81.85643164746641
MILLWOOD CRES,01-Non intersection,02-Thru lane,01-Clear,01-Daylight,MIDBLOCK,Tuesday,June,0,MILLWOOD CRES,2,ROAD,LOCAL,9.0,20.0,PAVED,TwoWay,PAVED,6,50,NO ACCESS,N,1976.0,58.34314472625461
MILLWOOD CRES,01-Non intersection,02-Thru lane,01-Clear,01-Daylight,MIDBLOCK,Tuesday,June,0,MILLWOOD CRES,2,ROAD,LOCAL,9.0,20.0,PAVED,TwoWay,PAVED,6,50,NO ACCESS,N,1976.0,80.87858481776759
MILLWOOD CRES,01-Non intersection,02-Thru lane,01-Clear,01-Daylight,MIDBLOCK,Tuesday,June,0,MILLWOOD CRES,2,ROAD,LOCAL,9.0,20.0,PAVED,TwoWay,PAVED,6,50,NO ACCESS,N,1976.0,339.44836123294
ELLIS AVE,04-At/near private drive,02-Thru lane,01-Clear,01-Daylight,MIDBLOCK,Wednesday,June,0,ELLIS AVE,2,ROAD,LOCAL,9.0,20.0,PAVED,TwoWay,PAVED,6,50,NO ACCESS,N,1954.0,64.3404035669117
ELLIS AVE,04-At/near private drive,02-Thru lane,01-Clear,01-Daylight,MIDBLOCK,Wednesday,June,0,ELLIS AVE,2,ROAD,LOCAL,9.0,12.0,PAVED,TwoWay,PAVED,6,50,NO ACCESS,N,1861.0,192.0824473778049
ELLIS AVE,04-At/near private drive,02-Thru lane,01-Clear,01-Daylight,MIDBLOCK,Wednesday,June,0,ELLIS AVE,2,ROAD,LOCAL,9.0,17.0,PAVED,TwoWay,PAVED,6,50,NO ACCESS,N,1920.0,190.02769983893
ELLIS AVE,04-At/near private drive,02-Thru lane,03-Snow,01-Daylight,MIDBLOCK,Saturday,January,1,ELLIS AVE,2,ROAD,LOCAL,9.0,20.0,PAVED,TwoWay,PAVED,6,50,NO ACCESS,N,1954.0,64.3404035669117
ELLIS AVE,04-At/near private drive,02-Thru lane,03-Snow,01-Daylight,MIDBLOCK,Saturday,January,1,ELLIS AVE,2,ROAD,LOCAL,9.0,12.0,PAVED,TwoWay,PAVED,6,50,NO ACCESS,N,1861.0,192.0824473778049
ELLIS AVE,04-At/near private drive,02-Thru lane,03-Snow,01-Daylight,MIDBLOCK,Saturday,January,1,ELLIS AVE,2,ROAD,LOCAL,9.0,17.0,PAVED,TwoWay,PAVED,6,50,NO ACCESS,N,1920.0,190.02769983893
ELLIS AVE,04-At/near private drive,02-Thru lane,01-Clear,01-Daylight,MIDBLOCK,Tuesday,July,0,ELLIS AVE,2,ROAD,LOCAL,9.0,20.0,PAVED,TwoWay,PAVED,6,50,NO ACCESS,N,1954.0,64.3404035669117
ELLIS AVE,04-At/near private drive,02-Thru lane,01-Clear,01-Daylight,MIDBLOCK,Tuesday,July,0,ELLIS AVE,2,ROAD,LOCAL,9.0,12.0,PAVED,TwoWay,PAVED,6,50,NO ACCESS,N,1861.0,192.0824473778049
ELLIS AVE,04-At/near private drive,02-Thru lane,01-Clear,01-Daylight,MIDBLOCK,Tuesday,July,0,ELLIS AVE,2,ROAD,LOCAL,9.0,17.0,PAVED,TwoWay,PAVED,6,50,NO ACCESS,N,1920.0,190.02769983893
WALTON AVE,01-Non intersection,02-Thru lane,01-Clear,01-Daylight,MIDBLOCK,Friday,August,0,WALTON AVE,2,ROAD,MINOR,9.0,25.0,PAVED,TwoWay,PAVED,6,50,NO ACCESS,Y,2005.0,114.15770791603998
WALTON AVE,01-Non intersection,02-Thru lane,01-Clear,01-Daylight,MIDBLOCK,Friday,August,0,WALTON AVE,2,ROAD,MINOR,9.0,24.0,PAVED,TwoWay,PAVED,6,50,NO ACCESS,Y,2005.0,125.009938815373
VISTA CRES,04-At/near private drive,02-Thru lane,01-Clear,01-Daylight,MIDBLOCK,Friday,July,0,VISTA CRES,2,ROAD,LOCAL,9.0,20.0,PAVED,TwoWay,PAVED,6,50,NO ACCESS,N,1956.0,331.961050321424
FORFAR AVE,01-Non intersection,02-Thru lane,01-Clear,01-Daylight,MIDBLOCK,Sunday,May,1,FORFAR AVE,2,ROAD,LOCAL,9.0,20.0,PAVED,TwoWay,PAVED,6,50,NO ACCESS,N,2005.0,357.30810246545195
FORFAR AVE,01-Non intersection,02-Thru lane,01-Clear,01-Daylight,MIDBLOCK,Sunday,May,1,FORFAR AVE,2,ROAD,LOCAL,8.0,20.0,PAVED,TwoWay,PAVED,6,50,NO ACCESS,N,1982.0,308.79837829084704
FORFAR AVE,01-Non intersection,02-Thru lane,01-Clear,01-Daylight,MIDBLOCK,Sunday,May,1,FORFAR AVE,2,ROAD,LOCAL,8.0,20.0,PAVED,TwoWay,PAVED,6,50,NO ACCESS,N,1952.0,134.27781872208598
FORFAR AVE,04-At/near private drive,11-Not on roadway - right side,02-Rain,07-Dark,MIDBLOCK,Sunday,July,1,FORFAR AVE,2,ROAD,LOCAL,9.0,20.0,PAVED,TwoWay,PAVED,6,50,NO ACCESS,N,2005.0,357.30810246545195
FORFAR AVE,04-At/near private drive,11-Not on roadway - right side,02-Rain,07-Dark,MIDBLOCK,Sunday,July,1,FORFAR AVE,2,ROAD,LOCAL,8.0,20.0,PAVED,TwoWay,PAVED,6,50,NO ACCESS,N,1982.0,308.79837829084704
FORFAR AVE,04-At/near private drive,11-Not on roadway - right side,02-Rain,07-Dark,MIDBLOCK,Sunday,July,1,FORFAR AVE,2,ROAD,LOCAL,8.0,20.0,PAVED,TwoWay,PAVED,6,50,NO ACCESS,N,1952.0,134.27781872208598
FORFAR AVE,04-At/near private drive,09-Right shoulder,03-Snow,07-Dark,MIDBLOCK,Thursday,February,0,FORFAR AVE,2,ROAD,LOCAL,9.0,20.0,PAVED,TwoWay,PAVED,6,50,NO ACCESS,N,2005.0,357.30810246545195
FORFAR AVE,04-At/near private drive,09-Right shoulder,03-Snow,07-Dark,MIDBLOCK,Thursday,February,0,FORFAR AVE,2,ROAD,LOCAL,8.0,20.0,PAVED,TwoWay,PAVED,6,50,NO ACCESS,N,1982.0,308.79837829084704
FORFAR AVE,04-At/near private drive,09-Right shoulder,03-Snow,07-Dark,MIDBLOCK,Thursday,February,0,FORFAR AVE,2,ROAD,LOCAL,8.0,20.0,PAVED,TwoWay,PAVED,6,50,NO ACCESS,N,1952.0,134.27781872208598
FORFAR AVE,04-At/near private drive,02-Thru lane,01-Clear,01-Daylight,MIDBLOCK,Saturday,June,1,FORFAR AVE,2,ROAD,LOCAL,9.0,20.0,PAVED,TwoWay,PAVED,6,50,NO ACCESS,N,2005.0,357.30810246545195
FORFAR AVE,04-At/near private drive,02-Thru lane,01-Clear,01-Daylight,MIDBLOCK,Saturday,June,1,FORFAR AVE,2,ROAD,LOCAL,8.0,20.0,PAVED,TwoWay,PAVED,6,50,NO ACCESS,N,1982.0,308.79837829084704
FORFAR AVE,04-At/near private drive,02-Thru lane,01-Clear,01-Daylight,MIDBLOCK,Saturday,June,1,FORFAR AVE,2,ROAD,LOCAL,8.0,20.0,PAVED,TwoWay,PAVED,6,50,NO ACCESS,N,1952.0,134.27781872208598
FORFAR AVE,01-Non intersection,02-Thru lane,01-Clear,07-Dark,MIDBLOCK,Friday,February,0,FORFAR AVE,2,ROAD,LOCAL,9.0,20.0,PAVED,TwoWay,PAVED,6,50,NO ACCESS,N,2005.0,357.30810246545195
FORFAR AVE,01-Non intersection,02-Thru lane,01-Clear,07-Dark,MIDBLOCK,Friday,February,0,FORFAR AVE,2,ROAD,LOCAL,8.0,20.0,PAVED,TwoWay,PAVED,6,50,NO ACCESS,N,1982.0,308.79837829084704
FORFAR AVE,01-Non intersection,02-Thru lane,01-Clear,07-Dark,MIDBLOCK,Friday,February,0,FORFAR AVE,2,ROAD,LOCAL,8.0,20.0,PAVED,TwoWay,PAVED,6,50,NO ACCESS,N,1952.0,134.27781872208598
PATTANDON AVE,04-At/near private drive,02-Thru lane,03-Snow,01-Daylight,MIDBLOCK,Sunday,March,1,PATTANDON AVE,2,ROAD,LOCAL,9.0,20.0,PAVED,TwoWay,PAVED,6,50,NO ACCESS,N,1951.0,49.7796652000611
GENEVA CRES,01-Non intersection,02-Thru lane,01-Clear,01-Daylight,MIDBLOCK,Saturday,March,1,GENEVA CRES,2,ROAD,LOCAL,9.0,16.0,PAVED,TwoWay,PAVED,6,50,NO ACCESS,N,1971.0,358.922103355831
SOUTHILL DR,04-At/near private drive,02-Thru lane,02-Rain,01-Daylight,MIDBLOCK,Wednesday,July,0,SOUTHILL DR,2,ROAD,LOCAL,9.0,20.0,PAVED,TwoWay,PAVED,6,50,NO ACCESS,N,1962.0,410.201288379847
SOUTHILL DR,04-At/near private drive,09-Right shoulder,01-Clear,01-Daylight,MIDBLOCK,Thursday,December,0,SOUTHILL DR,2,ROAD,LOCAL,9.0,20.0,PAVED,TwoWay,PAVED,6,50,NO ACCESS,N,1962.0,410.201288379847
SOUTHILL DR,01-Non intersection,02-Thru lane,01-Clear,01-Daylight,MIDBLOCK,Tuesday,July,0,SOUTHILL DR,2,ROAD,LOCAL,9.0,20.0,PAVED,TwoWay,PAVED,6,50,NO ACCESS,N,1962.0,410.201288379847
LYNNHAVEN CRT,04-At/near private drive,10-Not on roadway - left side,04-Freezing Rain,01-Daylight,MIDBLOCK,Monday,February,0,LYNNHAVEN CRT,2,ROAD,LOCAL,12.0,16.0,PAVED,TwoWay,PAVED,6,50,NO ACCESS,N,1988.0,156.00744527042602
LYNNHAVEN CRT,04-At/near private drive,10-Not on roadway - left side,04-Freezing Rain,01-Daylight,MIDBLOCK,Monday,February,0,LYNNHAVEN CRT,1,BULB,LOCAL,12.0,40.0,PAVED,FromTo,PAVED,6,50,NO ACCESS,N,1988.0,73.18179967359079
LYNNHAVEN CRT,04-At/near private drive,02-Thru lane,01-Clear,07-Dark,MIDBLOCK,Monday,January,0,LYNNHAVEN CRT,2,ROAD,LOCAL,12.0,16.0,PAVED,TwoWay,PAVED,6,50,NO ACCESS,N,1988.0,156.00744527042602
LYNNHAVEN CRT,04-At/near private drive,02-Thru lane,01-Clear,07-Dark,MIDBLOCK,Monday,January,0,LYNNHAVEN CRT,1,BULB,LOCAL,12.0,40.0,PAVED,FromTo,PAVED,6,50,NO ACCESS,N,1988.0,73.18179967359079
DUNBAR RD,04-At/near private drive,02-Thru lane,01-Clear,01-Daylight,MIDBLOCK,Friday,June,0,DUNBAR RD,2,ROAD,LOCAL,7.0,20.0,PAVED,TwoWay,PAVED,6,50,NO ACCESS,N,1935.0,94.885375569675
DUNBAR RD,04-At/near private drive,02-Thru lane,01-Clear,01-Daylight,MIDBLOCK,Friday,June,0,DUNBAR RD,2,ROAD,LOCAL,7.0,20.0,PAVED,TwoWay,PAVED,6,50,NO ACCESS,N,1914.0,125.148523640903
DUNBAR RD,04-At/near private drive,02-Thru lane,01-Clear,01-Daylight,MIDBLOCK,Friday,June,0,DUNBAR RD,2,ROAD,LOCAL,8.0,20.0,PAVED,TwoWay,PAVED,6,50,NO ACCESS,N,1955.0,46.951171819565204
DUNBAR RD,04-At/near private drive,02-Thru lane,01-Clear,01-Daylight,MIDBLOCK,Friday,June,0,DUNBAR RD,2,ROAD,LOCAL,7.0,20.0,PAVED,TwoWay,PAVED,6,50,NO ACCESS,N,1955.0,86.09959308851629
DUNBAR RD,04-At/near private drive,02-Thru lane,01-Clear,01-Daylight,MIDBLOCK,Friday,June,0,DUNBAR RD,2,ROAD,LOCAL,7.0,20.0,PAVED,TwoWay,PAVED,6,50,NO ACCESS,N,2005.0,175.293075038177
DUNBAR RD,04-At/near private drive,02-Thru lane,01-Clear,01-Daylight,MIDBLOCK,Friday,June,0,DUNBAR RD,2,ROAD,LOCAL,7.0,58.0,PAVED,TwoWay,PAVED,4,50,NO ACCESS,N,1914.0,25.4722274669883
DUNBAR RD,04-At/near private drive,02-Thru lane,01-Clear,01-Daylight,MIDBLOCK,Friday,June,0,DUNBAR RD,2,ROAD,LOCAL,8.0,20.0,PAVED,TwoWay,PAVED,6,50,NO ACCESS,N,1955.0,110.464344490049
DUNBAR RD,04-At/near private drive,02-Thru lane,01-Clear,01-Daylight,MIDBLOCK,Friday,June,0,DUNBAR RD,2,ROAD,LOCAL,7.0,20.0,PAVED,TwoWay,PAVED,6,50,NO ACCESS,N,2005.0,175.069083201241
DUNBAR RD,01-Non intersection,02-Thru lane,01-Clear,01-Daylight,MIDBLOCK,Tuesday,February,0,DUNBAR RD,2,ROAD,LOCAL,7.0,20.0,PAVED,TwoWay,PAVED,6,50,NO ACCESS,N,1935.0,94.885375569675
DUNBAR RD,01-Non intersection,02-Thru lane,01-Clear,01-Daylight,MIDBLOCK,Tuesday,February,0,DUNBAR RD,2,ROAD,LOCAL,7.0,20.0,PAVED,TwoWay,PAVED,6,50,NO ACCESS,N,1914.0,125.148523640903
DUNBAR RD,01-Non intersection,02-Thru lane,01-Clear,01-Daylight,MIDBLOCK,Tuesday,February,0,DUNBAR RD,2,ROAD,LOCAL,8.0,20.0,PAVED,TwoWay,PAVED,6,50,NO ACCESS,N,1955.0,46.951171819565204
DUNBAR RD,01-Non intersection,02-Thru lane,01-Clear,01-Daylight,MIDBLOCK,Tuesday,February,0,DUNBAR RD,2,ROAD,LOCAL,7.0,20.0,PAVED,TwoWay,PAVED,6,50,NO ACCESS,N,1955.0,86.09959308851629
DUNBAR RD,01-Non intersection,02-Thru lane,01-Clear,01-Daylight,MIDBLOCK,Tuesday,February,0,DUNBAR RD,2,ROAD,LOCAL,7.0,20.0,PAVED,TwoWay,PAVED,6,50,NO ACCESS,N,2005.0,175.293075038177
DUNBAR RD,01-Non intersection,02-Thru lane,01-Clear,01-Daylight,MIDBLOCK,Tuesday,February,0,DUNBAR RD,2,ROAD,LOCAL,7.0,58.0,PAVED,TwoWay,PAVED,4,50,NO ACCESS,N,1914.0,25.4722274669883
DUNBAR RD,01-Non intersection,02-Thru lane,01-Clear,01-Daylight,MIDBLOCK,Tuesday,February,0,DUNBAR RD,2,ROAD,LOCAL,8.0,20.0,PAVED,TwoWay,PAVED,6,50,NO ACCESS,N,1955.0,110.464344490049
DUNBAR RD,01-Non intersection,02-Thru lane,01-Clear,01-Daylight,MIDBLOCK,Tuesday,February,0,DUNBAR RD,2,ROAD,LOCAL,7.0,20.0,PAVED,TwoWay,PAVED,6,50,NO ACCESS,N,2005.0,175.069083201241
BURGETZ AVE,01-Non intersection,02-Thru lane,01-Clear,01-Daylight,MIDBLOCK,Wednesday,July,0,BURGETZ AVE,2,ROAD,LOCAL,9.0,20.0,PAVED,TwoWay,PAVED,6,50,NO ACCESS,N,1858.0,185.572126177937
BURGETZ AVE,01-Non intersection,11-Not on roadway - right side,03-Snow,01-Daylight,MIDBLOCK,Wednesday,February,0,BURGETZ AVE,2,ROAD,LOCAL,9.0,20.0,PAVED,TwoWay,PAVED,6,50,NO ACCESS,N,1858.0,185.572126177937
MAUSSER AVE,01-Non intersection,02-Thru lane,01-Clear,01-Daylight,MIDBLOCK,Saturday,July,1,MAUSSER AVE,2,ROAD,LOCAL,9.0,20.0,PAVED,TwoWay,PAVED,6,50,NO ACCESS,N,1957.0,83.4184756900163
MAUSSER AVE,01-Non intersection,02-Thru lane,01-Clear,01-Daylight,MIDBLOCK,Saturday,July,1,MAUSSER AVE,2,ROAD,LOCAL,9.0,20.0,PAVED,TwoWay,PAVED,6,50,NO ACCESS,N,1925.0,132.082728663603
MAUSSER AVE,01-Non intersection,02-Thru lane,01-Clear,01-Daylight,MIDBLOCK,Saturday,July,1,MAUSSER AVE,2,ROAD,LOCAL,9.0,20.0,PAVED,TwoWay,PAVED,6,50,NO ACCESS,N,1957.0,164.02441490306
MAUSSER AVE,01-Non intersection,02-Thru lane,01-Clear,01-Daylight,MIDBLOCK,Saturday,July,1,MAUSSER AVE,1,BULB,LOCAL,9.0,20.0,PAVED,FromTo,PAVED,6,50,NO ACCESS,N,1925.0,64.096433254572
MAUSSER AVE,01-Non intersection,02-Thru lane,01-Clear,01-Daylight,MIDBLOCK,Saturday,July,1,MAUSSER AVE,2,ROAD,LOCAL,9.0,20.0,PAVED,TwoWay,PAVED,6,50,NO ACCESS,N,1950.0,230.215170829071
MAUSSER AVE,04-At/near private drive,02-Thru lane,01-Clear,01-Daylight,MIDBLOCK,Tuesday,November,0,MAUSSER AVE,2,ROAD,LOCAL,9.0,20.0,PAVED,TwoWay,PAVED,6,50,NO ACCESS,N,1957.0,83.4184756900163
MAUSSER AVE,04-At/near private drive,02-Thru lane,01-Clear,01-Daylight,MIDBLOCK,Tuesday,November,0,MAUSSER AVE,2,ROAD,LOCAL,9.0,20.0,PAVED,TwoWay,PAVED,6,50,NO ACCESS,N,1925.0,132.082728663603
MAUSSER AVE,04-At/near private drive,02-Thru lane,01-Clear,01-Daylight,MIDBLOCK,Tuesday,November,0,MAUSSER AVE,2,ROAD,LOCAL,9.0,20.0,PAVED,TwoWay,PAVED,6,50,NO ACCESS,N,1957.0,164.02441490306
MAUSSER AVE,04-At/near private drive,02-Thru lane,01-Clear,01-Daylight,MIDBLOCK,Tuesday,November,0,MAUSSER AVE,1,BULB,LOCAL,9.0,20.0,PAVED,FromTo,PAVED,6,50,NO ACCESS,N,1925.0,64.096433254572
MAUSSER AVE,04-At/near private drive,02-Thru lane,01-Clear,01-Daylight,MIDBLOCK,Tuesday,November,0,MAUSSER AVE,2,ROAD,LOCAL,9.0,20.0,PAVED,TwoWay,PAVED,6,50,NO ACCESS,N,1950.0,230.215170829071
MCINTYRE DR,04-At/near private drive,02-Thru lane,01-Clear,01-Daylight,MIDBLOCK,Monday,February,0,MCINTYRE DR,2,ROAD,LOCAL,10.0,20.0,PAVED,TwoWay,PAVED,6,50,NO ACCESS,Y,1963.0,289.185816226271
MCINTYRE DR,04-At/near private drive,02-Thru lane,01-Clear,01-Daylight,MIDBLOCK,Monday,February,0,MCINTYRE DR,2,ROAD,LOCAL,10.0,20.0,PAVED,TwoWay,PAVED,6,50,NO ACCESS,Y,1963.0,714.404011332991
MCINTYRE DR,01-Non intersection,09-Right shoulder,01-Clear,07-Dark,MIDBLOCK,Tuesday,December,0,MCINTYRE DR,2,ROAD,LOCAL,10.0,20.0,PAVED,TwoWay,PAVED,6,50,NO ACCESS,Y,1963.0,289.185816226271
MCINTYRE DR,01-Non intersection,09-Right shoulder,01-Clear,07-Dark,MIDBLOCK,Tuesday,December,0,MCINTYRE DR,2,ROAD,LOCAL,10.0,20.0,PAVED,TwoWay,PAVED,6,50,NO ACCESS,Y,1963.0,714.404011332991
MCINTYRE DR,04-At/near private drive,09-Right shoulder,04-Freezing Rain,07-Dark,MIDBLOCK,Monday,December,0,MCINTYRE DR,2,ROAD,LOCAL,10.0,20.0,PAVED,TwoWay,PAVED,6,50,NO ACCESS,Y,1963.0,289.185816226271
MCINTYRE DR,04-At/near private drive,09-Right shoulder,04-Freezing Rain,07-Dark,MIDBLOCK,Monday,December,0,MCINTYRE DR,2,ROAD,LOCAL,10.0,20.0,PAVED,TwoWay,PAVED,6,50,NO ACCESS,Y,1963.0,714.404011332991
OXFORD ST,01-Non intersection,02-Thru lane,01-Clear,01-Daylight,MIDBLOCK,Tuesday,August,0,OXFORD ST,2,ROAD,LOCAL,8.0,20.0,PAVED,TwoWay,PAVED,6,50,NO ACCESS,N,1947.0,309.588598373516
OXFORD ST,01-Non intersection,02-Thru lane,01-Clear,01-Daylight,MIDBLOCK,Tuesday,August,0,OXFORD ST,2,ROAD,LOCAL,9.0,20.0,PAVED,TwoWay,PAVED,6,50,NO ACCESS,N,1947.0,103.208476217375
OXFORD ST,01-Non intersection,02-Thru lane,01-Clear,01-Daylight,MIDBLOCK,Tuesday,August,0,OXFORD ST,2,ROAD,LOCAL,8.0,20.0,PAVED,TwoWay,PAVED,6,50,NO ACCESS,N,1947.0,86.6591267859719
OXFORD ST,01-Non intersection,02-Thru lane,01-Clear,01-Daylight,MIDBLOCK,Tuesday,August,0,OXFORD ST,2,ROAD,LOCAL,9.0,20.0,PAVED,TwoWay,PAVED,6,50,NO ACCESS,N,1926.0,190.78844153839
CAPRICE CRT,04-At/near private drive,12-Off highway,03-Snow,"08-Dark, artificial",MIDBLOCK,Thursday,December,0,CAPRICE CRT,1,BULB,LOCAL,9.0,16.0,PAVED,FromTo,PAVED,6,50,NO ACCESS,N,1988.0,91.34946382198048
CAPRICE CRT,04-At/near private drive,12-Off highway,03-Snow,"08-Dark, artificial",MIDBLOCK,Thursday,December,0,CAPRICE CRT,2,ROAD,LOCAL,9.0,16.0,PAVED,TwoWay,PAVED,6,50,NO ACCESS,N,1988.0,119.33330729596399
CAPRICE CRT,04-At/near private drive,02-Thru lane,01-Clear,"08-Dark, artificial",MIDBLOCK,Monday,November,0,CAPRICE CRT,1,BULB,LOCAL,9.0,16.0,PAVED,FromTo,PAVED,6,50,NO ACCESS,N,1988.0,91.34946382198048
CAPRICE CRT,04-At/near private drive,02-Thru lane,01-Clear,"08-Dark, artificial",MIDBLOCK,Monday,November,0,CAPRICE CRT,2,ROAD,LOCAL,9.0,16.0,PAVED,TwoWay,PAVED,6,50,NO ACCESS,N,1988.0,119.33330729596399
ST GEORGE ST,04-At/near private drive,08-Left shoulder,01-Clear,01-Daylight,MIDBLOCK,Monday,October,0,ST GEORGE ST,1,ROAD,LOCAL,7.0,12.0,PAVED,FromTo,PAVED,6,50,NO ACCESS,N,2002.0,116.31843577053101
ST GEORGE ST,04-At/near private drive,08-Left shoulder,01-Clear,01-Daylight,MIDBLOCK,Monday,October,0,ST GEORGE ST,1,ROAD,LOCAL,7.0,12.0,PAVED,FromTo,PAVED,6,50,NO ACCESS,N,2002.0,113.179588469221
ST GEORGE ST,04-At/near private drive,08-Left shoulder,01-Clear,01-Daylight,MIDBLOCK,Monday,October,0,ST GEORGE ST,1,ROAD,LOCAL,6.0,12.0,PAVED,FromTo,PAVED,6,50,NO ACCESS,N,2002.0,184.502002402587
QUEENSTON CRES,04-At/near private drive,02-Thru lane,01-Clear,07-Dark,MIDBLOCK,Monday,December,0,QUEENSTON CRES,2,ROAD,LOCAL,9.0,20.0,PAVED,TwoWay,PAVED,6,50,NO ACCESS,N,1965.0,376.409646179076
QUEENSTON CRES,04-At/near private drive,11-Not on roadway - right side,01-Clear,01-Daylight,MIDBLOCK,Saturday,June,1,QUEENSTON CRES,2,ROAD,LOCAL,9.0,20.0,PAVED,TwoWay,PAVED,6,50,NO ACCESS,N,1965.0,376.409646179076
MAXWELL DR,01-Non intersection,02-Thru lane,03-Snow,"08-Dark, artificial",MIDBLOCK,Friday,December,0,MAXWELL DR,2,ROAD,LOCAL,9.0,18.0,PAVED,TwoWay,PAVED,6,50,NO ACCESS,N,1985.0,97.39089634356421
MAXWELL DR,01-Non intersection,02-Thru lane,03-Snow,"08-Dark, artificial",MIDBLOCK,Friday,December,0,MAXWELL DR,2,ROAD,LOCAL,9.0,18.0,PAVED,TwoWay,PAVED,6,50,NO ACCESS,N,1985.0,346.9028911709491
MAXWELL DR,01-Non intersection,02-Thru lane,01-Clear,07-Dark,MIDBLOCK,Friday,June,0,MAXWELL DR,2,ROAD,LOCAL,9.0,18.0,PAVED,TwoWay,PAVED,6,50,NO ACCESS,N,1985.0,97.39089634356421
MAXWELL DR,01-Non intersection,02-Thru lane,01-Clear,07-Dark,MIDBLOCK,Friday,June,0,MAXWELL DR,2,ROAD,LOCAL,9.0,18.0,PAVED,TwoWay,PAVED,6,50,NO ACCESS,N,1985.0,346.9028911709491
MAXWELL DR,01-Non intersection,02-Thru lane,01-Clear,01-Daylight,MIDBLOCK,Saturday,March,1,MAXWELL DR,2,ROAD,LOCAL,9.0,18.0,PAVED,TwoWay,PAVED,6,50,NO ACCESS,N,1985.0,97.39089634356421
MAXWELL DR,01-Non intersection,02-Thru lane,01-Clear,01-Daylight,MIDBLOCK,Saturday,March,1,MAXWELL DR,2,ROAD,LOCAL,9.0,18.0,PAVED,TwoWay,PAVED,6,50,NO ACCESS,N,1985.0,346.9028911709491
MAXWELL DR,04-At/near private drive,02-Thru lane,01-Clear,01-Daylight,MIDBLOCK,Saturday,June,1,MAXWELL DR,2,ROAD,LOCAL,9.0,18.0,PAVED,TwoWay,PAVED,6,50,NO ACCESS,N,1985.0,97.39089634356421
MAXWELL DR,04-At/near private drive,02-Thru lane,01-Clear,01-Daylight,MIDBLOCK,Saturday,June,1,MAXWELL DR,2,ROAD,LOCAL,9.0,18.0,PAVED,TwoWay,PAVED,6,50,NO ACCESS,N,1985.0,346.9028911709491
DUKE ST W,04-At/near private drive,03-Left turn lane,01-Clear,01-Daylight,MIDBLOCK,Tuesday,August,0,DUKE ST W,2,ROAD,LOCAL,7.0,20.0,PAVED,TwoWay,PAVED,6,50,NO ACCESS,N,2007.0,62.9724060714556
DUKE ST W,04-At/near private drive,03-Left turn lane,01-Clear,01-Daylight,MIDBLOCK,Tuesday,August,0,DUKE ST W,2,ROAD,LOCAL,8.0,12.0,PAVED,TwoWay,PAVED,6,50,NO ACCESS,N,2007.0,38.50954559621261
DUKE ST W,04-At/near private drive,03-Left turn lane,01-Clear,01-Daylight,MIDBLOCK,Tuesday,August,0,DUKE ST W,2,ROAD,MINOR,9.0,20.0,PAVED,TwoWay,PAVED,3,50,NO ACCESS,N,2007.0,119.096907669075
DUKE ST W,04-At/near private drive,03-Left turn lane,01-Clear,01-Daylight,MIDBLOCK,Tuesday,August,0,DUKE ST W,2,ROAD,LOCAL,8.0,12.0,PAVED,TwoWay,PAVED,6,50,NO ACCESS,N,2007.0,144.79036134361
DUKE ST W,01-Non intersection,02-Thru lane,01-Clear,01-Daylight,MIDBLOCK,Wednesday,October,0,DUKE ST W,2,ROAD,LOCAL,7.0,20.0,PAVED,TwoWay,PAVED,6,50,NO ACCESS,N,2007.0,62.9724060714556
DUKE ST W,01-Non intersection,02-Thru lane,01-Clear,01-Daylight,MIDBLOCK,Wednesday,October,0,DUKE ST W,2,ROAD,LOCAL,8.0,12.0,PAVED,TwoWay,PAVED,6,50,NO ACCESS,N,2007.0,38.50954559621261
DUKE ST W,01-Non intersection,02-Thru lane,01-Clear,01-Daylight,MIDBLOCK,Wednesday,October,0,DUKE ST W,2,ROAD,MINOR,9.0,20.0,PAVED,TwoWay,PAVED,3,50,NO ACCESS,N,2007.0,119.096907669075
DUKE ST W,01-Non intersection,02-Thru lane,01-Clear,01-Daylight,MIDBLOCK,Wednesday,October,0,DUKE ST W,2,ROAD,LOCAL,8.0,12.0,PAVED,TwoWay,PAVED,6,50,NO ACCESS,N,2007.0,144.79036134361
DUKE ST W,04-At/near private drive,02-Thru lane,01-Clear,01-Daylight,MIDBLOCK,Wednesday,April,0,DUKE ST W,2,ROAD,LOCAL,7.0,20.0,PAVED,TwoWay,PAVED,6,50,NO ACCESS,N,2007.0,62.9724060714556
DUKE ST W,04-At/near private drive,02-Thru lane,01-Clear,01-Daylight,MIDBLOCK,Wednesday,April,0,DUKE ST W,2,ROAD,LOCAL,8.0,12.0,PAVED,TwoWay,PAVED,6,50,NO ACCESS,N,2007.0,38.50954559621261
DUKE ST W,04-At/near private drive,02-Thru lane,01-Clear,01-Daylight,MIDBLOCK,Wednesday,April,0,DUKE ST W,2,ROAD,MINOR,9.0,20.0,PAVED,TwoWay,PAVED,3,50,NO ACCESS,N,2007.0,119.096907669075
DUKE ST W,04-At/near private drive,02-Thru lane,01-Clear,01-Daylight,MIDBLOCK,Wednesday,April,0,DUKE ST W,2,ROAD,LOCAL,8.0,12.0,PAVED,TwoWay,PAVED,6,50,NO ACCESS,N,2007.0,144.79036134361