LOCATION,ACCIDENT_LOCATION,IMPACT_LOCATION,ENVIRONMENT_CONDITION,LIGHT,COLLISION_TYPE,DAY_OF_WEEK,MONTH,IS_WEEKEND,STREET,LANES,CATEGORY,SUBCATEGORY,PAVEMENT_WIDTH,ROW_WIDTH,SHOULDER,FLOW_DIRECTION,SURFACE_LAYER_TYPE,OFFICIAL_ROAD_CLASSIFICATION,SPEED_LIMIT_KM,TRUCK_ACCESS,BUS_ROUTE,SERVICE_YEAR,Shape__Length
DUKE ST W,01-Non intersection,02-Thru lane,01-Clear,01-Daylight,MIDBLOCK,Monday,December,0,DUKE ST W,2,ROAD,LOCAL,7.0,20.0,PAVED,TwoWay,PAVED,6,50,NO ACCESS,N,2007.0,62.9724060714556
DUKE ST W,01-Non intersection,02-Thru lane,01-Clear,01-Daylight,MIDBLOCK,Monday,December,0,DUKE ST W,2,ROAD,LOCAL,8.0,12.0,PAVED,TwoWay,PAVED,6,50,NO ACCESS,N,2007.0,38.50954559621261
DUKE ST W,01-Non intersection,02-Thru lane,01-Clear,01-Daylight,MIDBLOCK,Monday,December,0,DUKE ST W,2,ROAD,MINOR,9.0,20.0,PAVED,TwoWay,PAVED,3,50,NO ACCESS,N,2007.0,119.096907669075
DUKE ST W,01-Non intersection,02-Thru lane,01-Clear,01-Daylight,MIDBLOCK,Monday,December,0,DUKE ST W,2,ROAD,LOCAL,8.0,12.0,PAVED,TwoWay,PAVED,6,50,NO ACCESS,N,2007.0,144.79036134361
DUKE ST W,05-At railway crossing,02-Thru lane,01-Clear,01-Daylight,MIDBLOCK,Tuesday,March,0,DUKE ST W,2,ROAD,LOCAL,7.0,20.0,PAVED,TwoWay,PAVED,6,50,NO ACCESS,N,2007.0,62.9724060714556
DUKE ST W,05-At railway crossing,02-Thru lane,01-Clear,01-Daylight,MIDBLOCK,Tuesday,March,0,DUKE ST W,2,ROAD,LOCAL,8.0,12.0,PAVED,TwoWay,PAVED,6,50,NO ACCESS,N,2007.0,38.50954559621261
DUKE ST W,05-At railway crossing,02-Thru lane,01-Clear,01-Daylight,MIDBLOCK,Tuesday,March,0,DUKE ST W,2,ROAD,MINOR,9.0,20.0,PAVED,TwoWay,PAVED,3,50,NO ACCESS,N,2007.0,119.096907669075
DUKE ST W,05-At railway crossing,02-Thru lane,01-Clear,01-Daylight,MIDBLOCK,Tuesday,March,0,DUKE ST W,2,ROAD,LOCAL,8.0,12.0,PAVED,TwoWay,PAVED,6,50,NO ACCESS,N,2007.0,144.79036134361
DUKE ST W,04-At/near private drive,02-Thru lane,01-Clear,01-Daylight,MIDBLOCK,Tuesday,October,0,DUKE ST W,2,ROAD,LOCAL,7.0,20.0,PAVED,TwoWay,PAVED,6,50,NO ACCESS,N,2007.0,62.9724060714556
DUKE ST W,04-At/near private drive,02-Thru lane,01-Clear,01-Daylight,MIDBLOCK,Tuesday,October,0,DUKE ST W,2,ROAD,LOCAL,8.0,12.0,PAVED,TwoWay,PAVED,6,50,NO ACCESS,N,2007.0,38.50954559621261
DUKE ST W,04-At/near private drive,02-Thru lane,01-Clear,01-Daylight,MIDBLOCK,Tuesday,October,0,DUKE ST W,2,ROAD,MINOR,9.0,20.0,PAVED,TwoWay,PAVED,3,50,NO ACCESS,N,2007.0,119.096907669075
DUKE ST W,04-At/near private drive,02-Thru lane,01-Clear,01-Daylight,MIDBLOCK,Tuesday,October,0,DUKE ST W,2,ROAD,LOCAL,8.0,12.0,PAVED,TwoWay,PAVED,6,50,NO ACCESS,N,2007.0,144.79036134361
DUKE ST W,01-Non intersection,02-Thru lane,01-Clear,01-Daylight,MIDBLOCK,Tuesday,December,0,DUKE ST W,2,ROAD,LOCAL,7.0,20.0,PAVED,TwoWay,PAVED,6,50,NO ACCESS,N,2007.0,62.9724060714556
DUKE ST W,01-Non intersection,02-Thru lane,01-Clear,01-Daylight,MIDBLOCK,Tuesday,December,0,DUKE ST W,2,ROAD,LOCAL,8.0,12.0,PAVED,TwoWay,PAVED,6,50,NO ACCESS,N,2007.0,38.50954559621261
DUKE ST W,01-Non intersection,02-Thru lane,01-Clear,01-Daylight,MIDBLOCK,Tuesday,December,0,DUKE ST W,2,ROAD,MINOR,9.0,20.0,PAVED,TwoWay,PAVED,3,50,NO ACCESS,N,2007.0,119.096907669075
DUKE ST W,01-Non intersection,02-Thru lane,01-Clear,01-Daylight,MIDBLOCK,Tuesday,December,0,DUKE ST W,2,ROAD,LOCAL,8.0,12.0,PAVED,TwoWay,PAVED,6,50,NO ACCESS,N,2007.0,144.79036134361
DUKE ST W,01-Non intersection,02-Thru lane,03-Snow,05-Dusk,MIDBLOCK,Wednesday,December,0,DUKE ST W,2,ROAD,LOCAL,7.0,20.0,PAVED,TwoWay,PAVED,6,50,NO ACCESS,N,2007.0,62.9724060714556
DUKE ST W,01-Non intersection,02-Thru lane,03-Snow,05-Dusk,MIDBLOCK,Wednesday,December,0,DUKE ST W,2,ROAD,LOCAL,8.0,12.0,PAVED,TwoWay,PAVED,6,50,NO ACCESS,N,2007.0,38.50954559621261
DUKE ST W,01-Non intersection,02-Thru lane,03-Snow,05-Dusk,MIDBLOCK,Wednesday,December,0,DUKE ST W,2,ROAD,MINOR,9.0,20.0,PAVED,TwoWay,PAVED,3,50,NO ACCESS,N,2007.0,119.096907669075
DUKE ST W,01-Non intersection,02-Thru lane,03-Snow,05-Dusk,MIDBLOCK,Wednesday,December,0,DUKE ST W,2,ROAD,LOCAL,8.0,12.0,PAVED,TwoWay,PAVED,6,50,NO ACCESS,N,2007.0,144.79036134361
HAWKSWOOD DR,04-At/near private drive,02-Thru lane,01-Clear,01-Daylight,MIDBLOCK,Friday,March,0,HAWKSWOOD DR,2,ROAD,MINOR,9.0,18.0,PAVED,TwoWay,PAVED,6,50,NO ACCESS,N,2001.0,201.545918479114
HAWKSWOOD DR,04-At/near private drive,02-Thru lane,01-Clear,01-Daylight,MIDBLOCK,Friday,March,0,HAWKSWOOD DR,2,ROAD,MINOR,9.0,18.0,PAVED,TwoWay,PAVED,6,50,NO ACCESS,N,2001.0,99.1948205976635
HAWKSWOOD DR,04-At/near private drive,02-Thru lane,01-Clear,01-Daylight,MIDBLOCK,Friday,March,0,HAWKSWOOD DR,2,ROAD,MINOR,9.0,18.0,PAVED,TwoWay,PAVED,6,50,NO ACCESS,N,2001.0,151.133021243703
HAWKSWOOD DR,04-At/near private drive,02-Thru lane,01-Clear,01-Daylight,MIDBLOCK,Friday,March,0,HAWKSWOOD DR,2,ROAD,MINOR,9.0,18.0,PAVED,TwoWay,PAVED,6,50,NO ACCESS,N,2001.0,176.955272627442
HAWKSWOOD DR,04-At/near private drive,02-Thru lane,01-Clear,01-Daylight,MIDBLOCK,Friday,March,0,HAWKSWOOD DR,2,ROAD,MINOR,9.0,18.0,PAVED,TwoWay,PAVED,6,50,NO ACCESS,N,2001.0,94.26104807499479
HAWKSWOOD DR,04-At/near private drive,02-Thru lane,01-Clear,01-Daylight,MIDBLOCK,Friday,March,0,HAWKSWOOD DR,2,ROAD,MINOR,9.0,18.0,PAVED,TwoWay,PAVED,6,50,NO ACCESS,N,2001.0,170.52348194553002
HAWKSWOOD DR,01-Non intersection,02-Thru lane,01-Clear,05-Dusk,MIDBLOCK,Monday,October,0,HAWKSWOOD DR,2,ROAD,MINOR,9.0,18.0,PAVED,TwoWay,PAVED,6,50,NO ACCESS,N,2001.0,201.545918479114
HAWKSWOOD DR,01-Non intersection,02-Thru lane,01-Clear,05-Dusk,MIDBLOCK,Monday,October,0,HAWKSWOOD DR,2,ROAD,MINOR,9.0,18.0,PAVED,TwoWay,PAVED,6,50,NO ACCESS,N,2001.0,99.1948205976635
HAWKSWOOD DR,01-Non intersection,02-Thru lane,01-Clear,05-Dusk,MIDBLOCK,Monday,October,0,HAWKSWOOD DR,2,ROAD,MINOR,9.0,18.0,PAVED,TwoWay,PAVED,6,50,NO ACCESS,N,2001.0,151.133021243703
HAWKSWOOD DR,01-Non intersection,02-Thru lane,01-Clear,05-Dusk,MIDBLOCK,Monday,October,0,HAWKSWOOD DR,2,ROAD,MINOR,9.0,18.0,PAVED,TwoWay,PAVED,6,50,NO ACCESS,N,2001.0,176.955272627442
HAWKSWOOD DR,01-Non intersection,02-Thru lane,01-Clear,05-Dusk,MIDBLOCK,Monday,October,0,HAWKSWOOD DR,2,ROAD,MINOR,9.0,18.0,PAVED,TwoWay,PAVED,6,50,NO ACCESS,N,2001.0,94.26104807499479
HAWKSWOOD DR,01-Non intersection,02-Thru lane,01-Clear,05-Dusk,MIDBLOCK,Monday,October,0,HAWKSWOOD DR,2,ROAD,MINOR,9.0,18.0,PAVED,TwoWay,PAVED,6,50,NO ACCESS,N,2001.0,170.52348194553002
GRAND RIVER BLVD,01-Non intersection,02-Thru lane,01-Clear,01-Daylight,MIDBLOCK,Thursday,August,0,GRAND RIVER BLVD,2,ROAD,MINOR,10.0,20.0,PAVED,TwoWay,PAVED,4,50,NO ACCESS,N,1978.0,166.352444090553
GRAND RIVER BLVD,01-Non intersection,02-Thru lane,01-Clear,01-Daylight,MIDBLOCK,Thursday,August,0,GRAND RIVER BLVD,2,ROAD,MINOR,10.0,20.0,PAVED,TwoWay,PAVED,4,50,NO ACCESS,N,1956.0,99.83072440472652
GRAND RIVER BLVD,01-Non intersection,02-Thru lane,01-Clear,01-Daylight,MIDBLOCK,Thursday,August,0,GRAND RIVER BLVD,2,ROAD,MINOR,10.0,20.0,PAVED,TwoWay,PAVED,4,50,NO ACCESS,N,1978.0,80.7988952380559
GRAND RIVER BLVD,01-Non intersection,02-Thru lane,01-Clear,01-Daylight,MIDBLOCK,Thursday,August,0,GRAND RIVER BLVD,2,ROAD,MINOR,10.0,20.0,PAVED,TwoWay,PAVED,4,50,NO ACCESS,N,1978.0,91.3008732314957
GRAND RIVER BLVD,01-Non intersection,02-Thru lane,01-Clear,01-Daylight,MIDBLOCK,Thursday,August,0,GRAND RIVER BLVD,2,ROAD,MINOR,10.0,20.0,PAVED,TwoWay,PAVED,4,50,NO ACCESS,N,1978.0,207.796241552797
GRAND RIVER BLVD,01-Non intersection,02-Thru lane,01-Clear,01-Daylight,MIDBLOCK,Thursday,August,0,GRAND RIVER BLVD,2,ROAD,MINOR,10.0,20.0,PAVED,TwoWay,PAVED,4,50,NO ACCESS,N,1978.0,215.1059866883509
GRAND RIVER BLVD,01-Non intersection,02-Thru lane,01-Clear,01-Daylight,MIDBLOCK,Thursday,August,0,GRAND RIVER BLVD,2,ROAD,MINOR,10.0,20.0,PAVED,TwoWay,PAVED,4,50,NO ACCESS,N,1978.0,144.752512822577
GRAND RIVER BLVD,01-Non intersection,02-Thru lane,01-Clear,01-Daylight,MIDBLOCK,Thursday,August,0,GRAND RIVER BLVD,2,ROAD,MINOR,10.0,20.0,PAVED,TwoWay,PAVED,4,50,NO ACCESS,N,1978.0,61.326725820933
GRAND RIVER BLVD,01-Non intersection,02-Thru lane,01-Clear,01-Daylight,MIDBLOCK,Thursday,August,0,GRAND RIVER BLVD,2,ROAD,MINOR,10.0,20.0,PAVED,TwoWay,PAVED,4,50,NO ACCESS,N,1978.0,140.955341208885
GRAND RIVER BLVD,04-At/near private drive,02-Thru lane,01-Clear,01-Daylight,MIDBLOCK,Monday,July,0,GRAND RIVER BLVD,2,ROAD,MINOR,10.0,20.0,PAVED,TwoWay,PAVED,4,50,NO ACCESS,N,1978.0,166.352444090553
GRAND RIVER BLVD,04-At/near private drive,02-Thru lane,01-Clear,01-Daylight,MIDBLOCK,Monday,July,0,GRAND RIVER BLVD,2,ROAD,MINOR,10.0,20.0,PAVED,TwoWay,PAVED,4,50,NO ACCESS,N,1956.0,99.83072440472652
GRAND RIVER BLVD,04-At/near private drive,02-Thru lane,01-Clear,01-Daylight,MIDBLOCK,Monday,July,0,GRAND RIVER BLVD,2,ROAD,MINOR,10.0,20.0,PAVED,TwoWay,PAVED,4,50,NO ACCESS,N,1978.0,80.7988952380559
GRAND RIVER BLVD,04-At/near private drive,02-Thru lane,01-Clear,01-Daylight,MIDBLOCK,Monday,July,0,GRAND RIVER BLVD,2,ROAD,MINOR,10.0,20.0,PAVED,TwoWay,PAVED,4,50,NO ACCESS,N,1978.0,91.3008732314957
GRAND RIVER BLVD,04-At/near private drive,02-Thru lane,01-Clear,01-Daylight,MIDBLOCK,Monday,July,0,GRAND RIVER BLVD,2,ROAD,MINOR,10.0,20.0,PAVED,TwoWay,PAVED,4,50,NO ACCESS,N,1978.0,207.796241552797
GRAND RIVER BLVD,04-At/near private drive,02-Thru lane,01-Clear,01-Daylight,MIDBLOCK,Monday,July,0,GRAND RIVER BLVD,2,ROAD,MINOR,10.0,20.0,PAVED,TwoWay,PAVED,4,50,NO ACCESS,N,1978.0,215.1059866883509
GRAND RIVER BLVD,04-At/near private drive,02-Thru lane,01-Clear,01-Daylight,MIDBLOCK,Monday,July,0,GRAND RIVER BLVD,2,ROAD,MINOR,10.0,20.0,PAVED,TwoWay,PAVED,4,50,NO ACCESS,N,1978.0,144.752512822577
GRAND RIVER BLVD,04-At/near private drive,02-Thru lane,01-Clear,01-Daylight,MIDBLOCK,Monday,July,0,GRAND RIVER BLVD,2,ROAD,MINOR,10.0,20.0,PAVED,TwoWay,PAVED,4,50,NO ACCESS,N,1978.0,61.326725820933
GRAND RIVER BLVD,04-At/near private drive,02-Thru lane,01-Clear,01-Daylight,MIDBLOCK,Monday,July,0,GRAND RIVER BLVD,2,ROAD,MINOR,10.0,20.0,PAVED,TwoWay,PAVED,4,50,NO ACCESS,N,1978.0,140.955341208885
FAIRWAY RD N,01-Non intersection,02-Thru lane,03-Snow,"08-Dark, artificial",MIDBLOCK,Saturday,November,1,FAIRWAY RD N,2,ROUNDABOUT,MAJOR,7.0,20.0,PAVED,FromTo,PAVED,0,50,NO ACCESS,N,0.0,27.5233529700257
FAIRWAY RD N,01-Non intersection,02-Thru lane,01-Clear,01-Daylight,MIDBLOCK,Friday,July,0,FAIRWAY RD N,2,ROUNDABOUT,MAJOR,7.0,20.0,PAVED,FromTo,PAVED,0,50,NO ACCESS,N,0.0,27.5233529700257
FISCHER CRT,04-At/near private drive,12-Off highway,01-Clear,01-Daylight,MIDBLOCK,Wednesday,December,0,FISCHER CRT,1,BULB,LOCAL,7.0,16.0,PAVED,FromTo,PAVED,6,50,NO ACCESS,N,2004.0,75.3025617340155
FISCHER CRT,04-At/near private drive,12-Off highway,01-Clear,01-Daylight,MIDBLOCK,Wednesday,December,0,FISCHER CRT,2,ROAD,LOCAL,8.0,16.0,PAVED,TwoWay,PAVED,6,50,NO ACCESS,N,2004.0,162.054643480027
FISCHER CRT,01-Non intersection,12-Off highway,03-Snow,01-Daylight,MIDBLOCK,Saturday,December,1,FISCHER CRT,1,BULB,LOCAL,7.0,16.0,PAVED,FromTo,PAVED,6,50,NO ACCESS,N,2004.0,75.3025617340155
FISCHER CRT,01-Non intersection,12-Off highway,03-Snow,01-Daylight,MIDBLOCK,Saturday,December,1,FISCHER CRT,2,ROAD,LOCAL,8.0,16.0,PAVED,TwoWay,PAVED,6,50,NO ACCESS,N,2004.0,162.054643480027
SHELDON AVE N,04-At/near private drive,02-Thru lane,01-Clear,01-Daylight,MIDBLOCK,Monday,October,0,SHELDON AVE N,2,ROAD,LOCAL,10.0,20.0,PAVED,TwoWay,PAVED,6,50,NO ACCESS,N,1946.0,71.5304713827085
SHELDON AVE N,04-At/near private drive,02-Thru lane,01-Clear,01-Daylight,MIDBLOCK,Monday,October,0,SHELDON AVE N,2,ROAD,LOCAL,9.0,20.0,PAVED,TwoWay,PAVED,6,50,NO ACCESS,N,1946.0,184.11053175267102
SHELDON AVE N,04-At/near private drive,02-Thru lane,01-Clear,01-Daylight,MIDBLOCK,Monday,October,0,SHELDON AVE N,1,BULB,LOCAL,11.0,25.0,PAVED,FromTo,PAVED,6,50,NO ACCESS,N,1946.0,56.025329921736706
SHELDON AVE N,04-At/near private drive,02-Thru lane,01-Clear,01-Daylight,MIDBLOCK,Monday,October,0,SHELDON AVE N,2,ROAD,LOCAL,9.0,20.0,PAVED,TwoWay,PAVED,6,50,NO ACCESS,N,1946.0,99.3357303637768
SHELDON AVE N,04-At/near private drive,02-Thru lane,01-Clear,01-Daylight,MIDBLOCK,Monday,October,0,SHELDON AVE N,2,ROAD,LOCAL,11.0,25.0,PAVED,TwoWay,PAVED,6,50,NO ACCESS,N,1946.0,237.661577050425
SHELDON AVE N,04-At/near private drive,02-Thru lane,01-Clear,01-Daylight,MIDBLOCK,Monday,October,0,SHELDON AVE N,2,ROAD,LOCAL,9.0,20.0,PAVED,TwoWay,PAVED,6,50,NO ACCESS,N,1880.0,169.14772184121202
LEMONBALM ST,04-At/near private drive,02-Thru lane,01-Clear,03-Dawn,MIDBLOCK,Wednesday,October,0,LEMONBALM ST,2,ROAD,LOCAL,9.0,18.0,PAVED,TwoWay,PAVED,6,50,NO ACCESS,N,2000.0,147.14715410155702
COUNTRYSTONE DR,01-Non intersection,02-Thru lane,01-Clear,01-Daylight,MIDBLOCK,Sunday,January,1,COUNTRYSTONE DR,2,ROAD,MINOR,9.0,20.0,PAVED,TwoWay,PAVED,4,50,NO ACCESS,N,2006.0,157.744355330552
COUNTRYSTONE DR,01-Non intersection,02-Thru lane,01-Clear,01-Daylight,MIDBLOCK,Sunday,January,1,COUNTRYSTONE DR,2,ROAD,LOCAL,9.0,20.0,PAVED,TwoWay,PAVED,6,50,NO ACCESS,N,2007.0,76.2760701824793
COUNTRYSTONE DR,01-Non intersection,02-Thru lane,01-Clear,01-Daylight,MIDBLOCK,Sunday,January,1,COUNTRYSTONE DR,2,ROAD,LOCAL,9.0,20.0,PAVED,TwoWay,PAVED,6,50,NO ACCESS,N,2008.0,101.690719074797
COUNTRYSTONE DR,01-Non intersection,02-Thru lane,01-Clear,01-Daylight,MIDBLOCK,Sunday,January,1,COUNTRYSTONE DR,2,ROAD,LOCAL,9.0,20.0,PAVED,TwoWay,PAVED,6,50,NO ACCESS,N,2007.0,152.536497615246
COUNTRYSTONE DR,01-Non intersection,02-Thru lane,01-Clear,01-Daylight,MIDBLOCK,Sunday,January,1,COUNTRYSTONE DR,2,ROAD,MINOR,9.0,20.0,PAVED,TwoWay,PAVED,6,50,NO ACCESS,N,2006.0,131.620685921618
COUNTRYSTONE DR,01-Non intersection,02-Thru lane,01-Clear,01-Daylight,MIDBLOCK,Sunday,January,1,COUNTRYSTONE DR,2,ROAD,LOCAL,9.0,20.0,PAVED,TwoWay,PAVED,6,50,NO ACCESS,N,2007.0,58.44171243645739
COUNTRYSTONE DR,01-Non intersection,02-Thru lane,01-Clear,01-Daylight,MIDBLOCK,Sunday,January,1,COUNTRYSTONE DR,2,ROAD,LOCAL,9.0,20.0,PAVED,TwoWay,PAVED,6,50,NO ACCESS,N,2008.0,275.826047157919
COUNTRYSTONE DR,01-Non intersection,02-Thru lane,01-Clear,01-Daylight,MIDBLOCK,Tuesday,February,0,COUNTRYSTONE DR,2,ROAD,MINOR,9.0,20.0,PAVED,TwoWay,PAVED,4,50,NO ACCESS,N,2006.0,157.744355330552
COUNTRYSTONE DR,01-Non intersection,02-Thru lane,01-Clear,01-Daylight,MIDBLOCK,Tuesday,February,0,COUNTRYSTONE DR,2,ROAD,LOCAL,9.0,20.0,PAVED,TwoWay,PAVED,6,50,NO ACCESS,N,2007.0,76.2760701824793
COUNTRYSTONE DR,01-Non intersection,02-Thru lane,01-Clear,01-Daylight,MIDBLOCK,Tuesday,February,0,COUNTRYSTONE DR,2,ROAD,LOCAL,9.0,20.0,PAVED,TwoWay,PAVED,6,50,NO ACCESS,N,2008.0,101.690719074797
COUNTRYSTONE DR,01-Non intersection,02-Thru lane,01-Clear,01-Daylight,MIDBLOCK,Tuesday,February,0,COUNTRYSTONE DR,2,ROAD,LOCAL,9.0,20.0,PAVED,TwoWay,PAVED,6,50,NO ACCESS,N,2007.0,152.536497615246
COUNTRYSTONE DR,01-Non intersection,02-Thru lane,01-Clear,01-Daylight,MIDBLOCK,Tuesday,February,0,COUNTRYSTONE DR,2,ROAD,MINOR,9.0,20.0,PAVED,TwoWay,PAVED,6,50,NO ACCESS,N,2006.0,131.620685921618
COUNTRYSTONE DR,01-Non intersection,02-Thru lane,01-Clear,01-Daylight,MIDBLOCK,Tuesday,February,0,COUNTRYSTONE DR,2,ROAD,LOCAL,9.0,20.0,PAVED,TwoWay,PAVED,6,50,NO ACCESS,N,2007.0,58.44171243645739
COUNTRYSTONE DR,01-Non intersection,02-Thru lane,01-Clear,01-Daylight,MIDBLOCK,Tuesday,February,0,COUNTRYSTONE DR,2,ROAD,LOCAL,9.0,20.0,PAVED,TwoWay,PAVED,6,50,NO ACCESS,N,2008.0,275.826047157919
COUNTRYSTONE DR,01-Non intersection,02-Thru lane,01-Clear,01-Daylight,MIDBLOCK,Monday,January,0,COUNTRYSTONE DR,2,ROAD,MINOR,9.0,20.0,PAVED,TwoWay,PAVED,4,50,NO ACCESS,N,2006.0,157.744355330552
COUNTRYSTONE DR,01-Non intersection,02-Thru lane,01-Clear,01-Daylight,MIDBLOCK,Monday,January,0,COUNTRYSTONE DR,2,ROAD,LOCAL,9.0,20.0,PAVED,TwoWay,PAVED,6,50,NO ACCESS,N,2007.0,76.2760701824793
COUNTRYSTONE DR,01-Non intersection,02-Thru lane,01-Clear,01-Daylight,MIDBLOCK,Monday,January,0,COUNTRYSTONE DR,2,ROAD,LOCAL,9.0,20.0,PAVED,TwoWay,PAVED,6,50,NO ACCESS,N,2008.0,101.690719074797
COUNTRYSTONE DR,01-Non intersection,02-Thru lane,01-Clear,01-Daylight,MIDBLOCK,Monday,January,0,COUNTRYSTONE DR,2,ROAD,LOCAL,9.0,20.0,PAVED,TwoWay,PAVED,6,50,NO ACCESS,N,2007.0,152.536497615246
COUNTRYSTONE DR,01-Non intersection,02-Thru lane,01-Clear,01-Daylight,MIDBLOCK,Monday,January,0,COUNTRYSTONE DR,2,ROAD,MINOR,9.0,20.0,PAVED,TwoWay,PAVED,6,50,NO ACCESS,N,2006.0,131.620685921618
COUNTRYSTONE DR,01-Non intersection,02-Thru lane,01-Clear,01-Daylight,MIDBLOCK,Monday,January,0,COUNTRYSTONE DR,2,ROAD,LOCAL,9.0,20.0,PAVED,TwoWay,PAVED,6,50,NO ACCESS,N,2007.0,58.44171243645739
COUNTRYSTONE DR,01-Non intersection,02-Thru lane,01-Clear,01-Daylight,MIDBLOCK,Monday,January,0,COUNTRYSTONE DR,2,ROAD,LOCAL,9.0,20.0,PAVED,TwoWay,PAVED,6,50,NO ACCESS,N,2008.0,275.826047157919
COUNTRYSTONE DR,04-At/near private drive,02-Thru lane,01-Clear,01-Daylight,MIDBLOCK,Wednesday,September,0,COUNTRYSTONE DR,2,ROAD,MINOR,9.0,20.0,PAVED,TwoWay,PAVED,4,50,NO ACCESS,N,2006.0,157.744355330552
COUNTRYSTONE DR,04-At/near private drive,02-Thru lane,01-Clear,01-Daylight,MIDBLOCK,Wednesday,September,0,COUNTRYSTONE DR,2,ROAD,LOCAL,9.0,20.0,PAVED,TwoWay,PAVED,6,50,NO ACCESS,N,2007.0,76.2760701824793
COUNTRYSTONE DR,04-At/near private drive,02-Thru lane,01-Clear,01-Daylight,MIDBLOCK,Wednesday,September,0,COUNTRYSTONE DR,2,ROAD,LOCAL,9.0,20.0,PAVED,TwoWay,PAVED,6,50,NO ACCESS,N,2008.0,101.690719074797
COUNTRYSTONE DR,04-At/near private drive,02-Thru lane,01-Clear,01-Daylight,MIDBLOCK,Wednesday,September,0,COUNTRYSTONE DR,2,ROAD,LOCAL,9.0,20.0,PAVED,TwoWay,PAVED,6,50,NO ACCESS,N,2007.0,152.536497615246
COUNTRYSTONE DR,04-At/near private drive,02-Thru lane,01-Clear,01-Daylight,MIDBLOCK,Wednesday,September,0,COUNTRYSTONE DR,2,ROAD,MINOR,9.0,20.0,PAVED,TwoWay,PAVED,6,50,NO ACCESS,N,2006.0,131.620685921618
COUNTRYSTONE DR,04-At/near private drive,02-Thru lane,01-Clear,01-Daylight,MIDBLOCK,Wednesday,September,0,COUNTRYSTONE DR,2,ROAD,LOCAL,9.0,20.0,PAVED,TwoWay,PAVED,6,50,NO ACCESS,N,2007.0,58.44171243645739
COUNTRYSTONE DR,04-At/near private drive,02-Thru lane,01-Clear,01-Daylight,MIDBLOCK,Wednesday,September,0,COUNTRYSTONE DR,2,ROAD,LOCAL,9.0,20.0,PAVED,TwoWay,PAVED,6,50,NO ACCESS,N,2008.0,275.826047157919
PROSPECT AVE,04-At/near private drive,02-Thru lane,01-Clear,01-Daylight,MIDBLOCK,Sunday,January,1,PROSPECT AVE,2,ROAD,LOCAL,9.0,20.0,PAVED,TwoWay,PAVED,6,50,NO ACCESS,N,1924.0,178.613602213894
PROSPECT AVE,04-At/near private drive,02-Thru lane,01-Clear,01-Daylight,MIDBLOCK,Sunday,January,1,PROSPECT AVE,2,ROAD,LOCAL,9.0,20.0,PAVED,TwoWay,PAVED,6,50,NO ACCESS,N,1959.0,78.3375548514072
PROSPECT AVE,04-At/near private drive,02-Thru lane,01-Clear,01-Daylight,MIDBLOCK,Sunday,January,1,PROSPECT AVE,2,ROAD,LOCAL,8.0,20.0,PAVED,TwoWay,PAVED,6,50,NO ACCESS,N,1924.0,88.288445235052
PROSPECT AVE,04-At/near private drive,02-Thru lane,01-Clear,01-Daylight,MIDBLOCK,Sunday,January,1,PROSPECT AVE,2,ROAD,LOCAL,9.0,20.0,PAVED,TwoWay,PAVED,6,50,NO ACCESS,N,1915.0,143.608225738978
PROSPECT AVE,04-At/near private drive,02-Thru lane,01-Clear,01-Daylight,MIDBLOCK,Sunday,January,1,PROSPECT AVE,2,ROAD,LOCAL,9.0,20.0,PAVED,TwoWay,PAVED,6,50,NO ACCESS,N,1957.0,89.48395979786802
PROSPECT AVE,04-At/near private drive,02-Thru lane,01-Clear,01-Daylight,MIDBLOCK,Sunday,January,1,PROSPECT AVE,2,ROAD,LOCAL,9.0,20.0,PAVED,TwoWay,PAVED,6,50,NO ACCESS,N,1958.0,105.066949664886
PROSPECT AVE,04-At/near private drive,02-Thru lane,01-Clear,01-Daylight,MIDBLOCK,Sunday,January,1,PROSPECT AVE,2,ROAD,LOCAL,9.0,20.0,PAVED,TwoWay,PAVED,6,50,NO ACCESS,N,1924.0,89.12687985853891
PROSPECT AVE,01-Non intersection,02-Thru lane,01-Clear,"08-Dark, artificial",MIDBLOCK,Monday,September,0,PROSPECT AVE,2,ROAD,LOCAL,9.0,20.0,PAVED,TwoWay,PAVED,6,50,NO ACCESS,N,1924.0,178.613602213894
PROSPECT AVE,01-Non intersection,02-Thru lane,01-Clear,"08-Dark, artificial",MIDBLOCK,Monday,September,0,PROSPECT AVE,2,ROAD,LOCAL,9.0,20.0,PAVED,TwoWay,PAVED,6,50,NO ACCESS,N,1959.0,78.3375548514072
PROSPECT AVE,01-Non intersection,02-Thru lane,01-Clear,"08-Dark, artificial",MIDBLOCK,Monday,September,0,PROSPECT AVE,2,ROAD,LOCAL,8.0,20.0,PAVED,TwoWay,PAVED,6,50,NO ACCESS,N,1924.0,88.288445235052
PROSPECT AVE,01-Non intersection,02-Thru lane,01-Clear,"08-Dark, artificial",MIDBLOCK,Monday,September,0,PROSPECT AVE,2,ROAD,LOCAL,9.0,20.0,PAVED,TwoWay,PAVED,6,50,NO ACCESS,N,1915.0,143.608225738978
PROSPECT AVE,01-Non intersection,02-Thru lane,01-Clear,"08-Dark, artificial",MIDBLOCK,Monday,September,0,PROSPECT AVE,2,ROAD,LOCAL,9.0,20.0,PAVED,TwoWay,PAVED,6,50,NO ACCESS,N,1957.0,89.48395979786802
PROSPECT AVE,01-Non intersection,02-Thru lane,01-Clear,"08-Dark, artificial",MIDBLOCK,Monday,September,0,PROSPECT AVE,2,ROAD,LOCAL,9.0,20.0,PAVED,TwoWay,PAVED,6,50,NO ACCESS,N,1958.0,105.066949664886
PROSPECT AVE,01-Non intersection,02-Thru lane,01-Clear,"08-Dark, artificial",MIDBLOCK,Monday,September,0,PROSPECT AVE,2,ROAD,LOCAL,9.0,20.0,PAVED,TwoWay,PAVED,6,50,NO ACCESS,N,1924.0,89.12687985853891
PROSPECT AVE,04-At/near private drive,11-Not on roadway - right side,01-Clear,01-Daylight,MIDBLOCK,Wednesday,August,0,PROSPECT AVE,2,ROAD,LOCAL,9.0,20.0,PAVED,TwoWay,PAVED,6,50,NO ACCESS,N,1924.0,178.613602213894