LOCATION,ACCIDENT_LOCATION,IMPACT_LOCATION,ENVIRONMENT_CONDITION,LIGHT,COLLISION_TYPE,DAY_OF_WEEK,MONTH,IS_WEEKEND,STREET,LANES,CATEGORY,SUBCATEGORY,PAVEMENT_WIDTH,ROW_WIDTH,SHOULDER,FLOW_DIRECTION,SURFACE_LAYER_TYPE,OFFICIAL_ROAD_CLASSIFICATION,SPEED_LIMIT_KM,TRUCK_ACCESS,BUS_ROUTE,SERVICE_YEAR,Shape__Length
PROSPECT AVE,04-At/near private drive,11-Not on roadway - right side,01-Clear,01-Daylight,MIDBLOCK,Wednesday,August,0,PROSPECT AVE,2,ROAD,LOCAL,9.0,20.0,PAVED,TwoWay,PAVED,6,50,NO ACCESS,N,1959.0,78.3375548514072
PROSPECT AVE,04-At/near private drive,11-Not on roadway - right side,01-Clear,01-Daylight,MIDBLOCK,Wednesday,August,0,PROSPECT AVE,2,ROAD,LOCAL,8.0,20.0,PAVED,TwoWay,PAVED,6,50,NO ACCESS,N,1924.0,88.288445235052
PROSPECT AVE,04-At/near private drive,11-Not on roadway - right side,01-Clear,01-Daylight,MIDBLOCK,Wednesday,August,0,PROSPECT AVE,2,ROAD,LOCAL,9.0,20.0,PAVED,TwoWay,PAVED,6,50,NO ACCESS,N,1915.0,143.608225738978
PROSPECT AVE,04-At/near private drive,11-Not on roadway - right side,01-Clear,01-Daylight,MIDBLOCK,Wednesday,August,0,PROSPECT AVE,2,ROAD,LOCAL,9.0,20.0,PAVED,TwoWay,PAVED,6,50,NO ACCESS,N,1957.0,89.48395979786802
PROSPECT AVE,04-At/near private drive,11-Not on roadway - right side,01-Clear,01-Daylight,MIDBLOCK,Wednesday,August,0,PROSPECT AVE,2,ROAD,LOCAL,9.0,20.0,PAVED,TwoWay,PAVED,6,50,NO ACCESS,N,1958.0,105.066949664886
PROSPECT AVE,04-At/near private drive,11-Not on roadway - right side,01-Clear,01-Daylight,MIDBLOCK,Wednesday,August,0,PROSPECT AVE,2,ROAD,LOCAL,9.0,20.0,PAVED,TwoWay,PAVED,6,50,NO ACCESS,N,1924.0,89.12687985853891
BAIRD AVE,01-Non intersection,09-Right shoulder,01-Clear,01-Daylight,MIDBLOCK,Wednesday,September,0,BAIRD AVE,2,ROAD,LOCAL,9.0,20.0,PAVED,TwoWay,PAVED,6,50,NO ACCESS,N,1970.0,84.13399258346709
BAIRD AVE,01-Non intersection,09-Right shoulder,01-Clear,01-Daylight,MIDBLOCK,Wednesday,September,0,BAIRD AVE,2,ROAD,LOCAL,9.0,20.0,PAVED,TwoWay,PAVED,6,50,NO ACCESS,N,1970.0,148.248762105307
BAIRD AVE,01-Non intersection,09-Right shoulder,01-Clear,01-Daylight,MIDBLOCK,Wednesday,September,0,BAIRD AVE,2,ROAD,LOCAL,9.0,20.0,PAVED,TwoWay,PAVED,6,50,NO ACCESS,N,1961.0,89.77158163257221
SHERWOOD AVE,01-Non intersection,11-Not on roadway - right side,04-Freezing Rain,"08-Dark, artificial",MIDBLOCK,Friday,December,0,SHERWOOD AVE,2,ROAD,LOCAL,9.0,20.0,PAVED,TwoWay,PAVED,6,50,NO ACCESS,N,1954.0,95.58919782036492
SHERWOOD AVE,01-Non intersection,11-Not on roadway - right side,04-Freezing Rain,"08-Dark, artificial",MIDBLOCK,Friday,December,0,SHERWOOD AVE,2,ROAD,LOCAL,9.0,20.0,PAVED,TwoWay,PAVED,6,50,NO ACCESS,N,1953.0,241.347925804477
SHERWOOD AVE,01-Non intersection,11-Not on roadway - right side,04-Freezing Rain,"08-Dark, artificial",MIDBLOCK,Friday,December,0,SHERWOOD AVE,2,ROAD,LOCAL,9.0,20.0,PAVED,TwoWay,PAVED,6,50,NO ACCESS,N,1954.0,214.061955975103
SHERWOOD AVE,01-Non intersection,11-Not on roadway - right side,04-Freezing Rain,"08-Dark, artificial",MIDBLOCK,Friday,December,0,SHERWOOD AVE,2,ROAD,LOCAL,9.0,20.0,PAVED,TwoWay,PAVED,6,50,NO ACCESS,Y,1953.0,105.382686167603
SHERWOOD AVE,01-Non intersection,11-Not on roadway - right side,04-Freezing Rain,"08-Dark, artificial",MIDBLOCK,Friday,December,0,SHERWOOD AVE,2,ROAD,LOCAL,9.0,20.0,PAVED,TwoWay,PAVED,6,40,NO ACCESS,N,1954.0,137.526543038827
SHERWOOD AVE,01-Non intersection,11-Not on roadway - right side,04-Freezing Rain,"08-Dark, artificial",MIDBLOCK,Friday,December,0,SHERWOOD AVE,2,ROAD,LOCAL,9.0,20.0,PAVED,TwoWay,PAVED,6,50,NO ACCESS,N,1953.0,303.054261751733
SHERWOOD AVE,04-At/near private drive,02-Thru lane,01-Clear,01-Daylight,MIDBLOCK,Tuesday,September,0,SHERWOOD AVE,2,ROAD,LOCAL,9.0,20.0,PAVED,TwoWay,PAVED,6,50,NO ACCESS,N,1954.0,95.58919782036492
SHERWOOD AVE,04-At/near private drive,02-Thru lane,01-Clear,01-Daylight,MIDBLOCK,Tuesday,September,0,SHERWOOD AVE,2,ROAD,LOCAL,9.0,20.0,PAVED,TwoWay,PAVED,6,50,NO ACCESS,N,1953.0,241.347925804477
SHERWOOD AVE,04-At/near private drive,02-Thru lane,01-Clear,01-Daylight,MIDBLOCK,Tuesday,September,0,SHERWOOD AVE,2,ROAD,LOCAL,9.0,20.0,PAVED,TwoWay,PAVED,6,50,NO ACCESS,N,1954.0,214.061955975103
SHERWOOD AVE,04-At/near private drive,02-Thru lane,01-Clear,01-Daylight,MIDBLOCK,Tuesday,September,0,SHERWOOD AVE,2,ROAD,LOCAL,9.0,20.0,PAVED,TwoWay,PAVED,6,50,NO ACCESS,Y,1953.0,105.382686167603
SHERWOOD AVE,04-At/near private drive,02-Thru lane,01-Clear,01-Daylight,MIDBLOCK,Tuesday,September,0,SHERWOOD AVE,2,ROAD,LOCAL,9.0,20.0,PAVED,TwoWay,PAVED,6,40,NO ACCESS,N,1954.0,137.526543038827
SHERWOOD AVE,04-At/near private drive,02-Thru lane,01-Clear,01-Daylight,MIDBLOCK,Tuesday,September,0,SHERWOOD AVE,2,ROAD,LOCAL,9.0,20.0,PAVED,TwoWay,PAVED,6,50,NO ACCESS,N,1953.0,303.054261751733
BIRCHCLIFF AVE,04-At/near private drive,02-Thru lane,01-Clear,01-Daylight,MIDBLOCK,Saturday,May,1,BIRCHCLIFF AVE,2,ROAD,LOCAL,9.0,20.0,PAVED,TwoWay,PAVED,6,50,NO ACCESS,N,1960.0,360.0801982562661
BIRCHCLIFF AVE,04-At/near private drive,02-Thru lane,01-Clear,01-Daylight,MIDBLOCK,Saturday,May,1,BIRCHCLIFF AVE,2,ROAD,LOCAL,9.0,20.0,PAVED,TwoWay,PAVED,6,50,NO ACCESS,N,1959.0,84.5738433642358
BIRCHCLIFF AVE,04-At/near private drive,02-Thru lane,01-Clear,01-Daylight,MIDBLOCK,Saturday,May,1,BIRCHCLIFF AVE,2,ROAD,LOCAL,9.0,20.0,PAVED,TwoWay,PAVED,6,50,NO ACCESS,N,1964.0,88.14990769778721
BIRCHCLIFF AVE,04-At/near private drive,02-Thru lane,01-Clear,01-Daylight,MIDBLOCK,Friday,May,0,BIRCHCLIFF AVE,2,ROAD,LOCAL,9.0,20.0,PAVED,TwoWay,PAVED,6,50,NO ACCESS,N,1960.0,360.0801982562661
BIRCHCLIFF AVE,04-At/near private drive,02-Thru lane,01-Clear,01-Daylight,MIDBLOCK,Friday,May,0,BIRCHCLIFF AVE,2,ROAD,LOCAL,9.0,20.0,PAVED,TwoWay,PAVED,6,50,NO ACCESS,N,1959.0,84.5738433642358
BIRCHCLIFF AVE,04-At/near private drive,02-Thru lane,01-Clear,01-Daylight,MIDBLOCK,Friday,May,0,BIRCHCLIFF AVE,2,ROAD,LOCAL,9.0,20.0,PAVED,TwoWay,PAVED,6,50,NO ACCESS,N,1964.0,88.14990769778721
DARCY PL,04-At/near private drive,09-Right shoulder,01-Clear,"08-Dark, artificial",MIDBLOCK,Thursday,December,0,DARCY PL,1,BULB,LOCAL,9.0,43.0,PAVED,FromTo,PAVED,6,50,NO ACCESS,N,1968.0,82.9358605076284
DARCY PL,04-At/near private drive,09-Right shoulder,01-Clear,"08-Dark, artificial",MIDBLOCK,Thursday,December,0,DARCY PL,2,ROAD,LOCAL,9.0,20.0,PAVED,TwoWay,PAVED,6,50,NO ACCESS,N,1968.0,142.448207878685
DARCY PL,01-Non intersection,02-Thru lane,01-Clear,01-Daylight,MIDBLOCK,Wednesday,June,0,DARCY PL,1,BULB,LOCAL,9.0,43.0,PAVED,FromTo,PAVED,6,50,NO ACCESS,N,1968.0,82.9358605076284
DARCY PL,01-Non intersection,02-Thru lane,01-Clear,01-Daylight,MIDBLOCK,Wednesday,June,0,DARCY PL,2,ROAD,LOCAL,9.0,20.0,PAVED,TwoWay,PAVED,6,50,NO ACCESS,N,1968.0,142.448207878685
OLD MILL RD,04-At/near private drive,02-Thru lane,01-Clear,01-Daylight,MIDBLOCK,Monday,May,0,OLD MILL RD,2,ROAD,LOCAL,9.0,20.0,PAVED,TwoWay,PAVED,7,50,NO ACCESS,Y,1998.0,161.094874154276
OLD MILL RD,04-At/near private drive,02-Thru lane,01-Clear,01-Daylight,MIDBLOCK,Monday,May,0,OLD MILL RD,2,ROAD,LOCAL,9.0,13.0,PAVED,TwoWay,PAVED,7,40,NO ACCESS,Y,2002.0,296.009964403618
OLD MILL RD,04-At/near private drive,02-Thru lane,01-Clear,01-Daylight,MIDBLOCK,Monday,May,0,OLD MILL RD,2,ROAD,LOCAL,8.0,20.0,PAVED,TwoWay,PAVED,7,40,NO ACCESS,N,2004.0,203.05169472509
OLD MILL RD,01-Non intersection,11-Not on roadway - right side,01-Clear,"08-Dark, artificial",MIDBLOCK,Saturday,June,1,OLD MILL RD,2,ROAD,LOCAL,9.0,20.0,PAVED,TwoWay,PAVED,7,50,NO ACCESS,Y,1998.0,161.094874154276
OLD MILL RD,01-Non intersection,11-Not on roadway - right side,01-Clear,"08-Dark, artificial",MIDBLOCK,Saturday,June,1,OLD MILL RD,2,ROAD,LOCAL,9.0,13.0,PAVED,TwoWay,PAVED,7,40,NO ACCESS,Y,2002.0,296.009964403618
OLD MILL RD,01-Non intersection,11-Not on roadway - right side,01-Clear,"08-Dark, artificial",MIDBLOCK,Saturday,June,1,OLD MILL RD,2,ROAD,LOCAL,8.0,20.0,PAVED,TwoWay,PAVED,7,40,NO ACCESS,N,2004.0,203.05169472509
GATEWOOD RD,99-Other,12-Off highway,02-Rain,01-Daylight,MIDBLOCK,Saturday,April,1,GATEWOOD RD,2,ROAD,LOCAL,9.0,20.0,PAVED,TwoWay,PAVED,6,50,NO ACCESS,N,2004.0,652.229542166237
GATEWOOD RD,01-Non intersection,11-Not on roadway - right side,01-Clear,01-Daylight,MIDBLOCK,Wednesday,November,0,GATEWOOD RD,2,ROAD,LOCAL,9.0,20.0,PAVED,TwoWay,PAVED,6,50,NO ACCESS,N,2004.0,652.229542166237
GATEWOOD RD,04-At/near private drive,02-Thru lane,01-Clear,01-Daylight,MIDBLOCK,Thursday,January,0,GATEWOOD RD,2,ROAD,LOCAL,9.0,20.0,PAVED,TwoWay,PAVED,6,50,NO ACCESS,N,2004.0,652.229542166237
GATEWOOD RD,04-At/near private drive,02-Thru lane,01-Clear,01-Daylight,MIDBLOCK,Monday,August,0,GATEWOOD RD,2,ROAD,LOCAL,9.0,20.0,PAVED,TwoWay,PAVED,6,50,NO ACCESS,N,2004.0,652.229542166237
GEHL PL,01-Non intersection,12-Off highway,01-Clear,07-Dark,MIDBLOCK,Sunday,June,1,GEHL PL,2,ROAD,LOCAL,5.0,11.0,PAVED,TwoWay,PAVED,6,50,NO ACCESS,N,1860.0,498.33718427717
ANVIL ST,04-At/near private drive,02-Thru lane,01-Clear,01-Daylight,MIDBLOCK,Thursday,August,0,ANVIL ST,2,ROAD,LOCAL,9.0,20.0,PAVED,TwoWay,PAVED,6,50,NO ACCESS,N,1980.0,101.994933653926
ANVIL ST,04-At/near private drive,02-Thru lane,01-Clear,01-Daylight,MIDBLOCK,Thursday,August,0,ANVIL ST,2,ROAD,LOCAL,9.0,20.0,PAVED,TwoWay,PAVED,6,50,NO ACCESS,N,1980.0,121.40178212920401
ANVIL ST,04-At/near private drive,02-Thru lane,01-Clear,01-Daylight,MIDBLOCK,Thursday,August,0,ANVIL ST,2,ROAD,LOCAL,9.0,20.0,PAVED,TwoWay,PAVED,6,50,NO ACCESS,N,1980.0,156.224235752292
ANVIL ST,04-At/near private drive,02-Thru lane,01-Clear,01-Daylight,MIDBLOCK,Thursday,August,0,ANVIL ST,2,ROAD,LOCAL,9.0,20.0,PAVED,TwoWay,PAVED,6,50,NO ACCESS,N,1980.0,169.099706728745
ANVIL ST,04-At/near private drive,02-Thru lane,01-Clear,01-Daylight,MIDBLOCK,Thursday,August,0,ANVIL ST,2,ROAD,LOCAL,9.0,20.0,PAVED,TwoWay,PAVED,6,50,NO ACCESS,N,1980.0,24.783076887228603
ANVIL ST,04-At/near private drive,09-Right shoulder,01-Clear,01-Daylight,MIDBLOCK,Wednesday,June,0,ANVIL ST,2,ROAD,LOCAL,9.0,20.0,PAVED,TwoWay,PAVED,6,50,NO ACCESS,N,1980.0,101.994933653926
ANVIL ST,04-At/near private drive,09-Right shoulder,01-Clear,01-Daylight,MIDBLOCK,Wednesday,June,0,ANVIL ST,2,ROAD,LOCAL,9.0,20.0,PAVED,TwoWay,PAVED,6,50,NO ACCESS,N,1980.0,121.40178212920401
ANVIL ST,04-At/near private drive,09-Right shoulder,01-Clear,01-Daylight,MIDBLOCK,Wednesday,June,0,ANVIL ST,2,ROAD,LOCAL,9.0,20.0,PAVED,TwoWay,PAVED,6,50,NO ACCESS,N,1980.0,156.224235752292
ANVIL ST,04-At/near private drive,09-Right shoulder,01-Clear,01-Daylight,MIDBLOCK,Wednesday,June,0,ANVIL ST,2,ROAD,LOCAL,9.0,20.0,PAVED,TwoWay,PAVED,6,50,NO ACCESS,N,1980.0,169.099706728745
ANVIL ST,04-At/near private drive,09-Right shoulder,01-Clear,01-Daylight,MIDBLOCK,Wednesday,June,0,ANVIL ST,2,ROAD,LOCAL,9.0,20.0,PAVED,TwoWay,PAVED,6,50,NO ACCESS,N,1980.0,24.783076887228603
ANVIL ST,04-At/near private drive,12-Off highway,01-Clear,01-Daylight,MIDBLOCK,Saturday,August,1,ANVIL ST,2,ROAD,LOCAL,9.0,20.0,PAVED,TwoWay,PAVED,6,50,NO ACCESS,N,1980.0,101.994933653926
ANVIL ST,04-At/near private drive,12-Off highway,01-Clear,01-Daylight,MIDBLOCK,Saturday,August,1,ANVIL ST,2,ROAD,LOCAL,9.0,20.0,PAVED,TwoWay,PAVED,6,50,NO ACCESS,N,1980.0,121.40178212920401
ANVIL ST,04-At/near private drive,12-Off highway,01-Clear,01-Daylight,MIDBLOCK,Saturday,August,1,ANVIL ST,2,ROAD,LOCAL,9.0,20.0,PAVED,TwoWay,PAVED,6,50,NO ACCESS,N,1980.0,156.224235752292
ANVIL ST,04-At/near private drive,12-Off highway,01-Clear,01-Daylight,MIDBLOCK,Saturday,August,1,ANVIL ST,2,ROAD,LOCAL,9.0,20.0,PAVED,TwoWay,PAVED,6,50,NO ACCESS,N,1980.0,169.099706728745
ANVIL ST,04-At/near private drive,12-Off highway,01-Clear,01-Daylight,MIDBLOCK,Saturday,August,1,ANVIL ST,2,ROAD,LOCAL,9.0,20.0,PAVED,TwoWay,PAVED,6,50,NO ACCESS,N,1980.0,24.783076887228603
STAUFFER DR,01-Non intersection,02-Thru lane,02-Rain,03-Dawn,MIDBLOCK,Tuesday,November,0,STAUFFER DR,2,ROAD,MINOR,7.0,16.0,PAVED,TwoWay,PAVED,6,50,NO ACCESS,N,1875.0,474.177163801751
STAUFFER DR,01-Non intersection,02-Thru lane,02-Rain,03-Dawn,MIDBLOCK,Tuesday,November,0,STAUFFER DR,2,ROAD,MINOR,6.0,12.0,GRAVEL,TwoWay,PAVED,7,50,NO ACCESS,N,1875.0,701.2066836301759
STAUFFER DR,01-Non intersection,10-Not on roadway - left side,03-Snow,07-Dark,MIDBLOCK,Friday,March,0,STAUFFER DR,2,ROAD,MINOR,7.0,16.0,PAVED,TwoWay,PAVED,6,50,NO ACCESS,N,1875.0,474.177163801751
STAUFFER DR,01-Non intersection,10-Not on roadway - left side,03-Snow,07-Dark,MIDBLOCK,Friday,March,0,STAUFFER DR,2,ROAD,MINOR,6.0,12.0,GRAVEL,TwoWay,PAVED,7,50,NO ACCESS,N,1875.0,701.2066836301759
PIONEER TOWER RD,04-At/near private drive,02-Thru lane,04-Freezing Rain,01-Daylight,MIDBLOCK,Monday,February,0,PIONEER TOWER RD,2,ROAD,LOCAL,8.0,20.0,PAVED,TwoWay,PAVED,6,50,NO ACCESS,N,1956.0,196.75720642080398
PIONEER TOWER RD,04-At/near private drive,02-Thru lane,04-Freezing Rain,01-Daylight,MIDBLOCK,Monday,February,0,PIONEER TOWER RD,2,ROAD,LOCAL,7.0,12.0,PAVED,TwoWay,PAVED,6,50,NO ACCESS,N,1900.0,142.093004278391
PIONEER TOWER RD,04-At/near private drive,02-Thru lane,04-Freezing Rain,01-Daylight,MIDBLOCK,Monday,February,0,PIONEER TOWER RD,2,ROAD,MINOR,8.0,20.0,PAVED,TwoWay,PAVED,1,50,NO ACCESS,N,1953.0,249.45211667964298
PIONEER TOWER RD,04-At/near private drive,02-Thru lane,04-Freezing Rain,01-Daylight,MIDBLOCK,Monday,February,0,PIONEER TOWER RD,2,ROAD,MINOR,8.0,20.0,PAVED,TwoWay,PAVED,1,50,NO ACCESS,N,2004.0,475.390175189481
PIONEER TOWER RD,04-At/near private drive,02-Thru lane,04-Freezing Rain,01-Daylight,MIDBLOCK,Monday,February,0,PIONEER TOWER RD,2,ROAD,LOCAL,8.0,20.0,PAVED,TwoWay,PAVED,6,50,NO ACCESS,N,1956.0,131.758811318872
PIONEER TOWER RD,04-At/near private drive,02-Thru lane,04-Freezing Rain,01-Daylight,MIDBLOCK,Monday,February,0,PIONEER TOWER RD,2,ROAD,MINOR,8.0,20.0,PAVED,TwoWay,PAVED,1,50,NO ACCESS,N,1991.0,187.153915006571
PIONEER TOWER RD,01-Non intersection,02-Thru lane,01-Clear,01-Daylight,MIDBLOCK,Wednesday,September,0,PIONEER TOWER RD,2,ROAD,LOCAL,8.0,20.0,PAVED,TwoWay,PAVED,6,50,NO ACCESS,N,1956.0,196.75720642080398
PIONEER TOWER RD,01-Non intersection,02-Thru lane,01-Clear,01-Daylight,MIDBLOCK,Wednesday,September,0,PIONEER TOWER RD,2,ROAD,LOCAL,7.0,12.0,PAVED,TwoWay,PAVED,6,50,NO ACCESS,N,1900.0,142.093004278391
PIONEER TOWER RD,01-Non intersection,02-Thru lane,01-Clear,01-Daylight,MIDBLOCK,Wednesday,September,0,PIONEER TOWER RD,2,ROAD,MINOR,8.0,20.0,PAVED,TwoWay,PAVED,1,50,NO ACCESS,N,1953.0,249.45211667964298
PIONEER TOWER RD,01-Non intersection,02-Thru lane,01-Clear,01-Daylight,MIDBLOCK,Wednesday,September,0,PIONEER TOWER RD,2,ROAD,MINOR,8.0,20.0,PAVED,TwoWay,PAVED,1,50,NO ACCESS,N,2004.0,475.390175189481
PIONEER TOWER RD,01-Non intersection,02-Thru lane,01-Clear,01-Daylight,MIDBLOCK,Wednesday,September,0,PIONEER TOWER RD,2,ROAD,LOCAL,8.0,20.0,PAVED,TwoWay,PAVED,6,50,NO ACCESS,N,1956.0,131.758811318872
PIONEER TOWER RD,01-Non intersection,02-Thru lane,01-Clear,01-Daylight,MIDBLOCK,Wednesday,September,0,PIONEER TOWER RD,2,ROAD,MINOR,8.0,20.0,PAVED,TwoWay,PAVED,1,50,NO ACCESS,N,1991.0,187.153915006571
FOREST HILL DR,01-Non intersection,10-Not on roadway - left side,01-Clear,"08-Dark, artificial",MIDBLOCK,Saturday,October,1,FOREST HILL DR,2,ROAD,MINOR,9.0,20.0,PAVED,TwoWay,PAVED,6,40,NO ACCESS,N,2004.0,337.676264845392
FOREST HILL DR,01-Non intersection,10-Not on roadway - left side,01-Clear,"08-Dark, artificial",MIDBLOCK,Saturday,October,1,FOREST HILL DR,2,ROAD,MINOR,9.0,20.0,PAVED,TwoWay,PAVED,4,50,NO ACCESS,N,1960.0,161.973477139028
FOREST HILL DR,01-Non intersection,10-Not on roadway - left side,01-Clear,"08-Dark, artificial",MIDBLOCK,Saturday,October,1,FOREST HILL DR,2,ROAD,MINOR,9.0,20.0,PAVED,TwoWay,PAVED,4,50,NO ACCESS,N,1959.0,113.00847129544901
FOREST HILL DR,01-Non intersection,10-Not on roadway - left side,01-Clear,"08-Dark, artificial",MIDBLOCK,Saturday,October,1,FOREST HILL DR,2,ROAD,MINOR,8.0,20.0,PAVED,TwoWay,PAVED,6,40,NO ACCESS,N,2004.0,176.894620575804
FOREST HILL DR,01-Non intersection,10-Not on roadway - left side,01-Clear,"08-Dark, artificial",MIDBLOCK,Saturday,October,1,FOREST HILL DR,2,ROAD,MINOR,9.0,20.0,PAVED,TwoWay,PAVED,4,50,NO ACCESS,N,1960.0,80.7741208888711
FOREST HILL DR,01-Non intersection,10-Not on roadway - left side,01-Clear,"08-Dark, artificial",MIDBLOCK,Saturday,October,1,FOREST HILL DR,2,ROAD,MINOR,8.0,20.0,PAVED,TwoWay,PAVED,4,50,NO ACCESS,N,1959.0,89.65064489613519
FOREST HILL DR,01-Non intersection,10-Not on roadway - left side,01-Clear,"08-Dark, artificial",MIDBLOCK,Saturday,October,1,FOREST HILL DR,2,ROAD,MINOR,9.0,20.0,PAVED,TwoWay,PAVED,4,50,NO ACCESS,N,1959.0,79.17174770212651
FOREST HILL DR,01-Non intersection,10-Not on roadway - left side,01-Clear,"08-Dark, artificial",MIDBLOCK,Saturday,October,1,FOREST HILL DR,2,ROAD,MINOR,9.0,20.0,PAVED,TwoWay,PAVED,6,40,NO ACCESS,N,2004.0,169.016083492762
FOREST HILL DR,01-Non intersection,10-Not on roadway - left side,01-Clear,"08-Dark, artificial",MIDBLOCK,Saturday,October,1,FOREST HILL DR,2,ROAD,MINOR,8.0,20.0,PAVED,TwoWay,PAVED,4,50,NO ACCESS,N,1959.0,96.8580217222092
FOREST HILL DR,01-Non intersection,10-Not on roadway - left side,01-Clear,"08-Dark, artificial",MIDBLOCK,Saturday,October,1,FOREST HILL DR,2,ROAD,MINOR,9.0,20.0,PAVED,TwoWay,PAVED,4,50,NO ACCESS,N,1960.0,96.0392037031595
FOREST HILL DR,01-Non intersection,10-Not on roadway - left side,01-Clear,"08-Dark, artificial",MIDBLOCK,Saturday,October,1,FOREST HILL DR,2,ROAD,MINOR,9.0,20.0,PAVED,TwoWay,PAVED,4,50,NO ACCESS,N,1959.0,93.79480528440772
FOREST HILL DR,01-Non intersection,10-Not on roadway - left side,01-Clear,"08-Dark, artificial",MIDBLOCK,Saturday,October,1,FOREST HILL DR,2,ROAD,MINOR,8.0,20.0,PAVED,TwoWay,PAVED,4,50,NO ACCESS,N,1959.0,46.861765753163006
FOREST HILL DR,01-Non intersection,10-Not on roadway - left side,01-Clear,"08-Dark, artificial",MIDBLOCK,Saturday,October,1,FOREST HILL DR,2,ROAD,MINOR,9.0,20.0,PAVED,TwoWay,PAVED,4,50,NO ACCESS,N,1959.0,139.75723727096002
FOREST HILL DR,01-Non intersection,10-Not on roadway - left side,01-Clear,"08-Dark, artificial",MIDBLOCK,Saturday,October,1,FOREST HILL DR,2,ROAD,MINOR,9.0,20.0,PAVED,TwoWay,PAVED,4,40,NO ACCESS,N,1959.0,257.872304731875
FOREST HILL DR,04-At/near private drive,02-Thru lane,01-Clear,07-Dark,MIDBLOCK,Sunday,June,1,FOREST HILL DR,2,ROAD,MINOR,9.0,20.0,PAVED,TwoWay,PAVED,6,40,NO ACCESS,N,2004.0,337.676264845392
FOREST HILL DR,04-At/near private drive,02-Thru lane,01-Clear,07-Dark,MIDBLOCK,Sunday,June,1,FOREST HILL DR,2,ROAD,MINOR,9.0,20.0,PAVED,TwoWay,PAVED,4,50,NO ACCESS,N,1960.0,161.973477139028
FOREST HILL DR,04-At/near private drive,02-Thru lane,01-Clear,07-Dark,MIDBLOCK,Sunday,June,1,FOREST HILL DR,2,ROAD,MINOR,9.0,20.0,PAVED,TwoWay,PAVED,4,50,NO ACCESS,N,1959.0,113.00847129544901
FOREST HILL DR,04-At/near private drive,02-Thru lane,01-Clear,07-Dark,MIDBLOCK,Sunday,June,1,FOREST HILL DR,2,ROAD,MINOR,8.0,20.0,PAVED,TwoWay,PAVED,6,40,NO ACCESS,N,2004.0,176.894620575804
FOREST HILL DR,04-At/near private drive,02-Thru lane,01-Clear,07-Dark,MIDBLOCK,Sunday,June,1,FOREST HILL DR,2,ROAD,MINOR,9.0,20.0,PAVED,TwoWay,PAVED,4,50,NO ACCESS,N,1960.0,80.7741208888711
FOREST HILL DR,04-At/near private drive,02-Thru lane,01-Clear,07-Dark,MIDBLOCK,Sunday,June,1,FOREST HILL DR,2,ROAD,MINOR,8.0,20.0,PAVED,TwoWay,PAVED,4,50,NO ACCESS,N,1959.0,89.65064489613519
FOREST HILL DR,04-At/near private drive,02-Thru lane,01-Clear,07-Dark,MIDBLOCK,Sunday,June,1,FOREST HILL DR,2,ROAD,MINOR,9.0,20.0,PAVED,TwoWay,PAVED,4,50,NO ACCESS,N,1959.0,79.17174770212651
FOREST HILL DR,04-At/near private drive,02-Thru lane,01-Clear,07-Dark,MIDBLOCK,Sunday,June,1,FOREST HILL DR,2,ROAD,MINOR,9.0,20.0,PAVED,TwoWay,PAVED,6,40,NO ACCESS,N,2004.0,169.016083492762
FOREST HILL DR,04-At/near private drive,02-Thru lane,01-Clear,07-Dark,MIDBLOCK,Sunday,June,1,FOREST HILL DR,2,ROAD,MINOR,8.0,20.0,PAVED,TwoWay,PAVED,4,50,NO ACCESS,N,1959.0,96.8580217222092
FOREST HILL DR,04-At/near private drive,02-Thru lane,01-Clear,07-Dark,MIDBLOCK,Sunday,June,1,FOREST HILL DR,2,ROAD,MINOR,9.0,20.0,PAVED,TwoWay,PAVED,4,50,NO ACCESS,N,1960.0,96.0392037031595
FOREST HILL DR,04-At/near private drive,02-Thru lane,01-Clear,07-Dark,MIDBLOCK,Sunday,June,1,FOREST HILL DR,2,ROAD,MINOR,9.0,20.0,PAVED,TwoWay,PAVED,4,50,NO ACCESS,N,1959.0,93.79480528440772
FOREST HILL DR,04-At/near private drive,02-Thru lane,01-Clear,07-Dark,MIDBLOCK,Sunday,June,1,FOREST HILL DR,2,ROAD,MINOR,8.0,20.0,PAVED,TwoWay,PAVED,4,50,NO ACCESS,N,1959.0,46.861765753163006
FOREST HILL DR,04-At/near private drive,02-Thru lane,01-Clear,07-Dark,MIDBLOCK,Sunday,June,1,FOREST HILL DR,2,ROAD,MINOR,9.0,20.0,PAVED,TwoWay,PAVED,4,50,NO ACCESS,N,1959.0,139.75723727096002
FOREST HILL DR,04-At/near private drive,02-Thru lane,01-Clear,07-Dark,MIDBLOCK,Sunday,June,1,FOREST HILL DR,2,ROAD,MINOR,9.0,20.0,PAVED,TwoWay,PAVED,4,40,NO ACCESS,N,1959.0,257.872304731875