LOCATION,ACCIDENT_LOCATION,IMPACT_LOCATION,ENVIRONMENT_CONDITION,LIGHT,COLLISION_TYPE,DAY_OF_WEEK,MONTH,IS_WEEKEND,STREET,LANES,CATEGORY,SUBCATEGORY,PAVEMENT_WIDTH,ROW_WIDTH,SHOULDER,FLOW_DIRECTION,SURFACE_LAYER_TYPE,OFFICIAL_ROAD_CLASSIFICATION,SPEED_LIMIT_KM,TRUCK_ACCESS,BUS_ROUTE,SERVICE_YEAR,Shape__Length
BYRON AVE,04-At/near private drive,02-Thru lane,01-Clear,01-Daylight,MIDBLOCK,Monday,February,0,BYRON AVE,2,ROAD,LOCAL,9.0,20.0,PAVED,TwoWay,PAVED,6,50,NO ACCESS,N,1955.0,370.427623806211
ROCHEFORT ST,04-At/near private drive,02-Thru lane,03-Snow,03-Dawn,MIDBLOCK,Sunday,February,1,ROCHEFORT ST,2,ROAD,LOCAL,10.0,20.0,PAVED,TwoWay,PAVED,6,50,NO ACCESS,N,2005.0,79.28595344899591
ROCHEFORT ST,04-At/near private drive,02-Thru lane,03-Snow,03-Dawn,MIDBLOCK,Sunday,February,1,ROCHEFORT ST,2,ROAD,LOCAL,10.0,20.0,PAVED,TwoWay,PAVED,6,50,NO ACCESS,N,2005.0,81.28626440632071
ROCHEFORT ST,04-At/near private drive,02-Thru lane,03-Snow,03-Dawn,MIDBLOCK,Sunday,February,1,ROCHEFORT ST,2,ROAD,LOCAL,10.0,20.0,PAVED,TwoWay,PAVED,6,50,NO ACCESS,N,2005.0,81.28612024280929
ROCHEFORT ST,04-At/near private drive,02-Thru lane,03-Snow,03-Dawn,MIDBLOCK,Sunday,February,1,ROCHEFORT ST,2,ROAD,LOCAL,10.0,20.0,PAVED,TwoWay,PAVED,6,50,NO ACCESS,N,2005.0,79.2855737233938
ROCHEFORT ST,04-At/near private drive,02-Thru lane,01-Clear,"08-Dark, artificial",MIDBLOCK,Saturday,March,1,ROCHEFORT ST,2,ROAD,LOCAL,10.0,20.0,PAVED,TwoWay,PAVED,6,50,NO ACCESS,N,2005.0,79.28595344899591
ROCHEFORT ST,04-At/near private drive,02-Thru lane,01-Clear,"08-Dark, artificial",MIDBLOCK,Saturday,March,1,ROCHEFORT ST,2,ROAD,LOCAL,10.0,20.0,PAVED,TwoWay,PAVED,6,50,NO ACCESS,N,2005.0,81.28626440632071
ROCHEFORT ST,04-At/near private drive,02-Thru lane,01-Clear,"08-Dark, artificial",MIDBLOCK,Saturday,March,1,ROCHEFORT ST,2,ROAD,LOCAL,10.0,20.0,PAVED,TwoWay,PAVED,6,50,NO ACCESS,N,2005.0,81.28612024280929
ROCHEFORT ST,04-At/near private drive,02-Thru lane,01-Clear,"08-Dark, artificial",MIDBLOCK,Saturday,March,1,ROCHEFORT ST,2,ROAD,LOCAL,10.0,20.0,PAVED,TwoWay,PAVED,6,50,NO ACCESS,N,2005.0,79.2855737233938
ROCHEFORT ST,04-At/near private drive,02-Thru lane,01-Clear,01-Daylight,MIDBLOCK,Wednesday,March,0,ROCHEFORT ST,2,ROAD,LOCAL,10.0,20.0,PAVED,TwoWay,PAVED,6,50,NO ACCESS,N,2005.0,79.28595344899591
ROCHEFORT ST,04-At/near private drive,02-Thru lane,01-Clear,01-Daylight,MIDBLOCK,Wednesday,March,0,ROCHEFORT ST,2,ROAD,LOCAL,10.0,20.0,PAVED,TwoWay,PAVED,6,50,NO ACCESS,N,2005.0,81.28626440632071
ROCHEFORT ST,04-At/near private drive,02-Thru lane,01-Clear,01-Daylight,MIDBLOCK,Wednesday,March,0,ROCHEFORT ST,2,ROAD,LOCAL,10.0,20.0,PAVED,TwoWay,PAVED,6,50,NO ACCESS,N,2005.0,81.28612024280929
ROCHEFORT ST,04-At/near private drive,02-Thru lane,01-Clear,01-Daylight,MIDBLOCK,Wednesday,March,0,ROCHEFORT ST,2,ROAD,LOCAL,10.0,20.0,PAVED,TwoWay,PAVED,6,50,NO ACCESS,N,2005.0,79.2855737233938
BORDEN AVE S,01-Non intersection,11-Not on roadway - right side,03-Snow,"08-Dark, artificial",MIDBLOCK,Sunday,January,1,BORDEN AVE S,2,ROAD,MINOR,11.0,20.0,PAVED,TwoWay,PAVED,4,50,NO ACCESS,N,2003.0,92.422688104291
DAVID ELSEY ST,01-Non intersection,12-Off highway,03-Snow,01-Daylight,MIDBLOCK,Saturday,December,1,DAVID ELSEY ST,2,ROAD,LOCAL,8.0,16.0,PAVED,TwoWay,PAVED,6,50,NO ACCESS,N,2006.0,246.38863426121102
BRAMBLEWOOD ST,04-At/near private drive,02-Thru lane,03-Snow,07-Dark,MIDBLOCK,Tuesday,December,0,BRAMBLEWOOD ST,2,ROAD,MINOR,9.0,20.0,PAVED,TwoWay,PAVED,6,50,NO ACCESS,N,1995.0,131.63009771375602
WILHELM ST,04-At/near private drive,09-Right shoulder,03-Snow,01-Daylight,MIDBLOCK,Wednesday,December,0,WILHELM ST,2,ROAD,LOCAL,7.0,12.0,PAVED,TwoWay,PAVED,6,50,NO ACCESS,N,1854.0,85.83202440878179
WILHELM ST,04-At/near private drive,09-Right shoulder,03-Snow,01-Daylight,MIDBLOCK,Wednesday,December,0,WILHELM ST,2,ROAD,LOCAL,7.0,12.0,PAVED,TwoWay,PAVED,6,50,NO ACCESS,N,1854.0,105.102717446616
WILHELM ST,04-At/near private drive,09-Right shoulder,03-Snow,01-Daylight,MIDBLOCK,Wednesday,December,0,WILHELM ST,2,ROAD,LOCAL,7.0,12.0,PAVED,TwoWay,PAVED,6,50,NO ACCESS,N,1854.0,151.97279893574
WILHELM ST,04-At/near private drive,09-Right shoulder,03-Snow,01-Daylight,MIDBLOCK,Wednesday,December,0,WILHELM ST,2,ROAD,LOCAL,7.0,12.0,PAVED,TwoWay,PAVED,6,50,NO ACCESS,N,1988.0,133.270442382063
WILHELM ST,04-At/near private drive,09-Right shoulder,03-Snow,01-Daylight,MIDBLOCK,Wednesday,December,0,WILHELM ST,2,ROAD,LOCAL,7.0,12.0,PAVED,TwoWay,PAVED,6,50,NO ACCESS,N,1988.0,88.4685154048597
WILHELM ST,04-At/near private drive,02-Thru lane,01-Clear,05-Dusk,MIDBLOCK,Monday,June,0,WILHELM ST,2,ROAD,LOCAL,7.0,12.0,PAVED,TwoWay,PAVED,6,50,NO ACCESS,N,1854.0,85.83202440878179
WILHELM ST,04-At/near private drive,02-Thru lane,01-Clear,05-Dusk,MIDBLOCK,Monday,June,0,WILHELM ST,2,ROAD,LOCAL,7.0,12.0,PAVED,TwoWay,PAVED,6,50,NO ACCESS,N,1854.0,105.102717446616
WILHELM ST,04-At/near private drive,02-Thru lane,01-Clear,05-Dusk,MIDBLOCK,Monday,June,0,WILHELM ST,2,ROAD,LOCAL,7.0,12.0,PAVED,TwoWay,PAVED,6,50,NO ACCESS,N,1854.0,151.97279893574
WILHELM ST,04-At/near private drive,02-Thru lane,01-Clear,05-Dusk,MIDBLOCK,Monday,June,0,WILHELM ST,2,ROAD,LOCAL,7.0,12.0,PAVED,TwoWay,PAVED,6,50,NO ACCESS,N,1988.0,133.270442382063
WILHELM ST,04-At/near private drive,02-Thru lane,01-Clear,05-Dusk,MIDBLOCK,Monday,June,0,WILHELM ST,2,ROAD,LOCAL,7.0,12.0,PAVED,TwoWay,PAVED,6,50,NO ACCESS,N,1988.0,88.4685154048597
ROXBOROUGH AVE,04-At/near private drive,02-Thru lane,04-Freezing Rain,07-Dark,MIDBLOCK,Sunday,December,1,ROXBOROUGH AVE,2,ROAD,LOCAL,9.0,18.0,PAVED,TwoWay,PAVED,6,50,NO ACCESS,N,1952.0,182.06233479232296
ROXBOROUGH AVE,04-At/near private drive,02-Thru lane,04-Freezing Rain,07-Dark,MIDBLOCK,Sunday,December,1,ROXBOROUGH AVE,2,ROAD,LOCAL,9.0,21.0,PAVED,TwoWay,PAVED,6,50,NO ACCESS,N,1951.0,121.46189998419099
ROSE ST,01-Non intersection,01-Within intersection,03-Snow,07-Dark,MIDBLOCK,Saturday,February,1,ROSE ST,2,ROAD,LOCAL,7.0,20.0,PAVED,TwoWay,PAVED,6,50,NO ACCESS,N,2003.0,226.88428289057399
ROSE ST,01-Non intersection,02-Thru lane,01-Clear,01-Daylight,MIDBLOCK,Thursday,February,0,ROSE ST,2,ROAD,LOCAL,7.0,20.0,PAVED,TwoWay,PAVED,6,50,NO ACCESS,N,2003.0,226.88428289057399
ROSE ST,01-Non intersection,02-Thru lane,01-Clear,01-Daylight,MIDBLOCK,Sunday,March,1,ROSE ST,2,ROAD,LOCAL,7.0,20.0,PAVED,TwoWay,PAVED,6,50,NO ACCESS,N,2003.0,226.88428289057399
REIDEL DR,01-Non intersection,02-Thru lane,05-Drifting Snow,01-Daylight,MIDBLOCK,Tuesday,January,0,REIDEL DR,2,ROAD,MINOR,7.0,16.0,PAVED,TwoWay,PAVED,6,50,NO ACCESS,N,1860.0,810.808333976302
REIDEL DR,01-Non intersection,11-Not on roadway - right side,05-Drifting Snow,01-Daylight,MIDBLOCK,Tuesday,November,0,REIDEL DR,2,ROAD,MINOR,7.0,16.0,PAVED,TwoWay,PAVED,6,50,NO ACCESS,N,1860.0,810.808333976302
REIDEL DR,01-Non intersection,09-Right shoulder,03-Snow,07-Dark,MIDBLOCK,Thursday,January,0,REIDEL DR,2,ROAD,MINOR,7.0,16.0,PAVED,TwoWay,PAVED,6,50,NO ACCESS,N,1860.0,810.808333976302
REIDEL DR,01-Non intersection,02-Thru lane,03-Snow,01-Daylight,MIDBLOCK,Wednesday,December,0,REIDEL DR,2,ROAD,MINOR,7.0,16.0,PAVED,TwoWay,PAVED,6,50,NO ACCESS,N,1860.0,810.808333976302
ISAIAH CRES,04-At/near private drive,02-Thru lane,01-Clear,01-Daylight,MIDBLOCK,Wednesday,August,0,ISAIAH CRES,2,ROAD,LOCAL,8.0,20.0,PAVED,TwoWay,PAVED,6,50,NO ACCESS,N,2007.0,397.3989167290261
ISAIAH CRES,04-At/near private drive,02-Thru lane,01-Clear,01-Daylight,MIDBLOCK,Friday,July,0,ISAIAH CRES,2,ROAD,LOCAL,8.0,20.0,PAVED,TwoWay,PAVED,6,50,NO ACCESS,N,2007.0,397.3989167290261
BENESFORT DR,01-Non intersection,02-Thru lane,01-Clear,01-Daylight,MIDBLOCK,Saturday,April,1,BENESFORT DR,2,ROAD,LOCAL,9.0,20.0,PAVED,TwoWay,PAVED,6,50,NO ACCESS,N,1990.0,239.313903795045
BENESFORT DR,01-Non intersection,02-Thru lane,01-Clear,01-Daylight,MIDBLOCK,Saturday,April,1,BENESFORT DR,2,ROAD,LOCAL,8.0,20.0,PAVED,TwoWay,PAVED,6,50,NO ACCESS,N,1990.0,88.7568870848942
BENESFORT DR,01-Non intersection,02-Thru lane,01-Clear,01-Daylight,MIDBLOCK,Saturday,April,1,BENESFORT DR,2,ROAD,LOCAL,8.0,20.0,PAVED,TwoWay,PAVED,6,50,NO ACCESS,N,1990.0,87.3614965879344
RESURRECTION DR,04-At/near private drive,02-Thru lane,01-Clear,01-Daylight,MIDBLOCK,Thursday,May,0,RESURRECTION DR,2,ROAD,MINOR,10.0,20.0,PAVED,TwoWay,PAVED,4,50,NO ACCESS,N,1990.0,93.56553893521941
RESURRECTION DR,04-At/near private drive,02-Thru lane,01-Clear,01-Daylight,MIDBLOCK,Thursday,May,0,RESURRECTION DR,2,ROAD,MINOR,9.0,20.0,PAVED,TwoWay,PAVED,4,50,NO ACCESS,N,1993.0,97.6208838337961
RESURRECTION DR,04-At/near private drive,02-Thru lane,01-Clear,01-Daylight,MIDBLOCK,Thursday,May,0,RESURRECTION DR,2,ROAD,MINOR,11.0,27.0,PAVED,TwoWay,PAVED,4,50,NO ACCESS,N,1990.0,250.642311620043
RESURRECTION DR,04-At/near private drive,02-Thru lane,01-Clear,01-Daylight,MIDBLOCK,Thursday,May,0,RESURRECTION DR,2,ROAD,MINOR,9.0,20.0,PAVED,TwoWay,PAVED,4,50,NO ACCESS,N,1990.0,145.90842473584
RESURRECTION DR,04-At/near private drive,02-Thru lane,01-Clear,01-Daylight,MIDBLOCK,Thursday,May,0,RESURRECTION DR,2,ROAD,MINOR,9.0,20.0,PAVED,TwoWay,PAVED,4,50,NO ACCESS,N,1993.0,275.227479355342
RESURRECTION DR,01-Non intersection,02-Thru lane,01-Clear,01-Daylight,MIDBLOCK,Saturday,August,1,RESURRECTION DR,2,ROAD,MINOR,10.0,20.0,PAVED,TwoWay,PAVED,4,50,NO ACCESS,N,1990.0,93.56553893521941
RESURRECTION DR,01-Non intersection,02-Thru lane,01-Clear,01-Daylight,MIDBLOCK,Saturday,August,1,RESURRECTION DR,2,ROAD,MINOR,9.0,20.0,PAVED,TwoWay,PAVED,4,50,NO ACCESS,N,1993.0,97.6208838337961
RESURRECTION DR,01-Non intersection,02-Thru lane,01-Clear,01-Daylight,MIDBLOCK,Saturday,August,1,RESURRECTION DR,2,ROAD,MINOR,11.0,27.0,PAVED,TwoWay,PAVED,4,50,NO ACCESS,N,1990.0,250.642311620043
RESURRECTION DR,01-Non intersection,02-Thru lane,01-Clear,01-Daylight,MIDBLOCK,Saturday,August,1,RESURRECTION DR,2,ROAD,MINOR,9.0,20.0,PAVED,TwoWay,PAVED,4,50,NO ACCESS,N,1990.0,145.90842473584
RESURRECTION DR,01-Non intersection,02-Thru lane,01-Clear,01-Daylight,MIDBLOCK,Saturday,August,1,RESURRECTION DR,2,ROAD,MINOR,9.0,20.0,PAVED,TwoWay,PAVED,4,50,NO ACCESS,N,1993.0,275.227479355342
RESURRECTION DR,01-Non intersection,11-Not on roadway - right side,01-Clear,01-Daylight,MIDBLOCK,Tuesday,December,0,RESURRECTION DR,2,ROAD,MINOR,10.0,20.0,PAVED,TwoWay,PAVED,4,50,NO ACCESS,N,1990.0,93.56553893521941
RESURRECTION DR,01-Non intersection,11-Not on roadway - right side,01-Clear,01-Daylight,MIDBLOCK,Tuesday,December,0,RESURRECTION DR,2,ROAD,MINOR,9.0,20.0,PAVED,TwoWay,PAVED,4,50,NO ACCESS,N,1993.0,97.6208838337961
RESURRECTION DR,01-Non intersection,11-Not on roadway - right side,01-Clear,01-Daylight,MIDBLOCK,Tuesday,December,0,RESURRECTION DR,2,ROAD,MINOR,11.0,27.0,PAVED,TwoWay,PAVED,4,50,NO ACCESS,N,1990.0,250.642311620043
RESURRECTION DR,01-Non intersection,11-Not on roadway - right side,01-Clear,01-Daylight,MIDBLOCK,Tuesday,December,0,RESURRECTION DR,2,ROAD,MINOR,9.0,20.0,PAVED,TwoWay,PAVED,4,50,NO ACCESS,N,1990.0,145.90842473584
RESURRECTION DR,01-Non intersection,11-Not on roadway - right side,01-Clear,01-Daylight,MIDBLOCK,Tuesday,December,0,RESURRECTION DR,2,ROAD,MINOR,9.0,20.0,PAVED,TwoWay,PAVED,4,50,NO ACCESS,N,1993.0,275.227479355342
RESURRECTION DR,01-Non intersection,09-Right shoulder,01-Clear,01-Daylight,MIDBLOCK,Saturday,October,1,RESURRECTION DR,2,ROAD,MINOR,10.0,20.0,PAVED,TwoWay,PAVED,4,50,NO ACCESS,N,1990.0,93.56553893521941
RESURRECTION DR,01-Non intersection,09-Right shoulder,01-Clear,01-Daylight,MIDBLOCK,Saturday,October,1,RESURRECTION DR,2,ROAD,MINOR,9.0,20.0,PAVED,TwoWay,PAVED,4,50,NO ACCESS,N,1993.0,97.6208838337961
RESURRECTION DR,01-Non intersection,09-Right shoulder,01-Clear,01-Daylight,MIDBLOCK,Saturday,October,1,RESURRECTION DR,2,ROAD,MINOR,11.0,27.0,PAVED,TwoWay,PAVED,4,50,NO ACCESS,N,1990.0,250.642311620043
RESURRECTION DR,01-Non intersection,09-Right shoulder,01-Clear,01-Daylight,MIDBLOCK,Saturday,October,1,RESURRECTION DR,2,ROAD,MINOR,9.0,20.0,PAVED,TwoWay,PAVED,4,50,NO ACCESS,N,1990.0,145.90842473584
RESURRECTION DR,01-Non intersection,09-Right shoulder,01-Clear,01-Daylight,MIDBLOCK,Saturday,October,1,RESURRECTION DR,2,ROAD,MINOR,9.0,20.0,PAVED,TwoWay,PAVED,4,50,NO ACCESS,N,1993.0,275.227479355342
RESURRECTION DR,01-Non intersection,02-Thru lane,01-Clear,01-Daylight,MIDBLOCK,Tuesday,February,0,RESURRECTION DR,2,ROAD,MINOR,10.0,20.0,PAVED,TwoWay,PAVED,4,50,NO ACCESS,N,1990.0,93.56553893521941
RESURRECTION DR,01-Non intersection,02-Thru lane,01-Clear,01-Daylight,MIDBLOCK,Tuesday,February,0,RESURRECTION DR,2,ROAD,MINOR,9.0,20.0,PAVED,TwoWay,PAVED,4,50,NO ACCESS,N,1993.0,97.6208838337961
RESURRECTION DR,01-Non intersection,02-Thru lane,01-Clear,01-Daylight,MIDBLOCK,Tuesday,February,0,RESURRECTION DR,2,ROAD,MINOR,11.0,27.0,PAVED,TwoWay,PAVED,4,50,NO ACCESS,N,1990.0,250.642311620043
RESURRECTION DR,01-Non intersection,02-Thru lane,01-Clear,01-Daylight,MIDBLOCK,Tuesday,February,0,RESURRECTION DR,2,ROAD,MINOR,9.0,20.0,PAVED,TwoWay,PAVED,4,50,NO ACCESS,N,1990.0,145.90842473584
RESURRECTION DR,01-Non intersection,02-Thru lane,01-Clear,01-Daylight,MIDBLOCK,Tuesday,February,0,RESURRECTION DR,2,ROAD,MINOR,9.0,20.0,PAVED,TwoWay,PAVED,4,50,NO ACCESS,N,1993.0,275.227479355342
RESURRECTION DR,01-Non intersection,10-Not on roadway - left side,03-Snow,01-Daylight,MIDBLOCK,Monday,November,0,RESURRECTION DR,2,ROAD,MINOR,10.0,20.0,PAVED,TwoWay,PAVED,4,50,NO ACCESS,N,1990.0,93.56553893521941
RESURRECTION DR,01-Non intersection,10-Not on roadway - left side,03-Snow,01-Daylight,MIDBLOCK,Monday,November,0,RESURRECTION DR,2,ROAD,MINOR,9.0,20.0,PAVED,TwoWay,PAVED,4,50,NO ACCESS,N,1993.0,97.6208838337961
RESURRECTION DR,01-Non intersection,10-Not on roadway - left side,03-Snow,01-Daylight,MIDBLOCK,Monday,November,0,RESURRECTION DR,2,ROAD,MINOR,11.0,27.0,PAVED,TwoWay,PAVED,4,50,NO ACCESS,N,1990.0,250.642311620043
RESURRECTION DR,01-Non intersection,10-Not on roadway - left side,03-Snow,01-Daylight,MIDBLOCK,Monday,November,0,RESURRECTION DR,2,ROAD,MINOR,9.0,20.0,PAVED,TwoWay,PAVED,4,50,NO ACCESS,N,1990.0,145.90842473584
RESURRECTION DR,01-Non intersection,10-Not on roadway - left side,03-Snow,01-Daylight,MIDBLOCK,Monday,November,0,RESURRECTION DR,2,ROAD,MINOR,9.0,20.0,PAVED,TwoWay,PAVED,4,50,NO ACCESS,N,1993.0,275.227479355342
DALEWOOD DR,01-Non intersection,02-Thru lane,01-Clear,01-Daylight,MIDBLOCK,Wednesday,January,0,DALEWOOD DR,2,ROAD,LOCAL,9.0,20.0,PAVED,TwoWay,PAVED,6,50,NO ACCESS,N,1967.0,87.29480812791401
DALEWOOD DR,01-Non intersection,02-Thru lane,01-Clear,01-Daylight,MIDBLOCK,Wednesday,January,0,DALEWOOD DR,2,ROAD,LOCAL,9.0,20.0,PAVED,TwoWay,PAVED,6,50,NO ACCESS,N,1967.0,272.192332077062
DALEWOOD DR,01-Non intersection,02-Thru lane,01-Clear,01-Daylight,MIDBLOCK,Wednesday,January,0,DALEWOOD DR,2,ROAD,LOCAL,9.0,20.0,PAVED,TwoWay,PAVED,6,50,NO ACCESS,N,1967.0,98.5202872381003
DALEWOOD DR,01-Non intersection,02-Thru lane,01-Clear,01-Daylight,MIDBLOCK,Wednesday,January,0,DALEWOOD DR,2,ROAD,LOCAL,9.0,20.0,PAVED,TwoWay,PAVED,6,50,NO ACCESS,N,1965.0,283.679109177952
DAYTONA ST,99-Other,12-Off highway,01-Clear,"08-Dark, artificial",MIDBLOCK,Sunday,June,1,DAYTONA ST,2,ROAD,LOCAL,9.0,20.0,PAVED,TwoWay,PAVED,6,50,NO ACCESS,N,1988.0,245.37571155031296
UDVARI CRES,04-At/near private drive,10-Not on roadway - left side,02-Rain,01-Daylight,MIDBLOCK,Sunday,June,1,UDVARI CRES,2,ROAD,LOCAL,9.0,18.0,PAVED,TwoWay,PAVED,6,50,NO ACCESS,N,2002.0,90.3332275311459
UDVARI CRES,04-At/near private drive,10-Not on roadway - left side,02-Rain,01-Daylight,MIDBLOCK,Sunday,June,1,UDVARI CRES,2,ROAD,LOCAL,10.0,20.0,PAVED,TwoWay,PAVED,6,50,NO ACCESS,N,1999.0,82.3828143451269
UDVARI CRES,04-At/near private drive,10-Not on roadway - left side,02-Rain,01-Daylight,MIDBLOCK,Sunday,June,1,UDVARI CRES,2,ROAD,LOCAL,10.0,18.0,PAVED,TwoWay,PAVED,6,50,NO ACCESS,N,2007.0,250.803896934157
UDVARI CRES,01-Non intersection,02-Thru lane,02-Rain,01-Daylight,MIDBLOCK,Thursday,December,0,UDVARI CRES,2,ROAD,LOCAL,9.0,18.0,PAVED,TwoWay,PAVED,6,50,NO ACCESS,N,2002.0,90.3332275311459
UDVARI CRES,01-Non intersection,02-Thru lane,02-Rain,01-Daylight,MIDBLOCK,Thursday,December,0,UDVARI CRES,2,ROAD,LOCAL,10.0,20.0,PAVED,TwoWay,PAVED,6,50,NO ACCESS,N,1999.0,82.3828143451269
UDVARI CRES,01-Non intersection,02-Thru lane,02-Rain,01-Daylight,MIDBLOCK,Thursday,December,0,UDVARI CRES,2,ROAD,LOCAL,10.0,18.0,PAVED,TwoWay,PAVED,6,50,NO ACCESS,N,2007.0,250.803896934157
CHERRY ST,04-At/near private drive,02-Thru lane,01-Clear,01-Daylight,MIDBLOCK,Tuesday,August,0,CHERRY ST,2,ROAD,MINOR,6.0,12.0,PAVED,TwoWay,PAVED,5,50,NO ACCESS,N,2000.0,191.635040167141
CHERRY ST,04-At/near private drive,02-Thru lane,01-Clear,01-Daylight,MIDBLOCK,Tuesday,August,0,CHERRY ST,2,ROAD,LOCAL,9.0,14.0,PAVED,TwoWay,PAVED,6,50,NO ACCESS,N,2001.0,240.288805171537
CHERRY ST,04-At/near private drive,02-Thru lane,01-Clear,01-Daylight,MIDBLOCK,Tuesday,August,0,CHERRY ST,2,ROAD,MINOR,5.0,12.0,PAVED,TwoWay,PAVED,5,50,NO ACCESS,N,2000.0,129.53741079928002
WESTVIEW CRES,04-At/near private drive,09-Right shoulder,02-Rain,07-Dark,MIDBLOCK,Tuesday,August,0,WESTVIEW CRES,2,ROAD,LOCAL,8.0,20.0,PAVED,TwoWay,PAVED,6,50,NO ACCESS,N,1978.0,86.1966281625379
WESTVIEW CRES,04-At/near private drive,09-Right shoulder,02-Rain,07-Dark,MIDBLOCK,Tuesday,August,0,WESTVIEW CRES,2,ROAD,LOCAL,8.0,16.0,PAVED,TwoWay,PAVED,6,50,NO ACCESS,N,1978.0,341.625656855887
WESTVIEW CRES,04-At/near private drive,02-Thru lane,01-Clear,01-Daylight,MIDBLOCK,Monday,July,0,WESTVIEW CRES,2,ROAD,LOCAL,8.0,20.0,PAVED,TwoWay,PAVED,6,50,NO ACCESS,N,1978.0,86.1966281625379
WESTVIEW CRES,04-At/near private drive,02-Thru lane,01-Clear,01-Daylight,MIDBLOCK,Monday,July,0,WESTVIEW CRES,2,ROAD,LOCAL,8.0,16.0,PAVED,TwoWay,PAVED,6,50,NO ACCESS,N,1978.0,341.625656855887
RADCLIFFE DR,01-Non intersection,10-Not on roadway - left side,01-Clear,"08-Dark, artificial",MIDBLOCK,Sunday,July,1,RADCLIFFE DR,2,ROAD,LOCAL,9.0,20.0,PAVED,TwoWay,PAVED,6,50,NO ACCESS,N,1974.0,89.53088561365641
RADCLIFFE DR,01-Non intersection,10-Not on roadway - left side,01-Clear,"08-Dark, artificial",MIDBLOCK,Sunday,July,1,RADCLIFFE DR,2,ROAD,LOCAL,9.0,20.0,PAVED,TwoWay,PAVED,6,50,NO ACCESS,N,1974.0,181.762680506472
RADCLIFFE DR,01-Non intersection,10-Not on roadway - left side,01-Clear,"08-Dark, artificial",MIDBLOCK,Sunday,July,1,RADCLIFFE DR,2,ROAD,LOCAL,9.0,20.0,PAVED,TwoWay,PAVED,6,50,NO ACCESS,N,1974.0,107.86145769157301
RADCLIFFE DR,01-Non intersection,10-Not on roadway - left side,01-Clear,"08-Dark, artificial",MIDBLOCK,Sunday,July,1,RADCLIFFE DR,2,ROAD,LOCAL,8.0,20.0,PAVED,TwoWay,PAVED,6,50,NO ACCESS,N,1974.0,75.5654441422897
RADCLIFFE DR,01-Non intersection,10-Not on roadway - left side,01-Clear,"08-Dark, artificial",MIDBLOCK,Sunday,July,1,RADCLIFFE DR,2,ROAD,LOCAL,9.0,20.0,PAVED,TwoWay,PAVED,6,50,NO ACCESS,N,1974.0,173.579736916918
CHESTNUT ST,04-At/near private drive,02-Thru lane,01-Clear,01-Daylight,MIDBLOCK,Tuesday,January,0,CHESTNUT ST,2,ROAD,LOCAL,7.0,15.0,PAVED,TwoWay,PAVED,6,50,NO ACCESS,N,2005.0,154.188426863589
CHESTNUT ST,01-Non intersection,09-Right shoulder,01-Clear,07-Dark,MIDBLOCK,Wednesday,February,0,CHESTNUT ST,2,ROAD,LOCAL,7.0,15.0,PAVED,TwoWay,PAVED,6,50,NO ACCESS,N,2005.0,154.188426863589
TU LANE ST,01-Non intersection,02-Thru lane,03-Snow,01-Daylight,MIDBLOCK,Sunday,January,1,TU LANE ST,2,ROAD,LOCAL,13.0,23.0,PAVED,TwoWay,PAVED,6,50,NO ACCESS,Y,1992.0,210.142773063736
TU LANE ST,04-At/near private drive,02-Thru lane,01-Clear,01-Daylight,MIDBLOCK,Sunday,August,1,TU LANE ST,2,ROAD,LOCAL,13.0,23.0,PAVED,TwoWay,PAVED,6,50,NO ACCESS,Y,1992.0,210.142773063736
TU LANE ST,04-At/near private drive,02-Thru lane,02-Rain,01-Daylight,MIDBLOCK,Sunday,June,1,TU LANE ST,2,ROAD,LOCAL,13.0,23.0,PAVED,TwoWay,PAVED,6,50,NO ACCESS,Y,1992.0,210.142773063736
TU LANE ST,04-At/near private drive,02-Thru lane,01-Clear,01-Daylight,MIDBLOCK,Friday,April,0,TU LANE ST,2,ROAD,LOCAL,13.0,23.0,PAVED,TwoWay,PAVED,6,50,NO ACCESS,Y,1992.0,210.142773063736
TU LANE ST,01-Non intersection,02-Thru lane,01-Clear,01-Daylight,MIDBLOCK,Thursday,January,0,TU LANE ST,2,ROAD,LOCAL,13.0,23.0,PAVED,TwoWay,PAVED,6,50,NO ACCESS,Y,1992.0,210.142773063736
TU LANE ST,04-At/near private drive,06-Two-way left turn lane,01-Clear,"08-Dark, artificial",MIDBLOCK,Wednesday,November,0,TU LANE ST,2,ROAD,LOCAL,13.0,23.0,PAVED,TwoWay,PAVED,6,50,NO ACCESS,Y,1992.0,210.142773063736
BELTON DR,04-At/near private drive,02-Thru lane,01-Clear,"08-Dark, artificial",MIDBLOCK,Sunday,February,1,BELTON DR,1,BULB,LOCAL,11.0,20.0,PAVED,FromTo,PAVED,6,50,NO ACCESS,N,1969.0,79.56616683100759
BELTON DR,04-At/near private drive,02-Thru lane,01-Clear,"08-Dark, artificial",MIDBLOCK,Sunday,February,1,BELTON DR,2,ROAD,LOCAL,11.0,20.0,PAVED,TwoWay,PAVED,6,50,NO ACCESS,N,1962.0,228.767604262471