LOCATION,ACCIDENT_LOCATION,IMPACT_LOCATION,ENVIRONMENT_CONDITION,LIGHT,COLLISION_TYPE,DAY_OF_WEEK,MONTH,IS_WEEKEND,STREET,LANES,CATEGORY,SUBCATEGORY,PAVEMENT_WIDTH,ROW_WIDTH,SHOULDER,FLOW_DIRECTION,SURFACE_LAYER_TYPE,OFFICIAL_ROAD_CLASSIFICATION,SPEED_LIMIT_KM,TRUCK_ACCESS,BUS_ROUTE,SERVICE_YEAR,Shape__Length
CANNES ST,04-At/near private drive,02-Thru lane,01-Clear,01-Daylight,MIDBLOCK,Saturday,March,1,CANNES ST,2,ROAD,LOCAL,8.0,16.0,PAVED,TwoWay,PAVED,6,50,NO ACCESS,N,2005.0,231.67542011077305
ELM RIDGE DR,04-At/near private drive,02-Thru lane,01-Clear,01-Daylight,MIDBLOCK,Saturday,March,1,ELM RIDGE DR,2,ROAD,LOCAL,10.0,20.0,PAVED,TwoWay,PAVED,6,50,NO ACCESS,Y,1971.0,96.557926175331
ELM RIDGE DR,04-At/near private drive,02-Thru lane,01-Clear,01-Daylight,MIDBLOCK,Saturday,March,1,ELM RIDGE DR,2,ROAD,LOCAL,10.0,20.0,PAVED,TwoWay,PAVED,6,50,NO ACCESS,Y,1971.0,164.89331441794
ELM RIDGE DR,04-At/near private drive,02-Thru lane,01-Clear,01-Daylight,MIDBLOCK,Saturday,March,1,ELM RIDGE DR,2,ROAD,LOCAL,10.0,20.0,PAVED,TwoWay,PAVED,6,50,NO ACCESS,Y,1971.0,40.7256484288211
ELM RIDGE DR,04-At/near private drive,02-Thru lane,01-Clear,01-Daylight,MIDBLOCK,Saturday,March,1,ELM RIDGE DR,2,ROAD,LOCAL,10.0,20.0,PAVED,TwoWay,PAVED,6,50,NO ACCESS,Y,1971.0,76.89989079339242
ELM RIDGE DR,04-At/near private drive,02-Thru lane,01-Clear,01-Daylight,MIDBLOCK,Saturday,March,1,ELM RIDGE DR,2,ROAD,LOCAL,10.0,20.0,PAVED,TwoWay,PAVED,6,50,NO ACCESS,Y,1971.0,81.1868027241666
ELM RIDGE DR,04-At/near private drive,02-Thru lane,01-Clear,01-Daylight,MIDBLOCK,Saturday,March,1,ELM RIDGE DR,2,ROAD,LOCAL,10.0,20.0,PAVED,TwoWay,PAVED,6,50,NO ACCESS,Y,1971.0,98.7961001603796
ELM RIDGE DR,04-At/near private drive,02-Thru lane,01-Clear,01-Daylight,MIDBLOCK,Saturday,March,1,ELM RIDGE DR,2,ROAD,LOCAL,10.0,20.0,PAVED,TwoWay,PAVED,6,50,NO ACCESS,Y,1971.0,37.39433212125021
ELM RIDGE DR,04-At/near private drive,02-Thru lane,01-Clear,01-Daylight,MIDBLOCK,Saturday,March,1,ELM RIDGE DR,2,ROAD,LOCAL,10.0,20.0,PAVED,TwoWay,PAVED,6,50,NO ACCESS,Y,1974.0,242.343250892452
ELM RIDGE DR,01-Non intersection,02-Thru lane,01-Clear,"08-Dark, artificial",MIDBLOCK,Saturday,January,1,ELM RIDGE DR,2,ROAD,LOCAL,10.0,20.0,PAVED,TwoWay,PAVED,6,50,NO ACCESS,Y,1971.0,96.557926175331
ELM RIDGE DR,01-Non intersection,02-Thru lane,01-Clear,"08-Dark, artificial",MIDBLOCK,Saturday,January,1,ELM RIDGE DR,2,ROAD,LOCAL,10.0,20.0,PAVED,TwoWay,PAVED,6,50,NO ACCESS,Y,1971.0,164.89331441794
ELM RIDGE DR,01-Non intersection,02-Thru lane,01-Clear,"08-Dark, artificial",MIDBLOCK,Saturday,January,1,ELM RIDGE DR,2,ROAD,LOCAL,10.0,20.0,PAVED,TwoWay,PAVED,6,50,NO ACCESS,Y,1971.0,40.7256484288211
ELM RIDGE DR,01-Non intersection,02-Thru lane,01-Clear,"08-Dark, artificial",MIDBLOCK,Saturday,January,1,ELM RIDGE DR,2,ROAD,LOCAL,10.0,20.0,PAVED,TwoWay,PAVED,6,50,NO ACCESS,Y,1971.0,76.89989079339242
ELM RIDGE DR,01-Non intersection,02-Thru lane,01-Clear,"08-Dark, artificial",MIDBLOCK,Saturday,January,1,ELM RIDGE DR,2,ROAD,LOCAL,10.0,20.0,PAVED,TwoWay,PAVED,6,50,NO ACCESS,Y,1971.0,81.1868027241666
ELM RIDGE DR,01-Non intersection,02-Thru lane,01-Clear,"08-Dark, artificial",MIDBLOCK,Saturday,January,1,ELM RIDGE DR,2,ROAD,LOCAL,10.0,20.0,PAVED,TwoWay,PAVED,6,50,NO ACCESS,Y,1971.0,98.7961001603796
ELM RIDGE DR,01-Non intersection,02-Thru lane,01-Clear,"08-Dark, artificial",MIDBLOCK,Saturday,January,1,ELM RIDGE DR,2,ROAD,LOCAL,10.0,20.0,PAVED,TwoWay,PAVED,6,50,NO ACCESS,Y,1971.0,37.39433212125021
ELM RIDGE DR,01-Non intersection,02-Thru lane,01-Clear,"08-Dark, artificial",MIDBLOCK,Saturday,January,1,ELM RIDGE DR,2,ROAD,LOCAL,10.0,20.0,PAVED,TwoWay,PAVED,6,50,NO ACCESS,Y,1974.0,242.343250892452
ELM RIDGE DR,04-At/near private drive,10-Not on roadway - left side,02-Rain,"08-Dark, artificial",MIDBLOCK,Tuesday,November,0,ELM RIDGE DR,2,ROAD,LOCAL,10.0,20.0,PAVED,TwoWay,PAVED,6,50,NO ACCESS,Y,1971.0,96.557926175331
ELM RIDGE DR,04-At/near private drive,10-Not on roadway - left side,02-Rain,"08-Dark, artificial",MIDBLOCK,Tuesday,November,0,ELM RIDGE DR,2,ROAD,LOCAL,10.0,20.0,PAVED,TwoWay,PAVED,6,50,NO ACCESS,Y,1971.0,164.89331441794
ELM RIDGE DR,04-At/near private drive,10-Not on roadway - left side,02-Rain,"08-Dark, artificial",MIDBLOCK,Tuesday,November,0,ELM RIDGE DR,2,ROAD,LOCAL,10.0,20.0,PAVED,TwoWay,PAVED,6,50,NO ACCESS,Y,1971.0,40.7256484288211
ELM RIDGE DR,04-At/near private drive,10-Not on roadway - left side,02-Rain,"08-Dark, artificial",MIDBLOCK,Tuesday,November,0,ELM RIDGE DR,2,ROAD,LOCAL,10.0,20.0,PAVED,TwoWay,PAVED,6,50,NO ACCESS,Y,1971.0,76.89989079339242
ELM RIDGE DR,04-At/near private drive,10-Not on roadway - left side,02-Rain,"08-Dark, artificial",MIDBLOCK,Tuesday,November,0,ELM RIDGE DR,2,ROAD,LOCAL,10.0,20.0,PAVED,TwoWay,PAVED,6,50,NO ACCESS,Y,1971.0,81.1868027241666
ELM RIDGE DR,04-At/near private drive,10-Not on roadway - left side,02-Rain,"08-Dark, artificial",MIDBLOCK,Tuesday,November,0,ELM RIDGE DR,2,ROAD,LOCAL,10.0,20.0,PAVED,TwoWay,PAVED,6,50,NO ACCESS,Y,1971.0,98.7961001603796
ELM RIDGE DR,04-At/near private drive,10-Not on roadway - left side,02-Rain,"08-Dark, artificial",MIDBLOCK,Tuesday,November,0,ELM RIDGE DR,2,ROAD,LOCAL,10.0,20.0,PAVED,TwoWay,PAVED,6,50,NO ACCESS,Y,1971.0,37.39433212125021
ELM RIDGE DR,04-At/near private drive,10-Not on roadway - left side,02-Rain,"08-Dark, artificial",MIDBLOCK,Tuesday,November,0,ELM RIDGE DR,2,ROAD,LOCAL,10.0,20.0,PAVED,TwoWay,PAVED,6,50,NO ACCESS,Y,1974.0,242.343250892452
ELM RIDGE DR,01-Non intersection,02-Thru lane,01-Clear,01-Daylight,MIDBLOCK,Monday,November,0,ELM RIDGE DR,2,ROAD,LOCAL,10.0,20.0,PAVED,TwoWay,PAVED,6,50,NO ACCESS,Y,1971.0,96.557926175331
ELM RIDGE DR,01-Non intersection,02-Thru lane,01-Clear,01-Daylight,MIDBLOCK,Monday,November,0,ELM RIDGE DR,2,ROAD,LOCAL,10.0,20.0,PAVED,TwoWay,PAVED,6,50,NO ACCESS,Y,1971.0,164.89331441794
ELM RIDGE DR,01-Non intersection,02-Thru lane,01-Clear,01-Daylight,MIDBLOCK,Monday,November,0,ELM RIDGE DR,2,ROAD,LOCAL,10.0,20.0,PAVED,TwoWay,PAVED,6,50,NO ACCESS,Y,1971.0,40.7256484288211
ELM RIDGE DR,01-Non intersection,02-Thru lane,01-Clear,01-Daylight,MIDBLOCK,Monday,November,0,ELM RIDGE DR,2,ROAD,LOCAL,10.0,20.0,PAVED,TwoWay,PAVED,6,50,NO ACCESS,Y,1971.0,76.89989079339242
ELM RIDGE DR,01-Non intersection,02-Thru lane,01-Clear,01-Daylight,MIDBLOCK,Monday,November,0,ELM RIDGE DR,2,ROAD,LOCAL,10.0,20.0,PAVED,TwoWay,PAVED,6,50,NO ACCESS,Y,1971.0,81.1868027241666
ELM RIDGE DR,01-Non intersection,02-Thru lane,01-Clear,01-Daylight,MIDBLOCK,Monday,November,0,ELM RIDGE DR,2,ROAD,LOCAL,10.0,20.0,PAVED,TwoWay,PAVED,6,50,NO ACCESS,Y,1971.0,98.7961001603796
ELM RIDGE DR,01-Non intersection,02-Thru lane,01-Clear,01-Daylight,MIDBLOCK,Monday,November,0,ELM RIDGE DR,2,ROAD,LOCAL,10.0,20.0,PAVED,TwoWay,PAVED,6,50,NO ACCESS,Y,1971.0,37.39433212125021
ELM RIDGE DR,01-Non intersection,02-Thru lane,01-Clear,01-Daylight,MIDBLOCK,Monday,November,0,ELM RIDGE DR,2,ROAD,LOCAL,10.0,20.0,PAVED,TwoWay,PAVED,6,50,NO ACCESS,Y,1974.0,242.343250892452
ELM RIDGE DR,01-Non intersection,09-Right shoulder,01-Clear,01-Daylight,MIDBLOCK,Tuesday,July,0,ELM RIDGE DR,2,ROAD,LOCAL,10.0,20.0,PAVED,TwoWay,PAVED,6,50,NO ACCESS,Y,1971.0,96.557926175331
ELM RIDGE DR,01-Non intersection,09-Right shoulder,01-Clear,01-Daylight,MIDBLOCK,Tuesday,July,0,ELM RIDGE DR,2,ROAD,LOCAL,10.0,20.0,PAVED,TwoWay,PAVED,6,50,NO ACCESS,Y,1971.0,164.89331441794
ELM RIDGE DR,01-Non intersection,09-Right shoulder,01-Clear,01-Daylight,MIDBLOCK,Tuesday,July,0,ELM RIDGE DR,2,ROAD,LOCAL,10.0,20.0,PAVED,TwoWay,PAVED,6,50,NO ACCESS,Y,1971.0,40.7256484288211
ELM RIDGE DR,01-Non intersection,09-Right shoulder,01-Clear,01-Daylight,MIDBLOCK,Tuesday,July,0,ELM RIDGE DR,2,ROAD,LOCAL,10.0,20.0,PAVED,TwoWay,PAVED,6,50,NO ACCESS,Y,1971.0,76.89989079339242
ELM RIDGE DR,01-Non intersection,09-Right shoulder,01-Clear,01-Daylight,MIDBLOCK,Tuesday,July,0,ELM RIDGE DR,2,ROAD,LOCAL,10.0,20.0,PAVED,TwoWay,PAVED,6,50,NO ACCESS,Y,1971.0,81.1868027241666
ELM RIDGE DR,01-Non intersection,09-Right shoulder,01-Clear,01-Daylight,MIDBLOCK,Tuesday,July,0,ELM RIDGE DR,2,ROAD,LOCAL,10.0,20.0,PAVED,TwoWay,PAVED,6,50,NO ACCESS,Y,1971.0,98.7961001603796
ELM RIDGE DR,01-Non intersection,09-Right shoulder,01-Clear,01-Daylight,MIDBLOCK,Tuesday,July,0,ELM RIDGE DR,2,ROAD,LOCAL,10.0,20.0,PAVED,TwoWay,PAVED,6,50,NO ACCESS,Y,1971.0,37.39433212125021
ELM RIDGE DR,01-Non intersection,09-Right shoulder,01-Clear,01-Daylight,MIDBLOCK,Tuesday,July,0,ELM RIDGE DR,2,ROAD,LOCAL,10.0,20.0,PAVED,TwoWay,PAVED,6,50,NO ACCESS,Y,1974.0,242.343250892452
ELM RIDGE DR,01-Non intersection,02-Thru lane,01-Clear,03-Dawn,MIDBLOCK,Thursday,July,0,ELM RIDGE DR,2,ROAD,LOCAL,10.0,20.0,PAVED,TwoWay,PAVED,6,50,NO ACCESS,Y,1971.0,96.557926175331
ELM RIDGE DR,01-Non intersection,02-Thru lane,01-Clear,03-Dawn,MIDBLOCK,Thursday,July,0,ELM RIDGE DR,2,ROAD,LOCAL,10.0,20.0,PAVED,TwoWay,PAVED,6,50,NO ACCESS,Y,1971.0,164.89331441794
ELM RIDGE DR,01-Non intersection,02-Thru lane,01-Clear,03-Dawn,MIDBLOCK,Thursday,July,0,ELM RIDGE DR,2,ROAD,LOCAL,10.0,20.0,PAVED,TwoWay,PAVED,6,50,NO ACCESS,Y,1971.0,40.7256484288211
ELM RIDGE DR,01-Non intersection,02-Thru lane,01-Clear,03-Dawn,MIDBLOCK,Thursday,July,0,ELM RIDGE DR,2,ROAD,LOCAL,10.0,20.0,PAVED,TwoWay,PAVED,6,50,NO ACCESS,Y,1971.0,76.89989079339242
ELM RIDGE DR,01-Non intersection,02-Thru lane,01-Clear,03-Dawn,MIDBLOCK,Thursday,July,0,ELM RIDGE DR,2,ROAD,LOCAL,10.0,20.0,PAVED,TwoWay,PAVED,6,50,NO ACCESS,Y,1971.0,81.1868027241666
ELM RIDGE DR,01-Non intersection,02-Thru lane,01-Clear,03-Dawn,MIDBLOCK,Thursday,July,0,ELM RIDGE DR,2,ROAD,LOCAL,10.0,20.0,PAVED,TwoWay,PAVED,6,50,NO ACCESS,Y,1971.0,98.7961001603796
ELM RIDGE DR,01-Non intersection,02-Thru lane,01-Clear,03-Dawn,MIDBLOCK,Thursday,July,0,ELM RIDGE DR,2,ROAD,LOCAL,10.0,20.0,PAVED,TwoWay,PAVED,6,50,NO ACCESS,Y,1971.0,37.39433212125021
ELM RIDGE DR,01-Non intersection,02-Thru lane,01-Clear,03-Dawn,MIDBLOCK,Thursday,July,0,ELM RIDGE DR,2,ROAD,LOCAL,10.0,20.0,PAVED,TwoWay,PAVED,6,50,NO ACCESS,Y,1974.0,242.343250892452
AUTUMN RIDGE TRAIL,04-At/near private drive,02-Thru lane,03-Snow,01-Daylight,MIDBLOCK,Wednesday,March,0,AUTUMN RIDGE TRAIL,2,ROAD,MINOR,10.0,20.0,PAVED,TwoWay,PAVED,4,50,NO ACCESS,N,1998.0,134.851112760347
AUTUMN RIDGE TRAIL,04-At/near private drive,02-Thru lane,03-Snow,01-Daylight,MIDBLOCK,Wednesday,March,0,AUTUMN RIDGE TRAIL,2,ROAD,MINOR,10.0,20.0,PAVED,TwoWay,PAVED,6,50,NO ACCESS,N,1997.0,352.465408452073
AUTUMN RIDGE TRAIL,04-At/near private drive,02-Thru lane,03-Snow,01-Daylight,MIDBLOCK,Wednesday,March,0,AUTUMN RIDGE TRAIL,2,ROAD,MINOR,10.0,20.0,PAVED,TwoWay,PAVED,4,50,NO ACCESS,N,1998.0,136.426006166233
AUTUMN RIDGE TRAIL,04-At/near private drive,02-Thru lane,03-Snow,01-Daylight,MIDBLOCK,Wednesday,March,0,AUTUMN RIDGE TRAIL,2,ROAD,MINOR,9.0,20.0,PAVED,TwoWay,PAVED,6,50,NO ACCESS,N,1997.0,49.5466161276645
ROYAL ORCHARD DR,01-Non intersection,02-Thru lane,01-Clear,01-Daylight,MIDBLOCK,Friday,February,0,ROYAL ORCHARD DR,2,ROAD,LOCAL,9.0,20.0,PAVED,TwoWay,PAVED,6,50,NO ACCESS,N,2000.0,59.30062337045261
ROYAL ORCHARD DR,01-Non intersection,02-Thru lane,01-Clear,01-Daylight,MIDBLOCK,Friday,February,0,ROYAL ORCHARD DR,2,ROAD,LOCAL,9.0,20.0,PAVED,TwoWay,PAVED,6,50,NO ACCESS,N,2000.0,119.192794505518
ROYAL ORCHARD DR,01-Non intersection,02-Thru lane,01-Clear,01-Daylight,MIDBLOCK,Friday,February,0,ROYAL ORCHARD DR,2,ROAD,LOCAL,10.0,20.0,PAVED,TwoWay,PAVED,6,50,NO ACCESS,N,2000.0,237.63004859011903
ROYAL ORCHARD DR,01-Non intersection,02-Thru lane,01-Clear,01-Daylight,MIDBLOCK,Friday,February,0,ROYAL ORCHARD DR,2,ROAD,LOCAL,10.0,20.0,PAVED,TwoWay,PAVED,6,50,NO ACCESS,N,2000.0,132.88301262568
ROYAL ORCHARD DR,01-Non intersection,02-Thru lane,01-Clear,01-Daylight,MIDBLOCK,Friday,February,0,ROYAL ORCHARD DR,2,ROAD,LOCAL,10.0,20.0,PAVED,TwoWay,PAVED,6,50,NO ACCESS,N,2000.0,88.0731876396862
ROYAL ORCHARD DR,01-Non intersection,02-Thru lane,01-Clear,01-Daylight,MIDBLOCK,Friday,February,0,ROYAL ORCHARD DR,2,ROAD,LOCAL,10.0,20.0,PAVED,TwoWay,PAVED,6,50,NO ACCESS,N,2000.0,87.4893642711331
ROYAL ORCHARD DR,01-Non intersection,02-Thru lane,01-Clear,01-Daylight,MIDBLOCK,Friday,February,0,ROYAL ORCHARD DR,2,ROAD,LOCAL,10.0,20.0,PAVED,TwoWay,PAVED,6,50,NO ACCESS,N,2000.0,82.1800603092889
ROYAL ORCHARD DR,01-Non intersection,02-Thru lane,03-Snow,01-Daylight,MIDBLOCK,Friday,November,0,ROYAL ORCHARD DR,2,ROAD,LOCAL,9.0,20.0,PAVED,TwoWay,PAVED,6,50,NO ACCESS,N,2000.0,59.30062337045261
ROYAL ORCHARD DR,01-Non intersection,02-Thru lane,03-Snow,01-Daylight,MIDBLOCK,Friday,November,0,ROYAL ORCHARD DR,2,ROAD,LOCAL,9.0,20.0,PAVED,TwoWay,PAVED,6,50,NO ACCESS,N,2000.0,119.192794505518
ROYAL ORCHARD DR,01-Non intersection,02-Thru lane,03-Snow,01-Daylight,MIDBLOCK,Friday,November,0,ROYAL ORCHARD DR,2,ROAD,LOCAL,10.0,20.0,PAVED,TwoWay,PAVED,6,50,NO ACCESS,N,2000.0,237.63004859011903
ROYAL ORCHARD DR,01-Non intersection,02-Thru lane,03-Snow,01-Daylight,MIDBLOCK,Friday,November,0,ROYAL ORCHARD DR,2,ROAD,LOCAL,10.0,20.0,PAVED,TwoWay,PAVED,6,50,NO ACCESS,N,2000.0,132.88301262568
ROYAL ORCHARD DR,01-Non intersection,02-Thru lane,03-Snow,01-Daylight,MIDBLOCK,Friday,November,0,ROYAL ORCHARD DR,2,ROAD,LOCAL,10.0,20.0,PAVED,TwoWay,PAVED,6,50,NO ACCESS,N,2000.0,88.0731876396862
ROYAL ORCHARD DR,01-Non intersection,02-Thru lane,03-Snow,01-Daylight,MIDBLOCK,Friday,November,0,ROYAL ORCHARD DR,2,ROAD,LOCAL,10.0,20.0,PAVED,TwoWay,PAVED,6,50,NO ACCESS,N,2000.0,87.4893642711331
ROYAL ORCHARD DR,01-Non intersection,02-Thru lane,03-Snow,01-Daylight,MIDBLOCK,Friday,November,0,ROYAL ORCHARD DR,2,ROAD,LOCAL,10.0,20.0,PAVED,TwoWay,PAVED,6,50,NO ACCESS,N,2000.0,82.1800603092889
SCENIC WOOD CRES,04-At/near private drive,02-Thru lane,03-Snow,01-Daylight,MIDBLOCK,Monday,February,0,SCENIC WOOD CRES,2,ROAD,LOCAL,8.0,16.0,PAVED,TwoWay,PAVED,6,50,NO ACCESS,N,1984.0,366.801713666842
QUINTE CRES,04-At/near private drive,02-Thru lane,01-Clear,"08-Dark, artificial",MIDBLOCK,Saturday,February,1,QUINTE CRES,2,ROAD,LOCAL,9.0,20.0,PAVED,TwoWay,PAVED,6,50,NO ACCESS,Y,1978.0,287.840920574513
QUINTE CRES,04-At/near private drive,02-Thru lane,01-Clear,"08-Dark, artificial",MIDBLOCK,Saturday,February,1,QUINTE CRES,2,ROAD,LOCAL,9.0,20.0,PAVED,TwoWay,PAVED,6,50,NO ACCESS,Y,1978.0,85.3873390573999
QUINTE CRES,01-Non intersection,08-Left shoulder,01-Clear,07-Dark,MIDBLOCK,Friday,May,0,QUINTE CRES,2,ROAD,LOCAL,9.0,20.0,PAVED,TwoWay,PAVED,6,50,NO ACCESS,Y,1978.0,287.840920574513
QUINTE CRES,01-Non intersection,08-Left shoulder,01-Clear,07-Dark,MIDBLOCK,Friday,May,0,QUINTE CRES,2,ROAD,LOCAL,9.0,20.0,PAVED,TwoWay,PAVED,6,50,NO ACCESS,Y,1978.0,85.3873390573999
QUINTE CRES,04-At/near private drive,02-Thru lane,01-Clear,"08-Dark, artificial",MIDBLOCK,Saturday,December,1,QUINTE CRES,2,ROAD,LOCAL,9.0,20.0,PAVED,TwoWay,PAVED,6,50,NO ACCESS,Y,1978.0,287.840920574513
QUINTE CRES,04-At/near private drive,02-Thru lane,01-Clear,"08-Dark, artificial",MIDBLOCK,Saturday,December,1,QUINTE CRES,2,ROAD,LOCAL,9.0,20.0,PAVED,TwoWay,PAVED,6,50,NO ACCESS,Y,1978.0,85.3873390573999
RAITAR AVE,04-At/near private drive,02-Thru lane,01-Clear,01-Daylight,MIDBLOCK,Sunday,April,1,RAITAR AVE,2,ROAD,LOCAL,9.0,20.0,PAVED,TwoWay,PAVED,6,50,NO ACCESS,N,1955.0,154.045374801036
REISTVIEW ST,04-At/near private drive,02-Thru lane,03-Snow,01-Daylight,MIDBLOCK,Sunday,February,1,REISTVIEW ST,2,ROAD,LOCAL,8.0,16.0,PAVED,TwoWay,PAVED,6,50,NO ACCESS,N,2005.0,148.972333007143
QUEEN CHARLOTTE CRES,04-At/near private drive,02-Thru lane,01-Clear,01-Daylight,MIDBLOCK,Monday,February,0,QUEEN CHARLOTTE CRES,2,ROAD,LOCAL,9.0,18.0,PAVED,TwoWay,PAVED,6,50,NO ACCESS,N,1995.0,402.000976898815
QUEEN CHARLOTTE CRES,04-At/near private drive,09-Right shoulder,01-Clear,"08-Dark, artificial",MIDBLOCK,Sunday,October,1,QUEEN CHARLOTTE CRES,2,ROAD,LOCAL,9.0,18.0,PAVED,TwoWay,PAVED,6,50,NO ACCESS,N,1995.0,402.000976898815
QUEEN CHARLOTTE CRES,01-Non intersection,02-Thru lane,01-Clear,01-Daylight,MIDBLOCK,Friday,March,0,QUEEN CHARLOTTE CRES,2,ROAD,LOCAL,9.0,18.0,PAVED,TwoWay,PAVED,6,50,NO ACCESS,N,1995.0,402.000976898815
HOLLYRIDGE CRES,04-At/near private drive,02-Thru lane,01-Clear,"08-Dark, artificial",MIDBLOCK,Friday,March,0,HOLLYRIDGE CRES,2,ROAD,LOCAL,8.0,20.0,PAVED,TwoWay,PAVED,6,50,NO ACCESS,N,1997.0,80.37959538240949
HOLLYRIDGE CRES,04-At/near private drive,02-Thru lane,01-Clear,"08-Dark, artificial",MIDBLOCK,Friday,March,0,HOLLYRIDGE CRES,2,ROAD,LOCAL,9.0,20.0,PAVED,TwoWay,PAVED,6,50,NO ACCESS,N,2000.0,478.848208758277
HOLLYRIDGE CRES,04-At/near private drive,02-Thru lane,01-Clear,01-Daylight,MIDBLOCK,Thursday,September,0,HOLLYRIDGE CRES,2,ROAD,LOCAL,8.0,20.0,PAVED,TwoWay,PAVED,6,50,NO ACCESS,N,1997.0,80.37959538240949
HOLLYRIDGE CRES,04-At/near private drive,02-Thru lane,01-Clear,01-Daylight,MIDBLOCK,Thursday,September,0,HOLLYRIDGE CRES,2,ROAD,LOCAL,9.0,20.0,PAVED,TwoWay,PAVED,6,50,NO ACCESS,N,2000.0,478.848208758277
HOLLYRIDGE CRES,04-At/near private drive,02-Thru lane,01-Clear,"08-Dark, artificial",MIDBLOCK,Saturday,January,1,HOLLYRIDGE CRES,2,ROAD,LOCAL,8.0,20.0,PAVED,TwoWay,PAVED,6,50,NO ACCESS,N,1997.0,80.37959538240949
HOLLYRIDGE CRES,04-At/near private drive,02-Thru lane,01-Clear,"08-Dark, artificial",MIDBLOCK,Saturday,January,1,HOLLYRIDGE CRES,2,ROAD,LOCAL,9.0,20.0,PAVED,TwoWay,PAVED,6,50,NO ACCESS,N,2000.0,478.848208758277
SETTLERS DR,04-At/near private drive,09-Right shoulder,03-Snow,03-Dawn,MIDBLOCK,Sunday,February,1,SETTLERS DR,2,ROAD,LOCAL,9.0,20.0,PAVED,TwoWay,PAVED,6,50,NO ACCESS,N,1976.0,150.672261980856
SETTLERS DR,04-At/near private drive,09-Right shoulder,03-Snow,03-Dawn,MIDBLOCK,Sunday,February,1,SETTLERS DR,2,ROAD,LOCAL,9.0,20.0,PAVED,TwoWay,PAVED,6,50,NO ACCESS,N,1976.0,193.553498540949
SETTLERS DR,01-Non intersection,02-Thru lane,01-Clear,01-Daylight,MIDBLOCK,Tuesday,April,0,SETTLERS DR,2,ROAD,LOCAL,9.0,20.0,PAVED,TwoWay,PAVED,6,50,NO ACCESS,N,1976.0,150.672261980856
SETTLERS DR,01-Non intersection,02-Thru lane,01-Clear,01-Daylight,MIDBLOCK,Tuesday,April,0,SETTLERS DR,2,ROAD,LOCAL,9.0,20.0,PAVED,TwoWay,PAVED,6,50,NO ACCESS,N,1976.0,193.553498540949
SETTLERS DR,01-Non intersection,09-Right shoulder,01-Clear,05-Dusk,MIDBLOCK,Monday,August,0,SETTLERS DR,2,ROAD,LOCAL,9.0,20.0,PAVED,TwoWay,PAVED,6,50,NO ACCESS,N,1976.0,150.672261980856
SETTLERS DR,01-Non intersection,09-Right shoulder,01-Clear,05-Dusk,MIDBLOCK,Monday,August,0,SETTLERS DR,2,ROAD,LOCAL,9.0,20.0,PAVED,TwoWay,PAVED,6,50,NO ACCESS,N,1976.0,193.553498540949
SETTLERS DR,04-At/near private drive,02-Thru lane,01-Clear,01-Daylight,MIDBLOCK,Saturday,May,1,SETTLERS DR,2,ROAD,LOCAL,9.0,20.0,PAVED,TwoWay,PAVED,6,50,NO ACCESS,N,1976.0,150.672261980856
SETTLERS DR,04-At/near private drive,02-Thru lane,01-Clear,01-Daylight,MIDBLOCK,Saturday,May,1,SETTLERS DR,2,ROAD,LOCAL,9.0,20.0,PAVED,TwoWay,PAVED,6,50,NO ACCESS,N,1976.0,193.553498540949
BLUE LACE CRES,04-At/near private drive,02-Thru lane,01-Clear,01-Daylight,MIDBLOCK,Sunday,March,1,BLUE LACE CRES,2,ROAD,LOCAL,9.0,18.0,PAVED,TwoWay,PAVED,6,50,NO ACCESS,N,2001.0,285.709898261838
WATER ST S,01-Non intersection,02-Thru lane,01-Clear,"08-Dark, artificial",MIDBLOCK,Thursday,February,0,WATER ST S,2,ROAD,LOCAL,8.0,16.0,PAVED,TwoWay,PAVED,6,50,NO ACCESS,N,2005.0,57.764283111756896
WATER ST S,01-Non intersection,02-Thru lane,01-Clear,"08-Dark, artificial",MIDBLOCK,Thursday,February,0,WATER ST S,2,ROAD,LOCAL,9.0,20.0,PAVED,TwoWay,PAVED,6,50,NO ACCESS,N,1999.0,54.09839873066201
WATER ST S,01-Non intersection,02-Thru lane,01-Clear,"08-Dark, artificial",MIDBLOCK,Thursday,February,0,WATER ST S,2,ROAD,LOCAL,9.0,18.0,PAVED,TwoWay,PAVED,6,50,NO ACCESS,N,2005.0,208.60124015466
WATER ST S,01-Non intersection,02-Thru lane,01-Clear,"08-Dark, artificial",MIDBLOCK,Thursday,February,0,WATER ST S,1,ROAD,LOCAL,9.0,8.0,PAVED,FromTo,PAVED,6,50,NO ACCESS,N,2005.0,125.265441391305
WATER ST S,01-Non intersection,02-Thru lane,01-Clear,"08-Dark, artificial",MIDBLOCK,Thursday,February,0,WATER ST S,2,ROAD,LOCAL,9.0,20.0,PAVED,TwoWay,PAVED,6,50,NO ACCESS,N,1854.0,61.037093149296595
WATER ST S,04-At/near private drive,12-Off highway,01-Clear,01-Daylight,MIDBLOCK,Friday,April,0,WATER ST S,2,ROAD,LOCAL,8.0,16.0,PAVED,TwoWay,PAVED,6,50,NO ACCESS,N,2005.0,57.764283111756896
WATER ST S,04-At/near private drive,12-Off highway,01-Clear,01-Daylight,MIDBLOCK,Friday,April,0,WATER ST S,2,ROAD,LOCAL,9.0,20.0,PAVED,TwoWay,PAVED,6,50,NO ACCESS,N,1999.0,54.09839873066201
WATER ST S,04-At/near private drive,12-Off highway,01-Clear,01-Daylight,MIDBLOCK,Friday,April,0,WATER ST S,2,ROAD,LOCAL,9.0,18.0,PAVED,TwoWay,PAVED,6,50,NO ACCESS,N,2005.0,208.60124015466
WATER ST S,04-At/near private drive,12-Off highway,01-Clear,01-Daylight,MIDBLOCK,Friday,April,0,WATER ST S,1,ROAD,LOCAL,9.0,8.0,PAVED,FromTo,PAVED,6,50,NO ACCESS,N,2005.0,125.265441391305
WATER ST S,04-At/near private drive,12-Off highway,01-Clear,01-Daylight,MIDBLOCK,Friday,April,0,WATER ST S,2,ROAD,LOCAL,9.0,20.0,PAVED,TwoWay,PAVED,6,50,NO ACCESS,N,1854.0,61.037093149296595