LOCATION,ACCIDENT_LOCATION,IMPACT_LOCATION,ENVIRONMENT_CONDITION,LIGHT,COLLISION_TYPE,DAY_OF_WEEK,MONTH,IS_WEEKEND,STREET,LANES,CATEGORY,SUBCATEGORY,PAVEMENT_WIDTH,ROW_WIDTH,SHOULDER,FLOW_DIRECTION,SURFACE_LAYER_TYPE,OFFICIAL_ROAD_CLASSIFICATION,SPEED_LIMIT_KM,TRUCK_ACCESS,BUS_ROUTE,SERVICE_YEAR,Shape__Length
CAMERON ST N,01-Non intersection,99-Other,01-Clear,01-Daylight,MIDBLOCK,Sunday,December,1,CAMERON ST N,2,ROAD,LOCAL,8.0,16.0,PAVED,TwoWay,PAVED,6,50,NO ACCESS,N,2000.0,89.7070504477673
CAMERON ST N,01-Non intersection,99-Other,01-Clear,01-Daylight,MIDBLOCK,Sunday,December,1,CAMERON ST N,2,ROAD,LOCAL,8.0,16.0,PAVED,TwoWay,PAVED,6,50,NO ACCESS,N,2000.0,90.7949446277795
CAMERON ST N,01-Non intersection,99-Other,01-Clear,01-Daylight,MIDBLOCK,Sunday,December,1,CAMERON ST N,2,ROAD,LOCAL,7.0,16.0,PAVED,TwoWay,PAVED,6,50,NO ACCESS,N,2000.0,100.405863453086
CAMERON ST N,01-Non intersection,99-Other,01-Clear,01-Daylight,MIDBLOCK,Sunday,December,1,CAMERON ST N,2,ROAD,LOCAL,7.0,16.0,PAVED,TwoWay,PAVED,6,50,NO ACCESS,N,1981.0,100.338922169047
ALICE AVE,01-Non intersection,02-Thru lane,99-Other,99-Other,MIDBLOCK,Saturday,October,1,ALICE AVE,2,ROAD,LOCAL,8.0,20.0,PAVED,TwoWay,PAVED,6,50,NO ACCESS,N,2007.0,296.483390408522
ALICE AVE,01-Non intersection,02-Thru lane,01-Clear,01-Daylight,MIDBLOCK,Thursday,August,0,ALICE AVE,2,ROAD,LOCAL,8.0,20.0,PAVED,TwoWay,PAVED,6,50,NO ACCESS,N,2007.0,296.483390408522
OLD CHICOPEE DR,01-Non intersection,02-Thru lane,01-Clear,01-Daylight,MIDBLOCK,Monday,June,0,OLD CHICOPEE DR,2,ROAD,MINOR,10.0,20.0,PAVED,TwoWay,PAVED,3,50,NO ACCESS,N,1986.0,120.633826931812
OLD CHICOPEE DR,01-Non intersection,02-Thru lane,01-Clear,01-Daylight,MIDBLOCK,Monday,June,0,OLD CHICOPEE DR,2,ROAD,MINOR,10.0,20.0,PAVED,TwoWay,PAVED,3,50,NO ACCESS,N,1986.0,173.877909373337
OLD CHICOPEE DR,01-Non intersection,02-Thru lane,01-Clear,01-Daylight,MIDBLOCK,Monday,June,0,OLD CHICOPEE DR,2,ROAD,MINOR,10.0,16.0,PAVED,TwoWay,PAVED,3,50,NO ACCESS,N,1958.0,202.299957374303
OLD CHICOPEE DR,01-Non intersection,02-Thru lane,01-Clear,01-Daylight,MIDBLOCK,Monday,June,0,OLD CHICOPEE DR,2,ROAD,MINOR,10.0,20.0,PAVED,TwoWay,PAVED,3,50,NO ACCESS,N,1986.0,106.960784365311
OLD CHICOPEE DR,01-Non intersection,02-Thru lane,01-Clear,01-Daylight,MIDBLOCK,Monday,June,0,OLD CHICOPEE DR,2,ROAD,MINOR,9.0,20.0,PAVED,TwoWay,PAVED,3,50,NO ACCESS,N,1974.0,81.0849345969483
OLD CHICOPEE DR,01-Non intersection,02-Thru lane,01-Clear,01-Daylight,MIDBLOCK,Monday,June,0,OLD CHICOPEE DR,2,ROAD,MINOR,9.0,22.0,PAVED,TwoWay,PAVED,3,50,NO ACCESS,Y,2000.0,192.215538502268
OLD CHICOPEE DR,01-Non intersection,02-Thru lane,01-Clear,01-Daylight,MIDBLOCK,Monday,June,0,OLD CHICOPEE DR,2,ROAD,MINOR,10.0,20.0,PAVED,TwoWay,PAVED,3,50,NO ACCESS,N,1986.0,140.249002791289
OLD CHICOPEE DR,01-Non intersection,02-Thru lane,01-Clear,01-Daylight,MIDBLOCK,Monday,June,0,OLD CHICOPEE DR,2,ROAD,MINOR,10.0,20.0,PAVED,TwoWay,PAVED,3,50,NO ACCESS,Y,1986.0,80.1376185321605
OLD CHICOPEE DR,01-Non intersection,02-Thru lane,01-Clear,01-Daylight,MIDBLOCK,Monday,June,0,OLD CHICOPEE DR,2,ROAD,MINOR,9.0,20.0,PAVED,TwoWay,PAVED,3,50,NO ACCESS,N,1974.0,351.66033114923
OLD CHICOPEE DR,01-Non intersection,02-Thru lane,01-Clear,01-Daylight,MIDBLOCK,Monday,June,0,OLD CHICOPEE DR,2,ROAD,MINOR,10.0,18.0,PAVED,TwoWay,PAVED,3,50,NO ACCESS,N,1986.0,76.2891787862313
OLD CHICOPEE DR,01-Non intersection,02-Thru lane,01-Clear,01-Daylight,MIDBLOCK,Monday,June,0,OLD CHICOPEE DR,2,ROAD,MINOR,11.0,20.0,PAVED,TwoWay,PAVED,3,50,NO ACCESS,N,1858.0,63.0481837647532
OLD CHICOPEE DR,01-Non intersection,02-Thru lane,01-Clear,01-Daylight,MIDBLOCK,Monday,June,0,OLD CHICOPEE DR,2,ROAD,MINOR,9.0,20.0,PAVED,TwoWay,PAVED,3,50,NO ACCESS,N,2000.0,163.300572588222
OLD CHICOPEE DR,04-At/near private drive,02-Thru lane,01-Clear,01-Daylight,MIDBLOCK,Wednesday,February,0,OLD CHICOPEE DR,2,ROAD,MINOR,10.0,20.0,PAVED,TwoWay,PAVED,3,50,NO ACCESS,N,1986.0,120.633826931812
OLD CHICOPEE DR,04-At/near private drive,02-Thru lane,01-Clear,01-Daylight,MIDBLOCK,Wednesday,February,0,OLD CHICOPEE DR,2,ROAD,MINOR,10.0,20.0,PAVED,TwoWay,PAVED,3,50,NO ACCESS,N,1986.0,173.877909373337
OLD CHICOPEE DR,04-At/near private drive,02-Thru lane,01-Clear,01-Daylight,MIDBLOCK,Wednesday,February,0,OLD CHICOPEE DR,2,ROAD,MINOR,10.0,16.0,PAVED,TwoWay,PAVED,3,50,NO ACCESS,N,1958.0,202.299957374303
OLD CHICOPEE DR,04-At/near private drive,02-Thru lane,01-Clear,01-Daylight,MIDBLOCK,Wednesday,February,0,OLD CHICOPEE DR,2,ROAD,MINOR,10.0,20.0,PAVED,TwoWay,PAVED,3,50,NO ACCESS,N,1986.0,106.960784365311
OLD CHICOPEE DR,04-At/near private drive,02-Thru lane,01-Clear,01-Daylight,MIDBLOCK,Wednesday,February,0,OLD CHICOPEE DR,2,ROAD,MINOR,9.0,20.0,PAVED,TwoWay,PAVED,3,50,NO ACCESS,N,1974.0,81.0849345969483
OLD CHICOPEE DR,04-At/near private drive,02-Thru lane,01-Clear,01-Daylight,MIDBLOCK,Wednesday,February,0,OLD CHICOPEE DR,2,ROAD,MINOR,9.0,22.0,PAVED,TwoWay,PAVED,3,50,NO ACCESS,Y,2000.0,192.215538502268
OLD CHICOPEE DR,04-At/near private drive,02-Thru lane,01-Clear,01-Daylight,MIDBLOCK,Wednesday,February,0,OLD CHICOPEE DR,2,ROAD,MINOR,10.0,20.0,PAVED,TwoWay,PAVED,3,50,NO ACCESS,N,1986.0,140.249002791289
OLD CHICOPEE DR,04-At/near private drive,02-Thru lane,01-Clear,01-Daylight,MIDBLOCK,Wednesday,February,0,OLD CHICOPEE DR,2,ROAD,MINOR,10.0,20.0,PAVED,TwoWay,PAVED,3,50,NO ACCESS,Y,1986.0,80.1376185321605
OLD CHICOPEE DR,04-At/near private drive,02-Thru lane,01-Clear,01-Daylight,MIDBLOCK,Wednesday,February,0,OLD CHICOPEE DR,2,ROAD,MINOR,9.0,20.0,PAVED,TwoWay,PAVED,3,50,NO ACCESS,N,1974.0,351.66033114923
OLD CHICOPEE DR,04-At/near private drive,02-Thru lane,01-Clear,01-Daylight,MIDBLOCK,Wednesday,February,0,OLD CHICOPEE DR,2,ROAD,MINOR,10.0,18.0,PAVED,TwoWay,PAVED,3,50,NO ACCESS,N,1986.0,76.2891787862313
OLD CHICOPEE DR,04-At/near private drive,02-Thru lane,01-Clear,01-Daylight,MIDBLOCK,Wednesday,February,0,OLD CHICOPEE DR,2,ROAD,MINOR,11.0,20.0,PAVED,TwoWay,PAVED,3,50,NO ACCESS,N,1858.0,63.0481837647532
OLD CHICOPEE DR,04-At/near private drive,02-Thru lane,01-Clear,01-Daylight,MIDBLOCK,Wednesday,February,0,OLD CHICOPEE DR,2,ROAD,MINOR,9.0,20.0,PAVED,TwoWay,PAVED,3,50,NO ACCESS,N,2000.0,163.300572588222
OLD CHICOPEE DR,04-At/near private drive,02-Thru lane,01-Clear,07-Dark,MIDBLOCK,Monday,February,0,OLD CHICOPEE DR,2,ROAD,MINOR,10.0,20.0,PAVED,TwoWay,PAVED,3,50,NO ACCESS,N,1986.0,120.633826931812
OLD CHICOPEE DR,04-At/near private drive,02-Thru lane,01-Clear,07-Dark,MIDBLOCK,Monday,February,0,OLD CHICOPEE DR,2,ROAD,MINOR,10.0,20.0,PAVED,TwoWay,PAVED,3,50,NO ACCESS,N,1986.0,173.877909373337
OLD CHICOPEE DR,04-At/near private drive,02-Thru lane,01-Clear,07-Dark,MIDBLOCK,Monday,February,0,OLD CHICOPEE DR,2,ROAD,MINOR,10.0,16.0,PAVED,TwoWay,PAVED,3,50,NO ACCESS,N,1958.0,202.299957374303
OLD CHICOPEE DR,04-At/near private drive,02-Thru lane,01-Clear,07-Dark,MIDBLOCK,Monday,February,0,OLD CHICOPEE DR,2,ROAD,MINOR,10.0,20.0,PAVED,TwoWay,PAVED,3,50,NO ACCESS,N,1986.0,106.960784365311
OLD CHICOPEE DR,04-At/near private drive,02-Thru lane,01-Clear,07-Dark,MIDBLOCK,Monday,February,0,OLD CHICOPEE DR,2,ROAD,MINOR,9.0,20.0,PAVED,TwoWay,PAVED,3,50,NO ACCESS,N,1974.0,81.0849345969483
OLD CHICOPEE DR,04-At/near private drive,02-Thru lane,01-Clear,07-Dark,MIDBLOCK,Monday,February,0,OLD CHICOPEE DR,2,ROAD,MINOR,9.0,22.0,PAVED,TwoWay,PAVED,3,50,NO ACCESS,Y,2000.0,192.215538502268
OLD CHICOPEE DR,04-At/near private drive,02-Thru lane,01-Clear,07-Dark,MIDBLOCK,Monday,February,0,OLD CHICOPEE DR,2,ROAD,MINOR,10.0,20.0,PAVED,TwoWay,PAVED,3,50,NO ACCESS,N,1986.0,140.249002791289
OLD CHICOPEE DR,04-At/near private drive,02-Thru lane,01-Clear,07-Dark,MIDBLOCK,Monday,February,0,OLD CHICOPEE DR,2,ROAD,MINOR,10.0,20.0,PAVED,TwoWay,PAVED,3,50,NO ACCESS,Y,1986.0,80.1376185321605
OLD CHICOPEE DR,04-At/near private drive,02-Thru lane,01-Clear,07-Dark,MIDBLOCK,Monday,February,0,OLD CHICOPEE DR,2,ROAD,MINOR,9.0,20.0,PAVED,TwoWay,PAVED,3,50,NO ACCESS,N,1974.0,351.66033114923
OLD CHICOPEE DR,04-At/near private drive,02-Thru lane,01-Clear,07-Dark,MIDBLOCK,Monday,February,0,OLD CHICOPEE DR,2,ROAD,MINOR,10.0,18.0,PAVED,TwoWay,PAVED,3,50,NO ACCESS,N,1986.0,76.2891787862313
OLD CHICOPEE DR,04-At/near private drive,02-Thru lane,01-Clear,07-Dark,MIDBLOCK,Monday,February,0,OLD CHICOPEE DR,2,ROAD,MINOR,11.0,20.0,PAVED,TwoWay,PAVED,3,50,NO ACCESS,N,1858.0,63.0481837647532
OLD CHICOPEE DR,04-At/near private drive,02-Thru lane,01-Clear,07-Dark,MIDBLOCK,Monday,February,0,OLD CHICOPEE DR,2,ROAD,MINOR,9.0,20.0,PAVED,TwoWay,PAVED,3,50,NO ACCESS,N,2000.0,163.300572588222
HICKORY HOLLOW CRES,04-At/near private drive,02-Thru lane,01-Clear,01-Daylight,MIDBLOCK,Sunday,June,1,HICKORY HOLLOW CRES,2,ROAD,LOCAL,7.0,16.0,PAVED,TwoWay,PAVED,6,50,NO ACCESS,N,1978.0,431.919986314039
ROLLING ACRES CRT,04-At/near private drive,02-Thru lane,01-Clear,07-Dark,MIDBLOCK,Friday,July,0,ROLLING ACRES CRT,1,BULB,LOCAL,9.0,40.0,PAVED,FromTo,PAVED,6,50,NO ACCESS,N,1987.0,93.3907251618799
ROLLING ACRES CRT,04-At/near private drive,02-Thru lane,01-Clear,07-Dark,MIDBLOCK,Friday,July,0,ROLLING ACRES CRT,2,ROAD,LOCAL,9.0,16.0,PAVED,TwoWay,PAVED,6,50,NO ACCESS,N,1987.0,142.182667686527
ROLLING ACRES CRT,01-Non intersection,02-Thru lane,01-Clear,"08-Dark, artificial",MIDBLOCK,Friday,July,0,ROLLING ACRES CRT,1,BULB,LOCAL,9.0,40.0,PAVED,FromTo,PAVED,6,50,NO ACCESS,N,1987.0,93.3907251618799
ROLLING ACRES CRT,01-Non intersection,02-Thru lane,01-Clear,"08-Dark, artificial",MIDBLOCK,Friday,July,0,ROLLING ACRES CRT,2,ROAD,LOCAL,9.0,16.0,PAVED,TwoWay,PAVED,6,50,NO ACCESS,N,1987.0,142.182667686527
ARROWHEAD CRES,04-At/near private drive,02-Thru lane,02-Rain,07-Dark,MIDBLOCK,Monday,August,0,ARROWHEAD CRES,2,ROAD,LOCAL,8.0,16.0,PAVED,TwoWay,PAVED,6,50,NO ACCESS,N,1971.0,217.764213137538
ARROWHEAD CRES,04-At/near private drive,02-Thru lane,02-Rain,07-Dark,MIDBLOCK,Monday,August,0,ARROWHEAD CRES,2,ROAD,LOCAL,8.0,16.0,PAVED,TwoWay,PAVED,6,50,NO ACCESS,N,1971.0,336.648705317349
YOUNG ST,04-At/near private drive,02-Thru lane,01-Clear,01-Daylight,MIDBLOCK,Thursday,August,0,YOUNG ST,1,ROAD,LOCAL,6.0,12.0,PAVED,FromTo,PAVED,6,50,NO ACCESS,N,1995.0,82.9582625420162
YOUNG ST,04-At/near private drive,02-Thru lane,01-Clear,01-Daylight,MIDBLOCK,Thursday,August,0,YOUNG ST,1,ROAD,LOCAL,6.0,13.0,PAVED,FromTo,PAVED,6,50,NO ACCESS,N,2004.0,73.90057260858771
YOUNG ST,04-At/near private drive,02-Thru lane,01-Clear,01-Daylight,MIDBLOCK,Thursday,August,0,YOUNG ST,1,ROAD,LOCAL,6.0,12.0,PAVED,FromTo,PAVED,6,50,NO ACCESS,N,1995.0,94.146105728362
YOUNG ST,04-At/near private drive,02-Thru lane,02-Rain,07-Dark,MIDBLOCK,Tuesday,February,0,YOUNG ST,1,ROAD,LOCAL,6.0,12.0,PAVED,FromTo,PAVED,6,50,NO ACCESS,N,1995.0,82.9582625420162
YOUNG ST,04-At/near private drive,02-Thru lane,02-Rain,07-Dark,MIDBLOCK,Tuesday,February,0,YOUNG ST,1,ROAD,LOCAL,6.0,13.0,PAVED,FromTo,PAVED,6,50,NO ACCESS,N,2004.0,73.90057260858771
YOUNG ST,04-At/near private drive,02-Thru lane,02-Rain,07-Dark,MIDBLOCK,Tuesday,February,0,YOUNG ST,1,ROAD,LOCAL,6.0,12.0,PAVED,FromTo,PAVED,6,50,NO ACCESS,N,1995.0,94.146105728362
MT HOPE ST,04-At/near private drive,02-Thru lane,01-Clear,01-Daylight,MIDBLOCK,Wednesday,April,0,MT HOPE ST,2,ROAD,LOCAL,7.0,15.0,PAVED,TwoWay,PAVED,6,50,NO ACCESS,N,1889.0,144.800548684568
MT HOPE ST,04-At/near private drive,02-Thru lane,01-Clear,01-Daylight,MIDBLOCK,Wednesday,April,0,MT HOPE ST,2,ROAD,LOCAL,9.0,20.0,PAVED,TwoWay,PAVED,6,50,NO ACCESS,N,1988.0,193.863758024053
MT HOPE ST,04-At/near private drive,02-Thru lane,01-Clear,01-Daylight,MIDBLOCK,Wednesday,April,0,MT HOPE ST,2,ROAD,LOCAL,7.0,18.0,PAVED,TwoWay,PAVED,6,50,NO ACCESS,N,2001.0,201.33808911724202
MT HOPE ST,01-Non intersection,02-Thru lane,01-Clear,01-Daylight,MIDBLOCK,Wednesday,April,0,MT HOPE ST,2,ROAD,LOCAL,7.0,15.0,PAVED,TwoWay,PAVED,6,50,NO ACCESS,N,1889.0,144.800548684568
MT HOPE ST,01-Non intersection,02-Thru lane,01-Clear,01-Daylight,MIDBLOCK,Wednesday,April,0,MT HOPE ST,2,ROAD,LOCAL,9.0,20.0,PAVED,TwoWay,PAVED,6,50,NO ACCESS,N,1988.0,193.863758024053
MT HOPE ST,01-Non intersection,02-Thru lane,01-Clear,01-Daylight,MIDBLOCK,Wednesday,April,0,MT HOPE ST,2,ROAD,LOCAL,7.0,18.0,PAVED,TwoWay,PAVED,6,50,NO ACCESS,N,2001.0,201.33808911724202
MT HOPE ST,01-Non intersection,09-Right shoulder,01-Clear,01-Daylight,MIDBLOCK,Wednesday,November,0,MT HOPE ST,2,ROAD,LOCAL,7.0,15.0,PAVED,TwoWay,PAVED,6,50,NO ACCESS,N,1889.0,144.800548684568
MT HOPE ST,01-Non intersection,09-Right shoulder,01-Clear,01-Daylight,MIDBLOCK,Wednesday,November,0,MT HOPE ST,2,ROAD,LOCAL,9.0,20.0,PAVED,TwoWay,PAVED,6,50,NO ACCESS,N,1988.0,193.863758024053
MT HOPE ST,01-Non intersection,09-Right shoulder,01-Clear,01-Daylight,MIDBLOCK,Wednesday,November,0,MT HOPE ST,2,ROAD,LOCAL,7.0,18.0,PAVED,TwoWay,PAVED,6,50,NO ACCESS,N,2001.0,201.33808911724202
OLD MAPLE LANE,04-At/near private drive,09-Right shoulder,01-Clear,07-Dark,MIDBLOCK,Monday,April,0,OLD MAPLE LANE,1,BULB,LOCAL,11.0,40.0,PAVED,FromTo,PAVED,6,50,NO ACCESS,N,1989.0,74.556704662608
OLD MAPLE LANE,04-At/near private drive,09-Right shoulder,01-Clear,07-Dark,MIDBLOCK,Monday,April,0,OLD MAPLE LANE,2,ROAD,LOCAL,8.0,18.0,PAVED,TwoWay,PAVED,6,50,NO ACCESS,N,1985.0,165.50281893237698
OLD MAPLE LANE,04-At/near private drive,09-Right shoulder,01-Clear,07-Dark,MIDBLOCK,Monday,April,0,OLD MAPLE LANE,2,ROAD,LOCAL,11.0,18.0,PAVED,TwoWay,PAVED,6,50,NO ACCESS,N,1985.0,223.138639454595
ONTARIO ST N,04-At/near private drive,09-Right shoulder,01-Clear,01-Daylight,MIDBLOCK,Wednesday,April,0,ONTARIO ST N,2,ROAD,LOCAL,7.0,12.0,PAVED,TwoWay,PAVED,6,50,NO ACCESS,N,2002.0,64.6869836162874
ONTARIO ST N,04-At/near private drive,09-Right shoulder,01-Clear,01-Daylight,MIDBLOCK,Wednesday,April,0,ONTARIO ST N,2,ROAD,LOCAL,8.0,12.0,PAVED,TwoWay,PAVED,6,50,NO ACCESS,N,2005.0,140.922870191361
ONTARIO ST N,04-At/near private drive,09-Right shoulder,01-Clear,01-Daylight,MIDBLOCK,Wednesday,April,0,ONTARIO ST N,2,ROAD,LOCAL,8.0,12.0,PAVED,TwoWay,PAVED,6,50,NO ACCESS,N,2002.0,67.1784720956567
ONTARIO ST N,04-At/near private drive,11-Not on roadway - right side,01-Clear,01-Daylight,MIDBLOCK,Saturday,November,1,ONTARIO ST N,2,ROAD,LOCAL,7.0,12.0,PAVED,TwoWay,PAVED,6,50,NO ACCESS,N,2002.0,64.6869836162874
ONTARIO ST N,04-At/near private drive,11-Not on roadway - right side,01-Clear,01-Daylight,MIDBLOCK,Saturday,November,1,ONTARIO ST N,2,ROAD,LOCAL,8.0,12.0,PAVED,TwoWay,PAVED,6,50,NO ACCESS,N,2005.0,140.922870191361
ONTARIO ST N,04-At/near private drive,11-Not on roadway - right side,01-Clear,01-Daylight,MIDBLOCK,Saturday,November,1,ONTARIO ST N,2,ROAD,LOCAL,8.0,12.0,PAVED,TwoWay,PAVED,6,50,NO ACCESS,N,2002.0,67.1784720956567
ONTARIO ST N,01-Non intersection,02-Thru lane,01-Clear,01-Daylight,MIDBLOCK,Friday,March,0,ONTARIO ST N,2,ROAD,LOCAL,7.0,12.0,PAVED,TwoWay,PAVED,6,50,NO ACCESS,N,2002.0,64.6869836162874
ONTARIO ST N,01-Non intersection,02-Thru lane,01-Clear,01-Daylight,MIDBLOCK,Friday,March,0,ONTARIO ST N,2,ROAD,LOCAL,8.0,12.0,PAVED,TwoWay,PAVED,6,50,NO ACCESS,N,2005.0,140.922870191361
ONTARIO ST N,01-Non intersection,02-Thru lane,01-Clear,01-Daylight,MIDBLOCK,Friday,March,0,ONTARIO ST N,2,ROAD,LOCAL,8.0,12.0,PAVED,TwoWay,PAVED,6,50,NO ACCESS,N,2002.0,67.1784720956567
ONTARIO ST N,01-Non intersection,02-Thru lane,01-Clear,01-Daylight,MIDBLOCK,Tuesday,October,0,ONTARIO ST N,2,ROAD,LOCAL,7.0,12.0,PAVED,TwoWay,PAVED,6,50,NO ACCESS,N,2002.0,64.6869836162874
ONTARIO ST N,01-Non intersection,02-Thru lane,01-Clear,01-Daylight,MIDBLOCK,Tuesday,October,0,ONTARIO ST N,2,ROAD,LOCAL,8.0,12.0,PAVED,TwoWay,PAVED,6,50,NO ACCESS,N,2005.0,140.922870191361
ONTARIO ST N,01-Non intersection,02-Thru lane,01-Clear,01-Daylight,MIDBLOCK,Tuesday,October,0,ONTARIO ST N,2,ROAD,LOCAL,8.0,12.0,PAVED,TwoWay,PAVED,6,50,NO ACCESS,N,2002.0,67.1784720956567
OPRINGTON PL,01-Non intersection,02-Thru lane,01-Clear,01-Daylight,MIDBLOCK,Tuesday,September,0,OPRINGTON PL,2,ROAD,LOCAL,9.0,16.0,PAVED,TwoWay,PAVED,6,50,NO ACCESS,N,2001.0,373.211520764226
OPRINGTON PL,01-Non intersection,02-Thru lane,01-Clear,01-Daylight,MIDBLOCK,Tuesday,September,0,OPRINGTON PL,2,ROAD,LOCAL,8.0,16.0,PAVED,TwoWay,PAVED,6,50,NO ACCESS,N,2001.0,69.19219463497379
PAIGE ST,04-At/near private drive,02-Thru lane,01-Clear,01-Daylight,MIDBLOCK,Saturday,January,1,PAIGE ST,2,ROAD,LOCAL,9.0,20.0,PAVED,TwoWay,PAVED,6,50,NO ACCESS,N,2007.0,62.1293469992414
PAIGE ST,04-At/near private drive,02-Thru lane,01-Clear,01-Daylight,MIDBLOCK,Saturday,January,1,PAIGE ST,2,ROAD,LOCAL,9.0,20.0,PAVED,TwoWay,PAVED,6,50,NO ACCESS,N,2007.0,360.36958778168406
PAIGE ST,04-At/near private drive,02-Thru lane,01-Clear,01-Daylight,MIDBLOCK,Saturday,January,1,PAIGE ST,2,ROAD,LOCAL,9.0,20.0,PAVED,TwoWay,PAVED,6,50,NO ACCESS,N,2007.0,88.76391830652149
PAIGE ST,01-Non intersection,02-Thru lane,01-Clear,01-Daylight,MIDBLOCK,Saturday,June,1,PAIGE ST,2,ROAD,LOCAL,9.0,20.0,PAVED,TwoWay,PAVED,6,50,NO ACCESS,N,2007.0,62.1293469992414
PAIGE ST,01-Non intersection,02-Thru lane,01-Clear,01-Daylight,MIDBLOCK,Saturday,June,1,PAIGE ST,2,ROAD,LOCAL,9.0,20.0,PAVED,TwoWay,PAVED,6,50,NO ACCESS,N,2007.0,360.36958778168406
PAIGE ST,01-Non intersection,02-Thru lane,01-Clear,01-Daylight,MIDBLOCK,Saturday,June,1,PAIGE ST,2,ROAD,LOCAL,9.0,20.0,PAVED,TwoWay,PAVED,6,50,NO ACCESS,N,2007.0,88.76391830652149
MANOR DR,04-At/near private drive,09-Right shoulder,01-Clear,01-Daylight,MIDBLOCK,Thursday,July,0,MANOR DR,2,ROAD,LOCAL,9.0,20.0,PAVED,TwoWay,PAVED,6,50,NO ACCESS,N,1972.0,338.629208878638
MANOR DR,04-At/near private drive,09-Right shoulder,01-Clear,01-Daylight,MIDBLOCK,Thursday,July,0,MANOR DR,2,ROAD,LOCAL,9.0,20.0,PAVED,TwoWay,PAVED,6,50,NO ACCESS,N,1972.0,95.9492972292531
MANOR DR,04-At/near private drive,09-Right shoulder,01-Clear,01-Daylight,MIDBLOCK,Thursday,July,0,MANOR DR,2,ROAD,LOCAL,9.0,20.0,PAVED,TwoWay,PAVED,6,50,NO ACCESS,N,1972.0,79.67111092664591
MANOR DR,04-At/near private drive,02-Thru lane,01-Clear,07-Dark,MIDBLOCK,Wednesday,July,0,MANOR DR,2,ROAD,LOCAL,9.0,20.0,PAVED,TwoWay,PAVED,6,50,NO ACCESS,N,1972.0,338.629208878638
MANOR DR,04-At/near private drive,02-Thru lane,01-Clear,07-Dark,MIDBLOCK,Wednesday,July,0,MANOR DR,2,ROAD,LOCAL,9.0,20.0,PAVED,TwoWay,PAVED,6,50,NO ACCESS,N,1972.0,95.9492972292531
MANOR DR,04-At/near private drive,02-Thru lane,01-Clear,07-Dark,MIDBLOCK,Wednesday,July,0,MANOR DR,2,ROAD,LOCAL,9.0,20.0,PAVED,TwoWay,PAVED,6,50,NO ACCESS,N,1972.0,79.67111092664591
MANOR DR,04-At/near private drive,02-Thru lane,01-Clear,01-Daylight,MIDBLOCK,Wednesday,July,0,MANOR DR,2,ROAD,LOCAL,9.0,20.0,PAVED,TwoWay,PAVED,6,50,NO ACCESS,N,1972.0,338.629208878638
MANOR DR,04-At/near private drive,02-Thru lane,01-Clear,01-Daylight,MIDBLOCK,Wednesday,July,0,MANOR DR,2,ROAD,LOCAL,9.0,20.0,PAVED,TwoWay,PAVED,6,50,NO ACCESS,N,1972.0,95.9492972292531
MANOR DR,04-At/near private drive,02-Thru lane,01-Clear,01-Daylight,MIDBLOCK,Wednesday,July,0,MANOR DR,2,ROAD,LOCAL,9.0,20.0,PAVED,TwoWay,PAVED,6,50,NO ACCESS,N,1972.0,79.67111092664591
DEVONGLEN DR,04-At/near private drive,02-Thru lane,01-Clear,01-Daylight,MIDBLOCK,Saturday,September,1,DEVONGLEN DR,2,ROAD,LOCAL,9.0,20.0,PAVED,TwoWay,PAVED,6,50,NO ACCESS,N,1974.0,89.1720499341261
DEVONGLEN DR,04-At/near private drive,02-Thru lane,01-Clear,01-Daylight,MIDBLOCK,Saturday,September,1,DEVONGLEN DR,2,ROAD,LOCAL,9.0,20.0,PAVED,TwoWay,PAVED,6,50,NO ACCESS,N,1974.0,121.37176960455099
DEVONGLEN DR,04-At/near private drive,02-Thru lane,01-Clear,01-Daylight,MIDBLOCK,Saturday,September,1,DEVONGLEN DR,2,ROAD,LOCAL,9.0,20.0,PAVED,TwoWay,PAVED,6,50,NO ACCESS,N,1974.0,223.608824593973
DEVONGLEN DR,04-At/near private drive,02-Thru lane,01-Clear,01-Daylight,MIDBLOCK,Saturday,September,1,DEVONGLEN DR,2,ROAD,LOCAL,9.0,20.0,PAVED,TwoWay,PAVED,6,50,NO ACCESS,N,1976.0,169.714897799158
WYANDOTTE CRT,04-At/near private drive,02-Thru lane,01-Clear,01-Daylight,MIDBLOCK,Thursday,August,0,WYANDOTTE CRT,1,BULB,LOCAL,9.0,43.0,PAVED,FromTo,PAVED,6,50,NO ACCESS,N,1978.0,78.68992724343221
WYANDOTTE CRT,04-At/near private drive,02-Thru lane,01-Clear,01-Daylight,MIDBLOCK,Thursday,August,0,WYANDOTTE CRT,2,ROAD,LOCAL,9.0,20.0,PAVED,TwoWay,PAVED,6,50,NO ACCESS,N,1978.0,159.574034063773
QUAIL HOLLOW,01-Non intersection,12-Off highway,01-Clear,01-Daylight,MIDBLOCK,Monday,June,0,QUAIL HOLLOW,2,ROAD,LOCAL,9.0,16.0,PAVED,TwoWay,PAVED,6,50,NO ACCESS,N,1989.0,92.80720811650299
QUAIL HOLLOW,01-Non intersection,12-Off highway,01-Clear,01-Daylight,MIDBLOCK,Monday,June,0,QUAIL HOLLOW,1,BULB,LOCAL,9.0,40.0,PAVED,FromTo,PAVED,6,50,NO ACCESS,N,1989.0,72.83642253870259
KRAFT AVE,04-At/near private drive,02-Thru lane,01-Clear,01-Daylight,MIDBLOCK,Monday,July,0,KRAFT AVE,2,ROAD,LOCAL,9.0,18.0,PAVED,TwoWay,PAVED,6,50,NO ACCESS,N,1961.0,80.0282558856864