LOCATION,ACCIDENT_LOCATION,IMPACT_LOCATION,ENVIRONMENT_CONDITION,LIGHT,COLLISION_TYPE,DAY_OF_WEEK,MONTH,IS_WEEKEND,STREET,LANES,CATEGORY,SUBCATEGORY,PAVEMENT_WIDTH,ROW_WIDTH,SHOULDER,FLOW_DIRECTION,SURFACE_LAYER_TYPE,OFFICIAL_ROAD_CLASSIFICATION,SPEED_LIMIT_KM,TRUCK_ACCESS,BUS_ROUTE,SERVICE_YEAR,Shape__Length
KRAFT AVE,04-At/near private drive,02-Thru lane,01-Clear,01-Daylight,MIDBLOCK,Monday,July,0,KRAFT AVE,2,ROAD,LOCAL,9.0,18.0,PAVED,TwoWay,PAVED,6,50,NO ACCESS,N,1961.0,78.62689927693859
KRAFT AVE,04-At/near private drive,02-Thru lane,01-Clear,01-Daylight,MIDBLOCK,Monday,July,0,KRAFT AVE,2,ROAD,LOCAL,9.0,18.0,PAVED,TwoWay,PAVED,6,50,NO ACCESS,N,1961.0,37.0935708716278
JUBILEE DR,01-Non intersection,02-Thru lane,02-Rain,"08-Dark, artificial",MIDBLOCK,Friday,April,0,JUBILEE DR,2,ROAD,LOCAL,7.0,16.0,PAVED,TwoWay,PAVED,7,30,NO ACCESS,N,1859.0,95.3948178158848
JUBILEE DR,01-Non intersection,02-Thru lane,02-Rain,"08-Dark, artificial",MIDBLOCK,Friday,April,0,JUBILEE DR,2,ROAD,LOCAL,9.0,16.0,PAVED,TwoWay,PAVED,7,30,NO ACCESS,N,1910.0,42.0831864099207
JUBILEE DR,01-Non intersection,02-Thru lane,02-Rain,"08-Dark, artificial",MIDBLOCK,Friday,April,0,JUBILEE DR,2,ROAD,LOCAL,9.0,16.0,PAVED,TwoWay,PAVED,7,30,NO ACCESS,N,1895.0,126.615963928191
JUBILEE DR,01-Non intersection,02-Thru lane,02-Rain,"08-Dark, artificial",MIDBLOCK,Friday,April,0,JUBILEE DR,2,ROAD,LOCAL,8.0,16.0,PAVED,TwoWay,PAVED,7,30,NO ACCESS,N,1895.0,189.38953137955502
JUBILEE DR,01-Non intersection,02-Thru lane,02-Rain,"08-Dark, artificial",MIDBLOCK,Friday,April,0,JUBILEE DR,2,ROAD,LOCAL,8.0,16.0,PAVED,TwoWay,PAVED,7,30,NO ACCESS,N,1920.0,80.55902871173309
JUBILEE DR,01-Non intersection,11-Not on roadway - right side,02-Rain,07-Dark,MIDBLOCK,Sunday,May,1,JUBILEE DR,2,ROAD,LOCAL,7.0,16.0,PAVED,TwoWay,PAVED,7,30,NO ACCESS,N,1859.0,95.3948178158848
JUBILEE DR,01-Non intersection,11-Not on roadway - right side,02-Rain,07-Dark,MIDBLOCK,Sunday,May,1,JUBILEE DR,2,ROAD,LOCAL,9.0,16.0,PAVED,TwoWay,PAVED,7,30,NO ACCESS,N,1910.0,42.0831864099207
JUBILEE DR,01-Non intersection,11-Not on roadway - right side,02-Rain,07-Dark,MIDBLOCK,Sunday,May,1,JUBILEE DR,2,ROAD,LOCAL,9.0,16.0,PAVED,TwoWay,PAVED,7,30,NO ACCESS,N,1895.0,126.615963928191
JUBILEE DR,01-Non intersection,11-Not on roadway - right side,02-Rain,07-Dark,MIDBLOCK,Sunday,May,1,JUBILEE DR,2,ROAD,LOCAL,8.0,16.0,PAVED,TwoWay,PAVED,7,30,NO ACCESS,N,1895.0,189.38953137955502
JUBILEE DR,01-Non intersection,11-Not on roadway - right side,02-Rain,07-Dark,MIDBLOCK,Sunday,May,1,JUBILEE DR,2,ROAD,LOCAL,8.0,16.0,PAVED,TwoWay,PAVED,7,30,NO ACCESS,N,1920.0,80.55902871173309
MARKET LANE,04-At/near private drive,11-Not on roadway - right side,01-Clear,01-Daylight,MIDBLOCK,Monday,September,0,MARKET LANE,1,ROAD,LANE,7.0,7.0,PAVED,FromTo,PAVED,8,50,NO ACCESS,N,2004.0,92.1794752934277
MARKET LANE,04-At/near private drive,11-Not on roadway - right side,01-Clear,01-Daylight,MIDBLOCK,Monday,September,0,MARKET LANE,1,ROAD,LANE,7.0,7.0,PAVED,FromTo,PAVED,8,50,NO ACCESS,N,2004.0,61.615516498222284
MARKET LANE,04-At/near private drive,02-Thru lane,01-Clear,01-Daylight,MIDBLOCK,Sunday,December,1,MARKET LANE,1,ROAD,LANE,7.0,7.0,PAVED,FromTo,PAVED,8,50,NO ACCESS,N,2004.0,92.1794752934277
MARKET LANE,04-At/near private drive,02-Thru lane,01-Clear,01-Daylight,MIDBLOCK,Sunday,December,1,MARKET LANE,1,ROAD,LANE,7.0,7.0,PAVED,FromTo,PAVED,8,50,NO ACCESS,N,2004.0,61.615516498222284
MARKET LANE,99-Other,12-Off highway,01-Clear,07-Dark,MIDBLOCK,Sunday,February,1,MARKET LANE,1,ROAD,LANE,7.0,7.0,PAVED,FromTo,PAVED,8,50,NO ACCESS,N,2004.0,92.1794752934277
MARKET LANE,99-Other,12-Off highway,01-Clear,07-Dark,MIDBLOCK,Sunday,February,1,MARKET LANE,1,ROAD,LANE,7.0,7.0,PAVED,FromTo,PAVED,8,50,NO ACCESS,N,2004.0,61.615516498222284
TEMPLEWOOD DR,04-At/near private drive,02-Thru lane,01-Clear,01-Daylight,MIDBLOCK,Thursday,January,0,TEMPLEWOOD DR,2,ROAD,MINOR,10.0,20.0,PAVED,TwoWay,PAVED,4,50,NO ACCESS,N,1995.0,226.984596677522
TEMPLEWOOD DR,04-At/near private drive,02-Thru lane,01-Clear,01-Daylight,MIDBLOCK,Thursday,January,0,TEMPLEWOOD DR,2,ROAD,MINOR,10.0,20.0,PAVED,TwoWay,PAVED,4,50,NO ACCESS,N,1995.0,83.61575695091699
TEMPLEWOOD DR,04-At/near private drive,02-Thru lane,01-Clear,01-Daylight,MIDBLOCK,Thursday,January,0,TEMPLEWOOD DR,2,ROAD,MINOR,10.0,20.0,PAVED,TwoWay,PAVED,6,50,NO ACCESS,N,2003.0,96.68572527135001
TEMPLEWOOD DR,04-At/near private drive,02-Thru lane,01-Clear,01-Daylight,MIDBLOCK,Thursday,January,0,TEMPLEWOOD DR,2,ROAD,MINOR,10.0,20.0,PAVED,TwoWay,PAVED,6,50,NO ACCESS,N,2005.0,153.085857774394
TEMPLEWOOD DR,01-Non intersection,02-Thru lane,01-Clear,01-Daylight,MIDBLOCK,Sunday,November,1,TEMPLEWOOD DR,2,ROAD,MINOR,10.0,20.0,PAVED,TwoWay,PAVED,4,50,NO ACCESS,N,1995.0,226.984596677522
TEMPLEWOOD DR,01-Non intersection,02-Thru lane,01-Clear,01-Daylight,MIDBLOCK,Sunday,November,1,TEMPLEWOOD DR,2,ROAD,MINOR,10.0,20.0,PAVED,TwoWay,PAVED,4,50,NO ACCESS,N,1995.0,83.61575695091699
TEMPLEWOOD DR,01-Non intersection,02-Thru lane,01-Clear,01-Daylight,MIDBLOCK,Sunday,November,1,TEMPLEWOOD DR,2,ROAD,MINOR,10.0,20.0,PAVED,TwoWay,PAVED,6,50,NO ACCESS,N,2003.0,96.68572527135001
TEMPLEWOOD DR,01-Non intersection,02-Thru lane,01-Clear,01-Daylight,MIDBLOCK,Sunday,November,1,TEMPLEWOOD DR,2,ROAD,MINOR,10.0,20.0,PAVED,TwoWay,PAVED,6,50,NO ACCESS,N,2005.0,153.085857774394
TEMPLEWOOD DR,99-Other,12-Off highway,03-Snow,01-Daylight,MIDBLOCK,Monday,November,0,TEMPLEWOOD DR,2,ROAD,MINOR,10.0,20.0,PAVED,TwoWay,PAVED,4,50,NO ACCESS,N,1995.0,226.984596677522
TEMPLEWOOD DR,99-Other,12-Off highway,03-Snow,01-Daylight,MIDBLOCK,Monday,November,0,TEMPLEWOOD DR,2,ROAD,MINOR,10.0,20.0,PAVED,TwoWay,PAVED,4,50,NO ACCESS,N,1995.0,83.61575695091699
TEMPLEWOOD DR,99-Other,12-Off highway,03-Snow,01-Daylight,MIDBLOCK,Monday,November,0,TEMPLEWOOD DR,2,ROAD,MINOR,10.0,20.0,PAVED,TwoWay,PAVED,6,50,NO ACCESS,N,2003.0,96.68572527135001
TEMPLEWOOD DR,99-Other,12-Off highway,03-Snow,01-Daylight,MIDBLOCK,Monday,November,0,TEMPLEWOOD DR,2,ROAD,MINOR,10.0,20.0,PAVED,TwoWay,PAVED,6,50,NO ACCESS,N,2005.0,153.085857774394
TEMPLEWOOD DR,04-At/near private drive,02-Thru lane,01-Clear,"08-Dark, artificial",MIDBLOCK,Tuesday,November,0,TEMPLEWOOD DR,2,ROAD,MINOR,10.0,20.0,PAVED,TwoWay,PAVED,4,50,NO ACCESS,N,1995.0,226.984596677522
TEMPLEWOOD DR,04-At/near private drive,02-Thru lane,01-Clear,"08-Dark, artificial",MIDBLOCK,Tuesday,November,0,TEMPLEWOOD DR,2,ROAD,MINOR,10.0,20.0,PAVED,TwoWay,PAVED,4,50,NO ACCESS,N,1995.0,83.61575695091699
TEMPLEWOOD DR,04-At/near private drive,02-Thru lane,01-Clear,"08-Dark, artificial",MIDBLOCK,Tuesday,November,0,TEMPLEWOOD DR,2,ROAD,MINOR,10.0,20.0,PAVED,TwoWay,PAVED,6,50,NO ACCESS,N,2003.0,96.68572527135001
TEMPLEWOOD DR,04-At/near private drive,02-Thru lane,01-Clear,"08-Dark, artificial",MIDBLOCK,Tuesday,November,0,TEMPLEWOOD DR,2,ROAD,MINOR,10.0,20.0,PAVED,TwoWay,PAVED,6,50,NO ACCESS,N,2005.0,153.085857774394
MASSEY AVE,04-At/near private drive,02-Thru lane,01-Clear,01-Daylight,MIDBLOCK,Saturday,March,1,MASSEY AVE,2,ROAD,LOCAL,9.0,20.0,PAVED,TwoWay,PAVED,6,50,NO ACCESS,N,1955.0,188.07801678715802
MASSEY AVE,04-At/near private drive,02-Thru lane,01-Clear,01-Daylight,MIDBLOCK,Saturday,March,1,MASSEY AVE,2,ROAD,LOCAL,9.0,20.0,PAVED,TwoWay,PAVED,6,50,NO ACCESS,N,1955.0,291.708323130133
MASSEY AVE,04-At/near private drive,02-Thru lane,01-Clear,01-Daylight,MIDBLOCK,Saturday,March,1,MASSEY AVE,2,ROAD,LOCAL,9.0,20.0,PAVED,TwoWay,PAVED,6,50,NO ACCESS,N,1955.0,81.8023294803301
ISAIAH DR,04-At/near private drive,02-Thru lane,01-Clear,01-Daylight,MIDBLOCK,Tuesday,March,0,ISAIAH DR,2,ROAD,LOCAL,11.0,20.0,PAVED,TwoWay,PAVED,6,50,NO ACCESS,N,2007.0,69.3861405554812
ISAIAH DR,04-At/near private drive,02-Thru lane,01-Clear,01-Daylight,MIDBLOCK,Tuesday,March,0,ISAIAH DR,2,ROAD,LOCAL,9.0,20.0,PAVED,TwoWay,PAVED,6,50,NO ACCESS,N,2007.0,91.1299182805734
ISAIAH DR,04-At/near private drive,02-Thru lane,01-Clear,01-Daylight,MIDBLOCK,Tuesday,March,0,ISAIAH DR,2,ROAD,LOCAL,9.0,20.0,PAVED,TwoWay,PAVED,6,50,NO ACCESS,N,2007.0,79.94943740580041
ISAIAH DR,04-At/near private drive,02-Thru lane,01-Clear,01-Daylight,MIDBLOCK,Tuesday,March,0,ISAIAH DR,2,ROAD,LOCAL,9.0,20.0,PAVED,TwoWay,PAVED,6,50,NO ACCESS,N,2008.0,150.71828288342
ISAIAH DR,04-At/near private drive,02-Thru lane,01-Clear,01-Daylight,MIDBLOCK,Tuesday,March,0,ISAIAH DR,2,ROAD,LOCAL,9.0,20.0,PAVED,TwoWay,PAVED,6,50,NO ACCESS,N,2007.0,222.560947890579
MEADOWLANE DR,04-At/near private drive,02-Thru lane,03-Snow,01-Daylight,MIDBLOCK,Sunday,January,1,MEADOWLANE DR,2,ROAD,LOCAL,9.0,20.0,PAVED,TwoWay,PAVED,6,50,NO ACCESS,N,1969.0,370.935892876374
MEADOWLANE DR,04-At/near private drive,02-Thru lane,01-Clear,01-Daylight,MIDBLOCK,Thursday,July,0,MEADOWLANE DR,2,ROAD,LOCAL,9.0,20.0,PAVED,TwoWay,PAVED,6,50,NO ACCESS,N,1969.0,370.935892876374
BLUERIDGE AVE,01-Non intersection,02-Thru lane,06-Strong wind,"08-Dark, artificial",MIDBLOCK,Tuesday,November,0,BLUERIDGE AVE,2,ROAD,LOCAL,10.0,20.0,PAVED,TwoWay,PAVED,6,50,NO ACCESS,N,1956.0,516.000590649562
BORDEN AVE N,01-Non intersection,02-Thru lane,"07-Fog, mist, smoke, dust","08-Dark, artificial",MIDBLOCK,Tuesday,December,0,BORDEN AVE N,2,ROAD,MINOR,10.0,20.0,PAVED,TwoWay,PAVED,4,50,NO ACCESS,N,1924.0,107.98002148902201
BORDEN AVE N,01-Non intersection,02-Thru lane,"07-Fog, mist, smoke, dust","08-Dark, artificial",MIDBLOCK,Tuesday,December,0,BORDEN AVE N,2,ROAD,MINOR,10.0,20.0,PAVED,TwoWay,PAVED,4,50,NO ACCESS,N,1923.0,137.132381019846
BORDEN AVE N,01-Non intersection,02-Thru lane,"07-Fog, mist, smoke, dust","08-Dark, artificial",MIDBLOCK,Tuesday,December,0,BORDEN AVE N,2,ROAD,MINOR,10.0,20.0,PAVED,TwoWay,PAVED,4,50,NO ACCESS,N,1913.0,10.3571301051279
BORDEN AVE N,01-Non intersection,02-Thru lane,"07-Fog, mist, smoke, dust","08-Dark, artificial",MIDBLOCK,Tuesday,December,0,BORDEN AVE N,2,ROAD,MINOR,11.0,20.0,PAVED,TwoWay,PAVED,4,50,NO ACCESS,Y,1931.0,222.50887847740898
BORDEN AVE N,01-Non intersection,02-Thru lane,"07-Fog, mist, smoke, dust","08-Dark, artificial",MIDBLOCK,Tuesday,December,0,BORDEN AVE N,2,ROAD,MINOR,10.0,20.0,PAVED,TwoWay,PAVED,4,50,NO ACCESS,N,1913.0,127.6763877323
CRANBROOK ST,04-At/near private drive,09-Right shoulder,01-Clear,01-Daylight,MIDBLOCK,Monday,April,0,CRANBROOK ST,2,ROAD,LOCAL,9.0,18.0,PAVED,TwoWay,PAVED,6,50,NO ACCESS,N,2004.0,235.426357044057
CRANBROOK ST,04-At/near private drive,09-Right shoulder,01-Clear,01-Daylight,MIDBLOCK,Monday,April,0,CRANBROOK ST,2,ROAD,LOCAL,9.0,18.0,PAVED,TwoWay,PAVED,6,50,NO ACCESS,N,2006.0,192.927133509006
TUDOR ST,01-Non intersection,02-Thru lane,01-Clear,01-Daylight,MIDBLOCK,Tuesday,January,0,TUDOR ST,2,ROAD,LOCAL,8.0,16.0,PAVED,TwoWay,PAVED,6,50,NO ACCESS,N,2005.0,184.47672847203705
TUDOR ST,04-At/near private drive,02-Thru lane,01-Clear,01-Daylight,MIDBLOCK,Tuesday,July,0,TUDOR ST,2,ROAD,LOCAL,8.0,16.0,PAVED,TwoWay,PAVED,6,50,NO ACCESS,N,2005.0,184.47672847203705
HEINS AVE,04-At/near private drive,02-Thru lane,01-Clear,"08-Dark, artificial",MIDBLOCK,Friday,April,0,HEINS AVE,2,ROAD,LOCAL,7.0,18.0,PAVED,TwoWay,PAVED,6,50,NO ACCESS,N,2007.0,315.913115271276
HEINS AVE,04-At/near private drive,02-Thru lane,01-Clear,"08-Dark, artificial",MIDBLOCK,Thursday,December,0,HEINS AVE,2,ROAD,LOCAL,7.0,18.0,PAVED,TwoWay,PAVED,6,50,NO ACCESS,N,2007.0,315.913115271276
ELIZA AVE,04-At/near private drive,02-Thru lane,01-Clear,01-Daylight,MIDBLOCK,Tuesday,April,0,ELIZA AVE,2,ROAD,LOCAL,18.0,20.0,PAVED,TwoWay,PAVED,6,50,NO ACCESS,N,2007.0,209.02172394279492
ELIZA AVE,04-At/near private drive,02-Thru lane,01-Clear,01-Daylight,MIDBLOCK,Tuesday,April,0,ELIZA AVE,2,ROAD,LOCAL,18.0,18.0,PAVED,TwoWay,PAVED,6,50,NO ACCESS,N,2007.0,203.837016294549
ELIZA AVE,04-At/near private drive,09-Right shoulder,01-Clear,01-Daylight,MIDBLOCK,Thursday,December,0,ELIZA AVE,2,ROAD,LOCAL,18.0,20.0,PAVED,TwoWay,PAVED,6,50,NO ACCESS,N,2007.0,209.02172394279492
ELIZA AVE,04-At/near private drive,09-Right shoulder,01-Clear,01-Daylight,MIDBLOCK,Thursday,December,0,ELIZA AVE,2,ROAD,LOCAL,18.0,18.0,PAVED,TwoWay,PAVED,6,50,NO ACCESS,N,2007.0,203.837016294549
HIGHCROFT CRT,04-At/near private drive,02-Thru lane,01-Clear,07-Dark,MIDBLOCK,Thursday,April,0,HIGHCROFT CRT,1,BULB,LOCAL,9.0,43.0,PAVED,FromTo,PAVED,6,50,NO ACCESS,N,1977.0,85.1925433228267
HIGHCROFT CRT,04-At/near private drive,02-Thru lane,01-Clear,07-Dark,MIDBLOCK,Thursday,April,0,HIGHCROFT CRT,2,ROAD,LOCAL,9.0,20.0,PAVED,TwoWay,PAVED,6,50,NO ACCESS,N,1977.0,86.94008967570471
ERIKA CRT,04-At/near private drive,02-Thru lane,03-Snow,07-Dark,MIDBLOCK,Sunday,January,1,ERIKA CRT,2,ROAD,LOCAL,8.0,16.0,PAVED,TwoWay,PAVED,6,50,NO ACCESS,N,2003.0,154.984913657101
ERIKA CRT,04-At/near private drive,02-Thru lane,03-Snow,07-Dark,MIDBLOCK,Sunday,January,1,ERIKA CRT,1,BULB,LOCAL,2.0,16.0,PAVED,FromTo,PAVED,6,50,NO ACCESS,N,2003.0,62.7519190253832
FAIRWAY CRES,04-At/near private drive,09-Right shoulder,01-Clear,07-Dark,MIDBLOCK,Monday,October,0,FAIRWAY CRES,2,ROAD,MINOR,9.0,20.0,PAVED,TwoWay,PAVED,4,50,NO ACCESS,N,1994.0,399.115479589196
FAIRWAY CRES,04-At/near private drive,09-Right shoulder,01-Clear,07-Dark,MIDBLOCK,Monday,October,0,FAIRWAY CRES,2,ROAD,MINOR,10.0,20.0,PAVED,TwoWay,PAVED,6,50,NO ACCESS,N,1987.0,95.92780020927499
FAIRWAY CRES,04-At/near private drive,09-Right shoulder,01-Clear,07-Dark,MIDBLOCK,Monday,October,0,FAIRWAY CRES,2,ROAD,MINOR,10.0,20.0,PAVED,TwoWay,PAVED,6,50,NO ACCESS,N,1987.0,98.44013750382341
GREEN ST,01-Non intersection,02-Thru lane,01-Clear,01-Daylight,MIDBLOCK,Monday,March,0,GREEN ST,2,ROAD,MINOR,9.0,18.0,PAVED,TwoWay,PAVED,5,50,NO ACCESS,N,1990.0,226.711873914287
GREEN ST,01-Non intersection,02-Thru lane,01-Clear,01-Daylight,MIDBLOCK,Tuesday,February,0,GREEN ST,2,ROAD,MINOR,9.0,18.0,PAVED,TwoWay,PAVED,5,50,NO ACCESS,N,1990.0,226.711873914287
GREEN ST,01-Non intersection,11-Not on roadway - right side,01-Clear,01-Daylight,MIDBLOCK,Thursday,August,0,GREEN ST,2,ROAD,MINOR,9.0,18.0,PAVED,TwoWay,PAVED,5,50,NO ACCESS,N,1990.0,226.711873914287
GREEN ST,04-At/near private drive,02-Thru lane,01-Clear,01-Daylight,MIDBLOCK,Thursday,July,0,GREEN ST,2,ROAD,MINOR,9.0,18.0,PAVED,TwoWay,PAVED,5,50,NO ACCESS,N,1990.0,226.711873914287
CARSON DR,01-Non intersection,02-Thru lane,02-Rain,07-Dark,MIDBLOCK,Tuesday,November,0,CARSON DR,2,ROAD,MINOR,9.0,20.0,PAVED,TwoWay,PAVED,4,40,NO ACCESS,N,1968.0,113.309522436275
CARSON DR,01-Non intersection,02-Thru lane,02-Rain,07-Dark,MIDBLOCK,Tuesday,November,0,CARSON DR,2,ROAD,MINOR,9.0,20.0,PAVED,TwoWay,PAVED,4,40,NO ACCESS,N,1968.0,141.870595095384
CARSON DR,01-Non intersection,02-Thru lane,02-Rain,07-Dark,MIDBLOCK,Tuesday,November,0,CARSON DR,2,ROAD,MINOR,9.0,20.0,PAVED,TwoWay,PAVED,4,40,NO ACCESS,N,1955.0,179.57276174572
CARSON DR,01-Non intersection,02-Thru lane,02-Rain,07-Dark,MIDBLOCK,Tuesday,November,0,CARSON DR,2,ROAD,MINOR,8.0,20.0,PAVED,TwoWay,PAVED,4,40,NO ACCESS,N,1968.0,201.189524557779
CARSON DR,01-Non intersection,02-Thru lane,02-Rain,07-Dark,MIDBLOCK,Tuesday,November,0,CARSON DR,2,ROAD,MINOR,8.0,20.0,PAVED,TwoWay,PAVED,4,50,NO ACCESS,Y,1965.0,99.0351129730782
CARSON DR,01-Non intersection,02-Thru lane,02-Rain,07-Dark,MIDBLOCK,Tuesday,November,0,CARSON DR,2,ROAD,MINOR,9.0,20.0,PAVED,TwoWay,PAVED,4,40,NO ACCESS,Y,1965.0,166.05704406897
CARSON DR,01-Non intersection,02-Thru lane,02-Rain,07-Dark,MIDBLOCK,Tuesday,November,0,CARSON DR,2,ROAD,MINOR,10.0,20.0,PAVED,TwoWay,PAVED,4,40,NO ACCESS,N,1955.0,307.986464970005
CARSON DR,01-Non intersection,11-Not on roadway - right side,01-Clear,01-Daylight,MIDBLOCK,Friday,May,0,CARSON DR,2,ROAD,MINOR,9.0,20.0,PAVED,TwoWay,PAVED,4,40,NO ACCESS,N,1968.0,113.309522436275
CARSON DR,01-Non intersection,11-Not on roadway - right side,01-Clear,01-Daylight,MIDBLOCK,Friday,May,0,CARSON DR,2,ROAD,MINOR,9.0,20.0,PAVED,TwoWay,PAVED,4,40,NO ACCESS,N,1968.0,141.870595095384
CARSON DR,01-Non intersection,11-Not on roadway - right side,01-Clear,01-Daylight,MIDBLOCK,Friday,May,0,CARSON DR,2,ROAD,MINOR,9.0,20.0,PAVED,TwoWay,PAVED,4,40,NO ACCESS,N,1955.0,179.57276174572
CARSON DR,01-Non intersection,11-Not on roadway - right side,01-Clear,01-Daylight,MIDBLOCK,Friday,May,0,CARSON DR,2,ROAD,MINOR,8.0,20.0,PAVED,TwoWay,PAVED,4,40,NO ACCESS,N,1968.0,201.189524557779
CARSON DR,01-Non intersection,11-Not on roadway - right side,01-Clear,01-Daylight,MIDBLOCK,Friday,May,0,CARSON DR,2,ROAD,MINOR,8.0,20.0,PAVED,TwoWay,PAVED,4,50,NO ACCESS,Y,1965.0,99.0351129730782
CARSON DR,01-Non intersection,11-Not on roadway - right side,01-Clear,01-Daylight,MIDBLOCK,Friday,May,0,CARSON DR,2,ROAD,MINOR,9.0,20.0,PAVED,TwoWay,PAVED,4,40,NO ACCESS,Y,1965.0,166.05704406897
CARSON DR,01-Non intersection,11-Not on roadway - right side,01-Clear,01-Daylight,MIDBLOCK,Friday,May,0,CARSON DR,2,ROAD,MINOR,10.0,20.0,PAVED,TwoWay,PAVED,4,40,NO ACCESS,N,1955.0,307.986464970005
CARSON DR,04-At/near private drive,02-Thru lane,02-Rain,01-Daylight,MIDBLOCK,Friday,June,0,CARSON DR,2,ROAD,MINOR,9.0,20.0,PAVED,TwoWay,PAVED,4,40,NO ACCESS,N,1968.0,113.309522436275
CARSON DR,04-At/near private drive,02-Thru lane,02-Rain,01-Daylight,MIDBLOCK,Friday,June,0,CARSON DR,2,ROAD,MINOR,9.0,20.0,PAVED,TwoWay,PAVED,4,40,NO ACCESS,N,1968.0,141.870595095384
CARSON DR,04-At/near private drive,02-Thru lane,02-Rain,01-Daylight,MIDBLOCK,Friday,June,0,CARSON DR,2,ROAD,MINOR,9.0,20.0,PAVED,TwoWay,PAVED,4,40,NO ACCESS,N,1955.0,179.57276174572
CARSON DR,04-At/near private drive,02-Thru lane,02-Rain,01-Daylight,MIDBLOCK,Friday,June,0,CARSON DR,2,ROAD,MINOR,8.0,20.0,PAVED,TwoWay,PAVED,4,40,NO ACCESS,N,1968.0,201.189524557779
CARSON DR,04-At/near private drive,02-Thru lane,02-Rain,01-Daylight,MIDBLOCK,Friday,June,0,CARSON DR,2,ROAD,MINOR,8.0,20.0,PAVED,TwoWay,PAVED,4,50,NO ACCESS,Y,1965.0,99.0351129730782
CARSON DR,04-At/near private drive,02-Thru lane,02-Rain,01-Daylight,MIDBLOCK,Friday,June,0,CARSON DR,2,ROAD,MINOR,9.0,20.0,PAVED,TwoWay,PAVED,4,40,NO ACCESS,Y,1965.0,166.05704406897
CARSON DR,04-At/near private drive,02-Thru lane,02-Rain,01-Daylight,MIDBLOCK,Friday,June,0,CARSON DR,2,ROAD,MINOR,10.0,20.0,PAVED,TwoWay,PAVED,4,40,NO ACCESS,N,1955.0,307.986464970005
CARSON DR,01-Non intersection,02-Thru lane,01-Clear,07-Dark,MIDBLOCK,Saturday,April,1,CARSON DR,2,ROAD,MINOR,9.0,20.0,PAVED,TwoWay,PAVED,4,40,NO ACCESS,N,1968.0,113.309522436275
CARSON DR,01-Non intersection,02-Thru lane,01-Clear,07-Dark,MIDBLOCK,Saturday,April,1,CARSON DR,2,ROAD,MINOR,9.0,20.0,PAVED,TwoWay,PAVED,4,40,NO ACCESS,N,1968.0,141.870595095384
CARSON DR,01-Non intersection,02-Thru lane,01-Clear,07-Dark,MIDBLOCK,Saturday,April,1,CARSON DR,2,ROAD,MINOR,9.0,20.0,PAVED,TwoWay,PAVED,4,40,NO ACCESS,N,1955.0,179.57276174572
CARSON DR,01-Non intersection,02-Thru lane,01-Clear,07-Dark,MIDBLOCK,Saturday,April,1,CARSON DR,2,ROAD,MINOR,8.0,20.0,PAVED,TwoWay,PAVED,4,40,NO ACCESS,N,1968.0,201.189524557779
CARSON DR,01-Non intersection,02-Thru lane,01-Clear,07-Dark,MIDBLOCK,Saturday,April,1,CARSON DR,2,ROAD,MINOR,8.0,20.0,PAVED,TwoWay,PAVED,4,50,NO ACCESS,Y,1965.0,99.0351129730782
CARSON DR,01-Non intersection,02-Thru lane,01-Clear,07-Dark,MIDBLOCK,Saturday,April,1,CARSON DR,2,ROAD,MINOR,9.0,20.0,PAVED,TwoWay,PAVED,4,40,NO ACCESS,Y,1965.0,166.05704406897
CARSON DR,01-Non intersection,02-Thru lane,01-Clear,07-Dark,MIDBLOCK,Saturday,April,1,CARSON DR,2,ROAD,MINOR,10.0,20.0,PAVED,TwoWay,PAVED,4,40,NO ACCESS,N,1955.0,307.986464970005
CARSON DR,04-At/near private drive,09-Right shoulder,01-Clear,01-Daylight,MIDBLOCK,Wednesday,February,0,CARSON DR,2,ROAD,MINOR,9.0,20.0,PAVED,TwoWay,PAVED,4,40,NO ACCESS,N,1968.0,113.309522436275
CARSON DR,04-At/near private drive,09-Right shoulder,01-Clear,01-Daylight,MIDBLOCK,Wednesday,February,0,CARSON DR,2,ROAD,MINOR,9.0,20.0,PAVED,TwoWay,PAVED,4,40,NO ACCESS,N,1968.0,141.870595095384
CARSON DR,04-At/near private drive,09-Right shoulder,01-Clear,01-Daylight,MIDBLOCK,Wednesday,February,0,CARSON DR,2,ROAD,MINOR,9.0,20.0,PAVED,TwoWay,PAVED,4,40,NO ACCESS,N,1955.0,179.57276174572
CARSON DR,04-At/near private drive,09-Right shoulder,01-Clear,01-Daylight,MIDBLOCK,Wednesday,February,0,CARSON DR,2,ROAD,MINOR,8.0,20.0,PAVED,TwoWay,PAVED,4,40,NO ACCESS,N,1968.0,201.189524557779
CARSON DR,04-At/near private drive,09-Right shoulder,01-Clear,01-Daylight,MIDBLOCK,Wednesday,February,0,CARSON DR,2,ROAD,MINOR,8.0,20.0,PAVED,TwoWay,PAVED,4,50,NO ACCESS,Y,1965.0,99.0351129730782
CARSON DR,04-At/near private drive,09-Right shoulder,01-Clear,01-Daylight,MIDBLOCK,Wednesday,February,0,CARSON DR,2,ROAD,MINOR,9.0,20.0,PAVED,TwoWay,PAVED,4,40,NO ACCESS,Y,1965.0,166.05704406897
CARSON DR,04-At/near private drive,09-Right shoulder,01-Clear,01-Daylight,MIDBLOCK,Wednesday,February,0,CARSON DR,2,ROAD,MINOR,10.0,20.0,PAVED,TwoWay,PAVED,4,40,NO ACCESS,N,1955.0,307.986464970005