LOCATION,ACCIDENT_LOCATION,IMPACT_LOCATION,ENVIRONMENT_CONDITION,LIGHT,COLLISION_TYPE,DAY_OF_WEEK,MONTH,IS_WEEKEND,STREET,LANES,CATEGORY,SUBCATEGORY,PAVEMENT_WIDTH,ROW_WIDTH,SHOULDER,FLOW_DIRECTION,SURFACE_LAYER_TYPE,OFFICIAL_ROAD_CLASSIFICATION,SPEED_LIMIT_KM,TRUCK_ACCESS,BUS_ROUTE,SERVICE_YEAR,Shape__Length
CARSON DR,01-Non intersection,12-Off highway,02-Rain,07-Dark,MIDBLOCK,Tuesday,December,0,CARSON DR,2,ROAD,MINOR,9.0,20.0,PAVED,TwoWay,PAVED,4,40,NO ACCESS,N,1968.0,113.309522436275
CARSON DR,01-Non intersection,12-Off highway,02-Rain,07-Dark,MIDBLOCK,Tuesday,December,0,CARSON DR,2,ROAD,MINOR,9.0,20.0,PAVED,TwoWay,PAVED,4,40,NO ACCESS,N,1968.0,141.870595095384
CARSON DR,01-Non intersection,12-Off highway,02-Rain,07-Dark,MIDBLOCK,Tuesday,December,0,CARSON DR,2,ROAD,MINOR,9.0,20.0,PAVED,TwoWay,PAVED,4,40,NO ACCESS,N,1955.0,179.57276174572
CARSON DR,01-Non intersection,12-Off highway,02-Rain,07-Dark,MIDBLOCK,Tuesday,December,0,CARSON DR,2,ROAD,MINOR,8.0,20.0,PAVED,TwoWay,PAVED,4,40,NO ACCESS,N,1968.0,201.189524557779
CARSON DR,01-Non intersection,12-Off highway,02-Rain,07-Dark,MIDBLOCK,Tuesday,December,0,CARSON DR,2,ROAD,MINOR,8.0,20.0,PAVED,TwoWay,PAVED,4,50,NO ACCESS,Y,1965.0,99.0351129730782
CARSON DR,01-Non intersection,12-Off highway,02-Rain,07-Dark,MIDBLOCK,Tuesday,December,0,CARSON DR,2,ROAD,MINOR,9.0,20.0,PAVED,TwoWay,PAVED,4,40,NO ACCESS,Y,1965.0,166.05704406897
CARSON DR,01-Non intersection,12-Off highway,02-Rain,07-Dark,MIDBLOCK,Tuesday,December,0,CARSON DR,2,ROAD,MINOR,10.0,20.0,PAVED,TwoWay,PAVED,4,40,NO ACCESS,N,1955.0,307.986464970005
CARSON DR,04-At/near private drive,12-Off highway,01-Clear,07-Dark,MIDBLOCK,Wednesday,November,0,CARSON DR,2,ROAD,MINOR,9.0,20.0,PAVED,TwoWay,PAVED,4,40,NO ACCESS,N,1968.0,113.309522436275
CARSON DR,04-At/near private drive,12-Off highway,01-Clear,07-Dark,MIDBLOCK,Wednesday,November,0,CARSON DR,2,ROAD,MINOR,9.0,20.0,PAVED,TwoWay,PAVED,4,40,NO ACCESS,N,1968.0,141.870595095384
CARSON DR,04-At/near private drive,12-Off highway,01-Clear,07-Dark,MIDBLOCK,Wednesday,November,0,CARSON DR,2,ROAD,MINOR,9.0,20.0,PAVED,TwoWay,PAVED,4,40,NO ACCESS,N,1955.0,179.57276174572
CARSON DR,04-At/near private drive,12-Off highway,01-Clear,07-Dark,MIDBLOCK,Wednesday,November,0,CARSON DR,2,ROAD,MINOR,8.0,20.0,PAVED,TwoWay,PAVED,4,40,NO ACCESS,N,1968.0,201.189524557779
CARSON DR,04-At/near private drive,12-Off highway,01-Clear,07-Dark,MIDBLOCK,Wednesday,November,0,CARSON DR,2,ROAD,MINOR,8.0,20.0,PAVED,TwoWay,PAVED,4,50,NO ACCESS,Y,1965.0,99.0351129730782
CARSON DR,04-At/near private drive,12-Off highway,01-Clear,07-Dark,MIDBLOCK,Wednesday,November,0,CARSON DR,2,ROAD,MINOR,9.0,20.0,PAVED,TwoWay,PAVED,4,40,NO ACCESS,Y,1965.0,166.05704406897
CARSON DR,04-At/near private drive,12-Off highway,01-Clear,07-Dark,MIDBLOCK,Wednesday,November,0,CARSON DR,2,ROAD,MINOR,10.0,20.0,PAVED,TwoWay,PAVED,4,40,NO ACCESS,N,1955.0,307.986464970005
VICTORIA ST N,99-Other,12-Off highway,01-Clear,01-Daylight,MIDBLOCK,Saturday,January,1,VICTORIA ST N,4,ROAD,MAJOR,14.0,20.0,PAVED,TwoWay,PAVED,1,50,24HR,N,0.0,31.797980362953602
WOODBINE AVE,04-At/near private drive,02-Thru lane,01-Clear,01-Daylight,MIDBLOCK,Monday,March,0,WOODBINE AVE,2,ROAD,MINOR,10.0,20.0,PAVED,TwoWay,PAVED,6,50,NO ACCESS,Y,2005.0,46.7770229595542
WOODBINE AVE,04-At/near private drive,02-Thru lane,01-Clear,01-Daylight,MIDBLOCK,Monday,March,0,WOODBINE AVE,2,ROAD,MINOR,10.0,20.0,PAVED,TwoWay,PAVED,6,50,NO ACCESS,Y,2007.0,106.22001063865
WOODBINE AVE,04-At/near private drive,02-Thru lane,01-Clear,01-Daylight,MIDBLOCK,Monday,March,0,WOODBINE AVE,2,ROAD,MINOR,10.0,20.0,PAVED,TwoWay,PAVED,6,50,NO ACCESS,Y,2005.0,232.22840924058602
WOODBINE AVE,04-At/near private drive,02-Thru lane,01-Clear,01-Daylight,MIDBLOCK,Monday,March,0,WOODBINE AVE,2,ROAD,LOCAL,10.0,20.0,PAVED,TwoWay,PAVED,6,50,NO ACCESS,N,2003.0,308.968595692407
WOODBINE AVE,04-At/near private drive,02-Thru lane,01-Clear,01-Daylight,MIDBLOCK,Monday,March,0,WOODBINE AVE,2,ROAD,LOCAL,9.0,20.0,PAVED,TwoWay,PAVED,6,50,NO ACCESS,N,2003.0,71.75839951976859
WOODBINE AVE,04-At/near private drive,02-Thru lane,01-Clear,01-Daylight,MIDBLOCK,Monday,March,0,WOODBINE AVE,2,ROAD,MINOR,10.0,20.0,PAVED,TwoWay,PAVED,6,50,NO ACCESS,Y,2005.0,82.1801285886804
WOODBINE AVE,04-At/near private drive,02-Thru lane,01-Clear,01-Daylight,MIDBLOCK,Monday,March,0,WOODBINE AVE,2,ROAD,MINOR,9.0,20.0,PAVED,TwoWay,PAVED,6,50,NO ACCESS,Y,2007.0,91.31631336803459
WOODBINE AVE,04-At/near private drive,02-Thru lane,01-Clear,01-Daylight,MIDBLOCK,Monday,March,0,WOODBINE AVE,2,ROAD,MINOR,9.0,20.0,PAVED,TwoWay,PAVED,6,50,NO ACCESS,Y,2007.0,96.00637569141192
WOODBINE AVE,04-At/near private drive,02-Thru lane,01-Clear,01-Daylight,MIDBLOCK,Monday,March,0,WOODBINE AVE,2,ROAD,LOCAL,9.0,20.0,PAVED,TwoWay,PAVED,6,50,NO ACCESS,N,2003.0,78.0109657789758
WOODBINE AVE,04-At/near private drive,02-Thru lane,01-Clear,01-Daylight,MIDBLOCK,Monday,March,0,WOODBINE AVE,2,ROAD,LOCAL,9.0,20.0,PAVED,TwoWay,PAVED,6,50,NO ACCESS,N,2003.0,69.35944318754889
WOODBINE AVE,04-At/near private drive,02-Thru lane,01-Clear,01-Daylight,MIDBLOCK,Monday,March,0,WOODBINE AVE,2,ROAD,LOCAL,9.0,20.0,PAVED,TwoWay,PAVED,6,50,NO ACCESS,N,2003.0,374.5503168224501
WOODWARD AVE,04-At/near private drive,09-Right shoulder,01-Clear,01-Daylight,MIDBLOCK,Sunday,October,1,WOODWARD AVE,2,ROAD,LOCAL,8.0,18.0,PAVED,TwoWay,PAVED,6,50,NO ACCESS,N,1951.0,255.501032863515
NINE PINES RD,04-At/near private drive,02-Thru lane,01-Clear,05-Dusk,MIDBLOCK,Monday,January,0,NINE PINES RD,2,ROAD,LOCAL,9.0,20.0,PAVED,TwoWay,PAVED,6,50,NO ACCESS,N,1951.0,352.607719570455
ONTARIO ST S,01-Non intersection,11-Not on roadway - right side,01-Clear,01-Daylight,MIDBLOCK,Friday,July,0,ONTARIO ST S,1,ROAD,LOCAL,7.0,12.0,PAVED,ToFrom,PAVED,6,50,NO ACCESS,Y,1858.0,58.341830688061506
ONTARIO ST S,01-Non intersection,11-Not on roadway - right side,01-Clear,01-Daylight,MIDBLOCK,Friday,July,0,ONTARIO ST S,2,ROAD,LOCAL,7.0,12.0,PAVED,TwoWay,PAVED,6,50,NO ACCESS,Y,1858.0,52.2519780337574
ONTARIO ST S,01-Non intersection,11-Not on roadway - right side,01-Clear,01-Daylight,MIDBLOCK,Friday,July,0,ONTARIO ST S,2,ROAD,LOCAL,14.0,16.0,PAVED,TwoWay,PAVED,6,50,NO ACCESS,Y,1858.0,124.267934989044
ONTARIO ST S,04-At/near private drive,11-Not on roadway - right side,01-Clear,01-Daylight,MIDBLOCK,Friday,July,0,ONTARIO ST S,1,ROAD,LOCAL,7.0,12.0,PAVED,ToFrom,PAVED,6,50,NO ACCESS,Y,1858.0,58.341830688061506
ONTARIO ST S,04-At/near private drive,11-Not on roadway - right side,01-Clear,01-Daylight,MIDBLOCK,Friday,July,0,ONTARIO ST S,2,ROAD,LOCAL,7.0,12.0,PAVED,TwoWay,PAVED,6,50,NO ACCESS,Y,1858.0,52.2519780337574
ONTARIO ST S,04-At/near private drive,11-Not on roadway - right side,01-Clear,01-Daylight,MIDBLOCK,Friday,July,0,ONTARIO ST S,2,ROAD,LOCAL,14.0,16.0,PAVED,TwoWay,PAVED,6,50,NO ACCESS,Y,1858.0,124.267934989044
CECILE DR,01-Non intersection,11-Not on roadway - right side,01-Clear,01-Daylight,MIDBLOCK,Wednesday,September,0,CECILE DR,2,ROAD,LOCAL,9.0,20.0,PAVED,TwoWay,PAVED,6,50,NO ACCESS,Y,1965.0,215.562572491348
CECILE DR,04-At/near private drive,02-Thru lane,01-Clear,01-Daylight,MIDBLOCK,Monday,April,0,CECILE DR,2,ROAD,LOCAL,9.0,20.0,PAVED,TwoWay,PAVED,6,50,NO ACCESS,Y,1965.0,215.562572491348
VANCAMP AVE,04-At/near private drive,02-Thru lane,02-Rain,01-Daylight,MIDBLOCK,Wednesday,October,0,VANCAMP AVE,2,ROAD,LOCAL,8.0,15.0,PAVED,TwoWay,PAVED,6,50,NO ACCESS,N,2006.0,233.64308623749199
CONNAUGHT ST,04-At/near private drive,09-Right shoulder,01-Clear,07-Dark,MIDBLOCK,Friday,December,0,CONNAUGHT ST,2,ROAD,LOCAL,9.0,20.0,PAVED,TwoWay,PAVED,6,50,NO ACCESS,N,1949.0,100.883279723079
CONNAUGHT ST,04-At/near private drive,09-Right shoulder,01-Clear,07-Dark,MIDBLOCK,Friday,December,0,CONNAUGHT ST,2,ROAD,LOCAL,9.0,20.0,PAVED,TwoWay,PAVED,6,50,NO ACCESS,Y,2006.0,120.367232252544
CONNAUGHT ST,04-At/near private drive,09-Right shoulder,01-Clear,07-Dark,MIDBLOCK,Friday,December,0,CONNAUGHT ST,2,ROAD,LOCAL,9.0,20.0,PAVED,TwoWay,PAVED,6,50,NO ACCESS,Y,2005.0,90.6003846565592
CONNAUGHT ST,04-At/near private drive,09-Right shoulder,01-Clear,07-Dark,MIDBLOCK,Friday,December,0,CONNAUGHT ST,2,ROAD,LOCAL,9.0,20.0,PAVED,TwoWay,PAVED,6,50,NO ACCESS,Y,2005.0,100.95436592859501
CONNAUGHT ST,04-At/near private drive,09-Right shoulder,01-Clear,07-Dark,MIDBLOCK,Friday,December,0,CONNAUGHT ST,2,ROAD,LOCAL,9.0,20.0,PAVED,TwoWay,PAVED,6,40,NO ACCESS,Y,2005.0,90.7187571568342
CONNAUGHT ST,04-At/near private drive,09-Right shoulder,01-Clear,07-Dark,MIDBLOCK,Friday,December,0,CONNAUGHT ST,2,ROAD,LOCAL,9.0,20.0,PAVED,TwoWay,PAVED,6,50,NO ACCESS,Y,2005.0,80.89041599572691
CONNAUGHT ST,04-At/near private drive,09-Right shoulder,01-Clear,07-Dark,MIDBLOCK,Friday,December,0,CONNAUGHT ST,2,ROAD,LOCAL,10.0,20.0,PAVED,TwoWay,PAVED,6,50,NO ACCESS,Y,2005.0,100.48707479046101
CONNAUGHT ST,04-At/near private drive,09-Right shoulder,01-Clear,07-Dark,MIDBLOCK,Friday,December,0,CONNAUGHT ST,2,ROAD,LOCAL,9.0,20.0,PAVED,TwoWay,PAVED,6,50,NO ACCESS,N,1949.0,100.12748070406299
CONNAUGHT ST,04-At/near private drive,09-Right shoulder,01-Clear,07-Dark,MIDBLOCK,Friday,December,0,CONNAUGHT ST,2,ROAD,LOCAL,9.0,20.0,PAVED,TwoWay,PAVED,6,50,NO ACCESS,Y,2005.0,87.242707431493
CONNAUGHT ST,04-At/near private drive,09-Right shoulder,01-Clear,07-Dark,MIDBLOCK,Friday,December,0,CONNAUGHT ST,2,ROAD,LOCAL,9.0,20.0,PAVED,TwoWay,PAVED,6,50,NO ACCESS,Y,2006.0,100.886107071325
CONNAUGHT ST,04-At/near private drive,09-Right shoulder,01-Clear,07-Dark,MIDBLOCK,Friday,December,0,CONNAUGHT ST,2,ROAD,LOCAL,9.0,20.0,PAVED,TwoWay,PAVED,6,50,NO ACCESS,Y,2006.0,100.70859198682
CONNAUGHT ST,04-At/near private drive,02-Thru lane,01-Clear,01-Daylight,MIDBLOCK,Monday,February,0,CONNAUGHT ST,2,ROAD,LOCAL,9.0,20.0,PAVED,TwoWay,PAVED,6,50,NO ACCESS,N,1949.0,100.883279723079
CONNAUGHT ST,04-At/near private drive,02-Thru lane,01-Clear,01-Daylight,MIDBLOCK,Monday,February,0,CONNAUGHT ST,2,ROAD,LOCAL,9.0,20.0,PAVED,TwoWay,PAVED,6,50,NO ACCESS,Y,2006.0,120.367232252544
CONNAUGHT ST,04-At/near private drive,02-Thru lane,01-Clear,01-Daylight,MIDBLOCK,Monday,February,0,CONNAUGHT ST,2,ROAD,LOCAL,9.0,20.0,PAVED,TwoWay,PAVED,6,50,NO ACCESS,Y,2005.0,90.6003846565592
CONNAUGHT ST,04-At/near private drive,02-Thru lane,01-Clear,01-Daylight,MIDBLOCK,Monday,February,0,CONNAUGHT ST,2,ROAD,LOCAL,9.0,20.0,PAVED,TwoWay,PAVED,6,50,NO ACCESS,Y,2005.0,100.95436592859501
CONNAUGHT ST,04-At/near private drive,02-Thru lane,01-Clear,01-Daylight,MIDBLOCK,Monday,February,0,CONNAUGHT ST,2,ROAD,LOCAL,9.0,20.0,PAVED,TwoWay,PAVED,6,40,NO ACCESS,Y,2005.0,90.7187571568342
CONNAUGHT ST,04-At/near private drive,02-Thru lane,01-Clear,01-Daylight,MIDBLOCK,Monday,February,0,CONNAUGHT ST,2,ROAD,LOCAL,9.0,20.0,PAVED,TwoWay,PAVED,6,50,NO ACCESS,Y,2005.0,80.89041599572691
CONNAUGHT ST,04-At/near private drive,02-Thru lane,01-Clear,01-Daylight,MIDBLOCK,Monday,February,0,CONNAUGHT ST,2,ROAD,LOCAL,10.0,20.0,PAVED,TwoWay,PAVED,6,50,NO ACCESS,Y,2005.0,100.48707479046101
CONNAUGHT ST,04-At/near private drive,02-Thru lane,01-Clear,01-Daylight,MIDBLOCK,Monday,February,0,CONNAUGHT ST,2,ROAD,LOCAL,9.0,20.0,PAVED,TwoWay,PAVED,6,50,NO ACCESS,N,1949.0,100.12748070406299
CONNAUGHT ST,04-At/near private drive,02-Thru lane,01-Clear,01-Daylight,MIDBLOCK,Monday,February,0,CONNAUGHT ST,2,ROAD,LOCAL,9.0,20.0,PAVED,TwoWay,PAVED,6,50,NO ACCESS,Y,2005.0,87.242707431493
CONNAUGHT ST,04-At/near private drive,02-Thru lane,01-Clear,01-Daylight,MIDBLOCK,Monday,February,0,CONNAUGHT ST,2,ROAD,LOCAL,9.0,20.0,PAVED,TwoWay,PAVED,6,50,NO ACCESS,Y,2006.0,100.886107071325
CONNAUGHT ST,04-At/near private drive,02-Thru lane,01-Clear,01-Daylight,MIDBLOCK,Monday,February,0,CONNAUGHT ST,2,ROAD,LOCAL,9.0,20.0,PAVED,TwoWay,PAVED,6,50,NO ACCESS,Y,2006.0,100.70859198682
HALLS LANE E,01-Non intersection,02-Thru lane,01-Clear,01-Daylight,MIDBLOCK,Monday,November,0,HALLS LANE E,1,ROAD,LANE,5.0,6.0,PAVED,FromTo,PAVED,6,50,NO ACCESS,N,1858.0,289.931425495828
HALLS LANE E,01-Non intersection,02-Thru lane,01-Clear,01-Daylight,MIDBLOCK,Monday,November,0,HALLS LANE E,2,ROAD,LANE,5.0,5.0,PAVED,TwoWay,PAVED,6,50,NO ACCESS,N,1858.0,38.264233975717104
HALLS LANE E,01-Non intersection,02-Thru lane,01-Clear,07-Dark,MIDBLOCK,Saturday,November,1,HALLS LANE E,1,ROAD,LANE,5.0,6.0,PAVED,FromTo,PAVED,6,50,NO ACCESS,N,1858.0,289.931425495828
HALLS LANE E,01-Non intersection,02-Thru lane,01-Clear,07-Dark,MIDBLOCK,Saturday,November,1,HALLS LANE E,2,ROAD,LANE,5.0,5.0,PAVED,TwoWay,PAVED,6,50,NO ACCESS,N,1858.0,38.264233975717104
RUSSEL ST,04-At/near private drive,02-Thru lane,01-Clear,01-Daylight,MIDBLOCK,Friday,June,0,RUSSEL ST,2,ROAD,LOCAL,7.0,12.0,PAVED,TwoWay,PAVED,6,50,NO ACCESS,N,1889.0,124.15118464420601
SPETZ ST,04-At/near private drive,11-Not on roadway - right side,01-Clear,01-Daylight,MIDBLOCK,Thursday,October,0,SPETZ ST,2,ROAD,LOCAL,7.0,12.0,PAVED,TwoWay,PAVED,6,50,NO ACCESS,N,1996.0,125.361421060882
CLAREMONT AVE,04-At/near private drive,02-Thru lane,01-Clear,01-Daylight,MIDBLOCK,Monday,September,0,CLAREMONT AVE,2,ROAD,LOCAL,18.0,24.0,PAVED,TwoWay,PAVED,6,50,NO ACCESS,N,2005.0,94.0429336697983
CLAREMONT AVE,04-At/near private drive,02-Thru lane,01-Clear,01-Daylight,MIDBLOCK,Monday,September,0,CLAREMONT AVE,2,ROAD,LOCAL,7.0,20.0,PAVED,TwoWay,PAVED,6,50,NO ACCESS,N,2005.0,95.00492055902149
CLAREMONT AVE,04-At/near private drive,02-Thru lane,01-Clear,01-Daylight,MIDBLOCK,Monday,September,0,CLAREMONT AVE,2,ROAD,LOCAL,7.0,20.0,PAVED,TwoWay,PAVED,6,50,NO ACCESS,N,2005.0,92.2709171641956
CLAREMONT AVE,04-At/near private drive,02-Thru lane,01-Clear,01-Daylight,MIDBLOCK,Monday,September,0,CLAREMONT AVE,2,ROAD,LOCAL,8.0,12.0,PAVED,TwoWay,PAVED,6,50,NO ACCESS,N,1914.0,51.097161403155695
CLAREMONT AVE,04-At/near private drive,02-Thru lane,01-Clear,01-Daylight,MIDBLOCK,Monday,September,0,CLAREMONT AVE,2,ROAD,LOCAL,7.0,20.0,PAVED,TwoWay,PAVED,6,50,NO ACCESS,N,2005.0,52.3897904080905
CLAREMONT AVE,04-At/near private drive,02-Thru lane,01-Clear,01-Daylight,MIDBLOCK,Monday,September,0,CLAREMONT AVE,3,ROAD,LOCAL,10.0,24.0,PAVED,TwoWay,PAVED,6,50,NO ACCESS,N,2005.0,284.826193895374
ROTHSAY AVE,01-Non intersection,02-Thru lane,01-Clear,01-Daylight,MIDBLOCK,Thursday,October,0,ROTHSAY AVE,2,ROAD,LOCAL,9.0,20.0,PAVED,TwoWay,PAVED,6,50,NO ACCESS,N,1959.0,346.11829027683996
ROTHSAY AVE,01-Non intersection,02-Thru lane,01-Clear,01-Daylight,MIDBLOCK,Thursday,October,0,ROTHSAY AVE,2,ROAD,LOCAL,8.0,20.0,PAVED,TwoWay,PAVED,6,50,NO ACCESS,N,2005.0,366.97459893335997
ROTHSAY AVE,01-Non intersection,02-Thru lane,01-Clear,01-Daylight,MIDBLOCK,Thursday,October,0,ROTHSAY AVE,2,ROAD,LOCAL,9.0,20.0,PAVED,TwoWay,PAVED,6,50,NO ACCESS,N,1978.0,138.21884829915
ROTHSAY AVE,04-At/near private drive,02-Thru lane,01-Clear,01-Daylight,MIDBLOCK,Thursday,March,0,ROTHSAY AVE,2,ROAD,LOCAL,9.0,20.0,PAVED,TwoWay,PAVED,6,50,NO ACCESS,N,1959.0,346.11829027683996
ROTHSAY AVE,04-At/near private drive,02-Thru lane,01-Clear,01-Daylight,MIDBLOCK,Thursday,March,0,ROTHSAY AVE,2,ROAD,LOCAL,8.0,20.0,PAVED,TwoWay,PAVED,6,50,NO ACCESS,N,2005.0,366.97459893335997
ROTHSAY AVE,04-At/near private drive,02-Thru lane,01-Clear,01-Daylight,MIDBLOCK,Thursday,March,0,ROTHSAY AVE,2,ROAD,LOCAL,9.0,20.0,PAVED,TwoWay,PAVED,6,50,NO ACCESS,N,1978.0,138.21884829915
INDIGO ST,04-At/near private drive,12-Off highway,01-Clear,01-Daylight,MIDBLOCK,Monday,September,0,INDIGO ST,2,ROAD,LOCAL,8.0,20.0,PAVED,TwoWay,PAVED,6,50,NO ACCESS,N,2003.0,240.426983057372
INDIGO ST,01-Non intersection,02-Thru lane,01-Clear,"08-Dark, artificial",MIDBLOCK,Monday,February,0,INDIGO ST,2,ROAD,LOCAL,8.0,20.0,PAVED,TwoWay,PAVED,6,50,NO ACCESS,N,2003.0,240.426983057372
INDIGO ST,99-Other,12-Off highway,01-Clear,01-Daylight,MIDBLOCK,Saturday,July,1,INDIGO ST,2,ROAD,LOCAL,8.0,20.0,PAVED,TwoWay,PAVED,6,50,NO ACCESS,N,2003.0,240.426983057372
INDIGO ST,01-Non intersection,12-Off highway,01-Clear,01-Daylight,MIDBLOCK,Saturday,April,1,INDIGO ST,2,ROAD,LOCAL,8.0,20.0,PAVED,TwoWay,PAVED,6,50,NO ACCESS,N,2003.0,240.426983057372
NEWCASTLE DR,01-Non intersection,02-Thru lane,01-Clear,01-Daylight,MIDBLOCK,Friday,December,0,NEWCASTLE DR,2,ROAD,LOCAL,10.0,20.0,PAVED,TwoWay,PAVED,6,50,NO ACCESS,N,2006.0,171.920434646062
NEWCASTLE DR,01-Non intersection,02-Thru lane,01-Clear,01-Daylight,MIDBLOCK,Friday,December,0,NEWCASTLE DR,2,ROAD,LOCAL,7.0,24.0,PAVED,TwoWay,PAVED,6,50,NO ACCESS,N,2005.0,64.1328475217533
NEWCASTLE DR,01-Non intersection,02-Thru lane,01-Clear,01-Daylight,MIDBLOCK,Friday,December,0,NEWCASTLE DR,2,ROAD,LOCAL,10.0,20.0,PAVED,TwoWay,PAVED,6,50,NO ACCESS,N,2006.0,87.142432460189
NEWCASTLE DR,01-Non intersection,02-Thru lane,01-Clear,01-Daylight,MIDBLOCK,Friday,December,0,NEWCASTLE DR,2,ROAD,LOCAL,10.0,20.0,PAVED,TwoWay,PAVED,6,50,NO ACCESS,N,2005.0,80.9188877628193
NEWCASTLE DR,01-Non intersection,02-Thru lane,01-Clear,01-Daylight,MIDBLOCK,Friday,December,0,NEWCASTLE DR,2,ROAD,LOCAL,9.0,20.0,PAVED,TwoWay,PAVED,6,50,NO ACCESS,N,2005.0,207.682222236428
NEWCASTLE DR,01-Non intersection,09-Right shoulder,03-Snow,01-Daylight,MIDBLOCK,Sunday,February,1,NEWCASTLE DR,2,ROAD,LOCAL,10.0,20.0,PAVED,TwoWay,PAVED,6,50,NO ACCESS,N,2006.0,171.920434646062
NEWCASTLE DR,01-Non intersection,09-Right shoulder,03-Snow,01-Daylight,MIDBLOCK,Sunday,February,1,NEWCASTLE DR,2,ROAD,LOCAL,7.0,24.0,PAVED,TwoWay,PAVED,6,50,NO ACCESS,N,2005.0,64.1328475217533
NEWCASTLE DR,01-Non intersection,09-Right shoulder,03-Snow,01-Daylight,MIDBLOCK,Sunday,February,1,NEWCASTLE DR,2,ROAD,LOCAL,10.0,20.0,PAVED,TwoWay,PAVED,6,50,NO ACCESS,N,2006.0,87.142432460189
NEWCASTLE DR,01-Non intersection,09-Right shoulder,03-Snow,01-Daylight,MIDBLOCK,Sunday,February,1,NEWCASTLE DR,2,ROAD,LOCAL,10.0,20.0,PAVED,TwoWay,PAVED,6,50,NO ACCESS,N,2005.0,80.9188877628193
NEWCASTLE DR,01-Non intersection,09-Right shoulder,03-Snow,01-Daylight,MIDBLOCK,Sunday,February,1,NEWCASTLE DR,2,ROAD,LOCAL,9.0,20.0,PAVED,TwoWay,PAVED,6,50,NO ACCESS,N,2005.0,207.682222236428
NEWCASTLE DR,01-Non intersection,02-Thru lane,03-Snow,07-Dark,MIDBLOCK,Thursday,November,0,NEWCASTLE DR,2,ROAD,LOCAL,10.0,20.0,PAVED,TwoWay,PAVED,6,50,NO ACCESS,N,2006.0,171.920434646062
NEWCASTLE DR,01-Non intersection,02-Thru lane,03-Snow,07-Dark,MIDBLOCK,Thursday,November,0,NEWCASTLE DR,2,ROAD,LOCAL,7.0,24.0,PAVED,TwoWay,PAVED,6,50,NO ACCESS,N,2005.0,64.1328475217533
NEWCASTLE DR,01-Non intersection,02-Thru lane,03-Snow,07-Dark,MIDBLOCK,Thursday,November,0,NEWCASTLE DR,2,ROAD,LOCAL,10.0,20.0,PAVED,TwoWay,PAVED,6,50,NO ACCESS,N,2006.0,87.142432460189
NEWCASTLE DR,01-Non intersection,02-Thru lane,03-Snow,07-Dark,MIDBLOCK,Thursday,November,0,NEWCASTLE DR,2,ROAD,LOCAL,10.0,20.0,PAVED,TwoWay,PAVED,6,50,NO ACCESS,N,2005.0,80.9188877628193
NEWCASTLE DR,01-Non intersection,02-Thru lane,03-Snow,07-Dark,MIDBLOCK,Thursday,November,0,NEWCASTLE DR,2,ROAD,LOCAL,9.0,20.0,PAVED,TwoWay,PAVED,6,50,NO ACCESS,N,2005.0,207.682222236428
WOODFIELD ST,04-At/near private drive,02-Thru lane,01-Clear,01-Daylight,MIDBLOCK,Monday,November,0,WOODFIELD ST,2,ROAD,LOCAL,9.0,18.0,PAVED,TwoWay,PAVED,6,50,NO ACCESS,N,2003.0,151.342124299511
WOODFIELD ST,04-At/near private drive,02-Thru lane,01-Clear,01-Daylight,MIDBLOCK,Monday,November,0,WOODFIELD ST,2,ROAD,LOCAL,8.0,18.0,PAVED,TwoWay,PAVED,6,50,NO ACCESS,N,2003.0,185.46374599652302
STANLEY AVE,01-Non intersection,09-Right shoulder,01-Clear,01-Daylight,MIDBLOCK,Monday,November,0,STANLEY AVE,2,ROAD,LOCAL,8.0,20.0,PAVED,TwoWay,PAVED,6,50,NO ACCESS,Y,1948.0,198.990450440101
STANLEY AVE,01-Non intersection,09-Right shoulder,01-Clear,01-Daylight,MIDBLOCK,Monday,November,0,STANLEY AVE,2,ROAD,LOCAL,7.0,20.0,PAVED,TwoWay,PAVED,6,50,NO ACCESS,N,1948.0,301.552036672945
STANLEY AVE,01-Non intersection,09-Right shoulder,01-Clear,01-Daylight,MIDBLOCK,Monday,November,0,STANLEY AVE,2,ROAD,LOCAL,9.0,20.0,PAVED,TwoWay,PAVED,6,50,NO ACCESS,Y,1993.0,67.8924568426569
STANLEY AVE,01-Non intersection,09-Right shoulder,01-Clear,01-Daylight,MIDBLOCK,Monday,November,0,STANLEY AVE,2,ROAD,LOCAL,9.0,20.0,PAVED,TwoWay,PAVED,6,50,NO ACCESS,Y,1993.0,115.169589775741
STANLEY AVE,01-Non intersection,09-Right shoulder,01-Clear,01-Daylight,MIDBLOCK,Monday,November,0,STANLEY AVE,2,ROAD,LOCAL,9.0,20.0,PAVED,TwoWay,PAVED,6,50,NO ACCESS,Y,1993.0,89.48917539687582
STANLEY AVE,01-Non intersection,02-Thru lane,01-Clear,07-Dark,MIDBLOCK,Monday,November,0,STANLEY AVE,2,ROAD,LOCAL,8.0,20.0,PAVED,TwoWay,PAVED,6,50,NO ACCESS,Y,1948.0,198.990450440101
STANLEY AVE,01-Non intersection,02-Thru lane,01-Clear,07-Dark,MIDBLOCK,Monday,November,0,STANLEY AVE,2,ROAD,LOCAL,7.0,20.0,PAVED,TwoWay,PAVED,6,50,NO ACCESS,N,1948.0,301.552036672945
STANLEY AVE,01-Non intersection,02-Thru lane,01-Clear,07-Dark,MIDBLOCK,Monday,November,0,STANLEY AVE,2,ROAD,LOCAL,9.0,20.0,PAVED,TwoWay,PAVED,6,50,NO ACCESS,Y,1993.0,67.8924568426569
STANLEY AVE,01-Non intersection,02-Thru lane,01-Clear,07-Dark,MIDBLOCK,Monday,November,0,STANLEY AVE,2,ROAD,LOCAL,9.0,20.0,PAVED,TwoWay,PAVED,6,50,NO ACCESS,Y,1993.0,115.169589775741