LOCATION,ACCIDENT_LOCATION,IMPACT_LOCATION,ENVIRONMENT_CONDITION,LIGHT,COLLISION_TYPE,DAY_OF_WEEK,MONTH,IS_WEEKEND,STREET,LANES,CATEGORY,SUBCATEGORY,PAVEMENT_WIDTH,ROW_WIDTH,SHOULDER,FLOW_DIRECTION,SURFACE_LAYER_TYPE,OFFICIAL_ROAD_CLASSIFICATION,SPEED_LIMIT_KM,TRUCK_ACCESS,BUS_ROUTE,SERVICE_YEAR,Shape__Length
STANLEY AVE,01-Non intersection,02-Thru lane,01-Clear,07-Dark,MIDBLOCK,Monday,November,0,STANLEY AVE,2,ROAD,LOCAL,9.0,20.0,PAVED,TwoWay,PAVED,6,50,NO ACCESS,Y,1993.0,89.48917539687582
PEACHWOOD CRT,01-Non intersection,09-Right shoulder,01-Clear,"08-Dark, artificial",MIDBLOCK,Sunday,November,1,PEACHWOOD CRT,2,ROAD,LOCAL,8.0,20.0,PAVED,TwoWay,PAVED,6,50,NO ACCESS,N,1958.0,130.048437391397
PEACHWOOD CRT,01-Non intersection,09-Right shoulder,01-Clear,"08-Dark, artificial",MIDBLOCK,Sunday,November,1,PEACHWOOD CRT,1,BULB,LOCAL,8.0,43.0,PAVED,FromTo,PAVED,6,50,NO ACCESS,N,1958.0,77.6546681789031
MAITLAND ST,04-At/near private drive,02-Thru lane,01-Clear,07-Dark,MIDBLOCK,Saturday,December,1,MAITLAND ST,2,ROAD,LOCAL,10.0,20.0,PAVED,TwoWay,PAVED,6,50,NO ACCESS,N,2005.0,79.3077887947901
MAITLAND ST,04-At/near private drive,02-Thru lane,01-Clear,07-Dark,MIDBLOCK,Saturday,December,1,MAITLAND ST,2,ROAD,LOCAL,10.0,20.0,PAVED,TwoWay,PAVED,6,50,NO ACCESS,N,2005.0,79.2859708141883
MAITLAND ST,04-At/near private drive,02-Thru lane,01-Clear,07-Dark,MIDBLOCK,Saturday,December,1,MAITLAND ST,2,ROAD,LOCAL,10.0,20.0,PAVED,TwoWay,PAVED,6,50,NO ACCESS,N,2005.0,81.28697732332509
MAITLAND ST,04-At/near private drive,02-Thru lane,01-Clear,07-Dark,MIDBLOCK,Saturday,December,1,MAITLAND ST,2,ROAD,LOCAL,10.0,20.0,PAVED,TwoWay,PAVED,6,50,NO ACCESS,N,2005.0,94.0651729837616
MAITLAND ST,04-At/near private drive,02-Thru lane,01-Clear,07-Dark,MIDBLOCK,Saturday,December,1,MAITLAND ST,2,ROAD,LOCAL,10.0,20.0,PAVED,TwoWay,PAVED,6,50,NO ACCESS,N,2005.0,81.2857125017409
MAITLAND ST,04-At/near private drive,02-Thru lane,01-Clear,07-Dark,MIDBLOCK,Saturday,December,1,MAITLAND ST,2,ROAD,LOCAL,10.0,20.0,PAVED,TwoWay,PAVED,6,50,NO ACCESS,N,2007.0,261.65415345198
MAITLAND ST,04-At/near private drive,08-Left shoulder,01-Clear,"08-Dark, artificial",MIDBLOCK,Monday,June,0,MAITLAND ST,2,ROAD,LOCAL,10.0,20.0,PAVED,TwoWay,PAVED,6,50,NO ACCESS,N,2005.0,79.3077887947901
MAITLAND ST,04-At/near private drive,08-Left shoulder,01-Clear,"08-Dark, artificial",MIDBLOCK,Monday,June,0,MAITLAND ST,2,ROAD,LOCAL,10.0,20.0,PAVED,TwoWay,PAVED,6,50,NO ACCESS,N,2005.0,79.2859708141883
MAITLAND ST,04-At/near private drive,08-Left shoulder,01-Clear,"08-Dark, artificial",MIDBLOCK,Monday,June,0,MAITLAND ST,2,ROAD,LOCAL,10.0,20.0,PAVED,TwoWay,PAVED,6,50,NO ACCESS,N,2005.0,81.28697732332509
MAITLAND ST,04-At/near private drive,08-Left shoulder,01-Clear,"08-Dark, artificial",MIDBLOCK,Monday,June,0,MAITLAND ST,2,ROAD,LOCAL,10.0,20.0,PAVED,TwoWay,PAVED,6,50,NO ACCESS,N,2005.0,94.0651729837616
MAITLAND ST,04-At/near private drive,08-Left shoulder,01-Clear,"08-Dark, artificial",MIDBLOCK,Monday,June,0,MAITLAND ST,2,ROAD,LOCAL,10.0,20.0,PAVED,TwoWay,PAVED,6,50,NO ACCESS,N,2005.0,81.2857125017409
MAITLAND ST,04-At/near private drive,08-Left shoulder,01-Clear,"08-Dark, artificial",MIDBLOCK,Monday,June,0,MAITLAND ST,2,ROAD,LOCAL,10.0,20.0,PAVED,TwoWay,PAVED,6,50,NO ACCESS,N,2007.0,261.65415345198
MAITLAND ST,04-At/near private drive,02-Thru lane,01-Clear,"08-Dark, artificial",MIDBLOCK,Tuesday,February,0,MAITLAND ST,2,ROAD,LOCAL,10.0,20.0,PAVED,TwoWay,PAVED,6,50,NO ACCESS,N,2005.0,79.3077887947901
MAITLAND ST,04-At/near private drive,02-Thru lane,01-Clear,"08-Dark, artificial",MIDBLOCK,Tuesday,February,0,MAITLAND ST,2,ROAD,LOCAL,10.0,20.0,PAVED,TwoWay,PAVED,6,50,NO ACCESS,N,2005.0,79.2859708141883
MAITLAND ST,04-At/near private drive,02-Thru lane,01-Clear,"08-Dark, artificial",MIDBLOCK,Tuesday,February,0,MAITLAND ST,2,ROAD,LOCAL,10.0,20.0,PAVED,TwoWay,PAVED,6,50,NO ACCESS,N,2005.0,81.28697732332509
MAITLAND ST,04-At/near private drive,02-Thru lane,01-Clear,"08-Dark, artificial",MIDBLOCK,Tuesday,February,0,MAITLAND ST,2,ROAD,LOCAL,10.0,20.0,PAVED,TwoWay,PAVED,6,50,NO ACCESS,N,2005.0,94.0651729837616
MAITLAND ST,04-At/near private drive,02-Thru lane,01-Clear,"08-Dark, artificial",MIDBLOCK,Tuesday,February,0,MAITLAND ST,2,ROAD,LOCAL,10.0,20.0,PAVED,TwoWay,PAVED,6,50,NO ACCESS,N,2005.0,81.2857125017409
MAITLAND ST,04-At/near private drive,02-Thru lane,01-Clear,"08-Dark, artificial",MIDBLOCK,Tuesday,February,0,MAITLAND ST,2,ROAD,LOCAL,10.0,20.0,PAVED,TwoWay,PAVED,6,50,NO ACCESS,N,2007.0,261.65415345198
WINDFLOWER DR,01-Non intersection,02-Thru lane,01-Clear,01-Daylight,MIDBLOCK,Friday,October,0,WINDFLOWER DR,2,ROAD,LOCAL,10.0,19.0,PAVED,TwoWay,PAVED,6,50,NO ACCESS,N,1998.0,80.17605816432841
WINDFLOWER DR,01-Non intersection,02-Thru lane,01-Clear,01-Daylight,MIDBLOCK,Friday,October,0,WINDFLOWER DR,2,ROAD,LOCAL,10.0,19.0,PAVED,TwoWay,PAVED,6,50,NO ACCESS,N,2003.0,81.48467009194471
WINDFLOWER DR,01-Non intersection,02-Thru lane,01-Clear,01-Daylight,MIDBLOCK,Friday,October,0,WINDFLOWER DR,2,ROAD,LOCAL,12.0,20.0,PAVED,TwoWay,PAVED,6,50,NO ACCESS,N,1992.0,65.1413662841365
WINDFLOWER DR,01-Non intersection,02-Thru lane,01-Clear,01-Daylight,MIDBLOCK,Friday,October,0,WINDFLOWER DR,2,ROAD,LOCAL,10.0,20.0,PAVED,TwoWay,PAVED,6,50,NO ACCESS,N,1998.0,102.039247555989
WINDFLOWER DR,01-Non intersection,02-Thru lane,01-Clear,01-Daylight,MIDBLOCK,Friday,October,0,WINDFLOWER DR,2,ROAD,LOCAL,10.0,20.0,PAVED,TwoWay,PAVED,6,50,NO ACCESS,N,2003.0,77.4082683755701
WINDFLOWER DR,01-Non intersection,02-Thru lane,01-Clear,01-Daylight,MIDBLOCK,Friday,October,0,WINDFLOWER DR,2,ROAD,LOCAL,10.0,20.0,PAVED,TwoWay,PAVED,6,50,NO ACCESS,N,1992.0,155.149700168615
WINDFLOWER DR,01-Non intersection,02-Thru lane,01-Clear,01-Daylight,MIDBLOCK,Friday,October,0,WINDFLOWER DR,2,ROAD,LOCAL,10.0,20.0,PAVED,TwoWay,PAVED,6,50,NO ACCESS,N,1998.0,103.13191049376499
WINDFLOWER DR,99-Other,12-Off highway,01-Clear,01-Daylight,MIDBLOCK,Friday,November,0,WINDFLOWER DR,2,ROAD,LOCAL,10.0,19.0,PAVED,TwoWay,PAVED,6,50,NO ACCESS,N,1998.0,80.17605816432841
WINDFLOWER DR,99-Other,12-Off highway,01-Clear,01-Daylight,MIDBLOCK,Friday,November,0,WINDFLOWER DR,2,ROAD,LOCAL,10.0,19.0,PAVED,TwoWay,PAVED,6,50,NO ACCESS,N,2003.0,81.48467009194471
WINDFLOWER DR,99-Other,12-Off highway,01-Clear,01-Daylight,MIDBLOCK,Friday,November,0,WINDFLOWER DR,2,ROAD,LOCAL,12.0,20.0,PAVED,TwoWay,PAVED,6,50,NO ACCESS,N,1992.0,65.1413662841365
WINDFLOWER DR,99-Other,12-Off highway,01-Clear,01-Daylight,MIDBLOCK,Friday,November,0,WINDFLOWER DR,2,ROAD,LOCAL,10.0,20.0,PAVED,TwoWay,PAVED,6,50,NO ACCESS,N,1998.0,102.039247555989
WINDFLOWER DR,99-Other,12-Off highway,01-Clear,01-Daylight,MIDBLOCK,Friday,November,0,WINDFLOWER DR,2,ROAD,LOCAL,10.0,20.0,PAVED,TwoWay,PAVED,6,50,NO ACCESS,N,2003.0,77.4082683755701
WINDFLOWER DR,99-Other,12-Off highway,01-Clear,01-Daylight,MIDBLOCK,Friday,November,0,WINDFLOWER DR,2,ROAD,LOCAL,10.0,20.0,PAVED,TwoWay,PAVED,6,50,NO ACCESS,N,1992.0,155.149700168615
WINDFLOWER DR,99-Other,12-Off highway,01-Clear,01-Daylight,MIDBLOCK,Friday,November,0,WINDFLOWER DR,2,ROAD,LOCAL,10.0,20.0,PAVED,TwoWay,PAVED,6,50,NO ACCESS,N,1998.0,103.13191049376499
WINDFLOWER DR,04-At/near private drive,02-Thru lane,01-Clear,01-Daylight,MIDBLOCK,Sunday,October,1,WINDFLOWER DR,2,ROAD,LOCAL,10.0,19.0,PAVED,TwoWay,PAVED,6,50,NO ACCESS,N,1998.0,80.17605816432841
WINDFLOWER DR,04-At/near private drive,02-Thru lane,01-Clear,01-Daylight,MIDBLOCK,Sunday,October,1,WINDFLOWER DR,2,ROAD,LOCAL,10.0,19.0,PAVED,TwoWay,PAVED,6,50,NO ACCESS,N,2003.0,81.48467009194471
WINDFLOWER DR,04-At/near private drive,02-Thru lane,01-Clear,01-Daylight,MIDBLOCK,Sunday,October,1,WINDFLOWER DR,2,ROAD,LOCAL,12.0,20.0,PAVED,TwoWay,PAVED,6,50,NO ACCESS,N,1992.0,65.1413662841365
WINDFLOWER DR,04-At/near private drive,02-Thru lane,01-Clear,01-Daylight,MIDBLOCK,Sunday,October,1,WINDFLOWER DR,2,ROAD,LOCAL,10.0,20.0,PAVED,TwoWay,PAVED,6,50,NO ACCESS,N,1998.0,102.039247555989
WINDFLOWER DR,04-At/near private drive,02-Thru lane,01-Clear,01-Daylight,MIDBLOCK,Sunday,October,1,WINDFLOWER DR,2,ROAD,LOCAL,10.0,20.0,PAVED,TwoWay,PAVED,6,50,NO ACCESS,N,2003.0,77.4082683755701
WINDFLOWER DR,04-At/near private drive,02-Thru lane,01-Clear,01-Daylight,MIDBLOCK,Sunday,October,1,WINDFLOWER DR,2,ROAD,LOCAL,10.0,20.0,PAVED,TwoWay,PAVED,6,50,NO ACCESS,N,1992.0,155.149700168615
WINDFLOWER DR,04-At/near private drive,02-Thru lane,01-Clear,01-Daylight,MIDBLOCK,Sunday,October,1,WINDFLOWER DR,2,ROAD,LOCAL,10.0,20.0,PAVED,TwoWay,PAVED,6,50,NO ACCESS,N,1998.0,103.13191049376499
WINDFLOWER DR,04-At/near private drive,09-Right shoulder,01-Clear,01-Daylight,MIDBLOCK,Thursday,May,0,WINDFLOWER DR,2,ROAD,LOCAL,10.0,19.0,PAVED,TwoWay,PAVED,6,50,NO ACCESS,N,1998.0,80.17605816432841
WINDFLOWER DR,04-At/near private drive,09-Right shoulder,01-Clear,01-Daylight,MIDBLOCK,Thursday,May,0,WINDFLOWER DR,2,ROAD,LOCAL,10.0,19.0,PAVED,TwoWay,PAVED,6,50,NO ACCESS,N,2003.0,81.48467009194471
WINDFLOWER DR,04-At/near private drive,09-Right shoulder,01-Clear,01-Daylight,MIDBLOCK,Thursday,May,0,WINDFLOWER DR,2,ROAD,LOCAL,12.0,20.0,PAVED,TwoWay,PAVED,6,50,NO ACCESS,N,1992.0,65.1413662841365
WINDFLOWER DR,04-At/near private drive,09-Right shoulder,01-Clear,01-Daylight,MIDBLOCK,Thursday,May,0,WINDFLOWER DR,2,ROAD,LOCAL,10.0,20.0,PAVED,TwoWay,PAVED,6,50,NO ACCESS,N,1998.0,102.039247555989
WINDFLOWER DR,04-At/near private drive,09-Right shoulder,01-Clear,01-Daylight,MIDBLOCK,Thursday,May,0,WINDFLOWER DR,2,ROAD,LOCAL,10.0,20.0,PAVED,TwoWay,PAVED,6,50,NO ACCESS,N,2003.0,77.4082683755701
WINDFLOWER DR,04-At/near private drive,09-Right shoulder,01-Clear,01-Daylight,MIDBLOCK,Thursday,May,0,WINDFLOWER DR,2,ROAD,LOCAL,10.0,20.0,PAVED,TwoWay,PAVED,6,50,NO ACCESS,N,1992.0,155.149700168615
WINDFLOWER DR,04-At/near private drive,09-Right shoulder,01-Clear,01-Daylight,MIDBLOCK,Thursday,May,0,WINDFLOWER DR,2,ROAD,LOCAL,10.0,20.0,PAVED,TwoWay,PAVED,6,50,NO ACCESS,N,1998.0,103.13191049376499
DEERWOOD CRES,04-At/near private drive,02-Thru lane,01-Clear,01-Daylight,MIDBLOCK,Wednesday,November,0,DEERWOOD CRES,2,ROAD,LOCAL,9.0,20.0,PAVED,TwoWay,PAVED,6,50,NO ACCESS,N,1976.0,379.702842429197
DAIMLER DR,04-At/near private drive,02-Thru lane,01-Clear,01-Daylight,MIDBLOCK,Monday,August,0,DAIMLER DR,2,ROAD,MINOR,10.0,20.0,PAVED,TwoWay,PAVED,4,50,NO ACCESS,N,1987.0,148.116543635811
DAIMLER DR,04-At/near private drive,02-Thru lane,01-Clear,01-Daylight,MIDBLOCK,Monday,August,0,DAIMLER DR,2,ROAD,MINOR,10.0,20.0,PAVED,TwoWay,PAVED,4,50,NO ACCESS,N,1958.0,234.11572768415297
DAIMLER DR,04-At/near private drive,02-Thru lane,01-Clear,01-Daylight,MIDBLOCK,Monday,August,0,DAIMLER DR,2,ROAD,MINOR,10.0,20.0,PAVED,TwoWay,PAVED,4,50,NO ACCESS,N,1987.0,84.78514492155
DAIMLER DR,04-At/near private drive,02-Thru lane,01-Clear,01-Daylight,MIDBLOCK,Monday,August,0,DAIMLER DR,2,ROAD,MINOR,10.0,20.0,PAVED,TwoWay,PAVED,4,50,NO ACCESS,N,1995.0,249.04562267744092
DAIMLER DR,04-At/near private drive,02-Thru lane,01-Clear,01-Daylight,MIDBLOCK,Monday,August,0,DAIMLER DR,2,ROAD,MINOR,10.0,20.0,PAVED,TwoWay,PAVED,4,50,NO ACCESS,N,1995.0,104.35433010006399
DAIMLER DR,04-At/near private drive,02-Thru lane,01-Clear,01-Daylight,MIDBLOCK,Monday,August,0,DAIMLER DR,2,ROAD,MINOR,10.0,20.0,PAVED,TwoWay,PAVED,4,50,NO ACCESS,N,1995.0,112.64252781291901
DAIMLER DR,04-At/near private drive,02-Thru lane,01-Clear,01-Daylight,MIDBLOCK,Monday,August,0,DAIMLER DR,2,ROAD,MINOR,10.0,20.0,PAVED,TwoWay,PAVED,4,50,NO ACCESS,N,1995.0,172.66305527673802
BRUCE ST,04-At/near private drive,02-Thru lane,01-Clear,01-Daylight,MIDBLOCK,Saturday,July,1,BRUCE ST,2,ROAD,LOCAL,9.0,18.0,PAVED,TwoWay,PAVED,6,50,NO ACCESS,N,1999.0,109.74464770548599
BRUCE ST,04-At/near private drive,02-Thru lane,01-Clear,01-Daylight,MIDBLOCK,Saturday,July,1,BRUCE ST,2,ROAD,LOCAL,9.0,18.0,PAVED,TwoWay,PAVED,6,50,NO ACCESS,N,1999.0,99.5971966004121
BRUCE ST,04-At/near private drive,02-Thru lane,01-Clear,01-Daylight,MIDBLOCK,Saturday,July,1,BRUCE ST,2,ROAD,LOCAL,9.0,18.0,PAVED,TwoWay,PAVED,6,50,NO ACCESS,N,1952.0,92.94629848354107
BRUCE ST,04-At/near private drive,02-Thru lane,01-Clear,01-Daylight,MIDBLOCK,Saturday,July,1,BRUCE ST,2,ROAD,LOCAL,9.0,18.0,PAVED,TwoWay,PAVED,6,50,NO ACCESS,N,1952.0,92.99144657620691
BRUCE ST,04-At/near private drive,02-Thru lane,01-Clear,01-Daylight,MIDBLOCK,Saturday,July,1,BRUCE ST,2,ROAD,LOCAL,9.0,18.0,PAVED,TwoWay,PAVED,6,50,NO ACCESS,N,1952.0,92.79928390583099
BRUCE ST,04-At/near private drive,02-Thru lane,01-Clear,01-Daylight,MIDBLOCK,Saturday,July,1,BRUCE ST,4,ROAD,MAJOR,15.0,18.0,PAVED,TwoWay,PAVED,1,50,7-7 MON-SAT,N,0.0,9.52695102170982
BRUCE ST,04-At/near private drive,02-Thru lane,04-Freezing Rain,01-Daylight,MIDBLOCK,Tuesday,March,0,BRUCE ST,2,ROAD,LOCAL,9.0,18.0,PAVED,TwoWay,PAVED,6,50,NO ACCESS,N,1999.0,109.74464770548599
BRUCE ST,04-At/near private drive,02-Thru lane,04-Freezing Rain,01-Daylight,MIDBLOCK,Tuesday,March,0,BRUCE ST,2,ROAD,LOCAL,9.0,18.0,PAVED,TwoWay,PAVED,6,50,NO ACCESS,N,1999.0,99.5971966004121
BRUCE ST,04-At/near private drive,02-Thru lane,04-Freezing Rain,01-Daylight,MIDBLOCK,Tuesday,March,0,BRUCE ST,2,ROAD,LOCAL,9.0,18.0,PAVED,TwoWay,PAVED,6,50,NO ACCESS,N,1952.0,92.94629848354107
BRUCE ST,04-At/near private drive,02-Thru lane,04-Freezing Rain,01-Daylight,MIDBLOCK,Tuesday,March,0,BRUCE ST,2,ROAD,LOCAL,9.0,18.0,PAVED,TwoWay,PAVED,6,50,NO ACCESS,N,1952.0,92.99144657620691
BRUCE ST,04-At/near private drive,02-Thru lane,04-Freezing Rain,01-Daylight,MIDBLOCK,Tuesday,March,0,BRUCE ST,2,ROAD,LOCAL,9.0,18.0,PAVED,TwoWay,PAVED,6,50,NO ACCESS,N,1952.0,92.79928390583099
BRUCE ST,04-At/near private drive,02-Thru lane,04-Freezing Rain,01-Daylight,MIDBLOCK,Tuesday,March,0,BRUCE ST,4,ROAD,MAJOR,15.0,18.0,PAVED,TwoWay,PAVED,1,50,7-7 MON-SAT,N,0.0,9.52695102170982
BRUCE ST,01-Non intersection,02-Thru lane,01-Clear,03-Dawn,MIDBLOCK,Monday,October,0,BRUCE ST,2,ROAD,LOCAL,9.0,18.0,PAVED,TwoWay,PAVED,6,50,NO ACCESS,N,1999.0,109.74464770548599
BRUCE ST,01-Non intersection,02-Thru lane,01-Clear,03-Dawn,MIDBLOCK,Monday,October,0,BRUCE ST,2,ROAD,LOCAL,9.0,18.0,PAVED,TwoWay,PAVED,6,50,NO ACCESS,N,1999.0,99.5971966004121
BRUCE ST,01-Non intersection,02-Thru lane,01-Clear,03-Dawn,MIDBLOCK,Monday,October,0,BRUCE ST,2,ROAD,LOCAL,9.0,18.0,PAVED,TwoWay,PAVED,6,50,NO ACCESS,N,1952.0,92.94629848354107
BRUCE ST,01-Non intersection,02-Thru lane,01-Clear,03-Dawn,MIDBLOCK,Monday,October,0,BRUCE ST,2,ROAD,LOCAL,9.0,18.0,PAVED,TwoWay,PAVED,6,50,NO ACCESS,N,1952.0,92.99144657620691
BRUCE ST,01-Non intersection,02-Thru lane,01-Clear,03-Dawn,MIDBLOCK,Monday,October,0,BRUCE ST,2,ROAD,LOCAL,9.0,18.0,PAVED,TwoWay,PAVED,6,50,NO ACCESS,N,1952.0,92.79928390583099
BRUCE ST,01-Non intersection,02-Thru lane,01-Clear,03-Dawn,MIDBLOCK,Monday,October,0,BRUCE ST,4,ROAD,MAJOR,15.0,18.0,PAVED,TwoWay,PAVED,1,50,7-7 MON-SAT,N,0.0,9.52695102170982
BEDFORD RD,04-At/near private drive,02-Thru lane,01-Clear,01-Daylight,MIDBLOCK,Monday,September,0,BEDFORD RD,2,ROAD,LOCAL,10.0,20.0,PAVED,TwoWay,PAVED,6,50,NO ACCESS,N,1915.0,84.2196749344064
BEDFORD RD,04-At/near private drive,02-Thru lane,01-Clear,01-Daylight,MIDBLOCK,Monday,September,0,BEDFORD RD,2,ROAD,LOCAL,9.0,20.0,PAVED,TwoWay,PAVED,6,50,NO ACCESS,N,1915.0,185.88285891602797
BEDFORD RD,04-At/near private drive,02-Thru lane,01-Clear,01-Daylight,MIDBLOCK,Monday,September,0,BEDFORD RD,2,ROAD,LOCAL,9.0,20.0,PAVED,TwoWay,PAVED,6,50,NO ACCESS,N,1949.0,339.112628739215
BEDFORD RD,04-At/near private drive,02-Thru lane,01-Clear,01-Daylight,MIDBLOCK,Monday,September,0,BEDFORD RD,2,ROAD,LOCAL,9.0,20.0,PAVED,TwoWay,PAVED,6,50,NO ACCESS,N,1915.0,188.06665451353905
SCOTT ST,04-At/near private drive,02-Thru lane,01-Clear,01-Daylight,MIDBLOCK,Tuesday,July,0,SCOTT ST,2,ROAD,LOCAL,9.0,16.0,PAVED,TwoWay,PAVED,6,50,NO ACCESS,N,2006.0,77.529714066116
SCOTT ST,04-At/near private drive,02-Thru lane,01-Clear,01-Daylight,MIDBLOCK,Tuesday,July,0,SCOTT ST,2,ROAD,LOCAL,7.0,16.0,PAVED,TwoWay,PAVED,6,50,NO ACCESS,N,1858.0,116.153458968484
SCOTT ST,04-At/near private drive,02-Thru lane,01-Clear,01-Daylight,MIDBLOCK,Tuesday,July,0,SCOTT ST,2,ROAD,LOCAL,9.0,12.0,PAVED,TwoWay,PAVED,6,50,NO ACCESS,N,2006.0,71.4497361543534
SCOTT ST,01-Non intersection,02-Thru lane,01-Clear,01-Daylight,MIDBLOCK,Saturday,March,1,SCOTT ST,2,ROAD,LOCAL,9.0,16.0,PAVED,TwoWay,PAVED,6,50,NO ACCESS,N,2006.0,77.529714066116
SCOTT ST,01-Non intersection,02-Thru lane,01-Clear,01-Daylight,MIDBLOCK,Saturday,March,1,SCOTT ST,2,ROAD,LOCAL,7.0,16.0,PAVED,TwoWay,PAVED,6,50,NO ACCESS,N,1858.0,116.153458968484
SCOTT ST,01-Non intersection,02-Thru lane,01-Clear,01-Daylight,MIDBLOCK,Saturday,March,1,SCOTT ST,2,ROAD,LOCAL,9.0,12.0,PAVED,TwoWay,PAVED,6,50,NO ACCESS,N,2006.0,71.4497361543534
SCOTT ST,01-Non intersection,09-Right shoulder,01-Clear,03-Dawn,MIDBLOCK,Saturday,December,1,SCOTT ST,2,ROAD,LOCAL,9.0,16.0,PAVED,TwoWay,PAVED,6,50,NO ACCESS,N,2006.0,77.529714066116
SCOTT ST,01-Non intersection,09-Right shoulder,01-Clear,03-Dawn,MIDBLOCK,Saturday,December,1,SCOTT ST,2,ROAD,LOCAL,7.0,16.0,PAVED,TwoWay,PAVED,6,50,NO ACCESS,N,1858.0,116.153458968484
SCOTT ST,01-Non intersection,09-Right shoulder,01-Clear,03-Dawn,MIDBLOCK,Saturday,December,1,SCOTT ST,2,ROAD,LOCAL,9.0,12.0,PAVED,TwoWay,PAVED,6,50,NO ACCESS,N,2006.0,71.4497361543534
PANDORA AVE N,04-At/near private drive,02-Thru lane,02-Rain,07-Dark,MIDBLOCK,Friday,November,0,PANDORA AVE N,2,ROAD,LOCAL,7.0,20.0,PAVED,TwoWay,PAVED,6,50,NO ACCESS,N,1919.0,96.0879131187406
PANDORA AVE N,04-At/near private drive,02-Thru lane,02-Rain,07-Dark,MIDBLOCK,Friday,November,0,PANDORA AVE N,2,ROAD,LOCAL,7.0,15.0,PAVED,TwoWay,PAVED,6,50,NO ACCESS,N,1913.0,101.25926204312701
PANDORA AVE N,04-At/near private drive,02-Thru lane,02-Rain,07-Dark,MIDBLOCK,Friday,November,0,PANDORA AVE N,2,ROAD,LOCAL,9.0,20.0,PAVED,TwoWay,PAVED,6,50,NO ACCESS,N,1935.0,115.517145013283
PANDORA AVE N,04-At/near private drive,02-Thru lane,02-Rain,07-Dark,MIDBLOCK,Friday,November,0,PANDORA AVE N,2,ROAD,LOCAL,9.0,20.0,PAVED,TwoWay,PAVED,6,50,NO ACCESS,N,1935.0,161.700074431206
PANDORA AVE N,04-At/near private drive,02-Thru lane,02-Rain,07-Dark,MIDBLOCK,Friday,November,0,PANDORA AVE N,2,ROAD,LOCAL,12.0,15.0,PAVED,TwoWay,PAVED,6,50,NO ACCESS,N,1920.0,54.7336624030383
PANDORA AVE N,04-At/near private drive,02-Thru lane,02-Rain,07-Dark,MIDBLOCK,Friday,November,0,PANDORA AVE N,2,ROAD,LOCAL,7.0,15.0,PAVED,TwoWay,PAVED,6,50,NO ACCESS,N,1920.0,100.94275099224899
PANDORA AVE N,04-At/near private drive,02-Thru lane,02-Rain,07-Dark,MIDBLOCK,Friday,November,0,PANDORA AVE N,2,ROAD,LOCAL,7.0,15.0,PAVED,TwoWay,PAVED,6,50,NO ACCESS,N,1920.0,99.6064647605966
PANDORA AVE N,04-At/near private drive,02-Thru lane,02-Rain,07-Dark,MIDBLOCK,Friday,November,0,PANDORA AVE N,2,ROAD,LOCAL,12.0,20.0,PAVED,TwoWay,PAVED,6,50,NO ACCESS,N,1935.0,17.282575560955802
PANDORA AVE N,04-At/near private drive,02-Thru lane,01-Clear,01-Daylight,MIDBLOCK,Tuesday,February,0,PANDORA AVE N,2,ROAD,LOCAL,7.0,20.0,PAVED,TwoWay,PAVED,6,50,NO ACCESS,N,1919.0,96.0879131187406
PANDORA AVE N,04-At/near private drive,02-Thru lane,01-Clear,01-Daylight,MIDBLOCK,Tuesday,February,0,PANDORA AVE N,2,ROAD,LOCAL,7.0,15.0,PAVED,TwoWay,PAVED,6,50,NO ACCESS,N,1913.0,101.25926204312701
PANDORA AVE N,04-At/near private drive,02-Thru lane,01-Clear,01-Daylight,MIDBLOCK,Tuesday,February,0,PANDORA AVE N,2,ROAD,LOCAL,9.0,20.0,PAVED,TwoWay,PAVED,6,50,NO ACCESS,N,1935.0,115.517145013283
PANDORA AVE N,04-At/near private drive,02-Thru lane,01-Clear,01-Daylight,MIDBLOCK,Tuesday,February,0,PANDORA AVE N,2,ROAD,LOCAL,9.0,20.0,PAVED,TwoWay,PAVED,6,50,NO ACCESS,N,1935.0,161.700074431206
PANDORA AVE N,04-At/near private drive,02-Thru lane,01-Clear,01-Daylight,MIDBLOCK,Tuesday,February,0,PANDORA AVE N,2,ROAD,LOCAL,12.0,15.0,PAVED,TwoWay,PAVED,6,50,NO ACCESS,N,1920.0,54.7336624030383
PANDORA AVE N,04-At/near private drive,02-Thru lane,01-Clear,01-Daylight,MIDBLOCK,Tuesday,February,0,PANDORA AVE N,2,ROAD,LOCAL,7.0,15.0,PAVED,TwoWay,PAVED,6,50,NO ACCESS,N,1920.0,100.94275099224899
PANDORA AVE N,04-At/near private drive,02-Thru lane,01-Clear,01-Daylight,MIDBLOCK,Tuesday,February,0,PANDORA AVE N,2,ROAD,LOCAL,7.0,15.0,PAVED,TwoWay,PAVED,6,50,NO ACCESS,N,1920.0,99.6064647605966
PANDORA AVE N,04-At/near private drive,02-Thru lane,01-Clear,01-Daylight,MIDBLOCK,Tuesday,February,0,PANDORA AVE N,2,ROAD,LOCAL,12.0,20.0,PAVED,TwoWay,PAVED,6,50,NO ACCESS,N,1935.0,17.282575560955802
OTTERBEIN RD,01-Non intersection,10-Not on roadway - left side,01-Clear,01-Daylight,MIDBLOCK,Thursday,October,0,OTTERBEIN RD,2,ROAD,LOCAL,9.0,20.0,PAVED,TwoWay,PAVED,6,50,NO ACCESS,N,1995.0,111.527088299793