LOCATION,ACCIDENT_LOCATION,IMPACT_LOCATION,ENVIRONMENT_CONDITION,LIGHT,COLLISION_TYPE,DAY_OF_WEEK,MONTH,IS_WEEKEND,STREET,LANES,CATEGORY,SUBCATEGORY,PAVEMENT_WIDTH,ROW_WIDTH,SHOULDER,FLOW_DIRECTION,SURFACE_LAYER_TYPE,OFFICIAL_ROAD_CLASSIFICATION,SPEED_LIMIT_KM,TRUCK_ACCESS,BUS_ROUTE,SERVICE_YEAR,Shape__Length
OTTERBEIN RD,01-Non intersection,10-Not on roadway - left side,01-Clear,01-Daylight,MIDBLOCK,Thursday,October,0,OTTERBEIN RD,2,ROAD,LOCAL,9.0,20.0,PAVED,TwoWay,PAVED,6,50,NO ACCESS,N,1995.0,66.3320112757796
OTTERBEIN RD,01-Non intersection,10-Not on roadway - left side,01-Clear,01-Daylight,MIDBLOCK,Thursday,October,0,OTTERBEIN RD,2,ROAD,LOCAL,6.0,20.0,PAVED,TwoWay,PAVED,6,50,NO ACCESS,N,1995.0,41.72450451752179
OTTERBEIN RD,01-Non intersection,10-Not on roadway - left side,01-Clear,01-Daylight,MIDBLOCK,Thursday,October,0,OTTERBEIN RD,2,ROAD,LOCAL,9.0,20.0,PAVED,TwoWay,PAVED,6,50,NO ACCESS,N,1995.0,254.96158988072705
OTTERBEIN RD,01-Non intersection,10-Not on roadway - left side,01-Clear,01-Daylight,MIDBLOCK,Thursday,October,0,OTTERBEIN RD,2,ROAD,LOCAL,9.0,20.0,PAVED,TwoWay,PAVED,6,50,NO ACCESS,N,1992.0,126.83418775626998
LOWER CANADA CRES,04-At/near private drive,02-Thru lane,01-Clear,01-Daylight,MIDBLOCK,Monday,November,0,LOWER CANADA CRES,2,ROAD,LOCAL,9.0,20.0,PAVED,TwoWay,PAVED,6,50,NO ACCESS,N,1970.0,545.166382279298
LOWER CANADA CRES,04-At/near private drive,02-Thru lane,01-Clear,"08-Dark, artificial",MIDBLOCK,Friday,October,0,LOWER CANADA CRES,2,ROAD,LOCAL,9.0,20.0,PAVED,TwoWay,PAVED,6,50,NO ACCESS,N,1970.0,545.166382279298
OTONABEE DR,04-At/near private drive,02-Thru lane,01-Clear,01-Daylight,MIDBLOCK,Thursday,October,0,OTONABEE DR,3,ROAD,LOCAL,14.0,26.0,PAVED,TwoWay,PAVED,6,50,NO ACCESS,N,2005.0,660.93404406455
OTONABEE DR,04-At/near private drive,02-Thru lane,01-Clear,01-Daylight,MIDBLOCK,Tuesday,August,0,OTONABEE DR,3,ROAD,LOCAL,14.0,26.0,PAVED,TwoWay,PAVED,6,50,NO ACCESS,N,2005.0,660.93404406455
OTONABEE DR,04-At/near private drive,02-Thru lane,01-Clear,01-Daylight,MIDBLOCK,Wednesday,August,0,OTONABEE DR,3,ROAD,LOCAL,14.0,26.0,PAVED,TwoWay,PAVED,6,50,NO ACCESS,N,2005.0,660.93404406455
OTONABEE DR,01-Non intersection,10-Not on roadway - left side,01-Clear,"08-Dark, artificial",MIDBLOCK,Wednesday,March,0,OTONABEE DR,3,ROAD,LOCAL,14.0,26.0,PAVED,TwoWay,PAVED,6,50,NO ACCESS,N,2005.0,660.93404406455
EBYDALE DR,01-Non intersection,02-Thru lane,02-Rain,01-Daylight,MIDBLOCK,Wednesday,March,0,EBYDALE DR,2,ROAD,LOCAL,9.0,20.0,PAVED,TwoWay,PAVED,6,50,NO ACCESS,N,1986.0,226.485102235859
DREGER AVE,01-Non intersection,11-Not on roadway - right side,01-Clear,"08-Dark, artificial",MIDBLOCK,Sunday,March,1,DREGER AVE,2,ROAD,LOCAL,9.0,20.0,PAVED,TwoWay,PAVED,6,50,NO ACCESS,N,1964.0,113.10229726237499
DREGER AVE,01-Non intersection,11-Not on roadway - right side,01-Clear,"08-Dark, artificial",MIDBLOCK,Sunday,March,1,DREGER AVE,2,ROAD,LOCAL,9.0,20.0,PAVED,TwoWay,PAVED,6,50,NO ACCESS,N,1964.0,171.697584873586
DREGER AVE,01-Non intersection,11-Not on roadway - right side,01-Clear,"08-Dark, artificial",MIDBLOCK,Sunday,March,1,DREGER AVE,2,ROAD,LOCAL,8.0,20.0,PAVED,TwoWay,PAVED,6,50,NO ACCESS,N,1960.0,107.02226483583
DEER RIDGE CRES,04-At/near private drive,02-Thru lane,01-Clear,07-Dark,MIDBLOCK,Friday,February,0,DEER RIDGE CRES,2,ROAD,LOCAL,8.0,16.0,PAVED,TwoWay,PAVED,6,50,NO ACCESS,N,1998.0,115.098171844145
DEER RIDGE CRES,04-At/near private drive,02-Thru lane,01-Clear,07-Dark,MIDBLOCK,Friday,February,0,DEER RIDGE CRES,2,ROAD,LOCAL,8.0,16.0,PAVED,TwoWay,PAVED,6,50,NO ACCESS,N,1998.0,275.350390537916
JANET CRT,01-Non intersection,09-Right shoulder,01-Clear,01-Daylight,MIDBLOCK,Saturday,August,1,JANET CRT,1,BULB,LOCAL,8.0,40.0,PAVED,FromTo,PAVED,6,50,NO ACCESS,N,2000.0,74.8468033138764
JANET CRT,01-Non intersection,09-Right shoulder,01-Clear,01-Daylight,MIDBLOCK,Saturday,August,1,JANET CRT,2,ROAD,LOCAL,9.0,16.0,PAVED,TwoWay,PAVED,6,50,NO ACCESS,N,1995.0,207.059059438364
JANET CRT,04-At/near private drive,02-Thru lane,01-Clear,01-Daylight,MIDBLOCK,Wednesday,July,0,JANET CRT,1,BULB,LOCAL,8.0,40.0,PAVED,FromTo,PAVED,6,50,NO ACCESS,N,2000.0,74.8468033138764
JANET CRT,04-At/near private drive,02-Thru lane,01-Clear,01-Daylight,MIDBLOCK,Wednesday,July,0,JANET CRT,2,ROAD,LOCAL,9.0,16.0,PAVED,TwoWay,PAVED,6,50,NO ACCESS,N,1995.0,207.059059438364
WINSLOW DR,04-At/near private drive,02-Thru lane,01-Clear,01-Daylight,MIDBLOCK,Sunday,July,1,WINSLOW DR,2,ROAD,LOCAL,9.0,18.0,PAVED,TwoWay,PAVED,6,50,NO ACCESS,N,1913.0,206.88306346043598
PEACH BLOSSOM CRT,01-Non intersection,02-Thru lane,01-Clear,01-Daylight,MIDBLOCK,Tuesday,September,0,PEACH BLOSSOM CRT,1,BULB,LOCAL,8.0,16.0,PAVED,FromTo,PAVED,6,50,NO ACCESS,N,2002.0,85.07075675531091
PEACH BLOSSOM CRT,01-Non intersection,02-Thru lane,01-Clear,01-Daylight,MIDBLOCK,Tuesday,September,0,PEACH BLOSSOM CRT,2,ROAD,LOCAL,9.0,16.0,PAVED,TwoWay,PAVED,6,50,NO ACCESS,N,2002.0,225.336679950942
POMPEII ST,04-At/near private drive,02-Thru lane,01-Clear,01-Daylight,MIDBLOCK,Friday,September,0,POMPEII ST,2,ROAD,LOCAL,8.0,16.0,PAVED,TwoWay,PAVED,6,50,NO ACCESS,N,2003.0,123.030087640408
CHELSEA RD,99-Other,12-Off highway,02-Rain,01-Daylight,MIDBLOCK,Sunday,October,1,CHELSEA RD,2,ROAD,LOCAL,9.0,20.0,PAVED,TwoWay,PAVED,6,50,NO ACCESS,N,1952.0,98.144927983504
CHELSEA RD,99-Other,12-Off highway,02-Rain,01-Daylight,MIDBLOCK,Sunday,October,1,CHELSEA RD,2,ROAD,LOCAL,9.0,20.0,PAVED,TwoWay,PAVED,6,50,NO ACCESS,N,1952.0,90.5838456131995
CHELSEA RD,99-Other,12-Off highway,02-Rain,01-Daylight,MIDBLOCK,Sunday,October,1,CHELSEA RD,2,ROAD,LOCAL,10.0,20.0,PAVED,TwoWay,PAVED,6,50,NO ACCESS,N,1952.0,160.67683070420298
CLIVE RD,01-Non intersection,02-Thru lane,01-Clear,01-Daylight,MIDBLOCK,Wednesday,October,0,CLIVE RD,2,ROAD,LOCAL,9.0,20.0,PAVED,TwoWay,PAVED,6,50,NO ACCESS,N,2007.0,179.10795217429
CLIVE RD,01-Non intersection,02-Thru lane,01-Clear,01-Daylight,MIDBLOCK,Wednesday,October,0,CLIVE RD,2,ROAD,LOCAL,9.0,20.0,PAVED,TwoWay,PAVED,6,50,NO ACCESS,N,2007.0,269.674083256934
WOODVIEW CRES,01-Non intersection,11-Not on roadway - right side,01-Clear,"02-Daylight, artificial",MIDBLOCK,Monday,August,0,WOODVIEW CRES,2,ROAD,LOCAL,8.0,16.0,PAVED,TwoWay,PAVED,6,50,NO ACCESS,N,1981.0,139.7046443451
WOODVIEW CRES,01-Non intersection,11-Not on roadway - right side,01-Clear,"02-Daylight, artificial",MIDBLOCK,Monday,August,0,WOODVIEW CRES,2,ROAD,LOCAL,8.0,16.0,PAVED,TwoWay,PAVED,6,50,NO ACCESS,N,1981.0,70.97488542111391
WOODVIEW CRES,01-Non intersection,11-Not on roadway - right side,01-Clear,"02-Daylight, artificial",MIDBLOCK,Monday,August,0,WOODVIEW CRES,2,ROAD,LOCAL,8.0,16.0,PAVED,TwoWay,PAVED,6,50,NO ACCESS,N,1981.0,260.407701638224
GAY CRES,04-At/near private drive,09-Right shoulder,01-Clear,01-Daylight,MIDBLOCK,Sunday,May,1,GAY CRES,2,ROAD,LOCAL,9.0,20.0,PAVED,TwoWay,PAVED,6,50,NO ACCESS,N,1966.0,570.0851567779989
MAURICE ST,01-Non intersection,02-Thru lane,01-Clear,01-Daylight,MIDBLOCK,Saturday,May,1,MAURICE ST,2,ROAD,LOCAL,9.0,20.0,PAVED,TwoWay,PAVED,6,50,NO ACCESS,N,1915.0,157.622076120106
SOUTHDALE AVE,04-At/near private drive,09-Right shoulder,01-Clear,01-Daylight,MIDBLOCK,Thursday,May,0,SOUTHDALE AVE,2,ROAD,LOCAL,9.0,18.0,PAVED,TwoWay,PAVED,6,50,NO ACCESS,N,1959.0,400.487268047289
SOUTHDALE AVE,04-At/near private drive,02-Thru lane,01-Clear,01-Daylight,MIDBLOCK,Wednesday,January,0,SOUTHDALE AVE,2,ROAD,LOCAL,9.0,18.0,PAVED,TwoWay,PAVED,6,50,NO ACCESS,N,1959.0,400.487268047289
OWEN AVE,04-At/near private drive,02-Thru lane,01-Clear,01-Daylight,MIDBLOCK,Sunday,May,1,OWEN AVE,2,ROAD,LOCAL,9.0,20.0,PAVED,TwoWay,PAVED,6,50,NO ACCESS,N,1961.0,173.718890650896
OWEN AVE,04-At/near private drive,02-Thru lane,01-Clear,01-Daylight,MIDBLOCK,Sunday,May,1,OWEN AVE,2,ROAD,LOCAL,9.0,20.0,PAVED,TwoWay,PAVED,6,50,NO ACCESS,N,1961.0,377.384165883228
DELAWARE AVE,01-Non intersection,02-Thru lane,01-Clear,01-Daylight,MIDBLOCK,Sunday,August,1,DELAWARE AVE,2,ROAD,LOCAL,7.0,20.0,PAVED,TwoWay,PAVED,6,50,NO ACCESS,N,1947.0,89.7605869525637
KATHERINE CRES,01-Non intersection,02-Thru lane,01-Clear,"08-Dark, artificial",MIDBLOCK,Saturday,October,1,KATHERINE CRES,2,ROAD,LOCAL,8.0,20.0,PAVED,TwoWay,PAVED,6,50,NO ACCESS,N,1955.0,286.238114991602
HEARTHBRIDGE ST,04-At/near private drive,02-Thru lane,01-Clear,01-Daylight,MIDBLOCK,Monday,October,0,HEARTHBRIDGE ST,2,ROAD,LOCAL,10.0,20.0,PAVED,TwoWay,PAVED,6,50,NO ACCESS,N,2001.0,188.10391829049
GOLDEN MEADOW CRES,04-At/near private drive,02-Thru lane,01-Clear,01-Daylight,MIDBLOCK,Monday,October,0,GOLDEN MEADOW CRES,2,ROAD,LOCAL,8.0,16.0,PAVED,TwoWay,PAVED,6,50,NO ACCESS,N,1984.0,387.177021612662
MCKENZIE AVE,04-At/near private drive,09-Right shoulder,01-Clear,01-Daylight,MIDBLOCK,Wednesday,May,0,MCKENZIE AVE,2,ROAD,LOCAL,9.0,20.0,PAVED,TwoWay,PAVED,6,50,NO ACCESS,N,1923.0,209.7981145026
MCKENZIE AVE,04-At/near private drive,09-Right shoulder,01-Clear,01-Daylight,MIDBLOCK,Wednesday,May,0,MCKENZIE AVE,2,ROAD,LOCAL,9.0,20.0,PAVED,TwoWay,PAVED,6,50,NO ACCESS,N,1946.0,101.402132874781
MCKENZIE AVE,04-At/near private drive,09-Right shoulder,01-Clear,01-Daylight,MIDBLOCK,Wednesday,May,0,MCKENZIE AVE,2,ROAD,LOCAL,9.0,20.0,PAVED,TwoWay,PAVED,6,50,NO ACCESS,N,1946.0,141.833674878508
COUNTRYSIDE CRES,04-At/near private drive,09-Right shoulder,01-Clear,01-Daylight,MIDBLOCK,Friday,May,0,COUNTRYSIDE CRES,2,ROAD,LOCAL,9.0,20.0,PAVED,TwoWay,PAVED,6,50,NO ACCESS,N,1976.0,89.475498335684
COUNTRYSIDE CRES,04-At/near private drive,09-Right shoulder,01-Clear,01-Daylight,MIDBLOCK,Friday,May,0,COUNTRYSIDE CRES,2,ROAD,LOCAL,9.0,20.0,PAVED,TwoWay,PAVED,6,50,NO ACCESS,N,1976.0,90.1822278476606
COUNTRYSIDE CRES,04-At/near private drive,09-Right shoulder,01-Clear,01-Daylight,MIDBLOCK,Friday,May,0,COUNTRYSIDE CRES,2,ROAD,LOCAL,9.0,20.0,PAVED,TwoWay,PAVED,6,50,NO ACCESS,N,1976.0,542.993412275586
TRUSSLER RD,01-Non intersection,02-Thru lane,03-Snow,01-Daylight,MIDBLOCK,Wednesday,April,0,TRUSSLER RD,4,ROAD,MAJOR,8.0,34.0,GRAVEL,TwoWay,PAVED,1,50,24HR,N,0.0,151.268449882636
TRUSSLER RD,01-Non intersection,02-Thru lane,03-Snow,01-Daylight,MIDBLOCK,Wednesday,April,0,TRUSSLER RD,3,ROAD,MAJOR,16.0,35.0,PAVED,TwoWay,PAVED,1,50,24HR,N,0.0,13.730461270818699
TRUSSLER RD,01-Non intersection,02-Thru lane,03-Snow,01-Daylight,MIDBLOCK,Wednesday,April,0,TRUSSLER RD,4,ROAD,MAJOR,11.0,30.0,GRAVEL,TwoWay,PAVED,1,50,24HR,N,0.0,15.667438410334404
TRUSSLER RD,01-Non intersection,02-Thru lane,03-Snow,01-Daylight,MIDBLOCK,Wednesday,April,0,TRUSSLER RD,4,ROAD,MAJOR,11.0,31.0,GRAVEL,TwoWay,PAVED,1,50,24HR,N,0.0,66.2315365404354
TRUSSLER RD,01-Non intersection,02-Thru lane,03-Snow,01-Daylight,MIDBLOCK,Wednesday,April,0,TRUSSLER RD,3,ROAD,MAJOR,7.0,18.0,GRAVEL,TwoWay,PAVED,6,70,24HR,N,0.0,346.753620874083
TRUSSLER RD,01-Non intersection,02-Thru lane,03-Snow,01-Daylight,MIDBLOCK,Wednesday,April,0,TRUSSLER RD,2,ROAD,MAJOR,9.0,20.0,GRAVEL,TwoWay,PAVED,1,60,NO ACCESS,N,0.0,43.3054525693787
TRUSSLER RD,01-Non intersection,02-Thru lane,03-Snow,01-Daylight,MIDBLOCK,Wednesday,April,0,TRUSSLER RD,5,ROAD,MAJOR,16.0,44.0,PAVED,TwoWay,PAVED,1,50,24HR,N,0.0,139.474330303046
TRUSSLER RD,01-Non intersection,02-Thru lane,03-Snow,01-Daylight,MIDBLOCK,Wednesday,April,0,TRUSSLER RD,2,ROAD,MAJOR,7.0,20.0,GRAVEL,TwoWay,PAVED,6,60,NO ACCESS,N,0.0,2665.2070452212697
TRUSSLER RD,01-Non intersection,02-Thru lane,03-Snow,01-Daylight,MIDBLOCK,Wednesday,April,0,TRUSSLER RD,4,ROAD,MAJOR,7.0,20.0,GRAVEL,TwoWay,PAVED,1,70,24HR,N,0.0,826.362637916504
TRUSSLER RD,01-Non intersection,02-Thru lane,03-Snow,01-Daylight,MIDBLOCK,Wednesday,April,0,TRUSSLER RD,3,ROAD,MAJOR,7.0,20.0,GRAVEL,TwoWay,PAVED,1,70,24HR,N,0.0,246.266024610352
TRUSSLER RD,01-Non intersection,02-Thru lane,03-Snow,01-Daylight,MIDBLOCK,Wednesday,April,0,TRUSSLER RD,5,ROAD,MAJOR,16.0,34.0,PAVED,TwoWay,PAVED,1,50,24HR,N,0.0,102.82238647638701
TRUSSLER RD,01-Non intersection,10-Not on roadway - left side,01-Clear,07-Dark,MIDBLOCK,Monday,October,0,TRUSSLER RD,4,ROAD,MAJOR,8.0,34.0,GRAVEL,TwoWay,PAVED,1,50,24HR,N,0.0,151.268449882636
TRUSSLER RD,01-Non intersection,10-Not on roadway - left side,01-Clear,07-Dark,MIDBLOCK,Monday,October,0,TRUSSLER RD,3,ROAD,MAJOR,16.0,35.0,PAVED,TwoWay,PAVED,1,50,24HR,N,0.0,13.730461270818699
TRUSSLER RD,01-Non intersection,10-Not on roadway - left side,01-Clear,07-Dark,MIDBLOCK,Monday,October,0,TRUSSLER RD,4,ROAD,MAJOR,11.0,30.0,GRAVEL,TwoWay,PAVED,1,50,24HR,N,0.0,15.667438410334404
TRUSSLER RD,01-Non intersection,10-Not on roadway - left side,01-Clear,07-Dark,MIDBLOCK,Monday,October,0,TRUSSLER RD,4,ROAD,MAJOR,11.0,31.0,GRAVEL,TwoWay,PAVED,1,50,24HR,N,0.0,66.2315365404354
TRUSSLER RD,01-Non intersection,10-Not on roadway - left side,01-Clear,07-Dark,MIDBLOCK,Monday,October,0,TRUSSLER RD,3,ROAD,MAJOR,7.0,18.0,GRAVEL,TwoWay,PAVED,6,70,24HR,N,0.0,346.753620874083
TRUSSLER RD,01-Non intersection,10-Not on roadway - left side,01-Clear,07-Dark,MIDBLOCK,Monday,October,0,TRUSSLER RD,2,ROAD,MAJOR,9.0,20.0,GRAVEL,TwoWay,PAVED,1,60,NO ACCESS,N,0.0,43.3054525693787
TRUSSLER RD,01-Non intersection,10-Not on roadway - left side,01-Clear,07-Dark,MIDBLOCK,Monday,October,0,TRUSSLER RD,5,ROAD,MAJOR,16.0,44.0,PAVED,TwoWay,PAVED,1,50,24HR,N,0.0,139.474330303046
TRUSSLER RD,01-Non intersection,10-Not on roadway - left side,01-Clear,07-Dark,MIDBLOCK,Monday,October,0,TRUSSLER RD,2,ROAD,MAJOR,7.0,20.0,GRAVEL,TwoWay,PAVED,6,60,NO ACCESS,N,0.0,2665.2070452212697
TRUSSLER RD,01-Non intersection,10-Not on roadway - left side,01-Clear,07-Dark,MIDBLOCK,Monday,October,0,TRUSSLER RD,4,ROAD,MAJOR,7.0,20.0,GRAVEL,TwoWay,PAVED,1,70,24HR,N,0.0,826.362637916504
TRUSSLER RD,01-Non intersection,10-Not on roadway - left side,01-Clear,07-Dark,MIDBLOCK,Monday,October,0,TRUSSLER RD,3,ROAD,MAJOR,7.0,20.0,GRAVEL,TwoWay,PAVED,1,70,24HR,N,0.0,246.266024610352
TRUSSLER RD,01-Non intersection,10-Not on roadway - left side,01-Clear,07-Dark,MIDBLOCK,Monday,October,0,TRUSSLER RD,5,ROAD,MAJOR,16.0,34.0,PAVED,TwoWay,PAVED,1,50,24HR,N,0.0,102.82238647638701
WAKE ROBIN DR,01-Non intersection,09-Right shoulder,01-Clear,"08-Dark, artificial",MIDBLOCK,Friday,April,0,WAKE ROBIN DR,2,ROAD,LOCAL,10.0,20.0,PAVED,TwoWay,PAVED,6,50,NO ACCESS,N,1992.0,88.1243924600297
WAKE ROBIN DR,01-Non intersection,09-Right shoulder,01-Clear,"08-Dark, artificial",MIDBLOCK,Friday,April,0,WAKE ROBIN DR,2,ROAD,LOCAL,10.0,20.0,PAVED,TwoWay,PAVED,6,50,NO ACCESS,N,1992.0,110.759333579931
WAKE ROBIN DR,01-Non intersection,09-Right shoulder,01-Clear,"08-Dark, artificial",MIDBLOCK,Friday,April,0,WAKE ROBIN DR,2,ROAD,LOCAL,10.0,20.0,PAVED,TwoWay,PAVED,6,50,NO ACCESS,N,1992.0,178.95394003813598
WAKE ROBIN DR,01-Non intersection,09-Right shoulder,01-Clear,"08-Dark, artificial",MIDBLOCK,Friday,April,0,WAKE ROBIN DR,2,ROAD,LOCAL,10.0,20.0,PAVED,TwoWay,PAVED,6,50,NO ACCESS,N,1992.0,57.114303054213494
WAKE ROBIN DR,01-Non intersection,09-Right shoulder,01-Clear,"08-Dark, artificial",MIDBLOCK,Friday,April,0,WAKE ROBIN DR,2,ROAD,LOCAL,10.0,20.0,PAVED,TwoWay,PAVED,6,50,NO ACCESS,N,1992.0,88.28288810611429
RIPPLEWOOD CRES,04-At/near private drive,02-Thru lane,01-Clear,01-Daylight,MIDBLOCK,Sunday,May,1,RIPPLEWOOD CRES,2,ROAD,LOCAL,9.0,20.0,PAVED,TwoWay,PAVED,6,50,NO ACCESS,N,1959.0,749.37305613607
RIPPLEWOOD CRES,04-At/near private drive,02-Thru lane,01-Clear,07-Dark,MIDBLOCK,Saturday,October,1,RIPPLEWOOD CRES,2,ROAD,LOCAL,9.0,20.0,PAVED,TwoWay,PAVED,6,50,NO ACCESS,N,1959.0,749.37305613607
OPRINGTON CRT,01-Non intersection,02-Thru lane,01-Clear,01-Daylight,MIDBLOCK,Thursday,July,0,OPRINGTON CRT,2,ROAD,LOCAL,8.0,20.0,PAVED,TwoWay,PAVED,6,50,NO ACCESS,N,1991.0,127.979040394915
OPRINGTON CRT,01-Non intersection,02-Thru lane,01-Clear,01-Daylight,MIDBLOCK,Thursday,July,0,OPRINGTON CRT,1,BULB,LOCAL,8.0,40.0,PAVED,FromTo,PAVED,6,50,NO ACCESS,N,1991.0,74.16460665588879
BLACK WALNUT DR,01-Non intersection,02-Thru lane,01-Clear,01-Daylight,MIDBLOCK,Tuesday,July,0,BLACK WALNUT DR,2,ROAD,MINOR,10.0,26.0,PAVED,TwoWay,PAVED,4,50,NO ACCESS,Y,1976.0,153.43319967805098
BLACK WALNUT DR,01-Non intersection,02-Thru lane,01-Clear,01-Daylight,MIDBLOCK,Tuesday,July,0,BLACK WALNUT DR,2,ROAD,MINOR,10.0,26.0,PAVED,TwoWay,PAVED,4,50,NO ACCESS,Y,1976.0,254.82086367292004
BLACK WALNUT DR,01-Non intersection,02-Thru lane,01-Clear,01-Daylight,MIDBLOCK,Tuesday,July,0,BLACK WALNUT DR,2,ROAD,MINOR,10.0,26.0,PAVED,TwoWay,PAVED,4,50,NO ACCESS,Y,1976.0,60.988262805251104
WYCLIFFE PL,04-At/near private drive,02-Thru lane,01-Clear,05-Dusk,MIDBLOCK,Friday,August,0,WYCLIFFE PL,2,ROAD,LOCAL,9.0,18.0,PAVED,TwoWay,PAVED,6,50,NO ACCESS,N,1986.0,153.369172323101
WYCLIFFE PL,04-At/near private drive,02-Thru lane,01-Clear,05-Dusk,MIDBLOCK,Friday,August,0,WYCLIFFE PL,1,BULB,LOCAL,9.0,40.0,PAVED,FromTo,PAVED,6,50,NO ACCESS,N,1986.0,73.9528118120907
WYCLIFFE PL,04-At/near private drive,02-Thru lane,03-Snow,"08-Dark, artificial",MIDBLOCK,Friday,February,0,WYCLIFFE PL,2,ROAD,LOCAL,9.0,18.0,PAVED,TwoWay,PAVED,6,50,NO ACCESS,N,1986.0,153.369172323101
WYCLIFFE PL,04-At/near private drive,02-Thru lane,03-Snow,"08-Dark, artificial",MIDBLOCK,Friday,February,0,WYCLIFFE PL,1,BULB,LOCAL,9.0,40.0,PAVED,FromTo,PAVED,6,50,NO ACCESS,N,1986.0,73.9528118120907
ROSEBANK CRES,04-At/near private drive,02-Thru lane,01-Clear,01-Daylight,MIDBLOCK,Sunday,August,1,ROSEBANK CRES,2,ROAD,LOCAL,10.0,20.0,PAVED,TwoWay,PAVED,6,50,NO ACCESS,N,1977.0,220.024867357206
ROSEBANK CRES,04-At/near private drive,02-Thru lane,01-Clear,01-Daylight,MIDBLOCK,Sunday,August,1,ROSEBANK CRES,2,ROAD,LOCAL,9.0,20.0,PAVED,TwoWay,PAVED,6,50,NO ACCESS,N,1977.0,87.9178031813358
HEARTH CRES,01-Non intersection,09-Right shoulder,01-Clear,07-Dark,MIDBLOCK,Wednesday,August,0,HEARTH CRES,2,ROAD,LOCAL,9.0,20.0,PAVED,TwoWay,PAVED,6,50,NO ACCESS,N,1957.0,115.57003057696001
HEARTH CRES,01-Non intersection,09-Right shoulder,01-Clear,07-Dark,MIDBLOCK,Wednesday,August,0,HEARTH CRES,2,ROAD,LOCAL,8.0,20.0,PAVED,TwoWay,PAVED,6,50,NO ACCESS,N,1957.0,406.637536925005
ELLEN ST W,01-Non intersection,02-Thru lane,01-Clear,01-Daylight,MIDBLOCK,Tuesday,April,0,ELLEN ST W,2,ROAD,LOCAL,7.0,20.0,PAVED,TwoWay,PAVED,6,50,NO ACCESS,N,2007.0,231.747543564011
ELLEN ST W,01-Non intersection,02-Thru lane,01-Clear,01-Daylight,MIDBLOCK,Tuesday,April,0,ELLEN ST W,2,ROAD,LOCAL,10.0,20.0,PAVED,TwoWay,PAVED,6,50,NO ACCESS,N,2007.0,58.1632518855842
MAYWOOD RD,01-Non intersection,02-Thru lane,03-Snow,07-Dark,MIDBLOCK,Friday,March,0,MAYWOOD RD,2,ROAD,LOCAL,9.0,20.0,PAVED,TwoWay,PAVED,6,50,NO ACCESS,N,1955.0,81.1812799748964
MAYWOOD RD,01-Non intersection,02-Thru lane,03-Snow,07-Dark,MIDBLOCK,Friday,March,0,MAYWOOD RD,2,ROAD,LOCAL,9.0,20.0,PAVED,TwoWay,PAVED,6,50,NO ACCESS,N,1955.0,234.21236220928398
MEINZINGER AVE,04-At/near private drive,02-Thru lane,01-Clear,01-Daylight,MIDBLOCK,Wednesday,May,0,MEINZINGER AVE,2,ROAD,LOCAL,9.0,20.0,PAVED,TwoWay,PAVED,6,50,NO ACCESS,N,1958.0,224.017375022386
HURST AVE,04-At/near private drive,02-Thru lane,01-Clear,"08-Dark, artificial",MIDBLOCK,Monday,November,0,HURST AVE,2,ROAD,LOCAL,11.0,20.0,PAVED,TwoWay,PAVED,6,50,NO ACCESS,N,1913.0,152.029193132342
KESTREL ST,04-At/near private drive,02-Thru lane,01-Clear,01-Daylight,MIDBLOCK,Wednesday,October,0,KESTREL ST,2,ROAD,LOCAL,9.0,18.0,PAVED,TwoWay,PAVED,6,50,NO ACCESS,N,2001.0,69.25108742321261
KESTREL ST,04-At/near private drive,02-Thru lane,01-Clear,01-Daylight,MIDBLOCK,Wednesday,October,0,KESTREL ST,2,ROAD,LOCAL,9.0,18.0,PAVED,TwoWay,PAVED,6,50,NO ACCESS,N,2001.0,205.76581155174802
KESTREL ST,04-At/near private drive,02-Thru lane,01-Clear,01-Daylight,MIDBLOCK,Wednesday,October,0,KESTREL ST,2,ROAD,LOCAL,9.0,18.0,PAVED,TwoWay,PAVED,6,50,NO ACCESS,N,2001.0,205.88121316572497
LITTLEFIELD CRES,04-At/near private drive,02-Thru lane,01-Clear,01-Daylight,MIDBLOCK,Thursday,June,0,LITTLEFIELD CRES,2,ROAD,LOCAL,9.0,20.0,PAVED,TwoWay,PAVED,6,50,NO ACCESS,N,1974.0,324.567093181887
LITTLEFIELD CRES,04-At/near private drive,11-Not on roadway - right side,03-Snow,01-Daylight,MIDBLOCK,Friday,December,0,LITTLEFIELD CRES,2,ROAD,LOCAL,9.0,20.0,PAVED,TwoWay,PAVED,6,50,NO ACCESS,N,1974.0,324.567093181887
OLD HURON RD,04-At/near private drive,10-Not on roadway - left side,01-Clear,07-Dark,MIDBLOCK,Friday,May,0,OLD HURON RD,2,ROAD,LOCAL,8.0,20.0,PAVED,TwoWay,PAVED,6,50,NO ACCESS,N,2002.0,78.0627078944149
OLD HURON RD,04-At/near private drive,10-Not on roadway - left side,01-Clear,07-Dark,MIDBLOCK,Friday,May,0,OLD HURON RD,2,ROAD,LOCAL,8.0,20.0,PAVED,TwoWay,PAVED,6,50,NO ACCESS,N,1960.0,94.94416400978201
OLD HURON RD,04-At/near private drive,10-Not on roadway - left side,01-Clear,07-Dark,MIDBLOCK,Friday,May,0,OLD HURON RD,2,ROAD,LOCAL,8.0,20.0,PAVED,TwoWay,PAVED,2,50,NO ACCESS,N,1840.0,117.658797835683
OLD HURON RD,04-At/near private drive,10-Not on roadway - left side,01-Clear,07-Dark,MIDBLOCK,Friday,May,0,OLD HURON RD,2,ROAD,MINOR,9.0,21.0,PAVED,TwoWay,PAVED,6,50,NO ACCESS,Y,1986.0,69.9127533962038