LOCATION,ACCIDENT_LOCATION,IMPACT_LOCATION,ENVIRONMENT_CONDITION,LIGHT,COLLISION_TYPE,DAY_OF_WEEK,MONTH,IS_WEEKEND,STREET,LANES,CATEGORY,SUBCATEGORY,PAVEMENT_WIDTH,ROW_WIDTH,SHOULDER,FLOW_DIRECTION,SURFACE_LAYER_TYPE,OFFICIAL_ROAD_CLASSIFICATION,SPEED_LIMIT_KM,TRUCK_ACCESS,BUS_ROUTE,SERVICE_YEAR,Shape__Length
OLD HURON RD,04-At/near private drive,10-Not on roadway - left side,01-Clear,07-Dark,MIDBLOCK,Friday,May,0,OLD HURON RD,2,ROAD,MINOR,9.0,21.0,PAVED,TwoWay,PAVED,5,50,NO ACCESS,Y,1995.0,127.591429494352
OLD HURON RD,04-At/near private drive,10-Not on roadway - left side,01-Clear,07-Dark,MIDBLOCK,Friday,May,0,OLD HURON RD,2,ROAD,MINOR,8.0,12.0,PAVED,TwoWay,PAVED,2,50,NO ACCESS,Y,1871.0,276.950888849313
OLD HURON RD,01-Non intersection,02-Thru lane,04-Freezing Rain,"08-Dark, artificial",MIDBLOCK,Tuesday,January,0,OLD HURON RD,2,ROAD,LOCAL,8.0,20.0,PAVED,TwoWay,PAVED,6,50,NO ACCESS,N,2002.0,78.0627078944149
OLD HURON RD,01-Non intersection,02-Thru lane,04-Freezing Rain,"08-Dark, artificial",MIDBLOCK,Tuesday,January,0,OLD HURON RD,2,ROAD,LOCAL,8.0,20.0,PAVED,TwoWay,PAVED,6,50,NO ACCESS,N,1960.0,94.94416400978201
OLD HURON RD,01-Non intersection,02-Thru lane,04-Freezing Rain,"08-Dark, artificial",MIDBLOCK,Tuesday,January,0,OLD HURON RD,2,ROAD,LOCAL,8.0,20.0,PAVED,TwoWay,PAVED,2,50,NO ACCESS,N,1840.0,117.658797835683
OLD HURON RD,01-Non intersection,02-Thru lane,04-Freezing Rain,"08-Dark, artificial",MIDBLOCK,Tuesday,January,0,OLD HURON RD,2,ROAD,MINOR,9.0,21.0,PAVED,TwoWay,PAVED,6,50,NO ACCESS,Y,1986.0,69.9127533962038
OLD HURON RD,01-Non intersection,02-Thru lane,04-Freezing Rain,"08-Dark, artificial",MIDBLOCK,Tuesday,January,0,OLD HURON RD,2,ROAD,MINOR,9.0,21.0,PAVED,TwoWay,PAVED,5,50,NO ACCESS,Y,1995.0,127.591429494352
OLD HURON RD,01-Non intersection,02-Thru lane,04-Freezing Rain,"08-Dark, artificial",MIDBLOCK,Tuesday,January,0,OLD HURON RD,2,ROAD,MINOR,8.0,12.0,PAVED,TwoWay,PAVED,2,50,NO ACCESS,Y,1871.0,276.950888849313
CENTENNIAL RD,01-Non intersection,02-Thru lane,01-Clear,01-Daylight,MIDBLOCK,Tuesday,May,0,CENTENNIAL RD,2,ROAD,LOCAL,8.0,20.0,PAVED,TwoWay,PAVED,6,50,NO ACCESS,Y,2000.0,841.6048666680548
CENTENNIAL RD,04-At/near private drive,02-Thru lane,01-Clear,01-Daylight,MIDBLOCK,Monday,September,0,CENTENNIAL RD,2,ROAD,LOCAL,8.0,20.0,PAVED,TwoWay,PAVED,6,50,NO ACCESS,Y,2000.0,841.6048666680548
ASKIN PL,04-At/near private drive,12-Off highway,01-Clear,01-Daylight,MIDBLOCK,Monday,June,0,ASKIN PL,2,ROAD,LOCAL,12.0,20.0,PAVED,TwoWay,PAVED,6,50,NO ACCESS,N,1965.0,184.495691648328
ASKIN PL,04-At/near private drive,12-Off highway,01-Clear,01-Daylight,MIDBLOCK,Monday,June,0,ASKIN PL,1,BULB,LOCAL,12.0,20.0,PAVED,FromTo,PAVED,6,50,NO ACCESS,N,1965.0,75.21052792148859
NORTH DR,04-At/near private drive,02-Thru lane,01-Clear,01-Daylight,MIDBLOCK,Monday,December,0,NORTH DR,2,ROAD,LOCAL,10.0,18.0,PAVED,TwoWay,PAVED,6,50,NO ACCESS,N,1913.0,95.0136038679081
NORTH DR,04-At/near private drive,02-Thru lane,01-Clear,01-Daylight,MIDBLOCK,Monday,December,0,NORTH DR,2,ROAD,LOCAL,9.0,18.0,PAVED,TwoWay,PAVED,6,50,NO ACCESS,N,1913.0,90.1905399809799
NORTH DR,04-At/near private drive,02-Thru lane,01-Clear,01-Daylight,MIDBLOCK,Monday,December,0,NORTH DR,2,ROAD,LOCAL,9.0,18.0,PAVED,TwoWay,PAVED,6,50,NO ACCESS,N,1913.0,259.277547000947
MAPLEWOOD PL,04-At/near private drive,09-Right shoulder,02-Rain,01-Daylight,MIDBLOCK,Thursday,October,0,MAPLEWOOD PL,2,ROAD,LOCAL,10.0,20.0,PAVED,TwoWay,PAVED,6,50,NO ACCESS,N,1953.0,342.621414934929
MAPLEWOOD PL,04-At/near private drive,09-Right shoulder,02-Rain,01-Daylight,MIDBLOCK,Thursday,October,0,MAPLEWOOD PL,1,BULB,LOCAL,10.0,37.0,PAVED,FromTo,PAVED,6,50,NO ACCESS,N,1954.0,65.2623850843524
MAPLEWOOD PL,04-At/near private drive,02-Thru lane,01-Clear,01-Daylight,MIDBLOCK,Wednesday,May,0,MAPLEWOOD PL,2,ROAD,LOCAL,10.0,20.0,PAVED,TwoWay,PAVED,6,50,NO ACCESS,N,1953.0,342.621414934929
MAPLEWOOD PL,04-At/near private drive,02-Thru lane,01-Clear,01-Daylight,MIDBLOCK,Wednesday,May,0,MAPLEWOOD PL,1,BULB,LOCAL,10.0,37.0,PAVED,FromTo,PAVED,6,50,NO ACCESS,N,1954.0,65.2623850843524
SASSAFRAS ST,04-At/near private drive,02-Thru lane,02-Rain,01-Daylight,MIDBLOCK,Saturday,December,1,SASSAFRAS ST,2,ROAD,LOCAL,8.0,16.0,PAVED,TwoWay,PAVED,6,50,NO ACCESS,N,2008.0,158.498459247799
MARLIS CRES,04-At/near private drive,02-Thru lane,01-Clear,01-Daylight,MIDBLOCK,Saturday,December,1,MARLIS CRES,2,ROAD,LOCAL,8.0,16.0,PAVED,TwoWay,PAVED,6,50,NO ACCESS,N,1991.0,260.24603365882
WELLINGTON ST S,04-At/near private drive,02-Thru lane,01-Clear,01-Daylight,MIDBLOCK,Thursday,March,0,WELLINGTON ST S,2,ROAD,MAJOR,7.0,20.0,PAVED,TwoWay,PAVED,5,50,NO ACCESS,N,1854.0,121.245897223731
GOUDIES LANE,01-Non intersection,02-Thru lane,02-Rain,01-Daylight,MIDBLOCK,Tuesday,February,0,GOUDIES LANE,1,ROAD,LANE,7.0,8.0,PAVED,FromTo,PAVED,8,50,NO ACCESS,N,1859.0,118.209873838505
SILVERSPRING CRES,04-At/near private drive,02-Thru lane,01-Clear,07-Dark,MIDBLOCK,Thursday,January,0,SILVERSPRING CRES,1,BULB,LOCAL,9.0,43.0,PAVED,FromTo,PAVED,6,50,NO ACCESS,N,1965.0,82.1536632566337
SILVERSPRING CRES,04-At/near private drive,02-Thru lane,01-Clear,07-Dark,MIDBLOCK,Thursday,January,0,SILVERSPRING CRES,2,ROAD,LOCAL,9.0,20.0,PAVED,TwoWay,PAVED,6,50,NO ACCESS,N,1966.0,241.691313108956
SILVERSPRING CRES,04-At/near private drive,02-Thru lane,01-Clear,07-Dark,MIDBLOCK,Thursday,January,0,SILVERSPRING CRES,2,ROAD,LOCAL,9.0,20.0,PAVED,TwoWay,PAVED,6,50,NO ACCESS,N,1965.0,172.342867562707
TUERR DR,01-Non intersection,11-Not on roadway - right side,03-Snow,01-Daylight,MIDBLOCK,Thursday,December,0,TUERR DR,2,ROAD,LOCAL,10.0,20.0,PAVED,TwoWay,PAVED,6,50,NO ACCESS,N,1976.0,90.37662639223021
TUERR DR,01-Non intersection,11-Not on roadway - right side,03-Snow,01-Daylight,MIDBLOCK,Thursday,December,0,TUERR DR,2,ROAD,LOCAL,10.0,20.0,PAVED,TwoWay,PAVED,6,50,NO ACCESS,N,1976.0,89.19300939455441
TUERR DR,01-Non intersection,11-Not on roadway - right side,03-Snow,01-Daylight,MIDBLOCK,Thursday,December,0,TUERR DR,2,ROAD,LOCAL,10.0,20.0,PAVED,TwoWay,PAVED,6,50,NO ACCESS,N,1976.0,192.63446136505002
TUERR DR,01-Non intersection,11-Not on roadway - right side,03-Snow,01-Daylight,MIDBLOCK,Thursday,December,0,TUERR DR,2,ROAD,LOCAL,10.0,20.0,PAVED,TwoWay,PAVED,6,50,NO ACCESS,N,1976.0,128.970310288398
UPLANDS DR,04-At/near private drive,02-Thru lane,01-Clear,05-Dusk,MIDBLOCK,Monday,January,0,UPLANDS DR,2,ROAD,LOCAL,9.0,20.0,PAVED,TwoWay,PAVED,6,50,NO ACCESS,N,1960.0,85.01412490602179
UPLANDS DR,04-At/near private drive,02-Thru lane,01-Clear,05-Dusk,MIDBLOCK,Monday,January,0,UPLANDS DR,2,ROAD,LOCAL,9.0,20.0,PAVED,TwoWay,PAVED,6,50,NO ACCESS,N,1960.0,564.526076950578
UPLANDS DR,04-At/near private drive,02-Thru lane,01-Clear,05-Dusk,MIDBLOCK,Monday,January,0,UPLANDS DR,2,ROAD,LOCAL,9.0,20.0,PAVED,TwoWay,PAVED,6,50,NO ACCESS,N,1960.0,227.67634139807492
WAVERLY RD,04-At/near private drive,02-Thru lane,01-Clear,01-Daylight,MIDBLOCK,Wednesday,January,0,WAVERLY RD,2,ROAD,MINOR,7.0,14.0,PAVED,TwoWay,PAVED,5,50,NO ACCESS,N,1854.0,121.594760265514
WAVERLY RD,04-At/near private drive,02-Thru lane,01-Clear,01-Daylight,MIDBLOCK,Wednesday,January,0,WAVERLY RD,2,ROAD,LOCAL,10.0,14.0,PAVED,TwoWay,PAVED,6,50,NO ACCESS,N,1863.0,35.644381631360204
CAMBRIDGE AVE,01-Non intersection,02-Thru lane,01-Clear,01-Daylight,MIDBLOCK,Friday,February,0,CAMBRIDGE AVE,2,ROAD,LOCAL,9.0,20.0,PAVED,TwoWay,PAVED,6,50,NO ACCESS,Y,1954.0,98.8163558595341
CAMBRIDGE AVE,01-Non intersection,02-Thru lane,01-Clear,01-Daylight,MIDBLOCK,Friday,February,0,CAMBRIDGE AVE,2,ROAD,LOCAL,9.0,20.0,PAVED,TwoWay,PAVED,6,50,NO ACCESS,N,1954.0,275.484137789376
HUBER ST,01-Non intersection,02-Thru lane,01-Clear,07-Dark,MIDBLOCK,Saturday,February,1,HUBER ST,2,ROAD,LOCAL,9.0,20.0,PAVED,TwoWay,PAVED,6,50,NO ACCESS,N,1924.0,93.05261563162372
HUBER ST,01-Non intersection,02-Thru lane,01-Clear,07-Dark,MIDBLOCK,Saturday,February,1,HUBER ST,2,ROAD,LOCAL,9.0,20.0,PAVED,TwoWay,PAVED,6,50,NO ACCESS,N,1924.0,179.35014424182998
OLIVER CRT,04-At/near private drive,02-Thru lane,01-Clear,07-Dark,MIDBLOCK,Monday,January,0,OLIVER CRT,1,BULB,LOCAL,8.0,40.0,PAVED,FromTo,PAVED,6,50,NO ACCESS,N,1992.0,74.59431672823659
OLIVER CRT,04-At/near private drive,02-Thru lane,01-Clear,07-Dark,MIDBLOCK,Monday,January,0,OLIVER CRT,2,ROAD,LOCAL,8.0,16.0,PAVED,TwoWay,PAVED,6,50,NO ACCESS,N,1992.0,179.168218272921
CYPRUS DR,01-Non intersection,11-Not on roadway - right side,03-Snow,01-Daylight,MIDBLOCK,Tuesday,March,0,CYPRUS DR,2,ROAD,LOCAL,9.0,20.0,PAVED,TwoWay,PAVED,6,50,NO ACCESS,N,1959.0,136.305396708094
CYPRUS DR,01-Non intersection,11-Not on roadway - right side,03-Snow,01-Daylight,MIDBLOCK,Tuesday,March,0,CYPRUS DR,2,ROAD,LOCAL,9.0,20.0,PAVED,TwoWay,PAVED,6,50,NO ACCESS,N,1959.0,279.082724471696
CYPRUS DR,01-Non intersection,11-Not on roadway - right side,03-Snow,01-Daylight,MIDBLOCK,Tuesday,March,0,CYPRUS DR,2,ROAD,LOCAL,9.0,20.0,PAVED,TwoWay,PAVED,6,50,NO ACCESS,N,1959.0,171.177261660716
EAGLECREST ST,04-At/near private drive,02-Thru lane,01-Clear,07-Dark,MIDBLOCK,Saturday,March,1,EAGLECREST ST,2,ROAD,LOCAL,9.0,18.0,PAVED,TwoWay,PAVED,6,50,NO ACCESS,N,2001.0,76.85949098673079
FOXGLOVE CRES,04-At/near private drive,09-Right shoulder,01-Clear,01-Daylight,MIDBLOCK,Thursday,January,0,FOXGLOVE CRES,2,ROAD,LOCAL,10.0,20.0,PAVED,TwoWay,PAVED,6,50,NO ACCESS,N,2005.0,67.00936860371779
FOXGLOVE CRES,04-At/near private drive,09-Right shoulder,01-Clear,01-Daylight,MIDBLOCK,Thursday,January,0,FOXGLOVE CRES,2,ROAD,LOCAL,10.0,20.0,PAVED,TwoWay,PAVED,6,50,NO ACCESS,N,2005.0,130.96825886288
FOXGLOVE CRES,04-At/near private drive,09-Right shoulder,01-Clear,01-Daylight,MIDBLOCK,Thursday,January,0,FOXGLOVE CRES,2,ROAD,LOCAL,10.0,20.0,PAVED,TwoWay,PAVED,6,50,NO ACCESS,N,2005.0,151.525485658676
FOXGLOVE CRES,04-At/near private drive,09-Right shoulder,01-Clear,01-Daylight,MIDBLOCK,Thursday,January,0,FOXGLOVE CRES,2,ROAD,LOCAL,9.0,20.0,PAVED,TwoWay,PAVED,6,50,NO ACCESS,N,2005.0,115.95249941893499
FOXGLOVE CRES,04-At/near private drive,09-Right shoulder,01-Clear,01-Daylight,MIDBLOCK,Thursday,January,0,FOXGLOVE CRES,2,ROAD,LOCAL,9.0,20.0,PAVED,TwoWay,PAVED,6,50,NO ACCESS,N,2005.0,83.94931826612341
NATCHEZ RD,04-At/near private drive,02-Thru lane,01-Clear,07-Dark,MIDBLOCK,Friday,January,0,NATCHEZ RD,2,ROAD,MINOR,9.0,23.0,PAVED,TwoWay,PAVED,4,50,NO ACCESS,Y,1948.0,130.935367912819
NATCHEZ RD,04-At/near private drive,02-Thru lane,01-Clear,07-Dark,MIDBLOCK,Friday,January,0,NATCHEZ RD,2,ROAD,MINOR,10.0,20.0,PAVED,TwoWay,PAVED,4,50,NO ACCESS,Y,1948.0,231.424335320482
NATCHEZ RD,04-At/near private drive,02-Thru lane,01-Clear,07-Dark,MIDBLOCK,Friday,January,0,NATCHEZ RD,2,ROAD,MINOR,11.0,20.0,PAVED,TwoWay,PAVED,4,50,NO ACCESS,Y,1953.0,113.294321105601
NATCHEZ RD,04-At/near private drive,02-Thru lane,01-Clear,07-Dark,MIDBLOCK,Friday,January,0,NATCHEZ RD,2,ROAD,MINOR,10.0,20.0,PAVED,TwoWay,PAVED,4,50,NO ACCESS,Y,1975.0,195.23810817876202
HARBER AVE,04-At/near private drive,02-Thru lane,01-Clear,01-Daylight,MIDBLOCK,Tuesday,January,0,HARBER AVE,2,ROAD,LOCAL,9.0,20.0,PAVED,TwoWay,PAVED,6,50,NO ACCESS,N,1953.0,164.97249582273
HARBER AVE,04-At/near private drive,02-Thru lane,01-Clear,01-Daylight,MIDBLOCK,Tuesday,January,0,HARBER AVE,2,ROAD,LOCAL,9.0,20.0,PAVED,TwoWay,PAVED,6,50,NO ACCESS,N,1953.0,86.9782720097753
HARBER AVE,04-At/near private drive,02-Thru lane,01-Clear,01-Daylight,MIDBLOCK,Tuesday,January,0,HARBER AVE,2,ROAD,LOCAL,9.0,20.0,PAVED,TwoWay,PAVED,6,50,NO ACCESS,N,1953.0,211.468600034681
HEARTHWOOD DR,01-Non intersection,02-Thru lane,01-Clear,05-Dusk,MIDBLOCK,Thursday,October,0,HEARTHWOOD DR,2,ROAD,LOCAL,10.0,20.0,PAVED,TwoWay,PAVED,6,50,NO ACCESS,N,2001.0,99.14224816796059
HEARTHWOOD DR,01-Non intersection,02-Thru lane,01-Clear,05-Dusk,MIDBLOCK,Thursday,October,0,HEARTHWOOD DR,2,ROAD,LOCAL,10.0,21.0,PAVED,TwoWay,PAVED,6,50,NO ACCESS,N,1999.0,50.4202482060762
HEARTHWOOD DR,01-Non intersection,02-Thru lane,01-Clear,05-Dusk,MIDBLOCK,Thursday,October,0,HEARTHWOOD DR,2,ROAD,LOCAL,9.0,20.0,PAVED,TwoWay,PAVED,6,50,NO ACCESS,N,1999.0,141.39204707404699
HEARTHWOOD DR,01-Non intersection,02-Thru lane,01-Clear,05-Dusk,MIDBLOCK,Thursday,October,0,HEARTHWOOD DR,2,ROAD,LOCAL,9.0,20.0,PAVED,TwoWay,PAVED,6,50,NO ACCESS,N,1999.0,76.4900370978136
PEBBLECREEK DR,01-Non intersection,02-Thru lane,01-Clear,01-Daylight,MIDBLOCK,Friday,October,0,PEBBLECREEK DR,2,ROAD,LOCAL,12.0,22.0,PAVED,TwoWay,PAVED,6,50,NO ACCESS,N,2007.0,146.08896834183702
PEBBLECREEK DR,01-Non intersection,02-Thru lane,01-Clear,01-Daylight,MIDBLOCK,Friday,October,0,PEBBLECREEK DR,2,ROAD,LOCAL,8.0,22.0,PAVED,TwoWay,PAVED,6,50,NO ACCESS,N,2006.0,95.23802444801301
PEBBLECREEK DR,01-Non intersection,02-Thru lane,01-Clear,01-Daylight,MIDBLOCK,Friday,October,0,PEBBLECREEK DR,2,ROAD,LOCAL,8.0,22.0,PAVED,TwoWay,PAVED,6,50,NO ACCESS,N,2007.0,84.4498603140258
PEBBLECREEK DR,01-Non intersection,02-Thru lane,01-Clear,01-Daylight,MIDBLOCK,Friday,October,0,PEBBLECREEK DR,2,ROAD,LOCAL,8.0,22.0,PAVED,TwoWay,PAVED,6,50,NO ACCESS,N,2006.0,76.45287126727841
PEBBLECREEK DR,01-Non intersection,02-Thru lane,01-Clear,01-Daylight,MIDBLOCK,Friday,October,0,PEBBLECREEK DR,2,ROAD,LOCAL,8.0,22.0,PAVED,TwoWay,PAVED,6,50,NO ACCESS,N,2007.0,79.4735158329628
PEBBLECREEK DR,01-Non intersection,02-Thru lane,01-Clear,01-Daylight,MIDBLOCK,Friday,October,0,PEBBLECREEK DR,2,ROAD,LOCAL,12.0,22.0,PAVED,TwoWay,PAVED,6,50,NO ACCESS,N,2004.0,116.38233770061599
PEBBLECREEK DR,01-Non intersection,02-Thru lane,01-Clear,01-Daylight,MIDBLOCK,Friday,October,0,PEBBLECREEK DR,2,ROAD,LOCAL,8.0,22.0,PAVED,TwoWay,PAVED,6,50,NO ACCESS,N,2007.0,91.45875416201572
RUSH MEADOW CRES,04-At/near private drive,09-Right shoulder,01-Clear,"08-Dark, artificial",MIDBLOCK,Saturday,September,1,RUSH MEADOW CRES,2,ROAD,LOCAL,8.0,18.0,PAVED,TwoWay,PAVED,6,50,NO ACCESS,N,2003.0,431.767900770461
LORNE CRES,01-Non intersection,11-Not on roadway - right side,03-Snow,07-Dark,MIDBLOCK,Tuesday,January,0,LORNE CRES,2,ROAD,LOCAL,7.0,20.0,PAVED,TwoWay,PAVED,6,50,NO ACCESS,N,1947.0,95.76524711246508
LORNE CRES,01-Non intersection,11-Not on roadway - right side,03-Snow,07-Dark,MIDBLOCK,Tuesday,January,0,LORNE CRES,2,ROAD,LOCAL,7.0,20.0,PAVED,TwoWay,PAVED,6,50,NO ACCESS,N,1947.0,272.589016584134
LORNE CRES,01-Non intersection,11-Not on roadway - right side,03-Snow,07-Dark,MIDBLOCK,Tuesday,January,0,LORNE CRES,2,ROAD,LOCAL,7.0,20.0,PAVED,TwoWay,PAVED,6,50,NO ACCESS,N,1947.0,94.75864386530421
LORNE CRES,01-Non intersection,11-Not on roadway - right side,03-Snow,07-Dark,MIDBLOCK,Tuesday,January,0,LORNE CRES,2,ROAD,LOCAL,7.0,20.0,PAVED,TwoWay,PAVED,6,50,NO ACCESS,N,1921.0,93.1025322125458
PRUETER AVE,01-Non intersection,02-Thru lane,01-Clear,01-Daylight,MIDBLOCK,Monday,January,0,PRUETER AVE,2,ROAD,LOCAL,8.0,20.0,PAVED,TwoWay,PAVED,6,50,NO ACCESS,N,1952.0,185.87341840751998
DUBRICK CRES,01-Non intersection,02-Thru lane,01-Clear,01-Daylight,MIDBLOCK,Tuesday,February,0,DUBRICK CRES,2,ROAD,LOCAL,9.0,18.0,PAVED,TwoWay,PAVED,6,50,NO ACCESS,N,2002.0,87.00062747264481
DUBRICK CRES,01-Non intersection,02-Thru lane,01-Clear,01-Daylight,MIDBLOCK,Tuesday,February,0,DUBRICK CRES,2,ROAD,LOCAL,9.0,18.0,PAVED,TwoWay,PAVED,6,50,NO ACCESS,N,2003.0,349.52668891931
RIVER VALLEY DR,04-At/near private drive,12-Off highway,01-Clear,07-Dark,MIDBLOCK,Wednesday,January,0,RIVER VALLEY DR,2,ROAD,LOCAL,10.0,20.0,PAVED,TwoWay,PAVED,6,50,NO ACCESS,N,2006.0,421.583155616797
RIVER VALLEY DR,04-At/near private drive,12-Off highway,01-Clear,07-Dark,MIDBLOCK,Wednesday,January,0,RIVER VALLEY DR,2,ROAD,LOCAL,9.0,18.0,PAVED,TwoWay,PAVED,6,50,NO ACCESS,N,2006.0,272.288001352512
FAIRFIELD AVE,04-At/near private drive,02-Thru lane,01-Clear,07-Dark,MIDBLOCK,Tuesday,December,0,FAIRFIELD AVE,2,ROAD,LOCAL,9.0,20.0,PAVED,TwoWay,PAVED,6,50,NO ACCESS,N,1952.0,90.8632807166201
FAIRFIELD AVE,04-At/near private drive,02-Thru lane,01-Clear,07-Dark,MIDBLOCK,Tuesday,December,0,FAIRFIELD AVE,2,ROAD,LOCAL,9.0,20.0,PAVED,TwoWay,PAVED,6,50,NO ACCESS,N,1951.0,81.3681554113396
FAIRFIELD AVE,04-At/near private drive,02-Thru lane,01-Clear,07-Dark,MIDBLOCK,Tuesday,December,0,FAIRFIELD AVE,2,ROAD,LOCAL,9.0,20.0,PAVED,TwoWay,PAVED,6,50,NO ACCESS,N,1952.0,103.64616329135299
FAIRFIELD AVE,04-At/near private drive,02-Thru lane,01-Clear,07-Dark,MIDBLOCK,Tuesday,December,0,FAIRFIELD AVE,2,ROAD,LOCAL,9.0,20.0,PAVED,TwoWay,PAVED,6,50,NO ACCESS,N,1930.0,82.650935367673
FAIRFIELD AVE,04-At/near private drive,02-Thru lane,01-Clear,07-Dark,MIDBLOCK,Tuesday,December,0,FAIRFIELD AVE,2,ROAD,LOCAL,8.0,20.0,PAVED,TwoWay,PAVED,6,50,NO ACCESS,N,1951.0,82.2711791254097
FAIRFIELD AVE,04-At/near private drive,02-Thru lane,01-Clear,07-Dark,MIDBLOCK,Tuesday,December,0,FAIRFIELD AVE,2,ROAD,LOCAL,9.0,20.0,PAVED,TwoWay,PAVED,6,50,NO ACCESS,N,1951.0,94.10050656880692
FAIRFIELD AVE,04-At/near private drive,02-Thru lane,01-Clear,07-Dark,MIDBLOCK,Tuesday,December,0,FAIRFIELD AVE,2,ROAD,LOCAL,9.0,20.0,PAVED,TwoWay,PAVED,6,50,NO ACCESS,N,1952.0,100.06204255959999
GEORGIAN CRES,01-Non intersection,02-Thru lane,01-Clear,07-Dark,MIDBLOCK,Saturday,February,1,GEORGIAN CRES,2,ROAD,LOCAL,9.0,20.0,PAVED,TwoWay,PAVED,6,50,NO ACCESS,N,1976.0,436.528586031505
WIMBLETON CRES,04-At/near private drive,02-Thru lane,01-Clear,01-Daylight,MIDBLOCK,Saturday,November,1,WIMBLETON CRES,2,ROAD,LOCAL,9.0,20.0,PAVED,TwoWay,PAVED,6,50,NO ACCESS,N,1976.0,527.0581140113
HUNTINGDALE DR,01-Non intersection,02-Thru lane,01-Clear,01-Daylight,MIDBLOCK,Friday,September,0,HUNTINGDALE DR,2,ROAD,LOCAL,9.0,20.0,PAVED,TwoWay,PAVED,6,50,NO ACCESS,N,1985.0,153.930710378756
HUNTINGDALE DR,01-Non intersection,02-Thru lane,01-Clear,01-Daylight,MIDBLOCK,Friday,September,0,HUNTINGDALE DR,2,ROAD,LOCAL,9.0,20.0,PAVED,TwoWay,PAVED,6,50,NO ACCESS,N,1985.0,122.82622845782801
VALEBROOK ST,01-Non intersection,02-Thru lane,01-Clear,01-Daylight,MIDBLOCK,Wednesday,August,0,VALEBROOK ST,2,ROAD,LOCAL,9.0,16.0,PAVED,TwoWay,PAVED,6,50,NO ACCESS,N,2007.0,212.33389696950402
VALEBROOK ST,01-Non intersection,02-Thru lane,01-Clear,01-Daylight,MIDBLOCK,Wednesday,August,0,VALEBROOK ST,2,ROAD,LOCAL,9.0,16.0,PAVED,TwoWay,PAVED,6,50,NO ACCESS,N,2007.0,85.2099905063692
VALEBROOK ST,01-Non intersection,02-Thru lane,01-Clear,01-Daylight,MIDBLOCK,Wednesday,August,0,VALEBROOK ST,2,ROAD,LOCAL,9.0,16.0,PAVED,TwoWay,PAVED,6,50,NO ACCESS,N,2007.0,142.920239715073
ORCHID CRES,01-Non intersection,02-Thru lane,01-Clear,"08-Dark, artificial",MIDBLOCK,Wednesday,January,0,ORCHID CRES,2,ROAD,LOCAL,9.0,18.0,PAVED,TwoWay,PAVED,6,50,NO ACCESS,N,1995.0,369.839722583887
CATALINA CRT,01-Non intersection,02-Thru lane,01-Clear,07-Dark,MIDBLOCK,Saturday,January,1,CATALINA CRT,1,BULB,LOCAL,8.0,16.0,PAVED,FromTo,PAVED,6,50,NO ACCESS,N,1988.0,124.29324720898
CATALINA CRT,01-Non intersection,02-Thru lane,01-Clear,07-Dark,MIDBLOCK,Saturday,January,1,CATALINA CRT,2,ROAD,LOCAL,8.0,16.0,PAVED,TwoWay,PAVED,6,50,NO ACCESS,N,1988.0,105.579948394182
CHAMPLAIN CRES,04-At/near private drive,02-Thru lane,01-Clear,01-Daylight,MIDBLOCK,Saturday,January,1,CHAMPLAIN CRES,2,ROAD,LOCAL,9.0,20.0,PAVED,TwoWay,PAVED,6,50,NO ACCESS,N,1966.0,70.96652161450359
CHAMPLAIN CRES,04-At/near private drive,02-Thru lane,01-Clear,01-Daylight,MIDBLOCK,Saturday,January,1,CHAMPLAIN CRES,2,ROAD,LOCAL,11.0,20.0,PAVED,TwoWay,PAVED,6,50,NO ACCESS,N,1968.0,482.115649701153
CHAMPLAIN CRES,04-At/near private drive,02-Thru lane,01-Clear,01-Daylight,MIDBLOCK,Saturday,January,1,CHAMPLAIN CRES,2,ROAD,LOCAL,9.0,20.0,PAVED,TwoWay,PAVED,6,50,NO ACCESS,N,1968.0,40.499214317229
LAYTON ST,04-At/near private drive,02-Thru lane,01-Clear,01-Daylight,MIDBLOCK,Wednesday,December,0,LAYTON ST,2,ROAD,LOCAL,9.0,20.0,PAVED,TwoWay,PAVED,6,50,NO ACCESS,N,1952.0,239.18378038667998
MCBRINE DR,01-Non intersection,02-Thru lane,01-Clear,01-Daylight,MIDBLOCK,Monday,July,0,MCBRINE DR,2,ROAD,LOCAL,10.0,20.0,PAVED,TwoWay,PAVED,6,50,NO ACCESS,N,1963.0,232.182053565345
MCBRINE DR,01-Non intersection,02-Thru lane,01-Clear,01-Daylight,MIDBLOCK,Monday,July,0,MCBRINE DR,2,ROAD,LOCAL,12.0,20.0,PAVED,TwoWay,PAVED,6,50,NO ACCESS,N,1963.0,353.62426803507105
MCBRINE DR,01-Non intersection,02-Thru lane,01-Clear,01-Daylight,MIDBLOCK,Monday,July,0,MCBRINE DR,2,ROAD,LOCAL,10.0,20.0,PAVED,TwoWay,PAVED,6,50,NO ACCESS,N,1963.0,223.360485848374
WINDING WAY,01-Non intersection,02-Thru lane,01-Clear,01-Daylight,MIDBLOCK,Tuesday,August,0,WINDING WAY,2,ROAD,LOCAL,8.0,20.0,PAVED,TwoWay,PAVED,6,50,NO ACCESS,N,1975.0,395.97734142720003
WINDING WAY,01-Non intersection,02-Thru lane,01-Clear,01-Daylight,MIDBLOCK,Tuesday,August,0,WINDING WAY,2,ROAD,LOCAL,9.0,20.0,PAVED,TwoWay,PAVED,6,50,NO ACCESS,N,1975.0,171.723970311127
WINDING WAY,01-Non intersection,02-Thru lane,01-Clear,01-Daylight,MIDBLOCK,Tuesday,August,0,WINDING WAY,2,ROAD,LOCAL,8.0,20.0,PAVED,TwoWay,PAVED,6,50,NO ACCESS,N,1975.0,236.828461701568